DATE: 2026-5-14
TIME: 23-54-58
NUM_CABLES: 4
num_coils: 1
NUM_MEASUREMENTS: 1858
---
,0,0,0.0,0.0,-0.0,-0.0,2100,2395,2512,1854,2102,2397,2513,1855,-7,-15,0,-12,5000,5000,5000,5000,-51.49,52.21,-183.29,1.6875144840475684,1.4912358812819662,66.51374871129438,0.08686255865261287,-0.0031360075548439743,0.9962153689644309
,1,0,0.0,0.0,-0.0,-0.0,2100,2395,2512,1854,2102,2397,2513,1855,-9,-16,0,-17,5000,5000,5000,5000,-51.49,52.2,-183.26,1.6964251997373267,1.521576477025917,66.513531005532,0.08673517739787595,-0.0025172124625258002,0.9962282231713663
,2,0,0.0,-0.31666666666666665,-0.0,0.31666666666666665,2100,2189,2512,2060,2101,2217,2512,2060,0,-90,21,0,5000,5000,5000,5000,-48.5,52.24,-167.05,1.070967956592881,17.69783144989296,63.408152076996544,0.06806716279847798,0.45127791424458413,0.8897837408402244
,3,0,-0.475,0.31666666666666665,0.475,-0.31666666666666665,1790,2601,2822,1648,1824,2602,2821,1667,-129,0,21,-63,5000,4900,4900,4900,-44.37,32.21,-195.47,22.113070309001156,-10.0095007243807,59.472688651269664,0.6380656959124781,-0.31290595756929146,0.7035353789379538
,4,0,0.47499999999999987,-0.7388888888888889,-0.47499999999999987,0.7388888888888889,2410,1913,2202,2336,2411,1964,2230,2336,0,-222,-105,0,5000,4900,5100,5000,-35.45,67.71000000000001,-151.17000000000002,-14.963962829220016,32.915675106692134,50.251555665636715,-0.35273088198862035,0.8204751992515888,0.44989040032500716
,5,0,-0.7124999999999999,-0.10555555555555562,0.7124999999999999,0.10555555555555562,1636,2326,2976,1923,1688,2327,2975,1924,-237,0,22,0,5000,5000,5100,5000,-38.08,20.45,-182.3,33.38917384281399,3.5311386044147355,53.08432613320515,0.8798692415206155,0.04306392493497563,0.47326062185135515
,6,0,0.23750000000000004,0.5277777777777775,-0.23750000000000004,-0.5277777777777775,2255,2739,2357,1510,2255,2740,2372,1544,0,0,-45,-137,5000,5000,5000,5000,-44.18,60.77,-206.95000000000002,-6.014009056603811,-22.513825520873155,59.37590154064443,-0.1347201509678616,-0.6709242530831463,0.7291852491294777
,7,0,-0.23750000000000004,-0.5277777777777778,0.23750000000000004,0.5277777777777778,1945,2051,2667,2198,1957,2089,2666,2199,-25,-154,20,0,5000,5000,4800,4900,-43.14,42.69,-159.21,10.331016222307554,25.8389530350087,57.98861838367967,0.3195749050887238,0.6525918255565336,0.687019496997228
,8,0,0.7124999999999999,0.10555555555555562,-0.7124999999999999,-0.10555555555555562,2564,2464,2048,1785,2565,2465,2100,1788,0,-8,-253,-19,5100,5100,5000,4700,-39.67,85.4,-181.89000000000001,-31.533078685919122,1.6081342133190333,54.69736075999852,-0.8082427636044974,-0.001732732922899568,0.5888468669506383
,9,0,-0.8312499999999999,0.7388888888888887,0.8312499999999999,-0.7388888888888887,1558,2877,3054,1372,1618,2878,3053,1417,-293,0,19,-193,5000,4900,5100,4900,-28.67,24.71,-210.58,30.15129498317835,-24.9505866780016,43.877721687086606,0.745878046820103,-0.6458127579167192,0.16306998799236047
,10,0,0.11874999999999991,-0.8796296296296295,-0.11874999999999991,0.8796296296296295,2177,1822,2435,2427,2177,1891,2436,2428,0,-348,-20,0,5100,4800,5100,4800,-31.64,50.93,-144.94,1.579704797232317,39.719876366018894,46.390557519036605,0.08582771372255049,0.9448942120301534,0.31592488289002324
,11,0,-0.35624999999999996,-0.24629629629629635,0.35624999999999996,0.24629629629629635,1868,2234,2744,2015,1892,2239,2743,2016,-73,-19,19,0,5000,5000,4900,5000,-45.94,35.34,-171.99,18.137886924113282,13.352841395850135,60.87664296455765,0.5372083109108498,0.3105865759848368,0.7841831479356893
,12,0,0.59375,0.38703703703703707,-0.59375,-0.38703703703703707,2487,2647,2125,1602,2488,2648,2165,1623,0,0,-169,-66,4900,5000,5100,5000,-41.59,79.33,-196.45000000000002,-24.94125545510522,-12.709245411368556,56.718599780075664,-0.6355370165590175,-0.4064533342284783,0.6564208921704248
,13,0,-0.59375,-0.6685185185185185,0.59375,0.6685185185185185,1713,1959,2899,2290,1753,2000,2898,2290,-160,-162,19,0,5000,4800,5100,5000,-34.42,29.38,-157.3,23.56216187779099,28.165820828156427,49.24990732788926,0.6393546992854442,0.6665092317505422,0.383394069454551
,14,0,0.35624999999999996,-0.03518518518518521,-0.35624999999999996,0.03518518518518521,2332,2372,2280,1877,2332,2373,2308,1877,0,0,-105,0,5000,5000,5000,5000,-48.43,69.87,-179.66,-16.09243140482095,4.459595178607884,63.4350367613246,-0.42959166195584025,0.06648264086342799,0.9005726302979918
,15,0,-0.11875000000000002,0.5981481481481479,0.11875000000000002,-0.5981481481481479,2023,2785,2589,1464,2027,2785,2588,1507,-10,0,17,-184,5000,4900,5000,5000,-42.78,52.78,-210.79,2.109179436498664,-26.072850711292716,58.00009326930486,0.08379886159870102,-0.7444290989322803,0.6624221218057517
,16,0,0.83125,-0.45740740740740743,-0.83125,0.45740740740740743,2642,2097,1970,2152,2641,2124,2026,2153,4,-93,-284,0,5000,5000,4800,4900,-33.53,87.02,-166.82,-33.696811348329675,16.56566838408952,48.45081511493581,-0.842537555648252,0.3574363239824933,0.4029512893888676
,17,0,-0.890625,0.17592592592592582,0.890625,-0.17592592592592582,1519,2510,3093,1739,1589,2510,3092,1741,-366,0,21,-18,4800,5100,5000,4700,-32.11,15.38,-186.99,38.62429033327938,-1.0152939899427054,47.14585781248293,0.9604010501644836,-0.07841852330471086,0.2673581082474698
,18,0,0.059374999999999956,0.8092592592592591,-0.059374999999999956,-0.8092592592592591,2139,2923,2473,1326,2140,2924,2474,1388,0,0,-19,-310,5000,4900,5100,5000,-35.4,51.7,-218.22,3.455587028620556,-33.51148693136935,50.6727760398381,0.1094795687510353,-0.9069466971103141,0.40677009799981517
,19,0,-0.415625,-0.8092592592592592,0.415625,0.8092592592592592,1829,1867,2783,2382,1848,1931,2782,2383,-53,-320,21,0,5000,5000,5100,4900,-33.160000000000004,37.5,-150.48,15.201122980826987,34.67916258481091,47.94460746790458,0.44781150523894575,0.8191591332960513,0.3583896902999463
,20,0,0.534375,-0.17592592592592593,-0.534375,0.17592592592592593,2448,2280,2164,1969,2448,2283,2204,1970,7,-15,-170,-1,5000,5000,4900,5000,-44.51,77.32000000000001,-176.05,-23.668430645813828,7.770315969853385,59.49240269982585,-0.6247127253624736,0.1568932447888376,0.7649304023960745
,21,0,-0.653125,0.45740740740740726,0.653125,-0.45740740740740726,1674,2693,2938,1556,1722,2694,2937,1582,-210,0,20,-90,5000,4900,4900,5000,-38.58,26.810000000000002,-200.89000000000001,27.70434488173104,-15.272245358714457,53.719283784050994,0.7412051309639124,-0.44811342773798696,0.49980927333702135
,22,0,0.296875,-0.5981481481481481,-0.296875,0.5981481481481481,2294,2005,2318,2244,2294,2047,2335,2244,0,-171,-56,0,5000,5000,5000,5000,-41.47,60.53,-155.54,-7.63005747173154,28.850704207227096,56.299658160957385,-0.17593244210761597,0.7375310424183984,0.6519936635300076
,23,0,-0.17812499999999998,0.0351851851851851,0.17812499999999998,-0.0351851851851851,1984,2418,2628,1831,1997,2419,2627,1836,-31,0,22,-20,5000,5000,5000,5000,-50.26,43.31,-183.31,10.58226179471307,1.7836797047392565,65.28036033388425,0.3393494309102877,-0.007731260782797681,0.9406286149950854
,24,0,0.7718749999999999,0.6685185185185183,-0.7718749999999999,-0.6685185185185183,2603,2831,2009,1418,2604,2832,2058,1458,0,0,-234,-156,5000,4700,4800,4800,-32.36,83.98,-206.96,-29.210214554234653,-23.445790953361524,47.56556323285969,-0.6894723227113307,-0.6434291413757245,0.3326061578557145
,25,0,-0.771875,-0.38703703703703707,0.771875,0.38703703703703707,1597,2143,3015,2106,1653,2163,3015,2106,-267,-61,20,0,5000,4700,5100,5000,-34.910000000000004,19.72,-172.52,33.76526263753468,13.308251812709244,49.84444734987413,0.8739373424532871,0.30022886796166753,0.38222525859516593
,26,0,0.1781250000000001,0.24629629629629624,-0.1781250000000001,-0.24629629629629624,2216,2556,2396,1693,2216,2556,2409,1709,0,0,-42,-50,5000,5000,5000,5000,-49.76,59.84,-194.1,-5.547603685641114,-9.599156478875926,64.86385102707526,-0.1391395370833394,-0.3267491909626022,0.9348128986195683
,27,0,-0.296875,0.8796296296296295,0.296875,-0.8796296296296295,1906,2968,2706,1281,1919,2969,2705,1344,-28,0,17,-314,4800,4900,5100,4800,-32.94,47.78,-220.1,7.44053497510221,-35.26628789903043,48.22466178030539,0.20676474049077068,-0.9238880263536201,0.3219926347763191
,28,0,0.653125,-0.9265432098765432,-0.653125,0.9265432098765432,2526,1791,2086,2458,2526,1860,2119,2459,0,-344,-131,0,4900,4900,4700,4700,-27.39,73.26,-147.47,-20.645039856979835,36.35537500206411,42.16762540650918,-0.49580300463579563,0.8501915088571024,0.17706998294855095
,29,0,-0.534375,-0.29320987654320985,0.534375,0.29320987654320985,1752,2204,2860,2045,1790,2213,2859,2046,-149,-26,21,-4,4900,5000,5000,4800,-42.34,28.48,-172.76,25.020693982501168,12.805262785332104,57.2794739857204,0.7049549613498128,0.2951228500487649,0.6449348849669848
,30,0,0.4156249999999999,0.34012345679012324,-0.4156249999999999,-0.34012345679012324,2371,2617,2241,1632,2372,2618,2267,1650,3,0,-101,-57,5000,4900,5000,4900,-45.84,71.53,-196.23000000000002,-17.15367059055795,-12.177573238323987,60.96380256414667,-0.43924529349115427,-0.40346895421857165,0.8026682846155325
,31,0,-0.059374999999999956,-0.7154320987654321,0.059374999999999956,0.7154320987654321,2061,1929,2551,2320,2062,1985,2552,2320,0,-263,5,0,4800,5000,4800,5000,-37.94,52.03,-150.33,0.675859130065021,34.33876508280744,52.72923280395517,0.052321161031852366,0.8499644061283251,0.5242356382612712
,32,0,0.890625,-0.08209876543209882,-0.890625,0.08209876543209882,2681,2341,1931,1908,2681,2342,2001,1908,0,-1,-378,0,5000,4900,5000,4600,-33.97,90.63,-178.61,-36.878868241557996,4.656501800741438,48.97623420321141,-0.9248257069842164,0.0543652387731619,0.37648616510342214
,33,0,-0.9203125,0.5512345679012345,0.9203125,-0.5512345679012345,1500,2754,3112,1495,1568,2754,3111,1524,-352,0,21,-107,4800,5000,5100,5000,-29.3,18.7,-202.14000000000001,35.85285022772969,-16.29490295238935,44.44517832463711,0.8809988827976167,-0.43691463685812437,0.18151189660318207
,34,0,0.029687499999999978,-0.504320987654321,-0.029687499999999978,0.504320987654321,2119,2066,2493,2183,2120,2103,2493,2184,0,-146,0,-3,5000,5000,5100,5000,-44.19,49.68,-158.55,3.3218996653842012,26.253724575726352,59.036687875876446,0.12353844793428946,0.6699049425086039,0.7320967285028194
,35,0,-0.4453125,0.12901234567901243,0.4453125,-0.12901234567901243,1810,2479,2802,1770,1842,2480,2801,1777,-118,-8,21,-26,4900,4900,5000,5000,-45.81,31.580000000000002,-186.14000000000001,22.406124482669718,-0.6528076557112854,60.845938107853975,0.6488681931134535,-0.06324346250702284,0.7582679819271054
,36,0,0.5046875,0.7623456790123457,-0.5046875,-0.7623456790123457,2429,2892,2183,1357,2430,2893,2212,1407,0,0,-109,-224,5000,4800,5000,4800,-35.18,71.35000000000001,-213.74,-16.343334938533566,-29.745264406285457,50.42873335895458,-0.3795444597941843,-0.8226973467189704,0.42321989407529764
,37,0,-0.6828125,-0.8561728395061728,0.6828125,0.8561728395061728,1655,1837,2957,2412,1698,1899,2956,2413,-168,-295,20,0,5000,5000,5000,4700,-27.400000000000002,27.580000000000002,-152.42000000000002,25.18385565439982,33.0574046553092,42.19460315607317,0.6566719897697741,0.7362024181056277,0.16367008714860506
,38,0,0.2671874999999999,-0.22283950617283954,-0.2671874999999999,0.22283950617283954,2274,2250,2338,1999,2274,2257,2357,2000,0,-22,-64,0,4900,5000,5000,5000,-48.660000000000004,63.300000000000004,-171.45000000000002,-9.822996953580493,12.902791898098144,63.603917836604325,-0.2582036842598226,0.3021751224270875,0.917617051291457
,39,0,-0.20781249999999996,0.4104938271604939,0.20781249999999996,-0.4104938271604939,1965,2663,2647,1586,1977,2664,2646,1613,-28,0,19,-99,5000,4900,5000,4900,-46.81,45.77,-201.81,8.791079096068238,-16.817189122005033,61.96321646749439,0.2638020298624492,-0.5266812746348569,0.8080936356570649
,40,0,0.7421875,-0.6450617283950617,-0.7421875,0.6450617283950617,2584,1974,2028,2275,2585,2016,2076,2275,0,-168,-228,0,5100,5000,4900,4900,-33.49,80.23,-158.61,-27.207558816412657,25.01487900494547,48.349615009090236,-0.697652041772348,0.6034390673288899,0.38619026480753416
,41,0,-0.8015625,-0.011728395061728403,0.8015625,0.011728395061728403,1577,2387,3035,1862,1642,2388,3035,1862,-325,0,23,0,4900,4900,5100,5000,-35.36,17.830000000000002,-183.16,36.038117513965425,2.746875061032455,50.369472891943644,0.924868010145705,0.016818847026090007,0.3799161620592584
,42,0,0.1484375,0.6216049382716047,-0.1484375,-0.6216049382716047,2197,2800,2415,1449,2197,2800,2422,1494,0,0,-26,-197,5000,5000,5000,4800,-42.27,55.370000000000005,-211.15,-0.4662126954483057,-26.529719000217426,57.49370731641843,0.01579768065463021,-0.7646721830167982,0.6442258034309537
,43,0,-0.3265625,-0.4339506172839507,0.3265625,0.4339506172839507,1887,2112,2725,2137,1905,2145,2725,2138,-48,-120,0,0,5000,5000,5100,5000,-44.44,37.65,-165.20000000000002,15.584111002521219,20.04417645736808,59.32923751129177,0.4636609523854193,0.5027135708920549,0.7295872715953896
,44,0,0.6234374999999999,0.19938271604938285,-0.6234374999999999,-0.19938271604938285,2506,2525,2106,1724,2506,2525,2148,1731,3,0,-179,-26,5000,5000,4900,4900,-42.31,81.77,-187.15,-27.715221132187253,-3.498465371666043,57.373310008030444,-0.7174002599445065,-0.13927886541150442,0.6825967072006999
,45,0,-0.5640624999999999,0.8327160493827159,0.5640624999999999,-0.8327160493827159,1732,2938,2880,1311,1765,2939,2879,1368,-113,0,18,-277,5000,4900,5100,4800,-32.24,36.32,-216.4,18.759426714335063,-31.160190309420955,47.49373607947842,0.48897365616413324,-0.8231270204295388,0.28873287276697257
,46,0,0.38593750000000004,-0.7858024691358024,-0.38593750000000004,0.7858024691358024,2352,1883,2260,2366,2352,1943,2276,2366,0,-288,-57,0,4800,5000,4800,5000,-35.19,63.79,-149.29,-11.114407564685287,34.9340220390917,49.97660125893197,-0.25725585123385264,0.8599904934279924,0.4407218830730143
,47,0,-0.08906250000000004,-0.15246913580246912,0.08906250000000004,0.15246913580246912,2042,2296,2570,1953,2051,2301,2569,1954,-20,-18,21,0,5000,5000,5000,5000,-50.17,48.38,-174.41,5.194330874439025,10.49403494357611,65.12899319206447,0.1876407367220015,0.2367265661163836,0.9532845780862975
,48,0,0.8609374999999999,0.4808641975308643,-0.8609374999999999,-0.4808641975308643,2661,2708,1951,1541,2661,2709,2011,1566,0,0,-308,-85,5100,5000,5100,4900,-33.1,88.99,-197.72,-34.55033735430163,-14.387579851682318,48.24172898001078,-0.8362681099614674,-0.4123352054615522,0.3614350932027135
,49,0,-0.8609374999999999,-0.5746913580246913,0.8609374999999999,0.5746913580246913,1539,2020,3073,2229,1600,2051,3073,2230,-297,-106,20,0,4800,5000,5000,4900,-29.45,18.57,-165.5,34.66036531009598,20.326056150962472,44.3341194580361,0.8630292025069194,0.46069491767089343,0.2072215926308824
,50,0,0.08906250000000004,0.05864197530864179,-0.08906250000000004,-0.05864197530864179,2158,2433,2454,1816,2159,2433,2461,1823,-1,0,-29,-22,5000,5000,5000,4900,-51.38,56.57,-184.96,-2.6093863473135173,-0.33577226540566585,66.41739271830221,-0.0596126607024975,-0.0650452021523918,0.9961001216549082
,51,0,-0.38593749999999993,0.6919753086419749,0.38593749999999993,-0.6919753086419749,1848,2846,2764,1403,1869,2847,2763,1449,-58,0,19,-204,5000,5000,4900,5000,-38.22,40.95,-212.81,14.003726494304033,-27.697062004833214,53.44986382854157,0.38091704003104027,-0.7740849466341503,0.5056626385332371
,52,0,0.5640624999999999,-0.36358024691358026,-0.5640624999999999,0.36358024691358026,2468,2158,2144,2091,2469,2180,2181,2091,0,-68,-149,0,4900,5000,5000,4800,-42.47,76.93,-168.85,-23.538840747985148,14.964965501606429,57.40100972536446,-0.617586337872866,0.359612387941849,0.6994755504744562
,53,0,-0.6234375,0.26975308641975304,0.6234375,-0.26975308641975304,1694,2571,2918,1678,1740,2572,2917,1690,-197,0,20,-35,5000,5000,5100,5000,-41.18,25.77,-192.67000000000002,28.447360110984004,-7.001729284719289,56.26024664070307,0.7763883812362322,-0.23193680632792302,0.5860259374394505
,54,0,0.3265625000000001,0.9030864197530861,-0.3265625000000001,-0.9030864197530861,2313,2984,2299,1265,2313,2985,2315,1333,0,0,-50,-351,5100,5000,4800,4900,-32.34,62.2,-220.03,-6.972681874429263,-35.7210381880183,47.62994989792247,-0.1329638789346076,-0.9416603713430696,0.30918659728502956
,55,0,-0.1484375,-0.9030864197530863,0.1484375,0.9030864197530863,2003,1806,2609,2443,2004,1881,2609,2444,-5,-389,0,0,5100,4600,5100,4800,-31.060000000000002,49.75,-144.76,2.7523564838663503,39.938203856318864,45.808817775840666,0.12449408688344347,0.9443461414743222,0.3044857753879755
,56,0,0.8015625,-0.26975308641975315,-0.8015625,0.26975308641975315,2623,2219,1989,2030,2623,2224,2047,2031,0,-17,-287,0,4800,4700,4800,4900,-36.43,87.76,-174.86,-34.14573279742969,8.525090440767912,51.408309978821165,-0.8580682497306608,0.19306082947269382,0.47586384074383703
,57,0,-0.7421875,0.36358024691358026,0.7421875,-0.36358024691358026,1616,2632,2996,1617,1671,2633,2995,1635,-258,0,21,-55,4900,5000,5000,5000,-37.13,22.150000000000002,-195.59,32.16981232355985,-9.81799522099817,52.22970130523738,0.8450366522119594,-0.2976446467288343,0.444207970090667
,58,0,0.20781249999999996,-0.6919753086419753,-0.20781249999999996,0.6919753086419753,2235,1944,2377,2305,2235,1995,2387,2305,0,-224,-33,0,4800,5000,5100,5000,-38.89,55.160000000000004,-151.53,-2.4086550288381474,33.03339116389748,53.68900951515185,-0.020495355869112043,0.8284185032162168,0.5597345119936783
,59,0,-0.2671875,-0.058641975308642014,0.2671875,0.058641975308642014,1926,2357,2686,1892,1946,2358,2685,1892,-55,0,21,0,5000,5000,5000,5000,-48.85,38.86,-179.9,14.906086212707976,5.34191559068654,63.84432419843781,0.46030976583715066,0.08931386919710164,0.8832541832586988
,60,0,0.6828125,0.5746913580246911,-0.6828125,-0.5746913580246911,2545,2770,2067,1479,2545,2770,2111,1513,0,0,-199,-125,5000,4800,4900,5000,-36.660000000000004,81.17,-204.15,-26.50285035570559,-20.505606244287947,51.84431222912637,-0.6468561325233131,-0.5938543982447525,0.47844968126475357
,61,0,-0.5046875,-0.4808641975308642,0.5046875,0.4808641975308642,1771,2082,2841,2167,1804,2111,2840,2168,-119,-105,20,0,5000,5000,4900,4900,-40.67,30.92,-164.6,22.28753202951616,20.859766057089303,55.55236577139001,0.6316259230923731,0.49837214710834077,0.5938635333680038
,62,0,0.4453125,0.15246913580246924,-0.4453125,-0.15246913580246924,2390,2494,2222,1755,2391,2494,2251,1761,0,0,-115,-22,4900,4900,5000,4800,-46.72,74.08,-186.66,-20.047286655251725,-2.6998045885509043,61.776629416265244,-0.5262184132093171,-0.13226619320263222,0.8399999022232992
,63,0,-0.029687499999999978,0.7858024691358023,0.029687499999999978,-0.7858024691358023,2081,2907,2531,1342,2082,2908,2531,1400,0,-1,17,-283,5100,4800,4900,5000,-36.51,57.52,-217.64000000000001,-2.3813958844833607,-33.13400752326041,51.78094559752619,-0.031795868358223636,-0.8932711790505494,0.44839226513510155
,64,0,0.9203124999999999,-0.832716049382716,-0.9203124999999999,0.832716049382716,2700,1852,1912,2397,2700,1911,1970,2398,0,-271,-279,0,5000,4900,4800,4900,-23.98,84.49,-154.92000000000002,-31.599322600543147,28.480799019423046,38.815276578048284,-0.7505796966994258,0.6545509083894923,0.09051644728494256
,65,0,-0.9351562499999999,-0.19938271604938274,0.9351562499999999,0.19938271604938274,1490,2265,3122,1984,1565,2268,3121,1985,-403,-16,23,0,5000,5000,4700,5000,-30.44,14.09,-181.71,39.72264390783279,4.2957758668759425,45.43777221706969,0.9747068125077806,0.05461303095566785,0.21671189746010072
,66,0,0.014843750000000044,0.4339506172839507,-0.014843750000000044,-0.4339506172839507,2110,2678,2502,1571,2111,2679,2503,1600,0,0,0,-108,4900,5000,5000,4900,-46.67,50.85,-203.74,3.7840270901254627,-18.930220322338755,61.83900150784506,0.12028242673524651,-0.5839998035551351,0.8027928545186753
,67,0,-0.46015625,-0.6216049382716049,0.46015625,0.6216049382716049,1800,1990,2812,2259,1826,2037,2812,2259,-84,-200,0,0,5000,4800,5100,5000,-38.47,33.53,-158.38,19.45442416197063,26.96566658573491,53.309158570720186,0.5532108562608408,0.6515185640510883,0.5191158918892346
,68,0,0.4898437499999999,0.011728395061728403,-0.4898437499999999,-0.011728395061728403,2419,2403,2193,1846,2420,2404,2229,1847,0,0,-150,0,4900,5000,5000,4900,-45.76,76.11,-180.22,-22.308535550830015,3.6557246522965556,60.77159135679748,-0.5899097831436059,0.04355997993178384,0.8062933559814358
,69,0,-0.69765625,0.6450617283950615,0.69765625,-0.6450617283950615,1645,2816,2967,1433,1692,2817,2966,1472,-205,0,18,-159,4900,5100,5000,5000,-34.21,27.84,-208.39000000000001,26.945083782029073,-22.835513768096575,49.40323309503888,0.6992483822427794,-0.6218641288527235,0.3526141023514215
,70,0,0.2523437500000001,-0.4104938271604939,-0.2523437500000001,0.4104938271604939,2265,2127,2347,2122,2265,2155,2361,2123,0,-95,-43,-2,5000,5000,5000,5000,-46.19,60.82,-163.65,-7.626485609939728,20.769396823184337,61.07742523422703,-0.18150210112952772,0.5353196257933635,0.8249181083756256
,71,0,-0.22265625,0.22283950617283943,0.22265625,-0.22283950617283943,1955,2540,2657,1709,1971,2540,2657,1723,-38,0,2,-42,5000,4900,5000,4900,-49.25,43.160000000000004,-192.76,11.07309192765009,-7.661714356648133,64.33764255760735,0.34529713713609544,-0.27018923083432017,0.8987589591357488
,72,0,0.72734375,0.8561728395061725,-0.72734375,-0.8561728395061725,2574,2953,2038,1296,2575,2954,2085,1352,0,-1,-211,-262,4900,5000,4800,4900,-28.92,79.94,-214.88,-24.887487364058416,-31.23916301907522,44.18045149398546,-0.5579152097162584,-0.8038661981953402,0.2062274331078025
,73,0,-0.81640625,-0.7623456790123456,0.81640625,0.7623456790123456,1568,1898,3044,2351,1624,1950,3044,2351,-258,-231,21,0,4800,5000,4900,5100,-26.97,21.84,-158.08,31.1243367050966,27.60532742069296,41.80263540983394,0.7826963795157209,0.606052797406762,0.14172644159937506
,74,0,0.13359374999999996,-0.12901234567901243,-0.13359374999999996,0.12901234567901243,2187,2311,2425,1938,2187,2316,2436,1939,-2,-21,-36,0,5000,5000,5000,4900,-50.54,57.370000000000005,-175.73,-3.7421170025458466,8.853115476765794,65.51198489612014,-0.08900925104275827,0.19315863473243033,0.977121842482866
,75,0,-0.34140625,0.5043209876543209,0.34140625,-0.5043209876543209,1877,2724,2735,1525,1896,2725,2734,1557,-51,0,19,-122,4800,4800,5000,5000,-43.660000000000004,40.57,-205.29,14.112842140248823,-20.129633289743822,58.83600497205522,0.407342069401199,-0.5973290883933913,0.6908475943759729
,76,0,0.60859375,-0.5512345679012345,-0.60859375,0.5512345679012345,2497,2036,2115,2213,2497,2072,2152,2214,0,-135,-148,0,4900,4700,5000,4900,-38.5,76.46000000000001,-160.85,-23.358452573888556,22.948193548912826,53.37393509837446,-0.6044497711666219,0.569031241435802,0.5575337840944246
,77,0,-0.57890625,0.0820987654320986,0.57890625,-0.0820987654320986,1723,2449,2889,1800,1766,2449,2888,1802,-176,0,21,-18,4900,5000,5000,5000,-42.51,25.89,-183.92000000000002,28.011820759940324,1.7475039765070903,57.52793067639279,0.7725129658783921,-0.0002818776144591433,0.6349989276327799
,78,0,0.37109375,0.7154320987654319,-0.37109375,-0.7154320987654319,2342,2861,2270,1388,2342,2862,2289,1434,0,0,-65,-203,5000,4800,4900,5000,-38.1,65.8,-213.56,-10.803030431008011,-29.344255681807084,53.345155476341624,-0.24355477885199867,-0.8203754985833265,0.5173636158665508
,79,0,-0.10390624999999998,-0.34012345679012346,0.10390624999999998,0.34012345679012346,2032,2173,2580,2076,2036,2199,2580,2076,-10,-85,0,0,5000,5000,5000,4900,-48.04,48.15,-167.13,5.161124777152104,17.762213871495703,62.94709667140901,0.18377935092243203,0.46102336486490336,0.8681489545136666
,80,0,0.8460937499999999,0.29320987654320985,-0.8460937499999999,-0.29320987654320985,2652,2586,1960,1663,2652,2587,2022,1674,0,0,-318,-35,4900,4800,4800,4700,-35.15,89.54,-189.53,-35.39528197862013,-6.208350425257265,50.233555923230895,-0.8809854222620765,-0.19329094847698236,0.43186027254029646
,81,0,-0.87578125,0.9265432098765432,0.87578125,-0.9265432098765432,1529,2999,3083,1250,1592,3000,3082,1313,-301,0,17,-317,5000,4700,5000,4700,-23.29,26.580000000000002,-216.07,28.479891362064937,-30.542736193960764,38.537714783861986,0.6695651917375582,-0.7427136096955013,-0.00767775921247236
,82,0,0.07421875,-0.9421810699588477,-0.07421875,0.9421810699588477,2148,1781,2464,2468,2149,1859,2465,2469,0,-412,-8,0,5000,5000,5100,4600,-29.5,50.79,-143.5,1.6673349069606829,41.1486890869742,44.24029819227965,0.09473710640366748,0.96395361305304,0.24863288710918735
,83,0,-0.40078125,-0.30884773662551446,0.40078125,0.30884773662551446,1839,2194,2773,2055,1866,2202,2772,2055,-84,-25,18,0,5000,5000,5000,4900,-44.61,34.01,-169.75,19.3859835904716,15.629838031855883,59.5301879779191,0.5667909671479124,0.3692051695238629,0.7365022351333291
,84,0,0.5492187499999999,0.32448559670781885,-0.5492187499999999,-0.32448559670781885,2458,2607,2154,1642,2459,2608,2193,1659,0,0,-163,-51,5000,5000,5000,4900,-43.54,77.57000000000001,-193.96,-23.271993371381114,-10.143502096309135,58.65010834517934,-0.5974309760581383,-0.34414644166862707,0.7243199952597212
,85,0,-0.6382812499999999,-0.7310699588477366,0.6382812499999999,0.7310699588477366,1684,1918,2928,2331,1728,1966,2928,2331,-176,-206,0,0,5100,5100,5000,5000,-31.970000000000002,28.34,-155.69,24.543025609374215,29.794788485875443,46.78808468802056,0.657849954941591,0.6866302392784911,0.30947108312685423
,86,0,0.31171875000000004,-0.09773662551440332,-0.31171875000000004,0.09773662551440332,2303,2331,2309,1918,2303,2333,2333,1918,0,-16,-86,0,5000,5000,5000,5000,-49.07,67.25,-178.11,-13.529990074279262,6.107667956699174,64.06293049886796,-0.35915133123095744,0.10935878225323513,0.9268500299504343
,87,0,-0.16328125000000004,0.5355967078189299,0.16328125000000004,-0.5355967078189299,1994,2744,2618,1505,2001,2745,2617,1541,-15,0,20,-140,5000,5000,4900,5000,-44.34,49.79,-207.8,4.989538243158208,-22.965836687578843,59.53755774087617,0.16064384044078328,-0.6755581651888399,0.7195934421429395
,88,0,0.7867187499999999,-0.5199588477366255,-0.7867187499999999,0.5199588477366255,2613,2056,1999,2193,2614,2086,2051,2194,0,-108,-247,0,5000,5000,4800,4800,-34.730000000000004,83.97,-163.66,-30.762678762560697,19.842164781843707,49.627053749156076,-0.7824232474108249,0.45352661378234876,0.4267639540802562
,89,0,-0.7570312499999999,0.11337448559670782,0.7570312499999999,-0.11337448559670782,1606,2469,3006,1780,1664,2469,3005,1781,-275,0,20,-17,5000,5000,5000,5000,-36.94,19.31,-185.01,34.62607830619096,0.8559841819014196,51.96320340835056,0.9003792656393964,-0.03046039079379564,0.4340384114330786
,90,0,0.1929687499999999,0.7467078189300409,-0.1929687499999999,-0.7467078189300409,2226,2882,2386,1367,2226,2883,2394,1419,0,0,-28,-241,4900,5000,5100,4800,-38.29,56.75,-216.0,-1.6708346072782163,-31.454630925908248,53.54890965700324,-0.010785381727709877,-0.865137695988127,0.5014184305760431
,91,0,-0.28203124999999996,-0.8718106995884773,0.28203124999999996,0.8718106995884773,1916,1827,2696,2422,1928,1894,2696,2423,-20,-329,0,0,4900,5000,4800,5000,-32.0,44.33,-146.70000000000002,8.23897844705688,38.20183208767526,46.76044402290033,0.26898879490616084,0.9059001185110476,0.3270932642177168
,92,0,0.66796875,-0.23847736625514404,-0.66796875,0.23847736625514404,2535,2240,2077,2009,2535,2245,2124,2010,0,-18,-210,0,4800,5000,5100,5000,-40.74,82.56,-174.58,-28.958610869327103,9.023315063709532,55.714124457882235,-0.75301383814157,0.190219853098541,0.6299099674195279
,93,0,-0.51953125,0.39485596707818926,0.51953125,-0.39485596707818926,1761,2652,2851,1597,1796,2653,2850,1618,-133,0,20,-68,5000,5000,5100,5000,-42.72,31.64,-198.95000000000002,22.808064351334945,-13.478343373400776,57.847292097360416,0.6355753475179707,-0.4172279194224948,0.649588208699778
,94,0,0.43046874999999996,-0.6606995884773662,-0.43046874999999996,0.6606995884773662,2381,1964,2231,2285,2382,2009,2254,2285,0,-187,-83,0,5100,4800,5000,5000,-38.56,66.81,-154.14000000000001,-13.956910743802695,30.002351308548555,53.38227292282028,-0.33516439481423,0.7576942730301033,0.5599680500405305
,95,0,-0.04453125000000002,-0.027366255144033014,0.04453125000000002,0.027366255144033014,2071,2377,2541,1872,2077,2378,2542,1873,-13,-1,-2,-17,5000,5000,5000,5000,-51.29,50.160000000000004,-180.68,3.641949344227463,4.1720276829721,66.29434111501648,0.14642190444950454,0.06054035804854334,0.9873679612711436
,96,0,0.90546875,0.6059670781893001,-0.90546875,-0.6059670781893001,2690,2790,1922,1459,2690,2790,1988,1495,1,0,-343,-140,5000,5000,4800,5000,-30.28,89.04,-202.49,-34.42854746565642,-19.176271187134574,45.45579959885477,-0.8127399374648419,-0.5202762101147597,0.26223359670009394
,97,0,-0.9054687499999999,-0.4495884773662552,0.9054687499999999,0.4495884773662552,1510,2102,3102,2147,1576,2124,3102,2148,-331,-73,21,0,4900,4900,4700,5000,-29.88,16.03,-171.61,37.41929573041954,14.314928984223002,44.80661614701954,0.9240771784828051,0.31692460988618815,0.2136355772237981
,98,0,0.04453125000000002,0.183744855967078,-0.04453125000000002,-0.183744855967078,2129,2515,2483,1734,2130,2515,2486,1745,-3,0,-23,-37,5000,5000,5000,4900,-50.76,53.04,-191.91,1.1690665386709753,-7.1580912706289155,65.84550358624543,0.044106934969345965,-0.2536957992756353,0.9662779205371024
,99,0,-0.43046874999999996,0.8170781893004113,0.43046874999999996,-0.8170781893004113,1819,2928,2793,1321,1843,2929,2792,1380,-71,0,17,-285,5000,5000,4900,4800,-34.28,40.94,-216.99,14.164022807351998,-31.901976545241297,49.53973610685677,0.37800184532851283,-0.8503109498746639,0.3661774070740635
,100,0,0.51953125,-0.8014403292181069,-0.51953125,0.8014403292181069,2439,1873,2173,2376,2440,1936,2203,2377,0,-306,-115,0,5000,4800,4900,4900,-33.72,68.79,-150.57,-16.065161720327247,33.46395084296489,48.51775789218134,-0.40595672795047066,0.8250015397317123,0.39315594167206863
,101,0,-0.66796875,-0.16810699588477374,0.66796875,0.16810699588477374,1665,2285,2947,1964,1716,2288,2946,1965,-224,-17,21,0,4800,5000,4800,4900,-39.660000000000004,22.55,-180.36,31.220748801705867,5.4053061477215465,54.65130694378028,0.8384911665453537,0.09511415090185156,0.5365499621877086
,102,0,0.28203124999999996,0.46522633744855946,-0.28203124999999996,-0.46522633744855946,2284,2698,2328,1551,2284,2699,2344,1581,0,0,-53,-108,5000,4900,4900,4900,-45.550000000000004,63.370000000000005,-203.41,-8.739885998789887,-19.060284222921638,60.7216903054221,-0.2125909724047517,-0.5843384097409551,0.7831690119976745
,103,0,-0.19296875000000002,-0.5903292181069959,0.19296875000000002,0.5903292181069959,1974,2010,2638,2239,1983,2054,2639,2239,-16,-178,-2,0,4900,5000,4800,5000,-41.95,45.62,-156.36,7.299892193080112,28.57279047723557,56.77951956269005,0.2361775435784092,0.7205307446302319,0.6519628930789484
,104,0,0.75703125,0.0430041152263374,-0.75703125,-0.0430041152263374,2594,2423,2018,1826,2595,2424,2076,1827,0,0,-294,0,4900,5000,5000,5000,-38.42,86.62,-179.94,-32.82284237293884,3.5038674067689612,53.433990152893244,-0.8383475970247397,0.04253359794434752,0.5434741940596196
,105,0,-0.7867187499999999,0.6763374485596705,0.7867187499999999,-0.6763374485596705,1587,2836,3025,1413,1645,2837,3025,1453,-268,0,19,-157,4800,5000,5100,4900,-31.57,25.400000000000002,-208.69,29.39394447812787,-23.06608199539332,46.76446073205193,0.7467803155451311,-0.6118627265086912,0.26065909580075014
,106,0,0.16328125000000004,-0.3792181069958849,-0.16328125000000004,0.3792181069958849,2206,2148,2406,2101,2206,2175,2415,2101,0,-90,-31,-16,5000,5000,5000,5000,-47.33,56.370000000000005,-164.83,-3.136633210642067,19.758929592596644,62.22402080740418,-0.055838616859858525,0.5118367623024489,0.857266106657043
,107,0,-0.31171874999999993,0.25411522633744865,0.31171874999999993,-0.25411522633744865,1897,2561,2715,1688,1919,2562,2714,1704,-62,0,6,-48,5000,5000,5000,4900,-47.910000000000004,39.18,-193.56,15.079181132989525,-8.327091745697572,63.00178245677169,0.4572122029408929,-0.28424952752695126,0.8427094443416668
,108,0,0.6382812499999999,0.8874485596707817,-0.6382812499999999,-0.8874485596707817,2516,2974,2096,1275,2516,2975,2134,1336,0,0,-149,-300,4700,5000,4900,4900,-29.900000000000002,76.19,-217.13,-21.05858298708668,-33.34531050712425,45.174953394733464,-0.46546509774043787,-0.8539177340014779,0.23273750523554518
,109,0,-0.54921875,-0.918724279835391,0.54921875,0.918724279835391,1742,1796,2870,2453,1772,1864,2870,2454,-101,-332,0,0,4900,5000,5100,5000,-27.830000000000002,33.730000000000004,-148.43,18.893915869741193,36.82581531260669,42.59863115428032,0.5211767582405321,0.8329909802298783,0.1857439461343388
,110,0,0.4007812500000001,-0.28539094650205765,-0.4007812500000001,0.28539094650205765,2361,2209,2251,2040,2361,2219,2279,2041,-1,-28,-108,0,5000,5000,5000,4900,-46.25,69.56,-169.57,-16.147116116090046,14.538402505862166,61.18309261405121,-0.42513030694922427,0.34509116141886315,0.8367653867266728
,111,0,-0.07421875,0.34794238683127543,0.07421875,-0.34794238683127543,2052,2622,2560,1627,2057,2623,2560,1650,-10,-1,0,-76,5000,4900,5000,4900,-48.58,52.35,-199.46,2.130802303165048,-14.693628603121965,63.71906491327677,0.08462952887159705,-0.47535547106286147,0.8757140052400535
,112,0,0.87578125,-0.7076131687242798,-0.87578125,0.7076131687242798,2671,1934,1941,2315,2671,1978,2002,2315,0,-175,-307,0,5100,4700,5000,4900,-29.080000000000002,84.7,-157.35,-31.720752796447982,26.08124454939201,43.9325407937085,-0.7691981105976151,0.597238440576257,0.2272454878564134
,113,0,-0.84609375,-0.07427983539094662,0.84609375,0.07427983539094662,1548,2347,3064,1902,1618,2348,3064,1902,-362,0,20,0,4800,5100,5000,4900,-34.02,16.65,-183.13,37.21607445341911,2.8098828211185207,49.02882100910386,0.9422783885144754,0.016895017152413948,0.3344039427608213
,114,0,0.10390625000000009,0.5590534979423867,-0.10390625000000009,-0.5590534979423867,2168,2759,2444,1490,2169,2759,2447,1529,0,0,-22,-154,5000,5000,4900,5000,-43.87,53.53,-208.79,1.2876392534033485,-24.093497093170413,59.076118818251466,0.05974311025286908,-0.71002317758575,0.701639400310692
,115,0,-0.37109375,-0.49650205761316873,0.37109375,0.49650205761316873,1858,2071,2754,2178,1879,2106,2754,2179,-55,-137,0,0,5000,5000,5000,5000,-42.61,36.39,-162.61,16.749549532841357,22.664843219077255,57.48033006198071,0.4933683173319724,0.561864383409562,0.6640000889373517
,116,0,0.57890625,0.13683127572016462,-0.57890625,-0.13683127572016462,2477,2484,2135,1765,2478,2484,2177,1770,0,0,-180,-22,5000,5000,4900,4900,-43.72,79.78,-184.32,-25.82845744168378,-0.5885033843554766,58.76231829044105,-0.6757333568349995,-0.06770294186709312,0.7340304776526954
,117,0,-0.60859375,0.7701646090534979,0.60859375,-0.7701646090534979,1703,2897,2909,1352,1743,2898,2908,1401,-150,0,18,-210,5100,4900,5100,4900,-33.28,33.68,-214.02,21.311955563246773,-28.679104274494705,48.51569917214243,0.5562769469345442,-0.7651036274353001,0.32430294108214225
,118,0,0.3414062499999999,-0.8483539094650205,-0.3414062499999999,0.8483539094650205,2323,1842,2289,2407,2323,1911,2303,2408,0,-338,-52,0,5000,5000,5100,4800,-33.31,60.45,-147.33,-7.847593255922675,36.999826546299374,48.08135034940462,-0.18236481375957753,0.9053542115005014,0.38350596660383207
,119,0,-0.13359374999999996,-0.21502057613168735,0.13359374999999996,0.21502057613168735,2013,2255,2599,1994,2022,2263,2599,1995,-21,-24,0,0,5000,5000,5000,5000,-49.22,46.410000000000004,-171.68,7.064379620860905,13.286508348471557,64.1587818908741,0.23657588391864953,0.3141781640519189,0.9194149946466369
,120,0,0.81640625,0.41831275720164607,-0.81640625,-0.41831275720164607,2632,2668,1980,1581,2632,2669,2036,1603,0,0,-273,-72,5100,5000,4800,4700,-35.26,87.92,-195.24,-33.57023477313602,-11.855234131667146,50.3835796014859,-0.8272379717390254,-0.35406509514219314,0.436251357035199
,121,0,-0.72734375,-0.6372427983539095,0.72734375,0.6372427983539095,1626,1980,2986,2269,1678,2019,2986,2269,-232,-153,0,0,4800,5000,4800,5000,-32.45,24.080000000000002,-160.82,28.98547206102639,24.82543000728836,47.30291071251586,0.7543787716114626,0.5771562260272192,0.3127352869440831
,122,0,0.22265625,-0.003909465020576208,-0.22265625,0.003909465020576208,2245,2392,2367,1857,2245,2393,2383,1858,0,0,-52,-17,5000,5000,5000,5000,-50.35,63.42,-180.58,-9.613154651619169,3.7866965960884045,65.35895990247718,-0.25297977508457925,0.05088890171146621,0.96613226479647
,123,0,-0.25234375,0.6294238683127569,0.25234375,-0.6294238683127569,1935,2805,2677,1444,1949,2805,2676,1489,-31,0,18,-196,4800,4900,5000,4800,-41.61,46.77,-211.04,8.124119525250848,-26.11412433257175,56.82949845601191,0.24058545357702463,-0.7452583768993523,0.6218589801462062
,124,0,0.6976562499999999,-0.4261316872427984,-0.6976562499999999,0.4261316872427984,2555,2117,2057,2132,2555,2143,2103,2133,0,-88,-213,0,5100,5000,5100,5000,-38.07,82.21000000000001,-167.08,-28.87991261414234,16.51182395588242,52.99062649451263,-0.7345788548266197,0.385245663048038,0.5585514167418159
,125,0,-0.48984374999999997,0.20720164609053504,0.48984374999999997,-0.20720164609053504,1781,2530,2831,1719,1817,2530,2830,1727,-137,0,11,-27,5000,5000,5100,5000,-44.97,31.04,-190.70000000000002,23.1102334843295,-5.196224001726449,60.038226265335844,0.6605382321029364,-0.1861189198871027,0.7273575404093817
,126,0,0.46015625000000004,0.8405349794238681,-0.46015625000000004,-0.8405349794238681,2400,2943,2212,1306,2401,2943,2236,1366,0,0,-83,-289,5000,5000,5100,4900,-33.5,69.14,-216.95000000000002,-14.019158642913126,-32.88531563702463,48.770757841882784,-0.3077479908666176,-0.8812365612984604,0.3587663545379148
,127,0,-0.014843750000000044,-0.7779835390946501,0.014843750000000044,0.7779835390946501,2090,1888,2522,2361,2091,1951,2523,2361,0,-303,0,0,4900,5000,4900,5000,-35.92,51.65,-148.5,0.9892740193261247,36.16683147765448,50.696096221425506,0.07083164603046822,0.8859000246060813,0.4584364997723881
,128,0,0.9351562499999999,-0.14465020576131693,-0.9351562499999999,0.14465020576131693,2710,2301,1902,1948,2710,2302,1979,1949,0,0,-425,0,5100,4800,5000,5000,-31.53,93.18,-180.39000000000001,-39.36331114279382,2.7682711925394017,46.54999665491818,-0.943251648570332,0.049282567467427436,0.32840151645991145
,129,0,-0.9425781249999999,0.4886831275720165,0.9425781249999999,-0.4886831275720165,1486,2714,3126,1535,1560,2715,3126,1557,-386,0,20,-73,4700,5000,4800,5000,-29.6,17.52,-199.52,36.93756245448906,-13.63194990638118,44.726034978242986,0.9088232553883798,-0.37158552493563746,0.18964305450918723
,130,0,0.007421875000000022,-0.5668724279835391,-0.007421875000000022,0.5668724279835391,2105,2025,2507,2224,2106,2069,2508,2225,0,-183,0,0,4900,5000,5000,5000,-42.65,49.370000000000005,-156.31,3.550630906552918,28.492411064799455,57.48064648087599,0.13015685432971053,0.7221535058507338,0.6793772937466257
,131,0,-0.46757812499999996,0.06646090534979399,0.46757812499999996,-0.06646090534979399,1795,2438,2817,1811,1830,2438,2817,1815,-128,-2,0,-19,5000,5000,5000,4900,-45.24,30.35,-182.98,23.521189984831448,2.5453784404426756,60.25295023255099,0.6753837753879448,0.026178097824517306,0.7370016710544258
,132,0,0.482421875,0.6997942386831273,-0.482421875,-0.6997942386831273,2414,2851,2198,1398,2415,2852,2226,1443,0,0,-104,-196,5000,5000,5100,5000,-37.550000000000004,71.18,-211.77,-16.244208887619322,-27.753556792536727,52.78457180998757,-0.38000684385040284,-0.7770357376012504,0.5018069958832144
,133,0,-0.705078125,-0.35576131687242807,0.705078125,0.35576131687242807,1640,2163,2972,2086,1687,2184,2972,2086,-195,-64,0,0,5000,4900,5000,5000,-37.43,21.82,-174.08,31.723294935347415,11.691493857141694,52.37633629221206,0.8469405094605937,0.25264191691843957,0.46782885252024187
,134,0,0.24492187499999996,0.27757201646090524,-0.24492187499999996,-0.27757201646090524,2260,2576,2352,1673,2260,2577,2369,1689,0,0,-51,-49,5000,4900,5000,4900,-48.910000000000004,63.02,-195.11,-8.689199992762191,-10.729303380420674,64.02234010972947,-0.21980792525740914,-0.3634782379180114,0.9052999760046668
,135,0,-0.23007812500000002,0.9109053497942383,0.23007812500000002,-0.9109053497942383,1950,2989,2662,1260,1958,2990,2661,1329,-14,0,18,-353,4800,4700,4700,4700,-32.22,51.45,-221.31,3.816494960743981,-36.61305636780037,47.51476836164486,0.11816926793764394,-0.9475906591362382,0.2968298617606232
,136,0,0.719921875,-0.8952674897119342,-0.719921875,0.8952674897119342,2569,1811,2043,2438,2570,1882,2086,2439,0,-354,-180,0,5000,4700,5000,4900,-27.92,76.14,-149.24,-23.459204306646,34.48641355665072,42.71137311068205,-0.561985172359084,0.8041047522409973,0.1938767997259458
,137,0,-0.8238281249999999,-0.26193415637860085,0.8238281249999999,0.26193415637860085,1563,2224,3049,2025,1630,2231,3049,2026,-337,-23,20,0,5100,4800,4900,5000,-34.56,17.84,-178.02,35.84249533218633,7.877328149807084,49.53288274983183,0.9199678418622891,0.15246539381536378,0.36112805710435786
,138,0,0.12617187500000004,0.37139917695473246,-0.12617187500000004,-0.37139917695473246,2182,2637,2430,1612,2182,2638,2437,1636,0,0,-27,-80,5000,5000,5000,4900,-48.1,55.76,-200.32,-1.2460051249009112,-15.679538523843405,63.246568117539965,-0.017711987385752952,-0.4993816160818996,0.8662010661632077
,139,0,-0.34882812499999993,-0.684156378600823,0.34882812499999993,0.684156378600823,1873,1949,2739,2300,1891,1998,2739,2300,-44,-212,0,0,5000,5000,4800,5000,-38.02,39.480000000000004,-154.06,13.352317873206275,31.064794669119777,52.83077818166991,0.39708926855352467,0.7603867145721073,0.513937892261179
,140,0,0.6011718749999999,-0.05082304526748982,-0.6011718749999999,0.05082304526748982,2492,2362,2120,1887,2493,2363,2165,1887,0,0,-196,0,4800,5000,5100,5000,-43.0,80.76,-179.57,-26.979360195353408,4.117776719416327,58.00889249022093,-0.7049337562058887,0.05807288912594491,0.7068917448308633
,141,0,-0.586328125,0.5825102880658433,0.586328125,-0.5825102880658433,1718,2775,2894,1474,1758,2775,2893,1510,-155,0,19,-138,5000,4900,5000,5000,-38.35,31.7,-206.85,23.032608166368743,-21.406333364972994,53.53370255167343,0.6245854408583225,-0.6045579111684766,0.4943710743069653
,142,0,0.3636718750000001,-0.473045267489712,-0.3636718750000001,0.473045267489712,2337,2087,2275,2162,2337,2118,2296,2163,0,-114,-78,0,5000,4900,5000,5000,-44.08,65.78,-161.69,-12.654296305085722,22.534010716179324,58.955502186040604,-0.3193794723568959,0.5788840773992936,0.7502599400011967
,143,0,-0.111328125,0.16028806584362143,0.111328125,-0.16028806584362143,2027,2499,2585,1750,2035,2499,2585,1760,-20,0,0,-31,5000,5000,5000,5000,-50.65,48.2,-190.31,5.948149652624792,-5.385281682239935,65.72217170375966,0.2038314180114306,-0.20785855237571063,0.9566857243816924
,144,0,0.838671875,0.7936213991769545,-0.838671875,-0.7936213991769545,2647,2912,1965,1337,2647,2913,2019,1390,0,0,-260,-238,4900,5100,5100,4900,-28.17,84.59,-209.75,-29.719718289957527,-26.285805757172056,43.39578843589268,-0.6817743690339249,-0.7084201510692313,0.182550265098249
,145,0,-0.883203125,-0.8248971193415637,0.883203125,0.8248971193415637,1524,1857,3088,2392,1587,1913,3089,2393,-302,-253,0,0,4800,4900,4900,4900,-23.69,20.81,-156.66,32.101945894921606,29.03814219428932,38.512191352182484,0.779802596623069,0.624615191108374,0.04199730153912293
,146,0,0.06679687500000009,-0.19156378600823054,-0.06679687500000009,0.19156378600823054,2144,2270,2468,1979,2145,2278,2473,1980,0,-24,-25,0,5000,5000,5000,5000,-49.97,53.06,-172.22,0.4383094248871089,12.512222949200606,64.91527107024392,0.02950317462210109,0.29610670174221804,0.9546991064574027
,147,0,-0.408203125,0.4417695473251029,0.408203125,-0.4417695473251029,1834,2683,2778,1566,1859,2684,2777,1596,-76,0,20,-108,5000,4900,5000,4900,-44.02,36.550000000000004,-201.53,17.99456732492187,-16.224527331168417,59.16760268461328,0.5113905902612662,-0.49557023512501014,0.702061112902841
,148,0,0.541796875,-0.6137860082304527,-0.541796875,0.6137860082304527,2453,1995,2159,2254,2454,2037,2194,2254,0,-168,-137,0,4900,4900,5100,5000,-38.64,72.15,-157.3,-19.179368391107843,26.65233855114886,53.48691826367735,-0.49013409095748184,0.6681495755552578,0.5597720228509206
,149,0,-0.645703125,0.019547325102880708,0.645703125,-0.019547325102880708,1679,2408,2933,1841,1730,2409,2933,1842,-226,0,0,0,4900,4800,5000,5000,-40.58,23.38,-182.5,30.46865854917363,3.2433623655175836,55.586859900397705,0.8236786136603533,0.03572761822921189,0.5659302772375994
,150,0,0.3042968749999999,0.6528806584362137,-0.3042968749999999,-0.6528806584362137,2298,2821,2314,1428,2298,2822,2330,1474,0,0,-53,-202,4800,4900,5100,4800,-40.76,62.97,-211.37,-8.053536369765297,-27.03462799905205,55.9883547450769,-0.17951382412102582,-0.7733702297022804,0.6080076272216386
,151,0,-0.17070312499999996,-0.40267489711934157,0.17070312499999996,0.40267489711934157,1989,2132,2623,2117,1997,2162,2623,2118,-17,-107,-7,0,5000,5000,5000,5000,-46.56,45.33,-164.71,7.891732589655028,20.27179330575541,61.44876692217535,0.25774936182224845,0.5212763058166903,0.8135332073580821
,152,0,0.779296875,0.23065843621399162,-0.779296875,-0.23065843621399162,2608,2545,2004,1704,2609,2545,2061,1713,0,0,-285,-28,5100,5000,5000,4600,-37.74,87.4,-187.12,-33.343288654842894,-3.704273340681567,52.80546598263745,-0.8429166517300306,-0.13238495170393394,0.5215033487894217
,153,0,-0.764453125,0.8639917695473249,0.764453125,-0.8639917695473249,1602,2958,3010,1291,1653,2959,3010,1346,-242,0,19,-251,4900,4900,4800,4800,-27.62,29.53,-215.82,25.52340904349149,-30.368485011490662,42.86700442829216,0.6322880484672593,-0.7636243018501517,0.13072776824122997
,154,0,0.185546875,-0.7545267489711934,-0.185546875,0.7545267489711934,2221,1903,2391,2346,2221,1963,2396,2346,0,-285,-25,0,5000,5000,5100,4900,-36.94,54.33,-149.58,-1.6498544102061885,34.9981163157199,51.72483622876388,-0.009607316174763573,0.8679886958975191,0.4964910102610539
,155,0,-0.289453125,-0.12119341563786012,0.289453125,0.12119341563786012,1911,2316,2701,1933,1932,2319,2701,1934,-55,-18,0,0,5000,5000,5000,5000,-48.39,38.300000000000004,-178.12,15.401411335651598,7.137639964961437,63.37143203925561,0.47100115663310393,0.14051154542484456,0.8708699191340807
,156,0,0.6605468749999999,0.5121399176954731,-0.6605468749999999,-0.5121399176954731,2531,2729,2081,1520,2531,2730,2124,1548,0,0,-181,-96,4800,5000,5100,5000,-38.21,80.96000000000001,-201.71,-26.38083090916028,-18.048622436571463,53.37680752219705,-0.6528004439076333,-0.5354461844631154,0.5358628219776854
,157,0,-0.5269531249999999,-0.5434156378600823,0.5269531249999999,0.5434156378600823,1756,2041,2856,2208,1790,2074,2856,2210,-125,-120,0,-16,4900,4900,4900,4700,-39.13,30.87,-161.97,22.242356678881094,23.47880505142487,53.993650295799696,0.6217415136560751,0.5675526015580051,0.539742100138013
,158,0,0.42304687500000004,0.08991769547325101,-0.42304687500000004,-0.08991769547325101,2376,2454,2236,1795,2377,2454,2264,1799,0,0,-109,-20,5000,4900,5000,5000,-47.29,73.11,-183.51,-19.19152794043208,0.4871366879914376,62.32378782283587,-0.5084801716700951,-0.04313991250059035,0.8599923621566601
,159,0,-0.051953125000000044,0.7232510288065841,0.051953125000000044,-0.7232510288065841,2066,2866,2546,1383,2067,2867,2547,1435,0,0,0,-238,5000,5000,5000,4800,-38.72,56.75,-215.54,-1.6873756226795393,-30.991875015502842,53.9756219279709,-0.01777439360081105,-0.8507537846423366,0.5252638088131181
,160,0,0.8980468749999999,-0.33230452674897126,-0.8980468749999999,0.33230452674897126,2685,2178,1927,2071,2685,2195,1993,2071,0,-48,-340,0,4800,4800,5000,4800,-34.08,89.72,-174.45000000000002,-36.11958937691766,8.847312664254332,49.05623365303931,-0.9084375159897153,0.1784965665614719,0.3779950466186057
,161,0,-0.912890625,0.30102880658436204,0.912890625,-0.30102880658436204,1505,2591,3107,1658,1575,2591,3107,1667,-361,0,21,-31,5100,4900,5000,4800,-31.59,15.98,-191.92000000000002,38.2025419725313,-5.967320240482252,46.66122977555802,0.9481480642709209,-0.19423792707708748,0.25156882935710023
,162,0,0.037109375,0.9343621399176953,-0.037109375,-0.9343621399176953,2124,3004,2488,1245,2125,3005,2488,1317,0,0,0,-373,5100,4900,5100,5000,-30.79,53.120000000000005,-221.9,2.1686731784486355,-37.27312842372902,46.08967599454189,0.08546350962099018,-0.9643905230183779,0.2502936428189933
,163,0,-0.437890625,-0.9343621399176955,0.437890625,0.9343621399176955,1815,1786,2797,2463,1837,1861,2797,2464,-60,-389,0,0,4800,4700,5100,4800,-28.88,38.33,-146.64000000000001,14.232457817863462,38.45607787936217,43.63769457583844,0.4122983675111777,0.8836221081551037,0.2218603752975004
,164,0,0.5121093749999999,-0.30102880658436215,-0.5121093749999999,0.30102880658436215,2434,2199,2178,2050,2435,2210,2214,2050,0,-28,-147,0,5000,5000,5000,5000,-44.12,74.79,-169.86,-21.363546089300215,14.044652424658267,59.057305890998805,-0.5631885147814476,0.3260569225462011,0.759279645504848
,165,0,-0.6753906249999999,0.33230452674897104,0.6753906249999999,-0.33230452674897104,1660,2612,2952,1637,1709,2613,2952,1653,-210,0,0,-50,5000,5000,5100,4900,-39.39,24.400000000000002,-194.75,29.891283698750676,-9.043646001419432,54.48456063390137,0.7997450306508566,-0.2912037373314729,0.5249840657709935
,166,0,0.27460937500000004,-0.7232510288065843,-0.27460937500000004,0.7232510288065843,2279,1924,2333,2325,2280,1977,2347,2325,-2,-236,-44,0,5000,4800,5100,5000,-37.910000000000004,57.76,-150.78,-5.034170246652721,33.68205795455577,52.70473250347215,-0.09425788469538468,0.8424599573023195,0.5304494994954045
,167,0,-0.20039062500000004,-0.08991769547325101,0.20039062500000004,0.08991769547325101,1969,2336,2643,1913,1983,2338,2643,1913,-32,-17,0,0,5000,5000,5000,5000,-49.65,42.15,-178.54,11.56925859680797,6.587964292326575,64.63593274747473,0.36643228959898827,0.12541779883177798,0.9219532270540814
,168,0,0.7496093749999999,0.5434156378600821,-0.7496093749999999,-0.5434156378600821,2589,2749,2023,1500,2590,2750,2075,1531,0,0,-250,-110,4900,4800,5000,5000,-35.65,84.15,-201.99,-29.55901240568859,-18.461822254979126,50.82014401575102,-0.720821241926704,-0.5295543027170933,0.4472012719805891
,169,0,-0.7941406249999999,-0.5121399176954733,0.7941406249999999,0.5121399176954733,1582,2061,3030,2188,1643,2088,3031,2189,-291,-93,0,0,4900,5000,5000,5000,-32.9,20.44,-167.02,32.846936941230055,18.764205822228348,47.79560773645414,0.8439638551833748,0.4297710335408113,0.32097020091167106
,170,0,0.1558593749999999,0.12119341563786001,-0.1558593749999999,-0.12119341563786001,2202,2474,2410,1775,2202,2474,2421,1782,0,0,-37,-27,5000,5000,5000,4900,-50.88,59.54,-187.95000000000002,-5.469606728719427,-3.434503237853079,65.93989326261118,-0.13874607467482497,-0.1512636810997416,0.9787077324423686
,171,0,-0.31914062499999996,0.7545267489711933,0.31914062499999996,-0.7545267489711933,1892,2887,2720,1362,1907,2888,2719,1415,-32,0,17,-241,5100,4900,5100,4900,-37.19,45.300000000000004,-215.53,9.754584603465602,-30.579561063107604,52.441006866148335,0.27246504738460736,-0.8398181191195973,0.4695405464410129
,172,0,0.630859375,-0.863991769547325,-0.630859375,0.863991769547325,2511,1832,2101,2417,2511,1895,2137,2418,0,-298,-138,0,4800,5000,5000,4900,-30.150000000000002,73.27,-148.45000000000002,-20.619268535702687,35.395365255325515,44.93454013688425,-0.4859583273949464,0.8334875805932438,0.2629504839933301
,173,0,-0.556640625,-0.23065843621399174,0.556640625,0.23065843621399174,1737,2245,2875,2004,1778,2252,2875,2005,-165,-22,0,0,4900,4900,5000,5000,-42.6,27.36,-176.34,26.269211809105418,9.2699620315924,57.56452102966062,0.7339084627525639,0.20151417324950008,0.6486681788709375
,174,0,0.39335937499999996,0.40267489711934146,-0.39335937499999996,-0.40267489711934146,2356,2658,2256,1591,2356,2659,2280,1614,0,0,-87,-79,5000,5000,5000,4900,-45.43,69.63,-199.44,-15.139110852931537,-15.319753253432822,60.575918797812996,-0.3817990926160571,-0.4884553959899601,0.7846277964779521
,175,0,-0.08164062500000002,-0.652880658436214,0.08164062500000002,0.652880658436214,2047,1969,2565,2280,2049,2022,2565,2280,-5,-237,0,0,5000,5000,5100,4700,-40.34,51.28,-153.08,1.524967196114929,31.634814200044985,55.1484610105899,0.08208392634717554,0.7940062374908244,0.6023423643253857
,176,0,0.868359375,-0.019547325102880708,-0.868359375,0.019547325102880708,2666,2382,1946,1867,2666,2383,2013,1867,0,-1,-349,0,4800,5000,5000,4700,-34.06,91.19,-180.3,-37.37749453775382,2.9480772007827625,49.07849466965876,-0.9125683418358271,0.05230306883083251,0.4055655439875109
,177,0,-0.853515625,0.6137860082304523,0.853515625,-0.6137860082304523,1544,2795,3068,1454,1605,2795,3068,1490,-289,0,18,-145,5100,5100,4800,4800,-30.810000000000002,21.89,-205.23000000000002,32.776669611884174,-19.48716827988258,45.9784281078038,0.8221316230040974,-0.5192254789854066,0.2334619806928395
,178,0,0.09648437499999996,-0.4417695473251029,-0.09648437499999996,0.4417695473251029,2163,2107,2449,2142,2164,2140,2452,2143,0,-124,-23,0,4900,5000,5000,4900,-46.07,52.42,-161.81,0.7016144091157486,22.910454288988234,60.9409591185297,0.05420739034518473,0.5913193600388255,0.8046135552395567
,179,0,-0.378515625,0.1915637860082302,0.378515625,-0.1915637860082302,1853,2520,2759,1729,1879,2520,2759,1739,-79,0,0,-32,5000,5000,4900,5000,-47.17,35.28,-189.84,18.84227102376595,-4.4741361269936135,62.23374113351238,0.559301320241251,-0.1703339372689127,0.811275774931597
,180,0,0.571484375,0.8248971193415635,-0.571484375,-0.8248971193415635,2473,2933,2139,1316,2474,2934,2173,1373,0,-1,-125,-270,4900,5000,4700,4700,-32.92,74.22,-215.67000000000002,-19.142129780921536,-31.793658404870854,48.183687823384794,-0.42859755471675653,-0.8384261298416577,0.3366686217774928
,181,0,-0.616015625,-0.7936213991769547,0.616015625,0.7936213991769547,1698,1878,2914,2371,1736,1939,2914,2372,-143,-288,0,0,4900,5000,4800,5000,-31.13,29.51,-154.01,23.313032846374263,31.425433599832644,45.936606963534885,0.630918388879883,0.7232358252641375,0.2808414635122715
,182,0,0.333984375,-0.16028806584362143,-0.333984375,0.16028806584362143,2318,2291,2294,1958,2318,2296,2319,1959,0,-19,-89,0,5000,5000,5000,5000,-48.5,67.73,-175.68,-14.097463048253424,8.514633698811707,63.47582715182787,-0.3736134624697828,0.18037110532523615,0.909878697973028
,183,0,-0.14101562499999998,0.4730452674897119,0.14101562499999998,-0.4730452674897119,2008,2703,2604,1546,2014,2704,2604,1580,-11,0,0,-127,5000,5000,4900,4900,-46.0,50.300000000000004,-204.91,4.375800990102974,-20.08435789728361,61.17713285818278,0.14213212354045252,-0.606477511227254,0.7822937350084541
,184,0,0.8089843749999999,-0.5825102880658437,-0.8089843749999999,0.5825102880658437,2627,2015,1985,2234,2627,2051,2039,2235,0,-133,-248,0,4800,5000,4800,4700,-33.7,83.95,-162.0,-30.802752171172926,21.494415642388304,48.585247041675345,-0.7763606454903367,0.507776674991756,0.3733992454038223
,185,0,-0.734765625,0.0508230452674896,0.734765625,-0.0508230452674896,1621,2428,2991,1821,1678,2429,2991,1822,-266,0,0,0,5000,4900,5100,5000,-37.79,20.2,-183.62,33.68661134730222,2.218986096069159,52.80363640099863,0.8850814962247864,0.006530512729153709,0.46539026358958946
,186,0,0.2152343750000001,0.6841563786008227,-0.2152343750000001,-0.6841563786008227,2240,2841,2372,1408,2240,2842,2382,1456,0,0,-33,-207,4800,4900,4900,4800,-40.14,58.15,-213.27,-3.1681900666098315,-28.763808927979085,55.37997590481359,-0.0531345840340168,-0.8152962796461999,0.5766009819403675
,187,0,-0.259765625,-0.37139917695473246,0.259765625,0.37139917695473246,1931,2153,2681,2096,1947,2180,2681,2096,-38,-89,-1,0,4900,5000,5000,4900,-46.480000000000004,40.97,-167.4,12.345968674629106,17.74039753982146,61.3861859703887,0.38074625321236827,0.453005815264327,0.8061129089658878
,188,0,0.690234375,0.26193415637860085,-0.690234375,-0.26193415637860085,2550,2566,2062,1683,2550,2567,2111,1695,0,0,-231,-35,5100,5000,4900,5000,-40.36,83.94,-189.68,-29.79277238893978,-6.1189786561758694,55.44225047987665,-0.7626677440116006,-0.20289773540532086,0.6141420203923907
,189,0,-0.497265625,0.8952674897119339,0.497265625,-0.8952674897119339,1776,2979,2836,1270,1807,2980,2835,1335,-103,0,16,-321,5000,4900,4900,4800,-31.53,40.62,-219.04,14.557410585157292,-33.95865636430395,46.8042810847199,0.38175681868217676,-0.8847123873397329,0.2674803227852339
,190,0,0.4527343749999999,-0.9109053497942387,-0.4527343749999999,0.9109053497942387,2395,1801,2217,2448,2396,1875,2237,2449,0,-378,-71,0,4900,5000,4900,5100,-31.11,65.1,-145.97,-12.543963414501981,38.17539261429425,45.87357958381668,-0.28861164503526626,0.9137791690654935,0.2858512699499743
,191,0,-0.022265624999999956,-0.27757201646090535,0.022265624999999956,0.27757201646090535,2085,2214,2527,2035,2088,2225,2528,2035,-7,-32,0,17,5000,5000,5000,5000,-48.69,52.870000000000005,-167.87,0.47100126147487487,16.85700492274023,63.604240618185145,0.05261273685689576,0.4189653757651579,0.9064766482543205
,192,0,0.927734375,0.3557613168724276,-0.927734375,-0.3557613168724276,2705,2627,1907,1622,2705,2628,1979,1639,0,0,-385,-51,5000,5000,4700,5000,-32.410000000000004,91.60000000000001,-191.17000000000002,-37.39513992513609,-7.941131502931228,47.5061326098063,-0.908585117292727,-0.24612310375058286,0.33748555885302955
,193,0,-0.927734375,-0.6997942386831275,0.927734375,0.6997942386831275,1495,1939,3117,2310,1566,1979,3117,2310,-364,-155,20,0,4900,5000,5000,4500,-25.39,18.26,-161.62,34.82954512348157,24.185656690725523,40.24645975299663,0.8392373223301062,0.5372247553794013,0.08408495118471393
,194,0,0.022265624999999956,-0.06646090534979421,-0.022265624999999956,0.06646090534979421,2115,2352,2497,1897,2116,2354,2501,1897,-1,-16,-23,0,5000,5000,5000,5000,-51.2,52.44,-178.39000000000001,1.2807706641081182,6.377549511136209,66.18894326854212,0.050108018072652555,0.12613453465286562,0.9907468221966377
,195,0,-0.45273437499999997,0.5668724279835389,0.45273437499999997,-0.5668724279835389,1805,2765,2807,1484,1831,2765,2806,1522,-83,0,19,-144,4800,4700,5000,4900,-40.800000000000004,36.26,-207.04,18.482786830995455,-21.7433003182625,55.986818751239355,0.5093587526272015,-0.6263687059944981,0.5900982166324845
,196,0,0.49726562500000004,-0.4886831275720165,-0.49726562500000004,0.4886831275720165,2424,2076,2188,2173,2425,2106,2219,2174,0,-108,-123,0,4900,5000,5000,4900,-41.79,72.21000000000001,-162.04,-19.06780174281384,21.93585150181997,56.6706272322392,-0.4908981221320374,0.5495519681432943,0.6760263811398716
,197,0,-0.690234375,0.14465020576131704,0.690234375,-0.14465020576131704,1650,2489,2962,1760,1703,2489,2962,1763,-240,0,0,-18,5000,5000,4900,4800,-39.480000000000004,22.14,-185.81,31.82715894929334,-0.027491534670360807,54.509970200149894,0.849792579025516,-0.04726111579352844,0.5249942471752549
,198,0,0.259765625,0.7779835390946501,-0.259765625,-0.7779835390946501,2269,2902,2343,1347,2269,2903,2355,1403,0,0,-36,-257,5000,5100,4900,5000,-37.01,59.47,-216.3,-4.37841759554847,-31.861724178822612,52.27216792702762,-0.07834896446775501,-0.8798232151867138,0.4687990505380138
,199,0,-0.21523437499999998,-0.8405349794238683,0.21523437499999998,0.8405349794238683,1960,1847,2652,2402,1967,1917,2652,2403,-10,-347,-1,0,5100,5000,4900,5000,-33.9,46.93,-147.45000000000002,5.668013173846823,37.37205802746746,48.66677887621288,0.20704337464304937,0.9002634828353915,0.38296044507169175
,200,0,0.7347656249999999,-0.20720164609053493,-0.7347656249999999,0.20720164609053493,2579,2260,2033,1989,2580,2263,2089,1990,0,-13,-276,0,5000,4900,5000,4800,-39.2,85.10000000000001,-176.55,-31.426074155293307,6.9519938995933614,54.189213454743616,-0.8095925722765209,0.13111735425235765,0.5721609094726309
,201,0,-0.808984375,0.4261316872427985,0.808984375,-0.4261316872427985,1573,2673,3039,1576,1636,2674,3039,1599,-308,0,19,-72,5100,4800,4700,5000,-34.86,20.97,-197.87,33.43100958051818,-12.070057679678087,49.97552825037992,0.8624934371287556,-0.34962653296916946,0.36587751824043957
,202,0,0.1410156250000001,-0.6294238683127572,-0.1410156250000001,0.6294238683127572,2192,1985,2420,2264,2192,2035,2425,2264,0,-218,-24,0,4900,5000,5000,4900,-41.22,52.620000000000005,-154.21,0.2267503015538921,30.463495308605587,56.037024429392105,0.04362227076471792,0.7709522286534415,0.6353973234344169
,203,0,-0.333984375,0.003909465020575986,0.333984375,-0.003909465020575986,1882,2398,2730,1851,1906,2399,2730,1853,-70,0,0,-16,5000,5000,5000,5000,-47.88,36.03,-180.89000000000001,17.7698351023918,4.44780220901265,62.88026841294283,0.5333315744012105,0.07300978554215344,0.842749668028303
,204,0,0.616015625,0.6372427983539091,-0.616015625,-0.6372427983539091,2502,2810,2110,1439,2502,2810,2148,1479,0,0,-149,-162,5000,5000,5000,4800,-36.81,78.10000000000001,-207.48000000000002,-23.314641840880995,-23.7214846903143,52.016800739999105,-0.5617854676568708,-0.6691056688431615,0.4865127873463302
,205,0,-0.571484375,-0.41831275720164607,0.571484375,0.41831275720164607,1727,2122,2885,2127,1765,2148,2885,2128,-143,-83,0,0,5000,5000,5000,5000,-40.35,27.63,-168.81,25.727291267005494,16.76907055896072,55.26104682298893,0.713274713560269,0.39674412598972236,0.5777830747678299
,206,0,0.3785156249999999,0.21502057613168724,-0.3785156249999999,-0.21502057613168724,2347,2535,2265,1714,2348,2535,2290,1724,-1,-1,-92,-29,5000,5000,5000,4900,-47.76,70.28,-190.56,-16.10885399780588,-6.452602633091573,62.84286346170554,-0.4221371039258679,-0.23879279043845011,0.8745160197067288
,207,0,-0.09648437499999996,0.8483539094650203,0.09648437499999996,-0.8483539094650203,2037,2948,2575,1301,2038,2949,2574,1368,-5,0,16,-338,5000,5100,5100,5000,-34.65,56.46,-219.44,-1.2573861605526915,-34.90780111796701,49.93339088280541,-0.006010589869714634,-0.9228431636253881,0.38512902793648646
,208,0,0.853515625,-0.7701646090534979,-0.853515625,0.7701646090534979,2656,1893,1956,2356,2656,1946,2011,2356,0,-236,-264,0,5100,5000,4800,4800,-29.03,83.11,-154.93,-30.219139255258554,28.556633390287146,43.86466694536934,-0.7317103264791841,0.6526074660992491,0.1967320342883763
,209,0,-0.8683593749999999,-0.13683127572016462,0.8683593749999999,0.13683127572016462,1534,2306,3078,1943,1601,2307,3078,1944,-334,0,21,0,5100,5000,4800,5000,-33.12,15.93,-183.20000000000002,37.93800320357183,2.7594953391761408,48.12905438304661,0.9529786044264397,0.016355402578969905,0.3025959026687492
,210,0,0.08164062499999991,0.4965020576131687,-0.08164062499999991,-0.4965020576131687,2153,2719,2459,1530,2154,2720,2461,1563,0,0,-19,-122,5000,5000,5000,4900,-45.37,52.92,-206.4,1.8111955507594075,-21.67239995854456,60.55881145943009,0.06877423047562449,-0.6470600326421014,0.7593309024263979
,211,0,-0.39335937499999996,-0.5590534979423869,0.39335937499999996,0.5590534979423869,1844,2031,2768,2218,1867,2072,2768,2219,-65,-163,0,0,4900,5000,5000,5000,-41.13,36.18,-160.25,16.874023426666653,25.020267436031986,55.98347235066038,0.49350330425805655,0.6178144131777944,0.6121763141090627
,212,0,0.556640625,0.07427983539094618,-0.556640625,-0.07427983539094618,2463,2443,2149,1806,2464,2443,2193,1808,0,0,-187,-15,5000,4800,4900,5000,-44.43,78.74,-181.56,-24.88864833703795,2.212226873890728,59.45222326025132,-0.6532105104279573,0.009106311653833861,0.757121591393688
,213,0,-0.630859375,0.7076131687242795,0.630859375,-0.7076131687242795,1689,2856,2923,1393,1732,2857,2923,1436,-171,0,4,-180,4900,4800,4900,4900,-34.57,31.98,-211.65,22.92549351225621,-26.240153094010594,49.78810336355396,0.6036620176804148,-0.707849257844945,0.3667991229247562
,214,0,0.31914062499999996,-0.34794238683127565,-0.31914062499999996,0.34794238683127565,2308,2168,2304,2081,2308,2192,2323,2082,0,-78,-64,0,5000,5000,5000,5000,-46.83,65.3,-167.54,-11.963076200479328,16.724910549944838,61.74691222858941,-0.3072348436731738,0.42428607036402693,0.851814581542352
,215,0,-0.15585937500000002,0.28539094650205743,0.15585937500000002,-0.28539094650205743,1998,2581,2614,1668,2007,2582,2614,1686,-20,0,0,-56,5000,5000,5000,4900,-49.19,47.27,-196.28,7.092806096850666,-11.328090935289765,64.30436360441851,0.23241950503896924,-0.37361284655107807,0.8979947742439492
,216,0,0.794140625,0.9187242798353907,-0.794140625,-0.9187242798353907,2618,2994,1994,1255,2619,2995,2042,1318,0,0,-211,-303,5000,4900,5000,4800,-24.69,81.76,-215.38,-26.688859793495567,-31.834682649782877,39.954849319158114,-0.5867603220753554,-0.8041237505637413,0.09537986274537769
,217,0,-0.7496093749999999,-0.8874485596707818,0.7496093749999999,0.8874485596707818,1611,1816,3001,2433,1658,1883,3001,2434,-187,-320,0,0,5000,5000,5100,4800,-25.29,25.66,-152.75,27.114213653074664,32.781870372023405,40.08623913255013,0.6862321261500425,0.7205679681829753,0.09933414452367652
,218,0,0.20039062500000004,-0.25411522633744854,-0.20039062500000004,0.25411522633744854,2231,2229,2381,2020,2231,2239,2395,2021,0,-29,-45,0,5000,5000,5000,5000,-48.83,59.410000000000004,-169.83,-5.99397670635571,14.663299418114804,63.76081658837606,-0.14825761441118301,0.356014668323468,0.9226446963526296
,219,0,-0.27460937499999993,0.37921810699588465,0.27460937499999993,-0.37921810699588465,1921,2642,2691,1607,1937,2643,2691,1632,-38,0,0,-82,4900,5000,5000,5000,-46.9,42.29,-199.66,12.191226132078675,-14.542408080154388,62.036505928854396,0.3592894720775883,-0.463283112616298,0.8101110003072178
,220,0,0.6753906249999999,-0.6763374485596707,-0.6753906249999999,0.6763374485596707,2540,1954,2072,2295,2540,1997,2115,2295,0,-175,-184,0,4900,4900,5000,4600,-34.46,77.54,-155.44,-24.633585458979027,28.2867354574293,49.295932349923454,-0.6103380301434227,0.6723806404470759,0.4187979982194593
,221,0,-0.512109375,-0.043004115226337514,0.512109375,0.043004115226337514,1766,2367,2846,1882,1805,2367,2846,1882,-150,0,0,0,5000,5000,5000,5000,-44.31,28.75,-181.99,25.08428325355755,3.5858189322392207,59.315281305747234,0.7079757252514166,0.047019797021924915,0.7046697887257175
,222,0,0.4378906250000001,0.5903292181069957,-0.4378906250000001,-0.5903292181069957,2385,2780,2227,1469,2386,2780,2251,1507,0,0,-83,-154,4800,4900,5000,5000,-41.1,70.21000000000001,-207.62,-15.424116674635314,-23.54603536116406,56.30453092434425,-0.3724879236823299,-0.6860607403691485,0.6249587244250311
,223,0,-0.037109375,-0.4652263374485596,0.037109375,0.4652263374485596,2076,2092,2536,2157,2078,2129,2537,2158,-1,-146,0,0,5000,5000,5000,4900,-45.64,52.01,-160.84,1.0762763090163432,23.891527418546758,60.503896222345254,0.07425239622171123,0.6160093957895686,0.78423147472816
,224,0,0.912890625,0.16810699588477362,-0.912890625,-0.16810699588477362,2695,2505,1917,1744,2695,2505,1990,1747,0,-2,-392,-17,5100,4900,5000,4600,-33.33,91.68,-183.15,-37.764416545731194,0.07711489764722046,48.36901118590635,-0.9297462646482741,-0.031902535260085185,0.3668161823264625
,225,0,-0.8980468749999999,0.8014403292181067,0.8980468749999999,-0.8014403292181067,1515,2917,3097,1332,1577,2918,3097,1382,-292,0,18,-224,4900,5000,4900,5000,-25.8,23.53,-211.62,31.367652065746377,-25.967768476515147,41.014730831973836,0.7555415428725347,-0.6510549335366155,0.07269422612162857
,226,0,0.051953125000000044,-0.8170781893004115,-0.051953125000000044,0.8170781893004115,2134,1862,2478,2387,2135,1932,2478,2388,0,-354,0,0,5100,5000,5000,5000,-34.58,50.33,-147.48,2.271408370910187,37.22422172937348,49.3483360943785,0.0968284944569887,0.9035684810975942,0.41735864987823
,227,0,-0.42304687499999993,-0.18374485596707824,0.42304687499999993,0.18374485596707824,1824,2275,2788,1974,1853,2279,2788,1974,-101,-18,0,16,5000,5000,5000,5000,-45.59,32.410000000000004,-176.48,21.227982275148975,8.969128911314215,60.55746343132975,0.6186088476802811,0.19358824373279335,0.7614766480070991
,228,0,0.5269531249999999,0.44958847736625507,-0.5269531249999999,-0.44958847736625507,2444,2688,2168,1561,2445,2689,2203,1587,0,0,-140,-88,5000,4900,4900,5000,-42.39,75.62,-200.28,-21.095324910774096,-16.397050952818745,57.544377314663464,-0.5310954377329172,-0.5019123788694067,0.6826577473060232
,229,0,-0.660546875,-0.6059670781893004,0.660546875,0.6059670781893004,1669,2000,2943,2249,1715,2040,2943,2249,-188,-154,0,0,4900,4700,4900,4800,-34.9,26.0,-161.42000000000002,27.08872847598731,24.17401913804099,49.757890885967264,0.72396614629105,0.5654390561866194,0.39516033804428186
,230,0,0.2894531250000001,0.027366255144032903,-0.2894531250000001,-0.027366255144032903,2289,2413,2323,1836,2289,2414,2344,1838,0,0,-69,-16,5000,5000,5000,4900,-49.63,66.54,-181.64000000000001,-12.692966862181443,2.609676284767346,64.64777783408033,-0.3359002672813152,0.01615483821671366,0.9417590093237933
,231,0,-0.185546875,0.6606995884773659,0.185546875,-0.6606995884773659,1979,2826,2633,1423,1987,2827,2633,1471,-14,0,2,-210,5000,5000,5100,5000,-40.97,50.56,-212.61,4.393162353275024,-27.82440929033558,56.202215470327644,0.1373656299462752,-0.7855498754610241,0.6033589950209015
,232,0,0.764453125,-0.39485596707818926,-0.764453125,0.39485596707818926,2598,2138,2014,2111,2599,2160,2066,2111,0,-65,-243,0,5000,5000,5000,4800,-36.93,84.64,-169.39000000000001,-31.225119037306158,14.107556186167528,51.86808325513998,-0.8047955312373882,0.3048425345180584,0.5092888984151689
,233,0,-0.779296875,0.23847736625514382,0.779296875,-0.23847736625514382,1592,2550,3020,1699,1652,2550,3020,1707,-286,0,21,-25,5000,5100,5000,4800,-36.6,19.75,-189.95000000000002,34.36461233947712,-4.098976857317808,51.65857798579015,0.893548297760371,-0.15307830133298173,0.4220645368075274
,234,0,0.17070312499999996,0.8718106995884771,-0.17070312499999996,-0.8718106995884771,2211,2963,2401,1286,2212,2964,2406,1351,-1,0,-21,-323,5000,5100,4600,5000,-33.85,55.18,-220.22,0.049817538986481225,-35.6467840561574,49.138455221902845,0.03452934102757634,-0.9366144276723125,0.34865618951090827
,235,0,-0.304296875,-0.7467078189300411,0.304296875,0.7467078189300411,1902,1908,2710,2341,1916,1966,2711,2341,-28,-268,-10,0,5100,5000,4700,4900,-36.6,42.230000000000004,-151.49,10.511149544251069,33.523677268133326,51.39360773568578,0.329712822982293,0.8170467220543269,0.4729948290851882
,236,0,0.645703125,-0.11337448559670782,-0.645703125,0.11337448559670782,2521,2321,2091,1928,2521,2322,2139,1928,0,0,-217,16,4800,4900,4900,5000,-41.88,82.49,-179.66,-28.705144737837372,3.957412085437994,56.89025452506313,-0.7454105702486057,0.05207540264083703,0.6645684571219452
,237,0,-0.541796875,0.5199588477366253,0.541796875,-0.5199588477366253,1747,2734,2865,1515,1784,2735,2865,1542,-137,0,0,-96,5000,4900,5000,5000,-40.35,32.730000000000004,-204.75,21.92777121144145,-19.33066148296564,55.51910466239834,0.6035444106928677,-0.559946254564552,0.5676216489181226
,238,0,0.408203125,-0.5355967078189301,-0.408203125,0.5355967078189301,2366,2046,2246,2203,2366,2082,2268,2204,0,-135,-80,0,5000,4900,5000,4900,-42.18,67.4,-159.39000000000001,-14.356524549359477,24.760434229996292,57.03981501389597,-0.3569631490676915,0.6335623060958167,0.6864226937552601
,239,0,-0.06679687499999998,0.09773662551440321,0.06679687499999998,-0.09773662551440321,2056,2459,2556,1790,2062,2459,2557,1796,-13,0,0,-23,5000,5000,5000,5000,-51.230000000000004,50.02,-187.46,4.026555307011691,-2.5987580922082714,66.28258356400599,0.15512861703160688,-0.130454399068359,0.9792429534806846
,240,0,0.8832031249999999,0.7310699588477363,-0.8832031249999999,-0.7310699588477363,2676,2872,1936,1377,2676,2873,1998,1421,0,-2,-312,-182,4700,4900,5100,4800,-29.12,87.15,-207.87,-32.345768097195034,-24.4926931096102,44.3333967992628,-0.7380263572313054,-0.6415158280023099,0.20922365653625183
,241,0,-0.838671875,-0.32448559670781896,0.838671875,0.32448559670781896,1553,2183,3059,2066,1620,2199,3060,2067,-337,-43,0,-17,5000,5000,5100,5000,-33.96,17.71,-176.48,35.91674276821453,9.416697478136626,48.921875884697265,0.9180357908657708,0.19421022627663512,0.3456771249287936
,242,0,0.111328125,0.30884773662551446,-0.111328125,-0.30884773662551446,2173,2596,2439,1653,2174,2597,2445,1671,0,0,-26,-63,5000,4900,5000,4900,-49.160000000000004,55.63,-197.64000000000001,-1.2126657177386164,-12.989099699460724,64.28739827476268,-0.016661946331435907,-0.4204907097951021,0.9071438378341441
,243,0,-0.363671875,0.9421810699588475,0.363671875,-0.9421810699588475,1863,3009,2749,1240,1879,3009,2748,1311,-36,-1,17,-371,5100,5000,5000,5000,-30.62,45.910000000000004,-221.35,9.354100456154264,-36.46450190904122,45.91287668303968,0.25207187478575405,-0.9365438341357532,0.2436091473740213
,244,0,0.5863281249999999,-0.9473936899862825,-0.5863281249999999,0.9473936899862825,2482,1777,2130,2472,2483,1852,2160,2473,0,-381,-110,0,4800,5000,4800,4900,-27.740000000000002,70.02,-146.34,-17.447885159708306,37.60403946915011,42.50827022204525,-0.41399248152861257,0.8858600243168205,0.20943314578925418
,245,0,-0.6011718749999999,-0.3140603566529493,0.6011718749999999,0.3140603566529493,1708,2190,2904,2059,1753,2201,2904,2059,-188,-30,0,0,5000,4900,5000,4900,-40.800000000000004,26.2,-172.95000000000002,27.305845945728798,12.686692212880246,55.739954085132766,0.7538036511975633,0.29136516443256044,0.5889706243917514
,246,0,0.34882812500000004,0.3192729766803839,-0.34882812500000004,-0.3192729766803839,2327,2603,2285,1646,2327,2604,2308,1663,0,0,-77,-56,5000,5000,5000,5000,-47.28,68.06,-195.78,-13.701967247033686,-11.592372436602318,62.39917152367162,-0.3493488776100701,-0.38952834717231205,0.8521872027094697
,247,0,-0.12617187500000004,-0.7362825788751715,0.12617187500000004,0.7362825788751715,2018,1915,2594,2334,2020,1972,2594,2334,-6,-262,-10,0,5000,5000,4700,4900,-37.57,50.31,-150.05,2.3845797561648183,34.67801165569125,52.35655924072896,0.1126459786870468,0.8556637652545547,0.5051241474291599
,248,0,0.8238281249999999,-0.10294924554183815,-0.8238281249999999,0.10294924554183815,2637,2328,1975,1921,2637,2329,2037,1922,0,0,-316,0,5000,4800,4800,5000,-36.08,89.08,-179.56,-35.2952889801243,3.7781360918485234,51.092327396858174,-0.8858626188761505,0.05929894911218122,0.46014242915871023
,249,0,-0.7199218749999999,0.5303840877914949,0.7199218749999999,-0.5303840877914949,1631,2741,2981,1508,1681,2742,2981,1536,-220,0,0,-105,4900,4800,5000,5000,-36.08,25.61,-203.23000000000002,28.98766178219124,-17.5851860418924,51.235535985039675,0.7661930410780824,-0.49354581966476657,0.41153462514708705
,250,0,0.2300781249999999,-0.5251714677640603,-0.2300781249999999,0.5251714677640603,2250,2053,2362,2196,2250,2090,2374,2197,0,-145,-36,0,4900,5000,4900,5000,-43.87,58.17,-158.56,-5.16225348070931,25.935041570448362,58.72016530831044,-0.1049062569128095,0.6701227333038454,0.7347994281230267
,251,0,-0.24492187499999996,0.10816186556927287,0.24492187499999996,-0.10816186556927287,1940,2466,2672,1783,1959,2466,2672,1789,-52,0,0,-24,5000,5000,5000,5000,-49.63,41.27,-186.55,12.73778164993994,-1.384996667311583,64.67263983650942,0.3986626888163167,-0.0865789970170781,0.9130017184109027
,252,0,0.705078125,0.7414951989026062,-0.705078125,-0.7414951989026062,2560,2878,2052,1371,2561,2879,2097,1417,0,0,-200,-194,5000,5000,5100,4800,-32.83,80.42,-210.93,-25.509180507831687,-27.28126925077933,48.062406485206985,-0.5970634755955662,-0.7267668241067046,0.3395956264258957
,253,0,-0.482421875,-0.8770233196159122,0.482421875,0.8770233196159122,1786,1823,2826,2426,1813,1891,2826,2427,-86,-328,-1,0,5100,4800,5100,4900,-30.52,36.44,-148.93,16.20411207124189,36.24753734799859,45.29320906579585,0.4672171338580314,0.8404958041273375,0.2743628128479268
,254,0,0.46757812499999996,-0.24368998628257887,-0.46757812499999996,0.24368998628257887,2405,2236,2207,2013,2406,2244,2239,2014,0,-24,-129,0,5000,4800,5000,5000,-45.53,73.58,-172.58,-20.05596195916071,11.380220881820406,60.48616148067119,-0.5287543852862628,0.2587850759749666,0.8083619761549755
,255,0,-0.007421875000000022,0.3896433470507543,0.007421875000000022,-0.3896433470507543,2095,2649,2517,1600,2096,2650,2518,1627,-1,0,0,-90,5000,4900,5000,4900,-47.78,55.95,-201.44,-1.3955036839966724,-16.807920172483335,62.93463056635228,-0.008201788977396549,-0.5255430530318832,0.8507274710901827
,256,0,0.942578125,-0.665912208504801,-0.942578125,0.665912208504801,2714,1961,1898,2288,2714,2002,1962,2288,0,-160,-326,0,4800,4700,5000,5000,-27.29,87.86,-159.74,-34.79268907921542,23.566048360988844,42.16087615036902,-0.8321283080021956,0.5202101091236999,0.19220801592782466
,257,0,-0.9462890625,-0.032578875171467736,0.9462890625,0.032578875171467736,1483,2374,3129,1875,1561,2375,3129,1875,-422,0,21,0,5000,4800,5000,4800,-30.26,13.91,-184.01,39.98551318595713,2.0025450800510214,45.2740886779561,0.9773414132613086,0.003702452355785718,0.21163660782327032
,258,0,0.0037109374999999556,0.6007544581618651,-0.0037109374999999556,-0.6007544581618651,2102,2787,2510,1462,2103,2787,2511,1505,0,0,0,-182,4900,5000,5000,4900,-42.43,51.33,-210.87,3.5610720643820244,-26.10296217597164,57.65009170246146,0.11831398613674948,-0.7501044828013157,0.6506497257094657
,259,0,-0.47128906249999997,-0.45480109739368996,0.47128906249999997,0.45480109739368996,1793,2099,2819,2150,1821,2131,2819,2151,-91,-116,0,0,5000,4900,4900,4900,-41.89,31.68,-166.16,21.584505503040635,19.282095956598482,56.78375147745009,0.6170928660476742,0.4670897641376644,0.6332641999283464
,260,0,0.47871093750000004,0.1785322359396433,-0.47871093750000004,-0.1785322359396433,2412,2511,2200,1738,2413,2511,2233,1744,0,-4,-132,-23,5000,5000,4900,5000,-46.1,75.23,-187.76,-21.156924437865598,-3.8449864936547726,61.164941264002614,-0.5555294027094746,-0.1578219931731748,0.8163818354153289
,261,0,-0.7087890625,0.8118655692729764,0.7087890625,-0.8118655692729764,1638,2924,2974,1325,1683,2925,2973,1379,-184,0,19,-242,4900,5000,4900,5000,-30.04,29.94,-214.55,25.068184742899415,-29.096879293227744,45.278060158347245,0.6281801840061209,-0.7469459353813861,0.21785643446834846
,262,0,0.2412109375,-0.8066529492455419,-0.2412109375,0.8066529492455419,2257,1869,2355,2380,2257,1936,2363,2381,0,-330,-28,0,5000,5000,5000,4800,-35.35,56.45,-148.09,-3.82247782795735,36.399254269476955,50.1251112776611,-0.06300734240312851,0.8954801954203736,0.44061921702665674
,263,0,-0.23378906249999998,-0.17331961591220857,0.23378906249999998,0.17331961591220857,1948,2282,2664,1967,1964,2287,2664,1968,-40,-19,0,0,5000,5000,5000,4900,-48.730000000000004,41.24,-175.1,12.354376743318127,10.051915297132638,63.69108729327415,0.3855381359039491,0.22430547406182952,0.8950125139178815
,264,0,0.7162109374999999,0.46001371742112473,-0.7162109374999999,-0.46001371742112473,2567,2695,2045,1554,2568,2696,2095,1580,0,0,-230,-87,5000,5100,5100,5000,-37.94,83.53,-198.44,-29.067216806992818,-14.875514186054744,53.08454935134609,-0.723915824780222,-0.44638168261256184,0.5260126158760352
,265,0,-0.8275390625,-0.5955418381344306,0.8275390625,0.5955418381344306,1561,2007,3051,2242,1625,2043,3052,2242,-314,-134,0,0,5100,4800,4800,4600,-30.85,20.240000000000002,-164.28,32.9476208354145,21.49494595106168,45.726061626257206,0.8343344243597705,0.48887774279889523,0.25472459819206283
,266,0,0.12246093750000009,0.03779149519890246,-0.12246093750000009,-0.03779149519890246,2180,2420,2432,1829,2180,2422,2441,1833,0,-7,-33,-18,5000,5000,5000,5000,-51.24,58.22,-183.67000000000002,-4.304890353751894,0.8928067531869601,66.26886743686708,-0.10601907802543371,-0.02779940007052847,0.9939754264821415
,267,0,-0.3525390625,0.6711248285322355,0.3525390625,-0.6711248285322355,1870,2833,2742,1416,1889,2834,2741,1463,-49,0,19,-198,5000,4800,4800,5000,-39.39,42.39,-212.38,12.549312212321503,-27.31097729695344,54.61734731652186,0.3446062986549842,-0.7623392823208561,0.5478004358868596
,268,0,0.5974609375,-0.3844307270233196,-0.5974609375,0.3844307270233196,2489,2144,2123,2105,2490,2167,2162,2105,0,-71,-158,0,5100,4800,5000,5000,-41.89,77.86,-168.6,-24.477340752889376,15.177094952731125,56.819615851333886,-0.6458617425767584,0.36735145058472873,0.6692649110994902
,269,0,-0.5900390625,0.2489026063100137,0.5900390625,-0.2489026063100137,1715,2557,2897,1692,1758,2557,2897,1703,-172,0,0,-30,5000,5000,5000,4800,-42.19,27.05,-192.16,27.149931336280872,-6.531065593727959,57.2671002867484,0.7486369487680488,-0.2143340732739325,0.6273783738487251
,270,0,0.3599609374999999,0.8822359396433468,-0.3599609374999999,-0.8822359396433468,2335,2970,2277,1279,2335,2972,2296,1343,0,-3,-62,-315,5000,5000,4900,4700,-32.94,63.39,-219.24,-8.190333712994018,-34.97024053676702,48.224783393041385,-0.16515854923481713,-0.9286956818455084,0.33203461285859315
,271,0,-0.11503906249999996,-0.9239368998628258,0.11503906249999996,0.9239368998628258,2025,1793,2587,2456,2026,1870,2588,2457,-4,-395,-13,-1,5100,5000,4900,5000,-30.38,50.28,-144.29,2.2056412662560163,40.38390720141879,45.1256991924307,0.09359057052994102,0.9540118455745085,0.2847844862547817
,272,0,0.8349609375,-0.2906035665294925,-0.8349609375,0.2906035665294925,2644,2206,1968,2043,2644,2213,2031,2044,0,-17,-322,0,4900,4900,5000,5000,-36.11,87.61,-173.32,-34.05145838507899,10.067178886013437,51.07728798224662,-0.8721062269731551,0.1990093153512362,0.44701903905547413
,273,0,-0.8869140624999999,0.3427297668038407,0.8869140624999999,-0.3427297668038407,1522,2618,3090,1631,1591,2619,3090,1645,-348,0,19,-37,4800,4900,4700,5000,-32.59,17.27,-193.86,36.98354440455814,-7.945430312721271,47.67554011829439,0.9278909387604778,-0.23494739269929305,0.28951360664052256
,274,0,0.06308593749999991,-0.7128257887517147,-0.06308593749999991,0.7128257887517147,2141,1930,2471,2319,2142,1986,2471,2319,0,-257,-2,0,5100,5000,5100,4800,-38.14,49.26,-150.88,3.4639336767853166,33.890534333028995,52.932036938241076,0.12585679799191948,0.8405325132662231,0.5269394277728584
,275,0,-0.41191406249999996,-0.07949245541838135,0.41191406249999996,0.07949245541838135,1831,2343,2781,1906,1861,2344,2781,1905,-101,0,0,16,5000,5000,5000,5000,-46.08,32.39,-180.20000000000002,21.382302590282737,5.255864181555154,61.07394216957988,0.6222249334927388,0.09905508210916586,0.7765463430139269
,276,0,0.5380859375,0.5538408779149517,-0.5380859375,-0.5538408779149517,2451,2756,2161,1493,2452,2756,2198,1527,0,-1,-151,-123,5000,4900,5000,4900,-40.28,75.05,-205.0,-20.355642150289754,-21.108335506122472,55.4678255402923,-0.4999603987428956,-0.6195751583174692,0.6051167018722315
,277,0,-0.6494140625,-0.5017146776406036,0.6494140625,0.5017146776406036,1677,2068,2935,2181,1722,2099,2935,2182,-185,-114,0,0,5000,5000,5000,4800,-37.230000000000004,25.34,-166.06,27.91609961512966,19.577600188996144,52.12062020668421,0.7585698975766977,0.45190924202459976,0.46941425997005065
,278,0,0.30058593749999996,0.1316186556927299,-0.30058593749999996,-0.1316186556927299,2296,2481,2316,1768,2296,2481,2337,1773,0,0,-68,-20,5000,5000,5000,5000,-49.36,66.83,-187.14000000000001,-12.784308874876707,-2.8989927938860376,64.4170797226778,-0.3360409633477915,-0.14085900274956967,0.931254644174559
,279,0,-0.17441406250000002,0.764951989026063,0.17441406250000002,-0.764951989026063,1986,2894,2626,1355,1991,2895,2625,1410,-9,0,20,-259,4800,5000,5100,4800,-37.33,52.21,-216.67000000000002,2.8902520278753485,-31.967175080696904,52.591889701090345,0.09684666151074135,-0.8717625048598452,0.48026124065419956
,280,0,0.7755859375,-0.8535665294924554,-0.7755859375,0.8535665294924554,2606,1839,2006,2410,2607,1905,2051,2411,0,-315,-200,0,5100,4900,4800,4900,-27.490000000000002,79.07000000000001,-151.66,-26.30001335572335,31.959239677161094,42.29979550013239,-0.6373077526047611,0.7443762838725544,0.19935590404589124
,281,0,-0.7681640624999999,-0.22023319615912207,0.7681640624999999,0.22023319615912207,1599,2251,3013,1998,1658,2256,3014,1999,-276,-20,14,0,5000,5000,4800,4900,-36.43,19.36,-179.69,34.384027009622095,6.16694045165238,51.41533967472483,0.8965236886378452,0.1184119956040691,0.42687688507139127
,282,0,0.18183593750000004,0.41310013717421135,-0.18183593750000004,-0.41310013717421135,2219,2664,2393,1585,2219,2665,2403,1612,-3,0,-34,-96,5000,5000,5000,4900,-47.2,58.550000000000004,-201.91,-3.9769291499480843,-17.375574230378618,62.35903397646268,-0.08697152507692624,-0.5389834693856863,0.8378142834511487
,283,0,-0.29316406249999993,-0.6424554183813442,0.29316406249999993,0.6424554183813442,1909,1976,2703,2273,1925,2026,2703,2273,-33,-219,-2,0,5000,5000,4900,4900,-40.13,41.62,-155.51,11.266347498531132,29.553594005049632,54.95190999013717,0.3389931058951276,0.7369292338966233,0.5848238866394828
,284,0,0.6568359374999999,-0.009122085048011042,-0.6568359374999999,0.009122085048011042,2528,2389,2084,1860,2528,2390,2133,1860,0,0,-223,0,5000,5000,5000,5000,-41.5,83.06,-179.8,-29.269774729219392,3.7942247168794836,56.511489617006816,-0.7561670177102144,0.05490581137648275,0.6520711565499044
,285,0,-0.5306640625,0.6242112482853222,0.5306640625,-0.6242112482853222,1754,2802,2858,1447,1788,2802,2857,1487,-120,0,19,-158,5100,5000,4900,4900,-38.39,34.5,-209.09,20.315284958103778,-23.745584717868297,53.5907787271079,0.5504893343390478,-0.6643638401476509,0.5055513630514888
,286,0,0.4193359375000001,-0.4313443072702332,-0.4193359375000001,0.4313443072702332,2373,2114,2239,2135,2374,2144,2262,2136,0,-105,-83,0,5000,5000,5100,4800,-44.15,69.55,-164.59,-16.317162310048886,19.500412486298615,59.04766730606946,-0.42061423945975285,0.49883213556704253,0.757792954631618
,287,0,-0.0556640625,0.2019890260631001,0.0556640625,-0.2019890260631001,2064,2527,2548,1722,2069,2527,2549,1734,-10,0,0,-36,5000,5000,5000,5000,-50.54,52.03,-192.89000000000001,2.213747487585991,-8.102545935278442,65.63208591735226,0.09696511668694398,-0.27936432152153523,0.9552765788015004
,288,0,0.8943359375,0.8353223593964332,-0.8943359375,-0.8353223593964332,2683,2940,1929,1309,2683,2941,1990,1364,0,0,-304,-258,4900,4600,4900,4700,-26.3,86.92,-211.35,-31.990719701493987,-27.982152381691805,41.53816610660182,-0.6992032503362844,-0.7049588639179152,0.1189445875302338
,289,0,-0.9166015624999999,-0.7831961591220851,0.9166015624999999,0.7831961591220851,1502,1884,3110,2365,1568,1938,3111,2365,-324,-236,0,0,4900,4900,4900,4900,-23.96,19.3,-158.89000000000001,33.69148644935615,26.866074160071065,38.79746539680505,0.8149970607858222,0.5775117306628993,0.04753937165354015
,290,0,0.033398437500000044,-0.14986282578875176,-0.033398437500000044,0.14986282578875176,2122,2297,2490,1952,2123,2303,2493,1953,0,-22,-23,0,5000,5000,5000,5000,-50.480000000000004,51.9,-174.58,1.6828043117652456,10.199323270271549,65.44160513882028,0.06459060784878214,0.2345688659924456,0.9699512876865224
,291,0,-0.44160156249999993,0.48347050754458154,0.44160156249999993,-0.48347050754458154,1812,2710,2800,1539,1840,2711,2799,1571,-94,0,21,-115,5000,5000,4900,5000,-42.75,35.81,-203.45000000000002,18.80320092101366,-18.125579991930493,57.91101584388909,0.5322899530209187,-0.5315230332629889,0.6589011086831613
,292,0,0.5083984374999999,-0.5720850480109739,-0.5083984374999999,0.5720850480109739,2431,2022,2181,2227,2431,2060,2211,2228,0,-143,-120,0,5000,4900,5000,5000,-40.050000000000004,71.48,-158.88,-18.45257763939594,25.107646517719047,54.90786925688031,-0.4675429972441756,0.637908240221359,0.6119449507803963
,293,0,-0.6791015625,0.06124828532235904,0.6791015625,-0.06124828532235904,1657,2435,2955,1814,1709,2435,2955,1815,-231,0,0,0,5000,5000,4900,4900,-39.44,22.14,-183.42000000000002,31.740892651528533,2.3606052781883307,54.45294618517279,0.8484741525905677,0.023365172768685827,0.5287207969119498
,294,0,0.2708984375000001,0.6945816186556923,-0.2708984375000001,-0.6945816186556923,2277,2848,2335,1401,2277,2849,2348,1449,0,0,-39,-210,5000,4900,5000,5000,-39.800000000000004,60.92,-213.73000000000002,-5.919831400139515,-29.32589313611905,55.04437001307348,-0.1199234797483286,-0.8172736397092162,0.5636329983610802
,295,0,-0.2041015625,-0.3609739368998628,0.2041015625,0.3609739368998628,1967,2160,2645,2089,1979,2186,2645,2089,-26,-86,-12,0,5000,5000,5000,5000,-47.18,43.5,-167.3,9.814107883253612,17.75401451710013,62.08646842127921,0.31053080316323595,0.4567848522913962,0.8336175496016882
,296,0,0.7458984375,0.2723593964334703,-0.7458984375,-0.2723593964334703,2586,2573,2026,1676,2587,2574,2082,1687,0,0,-276,-31,5000,4900,5100,5000,-38.63,86.07000000000001,-189.84,-31.915857009907526,-6.368083330191411,53.7142867784078,-0.80510024499348,-0.200048562888114,0.5583853221547276
,297,0,-0.7978515625,0.9056927297668036,0.7978515625,-0.9056927297668036,1580,2985,3032,1264,1638,2986,3032,1322,-272,0,16,-269,5000,5100,5100,4900,-25.76,29.150000000000002,-217.02,25.946206444606553,-31.567226205881866,41.01544781115081,0.6281243888731948,-0.7745683441514883,0.0741864700676409
,298,0,0.15214843749999996,-0.900480109739369,-0.15214843749999996,0.900480109739369,2199,1808,2413,2441,2199,1883,2416,2442,0,-386,-22,0,4900,5000,5100,5000,-31.36,51.13,-145.02,1.3826824832973301,39.63071513897543,46.11121456959307,0.06840449528584694,0.9450064657039237,0.31981808079354596
,299,0,-0.3228515625,-0.2671467764060357,0.3228515625,0.2671467764060357,1890,2221,2722,2028,1911,2229,2722,2029,-63,-26,0,0,5000,5000,5000,5000,-46.56,37.5,-171.24,15.952313637796244,14.028801142457695,61.49214912301876,0.4778991061854174,0.33142531439278483,0.8134922896296085
,300,0,0.6271484375,0.3661865569272975,-0.6271484375,-0.3661865569272975,2509,2634,2103,1615,2509,2635,2145,1634,0,0,-175,-59,5000,4900,5000,4700,-41.230000000000004,80.69,-195.03,-26.35167184336393,-11.341857504529258,56.349037980154606,-0.6718669434415256,-0.36783470524856676,0.6428782465795848
,301,0,-0.5603515625,-0.6893689986282578,0.5603515625,0.6893689986282578,1735,1946,2877,2303,1772,1991,2877,2303,-135,-186,0,0,5100,5000,5100,4800,-35.15,31.32,-156.38,21.590325277819645,29.02039003310628,49.97411164779134,0.5930306648639907,0.6933917797056894,0.40929508959618593
,302,0,0.3896484375,-0.05603566529492454,-0.3896484375,0.05603566529492454,2354,2358,2258,1891,2354,2359,2286,1891,0,0,-107,0,5000,4900,5000,4800,-47.910000000000004,71.37,-179.79,-17.586836381941964,4.271838353452836,62.91657640704128,-0.46697253430677854,0.06029922408389583,0.8822134978439089
,303,0,-0.08535156249999998,0.5772976680384085,0.08535156249999998,-0.5772976680384085,2044,2771,2568,1478,2046,2771,2568,1520,-7,0,0,-169,5000,5000,5000,4900,-43.42,54.51,-209.73000000000002,0.34214023053423404,-25.071439293578038,58.63321854684102,0.03200689132307964,-0.7209696312424432,0.6922270940478756
,304,0,0.8646484374999999,-0.47825788751714676,-0.8646484374999999,0.47825788751714676,2664,2083,1948,2166,2664,2109,2009,2167,0,-84,-303,0,5000,4800,5100,4900,-33.410000000000004,87.62,-167.75,-34.262871731403195,15.613787722464366,48.33768311796414,-0.8538149853796737,0.36616612452339986,0.37003018794771536
,305,0,-0.8572265625,0.15507544581618649,0.8572265625,-0.15507544581618649,1541,2496,3071,1753,1612,2496,3070,1755,-366,-4,21,-17,4800,5100,4900,5000,-33.86,16.73,-186.57,37.26026120708052,-0.6318170960977625,48.893361750895714,0.9415555923560047,-0.05953856285038315,0.3315542580586841
,306,0,0.0927734375,0.7884087791495196,-0.0927734375,-0.7884087791495196,2160,2909,2452,1340,2161,2910,2452,1397,0,0,0,-270,4900,5000,4900,5000,-36.7,52.660000000000004,-218.19,2.495315495355456,-33.50688075844258,51.9729134808695,0.09578719826856912,-0.8935085663484138,0.4387109008331796
,307,0,-0.3822265625,-0.8301097393689986,0.3822265625,0.8301097393689986,1851,1854,2761,2395,1869,1924,2761,2396,-43,-345,0,0,5000,4800,5000,5000,-33.46,39.44,-149.72,13.234999708085212,35.37077280104893,48.2399624834001,0.3946617491723321,0.8414686807363639,0.36901566779750444
,308,0,0.5677734374999999,-0.19677640603566526,-0.5677734374999999,0.19677640603566526,2470,2267,2142,1982,2471,2271,2184,1982,0,-16,-177,16,5000,5000,5000,4700,-43.75,78.53,-175.78,-24.88749578177466,7.991042597485887,58.73098300600468,-0.6541626435260103,0.16131021925810793,0.7389521290164627
,309,0,-0.6197265624999999,0.43655692729766793,0.6197265624999999,-0.43655692729766793,1696,2680,2916,1569,1740,2681,2916,1595,-181,0,0,-88,4900,4900,5000,5000,-39.92,28.060000000000002,-200.36,26.436221866141487,-14.77815852332796,55.05597455473426,0.7139574375200081,-0.4336450097893274,0.5497424696116152
,310,0,0.33027343750000004,-0.6189986282578874,-0.33027343750000004,0.6189986282578874,2315,1991,2297,2258,2315,2037,2315,2258,0,-191,-61,0,5000,4900,5100,5000,-40.95,61.89,-155.37,-8.99538135392713,28.967796953809795,55.779004739376326,-0.20993441671940144,0.7407200118701326,0.6381703571083471
,311,0,-0.14472656250000004,0.014334705075445764,0.14472656250000004,-0.014334705075445764,2006,2404,2606,1845,2015,2406,2606,1848,-20,-12,0,-16,5000,5000,5000,5000,-50.65,45.26,-182.61,8.608323434590766,2.4156116254890208,65.66614446779222,0.2839475816109449,0.015523583163634771,0.9587141332342279
,312,0,0.8052734374999999,0.6476680384087787,-0.8052734374999999,-0.6476680384087787,2625,2817,1987,1432,2625,2818,2041,1472,0,0,-245,-155,5100,4700,4700,4700,-32.75,85.11,-205.49,-30.392478251095184,-22.014786173815764,47.94553411595842,-0.7240693427476729,-0.603197338573123,0.33447953245490775
,313,0,-0.7384765624999999,-0.4078875171467764,0.7384765624999999,0.4078875171467764,1619,2129,2993,2120,1673,2152,2993,2121,-242,-71,0,0,4900,5000,4900,5000,-36.15,21.47,-171.45000000000002,31.977961269564332,14.323214603498258,51.077494126507155,0.8417147410563708,0.3274392435585274,0.4293015682084406
,314,0,0.2115234374999999,0.22544581618655668,-0.2115234374999999,-0.22544581618655668,2238,2542,2374,1707,2238,2542,2388,1720,0,0,-45,-36,5000,5000,5000,5000,-49.75,61.690000000000005,-192.78,-7.444041576213664,-8.34688851721387,64.84518878188604,-0.1909450046668811,-0.29045196025332914,0.9376447429478624
,315,0,-0.26347656249999996,0.85877914951989,0.26347656249999996,-0.85877914951989,1928,2955,2684,1294,1940,2957,2683,1358,-23,-7,18,-314,4900,5000,4800,4800,-33.980000000000004,49.39,-219.54,5.811520883472042,-34.75735387490977,49.26129057035642,0.1671456231155568,-0.9169601841784563,0.3622793967433464
,316,0,0.6865234375,-0.7597393689986283,-0.6865234375,0.7597393689986283,2548,1900,2064,2349,2548,1956,2104,2349,0,-256,-169,0,4900,4900,5000,5000,-32.56,77.15,-153.89000000000001,-24.300054096927937,29.83620828550366,47.38478327525985,-0.5993012953316259,0.7223735656638597,0.34498462146002445
,317,0,-0.5009765625,-0.12640603566529496,0.5009765625,0.12640603566529496,1773,2313,2839,1936,1811,2315,2839,1937,-145,-16,0,0,5000,4800,5000,5000,-44.54,29.46,-181.16,24.34482211276913,4.391273575771123,59.53964716428366,0.6916529889216735,0.07949221090088172,0.7178419960700302
,318,0,0.44902343749999996,0.5069272976680381,-0.44902343749999996,-0.5069272976680381,2393,2725,2219,1524,2394,2726,2245,1554,0,0,-99,-110,4800,4900,4900,5000,-42.660000000000004,71.47,-203.81,-16.820584464429118,-19.772960437352396,57.83785519904025,-0.41765143070195415,-0.5966603099807107,0.6852472232167985
,319,0,-0.025976562500000022,-0.5486282578875171,0.025976562500000022,0.5486282578875171,2083,2037,2529,2212,2084,2079,2531,2213,0,-168,-21,0,5000,5000,5000,5000,-43.410000000000004,52.33,-157.25,0.6265948400356933,27.451641188116724,58.24850789122049,0.05319094425009845,0.7029629924200868,0.7092346260142549
,320,0,0.9240234375,0.08470507544581607,-0.9240234375,-0.08470507544581607,2702,2450,1910,1799,2702,2450,1986,1800,0,0,-416,0,4800,4800,5000,4800,-33.67,91.34,-180.01,-37.53791929505623,3.2296853709592312,48.68649883328504,-0.9350912560541642,0.02803265318119731,0.35329663627986674
,321,0,-0.9314453125,0.7180384087791492,0.9314453125,-0.7180384087791492,1493,2863,3119,1386,1564,2864,3119,1426,-361,0,17,-161,5100,4900,4900,4800,-26.54,21.28,-208.97,33.520647234559235,-23.23308042622361,41.734934324509965,0.8069208812594996,-0.5825843330632572,0.09733543166099458
,322,0,0.0185546875,-0.337517146776406,-0.0185546875,0.337517146776406,2112,2175,2500,2074,2113,2201,2501,2075,0,-86,4,-18,5000,5000,5000,5000,-48.120000000000005,50.27,-166.68,3.026275960082266,18.13596835615772,63.02473759779798,0.1171089296895296,0.46817862939189564,0.8758391801967408
,323,0,-0.4564453125,0.2958161865569273,0.4564453125,-0.2958161865569273,1802,2588,2810,1661,1833,2589,2810,1676,-110,0,0,-46,5000,5000,5000,4900,-44.910000000000004,32.89,-195.0,21.416627141345643,-9.560508368915464,60.00959905250971,0.618939230783166,-0.2967333823313284,0.7272300381638209
,324,0,0.49355468749999987,0.9291495198902604,-0.49355468749999987,-0.9291495198902604,2422,3001,2190,1248,2423,3002,2217,1315,0,0,-100,-330,4700,5000,5100,4900,-30.310000000000002,69.34,-219.53,-14.126366012326557,-35.49354229992451,45.59929757019695,-0.2971784942796565,-0.9230395123034812,0.2443010463838159
,325,0,-0.6939453124999999,-0.9395747599451303,0.6939453124999999,0.9395747599451303,1648,1782,2964,2467,1687,1858,2965,2468,-136,-386,-21,0,5000,5000,4900,4900,-25.16,28.12,-150.51,24.574951151195837,34.930644452262726,39.941270519934534,0.635494008203744,0.7663550519473299,0.09406008660396097
,326,0,0.25605468750000004,-0.306241426611797,-0.25605468750000004,0.306241426611797,2267,2195,2345,2054,2268,2207,2362,2054,-6,-32,-57,0,5000,5000,5000,5000,-47.72,61.58,-167.72,-8.238876184905585,16.685637118432595,62.63668289655829,-0.2104313946392843,0.41154090762038487,0.8867653068908118
,327,0,-0.21894531250000004,0.3270919067215361,0.21894531250000004,-0.3270919067215361,1957,2608,2655,1641,1970,2609,2655,1662,-29,0,0,-64,5000,5000,5000,5000,-48.15,44.36,-197.88,10.058509160045453,-12.829403489918946,63.27462288255213,0.30367085755497053,-0.418581043307927,0.855905322132697
,328,0,0.7310546874999999,-0.7284636488340193,-0.7310546874999999,0.7284636488340193,2577,1920,2035,2329,2578,1968,2083,2329,0,-193,-214,0,4900,5100,5100,5000,-32.42,79.09,-153.99,-26.235200865538488,29.66526202991986,47.24627565222778,-0.6377740769995826,0.6921805208782197,0.33783184163735475
,329,0,-0.8126953124999999,-0.09513031550068596,0.8126953124999999,0.09513031550068596,1570,2333,3042,1916,1636,2335,3043,1916,-328,-4,0,1,4900,4800,5000,5000,-35.11,17.75,-183.09,36.1155032086363,2.817931592399134,50.11894859449838,0.9258787724888353,0.026147421586695953,0.37691485908482775
,330,0,0.1373046874999999,0.5382030178326471,-0.1373046874999999,-0.5382030178326471,2190,2746,2422,1503,2190,2748,2428,1538,0,-3,-24,-137,4900,4900,5000,4900,-44.35,55.09,-207.97,-0.30087142672486067,-23.326929171909427,59.55088975376901,0.01850260451056364,-0.689232149546837,0.7243042852678503
,331,0,-0.33769531249999996,-0.517352537722908,0.33769531249999996,0.517352537722908,1880,2058,2732,2191,1897,2095,2732,2192,-40,-144,0,-5,4900,4900,4900,4800,-42.78,38.17,-161.42000000000002,14.92778375100928,23.791009491210957,57.64256126629795,0.4432079673277123,0.5940967021357203,0.6712792311763407
,332,0,0.6123046875,0.11598079561042507,-0.6123046875,-0.11598079561042507,2499,2471,2113,1778,2499,2471,2158,1781,0,-1,-194,-16,4900,5000,4900,4900,-43.2,80.9,-182.97,-26.99652660252167,0.7164522733452259,58.23316314595659,-0.7087718930345883,-0.031936181902458484,0.7047144697887644
,333,0,-0.5751953125,0.7493141289437584,0.5751953125,-0.7493141289437584,1725,2883,2887,1366,1762,2884,2887,1416,-135,0,0,-221,4900,4800,4800,4800,-34.52,34.57,-213.58,20.406832008034176,-28.262677311848023,49.752889511007126,0.5351370957347209,-0.7586544306834359,0.3715800634762312
,334,0,0.37480468749999996,-0.8692043895747599,-0.37480468749999996,0.8692043895747599,2344,1828,2268,2421,2344,1899,2283,2422,0,-352,-52,0,4800,5000,5100,4800,-32.85,61.83,-146.78,-9.24661060582168,37.496368248161446,47.61799649650872,-0.2110736512673245,0.9106658426157395,0.3551557923413957
,335,0,-0.10019531250000002,-0.23587105624142668,0.10019531250000002,0.23587105624142668,2035,2241,2577,2008,2041,2250,2577,2009,-13,-27,0,0,5000,5000,5000,5000,-49.21,48.56,-170.58,4.876077499739381,14.308098126987488,64.14180687609473,0.17531717897300528,0.34544595512913906,0.921917012990792
,336,0,0.8498046875,0.3974622770919065,-0.8498046875,-0.3974622770919065,2654,2654,1958,1595,2654,2655,2018,1615,0,0,-299,-65,4900,5000,5000,4600,-34.34,89.29,-193.93,-34.986754508189264,-10.602127285890418,49.45481963611693,-0.8555295210804558,-0.31664326269863236,0.4096416516266516
,337,0,-0.8720703125,-0.6580932784636488,0.8720703125,0.6580932784636488,1531,1966,3081,2283,1597,2004,3082,2283,-325,-137,0,0,5100,5100,4700,5000,-28.18,19.56,-162.35,33.55713815638401,23.42913514841868,43.04210917059305,0.8306393769165124,0.5302878512848015,0.16980288659353224
,338,0,0.07792968749999996,-0.02475994513031554,-0.07792968749999996,0.02475994513031554,2151,2379,2461,1870,2152,2381,2467,1871,0,-16,-29,-16,5000,5000,5000,4900,-51.33,55.9,-180.73,-2.0925004327324146,3.9151882075123297,66.33699365738266,-0.04408598408483509,0.058814335560866696,0.9972949914342324
,339,0,-0.3970703125,0.6085733882030173,0.3970703125,-0.6085733882030173,1841,2792,2771,1457,1864,2792,2771,1499,-64,0,3,-174,5000,5000,5000,4900,-40.730000000000004,39.61,-209.33,15.217610872386992,-24.1531521787839,55.93447403166742,0.4229728445912815,-0.6883165611854017,0.5893337631056466
,340,0,0.5529296875,-0.4469821673525377,-0.5529296875,0.4469821673525377,2460,2104,2152,2145,2461,2131,2189,2146,0,-93,-146,0,5000,5000,4900,4700,-41.85,75.02,-164.70000000000002,-21.77995681448037,19.176666219962442,56.75069874786355,-0.5689810485145076,0.4733268431767954,0.6724747325808017
,341,0,-0.6345703125,0.18635116598079549,0.6345703125,-0.18635116598079549,1686,2516,2926,1733,1734,2516,2926,1739,-207,0,0,-23,4900,4900,4900,5000,-41.24,24.73,-188.59,29.33943451356481,-2.886529182980098,56.290765207282,0.7990286080480532,-0.1206556696926689,0.589063233355982
,342,0,0.3154296875,0.8196844993141286,-0.3154296875,-0.8196844993141286,2306,2929,2306,1320,2306,2930,2322,1381,0,0,-51,-296,5100,5000,4900,4800,-35.87,62.02,-217.4,-6.887217508421706,-33.06114187393513,51.14105334847325,-0.13571853077939827,-0.8958387205950569,0.4231470986379233
,343,0,-0.15957031249999998,-0.7988340192043896,0.15957031249999998,0.7988340192043896,1996,1874,2616,2375,1999,1940,2616,2376,-6,-324,0,0,4800,4800,4800,4900,-35.35,48.76,-148.45000000000002,3.8755049836875273,36.317032812299345,50.12459785796998,0.14903522875485936,0.8858990616209531,0.43928504778685695
,344,0,0.7904296874999999,-0.16550068587105626,-0.7904296874999999,0.16550068587105626,2615,2287,1997,1962,2616,2288,2057,1963,0,-13,-302,2,5100,4800,4800,4900,-37.94,87.04,-178.09,-33.309408049913884,5.3340331808131225,52.94099209863025,-0.8575172735001959,0.07038682561865305,0.5096173274410118
,345,0,-0.7533203125,0.46783264746227693,0.7533203125,-0.46783264746227693,1609,2700,3003,1549,1664,2701,3003,1575,-252,0,1,-87,5000,4800,4900,4900,-36.07,23.41,-200.16,31.075423602595137,-14.437936755978228,51.20278673196895,0.8141226326030069,-0.41110989881079296,0.4101133869838058
,346,0,0.1966796875000001,-0.5877229080932784,-0.1966796875000001,0.5877229080932784,2228,2012,2384,2237,2228,2056,2393,2238,0,-179,-32,0,5000,5000,5100,5000,-42.35,55.68,-156.04,-2.7650456016558707,28.532358164011328,57.18125631249341,-0.04012472731642418,0.7310244367829817,0.681170521296912
,347,0,-0.2783203125,0.04561042524005465,0.2783203125,-0.04561042524005465,1919,2425,2693,1824,1939,2426,2693,1828,-53,0,0,-19,5000,5000,4900,5000,-49.07,39.15,-183.15,14.733606551514598,2.08521871682683,64.08758586468826,0.45445839007717137,0.010686326164614766,0.8907038644361936
,348,0,0.6716796875,0.678943758573388,-0.6716796875,-0.678943758573388,2538,2838,2074,1411,2538,2839,2118,1453,0,0,-189,-169,4900,4800,5000,4900,-34.84,79.62,-208.63,-24.792426827937234,-24.939616067669135,50.055651209867676,-0.590511295064811,-0.6924053978179394,0.4145734862162082
,349,0,-0.5158203125,-0.3766117969821674,0.5158203125,0.3766117969821674,1764,2149,2848,2100,1797,2172,2848,2100,-118,-71,0,0,5000,5000,4900,5000,-42.34,29.85,-170.12,23.55630294913858,15.394031906517483,57.26121642279103,0.6660380876730345,0.36862108816813177,0.6484687803792792
,350,0,0.4341796874999999,0.2567215363511659,-0.4341796874999999,-0.2567215363511659,2383,2562,2229,1687,2384,2563,2257,1699,0,0,-107,-34,5000,5000,5000,4900,-46.5,72.87,-192.07,-18.642847154194897,-8.06404239205034,61.594688559450056,-0.4859468177884302,-0.2799242904822728,0.8279481154512608
,351,0,-0.040820312499999956,0.890054869684499,0.040820312499999956,-0.890054869684499,2073,2975,2539,1274,2074,2976,2540,1342,0,0,11,-349,4900,4800,5000,5000,-32.980000000000004,57.35,-220.84,-2.09651568522159,-36.35088636345091,48.27376242586221,-0.02210644827602098,-0.9448199728646813,0.3268432710346083
,352,0,0.9091796875,-0.9161179698216735,-0.9091796875,0.9161179698216735,2693,1798,1919,2451,2693,1863,1977,2452,0,-296,-282,0,4800,4700,5100,4900,-22.830000000000002,82.16,-151.94,-29.378560061996822,31.534669071248032,37.643145419023945,-0.7001375244174884,0.7129336921210124,0.0391535125020961
,353,0,-0.9017578125,-0.2827846364883402,0.9017578125,0.2827846364883402,1512,2211,3100,2038,1585,2218,3100,2039,-381,-21,21,0,5000,4900,5000,5000,-31.900000000000002,15.71,-178.24,37.978667767392544,7.7153750924998405,46.873665095277396,0.9514049428299871,0.14448176689553888,0.2719442108106227
,354,0,0.04824218749999998,0.3505486968449929,-0.04824218749999998,-0.3505486968449929,2131,2624,2481,1625,2132,2625,2482,1648,0,0,-20,-73,4900,4900,5000,4900,-48.5,52.22,-199.91,2.2769477033533363,-15.139202899126104,63.642220468167054,0.0761114052911023,-0.47816952381813493,0.8749634052211278
,355,0,-0.4267578125,-0.7050068587105623,0.4267578125,0.7050068587105623,1822,1935,2790,2314,1845,1988,2790,2314,-66,-233,0,0,5000,5000,5100,5000,-36.79,36.38,-154.57,16.46852939385902,30.658246113885866,51.603201694933425,0.4756307207928456,0.7434137513787278,0.47022485227716887
,356,0,0.5232421875,-0.07167352537722915,-0.5232421875,0.07167352537722915,2441,2348,2171,1901,2442,2349,2211,1901,0,0,-167,1,5000,5000,4900,4900,-45.17,77.28,-179.57,-23.50131753029568,4.258850314064318,60.177444417413646,-0.6203613326307525,0.06139134801630807,0.781909789787375
,357,0,-0.6642578125,0.5616598079561039,0.6642578125,-0.5616598079561039,1667,2761,2945,1488,1714,2761,2945,1522,-200,0,0,-123,4900,5000,5000,4900,-37.09,28.25,-205.09,26.416657851100823,-19.532000918423563,52.25981652416677,0.7028355436694456,-0.5510422850259357,0.44986064360896266
,358,0,0.2857421874999999,-0.49389574759945126,-0.2857421874999999,0.49389574759945126,2286,2073,2326,2176,2286,2106,2342,2177,0,-124,-52,0,5000,5000,5000,5000,-44.28,61.36,-160.26,-8.288759556653524,24.12398873938463,59.14354150057915,-0.19372672187413614,0.6242660194117773,0.7568103423181236
,359,0,-0.18925781249999996,0.1394375857338821,0.18925781249999996,-0.1394375857338821,1977,2486,2635,1763,1989,2487,2635,1771,-26,-8,0,-28,5000,5000,5000,5000,-50.18,44.21,-188.64000000000001,9.875208684946884,-3.5757642523289235,65.23869054848497,0.31392592496043575,-0.14965073356285805,0.9375794214794998
,360,0,0.7607421875,0.7727709190672152,-0.7607421875,-0.7727709190672152,2596,2899,2016,1350,2597,2900,2065,1400,0,0,-221,-214,4800,4900,4900,5000,-30.66,82.54,-211.15,-27.620168975285964,-27.593111035192607,45.894877386955,-0.6324399287576018,-0.7258783092661477,0.2704078709098496
,361,0,-0.7830078125,-0.8457475994513031,0.7830078125,0.8457475994513031,1590,1844,3022,2405,1643,1908,3024,2406,-231,-297,-7,0,4800,5100,5100,4900,-26.21,24.21,-154.74,28.635224024039427,30.852111065671238,41.01981102103271,0.7228795289788028,0.6804243489179107,0.12028255061737383
,362,0,0.1669921875,-0.21241426611796987,-0.1669921875,0.21241426611796987,2209,2257,2403,1992,2209,2266,2415,1992,0,-27,-38,16,5000,5000,5000,5000,-49.620000000000005,58.120000000000005,-171.89000000000001,-4.630354201750471,12.656885717115728,64.56495446547015,-0.11270290744957903,0.3001280679768215,0.9472176082954287
,363,0,-0.3080078125,0.42091906721536354,0.3080078125,-0.42091906721536354,1899,2669,2713,1580,1916,2670,2713,1608,-42,0,0,-102,5000,4900,5000,4900,-45.92,41.37,-201.44,13.174730964289665,-16.294990604191753,61.0688423812014,0.3847453430075691,-0.5028282030069519,0.7740379960278354
,364,0,0.6419921874999999,-0.634636488340192,-0.6419921874999999,0.634636488340192,2519,1981,2093,2268,2519,2024,2134,2268,0,-171,-166,0,5000,5000,5000,4800,-36.12,76.87,-157.56,-23.88726914774668,26.204192277242868,50.970723640278024,-0.6002878396959593,0.6401624966691484,0.47942307763757125
,365,0,-0.5455078124999999,-0.001303155006858736,0.5455078124999999,0.001303155006858736,1744,2394,2868,1855,1785,2395,2868,1855,-163,0,0,0,5000,5000,5000,4900,-43.49,27.45,-182.18,26.390176611041248,3.4370157488786504,58.49613531662093,0.7382500038424278,0.04575088958975886,0.6729738389628536
,366,0,0.40449218750000004,0.6320301783264743,-0.40449218750000004,-0.6320301783264743,2364,2807,2248,1442,2364,2807,2270,1485,0,0,-76,-175,4900,5000,4900,4900,-40.56,68.23,-209.45000000000002,-13.379435001365309,-25.307189630277605,55.77678809362371,-0.3165352968100352,-0.7308166730268769,0.6047415946495736
,367,0,-0.07050781250000004,-0.4235253772290809,0.07050781250000004,0.4235253772290809,2054,2119,2558,2130,2057,2152,2560,2132,-9,-119,-7,-17,5000,5000,5000,5000,-46.58,50.730000000000004,-163.09,2.436784297443502,21.69595141760894,61.4593877385461,0.10832062087039161,0.562351351313614,0.8197728958498234
,368,0,0.8794921874999999,0.2098079561042523,-0.8794921874999999,-0.2098079561042523,2673,2532,1939,1717,2673,2532,2007,1724,0,0,-349,-22,4800,5000,5000,5000,-33.99,91.36,-185.67000000000002,-37.35357815792453,-2.424922385741638,49.04681739098013,-0.9112098737225642,-0.08001461269162675,0.4040968049692019
,369,0,-0.8423828124999999,0.8431412894375854,0.8423828124999999,-0.8431412894375854,1551,2945,3061,1304,1615,2946,3061,1357,-308,0,18,-238,4900,5000,5000,5000,-26.63,26.66,-214.18,28.332206280565774,-28.63307776366935,41.864198482351945,0.69095339848737,-0.7156821002814817,0.10189471259805771
,370,0,0.10761718750000004,-0.7753772290809328,-0.10761718750000004,0.7753772290809328,2170,1890,2442,2359,2171,1952,2443,2359,0,-295,-20,0,5000,5000,5100,4800,-36.28,51.24,-148.77,1.40880324143356,35.9143792643884,51.057846289587204,0.08880115299592978,0.8810556163206221,0.46460236350720585
,371,0,-0.36738281249999993,-0.14204389574759946,0.36738281249999993,0.14204389574759946,1861,2302,2751,1947,1886,2305,2751,1948,-76,-17,0,0,5000,5000,5000,4900,-47.03,34.87,-178.02,18.82537297092902,7.3516609794072565,62.00938148016319,0.5603791124681056,0.14742145717776542,0.8150105301608336
,372,0,0.5826171874999999,0.49128943758573373,-0.5826171874999999,-0.49128943758573373,2480,2715,2132,1534,2481,2716,2170,1560,0,0,-151,-90,5000,4800,4900,4900,-40.38,77.7,-201.49,-23.130585207914578,-17.695637644655704,55.54388034474132,-0.5801875060054613,-0.5336747051507724,0.6152834850354743
,373,0,-0.6048828125,-0.5642661179698216,0.6048828125,0.5642661179698216,1706,2027,2906,2222,1748,2062,2906,2223,-166,-132,0,0,4900,5000,5100,4900,-37.230000000000004,28.01,-162.33,25.113214995507164,23.20871399430564,52.09511840333037,0.6863604748699076,0.5520167682562257,0.473483670362883
,374,0,0.3451171875000001,0.06906721536351146,-0.3451171875000001,-0.06906721536351146,2325,2440,2287,1809,2325,2440,2312,1812,-1,0,-88,-17,5000,5000,5000,5000,-48.84,69.23,-183.18,-15.325744939697522,0.9680004250019749,63.869844696841454,-0.4056691310746157,-0.027269678831643714,0.9136131132539554
,375,0,-0.1298828125,0.7024005486968445,0.1298828125,-0.7024005486968445,2015,2853,2597,1396,2018,2854,2597,1446,-9,-1,0,-224,5000,5000,5100,5000,-39.74,53.92,-214.68,1.1098868609360792,-30.023045547556933,54.98833711981713,0.05111993384272424,-0.8281297198598756,0.5582006086065461
,376,0,0.8201171875,-0.3531550068587106,-0.8201171875,0.3531550068587106,2635,2165,1977,2084,2635,2184,2034,2084,0,-54,-278,0,5000,5000,5000,5000,-35.87,87.66,-173.38,-34.099294561958146,10.003703004001665,50.83774150954369,-0.859498534627491,0.22685306228751764,0.458039252798241
,377,0,-0.7236328125,0.2801783264746225,0.7236328125,-0.2801783264746225,1628,2578,2984,1671,1681,2579,2984,1682,-238,0,0,-32,5000,4900,4800,5000,-38.36,22.21,-192.37,31.993809976532734,-6.593566453125675,53.436756521355235,0.8483246884210073,-0.21314137735149946,0.48468131413961746
,378,0,0.22636718749999996,0.9135116598079558,-0.22636718749999996,-0.9135116598079558,2248,2991,2364,1258,2248,2992,2372,1328,0,0,-23,-357,5000,4600,4800,5000,-32.38,57.34,-221.04,-2.0793894718805035,-36.55467002383904,47.675198383695125,-0.0160505317806033,-0.9536000700295277,0.3006481113681558
,379,0,-0.24863281250000002,-0.8926611796982167,0.24863281250000002,0.8926611796982167,1938,1813,2674,2436,1947,1887,2675,2437,-16,-378,-6,0,5100,5000,5100,5000,-31.96,46.160000000000004,-146.19,6.391757997064616,38.64515617043887,46.71754452672377,0.22134980037742966,0.9194331591707544,0.32503373931048735
,380,0,0.7013671875,-0.2593278463648835,-0.7013671875,0.2593278463648835,2557,2226,2055,2023,2557,2232,2106,2024,0,-17,-239,0,5000,4900,4800,5000,-39.88,83.47,-174.08,-29.886186986002528,9.48399978029451,54.8509488444186,-0.7744641048219849,0.20147811859503,0.5996765111872303
,381,0,-0.48613281249999996,0.3740054869684497,0.48613281249999996,-0.3740054869684497,1783,2639,2829,1610,1817,2640,2829,1630,-125,0,0,-62,5000,4900,5000,4800,-43.89,33.34,-198.47,21.092014857476613,-13.051676004844524,59.0145234759816,0.596870709471831,-0.40335956554432884,0.6935750983552419
,382,0,0.4638671875,-0.6815500685871055,-0.4638671875,0.6815500685871055,2402,1951,2210,2298,2403,1998,2235,2298,0,-194,-91,0,5000,5000,5100,5000,-37.7,67.83,-154.03,-14.980339195431206,30.06933008761152,52.52191947943058,-0.36834104198621676,0.7603173672492027,0.5350162407326985
,383,0,-0.011132812499999978,-0.04821673525377235,0.011132812499999978,0.04821673525377235,2093,2364,2519,1885,2096,2366,2521,1885,-9,-16,-21,0,5000,5000,5000,5000,-51.35,52.27,-179.65,1.4961576235342733,5.125607788166263,66.34784695004815,0.08658823713224034,0.09036419563175746,0.9921374850987923
,384,0,0.9388671874999999,0.5851165980795607,-0.9388671874999999,-0.5851165980795607,2712,2776,1900,1473,2712,2776,1964,1507,0,0,-320,-125,4800,4600,5000,5000,-29.42,90.49,-201.0,-35.93150311667354,-17.745745421988318,44.58578790564114,-0.8469704390028925,-0.47643263464198965,0.23590892332283603
,385,0,-0.9388671875,-0.4704389574759945,0.9388671875,0.4704389574759945,1488,2088,3124,2161,1563,2110,3125,2162,-393,-76,1,0,5000,5000,5100,5000,-29.09,15.73,-171.14000000000001,37.702024009728476,14.789802668604949,44.013168162611905,0.9245608224420877,0.33082203758529743,0.18906100881229426
,386,0,0.011132812499999978,0.16289437585733868,-0.011132812499999978,-0.16289437585733868,2107,2501,2505,1748,2108,2501,2507,1757,0,0,-22,-30,5000,5000,5000,5000,-50.94,51.52,-191.15,2.6606717593418736,-6.342464407485124,66.01947681920228,0.08649734394466953,-0.22650746461332188,0.9701611092828666
,387,0,-0.4638671875,0.796227709190672,0.4638671875,-0.796227709190672,1798,2914,2814,1335,1823,2915,2813,1392,-73,0,18,-268,5100,4800,4800,4900,-34.76,39.51,-216.06,15.559593842469937,-30.917572917225527,50.01252674031859,0.4176783190315599,-0.8247911533760122,0.38113563874772616
,388,0,0.48613281249999996,-0.8222908093278464,-0.48613281249999996,0.8222908093278464,2417,1859,2195,2390,2418,1925,2221,2391,0,-319,-94,0,4800,4800,5100,4900,-33.24,67.38,-149.24,-14.70415173970077,34.84051397355566,48.027731586629024,-0.35327279575432835,0.8510874252540436,0.38839223261332473
,389,0,-0.7013671874999999,-0.18895747599451307,0.7013671874999999,0.18895747599451307,1643,2272,2969,1977,1697,2275,2969,1977,-246,-17,0,15,4900,4900,5000,4700,-38.81,21.71,-179.83,32.04095113376064,5.959200014519666,53.79721694921569,0.8543245021316892,0.11104055987576024,0.5077397356125665
,390,0,0.2486328124999999,0.4443758573388201,-0.2486328124999999,-0.4443758573388201,2262,2685,2350,1564,2262,2686,2364,1594,0,0,-42,-106,5000,5000,4900,5000,-46.4,61.75,-202.69,-7.146806509519131,-18.276241969982408,61.565891399043046,-0.16919253834551146,-0.5631607911423667,0.808841027821973
,391,0,-0.22636718749999996,-0.6111796982167352,0.22636718749999996,0.6111796982167352,1952,1997,2660,2252,1962,2045,2661,2252,-18,-205,-21,0,5000,5000,5000,4900,-41.51,44.58,-156.1,8.32976771675878,28.867009818159744,56.33726241446774,0.26877171443211045,0.7240875034093556,0.6351842669081394
,392,0,0.7236328125,0.02215363511659796,-0.7236328125,-0.02215363511659796,2572,2409,2040,1840,2573,2410,2096,1840,0,0,-272,16,5000,5000,5000,4900,-39.43,85.53,-179.95000000000002,-31.73304732666554,3.5404172473343465,54.44359941705084,-0.8103760191503071,0.04516711318057685,0.5841666196155284
,393,0,-0.8201171875,0.6554869684499309,0.8201171875,-0.6554869684499309,1565,2822,3047,1427,1627,2823,3047,1466,-292,0,18,-148,5000,5000,4900,4900,-31.36,23.98,-207.43,30.767512982310862,-21.757184599014664,46.544922193135406,0.7774925679423085,-0.5754084889352077,0.2537919968316095
,394,0,0.1298828125,-0.4000685871056242,-0.1298828125,0.4000685871056242,2185,2134,2427,2115,2185,2163,2433,2116,0,-102,-26,0,5000,5000,5000,5000,-47.04,54.47,-163.91,-1.27111750085745,20.744809856035943,61.926714159803225,-0.0019053006583992895,0.5364781928300953,0.8439120324104616
,395,0,-0.3451171875,0.2332647462277091,0.3451171875,-0.2332647462277091,1875,2547,2737,1702,1898,2547,2737,1716,-64,0,0,-39,5000,5000,5000,5000,-47.65,37.550000000000004,-192.27,16.66152289883887,-6.980992344541647,62.73194743633069,0.5011648663472127,-0.24276682953116283,0.8306010132539978
,396,0,0.6048828124999999,0.8665980795610422,-0.6048828124999999,-0.8665980795610422,2494,2960,2118,1289,2495,2961,2152,1347,0,0,-124,-275,4900,4800,5100,4800,-30.89,75.07000000000001,-216.46,-19.963353104813464,-32.628280931646344,46.15970721821716,-0.443315044282312,-0.8539505872942316,0.2724704864252428
,397,0,-0.5826171874999999,-0.751920438957476,0.5826171874999999,0.751920438957476,1720,1905,2892,2344,1756,1962,2893,2344,-131,-264,-21,0,5100,4900,5100,5000,-33.230000000000004,30.51,-155.08,22.352603204973878,30.3350473782518,48.04457584179336,0.6145088549345392,0.7083604353492253,0.3472813856786699
,398,0,0.36738281250000004,-0.11858710562414276,-0.36738281250000004,0.11858710562414276,2339,2318,2273,1931,2339,2321,2300,1932,0,-16,-104,0,5000,5000,5000,5000,-48.31,69.7,-178.32,-15.970922988026174,5.803967466373649,63.30542635844163,-0.42374217132754677,0.10470801001597052,0.8997104005607088
,399,0,-0.10761718750000004,0.5147462277091905,0.10761718750000004,-0.5147462277091905,2030,2731,2582,1518,2034,2732,2582,1553,-10,0,0,-135,5000,5000,5000,4900,-45.0,52.910000000000004,-207.06,1.8449570824435426,-22.334231584887704,60.193518347874004,0.0738602207289852,-0.6605884272963956,0.7471061487606291
,400,0,0.8423828124999999,-0.5408093278463648,-0.8423828124999999,0.5408093278463648,2649,2042,1963,2207,2649,2075,2020,2208,0,-119,-276,0,5100,4800,5100,4800,-32.51,86.25,-163.68,-33.04078858506945,19.72405649224109,47.408165273248315,-0.8190370122001789,0.44004229225955516,0.3681591417704577
,401,0,-0.8794921874999999,0.09252400548696826,0.8794921874999999,-0.09252400548696826,1527,2455,3085,1794,1598,2455,3086,1795,-366,0,0,0,5000,4900,5000,5000,-33.02,15.9,-184.85,38.027521653712824,1.1109816556686098,48.040798604920454,0.9534546082948399,-0.02222844033215555,0.30071615580432864
,402,0,0.07050781250000004,0.7258573388203013,-0.07050781250000004,-0.7258573388203013,2146,2868,2466,1381,2147,2869,2466,1431,0,0,0,-224,4800,4800,5100,5000,-38.57,52.35,-215.62,2.7126235114008495,-30.9140932758462,53.82443455724262,0.09846587332001143,-0.853761776216923,0.5112683260893943
,403,0,-0.40449218749999993,-0.3296982167352538,0.40449218749999993,0.3296982167352538,1836,2180,2776,2069,1862,2204,2776,2069,-79,-76,-5,0,4900,5000,5000,4900,-45.12,34.01,-171.63,19.45390997346959,13.754748612984855,60.05356707353789,0.5704071904470618,0.33847693988227284,0.7483775773326069
,404,0,0.5455078124999999,0.3036351165980795,-0.5455078124999999,-0.3036351165980795,2456,2593,2156,1656,2457,2595,2196,1668,0,-8,-163,-36,5000,4900,5000,4800,-43.980000000000004,77.21000000000001,-193.52,-22.92804566982194,-9.687668786173305,59.086818743455794,-0.5969168597018003,-0.31634077784177883,0.7373050758527296
,405,0,-0.6419921875,0.9369684499314126,0.6419921875,-0.9369684499314126,1681,3006,2931,1243,1724,3007,2930,1311,-172,0,14,-346,5000,5000,5100,5000,-28.18,35.300000000000004,-219.07,19.87454845279695,-33.82053173950524,43.45245076614222,0.49578735510416627,-0.8546634094186796,0.15409527935551148
,406,0,0.3080078125000001,-0.931755829903978,-0.3080078125000001,0.931755829903978,2301,1788,2311,2461,2301,1863,2321,2462,0,-384,-33,0,5100,5000,5100,5000,-30.43,58.36,-144.65,-5.856093845385132,39.73289746958142,45.18149631408856,-0.11224792958616885,0.9503209055388029,0.29032839819681394
,407,0,-0.1669921875,-0.2984224965706447,0.1669921875,0.2984224965706447,1991,2200,2621,2049,2000,2212,2621,2049,-21,-31,0,0,5000,5000,5000,5000,-47.94,45.51,-168.11,7.834760846688155,16.877442479403356,62.85302355404376,0.2541543050762641,0.4141678878695327,0.8739968820704634
,408,0,0.7830078125,0.3349108367626883,-0.7830078125,-0.3349108367626883,2610,2613,2002,1636,2611,2614,2058,1652,0,0,-270,-49,5000,5000,5100,4800,-37.18,87.22,-191.75,-32.996378627551024,-8.328637520676722,52.27838974171765,-0.8222927062618072,-0.2645702438570876,0.5038226784237033
,409,0,-0.7607421875,-0.7206447187928668,0.7607421875,0.7206447187928668,1604,1925,3008,2324,1658,1969,3009,2324,-240,-179,0,0,5000,4900,5000,5000,-29.88,24.1,-158.07,28.865864073831624,27.55451419863698,44.713394656197565,0.7386226428640293,0.6333128504279517,0.23097927381342978
,410,0,0.18925781249999996,-0.08731138545953354,-0.18925781249999996,0.08731138545953354,2223,2338,2389,1911,2223,2340,2403,1911,0,-16,-46,0,5000,5000,5000,5000,-50.49,61.120000000000005,-177.98,-7.4084731755233335,6.468943061136912,65.47951482645283,-0.19178578497770804,0.12466267055261568,0.9734872527420042
,411,0,-0.2857421875,0.5460219478737993,0.2857421875,-0.5460219478737993,1914,2751,2698,1498,1930,2751,2698,1535,-33,0,0,-140,4900,5000,5000,5000,-43.53,44.33,-207.58,10.437924743861018,-22.554710191773154,58.72382587877053,0.3014391584509788,-0.6582203957061713,0.689840810933056
,412,0,0.6642578125,-0.5095336076817558,-0.6642578125,0.5095336076817558,2533,2063,2079,2186,2533,2094,2122,2187,0,-109,-180,0,5000,5000,5100,4900,-38.37,79.59,-162.91,-26.412081673937323,20.775697878714,53.25986546042182,-0.673141775116539,0.49669402325643525,0.5478824671900814
,413,0,-0.5232421875,0.12379972565157749,0.5232421875,-0.12379972565157749,1759,2476,2853,1773,1797,2476,2853,1776,-143,0,0,-18,5000,4800,5100,5000,-44.35,28.89,-186.42000000000002,25.10426904779312,-0.8459495981798852,59.386893181967686,0.7074714248781715,-0.0693391601897818,0.703332257076999
,414,0,0.4267578125,0.7571330589849106,-0.4267578125,-0.7571330589849106,2378,2889,2234,1360,2379,2890,2256,1411,0,0,-77,-231,4900,5000,5000,4900,-36.74,68.14,-214.47,-13.10885613939147,-30.34779233293088,51.99260899196149,-0.29727281715291565,-0.8333970339408822,0.46591657622423094
,415,0,-0.04824218749999998,-0.8613854595336077,0.04824218749999998,0.8613854595336077,2069,1833,2543,2416,2070,1906,2544,2417,0,-368,-14,0,5000,5000,5000,4900,-33.08,51.56,-146.20000000000002,0.9957973154891988,38.448264248507996,47.839748560743644,0.08312755112156506,0.9254065640149532,0.36974653686352443
,416,0,0.9017578124999999,-0.22805212620027437,-0.9017578124999999,0.22805212620027437,2688,2246,1924,2003,2688,2249,1996,2004,0,-14,-386,0,5000,5100,4700,4800,-32.75,91.14,-176.94,-37.4489843997938,6.298262685214468,47.7445732253718,-0.9212145036299324,0.10813856016572071,0.3737243504337688
,417,0,-0.9091796875,0.40528120713305893,0.9091796875,-0.40528120713305893,1507,2659,3105,1590,1575,2660,3105,1609,-343,0,20,-61,4900,5100,5100,5000,-31.55,17.31,-196.0,37.02065937691407,-10.092843880900972,46.65082677007219,0.9233141656672033,-0.2892033642174589,0.2526902562497793
,418,0,0.040820312499999956,-0.6502743484224965,-0.040820312499999956,0.6502743484224965,2127,1971,2485,2278,2128,2023,2485,2278,0,-229,0,0,5000,4800,5100,4900,-40.34,49.410000000000004,-153.31,3.4020500265115103,31.47245886186036,55.14935095063567,0.13289983888461304,0.7891109818033892,0.5997011682677756
,419,0,-0.4341796875,-0.016941015089163236,0.4341796875,0.016941015089163236,1817,2384,2795,1865,1847,2385,2795,1865,-105,0,0,0,4900,4900,5000,5000,-45.84,31.63,-180.54,22.154044500759543,4.94181102883735,60.83606606552235,0.6415137602834635,0.08909057499231253,0.7619205764477753
,420,0,0.5158203125,0.6163923182441695,-0.5158203125,-0.6163923182441695,2436,2797,2176,1452,2437,2797,2208,1493,0,0,-126,-165,5000,5000,5000,5000,-39.43,73.42,-207.73000000000002,-18.628293664053416,-23.78372347266898,54.63664178470316,-0.451429962304583,-0.687192699953103,0.5691899351401486
,421,0,-0.6716796875,-0.4391632373113854,0.6716796875,0.4391632373113854,1662,2109,2950,2140,1708,2135,2950,2141,-188,-89,0,0,5000,5000,5000,4900,-37.64,23.93,-169.4,29.44578777438459,16.293673163649316,52.55383773591409,0.7922094776126206,0.37414659983989,0.48209798320360975
,422,0,0.2783203125,0.19417009602194768,-0.2783203125,-0.19417009602194768,2281,2522,2331,1727,2281,2522,2350,1736,0,0,-63,-30,5000,5000,5000,4900,-49.44,65.18,-190.64000000000001,-11.009049471901086,-6.3365037972379525,64.52134934424203,-0.287287224452367,-0.2369196328927415,0.9280814286561412
,423,0,-0.19667968749999998,0.8275034293552808,0.19667968749999998,-0.8275034293552808,1972,2934,2640,1315,1979,2935,2639,1378,-11,0,17,-310,5000,4800,4900,5000,-35.47,52.2,-218.48000000000002,2.965306801516107,-33.78885678145792,50.744826474758824,0.09683861832724452,-0.9057687967316715,0.41255929133608066
,424,0,0.7533203124999999,-0.7910150891632373,-0.7533203124999999,0.7910150891632373,2591,1879,2021,2370,2592,1938,2065,2371,0,-273,-194,0,4600,4900,5000,4900,-30.67,79.59,-152.6,-26.7852934250936,31.023792735661516,45.486618726154035,-0.6455144413762085,0.7162423684719524,0.2651565114803879
,425,0,-0.7904296875,-0.15768175582990396,0.7904296875,0.15768175582990396,1585,2292,3027,1957,1647,2294,3028,1958,-300,-16,0,0,4900,4900,5100,4900,-36.1,18.650000000000002,-182.25,35.18591353054315,3.631943568104191,51.103299920901414,0.9109735787949158,0.04824064827493714,0.40963395683414366
,426,0,0.1595703125000001,0.4756515775034291,-0.1595703125000001,-0.4756515775034291,2204,2705,2408,1544,2204,2706,2416,1577,0,0,-28,-118,5000,5000,5000,4900,-46.04,56.79,-204.91,-2.109964739572881,-20.318298987221596,61.21972940969579,-0.03522226901164826,-0.6121964639452218,0.7899208069791791
,427,0,-0.3154296875,-0.5799039780521262,0.3154296875,0.5799039780521262,1894,2017,2718,2232,1911,2060,2719,2233,-40,-173,-17,0,4900,4900,5000,5000,-41.660000000000004,40.2,-158.38,12.789225793391694,26.747698966331313,56.5017469914823,0.3856906629208606,0.668409967554018,0.6359802102346455
,428,0,0.6345703125,0.05342935528120685,-0.6345703125,-0.05342935528120685,2514,2430,2098,1819,2514,2431,2145,1820,0,0,-209,0,5000,5000,5100,5000,-42.050000000000004,82.07000000000001,-180.29,-28.26265595323345,3.344209152372457,57.06456986684219,-0.7358629083570435,0.033780766098348,0.6762873944900365
,429,0,-0.5529296875,0.6867626886145402,0.5529296875,-0.6867626886145402,1740,2843,2872,1406,1776,2844,2872,1450,-132,0,0,-185,4800,5100,5000,5000,-36.77,34.97,-211.47,19.931259374916458,-26.152491961626936,51.98796187188091,0.535396074624914,-0.7187584707023548,0.44355079085697174
,430,0,0.3970703124999999,-0.3687928669410151,-0.3970703124999999,0.3687928669410151,2359,2155,2253,2094,2360,2179,2275,2094,-2,-76,-81,0,4900,5000,5000,4900,-45.5,69.27,-167.41,-15.935371582659151,16.702056608843264,60.417608992270125,-0.4106657692859585,0.422508097871609,0.8079854783160938
,431,0,-0.07792968749999996,0.2645404663923181,0.07792968749999996,-0.2645404663923181,2049,2567,2563,1682,2054,2568,2563,1699,-11,0,0,-52,5000,5000,5000,4900,-49.910000000000004,51.71,-195.87,2.6410040112032434,-11.073473723356528,65.02320174031043,0.10896433068420815,-0.36136104861653173,0.9260372385499965
,432,0,0.8720703125,0.8978737997256512,-0.8720703125,-0.8978737997256512,2669,2980,1943,1269,2669,2981,2003,1329,0,0,-293,-287,4800,5000,4800,5000,-25.22,85.07000000000001,-213.67000000000002,-30.058345259752684,-30.24151865725807,40.47397953943475,-0.651605486166365,-0.754265623753817,0.08058324404713472
,433,0,-0.8498046874999999,-0.9082990397805212,0.8498046874999999,0.9082990397805212,1546,1803,3066,2446,1601,1867,3068,2447,-242,-296,-21,0,4800,5000,5100,4900,-22.5,22.72,-153.72,30.086908978950763,31.89873087763175,37.30204317447534,0.7318149769606209,0.6814663250528509,0.007105442638412867
,434,0,0.10019531249999991,-0.2749657064471879,-0.10019531249999991,0.2749657064471879,2165,2216,2447,2033,2166,2227,2453,2034,0,-32,-29,0,5000,5000,5000,4900,-48.86,53.69,-168.51,-0.32534110984300213,16.18905671570323,63.77912349430476,0.010322806178198836,0.39837227380488405,0.9171657271922746
,435,0,-0.37480468749999996,0.3583676268861451,0.37480468749999996,-0.3583676268861451,1856,2629,2756,1620,1878,2630,2756,1643,-61,0,0,-71,5000,5000,5000,4900,-45.95,37.42,-197.95000000000002,16.996199525297836,-12.664582172387867,61.07239983999456,0.49244035908992617,-0.4062865099640741,0.7696971901732503
,436,0,0.5751953125,-0.6971879286694102,-0.5751953125,0.6971879286694102,2475,1941,2137,2308,2476,1988,2173,2308,0,-195,-140,0,4900,5100,5000,4800,-35.67,72.75,-153.95000000000002,-19.900311009346808,29.957230878891863,50.49337046161503,-0.48485502100688627,0.7350884759305519,0.47387819232215134
,437,0,-0.6123046875,-0.06385459533607685,0.6123046875,0.06385459533607685,1701,2353,2911,1896,1748,2354,2911,1896,-198,0,0,0,5000,4900,4900,4800,-41.67,24.87,-181.94,28.959573415789013,3.7569838949916345,56.6734393888192,0.7934844489344082,0.05316532477451861,0.6062638679163377
,438,0,0.33769531249999996,0.5694787379972563,-0.33769531249999996,-0.5694787379972563,2320,2766,2292,1483,2320,2766,2312,1522,0,0,-66,-151,5000,5000,4900,5000,-42.84,65.12,-207.5,-10.341515519023929,-23.23000481947261,58.04159459321076,-0.24558346323727054,-0.6867023416842035,0.6841992812842023
,439,0,-0.13730468750000002,-0.486076817558299,0.13730468750000002,0.486076817558299,2010,2078,2602,2171,2014,2114,2603,2172,-9,-138,-21,0,5000,4900,5000,4900,-45.0,47.730000000000004,-160.58,5.344012236295363,24.301252867802503,59.860347380963326,0.18518643610085947,0.6230909941898202,0.7599102557827495
,440,0,0.8126953125,0.1472565157750343,-0.8126953125,-0.1472565157750343,2630,2491,1982,1758,2630,2492,2042,1761,0,-3,-297,-18,5000,4900,5000,4800,-36.86,88.16,-182.29,-34.27724499419146,1.0887511676492636,51.891386325971425,-0.8756161925053826,-0.029434174659827436,0.48210985551476937
,441,0,-0.7310546874999999,0.7805898491083674,0.7310546874999999,-0.7805898491083674,1623,2904,2989,1345,1674,2905,2989,1398,-217,0,0,-236,5100,5000,4800,4800,-30.970000000000002,29.26,-212.87,25.68723951702755,-27.38684116694654,46.19579693612937,0.652882233879819,-0.7167866412373304,0.24487078149057295
,442,0,0.21894531250000004,-0.8379286694101509,-0.21894531250000004,0.8379286694101509,2243,1849,2369,2400,2243,1918,2376,2401,0,-334,-27,0,5100,5000,5000,4700,-34.410000000000004,55.33,-147.04,-2.7412387820312816,37.48225944154055,49.17720731477856,-0.028665447960164125,0.9149512120175194,0.4025451176215097
,443,0,-0.25605468749999993,-0.20459533607681757,0.25605468749999993,0.20459533607681757,1933,2262,2679,1987,1950,2268,2679,1988,-41,-20,0,0,5000,5000,5000,4900,-48.32,40.53,-173.78,13.016213733224845,11.39372127422115,63.271410609813245,0.4025600670270088,0.25899573230043005,0.8779900928173249
,444,0,0.6939453124999999,0.42873799725651573,-0.6939453124999999,-0.42873799725651573,2552,2674,2060,1575,2552,2675,2107,1599,0,0,-211,-77,4800,4700,5000,4900,-38.89,82.87,-197.19,-28.452626457834157,-13.59576412303349,54.025356706184546,-0.7149339503668951,-0.41744552640423455,0.5608998833106296
,445,0,-0.4935546875,-0.6268175582990398,0.4935546875,0.6268175582990398,1778,1986,2834,2263,1810,2029,2834,2263,-112,-172,-1,0,5100,5000,4900,5000,-38.21,33.54,-158.14000000000001,19.435731377282572,27.20328857473166,53.047459563947484,0.5463409981383979,0.6634972620611472,0.511158387381544
,446,0,0.4564453125000001,0.006515775034293347,-0.4564453125000001,-0.006515775034293347,2398,2399,2214,1850,2399,2400,2247,1851,0,0,-131,0,5000,4900,5000,4800,-46.61,74.57000000000001,-180.25,-20.768334717185425,3.687387372405226,61.62116705336359,-0.5503381107611997,0.04709816906796113,0.8336124557096296
,447,0,-0.0185546875,0.6398491083676265,0.0185546875,-0.6398491083676265,2088,2812,2524,1437,2089,2812,2525,1485,0,0,0,-210,5000,4900,4800,5000,-41.58,57.43,-212.3,-2.483462955325791,-27.758208611665708,56.81274133812884,-0.03212952407999923,-0.7775564795529593,0.6279917314643573
,448,0,0.9314453125,-0.4157064471879286,-0.9314453125,0.4157064471879286,2707,2124,1905,2125,2707,2148,1976,2126,0,-69,-383,0,5000,5100,5000,5000,-31.64,91.13,-172.99,-37.581714076617004,10.238031817845297,46.60645986789825,-0.9096335323144891,0.2579509438030312,0.32561963620179746
,449,0,-0.9240234374999999,0.21762688614540449,0.9240234374999999,-0.21762688614540449,1498,2537,3114,1712,1571,2537,3115,1718,-378,0,0,-20,4700,5100,5000,5000,-31.71,15.35,-188.29,38.701133615579806,-2.3161845728912738,46.75511646432412,0.9625812676809861,-0.10915499748083396,0.24803727468794917
,450,0,0.025976562500000022,0.8509602194787378,-0.025976562500000022,-0.8509602194787378,2117,2950,2495,1299,2118,2951,2495,1364,0,0,0,-325,4800,4900,5100,4900,-34.75,52.33,-219.39000000000001,2.868132614443759,-34.70806846313175,50.031379166514405,0.09578267014375744,-0.9245672631631545,0.3687832100125029
,451,0,-0.44902343749999996,-0.7675582990397805,0.44902343749999996,0.7675582990397805,1807,1895,2805,2354,1831,1955,2805,2354,-69,-283,0,0,5000,4800,4900,4900,-34.86,36.29,-152.73,16.491785168971788,32.48648152821815,49.660107657398136,0.4843474071605884,0.7745387326731664,0.40681364378036833
,452,0,0.5009765625,-0.13422496570644715,-0.5009765625,0.13422496570644715,2427,2307,2185,1942,2428,2310,2222,1943,0,-15,-152,0,5000,5000,5000,5000,-45.5,76.23,-178.42000000000002,-22.493460643587596,5.448320694779426,60.498823802745875,-0.5911306243681639,0.09446703055940954,0.8010246969172626
,453,0,-0.6865234375,0.49910836762688593,0.6865234375,-0.49910836762688593,1652,2720,2960,1529,1701,2721,2960,1556,-208,0,0,-93,5000,5000,4900,4900,-37.51,26.53,-202.43,28.039591695468257,-16.80873016659538,52.66016905512398,0.7440792266041973,-0.4823777456520798,0.46223134363186236
,454,0,0.26347656249999996,-0.5564471879286694,-0.26347656249999996,0.5564471879286694,2272,2032,2340,2217,2272,2072,2354,2218,0,-156,-43,0,4900,5000,5000,5000,-43.43,58.96,-157.54,-5.988615765169563,26.9227010921808,58.27322678462636,-0.13811605470947477,0.6951997233053676,0.705422781137404
,455,0,-0.21152343750000002,0.07688614540466365,0.21152343750000002,-0.07688614540466365,1962,2445,2650,1804,1976,2445,2650,1809,-32,0,0,-17,5000,5000,5000,5000,-50.06,42.54,-185.14000000000001,11.417780422946358,-0.018718592182011662,65.09309314206862,0.35891879201893506,-0.05148054236457433,0.9319479891568616
,456,0,0.7384765625,0.7102194787379967,-0.7384765625,-0.7102194787379967,2581,2858,2031,1391,2582,2859,2081,1433,0,0,-234,-172,5100,5000,4900,4900,-32.83,81.85000000000001,-209.16,-27.002132152537854,-25.56407662395273,48.05037033376136,-0.6336738093804941,-0.6933449582943292,0.34311845201482216
,457,0,-0.8052734374999999,-0.3453360768175583,0.8052734374999999,0.3453360768175583,1575,2170,3037,2079,1638,2186,3038,2079,-305,-45,0,0,4900,5000,4800,5000,-34.96,18.97,-175.06,34.6064555462385,10.797395639589212,49.912239445662486,0.8935410831190522,0.23613214883348704,0.3818716290400623
,458,0,0.14472656250000004,0.2879972565157749,-0.14472656250000004,-0.2879972565157749,2194,2583,2418,1666,2194,2584,2427,1684,-1,0,-31,-55,5000,5000,5000,4900,-49.47,57.42,-196.35,-3.048014209813921,-11.762363368786964,64.58891757371727,-0.06848258694480655,-0.3850699806620082,0.9203430041448173
,459,0,-0.33027343749999993,0.921330589849108,0.33027343749999993,-0.921330589849108,1885,2996,2727,1253,1899,2997,2726,1322,-28,0,16,-349,5100,4900,4800,5000,-31.38,47.21,-221.03,8.04350652746811,-36.18621472123016,46.671098151471675,0.21956840098597943,-0.9365077630455422,0.2733915270155498
,460,0,0.6197265624999999,-0.8848422496570645,-0.6197265624999999,0.8848422496570645,2504,1818,2108,2431,2504,1887,2141,2431,0,-339,-126,0,5100,4900,4800,5000,-30.060000000000002,72.55,-148.8,-19.88711820782784,35.07094524496134,44.84674745912561,-0.4767543684999992,0.8386745979457136,0.2633062682063649
,461,0,-0.5677734375,-0.25150891632373107,0.5677734375,0.25150891632373107,1730,2231,2882,2018,1772,2238,2882,2018,-168,-21,0,15,4900,5000,5100,5000,-42.4,27.37,-175.67000000000002,26.235007911032536,9.937720936633298,57.359757414496265,0.7331370862636982,0.22211626877371676,0.6427864154529221
,462,0,0.3822265625000001,0.3818244170096019,-0.3822265625000001,-0.3818244170096019,2349,2644,2263,1605,2349,2645,2286,1627,0,0,-81,-68,5000,5000,5000,4900,-46.06,69.36,-198.43,-14.905649971644635,-14.296198606908689,61.19860001841277,-0.37633857448935437,-0.458401656266071,0.8051317897610574
,463,0,-0.0927734375,-0.6737311385459533,0.0927734375,0.6737311385459533,2040,1956,2572,2293,2041,2009,2572,2293,-7,-234,0,0,5000,5000,5100,5000,-39.76,51.08,-152.54,1.7052641752624922,32.177529446068064,54.56454906427916,0.08453146270380424,0.8078261207597551,0.5833278584393178
,464,0,0.8572265625,-0.04039780521262004,-0.8572265625,0.04039780521262004,2659,2369,1953,1880,2659,2370,2018,1880,0,0,-338,0,4900,4700,5000,4600,-35.660000000000004,89.53,-179.14000000000001,-35.760214557340106,4.178615156712993,50.6695263487802,-0.9038605523730487,0.04747059729132846,0.4251854233821895
,465,0,-0.8646484375,0.5929355281207129,0.8646484375,-0.5929355281207129,1536,2782,3076,1467,1600,2782,3076,1501,-310,0,18,-133,4900,5100,4900,4800,-31.080000000000002,21.53,-204.4,33.10651702866839,-18.642811623903555,46.24236468947579,0.833337397552997,-0.49671154613332474,0.24254158772763051
,466,0,0.08535156250000009,-0.4626200274348422,-0.08535156250000009,0.4626200274348422,2156,2093,2456,2156,2157,2128,2458,2157,0,-134,-22,-1,5000,4900,5000,5000,-45.69,51.72,-161.20000000000002,1.3790877296860344,23.54259397863575,60.55634331972808,0.0739607668996834,0.6097833585661803,0.7891096632125094
,467,0,-0.3896484375,0.17071330589849087,0.3896484375,-0.17071330589849087,1846,2506,2766,1743,1872,2506,2766,1751,-79,0,0,-27,5000,5000,5000,5000,-47.18,34.910000000000004,-188.65,19.1690815496073,-3.2715169061912377,62.23511589019912,0.5696741977997992,-0.1379767434468428,0.8102059779025077
,468,0,0.5603515625,0.8040466392318242,-0.5603515625,-0.8040466392318242,2465,2919,2147,1330,2466,2920,2180,1387,0,0,-121,-265,4800,4900,5100,4700,-33.64,73.69,-214.51,-18.654239287047943,-30.610179812135698,48.895194173690584,-0.4238478124324728,-0.8272881498918078,0.3687103862719307
,469,0,-0.6271484375,-0.8144718792866941,0.6271484375,0.8144718792866941,1691,1864,2921,2385,1731,1927,2922,2386,-148,-299,-21,0,4800,5100,5100,4900,-30.66,29.59,-153.46,23.21316705354533,31.968821433898853,45.46273305075698,0.625681334381078,0.7336515508683975,0.26510048984396206
,470,0,0.3228515624999999,-0.18113854595336076,-0.3228515624999999,0.18113854595336076,2310,2277,2302,1972,2310,2283,2326,1973,0,-20,-83,0,5000,5000,5000,4900,-48.7,66.66,-174.70000000000002,-13.063502077389309,9.534013641991208,63.66841282671846,-0.34815739645084914,0.20946183150051548,0.9137352835701464
,471,0,-0.15214843749999996,0.4521947873799723,0.15214843749999996,-0.4521947873799723,2001,2690,2611,1559,2007,2691,2611,1591,-13,0,0,-115,5000,4900,4900,5000,-46.5,49.800000000000004,-203.95000000000002,4.840898054922995,-19.103395944551437,61.6700815041771,0.15868820197915995,-0.5819301088583562,0.7976060449599928
,472,0,0.7978515625,-0.603360768175583,-0.7978515625,0.603360768175583,2620,2002,1992,2247,2621,2042,2043,2247,0,-149,-227,0,4900,4800,5100,4900,-33.31,83.43,-161.66,-30.295418081205483,21.850170505677454,48.19262687102307,-0.7648409186943994,0.5239918968641786,0.37476774289069603
,473,0,-0.7458984375,0.029972565157750264,0.7458984375,-0.029972565157750264,1614,2415,2998,1834,1672,2416,2998,1835,-273,0,0,-2,4900,5100,4800,5000,-37.730000000000004,20.11,-183.6,33.77582228899188,2.241792694736631,52.74345943746552,0.8866264385457371,0.006682832609588684,0.46243799391920043
,474,0,0.2041015625,0.6633058984910831,-0.2041015625,-0.6633058984910831,2233,2827,2379,1422,2233,2828,2388,1471,0,0,-30,-210,4900,4900,4800,5000,-40.97,57.78,-212.4,-2.829712842457674,-27.87512382599934,56.20360929306924,-0.044052843531023164,-0.794673021280697,0.6054371447354704
,475,0,-0.2708984375,-0.3922496570644718,0.2708984375,0.3922496570644718,1923,2139,2689,2110,1939,2167,2689,2111,-37,-94,-1,-12,5000,5000,5000,5000,-46.17,40.72,-166.66,12.569053196006365,18.486707895454998,61.070822450944796,0.3838065412180004,0.47165113251778995,0.7938751464260368
,476,0,0.6791015624999999,0.2410836762688613,-0.6791015624999999,-0.2410836762688613,2543,2552,2069,1697,2543,2552,2118,1707,0,0,-223,-29,5000,5000,5000,4700,-40.77,83.77,-188.74,-29.656751326462796,-5.170554975276218,55.84547596527083,-0.7572126985016134,-0.17504496585402152,0.6292759245013819
,477,0,-0.5083984374999999,0.8744170096021944,0.5083984374999999,-0.8744170096021944,1769,2965,2843,1284,1799,2966,2843,1344,-101,0,5,-287,4900,5100,5100,4900,-31.810000000000002,39.82,-218.42000000000002,15.334552130799672,-33.30820646373709,47.07953722886408,0.4004421241132436,-0.8714965311818846,0.28308991747078394
,478,0,0.44160156250000004,-0.7441015089163237,-0.44160156250000004,0.7441015089163237,2388,1910,2224,2339,2389,1966,2245,2339,0,-253,-75,0,4900,4800,4800,4700,-36.22,66.8,-151.71,-14.034955880280386,32.41437547478961,51.02501850758602,-0.33662112238091735,0.807117323494862,0.4850235520894851
,479,0,-0.033398437500000044,-0.11076817558299035,0.033398437500000044,0.11076817558299035,2078,2323,2534,1926,2083,2327,2535,1927,-11,-18,-6,0,5000,5000,5000,5000,-50.95,51.57,-176.69,2.0888111957608757,8.106014032763369,65.92649156501822,0.10323999176539916,0.17400349299071505,0.9793182774396232
,480,0,0.9166015624999999,0.5225651577503427,-0.9166015624999999,-0.5225651577503427,2698,2736,1914,1513,2698,2737,1983,1540,0,0,-368,-94,4800,5100,4900,4500,-31.3,90.03,-198.94,-35.545884334299586,-15.657127820160554,46.45088164806153,-0.8498229035294618,-0.43586149813131664,0.29635415820176875
,481,0,-0.8943359375,-0.5329903978052126,0.8943359375,0.5329903978052126,1517,2048,3095,2201,1587,2076,3096,2202,-351,-100,0,0,5000,4900,5100,5000,-29.96,17.68,-167.88,35.635757961164785,17.98342561407344,44.860704060807564,0.8875124898651988,0.4042746599426086,0.22109631308903246
,482,0,0.0556640625,0.10034293552812046,-0.0556640625,-0.10034293552812046,2136,2460,2476,1789,2137,2460,2479,1795,0,-1,-22,-24,5000,5000,5000,5000,-51.370000000000005,54.21,-187.63,-0.15455900777890008,-2.918862957368333,66.42546799966664,0.007744661158158607,-0.13616218977599726,0.9906562866599852
,483,0,-0.4193359375,0.7336762688614538,0.4193359375,-0.7336762688614538,1827,2873,2785,1376,1849,2874,2784,1425,-65,-4,17,-215,5000,5000,4900,5000,-36.95,40.6,-214.31,14.407455431184601,-29.19247421463305,52.19044123532398,0.3884857018656336,-0.7981551373403506,0.46046415298389065
,484,0,0.5306640624999999,-0.3218792866941015,-0.5306640624999999,0.3218792866941015,2446,2185,2166,2064,2447,2204,2202,2065,0,-58,-141,-16,5000,5000,5000,5000,-43.910000000000004,75.77,-171.20000000000002,-22.294573902628173,12.66869297512605,58.857248888990036,-0.5859698051930464,0.3050210053136789,0.7507340232861807
,485,0,-0.6568359374999999,0.3114540466392317,0.6568359374999999,-0.3114540466392317,1672,2598,2940,1651,1722,2599,2940,1664,-216,0,0,-38,4900,5000,5000,5000,-40.46,25.3,-194.84,28.995271284649583,-9.15843382303106,55.555534727792704,0.7817194337972109,-0.2747685405914426,0.5598365617972949
,486,0,0.29316406250000004,0.9447873799725648,-0.29316406250000004,-0.9447873799725648,2291,3011,2321,1238,2291,3011,2333,1312,0,0,-33,-387,5000,5100,4700,5000,-31.16,59.980000000000004,-221.32,-4.707737856978632,-36.93846159176047,46.458280638346444,-0.07816500754143829,-0.9605079539912477,0.26704812659068333
,487,0,-0.18183593750000004,-0.9447873799725651,0.18183593750000004,0.9447873799725651,1981,1779,2631,2470,1984,1859,2632,2471,-4,-423,-22,0,5000,5000,4700,5100,-30.060000000000002,48.980000000000004,-144.21,3.5018611460076485,40.50848787216603,44.8046171471326,0.14158972383631058,0.9537581719519194,0.26513713345906487
,488,0,0.7681640624999999,-0.3114540466392318,-0.7681640624999999,0.3114540466392318,2601,2192,2011,2057,2602,2200,2067,2057,0,-22,-269,0,5100,5000,4800,4600,-37.1,85.79,-171.85,-32.28555842244448,11.60893016956166,52.05606288059904,-0.8204687213593581,0.24277900926679252,0.5175803608430043
,489,0,-0.7755859374999999,0.3218792866941014,0.7755859374999999,-0.3218792866941014,1594,2605,3018,1644,1652,2606,3019,1658,-270,0,0,-40,5000,5000,5100,4900,-36.68,20.89,-193.5,33.35349417971109,-7.687146111594075,51.764320454352564,0.8712657802906077,-0.24157120236886453,0.42724617526744413
,490,0,0.1744140624999999,-0.733676268861454,-0.1744140624999999,0.733676268861454,2214,1917,2398,2332,2214,1972,2404,2332,0,-248,-27,0,5000,5000,5100,5000,-37.87,53.44,-150.14000000000001,-0.7400897230831376,34.47724973508872,52.65844547210151,0.03346157059955425,0.8560828827647925,0.5157542255087528
,491,0,-0.30058593749999996,-0.10034293552812068,0.30058593749999996,0.10034293552812068,1904,2330,2708,1919,1925,2332,2709,1918,-54,-15,-19,16,5000,4900,5000,5000,-48.38,37.78,-179.1,15.956441549207902,6.176999007482465,63.368205143916136,0.48769925467184094,0.11356275197197346,0.8655939800836666
,492,0,0.6494140625,0.5329903978052124,-0.6494140625,-0.5329903978052124,2523,2742,2089,1507,2523,2743,2132,1536,0,0,-183,-104,5000,5000,4900,4900,-38.26,80.21000000000001,-202.62,-25.598468439523018,-18.930582001823154,53.43298840296738,-0.6301602270336566,-0.5588310599220151,0.5390787834179036
,493,0,-0.5380859375,-0.522565157750343,0.5380859375,0.522565157750343,1749,2054,2863,2195,1784,2085,2863,2197,-126,-115,-7,-15,5000,4800,4900,4900,-39.47,30.43,-163.05,22.72109825490821,22.41784119532656,54.34115885603401,0.6348470230238491,0.5420833647554016,0.5505587007878624
,494,0,0.41191406249999996,0.11076817558299057,-0.41191406249999996,-0.11076817558299057,2369,2467,2243,1782,2370,2467,2271,1785,0,-6,-107,-19,5000,4900,5000,4900,-47.59,72.42,-184.58,-18.463315890000274,-0.5550966779858584,62.631126106246164,-0.4875915349894698,-0.07187927952094385,0.870107961222148
,495,0,-0.06308593750000002,0.7441015089163237,0.06308593750000002,-0.7441015089163237,2059,2880,2553,1369,2060,2881,2554,1423,0,-1,0,-247,5000,5100,4900,5000,-38.01,56.68,-215.98000000000002,-1.6016420689163482,-31.434115449206786,53.268746297780886,-0.02049759002037039,-0.8617806494731332,0.5068668079456585
,496,0,0.8869140625,-0.8744170096021948,-0.8869140625,0.8744170096021948,2678,1825,1934,2424,2678,1889,1990,2425,0,-301,-272,0,5100,5000,4800,4700,-24.66,82.97,-152.52,-30.166837300255338,30.938882345741973,39.47755463546239,-0.7058156094279249,0.7020824926609852,0.0943636528904213
,497,0,-0.8349609375,-0.2410836762688614,0.8349609375,0.2410836762688614,1556,2238,3056,2011,1624,2244,3057,2011,-337,-21,0,16,4900,4900,5000,5000,-34.660000000000004,17.740000000000002,-179.22,35.985755218267286,6.682462823695403,49.64138831418719,0.9235496987380781,0.12214109813642637,0.36350722978619443
,498,0,0.11503906249999996,0.392249657064472,-0.11503906249999996,-0.392249657064472,2175,2651,2437,1598,2175,2652,2442,1623,0,0,-25,-85,5000,5000,5000,4900,-47.81,55.2,-201.41,-0.6470708282958171,-16.750658714745185,62.96411591805713,0.0034574312424741037,-0.5237111951701995,0.8518888602526766
,499,0,-0.3599609375,-0.6633058984910837,0.3599609375,0.6633058984910837,1865,1963,2747,2286,1884,2014,2747,2286,-46,-221,-7,0,4900,5000,5100,5000,-39.04,39.12,-155.6,13.767811188981177,29.54610558059511,53.86157823839404,0.41422768764521767,0.7289098060479601,0.5450742311238179
,500,0,0.5900390625,-0.029972565157750375,-0.5900390625,0.029972565157750375,2485,2375,2127,1874,2486,2376,2171,1874,0,0,-186,0,5000,5000,5000,5000,-43.42,80.21000000000001,-179.57,-26.42965853650867,4.140622380668674,58.428661667299565,-0.6921464294855053,0.05628321412747695,0.7195592539589406
,501,0,-0.5974609375,0.6033607681755828,0.5974609375,-0.6033607681755828,1711,2788,2901,1461,1751,2788,2901,1498,-158,0,0,-140,5000,5100,5100,4800,-37.910000000000004,31.84,-207.55,22.91790112037783,-22.114050795269094,53.098756195837275,0.6194915040451885,-0.6193868131609528,0.48227611603535686
,502,0,0.3525390625,-0.45219478737997254,-0.3525390625,0.45219478737997254,2330,2100,2282,2149,2330,2130,2302,2150,0,-107,-67,0,5000,5000,5100,5000,-44.730000000000004,65.58,-162.75,-12.416075909297383,21.486582942979112,59.612956445255136,-0.3101596545133721,0.5526978251990603,0.7735154185485735
,503,0,-0.12246093749999998,0.18113854595336076,0.12246093749999998,-0.18113854595336076,2020,2513,2592,1736,2029,2513,2592,1746,-21,0,0,-32,5000,5000,5000,4900,-50.550000000000004,48.43,-191.3,5.754016591607417,-6.383625630960836,65.62931851494864,0.19584665065364118,-0.2303029017911221,0.9532075654621818
,504,0,0.8275390624999999,0.8144718792866938,-0.8275390624999999,-0.8144718792866938,2639,2926,1973,1323,2639,2927,2029,1375,0,0,-258,-231,4800,4800,4900,4700,-28.09,83.93,-211.3,-29.004216687604853,-27.811507543266373,43.32656765187902,-0.6586655046008207,-0.729902857588418,0.18276096829795635
,505,0,-0.7162109375,-0.8040466392318244,0.7162109375,0.8040466392318244,1633,1871,2979,2378,1678,1932,2980,2379,-175,-282,-20,0,5000,4700,5100,4900,-28.93,26.060000000000002,-155.32,26.80775156314699,30.225138960167385,43.744613836577315,0.6963738773285661,0.6864110861414987,0.20953100915240913
,506,0,0.2337890625000001,-0.1707133058984911,-0.2337890625000001,0.1707133058984911,2252,2284,2360,1965,2252,2290,2377,1966,0,-20,-51,0,5000,5000,5000,4900,-49.65,62.38,-174.53,-8.792290659299148,9.865141880914848,64.61546462644404,-0.22871875595689053,0.22191462378165316,0.9478616093214136
,507,0,-0.2412109375,0.4626200274348422,0.2412109375,-0.4626200274348422,1943,2697,2669,1552,1956,2698,2669,1584,-27,0,0,-114,5000,5000,5000,5000,-45.81,45.47,-203.84,9.164008104660368,-18.842121100727894,60.97758244002984,0.27218829899875213,-0.5704062265019757,0.7749517834394231
,508,0,0.7087890625,-0.5929355281207134,-0.7087890625,0.5929355281207134,2562,2008,2050,2241,2563,2047,2096,2241,0,-146,-210,0,5000,5100,4900,5000,-35.87,80.32000000000001,-159.46,-27.266481665031975,24.179183394327197,50.735645382808045,-0.6799888278098725,0.5697211499085061,0.4615549863241485
,509,0,-0.4787109375,0.04039780521262004,0.4787109375,-0.04039780521262004,1788,2421,2824,1828,1825,2422,2824,1829,-138,0,0,0,5000,4800,5000,5000,-45.45,30.64,-182.86,23.227077864342874,2.6563289877823024,60.46220614435935,0.6656630007397655,0.023370938342784198,0.7458864314941713
,510,0,0.4712890624999999,0.6737311385459532,-0.4712890624999999,-0.6737311385459532,2407,2834,2205,1415,2408,2835,2231,1460,0,0,-95,-186,5000,4800,4900,5000,-38.43,70.96000000000001,-210.36,-16.075116625618215,-26.33029412266896,53.65441730172285,-0.3815076523597339,-0.7522131832328247,0.5372403914093818
,511,0,-0.0037109374999999556,-0.3818244170096021,0.0037109374999999556,0.3818244170096021,2098,2146,2514,2103,2099,2175,2515,2103,0,-103,0,-6,5000,5000,5000,5000,-47.51,52.980000000000004,-164.75,0.2482963726830647,19.962505735015498,62.40208953056516,0.049895443771597006,0.5222504179920285,0.8513312784092848
,512,0,0.9462890625,0.2515089163237312,-0.9462890625,-0.2515089163237312,2717,2559,1895,1690,2717,2559,1971,1699,0,0,-415,-29,5000,5000,4600,5100,-31.89,93.47,-187.18,-39.408004079906135,-4.025030702420935,46.95847175244617,-0.9389026977026432,-0.10804419865872265,0.3267846008962073
,513,0,-0.94814453125,0.8848422496570645,0.94814453125,-0.8848422496570645,1482,2972,3130,1277,1552,2973,3130,1334,-353,0,17,-271,4800,4800,4800,4500,-22.73,23.87,-214.11,31.117304752773634,-28.490252723051043,37.96268242985674,0.7266076994086845,-0.6866485661799785,-0.023558389652047325
,514,0,0.0018554687499999778,-0.9213305898491083,-0.0018554687499999778,0.9213305898491083,2101,1794,2511,2455,2102,1870,2511,2456,0,-388,20,0,5100,4600,5100,5000,-30.57,50.26,-144.39000000000001,2.2292646124770457,40.28605201867853,45.316398696164185,0.09340147069746936,0.953197668841416,0.2875593319418437
,515,0,-0.47314453125,-0.287997256515775,0.47314453125,0.287997256515775,1792,2207,2820,2042,1824,2215,2820,2042,-112,-25,0,5,5000,4900,5000,5000,-43.81,31.19,-172.06,22.287405113755874,13.417469943514163,58.74553481510767,0.640422746554678,0.3145846610699452,0.700639134444309
,516,0,0.47685546874999996,0.3453360768175582,-0.47685546874999996,-0.3453360768175582,2411,2620,2201,1629,2412,2621,2232,1647,0,0,-123,-53,5000,4900,5000,4900,-44.88,74.18,-195.62,-19.82409745209553,-11.670473530678919,60.00054233778783,-0.507130283231497,-0.3881498960344204,0.7695183779728786
,517,0,-0.7106445312499999,-0.7102194787379972,0.7106445312499999,0.7102194787379972,1637,1932,2975,2317,1683,1978,2975,2317,-187,-189,0,0,5000,5000,5000,5000,-31.240000000000002,25.42,-157.99,27.54403105661601,27.596521991444376,46.07331848492553,0.719278954871392,0.6361952886648168,0.27909378309057375
,518,0,0.2393554687499999,-0.07688614540466387,-0.2393554687499999,0.07688614540466387,2256,2345,2356,1904,2256,2347,2374,1904,0,-17,-54,0,5000,5000,5000,5000,-50.15,63.75,-179.0,-9.999994041368538,5.3522905825464875,65.14784202993982,-0.2622842958544055,0.09357070773568786,0.9604433719912909
,519,0,-0.23564453124999996,0.5564471879286694,0.23564453124999996,-0.5564471879286694,1946,2758,2666,1491,1958,2758,2666,1529,-26,0,0,-144,5000,5000,4900,4900,-43.67,46.980000000000004,-208.19,7.811687652458147,-23.25893805826459,58.869228257694296,0.23263509919258835,-0.6779523888091401,0.697324507766387
,520,0,0.71435546875,-0.49910836762688615,-0.71435546875,0.49910836762688615,2566,2070,2046,2179,2567,2100,2094,2180,0,-105,-219,0,5000,5000,5100,5000,-37.63,81.19,-164.35,-27.959172025425005,19.27364947826777,52.530782442480366,-0.72518623718284,0.4581126209402097,0.514040609228381
,521,0,-0.82939453125,0.13422496570644737,0.82939453125,-0.13422496570644737,1559,2483,3053,1766,1626,2483,3054,1767,-335,0,0,-15,5000,5100,4800,5000,-35.01,17.63,-185.43,36.31986670213482,0.48313312116761153,50.03557197151528,0.9288984826378696,-0.040226123318123815,0.3681432709637083
,522,0,0.12060546875,0.7675582990397805,-0.12060546875,-0.7675582990397805,2179,2895,2433,1354,2179,2896,2435,1409,0,0,-19,-256,4900,5000,5100,4800,-37.49,53.26,-216.89000000000001,1.8488993206248807,-32.22377971207001,52.753873040542274,0.07723179315034856,-0.8775205300515049,0.473278955231381
,523,0,-0.35439453125,-0.850960219478738,0.35439453125,0.850960219478738,1869,1840,2743,2409,1885,1910,2743,2410,-36,-342,-1,0,5000,5000,5000,5000,-33.02,41.24,-148.68,11.39857364254565,36.341967523194654,47.793285735087444,0.3530876529868857,0.8649969078111026,0.3565241349269967
,524,0,0.5956054687499999,-0.2176268861454046,-0.5956054687499999,0.2176268861454046,2488,2253,2124,1996,2489,2258,2168,1997,0,-16,-189,0,4900,4900,5000,5000,-43.02,79.42,-175.03,-25.80408942809082,8.703207211689772,57.99601521772503,-0.6780519308280124,0.17648592065899665,0.7135112465193177
,525,0,-0.5918945312499999,0.4157064471879288,0.5918945312499999,-0.4157064471879288,1714,2666,2898,1583,1756,2667,2898,1606,-169,0,0,-78,4900,5000,5000,5000,-41.11,29.22,-199.27,25.23780709404038,-13.72227262265065,56.23864399238821,0.6909959252931128,-0.41635360088729845,0.5909097310558482
,526,0,0.35810546875000004,-0.6398491083676269,-0.35810546875000004,0.6398491083676269,2333,1978,2279,2271,2333,2024,2300,2271,0,-188,-74,0,4900,4900,5100,5000,-40.44,62.72,-154.71,-9.848734352436196,29.593757227769885,55.264648447143614,-0.23257334177175043,0.7556548804088183,0.6122869771695741
,527,0,-0.11689453125000004,-0.006515775034293569,0.11689453125000004,0.006515775034293569,2024,2391,2588,1858,2031,2392,2588,1859,-15,0,0,-16,5000,5000,5000,5000,-50.95,46.74,-181.47,7.088185377484102,3.5035661736364148,65.95860846301466,0.24385449524244024,0.04188514013246615,0.9689069202901478
,528,0,0.8331054687499999,0.6268175582990396,-0.8331054687499999,-0.6268175582990396,2643,2804,1969,1445,2643,2804,2027,1483,0,0,-285,-153,4800,4900,4800,4800,-31.970000000000002,86.48,-204.20000000000002,-31.808256136615995,-20.780667134601856,47.156913056183875,-0.755544274556508,-0.5704401895317105,0.3221037710923389
,529,0,-0.8887695312499999,-0.42873799725651573,0.8887695312499999,0.42873799725651573,1521,2116,3091,2133,1590,2138,3092,2134,-350,-69,0,0,4900,4800,5000,4700,-31.48,16.92,-172.41,36.55897805761842,13.494763306903224,46.412630394656404,0.9162385781295123,0.29988294236364377,0.2656634879439272
,530,0,0.061230468750000044,0.20459533607681757,-0.061230468750000044,-0.20459533607681757,2140,2528,2472,1721,2141,2528,2475,1733,0,0,-22,-37,5000,5000,5000,4900,-50.64,53.74,-192.70000000000002,0.49801838938122245,-7.973675737876249,65.73141433118715,0.02701782504662007,-0.2775655767375726,0.9603267088549027
,531,0,-0.41376953124999993,0.8379286694101509,0.41376953124999993,-0.8379286694101509,1830,2941,2782,1308,1850,2942,2781,1369,-53,-2,17,-297,5000,5000,5000,4800,-33.99,42.37,-217.87,12.766674305355323,-32.835058702299705,49.25658446524596,0.3401513663377173,-0.8696057133966567,0.3578867854594178
,532,0,0.5362304687499999,-0.7805898491083676,-0.5362304687499999,0.7805898491083676,2450,1886,2162,2363,2451,1946,2193,2363,0,-278,-116,0,5000,4900,5000,4900,-34.11,70.29,-151.45000000000002,-17.532367453265877,32.53319297031814,48.91461696003554,-0.4241984466674642,0.8041412419050735,0.4164283142538175
,533,0,-0.65126953125,-0.1472565157750343,0.65126953125,0.1472565157750343,1675,2299,2937,1950,1726,2301,2937,1950,-227,-15,0,16,5000,4900,5000,5000,-40.65,23.62,-181.28,30.184792324269008,4.454374155389786,55.64826357413916,0.8184763531342687,0.07255501556893179,0.5699405487204962
,534,0,0.2987304687500001,0.486076817558299,-0.2987304687500001,-0.486076817558299,2295,2712,2317,1537,2295,2713,2334,1568,0,0,-54,-109,5000,5000,4800,5000,-45.07,63.910000000000004,-204.09,-9.255059986266417,-19.76273666472153,60.2467625955157,-0.22204033719298316,-0.6049530750108945,0.7646763143278922
,535,0,-0.17626953125,-0.5694787379972566,0.17626953125,0.5694787379972566,1985,2024,2627,2225,1991,2068,2627,2226,-12,-177,0,0,4900,5000,5000,4900,-42.94,46.75,-157.47,6.210832344443702,27.429821679717065,57.777853662071166,0.21257979110003686,0.6972645761616038,0.6845669749893313
,536,0,0.77373046875,0.06385459533607674,-0.77373046875,-0.06385459533607674,2604,2437,2008,1812,2605,2437,2066,1813,0,0,-285,0,5000,4900,5000,4800,-38.32,87.29,-180.67000000000002,-33.46607274867719,2.7494676995674467,53.33946097484866,-0.8481213519365024,0.03762452178948491,0.5284643486078431
,537,0,-0.77001953125,0.6971879286694098,0.77001953125,-0.6971879286694098,1598,2849,3014,1400,1652,2850,3015,1441,-239,0,0,-163,5000,4600,5100,4900,-31.82,26.5,-209.68,28.330428274142267,-24.09332791789447,47.02194684539567,0.7220958877646203,-0.636458945596221,0.2711042962477195
,538,0,0.17998046874999996,-0.3583676268861453,-0.17998046874999996,0.3583676268861453,2217,2161,2395,2088,2217,2186,2404,2089,0,-81,-33,-14,5000,5000,5000,5000,-47.72,57.550000000000004,-166.27,-4.2638357547712715,18.280099713841935,62.62474092695267,-0.08666889600667857,0.4772617299960249,0.8744768399141197
,539,0,-0.29501953125,0.274965706447188,0.29501953125,-0.274965706447188,1908,2574,2704,1675,1927,2575,2704,1691,-45,-2,0,-48,5000,4900,5000,5000,-48.07,40.57,-194.87,13.737390552860404,-9.685229247426463,63.171666433280244,0.4215420317768933,-0.3192959133524059,0.8487357864270018
,540,0,0.65498046875,0.9082990397805211,-0.65498046875,-0.9082990397805211,2527,2987,2085,1262,2527,2988,2124,1326,0,0,-154,-309,4800,4900,4900,4900,-29.150000000000002,76.60000000000001,-217.09,-21.469866706061353,-33.32548456766514,44.42485164521481,-0.47149595004908007,-0.8562709391815189,0.21093043355692948
,541,0,-0.53251953125,-0.8978737997256515,0.53251953125,0.8978737997256515,1753,1810,2859,2439,1782,1882,2860,2440,-94,-360,-20,0,5100,4900,5000,4800,-29.560000000000002,34.49,-149.34,18.167502222681822,35.901343166193925,44.33537364062447,0.5097240365094414,0.825551161562029,0.24217077909629425
,542,0,0.41748046875,-0.2645404663923182,-0.41748046875,0.2645404663923182,2372,2223,2240,2026,2373,2233,2268,2027,0,-29,-109,0,5000,5000,5000,5000,-46.39,70.75,-171.41,-17.269910947975106,12.657699182316293,61.33667247697512,-0.45489842073412845,0.29482194967130987,0.8403257968226392
,543,0,-0.05751953124999998,0.368792866941015,0.05751953124999998,-0.368792866941015,2063,2635,2549,1614,2066,2636,2550,1638,-7,0,0,-78,4900,5000,4900,4900,-48.33,53.800000000000004,-200.46,0.7178036227529887,-15.747066006040257,63.476775071792346,0.04844637458194966,-0.4977939776551648,0.8659411669392523
,544,0,0.8924804687499999,-0.6867626886145404,-0.8924804687499999,0.6867626886145404,2682,1947,1930,2302,2682,1991,1991,2302,0,-171,-310,0,4800,5100,4700,4800,-29.92,85.48,-158.78,-32.448512585778275,24.63005400646901,44.783018128600375,-0.7937505916083234,0.5626258760779023,0.2311106269495399
,545,0,-0.91845703125,-0.05342935528120718,0.91845703125,0.05342935528120718,1501,2360,3111,1889,1574,2361,3112,1889,-373,0,0,0,4800,4700,4700,4900,-31.470000000000002,14.73,-183.72,39.15575357988165,2.2713859093980204,46.482320280175436,0.9687617360958235,0.0029222963496880797,0.24797612558601403
,546,0,0.031542968749999956,0.579903978052126,-0.031542968749999956,-0.579903978052126,2121,2773,2491,1476,2122,2773,2491,1516,0,0,1,-158,5000,4900,5000,4900,-43.22,51.2,-209.93,3.6571734844643515,-25.153271474686733,58.433323525711245,0.12384771493778414,-0.728030781141238,0.6742647293278567
,547,0,-0.44345703125,-0.47565157750342935,0.44345703125,0.47565157750342935,1811,2085,2801,2164,1839,2118,2802,2165,-94,-122,-15,0,5000,5000,5000,5000,-42.300000000000004,33.54,-164.79,19.676329524228777,20.586965132951832,57.184726372535046,0.5694473602327234,0.5049279252244685,0.6486736423290965
,548,0,0.50654296875,0.15768175582990396,-0.50654296875,-0.15768175582990396,2430,2498,2182,1751,2431,2498,2218,1756,0,0,-149,-20,5000,4900,5000,5000,-45.68,76.36,-186.24,-22.34110848484991,-2.3697934923189052,60.73457659110591,-0.5883937428810154,-0.11590995492104503,0.8002235223290246
,549,0,-0.68095703125,0.7910150891632373,0.68095703125,-0.7910150891632373,1656,2911,2956,1338,1702,2912,2956,1392,-186,0,0,-243,4800,5000,5100,4900,-31.75,31.29,-213.89000000000001,23.695487750833344,-28.473850191994643,46.98385548809505,0.6062359284300265,-0.747701578638237,0.27096189470564247
,550,0,0.26904296875,-0.8275034293552812,-0.26904296875,0.8275034293552812,2275,1856,2337,2393,2275,1925,2346,2394,0,-344,-30,0,5100,4800,5100,5000,-34.83,57.800000000000004,-147.73,-5.184665761488112,36.7065793033735,49.60310039915024,-0.08717603364551008,0.902198482563725,0.42241950383185267
,551,0,-0.20595703124999998,-0.1941700960219479,0.20595703124999998,0.1941700960219479,1966,2268,2646,1981,1979,2274,2647,1982,-28,-21,-6,0,5000,5000,5000,5000,-49.0,43.08,-173.85,10.470498805134554,11.236588857074281,63.95291256019919,0.33366036946248384,0.2581799996953533,0.9066497921510079
,552,0,0.7440429687499999,0.4391632373113856,-0.7440429687499999,-0.4391632373113856,2585,2681,2027,1568,2586,2682,2080,1592,0,0,-247,-75,5000,4800,5100,4900,-37.5,84.75,-197.05,-30.336653073996757,-13.533623981274019,52.63514725708237,-0.7550933360651414,-0.4064557567181714,0.5144198398785511
,553,0,-0.79970703125,-0.6163923182441701,0.79970703125,0.6163923182441701,1579,1993,3033,2256,1640,2032,3034,2256,-290,-151,0,0,4900,4900,4800,4900,-31.59,21.67,-163.13,31.477152146531317,22.59783687743868,46.45842317599167,0.8057946929948483,0.5217081582243851,0.280206192621538
,554,0,0.1502929687500001,0.016941015089163347,-0.1502929687500001,-0.016941015089163347,2198,2406,2414,1843,2198,2407,2425,1845,0,-1,-36,-16,5000,5000,5000,4900,-51.1,59.53,-182.13,-5.669638960430682,2.383487261393441,66.11842521200424,-0.14474194154627154,0.013024406938419492,0.9893837148353101
,555,0,-0.32470703125,0.6502743484224962,0.32470703125,-0.6502743484224962,1888,2819,2724,1430,1904,2820,2724,1476,-37,0,6,-194,4900,5000,5000,5000,-40.63,43.79,-211.47,11.117557569119079,-26.443274572623892,55.8513937596752,0.31205066451717434,-0.745892008531264,0.5884466793037293
,556,0,0.62529296875,-0.40528120713305893,-0.62529296875,0.40528120713305893,2508,2131,2104,2118,2508,2155,2145,2119,0,-75,-168,0,5000,5000,5000,4700,-40.87,79.02,-167.88,-25.66271714821687,15.847466835993401,55.79497721282184,-0.6694754350835252,0.37931099044560374,0.638690703194355
,557,0,-0.56220703125,0.22805212620027437,0.56220703125,-0.22805212620027437,1733,2544,2879,1705,1774,2544,2879,1715,-163,0,0,-29,4900,5000,5000,4800,-43.31,28.28,-191.01,25.879386633169663,-5.418245961175728,58.379372116294746,0.7224482409236679,-0.19072132913024673,0.6646005671086131
,558,0,0.3877929687499999,0.8613854595336075,-0.3877929687499999,-0.8613854595336075,2353,2957,2259,1292,2353,2959,2279,1355,0,-4,-67,-310,4700,5000,5100,5000,-33.84,65.03,-218.21,-9.866311639935084,-33.99370603426692,49.118079734595106,-0.2059776977192743,-0.9099035724954171,0.36006760032297236
,559,0,-0.08720703124999996,-0.7571330589849108,0.08720703124999996,0.7571330589849108,2043,1901,2569,2348,2043,1963,2570,2348,0,-296,-22,0,4800,5000,5000,5000,-37.050000000000004,50.910000000000004,-149.67000000000002,1.7711813147766193,35.03239091912775,51.834105711935536,0.09268724261367615,0.8646877862441845,0.4936842182780452
,560,0,0.86279296875,-0.12379972565157749,-0.86279296875,0.12379972565157749,2662,2314,1950,1935,2662,2315,2016,1935,0,0,-341,16,4800,5000,4700,4800,-34.22,91.37,-180.95000000000002,-37.53389440652077,2.293162259304296,49.2431928799646,-0.907869887835616,0.047747422142171606,0.4165242495223102
,561,0,-0.8590820312499999,0.5095336076817558,0.8590820312499999,-0.5095336076817558,1540,2727,3072,1522,1602,2728,3073,1546,-294,0,0,-81,4800,5000,4700,4900,-32.36,20.46,-201.09,34.0565372686365,-15.287305013136717,47.498325249665086,0.8623068494134504,-0.41995397945062535,0.2829585704625908
,562,0,0.09091796874999991,-0.5460219478737998,-0.09091796874999991,0.5460219478737998,2159,2039,2453,2210,2160,2079,2454,2211,0,-156,-20,0,5000,5000,5000,5000,-43.550000000000004,51.17,-157.5,1.7948821199717884,27.244673889573846,58.38982090857339,0.08701409579764734,0.6960555817501861,0.7126957094349088
,563,0,-0.38408203124999996,0.08731138545953354,0.38408203124999996,-0.08731138545953354,1850,2452,2762,1797,1877,2452,2762,1801,-82,0,0,-18,5000,5000,5000,4900,-47.35,34.69,-184.49,19.238818556263315,0.8948196056254574,62.37538997977353,0.5720573000891412,-0.017448658330995574,0.8200280420431797
,564,0,0.56591796875,0.7206447187928668,-0.56591796875,-0.7206447187928668,2469,2865,2143,1384,2470,2866,2177,1429,0,0,-128,-187,5000,4900,5100,4900,-35.800000000000004,74.82000000000001,-211.54,-19.89038852142356,-27.667564573096058,51.03443483928302,-0.46640040464607135,-0.7645600084147691,0.44488049640188587
,565,0,-0.62158203125,-0.3349108367626886,0.62158203125,0.3349108367626886,1695,2177,2917,2072,1738,2196,2917,2073,-172,-58,-1,-17,5000,4900,5000,5000,-40.52,25.5,-173.94,28.041081224872958,11.720628311745514,55.46673325278992,0.7709566258298962,0.2678203364386422,0.5778392064224045
,566,0,0.32841796874999996,0.2984224965706448,-0.32841796874999996,-0.2984224965706448,2314,2590,2298,1659,2314,2591,2319,1673,0,0,-68,-44,4900,4900,4900,4900,-47.79,67.01,-195.37,-12.667376343851167,-11.141117144547877,62.905817676765494,-0.32593086951706035,-0.3711523620264832,0.8694912262110611
,567,0,-0.14658203125000002,0.9317558299039779,0.14658203125000002,-0.9317558299039779,2004,3002,2608,1247,2006,3003,2607,1319,-5,0,16,-378,4700,4700,5000,5000,-32.0,56.19,-222.15,-0.8901306029797311,-37.62512535771171,47.3026548011112,0.016480615920981673,-0.9594429040745569,0.28142086475569766
,568,0,0.80341796875,-0.9369684499314128,-0.80341796875,0.9369684499314128,2624,1784,1988,2465,2624,1858,2034,2466,0,-377,-190,0,5100,4700,4900,4900,-25.51,79.23,-148.77,-26.564498746047533,34.827385065597895,40.29932317863085,-0.6151695961098967,0.7820889713238073,0.09951486801305141
,569,0,-0.7403320312499999,-0.3036351165980796,0.7403320312499999,0.3036351165980796,1617,2197,2995,2052,1674,2207,2995,2052,-261,-30,0,0,5000,5100,5000,5000,-37.300000000000004,21.12,-175.6,32.47768056274844,10.196858715056777,52.25688706778824,0.8598571687232048,0.2205982163930552,0.46041511304421456
,570,0,0.20966796875000004,0.3296982167352538,-0.20966796875000004,-0.3296982167352538,2237,2610,2375,1639,2237,2611,2387,1660,0,0,-38,-65,4900,4900,5000,5000,-48.550000000000004,60.83,-197.69,-6.407560205432887,-13.231086993851733,63.67985123043027,-0.15581954431427636,-0.42837641534585474,0.8900639956683601
,571,0,-0.26533203124999993,-0.7258573388203018,0.26533203124999993,0.7258573388203018,1927,1922,2685,2327,1939,1978,2685,2327,-23,-256,0,0,5000,5000,5000,4900,-37.84,44.18,-151.94,8.57883877287879,33.01245091751662,52.63756219677901,0.27142233376576036,0.8147228462055993,0.5124027718541299
,572,0,0.6846679687499999,-0.09252400548696849,-0.6846679687499999,0.09252400548696849,2546,2335,2066,1914,2546,2336,2117,1913,0,0,-227,8,5000,4800,5000,5000,-40.79,83.63,-178.96,-29.869822320100013,4.6080199869614376,55.79575213226079,-0.7784034294473932,0.06008761248698088,0.6248820527508784
,573,0,-0.50283203125,0.5408093278463646,0.50283203125,-0.5408093278463646,1772,2748,2840,1501,1806,2749,2840,1534,-121,0,0,-119,5000,4900,5000,5000,-41.050000000000004,35.09,-205.65,19.60189195058983,-20.310232217230947,56.22644251697089,0.5462893135312522,-0.5890956746523591,0.5954278058903821
,574,0,0.4471679687500001,-0.5147462277091907,-0.4471679687500001,0.5147462277091907,2392,2059,2220,2190,2393,2093,2244,2191,0,-129,-86,0,5000,4900,5000,5000,-42.09,69.88,-160.76,-16.78547512392221,23.3012155420073,56.96056902374596,-0.42417029211138674,0.590512493661555,0.6865672276767606
,575,0,-0.02783203125,0.11858710562414276,0.02783203125,-0.11858710562414276,2082,2472,2530,1777,2086,2472,2531,1784,-10,0,0,-24,5000,5000,5000,5000,-51.32,52.99,-188.62,1.1003703288726285,-3.864519225316286,66.38203318756705,0.07273219355582214,-0.16285355959685727,0.983965825700868
,576,0,0.92216796875,0.7519204389574758,-0.92216796875,-0.7519204389574758,2701,2885,1911,1364,2701,2886,1978,1411,0,0,-342,-198,4900,4800,5100,4700,-26.85,87.79,-207.8,-32.988201911179004,-24.46203079893141,42.0632120892989,-0.7544224131759569,-0.6375987411980315,0.15593161231915584
,577,0,-0.9333007812499999,-0.8665980795610425,0.9333007812499999,0.8665980795610425,1492,1830,3120,2419,1559,1891,3121,2420,-330,-279,0,0,5000,5100,5000,4700,-21.89,20.01,-156.45000000000002,32.89358808391569,29.2640324769404,36.71042104917257,0.7875552540598643,0.6160445735488744,-0.015678176031916926
,578,0,0.016699218750000022,-0.2332647462277092,-0.016699218750000022,0.2332647462277092,2111,2243,2501,2006,2111,2253,2503,2007,0,-30,-20,0,5000,5000,5000,5000,-49.43,50.120000000000005,-170.47,3.3131551986406222,14.363292022123602,64.3616420749776,0.11185782117629957,0.34681015942790605,0.9312413978981399
,579,0,-0.45830078124999996,0.4000685871056242,0.45830078124999996,-0.4000685871056242,1801,2656,2811,1593,1829,2657,2810,1617,-91,0,18,-82,5000,4900,5000,5000,-43.980000000000004,34.11,-199.17000000000002,20.347794015668207,-13.778349738280724,59.109815782868836,0.576314483098815,-0.4236539572033861,0.6988411415453851
,580,0,0.49169921875,-0.6554869684499314,-0.49169921875,0.6554869684499314,2421,1968,2191,2281,2422,2013,2221,2281,0,-186,-112,0,5000,5000,5000,4900,-38.410000000000004,69.12,-155.43,-16.218868038254598,28.62878583216238,53.242390543101465,-0.4061212755872679,0.7253192491487123,0.5558574424523958
,581,0,-0.69580078125,-0.02215363511659807,0.69580078125,0.02215363511659807,1646,2381,2966,1868,1699,2382,2966,1868,-235,0,0,4,5000,4900,4900,4900,-39.18,21.75,-182.08,32.08223772382173,3.71191878971149,54.18325129238457,0.8550116319354432,0.04937567020843296,0.5162529926756445
,582,0,0.25419921874999996,0.611179698216735,-0.25419921874999996,-0.611179698216735,2266,2793,2346,1456,2266,2793,2359,1500,0,0,-40,-184,5000,4900,5000,5000,-42.52,60.730000000000004,-209.86,-5.869243729496766,-25.432253240620042,57.736657005902714,-0.12705802699934696,-0.7343850763029326,0.6667344429970363
,583,0,-0.22080078125000002,-0.44437585733882035,0.22080078125000002,0.44437585733882035,1956,2105,2656,2144,1967,2138,2656,2145,-25,-124,-3,0,5000,4900,4900,4900,-45.6,43.62,-163.58,9.559696980313326,21.45589496952101,60.480057450061345,0.3009300745257193,0.5507037168007132,0.7785669570100089
,584,0,0.72919921875,0.18895747599451296,-0.72919921875,-0.18895747599451296,2575,2518,2037,1731,2576,2518,2092,1737,0,0,-262,-24,4900,4900,5100,4800,-39.92,84.9,-185.0,-30.921121705713503,-1.479932050549877,54.96930818935229,-0.8026343209169728,-0.09239924880534595,0.5892711818054207
,585,0,-0.8145507812499999,0.822290809327846,0.8145507812499999,-0.822290809327846,1569,2931,3043,1318,1629,2932,3043,1370,-281,0,16,-233,4900,4900,4900,5000,-27.98,27.16,-213.71,27.815761569463707,-28.17181121203612,43.21101622381481,0.685964160432441,-0.71291906421375,0.145600750282434
,586,0,0.13544921875000004,-0.7962277091906722,-0.13544921875000004,0.7962277091906722,2188,1876,2424,2373,2188,1941,2427,2374,0,-317,-21,0,5100,4800,5100,4600,-35.45,51.06,-148.37,1.5741304519027821,36.31468416084684,50.224945993423326,0.0707751382548916,0.890023335070215,0.4503879914423701
,587,0,-0.33955078124999993,-0.1628943758573388,0.33955078124999993,0.1628943758573388,1879,2289,2733,1960,1901,2292,2733,1961,-65,-15,0,3,5000,5000,5000,5000,-47.45,36.39,-176.89000000000001,17.26563904472306,8.429034672433232,62.421929665249124,0.5196141283333664,0.17711983908734413,0.8358407265968973
,588,0,0.6104492187499999,0.4704389574759944,-0.6104492187499999,-0.4704389574759944,2498,2702,2114,1547,2498,2703,2153,1574,0,0,-158,-91,5000,5000,4900,5000,-40.51,79.16,-200.19,-24.63653535318393,-16.448282250147685,55.665200910825476,-0.6161727095792168,-0.4979681659260847,0.6102121743246501
,589,0,-0.57705078125,-0.585116598079561,0.57705078125,0.585116598079561,1724,2014,2888,2235,1761,2052,2888,2236,-139,-144,-7,0,5000,5000,4900,4900,-37.53,29.13,-161.45000000000002,23.962226377065967,24.049837072336913,52.38929040713426,0.6623581671917671,0.5707786505705388,0.4852766122607165
,590,0,0.3729492187500001,0.048216735253772236,-0.3729492187500001,-0.048216735253772236,2343,2426,2269,1823,2343,2427,2296,1825,0,0,-103,-17,5000,5000,5000,5000,-48.35,70.51,-181.91,-16.650818182636684,2.187449777199447,63.371322703071904,-0.43929584786771897,0.004676084154650897,0.8983302801771519
,591,0,-0.10205078125,0.6815500685871054,0.10205078125,-0.6815500685871054,2033,2839,2579,1410,2035,2840,2579,1461,-5,0,0,-220,5000,4700,5000,4800,-40.44,55.120000000000005,-213.63,-0.1271281702266407,-29.01207147616239,55.68131997649213,0.02101103327221807,-0.8098324568145474,0.5862848525849418
,592,0,0.84794921875,-0.37400548696844993,-0.84794921875,0.37400548696844993,2653,2151,1959,2098,2653,2171,2018,2098,0,-59,-292,0,5000,5000,5000,5000,-34.25,88.19,-171.66,-34.691259457201156,11.691854935274193,49.20574254516267,-0.8717479326711433,0.24281965500358088,0.4255515914992322
,593,0,-0.87392578125,0.2593278463648834,0.87392578125,-0.2593278463648834,1530,2564,3082,1685,1599,2565,3083,1694,-347,0,0,-28,5000,4900,5100,4900,-33.52,17.09,-190.25,37.03326682610084,-4.324743835607336,48.57972876854402,0.9356037640999478,-0.15407770299151374,0.3176565095238379
,594,0,0.07607421875000009,0.8926611796982167,-0.07607421875000009,-0.8926611796982167,2150,2977,2462,1272,2151,2978,2462,1340,0,0,0,-343,5000,5000,4700,4900,-32.52,52.52,-220.41,2.7147519189593794,-35.75014231044992,47.80877788446038,0.09469629595292739,-0.945403781018741,0.31184018722458345
,595,0,-0.39892578125,-0.913511659807956,0.39892578125,0.913511659807956,1840,1799,2772,2450,1858,1875,2772,2451,-44,-387,-6,0,5100,4600,5100,4800,-30.48,39.9,-147.09,12.67995089572321,37.96113383427988,45.24148778225383,0.37611055628123335,0.8853354112431155,0.27335335932233307
,596,0,0.55107421875,-0.2801783264746228,-0.55107421875,0.2801783264746228,2459,2212,2153,2037,2460,2221,2195,2038,0,-25,-176,0,5000,4800,4900,5000,-43.63,76.68,-171.56,-23.19102777426245,12.274097134039863,58.58018467580218,-0.6093418001583517,0.27886280791961066,0.7422520494676789
,597,0,-0.63642578125,0.3531550068587104,0.63642578125,-0.3531550068587104,1685,2625,2927,1624,1730,2626,2927,1641,-184,0,0,-51,5000,4900,5000,4800,-40.62,26.580000000000002,-196.03,27.759077958828126,-10.392682616762102,55.724519864322325,0.7540199058191106,-0.32424059268526606,0.5712460237792875
,598,0,0.3135742187499999,-0.702400548696845,-0.3135742187499999,0.702400548696845,2304,1937,2308,2312,2304,1988,2325,2312,0,-220,-55,0,5000,5100,5000,5000,-38.800000000000004,59.95,-151.99,-7.178944511958953,32.40018774598349,53.60420574890807,-0.15036584470764006,0.8168213040881278,0.5569497912138291
,599,0,-0.16142578124999996,-0.06906721536351168,0.16142578124999996,0.06906721536351168,1995,2350,2617,1899,2005,2352,2617,1899,-23,-16,-9,0,5000,5000,5000,5000,-50.33,44.47,-179.39000000000001,9.281545801623928,5.659660660991847,65.32289892917656,0.30385007760840715,0.10201632643539707,0.9472422073989271
,600,0,0.78857421875,0.5642661179698216,-0.78857421875,-0.5642661179698216,2614,2763,1998,1486,2615,2763,2052,1519,0,0,-255,-118,4900,4800,5100,4900,-34.5,85.36,-202.23000000000002,-30.759726196223028,-18.753532361400943,49.67236720511587,-0.7460190151331502,-0.5289701338456785,0.40453210819297114
,601,0,-0.75517578125,-0.49128943758573385,0.75517578125,0.49128943758573385,1608,2075,3004,2174,1663,2101,3004,2175,-251,-89,0,0,5000,4900,4900,4800,-34.72,21.84,-167.70000000000002,31.47265191762007,18.047122146099014,49.62096569458458,0.821646810042415,0.42283418500657166,0.3822404629771055
,602,0,0.19482421875,0.14204389574759957,-0.19482421875,-0.14204389574759957,2227,2488,2385,1761,2227,2489,2398,1768,0,-6,-38,-25,5000,5000,5000,5000,-50.54,61.51,-188.53,-7.417438226425006,-4.087633928703781,65.60482199076752,-0.19035776106540309,-0.16711429054290547,0.9673865497816829
,603,0,-0.28017578125,0.7753772290809329,0.28017578125,-0.7753772290809329,1917,2900,2695,1349,1931,2901,2694,1405,-26,0,9,-256,4800,5000,4700,4800,-36.97,47.86,-216.41,7.22798235401158,-31.55292599665222,52.22830571617599,0.2067358285355685,-0.8608914301232221,0.46489379726998475
,604,0,0.6698242187499999,-0.8431412894375857,-0.6698242187499999,0.8431412894375857,2537,1845,2075,2404,2537,1911,2115,2405,0,-308,-157,0,5000,4800,4900,4600,-30.13,75.05,-150.97,-22.307159054960593,32.81268761184043,44.93320415730507,-0.5428145030705176,0.7898640303814336,0.28542464638833215
,605,0,-0.5176757812499999,-0.2098079561042524,0.5176757812499999,0.2098079561042524,1763,2258,2849,1991,1801,2263,2849,1992,-144,-22,-3,0,4900,5000,4900,4900,-43.99,29.44,-177.11,24.218556705679507,8.435330538741397,58.96080320670599,0.6885748685754155,0.18584727213968388,0.700946104778811
,606,0,0.43232421875000004,0.423525377229081,-0.43232421875000004,-0.423525377229081,2382,2671,2230,1578,2383,2672,2256,1603,0,0,-94,-83,4900,5000,5000,5000,-44.6,71.48,-199.70000000000002,-16.97864008339377,-15.652265010340699,59.74853246616791,-0.42884681038730976,-0.4929964399554924,0.7569973074006542
,607,0,-0.042675781250000044,-0.6320301783264746,0.042675781250000044,0.6320301783264746,2072,1983,2540,2266,2073,2035,2542,2266,0,-228,-20,0,4900,4800,5000,4900,-41.27,52.33,-154.19,0.5158466505393662,30.494304636173098,56.08676461775233,0.052214700177572654,0.772039732908922,0.633425825093425
,608,0,0.9073242187499999,0.001303155006858625,-0.9073242187499999,-0.001303155006858625,2691,2396,1921,1853,2691,2397,1995,1853,0,0,-400,16,4800,4800,5000,4600,-34.17,90.36,-178.69,-36.606128199709076,4.587727001303705,49.176690923065216,-0.9262317699029105,0.04081854430564919,0.3747379816128723
,609,0,-0.90361328125,0.6346364883401918,0.90361328125,-0.6346364883401918,1511,2809,3101,1440,1576,2809,3102,1477,-317,0,0,-139,5000,4900,5000,5000,-29.27,20.88,-205.51,33.79589734918163,-19.741512682814545,44.44005762439589,0.8366960594901174,-0.5163254795559504,0.18261353508167802
,610,0,0.04638671875,-0.42091906721536354,-0.04638671875,0.42091906721536354,2130,2121,2482,2128,2131,2153,2482,2130,0,-112,0,-16,5000,4900,5000,5000,-46.57,50.47,-163.07,2.6958916199134464,21.72525003950267,61.449141461291006,0.11093419704147515,0.5616779704963137,0.8198850293705242
,611,0,-0.42861328125,0.21241426611796976,0.42861328125,-0.21241426611796976,1821,2533,2791,1716,1850,2533,2791,1727,-99,0,0,-31,5000,5000,5000,5000,-46.38,33.74,-190.43,20.402449213475965,-5.013792856013907,61.44734770069627,0.5998033686061286,-0.18277619664659525,0.7789921571801257
,612,0,0.5213867187499999,0.8457475994513031,-0.5213867187499999,-0.8457475994513031,2440,2946,2172,1303,2441,2947,2203,1362,0,0,-113,-281,4800,4700,5100,5000,-33.02,71.24,-216.47,-16.13518327440348,-32.484854272577735,48.288191313296885,-0.3594103306705327,-0.8679204735734751,0.342838541822958
,613,0,-0.6661132812499999,-0.7727709190672154,0.6661132812499999,0.7727709190672154,1666,1891,2946,2358,1707,1948,2947,2358,-159,-262,-21,0,5000,5100,5000,4900,-31.03,27.61,-155.73,25.273859359886906,29.774456269710328,45.84810137428708,0.6782557011217638,0.6814582146499248,0.2749252727232646
,614,0,0.28388671875000004,-0.1394375857338821,-0.28388671875000004,0.1394375857338821,2285,2304,2327,1945,2285,2308,2347,1946,0,-18,-67,0,5000,4900,5000,4900,-49.39,65.26,-176.76,-11.589965531532222,7.5308565553958715,64.37250922242453,-0.3056406750143294,0.15460979836903754,0.9395102916014656
,615,0,-0.19111328125000004,0.4938957475994512,0.19111328125000004,-0.4938957475994512,1975,2717,2637,1532,1984,2718,2637,1564,-16,0,0,-120,5000,4800,5000,5000,-45.34,48.39,-205.82,6.31730621544159,-20.929517254792387,60.522867529437455,0.19298402632598463,-0.6241597032892593,0.7570877296409411
,616,0,0.7588867187499999,-0.5616598079561043,-0.7588867187499999,0.5616598079561043,2595,2029,2017,2220,2596,2064,2067,2221,0,-128,-234,0,4800,5000,4900,5000,-35.34,82.22,-162.98,-29.03827457492227,20.589213878559917,50.231493857645376,-0.7400690663552497,0.5071408325065622,0.4417079952056786
,617,0,-0.7848632812499999,0.07167352537722893,0.7848632812499999,-0.07167352537722893,1588,2442,3024,1807,1650,2442,3025,1808,-297,0,0,0,5000,5100,5100,5000,-36.47,18.89,-183.93,35.006757822939036,1.9470584230221277,51.485353948906166,0.9078985608496416,-0.0005061363320312621,0.4191896313521638
,618,0,0.1651367187499999,0.705006858710562,-0.1651367187499999,-0.705006858710562,2208,2855,2404,1394,2208,2856,2410,1444,0,0,-23,-218,4900,4900,5000,5000,-39.6,55.45,-214.27,-0.43393411278182725,-29.669539989703736,54.8460324407809,0.016454582979452508,-0.832692179169988,0.5534916272610713
,619,0,-0.30986328124999996,-0.3505486968449931,0.30986328124999996,0.3505486968449931,1898,2166,2714,2083,1916,2191,2714,2084,-45,-82,0,-15,4900,5000,5000,4900,-46.410000000000004,38.82,-169.31,14.563494123154776,15.908785412799517,61.328933011625374,0.44184129607030126,0.4036457082106631,0.8011531759470398
,620,0,0.64013671875,0.2827846364883402,-0.64013671875,-0.2827846364883402,2517,2579,2095,1670,2517,2580,2140,1682,0,0,-195,-35,5000,5000,5000,4700,-41.800000000000004,81.58,-191.13,-27.381770467265,-7.472551988625526,56.89159825296688,-0.7074597361207823,-0.2441401687497164,0.6632467864760249
,621,0,-0.54736328125,0.9161179698216733,0.54736328125,-0.9161179698216733,1743,2992,2869,1257,1777,2993,2869,1322,-116,0,0,-319,5100,4900,5100,4700,-30.55,39.36,-219.63,15.837744060856355,-34.50977371075436,45.82800455553065,0.4134745550502897,-0.8814320924309157,0.22828985688992376
,622,0,0.40263671874999996,-0.8900548696844993,-0.40263671874999996,0.8900548696844993,2362,1815,2250,2434,2362,1887,2266,2435,0,-363,-56,0,4800,5000,5100,5000,-31.830000000000002,62.870000000000005,-146.8,-10.285356889575532,37.43157190080791,46.59858117812409,-0.23884381352444434,0.9098224083924128,0.33937710283419176
,623,0,-0.07236328125000002,-0.256721536351166,0.07236328125000002,0.256721536351166,2053,2228,2559,2021,2058,2238,2559,2022,-10,-30,0,0,5000,5000,5000,5000,-49.13,50.61,-169.62,2.7927531430069408,15.192892383683898,64.05579090105273,0.1174311884446355,0.37171327179536506,0.9208904166900999
,624,0,0.87763671875,0.3766117969821672,-0.87763671875,-0.3766117969821672,2672,2641,1940,1608,2672,2642,2004,1627,0,0,-327,-57,5100,4900,5000,4700,-33.95,90.04,-192.57,-35.785407090387494,-9.272897642815224,49.05544185892045,-0.8767263793796783,-0.28076164473749676,0.3905428971881265
,625,0,-0.84423828125,-0.6789437585733882,0.84423828125,0.6789437585733882,1550,1952,3062,2297,1616,1993,3063,2297,-320,-160,0,0,5100,4900,4800,4800,-29.11,21.16,-161.15,31.915002764004072,24.577212184985143,43.96417775329283,0.7999726901097975,0.564905543554899,0.20230032609819937
,626,0,0.10576171874999996,-0.045610425240054875,-0.10576171874999996,0.045610425240054875,2169,2365,2443,1884,2170,2367,2450,1884,0,-16,-29,0,5000,5000,5000,4900,-51.2,57.300000000000004,-179.65,-3.530586515944549,4.943003302775708,66.199863984371,-0.08388523528644494,0.08765160561717951,0.9926129473937304
,627,0,-0.36923828125,0.5877229080932782,0.36923828125,-0.5877229080932782,1859,2778,2753,1471,1879,2778,2753,1510,-52,0,0,-157,5000,5000,4900,5000,-41.660000000000004,40.87,-208.67000000000002,13.934743791952265,-23.532438879730023,56.8602531923286,0.3897091410061911,-0.6769551528283276,0.6243865040785166
,628,0,0.58076171875,-0.4678326474622771,-0.58076171875,0.4678326474622771,2479,2090,2133,2159,2480,2118,2170,2160,0,-96,-144,0,4900,4900,4900,5000,-40.56,76.59,-164.25,-23.365359733714087,19.56049784986743,55.45815441068602,-0.5988026420100683,0.4791313953850677,0.6417698200119103
,629,0,-0.60673828125,0.16550068587105637,0.60673828125,-0.16550068587105637,1704,2503,2908,1746,1750,2503,2908,1750,-191,0,0,-18,5000,5000,5000,4900,-42.26,25.92,-187.68,28.11751161069427,-2.0128167984011327,57.30473319912086,0.7734100678793078,-0.10053794939146621,0.6258825669685035
,630,0,0.34326171875,0.7988340192043895,-0.34326171875,-0.7988340192043895,2324,2916,2288,1333,2324,2917,2306,1390,0,-6,-57,-267,5000,5000,4900,5000,-36.18,63.65,-216.37,-8.553286251970391,-32.08845508486917,51.44436070437908,-0.17716401339283028,-0.8790671553159709,0.44255378069024676
,631,0,-0.13173828124999998,-0.8196844993141289,0.13173828124999998,0.8196844993141289,2014,1861,2598,2388,2015,1931,2598,2389,-4,-350,-1,0,4800,5000,4800,4700,-34.89,50.01,-147.9,2.606402932378778,36.81826626063102,49.66119197363372,0.10915587658227244,0.8971659000111063,0.42799339067889475
,632,0,0.8182617187499999,-0.1863511659807956,-0.8182617187499999,0.1863511659807956,2633,2274,1979,1975,2633,2276,2040,1975,0,-12,-310,17,4800,4800,4700,5000,-37.050000000000004,88.03,-177.99,-34.302499411579845,5.391887442401696,52.05069864599768,-0.8759897088435831,0.08081573193847429,0.4755111433724587
,633,0,-0.72548828125,0.4469821673525378,0.72548828125,-0.4469821673525378,1627,2686,2985,1563,1678,2687,2985,1588,-223,0,0,-81,4800,4900,5000,5000,-37.34,24.3,-199.47,30.161281260403424,-13.771465027778532,52.46819544606996,0.7993327437525958,-0.3931356650625629,0.4544353789272606
,634,0,0.2245117187500001,-0.6085733882030178,-0.2245117187500001,0.6085733882030178,2246,1998,2366,2251,2246,2044,2377,2251,0,-190,-34,0,5000,4900,5100,4900,-41.87,56.77,-155.43,-3.8764202961527943,29.09918278889168,56.69735949181661,-0.06629946819163156,0.7447197608355505,0.6640759432011879
,635,0,-0.25048828125,0.02475994513031554,0.25048828125,-0.02475994513031554,1937,2411,2675,1838,1955,2412,2676,1840,-44,0,-10,-16,5000,5000,5000,5000,-49.52,40.64,-182.27,13.212880438803282,2.9140583499736294,64.53190214015322,0.4149210276394343,0.030545267071390783,0.9093445592745213
,636,0,0.69951171875,0.6580932784636486,-0.69951171875,-0.6580932784636486,2556,2824,2056,1425,2556,2825,2101,1467,0,0,-195,-163,5100,5100,4900,4900,-34.77,81.09,-207.27,-26.310564571996906,-23.634088842230483,49.97655346211325,-0.6309995721779265,-0.6538705338409978,0.4174839696153157
,637,0,-0.48798828125,-0.39746227709190673,0.48798828125,0.39746227709190673,1782,2136,2830,2113,1813,2159,2830,2114,-109,-72,-1,-1,5000,4900,5000,4900,-42.87,31.59,-168.72,21.76698316158226,16.73406760783527,57.781926531251806,0.6219875773965456,0.40773540333724023,0.6684933017089957
,638,0,0.4620117187499999,0.23587105624142657,-0.4620117187499999,-0.23587105624142657,2401,2549,2211,1700,2402,2549,2241,1711,0,0,-114,-32,5000,4900,5000,4900,-46.13,74.26,-190.79,-20.078192503660077,-6.837713758550137,61.2161363035775,-0.5226921572791999,-0.24007923818620155,0.8180188678207546
,639,0,-0.012988281249999956,0.8692043895747597,0.012988281249999956,-0.8692043895747597,2092,2962,2520,1287,2093,2963,2521,1354,0,0,0,-338,5100,4900,5100,5000,-33.89,57.89,-220.09,-2.6631030452728908,-35.6143915955023,49.17861281140361,-0.038045891518961254,-0.9323806283114283,0.35947026871232823
,640,0,0.93701171875,-0.7493141289437586,-0.93701171875,0.7493141289437586,2711,1907,1901,2342,2711,1961,1961,2342,0,-235,-297,0,5100,4700,4800,5000,-26.35,86.62,-157.67000000000002,-33.628342358990025,25.672693909705515,41.20565824477236,-0.8015688714995134,0.578111095072029,0.15256115494324135
,641,0,-0.94072265625,-0.11598079561042529,0.94072265625,0.11598079561042529,1487,2319,3125,1930,1563,2320,3126,1931,-402,0,0,0,5000,4800,4700,4800,-30.94,14.35,-184.12,39.54986718058794,1.881590394248775,45.955031055832784,0.9728891322645432,-0.0016544232526634777,0.23126607880371375
,642,0,0.00927734375,0.517352537722908,-0.00927734375,-0.517352537722908,2106,2732,2506,1517,2107,2733,2507,1550,0,0,0,-122,5000,5000,4800,5000,-44.800000000000004,51.1,-207.43,3.667103350296294,-22.640084224476936,59.995434675132906,0.12501242070604043,-0.669108787075152,0.7325744506383187
,643,0,-0.46572265625,-0.5382030178326475,0.46572265625,0.5382030178326475,1796,2044,2816,2205,1823,2082,2817,2206,-85,-144,-20,0,5000,5000,4900,4800,-40.69,33.08,-162.23,20.043403497124604,23.150349231341778,55.55634722057318,0.5758109328559923,0.5645347433218199,0.5913901361927497
,644,0,0.48427734374999987,0.09513031550068574,-0.48427734374999987,-0.09513031550068574,2416,2457,2196,1792,2417,2458,2231,1794,0,-11,-140,-15,5000,5000,5000,4800,-46.19,75.62,-183.24,-21.70979464259878,0.6585205462112071,61.22289709715044,-0.5729134013418895,-0.03167785623911328,0.8190035091420313
,645,0,-0.7032226562499999,0.728463648834019,0.7032226562499999,-0.728463648834019,1642,2870,2970,1379,1687,2871,2970,1424,-180,0,0,-187,5100,4900,5000,5000,-32.65,29.45,-211.52,25.448878758474407,-26.032628328641607,47.86621357198763,0.6556502081089852,-0.6925029047412886,0.3009360921051533
,646,0,0.24677734375000004,-0.3270919067215363,-0.24677734375000004,0.3270919067215363,2261,2182,2351,2067,2261,2204,2364,2068,0,-68,-40,-17,5000,5000,5000,4900,-47.88,61.64,-168.26,-8.27932439191887,16.144978557803455,62.80054949891468,-0.20304643412229045,0.4134009011430011,0.8876214511402805
,647,0,-0.22822265625000004,0.306241426611797,0.22822265625000004,-0.306241426611797,1951,2595,2661,1654,1965,2596,2661,1671,-34,0,0,-55,5000,5000,5000,5000,-48.47,44.49,-197.1,9.900487594847043,-12.052340600251739,63.5891104823622,0.31135590882512304,-0.38837046900564576,0.8673095622925048
,648,0,0.7217773437499999,0.9395747599451303,-0.7217773437499999,-0.9395747599451303,2571,3008,2041,1241,2572,3008,2087,1308,0,0,-204,-332,5000,4800,5000,5000,-26.23,78.77,-217.26,-23.63273437317939,-33.59451465321118,41.50700547593062,-0.51175823301613,-0.8491880354270692,0.13031957423089685
,649,0,-0.8219726562499999,-0.9291495198902606,0.8219726562499999,0.9291495198902606,1564,1789,3048,2460,1620,1859,3050,2461,-253,-345,-12,0,5100,4800,4800,4700,-23.06,24.240000000000002,-152.65,28.52936059403346,32.91714384120243,37.85501520294755,0.7056577241073746,0.7080271025869243,0.02729099503435469
,650,0,0.1280273437499999,-0.2958161865569272,-0.1280273437499999,0.2958161865569272,2183,2202,2429,2047,2183,2215,2437,2048,0,-35,-29,-13,5000,5000,5000,5000,-48.54,54.69,-167.76,-1.3518045036050594,16.900176022745285,63.45418929724552,-0.019113689920752026,0.4177136853834331,0.908377643880013
,651,0,-0.34697265624999996,0.337517146776406,0.34697265624999996,-0.337517146776406,1874,2615,2738,1634,1893,2616,2738,1655,-49,0,0,-64,5000,4900,5000,4900,-46.67,38.550000000000004,-197.08,15.835638356251668,-11.830817264004025,61.7866363907604,0.46143402888417756,-0.38694331057144166,0.7983442311382534
,652,0,0.60302734375,-0.7180384087791495,-0.60302734375,0.7180384087791495,2493,1927,2119,2322,2494,1973,2157,2323,0,-189,-153,-16,5000,4900,4800,5000,-35.36,73.37,-153.21,-20.546659640073557,30.672142623536615,50.178355152579655,-0.5018982915649949,0.7477921680613998,0.434632003320246
,653,0,-0.58447265625,-0.08470507544581618,0.58447265625,0.08470507544581618,1719,2340,2893,1909,1762,2341,2893,1909,-173,-2,0,0,5000,5000,5100,4900,-42.52,26.060000000000002,-181.82,27.766139134952446,3.840018400085796,57.52303922891327,0.7681475539891919,0.05447907794754936,0.6379509114080848
,654,0,0.36552734374999996,0.548628257887517,-0.36552734374999996,-0.548628257887517,2338,2753,2274,1496,2338,2753,2295,1531,0,-2,-74,-131,5000,4800,4900,5000,-43.160000000000004,66.67,-206.39000000000001,-11.930522341197097,-22.174413623533354,58.354299799663444,-0.28685614393526754,-0.6584405296692528,0.695822981494189
,655,0,-0.10947265625000002,-0.5069272976680385,0.10947265625000002,0.5069272976680385,2029,2065,2583,2184,2032,2102,2583,2185,-6,-147,0,0,4900,5000,5000,4900,-44.59,49.550000000000004,-159.54,3.487603488239266,25.271939780274096,59.44367787392304,0.13400485996684175,0.6503039778385352,0.7477616156989104
,656,0,0.84052734375,0.12640603566529496,-0.84052734375,-0.12640603566529496,2648,2477,1964,1772,2648,2477,2029,1774,0,0,-326,-16,5000,5000,5000,4800,-36.5,88.61,-180.97,-34.77464506292783,2.389048992544474,51.522172650447544,-0.8902790013785028,-0.0018873962748669423,0.45541161320260265
,657,0,-0.88134765625,0.759739368998628,0.88134765625,-0.759739368998628,1525,2890,3087,1359,1590,2891,3088,1405,-314,0,4,-185,5100,4700,5000,5000,-27.61,23.85,-210.68,31.01419242392624,-25.027042521935897,42.81811680285898,0.7600575745321921,-0.6362225708017515,0.1324134577701621
,658,0,0.06865234374999996,-0.8587791495198902,-0.06865234374999996,0.8587791495198902,2145,1835,2467,2414,2146,1908,2467,2415,0,-366,13,0,5000,5000,4800,5000,-33.27,50.43,-146.31,2.1290583649198993,38.38047613182343,48.030075030472844,0.10545295953982883,0.9227702648683755,0.3706409470080699
,659,0,-0.40634765625,-0.2254458161865569,0.40634765625,0.2254458161865569,1835,2248,2777,2001,1862,2254,2777,2002,-82,-21,0,2,5000,5000,5000,5000,-45.78,33.72,-174.42000000000002,19.844512827110005,10.981811389348024,60.73330861596214,0.5837895789796377,0.2461094007484077,0.7737052994118868
,660,0,0.54365234375,0.4078875171467764,-0.54365234375,-0.4078875171467764,2454,2661,2158,1588,2455,2662,2195,1609,0,0,-145,-68,5000,4800,4900,4900,-42.88,76.52,-197.96,-22.07840262547043,-14.107607454675758,58.01819866884471,-0.5603819124147702,-0.44146959808882846,0.7007686538378072
,661,0,-0.64384765625,-0.6476680384087792,0.64384765625,0.6476680384087792,1680,1973,2932,2276,1725,2015,2932,2276,-186,-168,0,0,5000,5000,5100,4800,-34.78,27.66,-159.47,25.35941292872903,26.061933145768222,49.62466762434197,0.6826892740225926,0.6164650141452874,0.3923088597895239
,662,0,0.30615234375,-0.014334705075445764,-0.30615234375,0.014334705075445764,2300,2386,2312,1863,2300,2387,2334,1863,0,0,-75,4,4900,5000,5000,4900,-49.36,67.27,-180.33,-13.469810714681081,3.890517571276149,64.36874517002828,-0.3562114773967008,0.05400375830449889,0.9328434903347126
,663,0,-0.16884765624999998,0.6189986282578872,0.16884765624999998,-0.6189986282578872,1990,2799,2622,1450,1996,2799,2622,1495,-10,0,0,-191,4900,4800,4900,4900,-42.38,51.25,-210.99,3.6453438715440143,-26.220350378510744,57.60091576909679,0.12198408124734678,-0.7476673039363386,0.6527736870821362
,664,0,0.7811523437499999,-0.43655692729766793,-0.7811523437499999,0.43655692729766793,2609,2110,2003,2139,2610,2135,2056,2140,0,-82,-260,0,4900,5100,5100,5000,-36.04,85.2,-168.13,-31.830357626104416,15.340144065344958,50.969354502548626,-0.8015327400030084,0.3515651609149291,0.4836808910161011
,665,0,-0.76259765625,0.19677640603566515,0.76259765625,-0.19677640603566515,1603,2523,3009,1726,1661,2523,3010,1730,-273,0,0,-19,5000,5000,4800,4900,-37.46,20.26,-188.25,33.793710609573836,-2.412399122407521,52.50665036412725,0.8849049562363367,-0.10791410197532189,0.4530979640466584
,666,0,0.1874023437500001,0.8301097393689985,-0.1874023437500001,-0.8301097393689985,2222,2936,2390,1313,2222,2938,2396,1375,0,-6,-22,-301,5100,5100,4900,4900,-35.56,55.94,-218.37,-0.7762136969179565,-33.81326718797277,50.83553750965219,0.013621419396670933,-0.9117524914599111,0.4105141303904939
,667,0,-0.28759765625,-0.7884087791495199,0.28759765625,0.7884087791495199,1913,1881,2699,2368,1925,1944,2700,2369,-19,-302,-2,0,5100,5000,4800,5000,-35.65,43.82,-150.06,8.870437788279048,34.888549006471635,50.434081773712606,0.2887794350490227,0.8485946018372461,0.4432760309620326
,668,0,0.66240234375,-0.15507544581618649,-0.66240234375,0.15507544581618649,2532,2294,2080,1955,2532,2296,2129,1956,0,-13,-219,0,5000,5000,5000,4800,-41.38,82.92,-178.64000000000001,-29.171750153042396,4.95763614090535,56.38317344144266,-0.7554805363970829,0.08177963035965251,0.6500471145874077
,669,0,-0.52509765625,0.4782578875171466,0.52509765625,-0.4782578875171466,1758,2707,2854,1542,1791,2708,2854,1570,-115,0,0,-93,5000,5000,5100,4900,-41.76,33.11,-202.71,21.474591985985196,-17.295698869957732,56.91468903937988,0.5987385844574179,-0.5115623868429943,0.6162921643582904
,670,0,0.4249023437499999,-0.5772976680384088,-0.4249023437499999,0.5772976680384088,2377,2019,2235,2230,2378,2058,2258,2231,0,-150,-84,0,5000,5000,5000,4900,-41.06,67.51,-158.20000000000002,-14.509562737918259,25.93766950765965,55.911410647603695,-0.3626474326757117,0.666730624851624,0.6511198917700779
,671,0,-0.050097656249999956,0.05603566529492454,0.050097656249999956,-0.05603566529492454,2067,2432,2545,1817,2073,2432,2546,1822,-12,0,0,-20,5000,5000,5000,5000,-51.49,51.160000000000004,-185.33,2.81045863684448,-0.5094883109030093,66.52786028473759,0.12227012028630749,-0.06880483376572274,0.9901090407301829
,672,0,0.89990234375,0.6893689986282576,-0.89990234375,-0.6893689986282576,2687,2844,1925,1405,2687,2845,1990,1446,0,0,-336,-167,5000,4900,5000,4700,-28.84,87.88,-205.76,-33.15148721365179,-22.41246469774356,44.03866563389521,-0.7708624910164137,-0.598035431746333,0.2193732944547872
,673,0,-0.91103515625,-0.3661865569272976,0.91103515625,0.3661865569272976,1506,2156,3106,2093,1575,2172,3107,2093,-350,-45,0,0,4900,5100,5000,5000,-31.19,15.83,-175.38,37.75542054563449,10.564043629508035,46.143358143210776,0.9402178175596843,0.22864222598857298,0.2524147143854631
,674,0,0.03896484374999998,0.26714677640603557,-0.03896484374999998,-0.26714677640603557,2125,2569,2487,1680,2126,2570,2488,1697,0,0,-21,-52,5000,5000,5000,4900,-49.84,52.2,-195.96,2.154561574987433,-11.181596402460912,64.95404075049879,0.07374501776470584,-0.36264342349879974,0.9290056080282577
,675,0,-0.43603515625,0.9004801097393689,0.43603515625,-0.9004801097393689,1816,2982,2796,1267,1838,2983,2795,1334,-59,0,16,-336,4800,4700,5000,4800,-31.470000000000002,42.1,-219.36,13.089915839184975,-34.33228147143214,46.747154472120265,0.33713048374490534,-0.8987354115285611,0.2803884751456687
,676,0,0.51396484375,-0.9056927297668038,-0.51396484375,0.9056927297668038,2435,1805,2177,2444,2436,1877,2203,2445,0,-361,-102,0,4800,5000,4800,4800,-30.990000000000002,67.33,-146.73,-14.745097462171103,37.33456959230506,45.7598889954433,-0.35091764099099926,0.8923230084304085,0.2839303750341217
,677,0,-0.67353515625,-0.2723593964334704,0.67353515625,0.2723593964334704,1661,2217,2951,2032,1710,2225,2951,2033,-213,-26,0,0,5000,5000,4900,4900,-39.4,23.32,-175.94,30.291685405963683,9.792669907313638,54.36013612156403,0.8178322413145236,0.2131896095029181,0.5345096963259471
,678,0,0.2764648437499999,0.36097393689986257,-0.2764648437499999,-0.36097393689986257,2280,2630,2332,1619,2280,2631,2348,1640,0,0,-52,-64,5000,5000,5000,4900,-47.69,63.870000000000005,-198.44,-9.418633154704743,-14.09642857904285,62.82643243810014,-0.23327657616180456,-0.4534202857978583,0.8602279252856272
,679,0,-0.19853515624999996,-0.6945816186556928,0.19853515624999996,0.6945816186556928,1971,1942,2641,2307,1978,1995,2641,2307,-12,-234,-6,0,5100,5000,4800,5000,-39.1,46.82,-152.49,5.960589657582958,32.37653257800579,53.90250466018452,0.19655497148468484,0.8074319514254774,0.556255145595886
,680,0,0.75146484375,-0.061248285322359375,-0.75146484375,0.061248285322359375,2590,2355,2022,1894,2591,2357,2081,1893,0,-9,-295,15,5000,4800,5100,4800,-38.79,85.9,-179.23,-32.12888415031148,4.242011147672287,53.79863491565984,-0.8275104266541843,0.04764249883091967,0.5594253177000085
,681,0,-0.79228515625,0.5720850480109738,0.79228515625,-0.5720850480109738,1584,2768,3028,1481,1642,2768,3029,1513,-264,0,0,-115,5000,5000,4900,5000,-33.8,23.92,-204.48000000000002,30.721350257448137,-18.789610986279,48.96382191322061,0.7938590044032513,-0.5084609100091847,0.3335496726433865
,682,0,0.15771484375,-0.48347050754458165,-0.15771484375,0.48347050754458165,2203,2080,2409,2169,2203,2114,2416,2170,0,-130,-29,0,5000,4900,5000,5000,-45.230000000000004,54.86,-160.39000000000001,-1.7881668898503662,24.235440650172222,60.09184179683915,-0.013502665181158011,0.6277171654819922,0.7783243785159621
,683,0,-0.31728515625,0.14986282578875176,0.31728515625,-0.14986282578875176,1893,2493,2719,1756,1914,2493,2719,1763,-57,0,0,-25,5000,5000,5000,5000,-48.58,38.410000000000004,-188.16,15.653876784706625,-2.8981783030284305,63.632990615704976,0.47678806783745814,-0.12533900756769095,0.8700363621997474
,684,0,0.6327148437499999,0.7831961591220851,-0.6327148437499999,-0.7831961591220851,2512,2906,2100,1343,2512,2907,2139,1395,0,0,-160,-231,5100,4800,4800,5000,-33.3,77.0,-213.02,-22.015908757068942,-29.243072822295005,48.54591369519602,-0.508016718955151,-0.7850450120764713,0.35443383342437235
,685,0,-0.5547851562499999,-0.8353223593964334,0.5547851562499999,0.8353223593964334,1738,1850,2874,2399,1768,1917,2875,2400,-103,-324,-20,0,5000,5000,5100,4700,-31.37,32.89,-151.8,19.855505405474574,33.51366416123278,46.162210859467315,0.5551808854437907,0.7784474240318282,0.2929057740230797
,686,0,0.39521484375000004,-0.2019890260631001,-0.39521484375000004,0.2019890260631001,2358,2263,2254,1986,2358,2269,2282,1987,0,-19,-109,0,5000,4900,5000,5000,-47.24,70.37,-174.38,-16.78284297305261,9.709487255176356,62.20765538178713,-0.4421067816445579,0.21371527885991537,0.8711299404828879
,687,0,-0.07978515625000004,0.4313443072702332,0.07978515625000004,-0.4313443072702332,2048,2676,2564,1573,2052,2677,2564,1603,-9,0,0,-110,5000,5000,5000,4900,-47.11,53.59,-203.11,1.0231370586903594,-18.396395736584537,62.27559920134171,0.052528008415961044,-0.5630411709416345,0.8247578118190367
,688,0,0.8702148437499999,-0.6242112482853224,-0.8702148437499999,0.6242112482853224,2667,1988,1945,2261,2667,2029,2006,2261,0,-151,-306,0,4800,5000,5000,4900,-30.830000000000002,86.01,-160.64000000000001,-32.91090557422834,22.758676459258197,45.70645670264172,-0.8023334207108366,0.5129842346435143,0.30513645638903153
,689,0,-0.8516601562499999,0.00912208504801093,0.8516601562499999,-0.00912208504801093,1545,2401,3067,1848,1615,2402,3068,1849,-354,0,0,0,5100,5100,5100,4900,-34.43,17.02,-183.75,36.86875133101434,2.1798737161841473,49.4433751989787,0.9373296787950113,0.003776995178675108,0.34842331660992654
,690,0,0.09833984375000004,0.642455418381344,-0.09833984375000004,-0.642455418381344,2164,2814,2448,1435,2165,2814,2450,1481,0,0,-20,-198,5000,5000,5000,5000,-41.480000000000004,52.7,-211.77,2.2243120123633844,-27.05857331747916,56.70707531365699,0.08306698041640183,-0.7805043301812603,0.6196070265360152
,691,0,-0.37666015624999993,-0.4131001371742111,0.37666015624999993,0.4131001371742111,1854,2126,2758,2123,1876,2155,2759,2125,-58,-100,-8,-16,5000,5000,5000,4900,-44.52,35.97,-167.1,17.33160318876829,18.20666508043894,59.42209761392643,0.5122181732079223,0.453531083688588,0.7293436084341824
,692,0,0.5733398437499999,0.22023319615912218,-0.5733398437499999,-0.22023319615912218,2474,2539,2138,1710,2475,2539,2178,1719,0,0,-164,-26,5000,4800,5000,5000,-43.92,79.2,-188.63,-25.093248976897854,-4.873226768860377,58.992783106810194,-0.6537991604987295,-0.17307994254732995,0.7366070806196267
,693,0,-0.61416015625,0.8535665294924553,0.61416015625,-0.8535665294924553,1700,2951,2912,1298,1739,2952,2912,1355,-148,0,0,-269,5100,4700,5100,5000,-31.240000000000002,35.19,-216.75,19.90117988324157,-31.47630452996944,46.49580246402147,0.5118757992470189,-0.8192239400672621,0.25856392278486334
,694,0,0.3358398437500001,-0.7649519890260631,-0.3358398437500001,0.7649519890260631,2319,1896,2293,2353,2319,1957,2309,2353,0,-290,-52,0,5000,4800,5100,4700,-36.87,61.28,-150.17000000000002,-8.574041690953898,34.15718839127868,51.6618225236941,-0.19275211562025454,0.8507629255411251,0.4889264427790972
,695,0,-0.13916015625,-0.13161865569272968,0.13916015625,0.13161865569272968,2009,2309,2603,1940,2018,2313,2603,1941,-20,-17,0,0,5000,5000,5000,5000,-50.230000000000004,46.24,-176.57,7.410904486756074,8.413158467293357,65.20352178813877,0.2509332810703553,0.18192184971438424,0.9507559776555514
,696,0,0.81083984375,0.5017146776406036,-0.81083984375,-0.5017146776406036,2629,2722,1983,1527,2629,2723,2038,1554,0,0,-264,-92,4800,5000,4800,4900,-34.53,86.95,-199.13,-32.46057205743769,-15.712800508117851,49.680920147222324,-0.7915522412351192,-0.45186737118303827,0.41141333018728216
,697,0,-0.73291015625,-0.553840877914952,0.73291015625,0.553840877914952,1622,2034,2990,2215,1674,2067,2990,2216,-231,-118,0,0,4900,5000,5000,4700,-34.59,23.34,-164.77,29.867860245612675,20.92007588939356,49.4706976728846,0.7823140924593669,0.4947277535810066,0.3784562201578509
,698,0,0.21708984374999996,0.07949245541838112,-0.21708984374999996,-0.07949245541838112,2242,2447,2370,1802,2242,2447,2384,1807,0,0,-44,-19,5000,5000,5000,5000,-50.51,63.050000000000004,-184.83,-9.089980614443192,-0.44593170911070956,65.54908238103295,-0.2369539129630457,-0.06491179881114863,0.9693499375904465
,699,0,-0.25791015625,0.7128257887517142,0.25791015625,-0.7128257887517142,1932,2860,2680,1389,1944,2861,2680,1438,-23,0,0,-217,4900,4900,4700,5000,-39.17,48.300000000000004,-214.5,6.719647097485016,-29.644405537650215,54.41482004829068,0.19662665785263242,-0.8189352366126432,0.5391502904162225
,700,0,0.69208984375,-0.3427297668038408,-0.69208984375,0.3427297668038408,2551,2172,2061,2077,2551,2191,2107,2077,0,-55,-207,0,4900,5000,5100,5000,-40.22,81.99,-171.59,-28.496972510497315,12.028153264106322,55.1726104552072,-0.7512998086462473,0.2674029354571754,0.6033608104915312
,701,0,-0.49541015624999996,0.2906035665294924,0.49541015624999996,-0.2906035665294924,1777,2584,2835,1665,1812,2585,2835,1677,-128,0,0,-34,4900,4900,5000,5000,-44.660000000000004,32.24,-194.73000000000002,22.056422994131054,-9.269015719335158,59.75742192825132,0.6301162954241095,-0.2971318961776691,0.7174023212360404
,702,0,0.45458984375,0.9239368998628255,-0.45458984375,-0.9239368998628255,2396,2997,2216,1252,2397,2998,2239,1318,0,0,-79,-328,5100,5100,4700,5000,-31.1,67.48,-219.67000000000002,-12.262412095124851,-35.56068419833352,46.38953029542823,-0.2574444716226287,-0.9282024045741339,0.2686310484172321
,703,0,-0.020410156249999978,-0.882235939643347,0.020410156249999978,0.882235939643347,2087,1820,2525,2429,2088,1893,2525,2430,0,-370,21,0,5000,5000,4900,4800,-32.31,51.76,-145.65,0.7759668436034346,38.98518126492908,47.06593031263368,0.07592979898996767,0.934539447513594,0.3476646180823254
,704,0,0.9295898437499999,-0.2489026063100137,-0.9295898437499999,0.2489026063100137,2706,2233,1906,2016,2706,2237,1982,2016,0,-13,-415,16,5100,4900,4600,4800,-32.24,91.17,-175.98,-37.51368632591924,7.25289216683484,47.2277597062211,-0.92989542487996,0.11645046056197916,0.3489036959136737
,705,0,-0.9258789062499999,0.3844307270233196,0.9258789062499999,-0.3844307270233196,1496,2646,3116,1603,1567,2647,3117,1620,-365,0,0,-51,4800,4700,5100,5000,-31.41,16.92,-195.03,37.375375743941824,-9.110423916233117,46.503764497600194,0.9317789693450476,-0.2649371914420983,0.2481858917768174
,706,0,0.024121093750000044,-0.671124828532236,-0.024121093750000044,0.671124828532236,2116,1957,2496,2292,2117,2011,2497,2292,0,-241,0,0,5000,4800,5000,5000,-39.7,49.33,-152.59,3.45592000567801,32.19029342305453,54.50420634041268,0.13089030034247273,0.8047422733886962,0.5790143372123443
,707,0,-0.45087890625,-0.03779149519890257,0.45087890625,0.03779149519890257,1806,2370,2806,1879,1837,2371,2806,1878,-107,0,0,11,5000,4900,5000,5000,-45.62,31.220000000000002,-180.54,22.563745931230272,4.9550387605784465,60.61590756583809,0.6493345584300675,0.09040128053963314,0.7551107466492741
,708,0,0.4991210937499999,0.5955418381344304,-0.4991210937499999,-0.5955418381344304,2425,2783,2187,1466,2426,2783,2217,1504,0,0,-115,-152,5000,4800,5100,4800,-40.26,72.79,-206.99,-18.025293844513,-23.015566877150604,55.46109715790163,-0.43821634130231646,-0.6707785302844239,0.5983498989095593
,709,0,-0.68837890625,-0.46001371742112473,0.68837890625,0.46001371742112473,1651,2095,2961,2154,1698,2123,2961,2155,-194,-101,0,0,4900,5100,5000,4900,-37.15,23.76,-168.67000000000002,29.58925962366126,17.025819075112935,52.05858205165371,0.792355056377205,0.39507047415087837,0.46485781168834445
,710,0,0.2616210937500001,0.17331961591220857,-0.2616210937500001,-0.17331961591220857,2271,2508,2341,1741,2271,2508,2358,1748,0,0,-55,-24,5000,5000,5000,5000,-49.75,64.53,-189.64000000000001,-10.39552097904972,-5.311510685336316,64.82395785207635,-0.2700119200456174,-0.20475323535247844,0.9408345633776278
,711,0,-0.21337890625,0.8066529492455417,0.21337890625,-0.8066529492455417,1961,2921,2651,1328,1969,2922,2650,1389,-14,0,15,-294,4900,5100,5100,5000,-36.24,51.33,-217.73000000000002,3.8077807532894,-33.002473264376476,51.50911608259483,0.11667584687351118,-0.8901851413870334,0.44040567754071414
,712,0,0.73662109375,-0.8118655692729766,-0.73662109375,0.8118655692729766,2580,1866,2032,2383,2581,1928,2075,2384,0,-292,-191,0,5100,4900,5000,4600,-30.84,78.03,-152.59,-25.22664647479796,31.091299576378077,45.655918787555734,-0.6214919223140427,0.736419827160691,0.2672707029642674
,713,0,-0.80712890625,-0.1785322359396433,0.80712890625,0.1785322359396433,1574,2279,3038,1970,1638,2282,3039,1970,-310,-17,0,16,5000,5100,4800,5000,-35.86,18.46,-181.65,35.35410006785273,4.236682599608258,50.85895591658919,0.9138896918620008,0.06262877711913493,0.4011025646701096
,714,0,0.14287109374999996,0.45480109739369,-0.14287109374999996,-0.45480109739369,2193,2691,2419,1558,2193,2692,2426,1589,0,0,-25,-110,5000,4900,4900,4900,-46.62,56.03,-203.96,-1.3846647239736924,-19.337376112339967,61.79264319108508,-0.011324123692725363,-0.5889189840226976,0.8081127362443097
,715,0,-0.33212890625,-0.6007544581618656,0.33212890625,0.6007544581618656,1883,2003,2729,2246,1899,2049,2729,2246,-38,-189,0,0,4900,5000,4800,4800,-41.11,39.72,-157.83,13.248983702291937,27.31072674064083,55.94765097944131,0.39668613882651044,0.6810295729293614,0.6154988448880844
,716,0,0.61787109375,0.032578875171467736,-0.61787109375,-0.032578875171467736,2503,2416,2109,1833,2503,2417,2153,1834,0,0,-190,1,4900,5000,5000,4900,-42.63,81.45,-180.29,-27.64297704152088,3.370722458513626,57.64430695464683,-0.719167253997209,0.042406025492443385,0.6935417721954806
,717,0,-0.56962890625,0.6659122085048008,0.56962890625,-0.6659122085048008,1729,2829,2883,1420,1765,2830,2883,1462,-131,0,0,-170,5000,4900,4900,4800,-37.08,34.11,-210.4,20.75212458184021,-25.049967259597196,52.2899876877912,0.55954624283662,-0.6915237093857991,0.45684019250141145
,718,0,0.38037109375,-0.38964334705075443,-0.38037109375,0.38964334705075443,2348,2141,2264,2108,2348,2166,2285,2108,0,-81,-76,0,5000,5000,5000,5000,-45.53,67.94,-166.27,-14.647379071791143,17.889499084173423,60.43895517997871,-0.3773544861372345,0.45599220717263456,0.806024006335998
,719,0,-0.09462890624999998,0.24368998628257876,0.09462890624999998,-0.24368998628257876,2038,2554,2574,1695,2043,2554,2574,1710,-11,0,-1,-45,5000,5000,5000,4900,-50.120000000000005,50.730000000000004,-194.59,3.574197362165556,-9.757473658163036,65.223686149007,0.13350612111440105,-0.3252646926575454,0.9361511605159603
,720,0,0.8553710937499999,0.8770233196159118,-0.8553710937499999,-0.8770233196159118,2658,2967,1954,1282,2658,2968,2011,1341,0,0,-270,-280,4900,4900,5100,5000,-25.310000000000002,84.48,-212.75,-29.50192172474442,-29.30020612740566,40.557187536837475,-0.6523263059286484,-0.7511624665737393,0.10112042031330626
,721,0,-0.86650390625,-0.7414951989026063,0.86650390625,0.7414951989026063,1535,1912,3077,2337,1595,1963,3078,2337,-274,-217,-10,0,5000,4700,4800,4600,-26.91,20.39,-159.94,32.64051505227345,25.798489529557457,41.755306193603474,0.8099206414902929,0.5703395010658144,0.13689926227686602
,722,0,0.08349609375,-0.10816186556927299,-0.08349609375,0.10816186556927299,2154,2324,2458,1925,2155,2329,2464,1926,0,-19,-29,0,5000,5000,5000,5000,-50.96,54.97,-177.09,-1.294535190204762,7.5836489209719105,65.94070151070139,-0.019187622471035663,0.16167392258979105,0.9866576802003518
,723,0,-0.39150390625,0.5251714677640602,0.39150390625,-0.5251714677640602,1845,2737,2767,1512,1868,2738,2767,1545,-64,0,0,-125,5000,5000,5000,4800,-42.980000000000004,39.21,-205.70000000000002,15.486656713087768,-20.49512347268211,58.158398562971676,0.44296709822263003,-0.5994204354025731,0.6666898015674245
,724,0,0.5584960937499999,-0.5303840877914952,-0.5584960937499999,0.5303840877914952,2464,2049,2148,2200,2465,2080,2185,2201,0,-110,-143,0,5000,5000,4900,4800,-40.27,73.98,-160.67000000000002,-20.88631212572615,23.230201639451707,55.14161522821413,-0.5291732022939872,0.5820711122213865,0.6173888096582935
,725,0,-0.6290039062499999,0.10294924554183815,0.6290039062499999,-0.10294924554183815,1690,2462,2922,1787,1738,2462,2922,1788,-207,0,0,-17,4900,5000,5000,5000,-41.61,24.63,-184.55,29.293609358055228,1.1569843670975786,56.631937048823104,0.7987333759281665,-0.015236366302082192,0.6014921839228695
,726,0,0.32099609375000004,0.7362825788751712,-0.32099609375000004,-0.7362825788751712,2309,2875,2303,1374,2309,2876,2319,1424,0,0,-50,-223,5000,4800,5000,5000,-38.300000000000004,62.730000000000004,-214.43,-7.703601815029572,-30.10144270748785,53.5501190404077,-0.16490674617402434,-0.8406141413099576,0.5159201784152445
,727,0,-0.15400390625000004,-0.319272976680384,0.15400390625000004,0.319272976680384,2000,2187,2612,2062,2007,2212,2612,2062,-16,-75,0,0,5000,5000,5000,4800,-48.35,46.27,-169.01,7.107797670806264,15.95354767481291,63.26972840278265,0.23850500656541396,0.41434915848248177,0.878310956727793
,728,0,0.7959960937499999,0.3140603566529492,-0.7959960937499999,-0.3140603566529492,2619,2600,1993,1649,2620,2601,2047,1662,0,0,-254,-35,4800,5000,4800,5000,-37.01,87.60000000000001,-190.99,-33.40358547233495,-7.5840789739123124,52.103132342441114,-0.8379983067028919,-0.23125100979987395,0.494248731338407
,729,0,-0.7477539062499999,0.9473936899862825,0.7477539062499999,-0.9473936899862825,1613,3013,2999,1236,1663,3013,2999,1305,-212,0,0,-347,4700,5000,4800,4700,-26.18,31.61,-218.0,23.523239714889367,-32.63234913144478,41.443402692094935,0.5735358911066234,-0.8142411949122672,0.08982125650631854
,730,0,0.2022460937499999,-0.9491312299954274,-0.2022460937499999,0.9491312299954274,2232,1776,2380,2473,2232,1855,2384,2474,0,-421,-23,0,4800,4600,4800,5100,-29.990000000000002,53.82,-143.9,-1.3461839682904753,40.64310136704262,44.73434783144502,0.014208983802720114,0.9619582855504356,0.27282661461111163
,731,0,-0.27275390624999996,-0.3157978966620941,0.27275390624999996,0.3157978966620941,1922,2189,2690,2060,1938,2199,2691,2059,-38,-29,-8,16,5000,5000,5000,5000,-46.83,40.730000000000004,-168.43,12.623037374654523,16.722253098338797,61.74341815223144,0.38627397193866514,0.407495713036032,0.8274899772565126
,732,0,0.67724609375,0.31753543667123907,-0.67724609375,-0.31753543667123907,2541,2602,2071,1647,2541,2603,2118,1662,0,0,-210,-42,5000,5000,5000,5000,-40.52,83.05,-192.05,-28.817790669945808,-8.454112599550314,55.61877275645389,-0.7340105858034225,-0.28159726331957596,0.6180060203747546
,733,0,-0.51025390625,-0.7380201188843164,0.51025390625,0.7380201188843164,1767,1914,2845,2335,1799,1963,2845,2335,-107,-209,0,0,5000,5100,5000,5000,-34.89,34.480000000000004,-153.89000000000001,18.34247721215652,31.39280430881098,49.697645652050824,0.5102590339851524,0.7574310436924151,0.4073498892691118
,734,0,0.43974609374999996,-0.1046867855509831,-0.43974609374999996,0.1046867855509831,2387,2327,2225,1922,2388,2329,2255,1923,0,-10,-115,0,5000,5000,5000,4800,-46.82,73.79,-179.0,-20.033928287544782,4.966189673937691,61.821945213773816,-0.5276747309416513,0.08185986720704434,0.8454929570768174
,735,0,-0.03525390625000002,0.5286465477823501,0.03525390625000002,-0.5286465477823501,2077,2740,2535,1509,2078,2741,2536,1546,0,0,0,-144,5000,5000,5100,5000,-44.730000000000004,56.43,-207.68,-1.6504108202547272,-23.082775925249592,59.92935060703721,-0.017502574495845944,-0.6742696467965239,0.7382777954773581
,736,0,0.91474609375,-0.5269090077732053,-0.91474609375,0.5269090077732053,2696,2052,1916,2197,2696,2082,1984,2198,0,-104,-357,0,4800,5000,4800,4900,-31.91,87.67,-165.19,-34.40544975120447,18.159550395958973,46.81950528960831,-0.8681354899470025,0.38869126642212964,0.30864197786697584
,737,0,-0.8961914062499999,0.10642432556012804,0.8961914062499999,-0.10642432556012804,1516,2464,3096,1785,1588,2464,3097,1785,-371,0,0,-2,4700,4800,4800,5000,-32.79,15.700000000000001,-184.88,38.22844124952249,1.0865793876824341,47.81093811388989,0.9562709397256769,-0.02590505432290962,0.2913328302761262
,738,0,0.05380859374999991,0.7397576588934613,-0.05380859374999991,-0.7397576588934613,2135,2877,2477,1372,2136,2878,2477,1424,0,0,0,-233,5000,5000,4900,5000,-38.46,52.47,-216.32,2.6179505858946897,-31.6187349267679,53.71947179735881,0.09926824187784936,-0.8594745972181889,0.5014471386807504
,739,0,-0.42119140624999996,-0.8787608596250571,0.42119140624999996,0.8787608596250571,1825,1822,2787,2427,1844,1891,2787,2428,-50,-335,0,0,5000,4800,4900,5000,-31.240000000000002,38.910000000000004,-148.39000000000001,13.71633443525436,36.70316456352529,46.01033267742197,0.41050347632446316,0.8597230922625625,0.3039129818813734
,740,0,0.52880859375,-0.24542752629172382,-0.52880859375,0.24542752629172382,2445,2235,2167,2014,2446,2242,2206,2014,0,-22,-155,17,4900,5000,4900,5000,-44.480000000000004,76.15,-173.26,-22.599894744996234,10.60043906235478,59.442060769445526,-0.5971162583579983,0.2343180841665251,0.7671683058084929
,741,0,-0.65869140625,0.3879058070416095,0.65869140625,-0.3879058070416095,1671,2648,2941,1601,1719,2649,2941,1621,-206,0,0,-59,5000,5000,5100,5000,-39.97,26.39,-197.34,27.996142195367433,-11.69957528553229,55.083792074954054,0.7556941214520517,-0.3612531118185909,0.546280682437331
,742,0,0.29130859374999996,-0.6676497485139461,-0.29130859374999996,0.6676497485139461,2290,1960,2322,2289,2290,2008,2337,2289,0,-205,-48,0,5000,5000,5000,5000,-39.88,59.21,-153.22,-6.3948788230363505,31.205431140659726,54.69264391871355,-0.1354204834527544,0.7892380271792666,0.5989696395608055
,743,0,-0.18369140625000002,-0.03431641518061268,0.18369140625000002,0.03431641518061268,1980,2373,2632,1876,1992,2374,2632,1876,-25,0,-1,0,5000,5000,5000,5000,-50.24,43.62,-180.24,10.161657575041971,4.840270860941274,65.23861594237573,0.32715800000164624,0.08078461037520243,0.941510217555524
,744,0,0.76630859375,0.5990169181527203,-0.76630859375,-0.5990169181527203,2600,2785,2012,1464,2601,2785,2063,1500,0,0,-235,-139,4900,4800,4900,4800,-34.29,84.3,-203.83,-29.64269917371921,-20.315691480519206,49.47334580538244,-0.7153485745899107,-0.5711442345593516,0.402580029511891
,745,0,-0.7774414062499999,-0.4565386374028349,0.7774414062499999,0.4565386374028349,1593,2097,3019,2152,1649,2121,3020,2153,-258,-79,0,0,5000,4800,5000,4600,-34.75,20.740000000000002,-169.69,32.64376316475375,16.098382622877608,49.66470032013092,0.8506021401623655,0.36278920923780383,0.380604767195332
,746,0,0.17255859375000004,0.17679469593049846,-0.17255859375000004,-0.17679469593049846,2212,2510,2400,1739,2212,2510,2412,1748,0,0,-38,-30,5000,5000,5000,4900,-50.52,59.81,-190.59,-5.644198592463624,-6.085028514970389,65.59881638494795,-0.14184961850563468,-0.22550092317084905,0.9638609958800599
,747,0,-0.30244140624999993,0.8101280292638315,0.30244140624999993,-0.8101280292638315,1903,2923,2709,1326,1917,2924,2708,1387,-30,-1,17,-293,4800,4800,4700,5000,-36.27,47.56,-217.9,7.581464388868049,-33.03608354157649,51.53881739287536,0.21615310231193638,-0.8767664939383636,0.4296025505836233
,748,0,0.6475585937499999,-0.8083904892546867,-0.6475585937499999,0.8083904892546867,2522,1868,2090,2381,2522,1932,2126,2382,0,-309,-142,0,5100,5000,5100,5000,-32.660000000000004,74.96000000000001,-151.26,-22.206389434555447,32.5441791734344,47.46516954058111,-0.5393785025336195,0.7751650836670193,0.32892236784398343
,749,0,-0.53994140625,-0.1750571559213534,0.53994140625,0.1750571559213534,1748,2281,2864,1968,1787,2285,2864,1969,-150,-17,0,0,5000,5000,5000,5000,-43.68,28.28,-179.17000000000002,25.452106740124943,6.416378517188747,58.66502111260935,0.7160885875042214,0.1307589030789362,0.685652422231412
,750,0,0.4100585937500001,0.4582761774119799,-0.4100585937500001,-0.4582761774119799,2367,2694,2245,1555,2367,2695,2269,1584,0,0,-87,-98,5000,4900,5000,4800,-44.49,69.96000000000001,-201.67000000000002,-15.388544336500914,-17.56685877686678,59.6519600845433,-0.384883553895813,-0.5418367001927538,0.7471797911244366
,751,0,-0.06494140625,-0.5972793781435757,0.06494140625,0.5972793781435757,2058,2006,2554,2243,2060,2053,2556,2243,-4,-193,-20,0,4800,4800,4900,4700,-42.300000000000004,51.84,-155.63,1.057647464346374,29.080310933840877,57.12680004403494,0.06907657438172767,0.7401988783696984,0.6688303576632315
,752,0,0.88505859375,0.036053955189757625,-0.88505859375,-0.036053955189757625,2677,2419,1935,1830,2677,2420,2005,1831,0,0,-375,0,4800,4800,5000,4700,-34.910000000000004,90.54,-180.14000000000001,-36.73357136106921,3.137490886492742,49.927073126959066,-0.9160129815474348,0.042567619219530214,0.3988837116636377
,753,0,-0.83681640625,0.6693872885230907,0.83681640625,-0.6693872885230907,1554,2831,3058,1418,1617,2832,3059,1456,-298,0,0,-142,4700,5000,4800,5000,-31.01,24.13,-207.88,30.633802237828593,-22.214790172382266,46.19819668782483,0.7747869744033835,-0.5839800107035884,0.24222405205405806
,754,0,0.11318359375000009,-0.38616826703246454,-0.11318359375000009,0.38616826703246454,2174,2143,2438,2106,2175,2171,2442,2106,0,-95,-24,0,5000,5000,4900,4900,-47.38,53.71,-164.89000000000001,-0.4761936499987698,19.795327221555482,62.27338229816628,0.018111169539893637,0.5169023329786958,0.8558527698728791
,755,0,-0.36181640625,0.24716506630086887,0.36181640625,-0.24716506630086887,1864,2556,2748,1693,1888,2556,2748,1707,-68,-1,0,-40,5000,4900,5000,5000,-47.46,37.34,-192.86,16.89265337907256,-7.5643692994811715,62.54607105388144,0.5065737079339792,-0.25782692862548706,0.8227444033875693
,756,0,0.58818359375,0.880498399634202,-0.58818359375,-0.880498399634202,2483,2969,2129,1280,2484,2970,2163,1341,0,0,-126,-296,5100,5000,4800,4800,-30.88,74.02,-216.97,-18.895631590524943,-33.10011215568582,46.152920175643516,-0.4170644053915294,-0.8669057037010421,0.2730050963736939
,757,0,-0.59931640625,-0.9256744398719707,0.59931640625,0.9256744398719707,1709,1792,2903,2457,1744,1864,2904,2458,-120,-356,-21,0,5000,4700,5100,4800,-27.77,32.27,-149.24,20.382190792823838,36.06862755097322,42.543818318595214,0.5520768303572606,0.8146362859951939,0.17770451576320878
,758,0,0.3506835937499999,-0.29234110653863743,-0.3506835937499999,0.29234110653863743,2329,2204,2283,2045,2329,2216,2308,2046,0,-31,-84,0,5000,5000,5000,5000,-47.12,66.77,-169.35,-13.366749934889206,14.865151605855061,62.050386638064076,-0.35075712401101733,0.3572785278675204,0.8656335792241064
,759,0,-0.12431640624999996,0.3409922267946959,0.12431640624999996,-0.3409922267946959,2019,2617,2593,1632,2025,2618,2593,1655,-14,0,0,-70,5000,5000,5000,5000,-48.77,50.25,-198.81,4.206001206400714,-13.96692353811494,63.90358933036736,0.14289278630439464,-0.4523537353665812,0.8803168462105376
,760,0,0.82568359375,-0.7145633287608596,-0.82568359375,0.7145633287608596,2638,1929,1974,2320,2638,1974,2029,2320,0,-181,-261,0,5000,4900,5000,4900,-30.36,82.87,-156.02,-29.939764992018652,27.48552014864964,45.20230159078938,-0.7265627198467957,0.6287831276261492,0.27701695352722366
,761,0,-0.71806640625,-0.08122999542752629,0.71806640625,0.08122999542752629,1632,2342,2980,1907,1686,2343,2981,1907,-241,0,-10,0,4900,5000,5100,5000,-38.74,21.23,-182.71,32.624574194715606,3.0979736103997766,53.74754213579242,0.8656179808617271,0.030440931056088458,0.49977881200117436
,762,0,0.23193359375,0.5521033379058069,-0.23193359375,-0.5521033379058069,2251,2755,2361,1494,2251,2755,2373,1532,0,0,-34,-143,4800,5000,5100,5000,-44.12,59.95,-207.78,-5.16459529608737,-23.314097572726183,59.321487328638526,-0.10815944852034938,-0.685611974008674,0.7198873208993907
,763,0,-0.24306640624999998,-0.5034522176497485,0.24306640624999998,0.5034522176497485,1942,2067,2670,2182,1954,2103,2670,2184,-24,-138,0,-16,4900,4900,4900,5000,-44.2,43.300000000000004,-160.92000000000002,9.783282946202831,24.115656707423113,59.06101664252644,0.30469578923036894,0.6136802870751499,0.7283934247922921
,764,0,0.7069335937499999,0.12988111568358507,-0.7069335937499999,-0.12988111568358507,2561,2480,2051,1769,2562,2480,2103,1771,0,0,-246,-16,4800,4800,5000,5000,-40.050000000000004,84.98,-182.96,-31.07467928651515,0.5567271107614147,55.08480507253572,-0.7929677537832225,-0.021788690699106446,0.6088738739818036
,765,0,-0.48056640624999997,0.7632144490169182,0.48056640624999997,-0.7632144490169182,1787,2893,2825,1356,1816,2894,2825,1408,-95,0,0,-235,4800,5000,4900,4800,-36.11,39.72,-214.46,15.29217588995558,-29.316605090216996,51.351178919025415,0.41506306376001456,-0.8032835667038664,0.4271512197871674
,766,0,0.46943359375000004,-0.8553040695016003,-0.46943359375000004,0.8553040695016003,2406,1837,2206,2412,2407,1906,2227,2413,0,-333,-74,0,5000,5000,4900,5000,-32.51,66.16,-148.65,-13.506345388027121,35.468937550426745,47.29305903921567,-0.33228034913179116,0.8711075662788218,0.36160942680279046
,767,0,-0.005566406250000044,-0.221970736168267,0.005566406250000044,0.221970736168267,2096,2250,2516,1999,2098,2259,2517,2000,-10,-27,0,2,5000,5000,5000,5000,-49.76,53.93,-170.94,-0.4773518688978413,13.758459888445913,64.69650661626538,0.028102940910562636,0.3325715050079653,0.9426592272761746
,768,0,0.9444335937499999,0.4113625971650665,-0.9444335937499999,-0.4113625971650665,2716,2663,1896,1586,2716,2664,1963,1607,0,0,-347,-65,4900,5100,5000,4900,-31.26,92.01,-193.25,-37.72996513432834,-10.042723776440198,46.3711427441173,-0.9083436423731405,-0.29344810246456776,0.29799335314775105
,769,0,-0.9444335937499999,-0.6441929583904893,0.9444335937499999,0.6441929583904893,1484,1975,3128,2274,1558,2012,3129,2274,-379,-139,0,0,4700,4700,4800,5000,-26.740000000000002,17.56,-164.26,35.62456558725983,21.582336916418853,41.61495111755744,0.8660923349847829,0.4846963306904616,0.12228464456263229
,770,0,0.005566406250000044,-0.010859625057155875,-0.005566406250000044,0.010859625057155875,2104,2388,2508,1861,2105,2389,2510,1862,0,0,-23,-16,5000,5000,5000,5000,-51.51,51.95,-181.98,1.9000670338762902,2.8098752639330655,66.5243124266874,0.06924776981528014,0.030253241032933753,0.9971406559671576
,771,0,-0.46943359375,0.6224737082761773,0.46943359375,-0.6224737082761773,1794,2801,2818,1448,1819,2801,2817,1491,-77,0,19,-181,5000,4900,5000,4900,-39.82,36.32,-210.13,18.53421108654276,-24.840364617337627,55.028879153281444,0.500141150078656,-0.671475413210828,0.5467902700774279
,772,0,0.4805664062499999,-0.43308184727937815,-0.4805664062499999,0.43308184727937815,2413,2113,2199,2136,2414,2141,2228,2137,0,-92,-109,0,4900,5000,5000,5000,-43.45,72.19,-165.1,-18.937135168261236,18.890485901312445,58.3523747179041,-0.492381391122667,0.4745163122322601,0.7296539146071948
,773,0,-0.70693359375,0.20025148605395526,0.70693359375,-0.20025148605395526,1639,2526,2973,1723,1691,2526,2973,1729,-229,0,0,-23,4800,4900,5000,4900,-39.37,22.41,-188.18,31.642857887005828,-2.4064162699716576,54.41696362935328,0.8460723741189972,-0.1108513716778984,0.521414912665309
,774,0,0.2430664062500001,0.8335848193872883,-0.2430664062500001,-0.8335848193872883,2258,2938,2354,1311,2258,2939,2363,1372,0,-1,-28,-291,4900,5100,5000,4900,-33.95,57.09,-217.24,-1.9664787493544935,-32.73702055849674,49.21798927312576,-0.036488041324821086,-0.9170682756985996,0.3970571754136613
,775,0,-0.23193359375,-0.78493369913123,0.23193359375,0.78493369913123,1949,1883,2663,2366,1956,1946,2663,2366,-11,-302,-5,0,5000,5000,5100,4700,-36.04,47.11,-149.75,5.571448498849733,35.08238385002559,50.823180375168626,0.233225290582777,0.8583459518888783,0.456999114559924
,776,0,0.71806640625,-0.1516003657978967,-0.71806640625,0.1516003657978967,2568,2296,2044,1953,2569,2298,2098,1954,0,-11,-260,0,4800,4800,4800,4700,-39.230000000000004,84.56,-179.99,-30.7622642143849,3.534025321343023,54.24350121068,-0.8022788783450331,0.05877516087151016,0.5940488884140458
,777,0,-0.82568359375,0.4817329675354367,0.82568359375,-0.4817329675354367,1562,2709,3050,1540,1624,2710,3051,1564,-295,-2,0,-75,5000,4900,4800,4900,-34.14,22.01,-200.42000000000002,32.48361966531967,-14.661001425230467,49.27412761168396,0.8451459892316568,-0.40816729435169957,0.34514883268998053
,778,0,0.12431640624999996,-0.5738225880201189,-0.12431640624999996,0.5738225880201189,2181,2021,2431,2228,2181,2065,2434,2230,0,-178,-23,-7,4900,5000,4900,4900,-42.54,52.730000000000004,-156.51,0.20002285384446594,28.17049819186866,57.37341878218435,0.05498373946833299,0.7151509458248234,0.6968040707974796
,779,0,-0.35068359375,0.05951074531321443,0.35068359375,-0.05951074531321443,1871,2434,2741,1815,1894,2434,2741,1819,-66,0,0,-17,5000,5000,5000,5000,-48.160000000000004,36.39,-183.87,17.517664703289945,1.4588242346051175,63.1816332388985,0.5349462966991416,0.009268380517669659,0.8448352246269408
,780,0,0.59931640625,0.6928440786465475,-0.59931640625,-0.6928440786465475,2491,2847,2121,1402,2492,2847,2158,1446,0,0,-147,-185,4800,5000,4900,4900,-36.300000000000004,76.66,-210.62,-21.76232313947183,-26.811026979708885,51.52860498899553,-0.5096961315031617,-0.7302340534139233,0.45493744709067724
,781,0,-0.58818359375,-0.36271147690900774,0.58818359375,0.36271147690900774,1717,2159,2895,2090,1756,2180,2896,2090,-148,-65,-21,0,4900,5000,5000,4900,-41.71,27.82,-171.52,25.635419499071727,14.063749083945936,56.64039278940943,0.7383764898462967,0.3072751111389259,0.6003183866223175
,782,0,0.36181640625,0.27062185642432546,-0.36181640625,-0.27062185642432546,2336,2571,2276,1678,2336,2572,2300,1691,0,0,-85,-37,5000,5000,5000,5000,-47.18,69.45,-193.52,-15.172644466050436,-9.384781214961293,62.28363141981718,-0.3812420459468214,-0.32207099722513605,0.8665591584818013
,783,0,-0.11318359374999998,0.9039551897576588,0.11318359374999998,-0.9039551897576588,2026,2984,2586,1265,2027,2985,2586,1336,-1,0,0,-365,5000,5000,4600,5000,-33.44,56.910000000000004,-221.21,-1.643382491878235,-36.7014748483077,48.73621028603271,-0.014518627361212781,-0.9456214986225653,0.32494490425664313
,784,0,0.8368164062499999,-0.9022176497485139,-0.8368164062499999,0.9022176497485139,2646,1807,1966,2442,2646,1875,2015,2443,0,-319,-223,0,5100,4700,4800,5000,-25.310000000000002,80.74,-150.83,-27.999193357798774,32.71285644703988,40.1146069305338,-0.6620251507606574,0.7409114593466714,0.11301729588480648
,785,0,-0.88505859375,-0.2688843164151806,0.88505859375,0.2688843164151806,1523,2220,3089,2029,1593,2227,3090,2030,-354,-21,0,0,5000,5000,5100,5000,-33.68,15.65,-177.26,38.003512558582635,8.709574308330701,48.64661480003272,0.9411730618236517,0.13854386062664723,0.3082188611687431
,786,0,0.06494140625,0.3644490169181527,-0.06494140625,-0.3644490169181527,2142,2633,2470,1616,2143,2634,2472,1639,0,0,-21,-71,5000,5000,5000,5000,-49.47,52.69,-201.03,1.8478158974493013,-16.268487956428572,64.62036215141896,0.06137102744285215,-0.4865952048505734,0.8714692786363937
,787,0,-0.41005859375,-0.6911065386374029,0.41005859375,0.6911065386374029,1833,1944,2779,2305,1854,1995,2780,2305,-61,-219,-21,0,4900,5000,4900,4900,-37.61,37.33,-154.89000000000001,15.530815064010309,30.31002615547777,52.42584055625875,0.4499940889769967,0.7394988277814073,0.5006463857811092
,788,0,0.5399414062499999,-0.057773205304069486,-0.5399414062499999,0.057773205304069486,2452,2357,2160,1892,2453,2358,2201,1891,0,0,-168,15,5000,5000,5000,4900,-44.96,77.9,-179.54,-24.122026344024746,4.264956002284379,59.9674842089683,-0.634160715618284,0.05872167107527505,0.7709681913753854
,789,0,-0.6475585937499999,0.5755601280292637,0.6475585937499999,-0.5755601280292637,1678,2770,2934,1479,1723,2770,2934,1514,-183,0,0,-123,4900,5000,4800,4900,-36.89,29.51,-204.37,25.131463774964843,-18.859388806589976,52.05519703907369,0.671640828272326,-0.5734758651227738,0.46906719126298885
,790,0,0.30244140625000004,-0.47999542752629176,-0.30244140625000004,0.47999542752629176,2297,2082,2315,2167,2297,2114,2332,2168,0,-120,-56,0,5000,5000,5000,4800,-44.77,62.31,-161.61,-9.189345975250077,22.74411204427011,59.643525909255374,-0.22308737386483346,0.5990552217754729,0.7690025129254333
,791,0,-0.17255859375000004,0.15333790580704165,0.17255859375000004,-0.15333790580704165,1988,2495,2624,1754,1999,2495,2625,1762,-27,0,-21,-24,5000,5000,5000,5000,-50.64,46.07,-190.25,8.074594886136744,-5.248521169006608,65.71089203645532,0.2702280464090699,-0.17170943084980386,0.94736089970569
,792,0,0.7774414062499999,0.786671239140375,-0.7774414062499999,-0.786671239140375,2607,2908,2005,1341,2608,2909,2055,1393,0,0,-223,-232,4800,5100,4700,4700,-30.34,82.58,-211.21,-27.658023098317784,-27.65679667356318,45.575328948005875,-0.6372134923819918,-0.7272903773449881,0.25496602155528547
,793,0,-0.7663085937499999,-0.8318472793781435,0.7663085937499999,0.8318472793781435,1600,1853,3012,2396,1650,1914,3013,2397,-209,-275,0,0,5000,5000,4800,4500,-27.3,24.830000000000002,-154.9,28.021558494371032,30.677618594069486,42.11117117929904,0.7135682846392959,0.6831953197455419,0.15512723240849532
,794,0,0.1836914062499999,-0.1985139460448102,-0.1836914062499999,0.1985139460448102,2220,2266,2392,1983,2220,2274,2405,1983,0,-25,-41,14,5000,5000,5000,5000,-49.74,59.18,-173.05,-5.647779352566168,11.460271164228175,64.69363886353528,-0.14202159054664587,0.2674165467389546,0.9530573216490252
,795,0,-0.29130859374999996,0.4348193872885231,0.29130859374999996,-0.4348193872885231,1910,2678,2702,1571,1927,2679,2702,1600,-38,0,0,-107,5000,5000,5000,5000,-46.09,42.980000000000004,-201.97,11.584933164593686,-16.881524655666567,61.24325786945403,0.34328783671778784,-0.5206082627488371,0.7817419637701809
,796,0,0.65869140625,-0.6207361682670325,-0.65869140625,0.6207361682670325,2529,1990,2083,2259,2529,2032,2124,2259,0,-167,-168,0,4800,4900,5000,5000,-36.6,77.53,-158.53,-24.511761016158573,25.214453220778154,51.457885324317026,-0.6225620098429232,0.6132543847786462,0.4861436037325842
,797,0,-0.52880859375,0.01259716506630093,0.52880859375,-0.01259716506630093,1755,2403,2857,1846,1792,2404,2857,1847,-138,-1,-2,0,4900,4900,5000,5000,-44.12,28.46,-182.4,25.388864996943727,3.1852073589124927,59.12809068388673,0.7156130324226249,0.04069199383074929,0.69731065492001
,798,0,0.42119140624999996,0.6459304983996339,-0.42119140624999996,-0.6459304983996339,2375,2816,2237,1433,2376,2817,2259,1477,0,0,-77,-183,4900,5000,5000,5000,-39.79,68.08,-209.6,-13.22422890977397,-25.4571671393644,55.00781617222406,-0.32621404887864025,-0.7380440217289633,0.5906567669165744
,799,0,-0.05380859375000002,-0.40962505715592135,0.05380859375000002,0.40962505715592135,2065,2128,2547,2121,2067,2159,2549,2122,-6,-107,-24,0,5000,5000,4900,5000,-47.0,51.620000000000005,-163.81,1.5734106389007607,20.947314352056708,61.88486214414046,0.08208194077394694,0.5465599308773087,0.8333875430783532
,800,0,0.89619140625,0.22370827617741185,-0.89619140625,-0.22370827617741185,2684,2541,1928,1708,2684,2541,1997,1716,0,0,-368,-27,5000,4700,5000,4600,-34.17,91.44,-185.53,-37.438553236142766,-2.286620399364523,49.22584754666891,-0.9161328116452563,-0.08538396310804765,0.391676205903449
,801,0,-0.9147460937499999,0.8570416095107452,0.9147460937499999,-0.8570416095107452,1504,2954,3108,1295,1570,2955,3108,1347,-322,0,18,-233,5000,4900,4900,5000,-24.37,24.42,-214.03,30.565010049901204,-28.418458045233876,39.60229094575807,0.7235954420149163,-0.6895778292854877,0.02986726725283108
,802,0,0.03525390625000002,-0.7614769090077732,-0.03525390625000002,0.7614769090077732,2123,1899,2489,2350,2124,1961,2488,2350,0,-294,20,0,4900,4800,5000,4800,-36.94,50.36,-149.6,2.318280784928092,35.12140857338332,51.723389737519796,0.1050919556222532,0.8657395685016249,0.48933698040727536
,803,0,-0.43974609374999996,-0.1281435756744399,0.43974609374999996,0.1281435756744399,1813,2311,2799,1938,1843,2313,2799,1939,-104,-15,0,0,5000,5000,5000,4900,-46.26,31.76,-179.09,21.97185538696871,6.3891337018702075,61.24577841210352,0.6299039882226246,0.11958680459617056,0.7674112077548183
,804,0,0.51025390625,0.5051897576588933,-0.51025390625,-0.5051897576588933,2433,2724,2179,1525,2434,2725,2211,1553,0,0,-128,-100,5000,5000,4900,4900,-41.72,74.29,-202.84,-19.673890930725932,-18.912097119459617,56.89209806462596,-0.48908338898441145,-0.5725026033255673,0.6580563864935668
,805,0,-0.67724609375,-0.5503657978966621,0.67724609375,0.5503657978966621,1659,2036,2953,2213,1704,2071,2953,2214,-185,-130,0,0,5000,5000,4900,4800,-36.18,25.1,-164.20000000000002,28.08866154922408,21.437512877660566,51.05730126608053,0.753723803514537,0.49749840950552543,0.4294132747774015
,806,0,0.27275390624999996,0.08296753543667124,-0.27275390624999996,-0.08296753543667124,2278,2449,2334,1800,2278,2449,2353,1803,0,0,-65,-16,4900,5000,5000,5000,-50.06,65.19,-184.6,-11.23695182398749,-0.29653072956509163,65.09831195975548,-0.30048906573321854,-0.06292780706368382,0.9517071043514035
,807,0,-0.20224609375000002,0.7163008687700043,0.20224609375000002,-0.7163008687700043,1968,2862,2644,1387,1976,2863,2644,1437,-16,-1,0,-222,5000,4900,5000,5000,-39.78,50.82,-215.56,4.239633992055204,-30.79028441310382,55.033363983420266,0.12900907309784504,-0.8291193325368296,0.5439832639632551
,808,0,0.74775390625,-0.33925468678555093,-0.74775390625,0.33925468678555093,2587,2174,2025,2075,2588,2193,2076,2075,0,-55,-236,0,5100,5000,4800,4700,-38.33,84.67,-172.45000000000002,-31.14445703493199,11.058531423003615,53.289857370457234,-0.8006099268923873,0.23713634929344754,0.5502636611708446
,809,0,-0.7959960937499999,0.2940786465477825,0.7959960937499999,-0.2940786465477825,1581,2587,3031,1662,1642,2589,3032,1672,-293,-3,0,-31,4800,4800,5000,5000,-37.09,19.39,-191.98000000000002,34.79771515114602,-6.111114873333946,52.162882020105876,0.8845741350795467,-0.20579030902260304,0.4185438426982926
,810,0,0.15400390625000004,0.9274119798811156,-0.15400390625000004,-0.9274119798811156,2200,3000,2412,1249,2200,3001,2415,1321,0,0,-18,-370,5000,4900,4800,4600,-32.83,54.51,-222.44,0.7993601525126905,-37.8483766513433,48.13402706850859,0.05829590630840105,-0.9564718935021589,0.285942484160848
,811,0,-0.32099609374999993,-0.9413122999542752,0.32099609374999993,0.9413122999542752,1891,1781,2721,2468,1902,1858,2722,2469,-16,-395,-19,0,4700,5000,5100,4900,-30.09,43.89,-145.58,8.637995489189748,39.32332918003675,44.84233827192823,0.285746155104372,0.9210252672362444,0.2646915033684916
,812,0,0.6290039062499999,-0.30797896662094193,-0.6290039062499999,0.30797896662094193,2510,2194,2102,2055,2510,2203,2147,2055,0,-25,-197,0,5000,4900,5000,5000,-42.300000000000004,79.79,-170.62,-26.333118246908967,13.091732588925112,57.24476724120784,-0.6929269888310613,0.2859605431553391,0.6618751815167431
,813,0,-0.55849609375,0.32535436671239126,0.55849609375,-0.32535436671239126,1736,2607,2876,1642,1774,2608,2876,1659,-145,0,0,-51,5000,4900,5000,4900,-42.2,28.63,-195.35,25.68609663057611,-9.775857626695341,57.30045620324838,0.6886716127949157,-0.31347636594627337,0.6538072940275047
,814,0,0.3915039062500001,-0.7302011888431641,-0.3915039062500001,0.7302011888431641,2355,1919,2257,2330,2355,1968,2278,2330,0,-214,-75,0,5000,5000,5000,4900,-37.51,62.52,-151.67000000000002,-9.759003883679142,32.618017019029566,52.31298770140292,-0.25160821276715767,0.825003831954623,0.5060256757599407
,815,0,-0.08349609375,-0.0968678555098309,0.08349609375,0.0968678555098309,2046,2332,2566,1917,2052,2335,2566,1916,-11,-16,0,16,5000,5000,5000,5000,-50.84,49.07,-178.15,4.639861354442097,6.736443583425483,65.82589398953559,0.17831802429547267,0.14678294163542252,0.9729632317082753
,816,0,0.86650390625,0.5364654778235023,-0.86650390625,-0.5364654778235023,2665,2745,1947,1504,2665,2746,2008,1534,0,0,-306,-102,5000,5000,5000,5000,-32.26,88.64,-199.26,-34.14510328586945,-15.919897687232663,47.412580380159014,-0.8195727437256258,-0.46205079180592207,0.33883562907930775
,817,0,-0.85537109375,-0.5190900777320531,0.85537109375,0.5190900777320531,1542,2057,3070,2192,1604,2084,3071,2193,-298,-95,0,0,4800,4800,5000,4800,-31.78,18.73,-168.25,34.60005628418697,17.588763715471202,46.683713666404046,0.8727590879076055,0.40791160999653236,0.2681411809191596
,818,0,0.09462890625000009,0.11424325560128024,-0.09462890625000009,-0.11424325560128024,2162,2469,2450,1780,2163,2469,2456,1786,0,0,-29,-22,5000,5000,5000,5000,-51.51,56.050000000000004,-188.39000000000001,-1.9659100100335536,-3.7437560951653097,66.57161469941225,-0.048813668389681375,-0.13862250860066416,0.9891415600851078
,819,0,-0.38037109375,0.7475765889346135,0.38037109375,-0.7475765889346135,1852,2882,2760,1367,1871,2883,2759,1418,-48,0,18,-232,4900,5100,5100,4900,-36.94,42.76,-214.95000000000002,12.271960416952332,-29.91006748551436,52.18586501690872,0.33213141121558093,-0.8187015745506756,0.46841910455508806
,820,0,0.56962890625,-0.8709419295839048,-0.56962890625,0.8709419295839048,2471,1827,2141,2422,2472,1894,2171,2423,0,-325,-110,0,4900,4900,5000,4900,-31.7,70.04,-148.54,-17.387903264478936,35.43305456961721,46.48384901490606,-0.4305049764252792,0.8510598265642509,0.30060378720418063
,821,0,-0.61787109375,-0.23760859625057162,0.61787109375,0.23760859625057162,1697,2240,2915,2009,1744,2246,2915,2010,-193,-19,0,0,5000,5000,5000,4900,-41.53,25.78,-177.27,27.88159530946258,8.38998176251755,56.500540685004296,0.7759591169170096,0.18587310964377712,0.6027757758775043
,822,0,0.3321289062499999,0.3957247370827619,-0.3321289062499999,-0.3957247370827619,2317,2653,2295,1596,2317,2654,2315,1619,0,0,-66,-75,5000,5000,4900,4900,-47.13,66.61,-198.69,-12.147904850747736,-14.449141546090345,62.269324215171125,-0.3017624333160093,-0.4791864479634277,0.8242085791396461
,823,0,-0.14287109374999996,-0.6598308184727937,0.14287109374999996,0.6598308184727937,2007,1965,2605,2284,2010,2017,2605,2284,-6,-225,0,0,5000,5000,5100,5000,-40.58,48.43,-153.84,4.400574715940799,30.97989816364438,55.39272803084898,0.12913402408654714,0.7861031488377792,0.6044553277212001
,824,0,0.80712890625,-0.026497485139460486,-0.80712890625,0.026497485139460486,2626,2378,1986,1871,2626,2379,2046,1871,0,0,-299,0,5000,5000,5000,4600,-37.36,88.19,-178.5,-34.44394379999298,4.878669525571155,52.36438775137202,-0.8718553636515838,0.05230061042567525,0.48696290517971297
,825,0,-0.73662109375,0.6068358481938725,0.73662109375,-0.6068358481938725,1620,2791,2992,1458,1672,2791,2992,1496,-227,0,0,-148,4900,4800,4900,5000,-34.52,27.19,-206.23000000000002,27.516745213949637,-20.651305892313133,49.697578406909436,0.7387919016752966,-0.5637488558954684,0.3692881713452906
,826,0,0.21337890625,-0.44871970736168265,-0.21337890625,0.44871970736168265,2239,2102,2373,2147,2239,2133,2383,2148,0,-116,-32,0,5000,5000,4900,4900,-46.01,58.08,-162.71,-4.922223330293107,21.806364105743256,60.889637114840205,-0.10669652976854145,0.5807378930920741,0.8070683676506777
,827,0,-0.26162109375,0.18461362597165065,0.26162109375,-0.18461362597165065,1929,2515,2683,1734,1946,2515,2683,1743,-41,0,0,-31,5000,5000,5000,4900,-48.910000000000004,41.34,-191.86,12.859374463095037,-6.69906444571015,63.99051167085793,0.39388505935960644,-0.19334700860579207,0.898594176631738
,828,0,0.6883789062499999,0.8179469593049837,-0.6883789062499999,-0.8179469593049837,2549,2928,2063,1321,2549,2929,2106,1375,0,0,-180,-250,5100,4900,5100,5000,-31.580000000000002,78.81,-213.82,-23.796101376882334,-30.12012401571178,46.83238066648366,-0.5425060393915341,-0.7878241226455699,0.2915824909034306
,829,0,-0.49912109374999997,-0.8005715592135345,0.49912109374999997,0.8005715592135345,1775,1873,2837,2376,1803,1936,2838,2377,-88,-300,-21,0,5000,5000,4900,5000,-33.49,35.28,-152.24,17.48324613011339,33.00282854332471,48.28624779463095,0.5037920424456177,0.7834458282940884,0.3638766440664507
,830,0,0.45087890625000004,-0.1672382258802012,-0.45087890625000004,0.1672382258802012,2394,2286,2218,1963,2395,2290,2249,1964,0,-17,-121,0,5000,5000,5000,5000,-46.6,73.42,-176.98,-19.737107228791643,6.996606397450478,61.58741336527493,-0.5250358381708414,0.14507879147717556,0.8386235823656308
,831,0,-0.024121093750000044,0.4660951074531321,0.024121093750000044,-0.4660951074531321,2084,2699,2528,1550,2085,2700,2529,1583,0,0,0,-117,4900,4800,5000,5000,-46.67,57.82,-207.36,-3.050777507274219,-22.79931963559241,61.8675780636944,-0.03126373202307543,-0.6051590968648697,0.7954904440291436
,832,0,0.9258789062499999,-0.5894604481024234,-0.9258789062499999,0.5894604481024234,2704,2011,1908,2238,2704,2048,1977,2239,0,-130,-365,0,4800,4600,4800,5000,-30.51,87.65,-163.51,-34.44629787249549,19.829148415757913,45.40756553052847,-0.8531516606874028,0.44600867963478597,0.2705706960422006
,833,0,-0.92958984375,0.04387288523090982,0.92958984375,-0.04387288523090982,1494,2424,3118,1825,1568,2425,3119,1826,-386,0,0,-1,4700,4800,5100,5100,-31.400000000000002,14.86,-184.48,39.0532584228327,1.5067093005297068,46.417787911311756,0.9686446545974813,-0.014006972685996169,0.24805511048131917
,834,0,0.020410156249999978,0.6772062185642431,-0.020410156249999978,-0.6772062185642431,2113,2836,2499,1413,2114,2837,2500,1461,0,0,0,-204,5000,5000,5100,5000,-39.89,51.4,-213.17000000000002,3.5737670253744938,-28.422050020195883,55.126568290892486,0.11610179616256484,-0.8128424611983901,0.5707955029612352
,835,0,-0.45458984375,-0.37834933699131235,0.45458984375,0.37834933699131235,1804,2148,2808,2101,1833,2174,2808,2101,-99,-84,0,-4,5000,5000,5000,5000,-44.03,32.71,-169.75,20.685053704091995,15.672618212034706,58.94968242576464,0.6015962288499174,0.3802226940824138,0.7025045767383079
,836,0,0.49541015624999996,0.25498399634202107,-0.49541015624999996,-0.25498399634202107,2423,2561,2189,1688,2424,2562,2223,1699,0,0,-134,-32,5000,5000,5000,5000,-45.43,75.32000000000001,-191.08,-21.127135114434793,-7.17076650284352,60.51864417543572,-0.553201571816401,-0.25767239663753116,0.7921950245684038
,837,0,-0.69208984375,0.8883173296753542,0.69208984375,-0.8883173296753542,1649,2974,2963,1275,1692,2975,2963,1335,-164,0,0,-289,5100,5000,4900,5000,-29.04,32.79,-217.57,22.328897502771465,-32.22482573953312,44.30073910305501,0.559311544596905,-0.809784468953884,0.17725605750354445
,838,0,0.2579101562499999,-0.9178555098308184,-0.2579101562499999,0.9178555098308184,2268,1797,2344,2452,2268,1874,2352,2453,0,-394,-31,0,5000,5000,5100,5000,-31.3,56.34,-145.0,-3.8246533636925193,39.46224284311364,46.05315888785897,-0.051636122005675536,0.9461285975754088,0.3196472864802778
,839,0,-0.21708984374999996,-0.2845221764974851,0.21708984374999996,0.2845221764974851,1958,2210,2654,2039,1971,2220,2654,2040,-28,-29,0,0,5000,5000,5000,5000,-47.95,43.14,-169.32,10.246889779292054,15.753867041573955,62.870694094543964,0.3156645916529071,0.379325185857648,0.8697518433154736
,840,0,0.73291015625,0.34881115683584807,-0.73291015625,-0.34881115683584807,2578,2622,2034,1627,2579,2623,2087,1644,0,0,-248,-51,5000,4700,5000,5000,-38.63,84.94,-193.08,-30.66965422836803,-9.565107980553961,53.7369144662587,-0.7729496744742166,-0.30052991785003447,0.5587759561821304
,841,0,-0.81083984375,-0.7067443987197073,0.81083984375,0.7067443987197073,1571,1934,3041,2315,1631,1977,3042,2315,-273,-173,0,0,4800,5100,5100,4800,-29.25,22.6,-159.87,30.429762862459164,25.80537425768773,44.09563252891441,0.7725007757644343,0.5976998455530278,0.21447015193083058
,842,0,0.13916015625,-0.0734110653863741,-0.13916015625,0.0734110653863741,2191,2347,2421,1902,2191,2349,2432,1902,0,-15,-36,0,5000,5000,5000,4900,-51.02,58.51,-178.69,-4.774472462418309,5.857400134820409,66.01351435139131,-0.12096264209262654,0.11193111822510975,0.9863262462242642
,843,0,-0.33583984375,0.5599222679469591,0.33583984375,-0.5599222679469591,1881,2760,2731,1489,1898,2760,2731,1527,-41,0,1,-143,4900,5000,4900,5000,-42.94,42.56,-208.14000000000001,12.226898885062539,-23.054659796575237,58.13712159655458,0.35344099134404733,-0.6554970684190632,0.6673852402711279
,844,0,0.6141601562499999,-0.49563328760859626,-0.6141601562499999,0.49563328760859626,2500,2072,2112,2177,2500,2101,2151,2178,0,-103,-158,0,4800,5000,4900,5000,-39.94,76.88,-163.24,-23.691712588872264,20.55492533475578,54.8310915819131,-0.6251294724458286,0.49775862504543483,0.6012066981267573
,845,0,-0.5733398437499999,0.13770004572473726,0.5733398437499999,-0.13770004572473726,1726,2485,2886,1764,1767,2485,2886,1767,-163,0,0,-18,4900,4900,5000,4800,-43.1,26.92,-186.22,27.065588432823304,-0.5839035409836129,58.13471183175809,0.7449286428197008,-0.062227885833410136,0.664235656474043
,846,0,0.37666015625000004,0.7710333790580703,-0.37666015625000004,-0.7710333790580703,2346,2898,2266,1351,2346,2899,2285,1405,0,0,-62,-240,5000,4900,5100,5000,-37.09,65.32000000000001,-215.91,-10.238670596073497,-31.68254611181891,52.351729162200655,-0.2261070120288797,-0.8538105627638922,0.4689169884149834
,847,0,-0.09833984375000004,-0.8474851394604481,0.09833984375000004,0.8474851394604481,2036,1843,2576,2406,2036,1915,2576,2407,-2,-359,-5,0,5100,5000,5000,4900,-33.980000000000004,51.32,-147.01,1.2650042966401003,37.653894169975956,48.745399586046744,0.09366992453214076,0.913853883716182,0.3950911596770971
,848,0,0.8516601562499999,-0.21415180612711482,-0.8516601562499999,0.21415180612711482,2655,2255,1957,1994,2655,2257,2020,1994,0,-14,-323,15,5000,4900,5000,5000,-36.36,89.96000000000001,-177.87,-36.23567158612754,5.4372298792590925,51.36063386137638,-0.8960598399744842,0.10711944185823889,0.4308157243658603
,849,0,-0.8702148437499999,0.4191815272062187,0.8702148437499999,-0.4191815272062187,1533,2668,3079,1581,1598,2669,3080,1601,-321,0,0,-62,5000,5100,4700,4900,-33.3,18.72,-195.43,35.59125549958766,-9.561633947656759,48.39728620627646,0.8945048583728635,-0.31449928308640446,0.3177282790144442
,850,0,0.07978515625000004,-0.636374028349337,-0.07978515625000004,0.636374028349337,2152,1980,2460,2269,2153,2031,2460,2269,0,-221,0,0,5000,5000,5100,5000,-41.26,49.76,-154.29,3.087779969381714,30.48705321511821,56.0764485952019,0.107265342785261,0.7745266928724778,0.6233799389338599
,851,0,-0.39521484374999993,-0.0030406950160036805,0.39521484374999993,0.0030406950160036805,1842,2393,2770,1856,1869,2394,2770,1856,-83,0,0,0,5000,4900,5000,5000,-47.04,34.08,-180.62,19.708699639965165,4.782003706280136,62.03758599105151,0.5862643870457804,0.09053191093795943,0.8050453661650111
,852,0,0.5547851562499999,0.6302926383173295,-0.5547851562499999,-0.6302926383173295,2462,2806,2150,1443,2463,2806,2185,1483,0,0,-134,-161,5000,5000,4900,4900,-37.76,75.67,-209.31,-20.82004046876345,-25.45576975731234,52.97883987673776,-0.49587029374940633,-0.6867734603476072,0.5314648303877227
,853,0,-0.63271484375,-0.42526291723822585,0.63271484375,0.42526291723822585,1688,2118,2924,2131,1731,2144,2925,2132,-171,-84,-14,0,5100,5000,5000,4900,-39.53,25.44,-169.11,27.926574897936714,16.54246225578376,54.442328197544725,0.7531666165846017,0.3790772591553489,0.5376248499221108
,854,0,0.3172851562500001,0.20807041609510746,-0.3172851562500001,-0.20807041609510746,2307,2531,2305,1718,2307,2531,2327,1727,0,0,-75,-29,5000,5000,5000,5000,-48.95,67.07000000000001,-190.77,-12.893196058295523,-6.53812186432674,64.03304432071516,-0.3359534248899306,-0.23913975602383292,0.9110145297379112
,855,0,-0.15771484375,0.8414037494284408,0.15771484375,-0.8414037494284408,1997,2944,2615,1305,2000,2945,2614,1369,-6,0,17,-315,4700,4700,4900,5000,-35.19,54.59,-219.22,0.6035322945385815,-34.61660911906097,50.47106152852991,0.04178955400156141,-0.915754382889429,0.39955918634809384
,856,0,0.79228515625,-0.7771147690900777,-0.79228515625,0.7771147690900777,2616,1888,1996,2361,2617,1944,2042,2361,0,-255,-193,0,4800,5000,4900,4600,-29.330000000000002,81.42,-154.5,-28.545717194991283,29.049474990236035,44.160919819736264,-0.6857824586879291,0.6810429526782286,0.2566766759237355
,857,0,-0.75146484375,-0.1437814357567444,0.75146484375,0.1437814357567444,1610,2301,3002,1948,1668,2303,3002,1949,-274,-16,0,0,5100,4800,5000,5000,-37.82,20.29,-182.54,33.55769459581876,3.2952208794697526,52.82597833882038,0.8827554821132876,0.03946307744842155,0.46817243011227927
,858,0,0.19853515624999996,0.4895518975765889,-0.19853515624999996,-0.4895518975765889,2229,2714,2383,1535,2229,2715,2393,1565,0,0,-32,-109,5000,4800,5000,4900,-45.58,58.82,-205.44,-4.119578905004815,-20.92448493580426,60.76432903438169,-0.08523811145498825,-0.6247253722748236,0.7761782485947861
,859,0,-0.27646484375,-0.5660036579789667,0.27646484375,0.5660036579789667,1920,2026,2692,2223,1933,2068,2692,2224,-27,-169,-3,0,5000,5000,5000,4800,-42.63,42.33,-158.71,10.672662647149586,26.34796914277436,57.47492555481423,0.32744226414593636,0.6653740980169881,0.670864273410846
,860,0,0.67353515625,0.06732967535436662,-0.67353515625,-0.06732967535436662,2539,2439,2073,1810,2539,2439,2123,1811,0,0,-224,0,5000,5000,4900,4800,-41.07,83.7,-180.75,-29.87513149824852,2.8187026722679605,56.088523988772636,-0.7689422953696107,0.03510039025229739,0.6383539057574965
,861,0,-0.51396484375,0.7006630086876997,0.51396484375,-0.7006630086876997,1765,2852,2847,1397,1796,2853,2847,1442,-104,0,0,-186,4700,5000,5100,5000,-37.32,37.25,-212.1,17.675561638279046,-26.86042822514645,52.543348194833555,0.4805046133130385,-0.7425763949018438,0.46657862608510864
,862,0,0.43603515625,-0.35489254686785554,-0.43603515625,0.35489254686785554,2384,2164,2228,2085,2385,2186,2252,2085,0,-67,-88,0,5000,4900,5000,4900,-45.29,71.26,-168.82,-17.873214870614916,15.219693283216287,60.218454875664456,-0.4671487558235975,0.38371907819052015,0.796574986404345
,863,0,-0.03896484374999998,0.27844078646547765,0.03896484374999998,-0.27844078646547765,2075,2577,2537,1672,2078,2578,2538,1690,-7,-10,0,-53,5000,5000,5000,5000,-49.79,54.53,-196.36,-0.15949054173007227,-11.665772826721962,64.90782396453287,0.0316758979648402,-0.3809694825785433,0.9240448532576532
,864,0,0.9110351562499999,0.911774119798811,-0.9110351562499999,-0.911774119798811,2694,2989,1918,1260,2694,2990,1982,1321,0,0,-322,-287,4900,4600,4800,4900,-24.82,85.67,-213.97,-30.64718379529549,-30.56582309309354,40.0763668988444,-0.664594865623071,-0.7451147024655725,0.0558367688632987
,865,0,-0.89990234375,-0.8943987197073616,0.89990234375,0.8943987197073616,1513,1812,3099,2437,1573,1877,3101,2438,-274,-303,-3,0,4800,5100,4900,4600,-22.22,21.31,-155.18,31.54864503622359,30.48860928630583,37.03188618947407,0.7607322191193499,0.6490559505741847,-0.0035866165101101737
,866,0,0.050097656249999956,-0.2610653863740283,-0.050097656249999956,0.2610653863740283,2133,2225,2479,2024,2134,2236,2481,2025,0,-31,-21,0,5000,5000,5000,5000,-49.14,51.27,-169.4,2.1252442897218984,15.388995156161684,64.06448764829625,0.07814347643101673,0.37724053616211983,0.9228126434804583
,867,0,-0.42490234375,0.3722679469593049,0.42490234375,-0.3722679469593049,1823,2638,2789,1611,1847,2639,2789,1634,-73,0,0,-73,5000,5000,5000,4900,-45.160000000000004,35.63,-198.06,18.78889052660659,-12.715541237333838,60.282487093213994,0.5392023153291841,-0.4019540855845744,0.7400633596020786
,868,0,0.52509765625,-0.6832876085962505,-0.52509765625,0.6832876085962505,2442,1950,2170,2299,2443,1995,2204,2299,0,-184,-131,0,4800,4900,4900,5000,-37.44,70.06,-154.49,-17.1923209349264,29.527305332432462,52.26609542091979,-0.42912458343788895,0.7408937219132047,0.5166513183171575
,869,0,-0.66240234375,-0.04995427526291729,0.66240234375,0.04995427526291729,1668,2362,2944,1887,1719,2363,2944,1886,-224,0,0,16,4800,4900,5000,4900,-40.480000000000004,23.39,-182.09,30.443852935840777,3.6520105966741596,55.48394583566506,0.8240106564837433,0.05015557329363683,0.5643499414980186
,870,0,0.28759765625,0.5833790580704159,-0.28759765625,-0.5833790580704159,2287,2775,2325,1474,2287,2775,2339,1513,0,-3,-43,-149,5000,4900,5000,4900,-42.99,62.690000000000005,-208.64000000000001,-7.87193213629746,-24.280463565909287,58.1987389147628,-0.17743359166940398,-0.7050573982495802,0.6865940472512324
,871,0,-0.18740234374999998,-0.47217649748513946,0.18740234374999998,0.47217649748513946,1978,2087,2634,2162,1986,2122,2634,2163,-14,-133,0,0,5000,5000,5000,4900,-45.37,45.84,-161.99,7.283723809315411,22.963057413630906,60.23962556373497,0.2392465449437583,0.5895911147555691,0.7714553831128277
,872,0,0.7625976562499999,0.16115683584819385,-0.7625976562499999,-0.16115683584819385,2597,2500,2015,1749,2598,2500,2069,1752,0,0,-257,-16,5100,4900,5000,4900,-38.26,87.32000000000001,-184.06,-33.37370889885187,-0.6397482212435932,53.3036229870929,-0.8382054111743056,-0.04598154753944086,0.5434127215698865
,873,0,-0.78115234375,0.7944901691815272,0.78115234375,-0.7944901691815272,1591,2913,3021,1336,1646,2914,3022,1391,-252,0,0,-252,4900,4700,5100,4900,-30.02,28.1,-212.79,26.843460597237613,-27.271807093218797,45.24478695954685,0.6766413149927253,-0.7055662439433464,0.21055357098038752
,874,0,0.1688476562500001,-0.8240283493369913,-0.1688476562500001,0.8240283493369913,2210,1858,2402,2391,2210,1927,2406,2392,0,-344,-21,0,5000,5000,5000,4900,-35.0,52.85,-147.73,-0.237866640399929,36.88643922515075,49.77111487513224,0.041820255219810025,0.9016196001024952,0.43050338322058074
,875,0,-0.30615234375,-0.190695016003658,0.30615234375,0.190695016003658,1900,2271,2712,1978,1919,2276,2712,1979,-48,-18,0,0,5000,4900,5000,4900,-47.93,38.46,-175.19,15.135699436103629,10.05660081502495,62.89063609268881,0.46126780599970135,0.22162621039011007,0.8591355155133216
,876,0,0.64384765625,0.4426383173296753,-0.64384765625,-0.4426383173296753,2520,2684,2092,1565,2520,2685,2135,1590,0,0,-179,-79,5100,5000,5000,4900,-40.06,80.78,-198.42000000000002,-26.319427500982258,-14.74115675336347,55.203252258800234,-0.6609094486350825,-0.4500886751546487,0.6005155162045391
,877,0,-0.54365234375,-0.6129172382258802,0.54365234375,0.6129172382258802,1746,1995,2866,2254,1780,2035,2866,2254,-118,-153,-1,0,5000,5000,4900,4700,-37.9,31.61,-159.55,21.415319727723766,25.861686125424683,52.74673904450961,0.5977709348212389,0.6274215382884473,0.4990111449403718
,878,0,0.4063476562499999,0.020416095107453236,-0.4063476562499999,-0.020416095107453236,2365,2408,2247,1841,2365,2409,2276,1842,0,0,-113,0,5000,5000,5000,4900,-47.82,72.03,-180.6,-18.21718446082849,3.437925036532647,62.83261284764038,-0.4836452564460161,0.041003109405824495,0.8743031573409312
,879,0,-0.06865234374999996,0.6537494284407861,0.06865234374999996,-0.6537494284407861,2055,2821,2557,1428,2056,2822,2558,1477,0,0,0,-218,5000,4900,4700,5000,-41.43,56.63,-212.49,-1.6771480914150345,-27.920277696813372,56.66377841698408,-0.01618482534158972,-0.7843551965907545,0.6201007797203137
,880,0,0.88134765625,-0.40180612711476904,-0.88134765625,0.40180612711476904,2675,2133,1937,2116,2675,2155,2001,2117,0,-66,-324,0,4700,4700,5100,4600,-34.56,88.05,-171.09,-34.571878987824334,12.268733043777985,49.511618257602315,-0.8862612931906307,0.2503690323122296,0.3896873976036542
,881,0,-0.8405273437499999,0.23152720621856426,0.8405273437499999,-0.23152720621856426,1552,2546,3060,1703,1619,2546,3061,1710,-332,0,0,-23,5000,5100,4800,5000,-35.160000000000004,18.31,-189.33,35.781091134382336,-3.437698316545294,50.21362175285519,0.9181296960058701,-0.13034391810590093,0.3742303092013936
,882,0,0.10947265624999991,0.8648605395518973,-0.10947265624999991,-0.8648605395518973,2171,2959,2441,1290,2172,2960,2441,1355,0,0,0,-323,4900,4700,5100,5000,-34.15,53.17,-220.06,2.0527760228304857,-35.412210771346054,49.436503348973126,0.08369673573579772,-0.931280070033212,0.35455928641922163
,883,0,-0.36552734374999996,-0.7536579789666209,0.36552734374999996,0.7536579789666209,1862,1904,2750,2345,1878,1963,2751,2345,-37,-276,-20,0,5000,4900,5000,5000,-36.45,40.09,-152.29,12.678607631374689,32.800382187869616,51.2484537917893,0.38662213363791337,0.7970637151320908,0.4639102928380619
,884,0,0.58447265625,-0.1203246456332876,-0.58447265625,0.1203246456332876,2481,2317,2131,1932,2482,2318,2175,1933,0,0,-186,0,5000,4900,4900,4700,-43.65,79.85000000000001,-179.63,-26.067694693478018,4.09529617232343,58.65893913292643,-0.6814105295392627,0.05708854069110439,0.7296715622489215
,885,0,-0.60302734375,0.5130086877000457,0.60302734375,-0.5130086877000457,1707,2729,2905,1520,1748,2730,2905,1548,-165,0,0,-101,4900,5000,5100,4900,-39.69,30.7,-203.78,23.921344738320357,-18.292762621633074,54.851399228414046,0.6537068879255181,-0.5288406481063672,0.5412900087653298
,886,0,0.34697265624999996,-0.5425468678555099,-0.34697265624999996,0.5425468678555099,2326,2041,2286,2208,2326,2077,2306,2209,0,-136,-64,0,5000,5000,5000,4900,-42.89,63.92,-158.86,-10.89781940960961,25.420734509185394,57.74462867549082,-0.26190678802876355,0.6547189476206632,0.7090472015394657
,887,0,-0.12802734375000002,0.09078646547782343,0.12802734375000002,-0.09078646547782343,2017,2454,2595,1795,2024,2454,2595,1801,-16,0,0,-20,5000,5000,5000,5000,-51.02,47.54,-186.51,6.470621780041398,-1.5613950693403922,66.06482903661653,0.22458306660735075,-0.09731482965049955,0.9695835549983988
,888,0,0.82197265625,0.7241197988111565,-0.82197265625,-0.7241197988111565,2636,2867,1976,1382,2636,2868,2031,1426,0,0,-259,-187,4900,4800,4900,5000,-30.59,85.08,-208.38,-30.258499695995724,-24.917154960274615,45.80616384081603,-0.7024017133958997,-0.6606646141914984,0.26486619371619086
,889,0,-0.7217773437499999,-0.33143575674439874,0.7217773437499999,0.33143575674439874,1629,2179,2983,2070,1680,2195,2983,2071,-227,-47,0,-12,5000,5000,4800,5000,-37.87,21.98,-174.99,31.596306039318492,10.779474033778172,52.82287146672497,0.8391885778455607,0.24888126051690487,0.48355004805817325
,890,0,0.22822265625000004,0.3018975765889347,-0.22822265625000004,-0.3018975765889347,2249,2592,2363,1657,2249,2593,2377,1673,0,0,-39,-52,5000,5000,5000,5000,-48.870000000000005,61.99,-196.33,-7.615844205311767,-11.91158979042575,63.99061948136281,-0.1894297696135019,-0.3867264708650102,0.9025292234141059
,891,0,-0.24677734374999993,0.9352309099222678,0.24677734374999993,-0.9352309099222678,1939,3005,2673,1244,1948,3006,2672,1316,-15,0,17,-370,5000,4800,4800,5000,-31.78,52.15,-221.85,3.1363780153393606,-37.181092706703225,47.07890639007666,0.10556174087874771,-0.9541984359680137,0.279932248336707
,892,0,0.7032226562499999,-0.9334933699131229,-0.7032226562499999,0.9334933699131229,2558,1786,2054,2463,2558,1859,2094,2464,0,-364,-169,0,4800,4800,5000,5000,-27.75,75.05,-148.13,-22.410001231776434,35.63378800418806,42.533034150208955,-0.5277336395438519,0.8313105749117394,0.17441311227574807
,893,0,-0.48427734375,-0.3001600365797896,0.48427734375,0.3001600365797896,1784,2199,2828,2050,1818,2211,2828,2050,-122,-31,0,0,5000,5000,5000,5000,-44.19,31.82,-172.54,21.67519418652643,12.91776857828927,59.12919654915635,0.6275561891058736,0.3057176489468657,0.7160376726383284
,894,0,0.4657226562500001,0.33317329675354346,-0.4657226562500001,-0.33317329675354346,2404,2612,2208,1637,2405,2613,2237,1654,0,0,-111,-50,5000,4900,4900,4900,-45.300000000000004,73.85000000000001,-195.12,-19.51229859935644,-11.155906211911486,60.41683784567503,-0.5015139871816384,-0.3674667948383213,0.7832316868924714
,895,0,-0.00927734375,-0.7223822588020119,0.00927734375,0.7223822588020119,2094,1924,2518,2325,2095,1980,2520,2325,0,-254,-21,0,5000,5000,4900,5000,-38.26,53.45,-150.76,-0.7276502609028768,33.860090493856035,53.05285608395385,0.02288362156149638,0.8454349918703089,0.5335878694137273
,896,0,0.94072265625,-0.08904892546867849,-0.94072265625,0.08904892546867849,2713,2337,1899,1912,2713,2338,1976,1911,0,0,-425,16,4700,5100,5000,4600,-32.38,91.5,-178.4,-37.75610795974184,4.823619168762235,47.385126959136855,-0.9417889540537757,0.04472741184796035,0.33321618305790257
,897,0,-0.93701171875,0.5442844078646545,0.93701171875,-0.5442844078646545,1489,2750,3123,1499,1560,2751,3123,1528,-364,0,20,-95,5000,4900,5100,4900,-29.87,18.77,-201.66,35.765652978555956,-15.813688250676364,45.01177258033677,0.8841717417590859,-0.4216092629049034,0.20121123355192808
,898,0,0.012988281249999956,-0.5112711476909009,-0.012988281249999956,0.5112711476909009,2108,2062,2504,2187,2109,2099,2505,2188,0,-145,21,0,4900,4900,5000,4900,-44.47,49.78,-159.20000000000002,3.2454648186621995,25.602552852744623,59.32135101257595,0.125747399846228,0.6559757397452541,0.74423344475882
,899,0,-0.46201171874999997,0.12206218564243265,0.46201171874999997,-0.12206218564243265,1799,2475,2813,1774,1832,2475,2813,1778,-120,0,0,-19,5000,5000,5000,5000,-45.99,31.86,-185.67000000000002,22.109369257323685,-0.19194712696292981,61.02269757512975,0.6423637207653373,-0.04652658180772027,0.7649863576756132
,900,0,0.48798828125000004,0.7553955189757657,-0.48798828125000004,-0.7553955189757657,2418,2887,2194,1362,2419,2888,2221,1412,0,0,-99,-219,4700,5100,5100,4800,-36.230000000000004,70.92,-213.77,-15.912382308510558,-29.752235333122087,51.47874823354223,-0.3642672509870542,-0.813823530696182,0.4527699534460457
,901,0,-0.69951171875,-0.8631229995427526,0.69951171875,0.8631229995427526,1644,1832,2968,2417,1684,1896,2969,2418,-152,-301,-16,0,5000,4800,5100,4700,-27.79,27.55,-152.89000000000001,25.23085521052197,32.59158748922161,42.587929241532095,0.6597379127337275,0.7315653946560101,0.17192428520584394
,902,0,0.25048828125,-0.2297896662094192,-0.25048828125,0.2297896662094192,2263,2245,2349,2004,2263,2254,2366,2005,0,-27,-57,0,5000,5000,5000,4900,-48.94,62.34,-171.96,-8.845175363713416,12.429781184145952,63.88715943467254,-0.2266989160946504,0.29302351683219596,0.9288405783689699
,903,0,-0.22451171874999998,0.4035436671239141,0.22451171874999998,-0.4035436671239141,1954,2658,2658,1591,1965,2659,2658,1616,-22,0,0,-86,5000,4900,5000,4900,-47.2,45.94,-201.24,8.600672976389447,-16.250928364379945,62.34921421873491,0.26020870105004207,-0.5076558997342369,0.821326317222864
,904,0,0.7254882812499999,-0.6520118884316415,-0.7254882812499999,0.6520118884316415,2573,1970,2039,2279,2574,2013,2087,2279,0,-169,-216,0,4900,4800,4900,5000,-34.52,79.57000000000001,-158.4,-26.555421050932296,25.255903732695742,49.37782871034459,-0.6724882609115236,0.6126780447652316,0.41519290986100327
,905,0,-0.81826171875,-0.01867855509830818,0.81826171875,0.01867855509830818,1567,2383,3045,1866,1632,2384,3045,1866,-317,0,19,0,4900,5100,5000,4800,-35.63,18.09,-183.19,35.77940826407826,2.7094378531990913,50.639783786086774,0.9204721402391509,0.019469004805295773,0.3903229392380729
,906,0,0.1317382812500001,0.6146547782350249,-0.1317382812500001,-0.6146547782350249,2186,2796,2426,1453,2186,2796,2431,1497,0,0,-24,-187,5000,4900,4900,4800,-42.730000000000004,54.300000000000004,-210.92000000000002,0.5948546454889154,-26.257976716488344,57.95162895734636,0.04395147205862663,-0.7525900111517632,0.6570209610191048
,907,0,-0.34326171875,-0.44090077732053035,0.34326171875,0.44090077732053035,1876,2108,2736,2141,1895,2139,2736,2143,-49,-113,-14,-16,5000,5000,5000,5000,-44.68,38.050000000000004,-165.43,15.19270714182067,19.801607987553155,59.57102989181763,0.45521757452423495,0.49902412550752884,0.7373953363059187
,908,0,0.60673828125,0.19243255601280285,-0.60673828125,-0.19243255601280285,2496,2520,2116,1729,2496,2520,2159,1735,0,0,-181,-23,4900,5000,4900,4900,-43.1,80.78,-186.76,-26.739829282859645,-3.0673646527384903,58.160115517928176,-0.6940016941936744,-0.12564413808057678,0.7089253832543296
,909,0,-0.58076171875,0.8257658893461359,0.58076171875,-0.8257658893461359,1721,2933,2891,1316,1757,2934,2890,1372,-130,0,18,-255,5100,4900,4900,4800,-32.92,36.5,-215.98000000000002,18.564482390376266,-30.74212027395876,48.170798968732335,0.4883066561856098,-0.8146800108835511,0.31281478448373373
,910,0,0.3692382812499999,-0.7927526291723822,-0.3692382812499999,0.7927526291723822,2341,1878,2271,2371,2341,1940,2287,2372,0,-294,-52,0,4900,4800,4700,4900,-35.78,62.63,-149.64000000000001,-9.942446757898338,34.63033239544288,50.5686151672954,-0.2245016472300906,0.8609233184546586,0.45651949589474733
,911,0,-0.10576171874999996,-0.1594192958390489,0.10576171874999996,0.1594192958390489,2031,2291,2581,1958,2037,2296,2581,1959,-15,-21,0,0,5000,5000,5000,5000,-50.300000000000004,48.46,-174.99,5.135335103670748,9.912467655430277,65.2631535006143,0.18678599009835442,0.2243281553191131,0.9564454363078436
,912,0,0.84423828125,0.4739140374942843,-0.84423828125,-0.4739140374942843,2650,2704,1962,1545,2650,2705,2019,1570,0,0,-280,-79,5000,4900,5100,4700,-34.07,88.38,-197.28,-33.95647681194902,-13.918943330123255,49.208325828183625,-0.8297012252712266,-0.39599751461187965,0.3934232392788194
,913,0,-0.8776367187499999,-0.5816415180612712,0.8776367187499999,0.5816415180612712,1528,2016,3084,2233,1595,2049,3085,2234,-333,-120,0,0,4800,4900,4700,4900,-30.14,18.95,-165.89000000000001,34.294787482894534,19.92752775885205,45.02703213142328,0.858666803568867,0.45837461253086265,0.22931209090670737
,914,0,0.07236328124999991,0.051691815272062014,-0.07236328124999991,-0.051691815272062014,2147,2429,2465,1820,2148,2430,2470,1824,0,0,-27,-17,5000,5000,5000,5000,-51.54,55.46,-184.73,-1.508387933322041,-0.06472634212838102,66.57530598520225,-0.02861549203220497,-0.05166538594292027,0.9982543971909785
,915,0,-0.40263671874999996,0.6850251486053953,0.40263671874999996,-0.6850251486053953,1838,2842,2774,1407,1860,2843,2773,1453,-60,0,18,-200,5000,4800,4900,5000,-38.9,41.160000000000004,-212.4,13.779162639763463,-27.290067910817868,54.12700995949891,0.3775253594933864,-0.7610792596666602,0.5274779269738563
,916,0,0.54736328125,-0.37053040695015993,-0.54736328125,0.37053040695015993,2457,2153,2155,2096,2458,2175,2192,2096,0,-68,-146,0,5000,5000,4900,4900,-43.44,75.53,-169.16,-22.128425709154683,14.712621101323691,58.37263296607396,-0.5885457494795024,0.36079265329156046,0.7234933048069254
,917,0,-0.64013671875,0.26280292638317326,0.64013671875,-0.26280292638317326,1683,2566,2929,1683,1730,2567,2929,1694,-196,0,0,-31,5000,5000,5000,4700,-41.44,25.93,-192.05,28.265124286295006,-6.3860687922957595,56.515887526065235,0.7742211781033795,-0.2126249510945334,0.5961310238095834
,918,0,0.30986328124999996,0.8961362597165066,-0.30986328124999996,-0.8961362597165066,2302,2979,2310,1270,2302,2980,2324,1338,0,0,-41,-341,4800,4800,4900,5000,-33.32,61.26,-219.88,-6.038568149282398,-35.530224206976754,48.60848021075459,-0.11077516259351519,-0.9352957265240043,0.33608148907417457
,919,0,-0.16513671875000002,-0.9100365797896661,0.16513671875000002,0.9100365797896661,1992,1802,2620,2447,1993,1878,2620,2448,-4,-385,-7,-2,4800,5000,5100,4700,-31.5,49.77,-145.19,2.7479520698597995,39.51091175770918,46.25187766299249,0.12431843771595875,0.940250889760334,0.3169750626607131
,920,0,0.78486328125,-0.2767032464563328,-0.78486328125,0.2767032464563328,2612,2215,2000,2034,2613,2221,2058,2035,0,-17,-285,0,5000,5100,5000,4600,-37.17,86.35000000000001,-173.83,-32.77372081107251,9.610559213649168,52.140389655080405,-0.8385338057403573,0.18825114920180494,0.511294984773753
,921,0,-0.7588867187499999,0.35663008687700026,0.7588867187499999,-0.35663008687700026,1605,2627,3007,1622,1659,2628,3007,1638,-241,0,0,-48,5000,5000,4900,4800,-37.410000000000004,22.22,-194.91,32.075355179463884,-9.138984547081321,52.50487825310229,0.8463132299341213,-0.28097783826488515,0.45255427436106216
,922,0,0.19111328125000004,-0.6989254686785551,-0.19111328125000004,0.6989254686785551,2225,1939,2387,2310,2225,1991,2395,2311,0,-230,-31,-17,4800,4800,5000,5000,-39.15,54.230000000000004,-151.85,-1.4676742859989176,32.749026457977436,53.950910175007294,0.0030040954883213153,0.8231920059717202,0.5677551379904477
,923,0,-0.28388671874999993,-0.06559213534522168,0.28388671874999993,0.06559213534522168,1915,2352,2697,1897,1934,2353,2697,1897,-46,0,0,0,5000,5000,5000,5000,-48.97,39.07,-180.0,14.699849413442173,5.235260298289177,63.96511753944727,0.45426124935377776,0.08936090673267949,0.8863753977200963
,924,0,0.6661132812499999,0.5677411979881115,-0.6661132812499999,-0.5677411979881115,2534,2765,2078,1484,2534,2765,2121,1518,0,0,-179,-123,5000,4900,5000,4900,-37.58,80.62,-203.74,-25.967875095739714,-20.06947149880412,52.761148067761724,-0.6345385162710658,-0.5804348908457908,0.5103491048854194
,925,0,-0.52138671875,-0.487814357567444,0.52138671875,0.487814357567444,1760,2077,2852,2172,1792,2104,2852,2173,-113,-92,0,0,5000,5000,5000,4900,-40.78,31.21,-164.66,21.999902233606136,20.790125126496065,55.66290644847707,0.62112916296128,0.5070006352357915,0.5976193761831384
,926,0,0.4286132812500001,0.14551897576588946,-0.4286132812500001,-0.14551897576588946,2379,2490,2233,1759,2380,2490,2260,1764,0,0,-104,-19,5000,4900,5000,5000,-47.31,73.11,-186.24,-19.092993120404188,-2.2408726344366414,62.36323431808679,-0.501456584045117,-0.11286477882476892,0.8577895056589571
,927,0,-0.04638671875,0.7788523090992225,0.04638671875,-0.7788523090992225,2070,2903,2542,1346,2071,2904,2543,1405,0,-4,0,-273,4800,5000,4800,5000,-37.61,57.81,-217.49,-2.6764636077010238,-32.98672869199254,52.879965153574,-0.03594030174706512,-0.8780481923229468,0.477220773509216
,928,0,0.90361328125,-0.8396662094192958,-0.90361328125,0.8396662094192958,2689,1848,1923,2401,2689,1910,1984,2402,0,-284,-306,0,4700,4800,4800,4800,-25.85,83.43,-153.95000000000002,-30.5747555762277,29.50173735441419,40.677894984708885,-0.7335432720862657,0.6678285707879213,0.12617158165108483
,929,0,-0.9073242187499999,-0.2063328760859625,0.9073242187499999,0.2063328760859625,1509,2260,3103,1989,1577,2263,3104,1990,-338,-18,0,0,5000,4800,5100,4800,-32.31,15.47,-181.55,38.33803547051803,4.419202041096099,47.30713720412657,0.9579805692732637,0.06316861549094346,0.279790912847131
,930,0,0.042675781250000044,0.4270004572473709,-0.042675781250000044,-0.4270004572473709,2128,2673,2484,1576,2129,2674,2485,1604,0,0,-20,-101,5000,4900,5000,5000,-47.18,51.51,-203.21,3.1054010673521333,-18.42076077286066,62.34547726112495,0.10699274359636712,-0.560979730420137,0.8208862862025852
,931,0,-0.43232421874999993,-0.6285550983081847,0.43232421874999993,0.6285550983081847,1818,1985,2794,2264,1843,2033,2794,2265,-73,-204,0,-16,5000,5000,4900,5000,-39.44,35.83,-158.03,17.14342901925451,27.239341090582116,54.27756123270492,0.4975731324825638,0.6680929037568921,0.553238510753882
,932,0,0.5176757812499999,0.004778235025148514,-0.5176757812499999,-0.004778235025148514,2437,2398,2175,1851,2438,2399,2213,1852,0,0,-156,0,5000,4900,4900,4900,-45.32,77.11,-180.26,-23.306503178395857,3.576522742312136,60.33228773538577,-0.6116022929471798,0.04848393925025226,0.7896783794029882
,933,0,-0.66982421875,0.6381115683584817,0.66982421875,-0.6381115683584817,1663,2811,2949,1438,1707,2811,2949,1478,-177,0,0,-161,5000,5000,5000,5000,-36.04,29.72,-208.08,25.055381559951506,-22.580519641725488,51.23173070438688,0.6645411662912453,-0.6231201043943484,0.4124395395737986
,934,0,0.2801757812500001,-0.41744398719707354,-0.2801757812500001,0.41744398719707354,2283,2123,2329,2126,2283,2151,2344,2127,0,-92,-50,0,5000,5000,5000,5000,-46.2,62.26,-164.21,-9.045334265519706,20.157877120441356,61.09199045705381,-0.21805188049041424,0.5209190721704872,0.8252858278582234
,935,0,-0.19482421875,0.21588934613625965,0.19482421875,-0.21588934613625965,1973,2536,2639,1713,1984,2536,2639,1725,-23,0,0,-34,5000,5000,5000,4900,-49.870000000000005,45.33,-192.49,8.894849457900925,-7.465790588324836,64.95657197198918,0.28500838089652514,-0.2588351108550988,0.9229163603530767
,936,0,0.75517578125,0.849222679469593,-0.75517578125,-0.849222679469593,2592,2949,2020,1300,2593,2950,2066,1357,0,0,-198,-264,5100,5000,4900,4800,-29.1,81.28,-214.0,-26.258349787641762,-30.406835809584862,44.35471460525453,-0.590632239607297,-0.7791619785900368,0.20990514204308328
,937,0,-0.78857421875,-0.7692958390489255,0.78857421875,0.7692958390489255,1586,1893,3026,2356,1639,1946,3027,2356,-235,-235,0,0,5100,4900,5100,4700,-28.54,23.47,-157.56,29.476855064328653,28.077347336830655,43.36954365287241,0.753848203950942,0.6282302815008475,0.19245674528398496
,938,0,0.16142578124999996,-0.1359625057155921,-0.16142578124999996,0.1359625057155921,2205,2306,2407,1943,2205,2311,2419,1944,0,-20,-38,0,5000,5000,5000,5000,-50.5,58.79,-176.28,-5.141346756213252,8.251954149436699,65.47647215226966,-0.12625677793607754,0.17774710709882338,0.9759432319265293
,939,0,-0.31357421875,0.4973708276177411,0.31357421875,-0.4973708276177411,1896,2719,2716,1530,1912,2720,2715,1561,-40,0,20,-116,5000,4900,5000,4900,-44.660000000000004,42.92,-205.04,11.755493090885913,-19.957481612525697,59.83513922704743,0.3433321404751686,-0.5943115166160706,0.7272667066037365
,940,0,0.63642578125,-0.5581847279378144,-0.63642578125,0.5581847279378144,2515,2031,2097,2218,2515,2067,2138,2219,0,-128,-165,0,4900,5000,5000,5000,-38.58,77.24,-161.19,-24.125661554842466,22.580843885442647,53.45666722207504,-0.6255704269017043,0.5558067246870779,0.5474856397921705
,941,0,-0.55107421875,0.07514860539551882,0.55107421875,-0.07514860539551882,1741,2444,2871,1805,1780,2444,2871,1806,-148,0,0,0,5000,4900,5000,5000,-43.85,27.88,-183.62,26.012481118435378,1.9850396407426842,58.86655601834738,0.7291789465590329,0.003930469596315315,0.6843117822336625
,942,0,0.39892578125,0.7084819387288519,-0.39892578125,-0.7084819387288519,2360,2857,2252,1392,2360,2858,2273,1439,0,0,-68,-208,4800,5000,4900,4800,-38.61,67.18,-212.74,-12.211654103513908,-28.570977498728553,53.849853604761755,-0.2780409420569314,-0.7991656569687182,0.5329422926188635
,943,0,-0.07607421874999998,-0.34707361682670324,0.07607421874999998,0.34707361682670324,2050,2169,2562,2080,2053,2194,2562,2080,-8,-82,0,0,5000,5000,5000,5000,-48.26,50.64,-166.99,2.667725648090517,17.813823426364877,63.167090391867426,0.11656306135993152,0.46527376758475025,0.8774584741877491
,944,0,0.8739257812499999,0.28625971650663007,-0.8739257812499999,-0.28625971650663007,2670,2582,1942,1667,2670,2583,2008,1678,0,0,-337,-30,4900,4700,5100,5000,-34.11,90.81,-188.92000000000002,-36.686619408859244,-5.652016684253084,49.189745399292896,-0.898113887048222,-0.16533839729343228,0.4074980494083042
,945,0,-0.84794921875,0.9195930498399632,0.84794921875,-0.9195930498399632,1547,2994,3065,1255,1602,2995,3065,1315,-246,0,19,-285,4800,5100,4800,5100,-24.85,27.96,-216.42000000000002,27.113645700836198,-30.931176093861524,40.100720617932595,0.6534571311523437,-0.7559309702031558,0.03952399314168393
,946,0,0.10205078125,-0.8865797896662094,-0.10205078125,0.8865797896662094,2167,1817,2445,2432,2168,1890,2446,2433,0,-369,-22,0,4700,5000,4800,4900,-32.33,50.96,-145.61,1.5740047700675035,39.054169138771584,47.08532467231966,0.08722565393107055,0.9357930443359733,0.34158902714915734
,947,0,-0.37294921875,-0.253246456332876,0.37294921875,0.253246456332876,1857,2230,2755,2019,1880,2237,2755,2019,-65,-23,0,4,5000,5000,5000,5000,-46.38,35.730000000000004,-172.94,17.782491576180913,12.392547867378681,61.32355513248766,0.5291636280594499,0.2850093883412716,0.7992218110739313
,948,0,0.5770507812499999,0.38008687700045707,-0.5770507812499999,-0.38008687700045707,2476,2643,2136,1606,2477,2644,2175,1625,0,0,-160,-58,4900,4900,5000,5000,-42.49,78.27,-196.15,-23.89264519062054,-12.364772786518614,57.61601558333876,-0.6088371576652949,-0.39908706613979034,0.6855996128105522
,949,0,-0.6104492187499999,-0.6754686785550983,0.6104492187499999,0.6754686785550983,1702,1955,2910,2294,1742,1997,2910,2294,-153,-167,0,0,4900,5000,5000,4700,-35.03,29.59,-157.79,23.370071085938548,27.67292482964939,49.86346634081406,0.6370159390283393,0.6571415240800478,0.40295869608881124
,950,0,0.33955078125000004,-0.042135345221764986,-0.33955078125000004,0.042135345221764986,2321,2368,2291,1881,2321,2369,2315,1881,0,0,-82,0,4900,5000,5000,5000,-48.870000000000005,68.77,-180.06,-14.978648322867102,4.102703972520885,63.87743467426181,-0.39737399727475226,0.05566256826020918,0.9159670216686642
,951,0,-0.13544921875000004,0.5911979881115681,0.13544921875000004,-0.5911979881115681,2012,2780,2600,1469,2016,2780,2600,1510,-8,0,0,-170,4900,5000,4900,5000,-43.300000000000004,52.99,-209.93,1.8683511883812542,-25.217302554603805,58.51403792244843,0.07144558978370256,-0.7247067922762912,0.6853434124065592
,952,0,0.8145507812499999,-0.46435756744398715,-0.8145507812499999,0.46435756744398715,2631,2092,1981,2157,2631,2118,2036,2158,0,-89,-262,0,4900,5000,4800,4700,-35.5,85.55,-167.66,-32.197170118935475,15.793342329670793,50.42616031230437,-0.8233194466552808,0.36440208324883283,0.4351507905119245
,953,0,-0.7291992187499999,0.16897576588934604,0.7291992187499999,-0.16897576588934604,1625,2505,2987,1744,1679,2505,2987,1747,-241,0,-1,-18,4900,5000,5100,4900,-38.86,21.46,-187.02,32.55029898377959,-1.216553623579756,53.89833318423142,0.8622569236568333,-0.08217049818647686,0.4997609496885888
,954,0,0.2208007812499999,0.8023090992226793,-0.2208007812499999,-0.8023090992226793,2244,2918,2368,1331,2244,2919,2376,1391,0,0,-27,-288,5100,5100,5100,4800,-36.79,57.660000000000004,-217.22,-2.5364234237124066,-32.71734717316673,52.05800265796758,-0.031026806996013616,-0.8908398294924904,0.45325680958748166
,955,0,-0.25419921874999996,-0.816209419295839,0.25419921874999996,0.816209419295839,1934,1863,2678,2386,1943,1932,2678,2388,-17,-343,0,-16,5000,5000,4700,4800,-35.06,45.6,-149.02,7.053977259266617,35.85939554839143,49.837400838386,0.23139591031623408,0.8726818867242422,0.42997936842636775
,956,0,0.69580078125,-0.1828760859625057,-0.69580078125,0.1828760859625057,2554,2276,2058,1973,2554,2279,2109,1974,0,-15,-237,0,5000,5100,5000,4900,-40.35,84.11,-178.06,-30.382055509576347,5.486948750828532,55.3495443469791,-0.7804676987699722,0.10115782387531912,0.6169580746254268
,957,0,-0.49169921875,0.4504572473708277,0.49169921875,-0.4504572473708277,1779,2689,2833,1560,1811,2690,2833,1588,-110,0,0,-94,4900,4900,4900,5000,-43.27,34.67,-201.5,19.872152480976098,-16.132047703852805,58.416655615708684,0.562986188998049,-0.48664202462303807,0.6680015650193066
,958,0,0.45830078124999996,-0.6050983081847279,-0.45830078124999996,0.6050983081847279,2399,2001,2213,2248,2400,2044,2238,2248,0,-172,-92,0,4900,4800,4900,4800,-40.26,68.91,-157.23,-15.943774400574917,26.850779788026728,55.10508160646251,-0.3938206372928105,0.6813756456803254,0.6169542406986146
,959,0,-0.016699218750000022,0.02823502514860543,0.016699218750000022,-0.02823502514860543,2089,2413,2523,1836,2093,2414,2525,1839,-9,0,-22,-15,5000,5000,5000,5000,-51.64,53.18,-183.82,0.7372968351310121,0.9276569935971679,66.6679085538068,0.06463275808944728,-0.02836509302357179,0.9975059037817846
,960,0,0.93330078125,0.6615683584819383,-0.93330078125,-0.6615683584819383,2708,2826,1904,1423,2708,2827,1972,1462,0,0,-347,-152,4900,4800,4600,5000,-28.75,89.16,-204.28,-34.48408268501316,-20.980304200693723,43.938637535857005,-0.8038547553668393,-0.5559435181792203,0.21152857222756016
,961,0,-0.92216796875,-0.39398719707361674,0.92216796875,0.39398719707361674,1499,2138,3113,2111,1569,2156,3114,2111,-355,-56,0,0,4900,5000,5000,4900,-31.05,15.93,-174.38,37.6193734030049,11.55875901119066,45.99627828590083,0.9358981486548595,0.2516370215132071,0.24652274691875437
,962,0,0.02783203125,0.23934613625971646,-0.02783203125,-0.23934613625971646,2118,2551,2494,1698,2119,2551,2495,1713,0,0,-19,-42,4900,5000,5000,4900,-50.300000000000004,51.82,-194.46,2.4802412716851805,-9.665616163541983,65.40319178341107,0.08248817057283714,-0.32217208854993107,0.9430805093282979
,963,0,-0.44716796875,0.8726794695930495,0.44716796875,-0.8726794695930495,1808,2964,2804,1285,1830,2965,2803,1347,-62,-6,17,-302,4800,5000,4800,4900,-32.81,41.97,-218.83,13.200893685553488,-33.78838994275313,48.08329290905208,0.34832432240641636,-0.8834690128206338,0.3132932648587348
,964,0,0.5028320312499999,-0.7458390489254687,-0.5028320312499999,0.7458390489254687,2428,1909,2184,2340,2429,1965,2211,2340,0,-253,-96,0,4900,4800,5000,4700,-36.37,69.16,-152.13,-16.3782380279916,31.910556528192018,51.17895110734077,-0.4038278821516365,0.7875147293177653,0.46555729261229545
,965,0,-0.6846679687499999,-0.11250571559213529,0.6846679687499999,0.11250571559213529,1654,2322,2958,1927,1705,2323,2958,1928,-224,0,0,0,5000,4800,5000,4800,-40.03,22.59,-182.53,31.25914800825448,3.237970768698318,55.03677141136546,0.8387841572393931,0.03686068922327904,0.5432148996062114
,966,0,0.26533203125000004,0.5208276177411979,-0.26533203125000004,-0.5208276177411979,2273,2735,2339,1514,2273,2736,2353,1547,0,0,-44,-125,5000,5000,5000,5000,-44.7,61.81,-206.16,-7.081770058224031,-21.758184975936445,59.8906770356583,-0.15929756740140408,-0.6488568000217517,0.7440491503157077
,967,0,-0.20966796875000004,-0.5347279378143576,0.20966796875000004,0.5347279378143576,1963,2046,2649,2203,1972,2086,2649,2204,-18,-156,0,0,5000,5000,5000,4800,-43.85,45.37,-159.39000000000001,7.659360434454008,25.567417330912974,58.70095518086896,0.24769607277962122,0.6519133035043567,0.7166977746885986
,968,0,0.7403320312499999,0.09860539551897562,-0.7403320312499999,-0.09860539551897562,2583,2459,2029,1790,2584,2459,2086,1790,0,0,-279,0,4800,5000,5000,4900,-39.03,86.12,-181.58,-32.263889626806616,1.8873740288986767,54.055456955621125,-0.8198064069469,0.011853484741791064,0.5725180783418894
,969,0,-0.8034179687499999,0.7319387288523089,0.8034179687499999,-0.7319387288523089,1576,2872,3036,1377,1634,2873,3037,1421,-269,0,0,-181,5000,4800,5100,4900,-30.84,26.37,-210.36,28.484746307008358,-24.775166444780865,46.046763699527304,0.7205930365279102,-0.6522273595802965,0.23525549328846784
,970,0,0.1465820312499999,-0.32361682670324643,-0.1465820312499999,0.32361682670324643,2196,2184,2416,2065,2196,2206,2423,2065,0,-68,-27,0,5000,5000,4900,5000,-48.58,56.120000000000005,-168.07,-2.7696784616572145,16.539061989129863,63.49696889289012,-0.04614043487718079,0.4285767200035517,0.9023264682698509
,971,0,-0.32841796874999996,0.3097165066300869,0.32841796874999996,-0.3097165066300869,1886,2597,2726,1652,1905,2598,2726,1668,-50,0,0,-51,5000,5000,5000,4900,-47.49,39.81,-196.32,14.549146329269405,-11.11095631512734,62.601706006678846,0.4408657187514118,-0.35865745041321356,0.822801465295787
,972,0,0.62158203125,0.94304983996342,-0.62158203125,-0.94304983996342,2505,3010,2107,1239,2505,3010,2143,1307,0,0,-138,-337,5000,5000,5100,4900,-28.650000000000002,75.05,-218.64000000000001,-19.865004993553683,-34.82206190027176,43.93528533586016,-0.4272400211113851,-0.8829666712212669,0.19451432305405583
,973,0,-0.56591796875,-0.9465249199817101,0.56591796875,0.9465249199817101,1731,1778,2881,2471,1761,1853,2882,2472,-99,-379,-20,0,5100,5000,4600,4900,-27.75,34.03,-148.26,18.587964213909316,36.98430246772884,42.51754227739188,0.5130135965223134,0.8387808394282376,0.1823835332240874
,974,0,0.38408203124999996,-0.31319158664837676,-0.38408203124999996,0.31319158664837676,2350,2191,2262,2058,2350,2202,2288,2058,0,-30,-96,0,5000,4900,5000,5000,-46.42,68.24,-168.76,-14.857186629085732,15.396706118638235,61.34678997765957,-0.3882109005114313,0.37154605489164766,0.8433539149245448
,975,0,-0.09091796875000002,0.32014174668495654,0.09091796875000002,-0.32014174668495654,2041,2604,2571,1645,2044,2605,2571,1665,-10,0,0,-67,5000,5000,5000,5000,-49.24,52.04,-197.92000000000002,2.385112493206975,-13.138775116499204,64.36795393489592,0.09302133066796572,-0.43173615114309966,0.8971905749822069
,976,0,0.85908203125,-0.735413808870599,-0.85908203125,0.735413808870599,2660,1916,1952,2333,2660,1963,2010,2333,0,-194,-284,0,5000,4900,4800,5100,-29.060000000000002,83.74,-157.01,-30.773652521374387,26.455518472154722,43.909735099345895,-0.746462649302921,0.6213825164440756,0.23806990875222342
,977,0,-0.86279296875,-0.10208047553726562,0.86279296875,0.10208047553726562,1538,2328,3074,1921,1602,2329,3075,1922,-304,0,0,0,4900,5000,5000,5000,-33.93,16.54,-183.0,37.32129792529565,2.9431227674144225,48.93785322537078,0.9442095999966903,0.017794933812682538,0.3288640625010466
,978,0,0.08720703124999996,0.5312528577960673,-0.08720703124999996,-0.5312528577960673,2157,2741,2455,1508,2158,2742,2457,1542,0,0,-23,-128,5000,4800,4900,4900,-44.75,52.61,-207.59,2.1638548126106727,-22.85482901826731,59.94718006409978,0.08361890389144089,-0.6766772222935297,0.7315161076429602
,979,0,-0.38779296875,-0.5243026977594878,0.38779296875,0.5243026977594878,1847,2053,2765,2196,1869,2089,2765,2197,-62,-142,-2,0,5000,5000,5100,4900,-42.38,36.81,-161.87,16.303082022913074,23.387543695147087,57.245232668403276,0.4809457732522502,0.58213661276364,0.655597534521654
,980,0,0.56220703125,0.10903063557384551,-0.56220703125,-0.10903063557384551,2467,2466,2145,1783,2468,2466,2188,1785,0,0,-181,-18,4900,5000,4900,4900,-44.29,79.11,-183.13,-25.201762366016922,0.6289375632180736,59.32355872136715,-0.6527213912879861,-0.025553701314317775,0.7571669523323206
,981,0,-0.62529296875,0.7423639689071786,0.62529296875,-0.7423639689071786,1692,2879,2920,1370,1733,2879,2920,1418,-163,0,0,-212,4800,5000,4900,5000,-34.660000000000004,33.36,-212.65,21.582497803696068,-27.288638867189945,49.885776851407904,0.5705058422779257,-0.7351813735822749,0.3661030344922502
,982,0,0.32470703125,-0.8761545496113397,-0.32470703125,0.8761545496113397,2312,1824,2300,2425,2312,1893,2313,2426,0,-336,-42,0,4900,5000,4700,4800,-33.0,59.53,-146.38,-6.962524654300502,37.98017528661549,47.76422274451475,-0.13876369952141765,0.9219293351690906,0.36165029607316523
,983,0,-0.15029296874999998,-0.24282121627800635,0.15029296874999998,0.24282121627800635,2002,2237,2610,2012,2009,2246,2610,2013,-17,-26,0,0,5000,5000,5000,5000,-49.08,46.71,-171.06,6.742177859776689,13.894262891183985,64.01448899095652,0.22857258567044955,0.33386099982486306,0.9144896969763345
,984,0,0.7997070312499999,0.39051211705532696,-0.7997070312499999,-0.39051211705532696,2621,2650,1991,1599,2622,2651,2046,1618,0,0,-261,-61,5000,4900,5000,5000,-36.34,87.34,-194.02,-33.03449095639387,-10.607423667020186,51.45462937023619,-0.8196291429138977,-0.32312450557553013,0.47307359045163166
,985,0,-0.74404296875,-0.6650434385002286,0.74404296875,0.6650434385002286,1615,1961,2997,2288,1668,2001,2997,2288,-236,-156,0,0,5100,5000,5000,5000,-32.230000000000004,24.6,-160.11,28.44015390367831,25.514613087934634,47.07806679194566,0.7390212661218184,0.5998459330014742,0.3066470689266328
,986,0,0.2059570312500001,-0.03171010516689532,-0.2059570312500001,0.03171010516689532,2234,2374,2378,1875,2234,2375,2392,1875,0,-1,-46,0,5000,5000,5000,4900,-50.56,62.29,-179.85,-8.510208271404487,4.558482525129165,65.56330216953441,-0.22240987883955388,0.07482582963427567,0.9720776414536636
,987,0,-0.26904296875,0.6016232281664378,0.26904296875,-0.6016232281664378,1925,2787,2687,1462,1938,2787,2687,1504,-25,0,0,-173,4800,5000,5000,5000,-42.67,46.62,-209.81,8.229779727590525,-24.871982155892084,57.88064960335232,0.241828257709095,-0.7117519355372006,0.6594909218726456
,988,0,0.68095703125,-0.45393232738911743,-0.68095703125,0.45393232738911743,2544,2099,2068,2150,2544,2126,2113,2151,0,-93,-192,0,4800,4900,4900,5000,-39.160000000000004,80.43,-166.51,-27.121489236695822,17.153454184968382,54.07582595764037,-0.7091499771903476,0.41270682397700376,0.5716462081512862
,989,0,-0.50654296875,0.1794010059442157,0.50654296875,-0.1794010059442157,1770,2512,2842,1737,1806,2513,2842,1743,-134,-6,0,-23,5000,5000,5000,5000,-45.27,30.84,-188.87,23.244097141594136,-3.3581047331538514,60.32510267734272,0.6641031753975118,-0.1398028258808594,0.7344536352300719
,990,0,0.4434570312499999,0.8127343392775488,-0.4434570312499999,-0.8127343392775488,2389,2925,2223,1324,2390,2926,2246,1382,0,0,-80,-275,5100,4700,5100,5000,-35.19,68.23,-216.27,-13.13405283995322,-32.160878531472775,50.455506665199295,-0.2928733331319604,-0.8635802928204878,0.41043183184574655
,991,0,-0.031542968749999956,-0.8057841792409693,0.031542968749999956,0.8057841792409693,2079,1870,2533,2379,2080,1938,2535,2380,0,-333,-20,0,5000,4800,4800,4800,-35.660000000000004,51.730000000000004,-148.32,0.9027923807238096,36.34196775729049,50.434852638269994,0.07171767284264181,0.8913248009376968,0.44765687153824707
,992,0,0.91845703125,-0.17245084590763604,-0.91845703125,0.17245084590763604,2699,2283,1913,1966,2699,2284,1987,1966,0,-4,-397,16,4700,4900,4800,5000,-33.15,90.95,-178.5,-37.20274706237075,4.749029159991949,48.15559957244137,-0.9317248253063675,0.04770565630585378,0.3600180832461704
,993,0,-0.89248046875,0.46088248742569715,0.89248046875,-0.46088248742569715,1518,2695,3094,1554,1587,2696,3095,1576,-343,0,0,-67,4900,5000,4800,4700,-32.61,19.25,-198.39000000000001,35.16833542124198,-12.543680073078264,47.72860129303946,0.8903113838468597,-0.35382926433706563,0.28661907035537726
,994,0,0.05751953125000009,-0.5946730681298582,-0.05751953125000009,0.5946730681298582,2137,2007,2475,2242,2138,2053,2475,2242,0,-190,0,0,5000,4900,4900,5000,-42.300000000000004,49.86,-155.70000000000002,3.038883857294401,29.081817226546548,57.12650620630992,0.12237634358051441,0.7370889200102303,0.6646231673136411
,995,0,-0.41748046875,0.038660265203474986,0.41748046875,-0.038660265203474986,1828,2420,2784,1829,1857,2421,2784,1831,-92,0,0,-16,5000,5000,4900,5000,-46.76,33.2,-181.77,20.62959240725922,3.662544377917982,61.76543286634329,0.6038362123690838,0.05618247850676222,0.7951260011725161
,996,0,0.53251953125,0.6719935985368082,-0.53251953125,-0.6719935985368082,2447,2833,2165,1416,2448,2834,2199,1459,0,0,-129,-171,5000,4800,5000,5000,-38.0,73.44,-209.88,-18.570886524210124,-25.943190431597856,53.22200159243184,-0.4418029450969838,-0.7328739448546688,0.5174030717504361
,997,0,-0.65498046875,-0.38356195701874707,0.65498046875,0.38356195701874707,1673,2145,2939,2104,1717,2166,2939,2104,-179,-65,0,-1,4900,4900,5000,5000,-39.47,24.84,-172.05,28.63228673944179,13.625678642711819,54.403032507265834,0.7795911567316952,0.3158772699480154,0.540794950675324
,998,0,0.2950195312499999,0.24977137631458612,-0.2950195312499999,-0.24977137631458612,2292,2558,2320,1691,2292,2558,2339,1704,0,-1,-64,-36,4900,5000,5000,5000,-48.870000000000005,65.54,-193.12,-11.279387468714162,-8.831883497281751,63.96917408213007,-0.29094157665683773,-0.3038673490248295,0.907203192878561
,999,0,-0.17998046874999996,0.8831047096479194,0.17998046874999996,-0.8831047096479194,1983,2971,2629,1278,1986,2972,2628,1345,-7,0,8,-330,5000,4800,4800,5000,-33.85,54.31,-220.59,0.9326048398356406,-35.98513498192406,49.14074268606897,0.04925206185962263,-0.9360409744217438,0.34842722139087784
,1000,0,0.77001953125,-0.9230681298582533,-0.77001953125,0.9230681298582533,2602,1793,2010,2456,2603,1864,2053,2457,0,-347,-184,0,4700,5000,5100,4700,-26.82,77.85000000000001,-149.26,-25.167525483024605,34.39686600986673,41.61222799050845,-0.5978492986487098,0.7894200465331127,0.13925590198229792
,1001,0,-0.77373046875,-0.28973479652491996,0.77373046875,0.28973479652491996,1596,2206,3016,2043,1653,2215,3017,2044,-265,-29,0,0,5000,5000,5000,5000,-36.77,20.19,-176.55,33.44128657298478,9.277285206738071,51.7332956050667,0.8784250602293358,0.19131474970881127,0.43791332487713025
,1002,0,0.17626953125,0.3435985368084131,-0.17626953125,-0.3435985368084131,2215,2619,2397,1630,2215,2620,2407,1651,-1,0,-33,-69,5000,5000,5000,5000,-48.67,58.54,-198.49,-4.090161272228961,-13.947042543221556,63.804630378175,-0.09376227825045619,-0.4487088525414415,0.8887457458847421
,1003,0,-0.29873046875,-0.7119570187471422,0.29873046875,0.7119570187471422,1905,1931,2707,2318,1918,1986,2708,2318,-27,-246,-20,0,5100,5000,5100,5000,-38.35,42.97,-152.94,9.82421556257966,32.06043513480466,53.154188368339895,0.3052628085524675,0.7927338351440221,0.5276245675975579
,1004,0,0.6512695312499999,-0.07862368541380882,-0.6512695312499999,0.07862368541380882,2525,2344,2087,1905,2525,2345,2135,1904,0,0,-212,15,5000,5000,5100,4800,-41.83,82.51,-179.35,-28.736327462124336,4.266123768247127,56.83805553462091,-0.7474918525160876,0.06149310524772945,0.661418572788109
,1005,0,-0.5362304687499999,0.5547096479195244,0.5362304687499999,-0.5547096479195244,1750,2757,2862,1492,1784,2757,2862,1525,-121,0,0,-118,5100,5000,5100,4900,-40.480000000000004,34.14,-205.91,20.56057553171522,-20.53983632847192,55.65792889058904,0.5692162800153284,-0.5916570358824512,0.57090697881205
,1006,0,0.41376953125000004,-0.5008459076360311,-0.41376953125000004,0.5008459076360311,2370,2068,2242,2181,2371,2100,2264,2182,0,-118,-78,0,4900,5000,4800,5000,-43.03,68.19,-161.28,-15.077673939167553,22.84926550272695,57.90357288129112,-0.37880752116303745,0.5859642836533487,0.7163453916882085
,1007,0,-0.061230468750000044,0.13248742569730232,0.061230468750000044,-0.13248742569730232,2060,2481,2552,1768,2065,2481,2553,1775,-12,0,0,-25,5000,5000,5000,4900,-51.27,51.79,-189.09,2.3165447036792344,-4.291249302811195,66.33490218901036,0.10396387431575568,-0.17373979405176163,0.9792885156071778
,1008,0,0.8887695312499999,0.7658207590306354,-0.8887695312499999,-0.7658207590306354,2679,2894,1933,1355,2679,2895,1995,1403,0,-2,-302,-204,4700,5100,4500,4700,-27.88,86.77,-209.19,-31.91855103319932,-25.806930458195126,43.1026792151618,-0.729336136351297,-0.6612692508856814,0.17547586171679502
,1009,0,-0.8331054687499999,-0.852697759487883,0.8331054687499999,0.852697759487883,1557,1839,3055,2410,1616,1897,3056,2411,-270,-255,0,0,4900,4900,4600,4900,-25.39,23.64,-154.83,29.20798378312574,30.776894228597257,40.20024486397644,0.726745129623941,0.6801787174537122,0.09590844014425423
,1010,0,0.11689453125000004,-0.21936442615454954,-0.11689453125000004,0.21936442615454954,2176,2252,2436,1997,2176,2261,2443,1997,0,-26,-31,17,5000,4900,5000,5000,-49.78,55.370000000000005,-171.71,-1.888619713925145,12.937153673009078,64.72256750797786,-0.034598529013800436,0.3108944256700769,0.9498145070893338
,1011,0,-0.35810546874999993,0.41396890717878376,0.35810546874999993,-0.41396890717878376,1867,2665,2745,1584,1888,2666,2745,1611,-56,0,0,-93,5000,5000,5000,5000,-45.85,39.800000000000004,-200.65,14.715185117866845,-15.449362843297507,60.99258826176032,0.4342297407696859,-0.4730122044652568,0.7666185405128222
,1012,0,0.5918945312499999,-0.6415866483767718,-0.5918945312499999,0.6415866483767718,2486,1977,2126,2272,2487,2019,2163,2272,0,-164,-144,0,4900,5000,4900,4800,-37.28,74.10000000000001,-157.05,-21.137315264651363,26.822091903315567,52.12595248901241,-0.5316526574105902,0.6693269646417978,0.5189863835127615
,1013,0,-0.59560546875,-0.008253315043438514,0.59560546875,0.008253315043438514,1712,2390,2900,1859,1756,2391,2900,1859,-184,0,0,0,4900,5000,5000,4900,-42.67,26.12,-182.23,27.72099750089895,3.4292005063655324,57.67598003796766,0.7668931283082184,0.04576419890387718,0.640141053090896
,1014,0,0.3543945312500001,0.6250800182898946,-0.3543945312500001,-0.6250800182898946,2331,2802,2281,1447,2331,2802,2300,1491,0,0,-66,-187,5000,5000,5000,5000,-41.62,65.38,-209.6,-10.525726616561059,-25.346669328250783,56.8366889417911,-0.24632305847573582,-0.7302122422454911,0.6372715529018783
,1015,0,-0.12060546875,-0.4304755372656607,0.12060546875,0.4304755372656607,2021,2114,2591,2135,2024,2147,2591,2137,-8,-119,0,-17,5000,4900,4900,4800,-46.56,49.02,-163.43,4.157938670393754,21.41775341929332,61.44112580525837,0.1564122130733928,0.5559289874811456,0.8163811490227295
,1016,0,0.82939453125,0.2028577960676725,-0.82939453125,-0.2028577960676725,2641,2527,1971,1722,2641,2527,2032,1727,0,0,-310,-22,4800,4700,5100,4600,-35.89,89.44,-185.26,-35.44935549492739,-1.932353266355932,50.94307995517204,-0.8816786741303363,-0.07709546158544124,0.4655094041871759
,1017,0,-0.71435546875,0.8361911294010058,0.71435546875,-0.8361911294010058,1634,2940,2978,1309,1680,2941,2977,1365,-181,0,18,-255,5100,5000,4700,5000,-30.05,31.2,-215.11,23.8292188084444,-29.701902731628223,45.29255333764123,0.603647125714796,-0.7664115871325222,0.2195983304246036
,1018,0,0.23564453124999996,-0.7823273891175125,-0.23564453124999996,0.7823273891175125,2254,1885,2358,2364,2254,1946,2365,2364,0,-285,-29,0,5100,4800,4800,5000,-36.43,56.370000000000005,-149.19,-3.702674114700713,35.31059002763121,51.212887559263315,-0.06083723980275993,0.8764113052398917,0.4777049866820426
,1019,0,-0.23935546875000002,-0.14899405578417924,0.23935546875000002,0.14899405578417924,1944,2298,2668,1951,1960,2301,2668,1952,-37,-17,0,0,5000,4900,5000,4900,-49.32,41.83,-176.78,11.825480512284955,8.35596784175695,64.29327580645221,0.37307186336371184,0.17883186563134074,0.9104046070847523
,1020,0,0.71064453125,0.48433927754915396,-0.71064453125,-0.48433927754915396,2563,2711,2049,1538,2564,2712,2096,1564,0,0,-215,-86,4800,5100,4800,4700,-37.82,83.0,-199.63,-28.494629444366296,-16.046436742553027,52.972817176732256,-0.7083672172151554,-0.47457847426535593,0.5224855570624167
,1021,0,-0.47685546874999996,-0.5712162780064014,0.47685546874999996,0.5712162780064014,1789,2023,2823,2226,1818,2060,2823,2227,-99,-135,0,0,4900,5000,4900,4900,-40.17,34.1,-160.45000000000002,18.959749494976613,24.888622845882395,55.02408897064141,0.5417041456947719,0.6085392195744804,0.5798591525334235
,1022,0,0.47314453125,0.06211705532693168,-0.47314453125,-0.06211705532693168,2408,2435,2204,1814,2409,2435,2236,1816,0,0,-126,-15,4900,5000,5000,4900,-46.38,75.12,-181.49,-21.273254783770355,2.4267364188279146,61.40022611192324,-0.5612877835175905,0.012847876057081918,0.8275209702205333
,1023,0,-0.0018554687499999778,0.6954503886602648,0.0018554687499999778,-0.6954503886602648,2099,2848,2513,1401,2100,2849,2514,1451,0,0,0,-221,4900,5000,5100,5000,-40.1,57.71,-214.28,-2.6920292467892466,-29.757530803699098,55.346995495730525,-0.038462962705988875,-0.8211664521128618,0.5693911295623179
,1024,0,0.9481445312499999,-0.36010516689529026,-0.9481445312499999,0.36010516689529026,2718,2160,1894,2089,2718,2178,1961,2089,0,-49,-350,0,5100,4800,4800,4800,-31.63,92.0,-175.48,-38.36127884572787,7.718247424308316,46.61454571037117,-0.9324598761388551,0.18101251614576094,0.31265483906328956
,1025,0,-0.9490722656249999,0.27322816643804293,0.9490722656249999,-0.27322816643804293,1481,2573,3131,1676,1557,2574,3131,1684,-400,-2,20,-25,5000,4800,5000,5000,-31.48,15.450000000000001,-190.16,38.66865849696798,-4.1901684011687905,46.53848318427347,0.9578793608391118,-0.1526364741196574,0.24324727510657518
,1026,0,0.0009277343750000444,0.906561499771376,-0.0009277343750000444,-0.906561499771376,2101,2986,2511,1263,2102,2987,2512,1332,0,-1,0,-349,4700,4800,5000,5000,-32.61,52.94,-221.18,2.322829495467367,-36.53413703383754,47.90442874783626,0.09033501274864916,-0.9491929270882355,0.30145044806297494
,1027,0,-0.474072265625,-0.8996113397347965,0.474072265625,0.8996113397347965,1791,1809,2821,2440,1813,1882,2822,2441,-61,-363,-9,0,5000,5000,5100,4900,-30.580000000000002,37.19,-148.6,15.442698849226971,36.55067418871778,45.3511569832705,0.4488746685055574,0.850093460744215,0.27541357986480897
,1028,0,0.4759277343749999,-0.26627800640146315,-0.4759277343749999,0.26627800640146315,2410,2221,2202,2028,2411,2230,2234,2029,0,-25,-125,0,4900,4900,5100,5000,-45.4,73.48,-171.92000000000002,-19.979866602891022,12.042455822900337,60.351423291700684,-0.5283052733840593,0.2743792599742308,0.8034983259538178
,1029,0,-0.711572265625,0.36705532693186993,0.711572265625,-0.36705532693186993,1636,2634,2976,1615,1684,2635,2976,1633,-206,0,0,-55,5000,4800,4900,4900,-38.78,24.0,-195.63,30.32269713888606,-9.912965444062564,53.88068469439626,0.8081474300128253,-0.31090506711415333,0.5002357150448272
,1030,0,0.2384277343750001,-0.6885002286236854,-0.2384277343750001,0.6885002286236854,2255,1946,2357,2303,2255,1996,2369,2303,0,-214,-36,0,4900,5000,5000,4800,-39.56,56.27,-152.44,-3.484992089880251,32.088726148256995,54.36591906542588,-0.054871952065577906,0.8108460322672622,0.5826815432403458
,1031,0,-0.236572265625,-0.055166895290352014,0.236572265625,0.055166895290352014,1946,2359,2666,1890,1961,2360,2666,1890,-34,-4,0,0,5000,5000,5000,5000,-49.68,41.37,-180.08,12.40433680746186,5.077371237258802,64.67658990025436,0.38807802125511015,0.08882344809037024,0.9173362766663353
,1032,0,0.713427734375,0.578166438042981,-0.713427734375,-0.578166438042981,2565,2772,2047,1477,2566,2772,2095,1511,0,0,-217,-125,4800,4800,5100,5000,-36.300000000000004,82.28,-203.65,-27.630224720897345,-20.048572974611005,51.48120393795573,-0.6733516606127219,-0.5723454333242459,0.4679938526337401
,1033,0,-0.830322265625,-0.4773891175125743,0.830322265625,0.4773891175125743,1559,2084,3053,2165,1622,2108,3054,2166,-300,-80,0,0,4800,5100,5000,5000,-33.26,19.63,-169.33,33.73983382318315,16.487570684429414,48.171729535260795,0.8660511564681695,0.3768878922796731,0.3284979619923564
,1034,0,0.11967773437499996,0.15594421582075912,-0.11967773437499996,-0.15594421582075912,2178,2497,2434,1752,2178,2497,2441,1759,0,-3,-30,-26,5000,5000,5000,5000,-50.97,57.13,-190.04,-2.9857312087909946,-5.4354687050852135,66.0438143886859,-0.06915922919648645,-0.20173223613553593,0.9769959600329492
,1035,0,-0.355322265625,0.7892775491540922,0.355322265625,-0.7892775491540922,1868,2910,2744,1339,1885,2911,2743,1395,-37,0,17,-260,4800,5000,5100,5000,-36.34,44.84,-216.56,10.251338502749704,-31.598325524950184,51.5981815373686,0.2796412108235385,-0.8537703783096603,0.4391775658320035
,1036,0,0.594677734375,-0.8292409693644262,-0.594677734375,0.8292409693644262,2488,1854,2124,2395,2489,1918,2155,2396,0,-300,-111,0,5000,5000,4800,4800,-31.85,72.24,-150.73,-19.50740629986568,33.16620824222093,46.65032607325451,-0.474983283647117,0.8095389004827375,0.3450183311956084
,1037,0,-0.592822265625,-0.19590763603109274,0.592822265625,0.19590763603109274,1714,2267,2898,1982,1757,2271,2898,1983,-174,-18,0,7,5000,5000,4900,5000,-42.46,26.55,-178.92000000000002,27.171782168790568,6.719943039685603,57.44257888463907,0.7543261843409858,0.14064776790148117,0.6412567449952479
,1038,0,0.357177734375,0.43742569730224057,-0.357177734375,-0.43742569730224057,2333,2680,2279,1569,2333,2681,2301,1597,0,0,-77,-96,5000,5000,5000,5000,-45.58,67.21000000000001,-201.04,-12.662918499515335,-16.83026151670751,60.736343906389834,-0.315863266130776,-0.527624398729772,0.7885701560256039
,1039,0,-0.11782226562499998,-0.618129858253315,0.11782226562499998,0.618129858253315,2023,1992,2589,2257,2025,2042,2589,2257,-7,-217,0,0,5000,5000,4900,4900,-41.910000000000004,50.300000000000004,-155.25,2.582873282265723,29.512850884630012,56.73348668890497,0.10894775214204115,0.7496086914174477,0.6528531205827373
,1040,0,0.8321777343749999,0.015203475080018292,-0.8321777343749999,-0.015203475080018292,2642,2405,1970,1844,2642,2406,2033,1845,0,0,-323,0,4800,4800,5000,4900,-35.4,89.54,-180.11,-35.735235666402076,3.207056228212423,50.416446710211055,-0.8877566948066914,0.045299194953505796,0.45807863272855576
,1041,0,-0.889697265625,0.6485368084133512,0.889697265625,-0.6485368084133512,1520,2818,3092,1431,1586,2819,3092,1468,-324,0,20,-140,4900,5100,4800,5100,-30.0,22.04,-206.70000000000002,32.67970728089316,-20.96736468162527,45.178980224176115,0.8155690740914578,-0.5400102509743682,0.20793271562744078
,1042,0,0.060302734375,-0.4070187471422039,-0.060302734375,0.4070187471422039,2139,2130,2473,2119,2140,2160,2474,2120,0,-104,-21,0,5000,5000,5000,5000,-47.02,50.93,-163.94,2.2676559257524573,20.84244736428576,61.9055115160452,0.09498359371146822,0.5409155824229904,0.8356963860264396
,1043,0,-0.414697265625,0.22631458619112932,0.414697265625,-0.22631458619112932,1830,2543,2782,1706,1858,2543,2782,1718,-86,-1,0,-35,5000,4900,5000,5000,-46.72,34.910000000000004,-191.52,19.2726007068244,-6.1428554183432595,61.79557188475523,0.5695349849523991,-0.2096287171744108,0.7947865762901899
,1044,0,0.5353027343749999,0.8596479195244624,-0.5353027343749999,-0.8596479195244624,2449,2955,2163,1294,2450,2956,2196,1353,0,0,-120,-279,5000,4700,5100,5000,-32.36,71.45,-216.76,-16.334673986758304,-32.78694488306482,47.630357961497424,-0.36405859085007386,-0.8730806926209919,0.32433230890663195
,1045,0,-0.6521972656249999,-0.7588705989940557,0.6521972656249999,0.7588705989940557,1675,1900,2937,2349,1715,1956,2938,2349,-147,-250,-20,0,4900,5100,4700,5000,-32.17,28.39,-156.03,24.505358143416505,29.454640773249935,46.99052158091304,0.660605968688552,0.6834097655919875,0.3107263207817521
,1046,0,0.29780273437500004,-0.12553726566072243,-0.29780273437500004,0.12553726566072243,2294,2313,2318,1936,2294,2316,2339,1937,0,-16,-71,0,5000,5000,5000,5000,-49.39,66.01,-177.79,-12.302301806829867,6.474486022820884,64.38014655195141,-0.3248982625051041,0.12553370222053575,0.9373806103328415
,1047,0,-0.17719726562500004,0.5077960676726108,0.17719726562500004,-0.5077960676726108,1984,2726,2628,1523,1991,2727,2628,1556,-13,0,0,-124,4900,5000,5000,4900,-45.24,49.77,-206.26,4.954071674477603,-21.419737424818834,60.42655672411463,0.1563582770011515,-0.6380350128866794,0.7539651262120326
,1048,0,0.7728027343749999,-0.5477594878829446,-0.7728027343749999,0.5477594878829446,2604,2038,2008,2211,2605,2071,2058,2212,0,-114,-230,0,5000,5100,5100,5000,-35.03,83.01,-163.35,-29.814449996031527,20.188741652170563,49.92445361344823,-0.7581092080909165,0.47973980366974206,0.4417240647538695
,1049,0,-0.7709472656249999,0.08557384545038849,0.7709472656249999,-0.08557384545038849,1597,2451,3015,1798,1655,2451,3016,1799,-271,0,0,0,5000,5100,4800,4700,-37.44,19.73,-184.33,34.18188063866591,1.5239325455245876,52.45851484138879,0.8938663586461695,-0.015328333841298732,0.44807139505026133
,1050,0,0.1790527343749999,0.7189071787837218,-0.1790527343749999,-0.7189071787837218,2217,2864,2395,1385,2217,2865,2402,1434,0,0,-26,-216,5100,5100,5100,4800,-39.300000000000004,55.84,-214.62,-0.8110905706590472,-30.03551827917184,54.54868937642674,0.009671127759984804,-0.8413161386426327,0.5404568661302216
,1051,0,-0.29594726562499996,-0.33664837677183357,0.29594726562499996,0.33664837677183357,1907,2176,2705,2073,1924,2200,2705,2073,-37,-74,0,0,4900,5000,5000,5000,-47.06,39.87,-170.09,13.542423113281664,15.096055153023713,61.98489300860801,0.41450139962198007,0.38592794483241566,0.8241651600916213
,1052,0,0.654052734375,0.29668495656149974,-0.654052734375,-0.29668495656149974,2526,2588,2086,1661,2526,2589,2131,1672,0,0,-199,-35,5000,4800,5100,5000,-41.34,82.27,-191.9,-28.043595558229228,-8.270214395568871,56.43737118032641,-0.7170309067449697,-0.2575548522912571,0.6477130358682887
,1053,0,-0.533447265625,0.9300182898948328,0.533447265625,-0.9300182898948328,1752,3001,2860,1248,1783,3002,2859,1316,-104,0,10,-344,4800,5000,5000,4600,-30.57,40.2,-219.78,15.00370806402396,-34.689845406882796,45.84940876636007,0.3898047043075865,-0.8912420582287542,0.23181864925809623
,1054,0,0.41655273437499996,-0.9387059899405578,-0.41655273437499996,0.9387059899405578,2372,1783,2240,2466,2373,1859,2255,2467,0,-382,-51,0,4800,4700,5100,4900,-30.39,62.620000000000005,-145.45000000000002,-10.08445012554774,38.77940875899267,45.14890111828795,-0.239978448963546,0.9303549458909977,0.27721835922104604
,1055,0,-0.05844726562500002,-0.30537265660722446,0.05844726562500002,0.30537265660722446,2062,2196,2550,2053,2065,2209,2551,2053,-9,-34,-16,0,5000,5000,5000,5000,-48.480000000000004,52.35,-167.36,0.972225380462433,17.383928693172493,63.39040488052986,0.06785148224799004,0.4356663684509107,0.897547208651192
,1056,0,0.891552734375,0.32796067672610874,-0.891552734375,-0.32796067672610874,2681,2609,1931,1640,2681,2610,1997,1655,0,0,-343,-43,4800,4900,4800,5000,-33.72,90.88,-190.20000000000002,-36.710431388673896,-6.936458509009611,48.80890135190151,-0.8969453830422545,-0.21428144655408898,0.38674596507509956
,1057,0,-0.9193847656249999,-0.7275948788294467,0.9193847656249999,0.7275948788294467,1501,1921,3111,2328,1569,1964,3112,2328,-332,-168,0,0,4900,5000,5100,5100,-26.16,19.44,-160.64000000000001,33.61505352373331,25.12789928164912,41.00993146431965,0.8189117912063295,0.5639195834499631,0.10666855968307218
,1058,0,0.030615234375000022,-0.09426154549611343,-0.030615234375000022,0.09426154549611343,2120,2334,2492,1915,2121,2337,2494,1915,0,-16,-23,0,5000,5000,5000,5000,-51.14,52.57,-177.45000000000002,1.1169200362516492,7.31179345768976,66.12230078900313,0.046698974402245075,0.15390129556554724,0.9869820651931952
,1059,0,-0.44438476562499996,0.5390717878372195,0.44438476562499996,-0.5390717878372195,1810,2746,2802,1503,1835,2747,2801,1536,-76,0,19,-125,5000,4900,5000,4800,-42.160000000000004,37.19,-205.85,17.510637263315086,-20.57796867578017,57.33867946192233,0.49057904709928135,-0.596728264117303,0.6350177771926633
,1060,0,0.505615234375,-0.5164837677183356,-0.505615234375,0.5164837677183356,2430,2058,2182,2191,2431,2090,2212,2192,0,-118,-114,0,5000,5000,4900,4900,-41.52,72.15,-161.43,-19.02989571353092,22.545678020102542,56.39626478848396,-0.48848325671154164,0.5689366904373564,0.6615853309941763
,1061,0,-0.681884765625,0.11684956561499771,0.681884765625,-0.11684956561499771,1655,2471,2957,1778,1705,2471,2957,1780,-215,0,0,-17,5000,5000,4800,4900,-40.34,22.97,-184.59,30.953790016242706,1.1678622111435573,55.36158990938086,0.833388977726863,-0.01863176828493122,0.5523727627372215
,1062,0,0.26811523437499996,0.7501828989483308,-0.26811523437499996,-0.7501828989483308,2275,2884,2337,1365,2275,2885,2349,1418,0,0,-36,-240,5100,4900,5100,5000,-38.46,59.95,-215.26,-4.895433656838485,-30.829408343905726,53.714914754904235,-0.09206836485060274,-0.8532679118023851,0.5132809044588861
,1063,0,-0.20688476562500002,-0.8683356195701875,0.20688476562500002,0.8683356195701875,1965,1829,2647,2420,1970,1899,2648,2421,-5,-346,-14,0,5100,4800,4700,5000,-33.08,48.26,-146.69,4.311332426794081,38.077694122687745,47.84191825059258,0.16767325555173765,0.9155492156925837,0.3655889946611852
,1064,0,0.743115234375,-0.23500228623685415,-0.743115234375,0.23500228623685415,2584,2242,2028,2007,2585,2246,2084,2008,0,-15,-269,0,5000,4900,5000,4700,-39.13,84.89,-175.56,-31.251952353441467,7.948403388806668,54.11207897525774,-0.8085061294880439,0.149963296969743,0.5690596173883955
,1065,0,-0.8006347656249999,0.39833104709647915,0.8006347656249999,-0.39833104709647915,1578,2655,3034,1594,1637,2656,3035,1613,-277,0,0,-61,5100,4900,5100,5000,-36.2,21.54,-196.4,32.808516755129205,-10.61206571324675,51.3052508184974,0.8558628854268552,-0.3178142723462084,0.4080353044062086
,1066,0,0.14936523437500004,-0.6572245084590763,-0.14936523437500004,0.6572245084590763,2197,1967,2415,2282,2197,2017,2420,2282,0,-215,-25,0,5000,4800,4900,4900,-40.59,52.38,-153.57,0.44340484517638146,31.10722981369983,55.40238540153547,0.046728487729704865,0.7870366093973147,0.6151339885771827
,1067,0,-0.32563476562499993,-0.023891175125743014,0.32563476562499993,0.023891175125743014,1888,2379,2724,1870,1908,2380,2724,1870,-53,0,0,0,5000,5000,5000,5000,-48.39,37.29,-180.26,16.48799077981133,5.035539851246966,63.3862719668524,0.4971759800634283,0.09266454121137833,0.8626872710606401
,1068,0,0.6243652343749999,0.60944215820759,-0.6243652343749999,-0.60944215820759,2507,2792,2105,1457,2507,2792,2144,1495,0,0,-156,-151,5000,4900,5100,4900,-37.79,78.32000000000001,-205.91,-23.591023375885783,-22.15349676124157,52.98568004176513,-0.5749289390497057,-0.6353333513435689,0.5155659489471047
,1069,0,-0.563134765625,-0.4461133973479652,0.563134765625,0.4461133973479652,1733,2104,2879,2145,1769,2130,2879,2146,-132,-88,0,0,4900,5000,5000,4900,-40.82,29.09,-167.46,24.219585087344154,18.068817411801177,55.72200256310106,0.6767027885670173,0.4367104017520107,0.5927540476008749
,1070,0,0.3868652343750001,0.1872199359853679,-0.3868652343750001,-0.1872199359853679,2352,2517,2260,1732,2352,2517,2285,1739,0,0,-92,-26,5000,5000,5000,4900,-48.0,70.69,-188.9,-16.578465778495435,-4.806811399811636,63.07119653398481,-0.4346129159947878,-0.1860667850099513,0.8811871337954091
,1071,0,-0.088134765625,0.8205532693187012,0.088134765625,-0.8205532693187012,2043,2930,2569,1319,2043,2931,2568,1383,0,0,17,-317,5000,5100,4600,4800,-35.9,56.730000000000004,-218.19,-1.5721470055661655,-33.65947511263184,51.174562826917246,-0.016561161569537842,-0.9023686695532717,0.4306466209505489
,1072,0,0.861865234375,-0.797965249199817,-0.861865234375,0.797965249199817,2662,1875,1950,2374,2662,1934,2005,2375,0,-267,-269,0,4800,5000,4800,5100,-27.72,83.02,-155.58,-30.105925080708275,27.900976969046553,42.55929450504172,-0.7311857213719583,0.6542173462244825,0.19330572873239996
,1073,0,-0.860009765625,-0.16463191586648374,0.860009765625,0.16463191586648374,1539,2288,3073,1961,1603,2290,3073,1962,-308,-16,18,0,4900,5000,5000,4900,-34.19,16.82,-182.57,37.025997822365454,3.364581033203706,49.194895594266114,0.9404357925390132,0.03178513322585045,0.3384822379643176
,1074,0,0.08999023437500009,0.46870141746684935,-0.08999023437500009,-0.46870141746684935,2159,2701,2453,1548,2160,2702,2456,1581,0,0,-22,-120,5000,5000,5000,4900,-46.4,53.28,-204.78,1.3931077621243801,-20.05914186344205,61.57738935020746,0.057714567100776035,-0.6019206764660369,0.7964675310312644
,1075,0,-0.385009765625,-0.586854138088706,0.385009765625,0.586854138088706,1849,2012,2763,2237,1869,2055,2763,2238,-52,-173,0,0,4900,4800,4900,5000,-41.12,37.67,-159.16,15.345652205942386,26.055683619747327,55.966304410708716,0.45140460570070995,0.6494306729786973,0.6119425487303715
,1076,0,0.564990234375,0.04647919524462718,-0.564990234375,-0.04647919524462718,2468,2425,2144,1824,2469,2426,2187,1825,0,0,-182,0,5000,5000,5000,4700,-44.17,79.08,-180.67000000000002,-25.260586101493914,3.0874990419289645,59.18602609417114,-0.6581401450460624,0.03658448024555014,0.7520060673185495
,1077,0,-0.622509765625,0.6798125285779604,0.622509765625,-0.6798125285779604,1694,2838,2918,1411,1734,2839,2918,1453,-153,0,0,-167,4800,5000,4900,4900,-36.08,32.410000000000004,-210.26,22.44582114362855,-24.85584167096161,51.28833544653019,0.59772491977453,-0.6832437596978348,0.41940777903431714
,1078,0,0.3274902343749999,-0.3757430269775949,-0.3274902343749999,0.3757430269775949,2313,2150,2299,2099,2313,2175,2317,2099,0,-80,-59,0,5000,5000,5000,4900,-46.53,65.29,-166.75,-11.981638493131534,17.512596705895618,61.44128834042789,-0.3044249723700378,0.44815945033711174,0.840522779745463
,1079,0,-0.14750976562499996,0.2575903063557383,0.14750976562499996,-0.2575903063557383,2004,2563,2608,1686,2011,2564,2608,1702,-15,0,0,-51,5000,5000,5000,5000,-49.86,48.54,-194.86,5.772478238896831,-9.950107649636948,64.96473956701288,0.19681573367149213,-0.3321038086036071,0.9224806920962254
,1080,0,0.802490234375,0.8909236396890716,-0.802490234375,-0.8909236396890716,2623,2976,1989,1273,2623,2977,2040,1334,0,0,-224,-297,5100,4800,4900,4700,-27.63,82.46000000000001,-214.57,-27.417218390304868,-31.02952245887934,42.88928466883583,-0.6080214443338757,-0.7793614402864858,0.15134618800856098
,1081,0,-0.741259765625,-0.9152491998171011,0.741259765625,0.9152491998171011,1617,1798,2995,2451,1662,1864,2996,2452,-178,-310,-20,0,5100,5000,4700,5000,-25.400000000000002,27.1,-151.62,25.634383309118284,33.85991998640418,40.188763188455766,0.6541326128603259,0.7492423150766617,0.10366522122239011
,1082,0,0.208740234375,-0.28191586648376776,-0.208740234375,0.28191586648376776,2236,2211,2376,2038,2236,2222,2390,2038,0,-31,-46,17,5000,5000,5000,4900,-48.59,59.24,-169.01,-5.853717442719301,15.487167718378316,63.51491343104562,-0.14502607541873405,0.37861833226266267,0.9141201211674972
,1083,0,-0.266259765625,0.3514174668495653,0.266259765625,-0.3514174668495653,1926,2624,2686,1625,1942,2625,2686,1647,-38,0,0,-68,5000,5000,5000,4900,-47.84,43.550000000000004,-198.3,10.883095874742288,-13.22209729799053,62.96729842363661,0.3272550552023435,-0.42665068636076114,0.8431330385368622
,1084,0,0.6837402343749999,-0.7041380887059899,-0.6837402343749999,0.7041380887059899,2546,1936,2066,2313,2546,1980,2110,2313,0,-173,-198,0,4900,4900,5100,5000,-34.300000000000004,76.88,-155.16,-23.984144185133673,28.58922423373238,49.1336776981048,-0.5962190063598066,0.6951220034399214,0.4016569391769478
,1085,0,-0.5037597656249999,-0.07080475537265662,0.5037597656249999,0.07080475537265662,1772,2349,2840,1900,1808,2350,2840,1900,-132,0,0,0,5000,5000,4900,5000,-45.13,30.05,-181.52,23.768284053780214,4.01443257584711,60.13243273033057,0.6781049523522347,0.06145271864457771,0.7323914506372697
,1086,0,0.44624023437500004,0.5625285779606766,-0.44624023437500004,-0.5625285779606766,2391,2762,2221,1487,2392,2762,2246,1522,0,0,-93,-128,5000,5000,5000,4900,-41.84,70.87,-205.98000000000002,-16.142772280497788,-21.92568655411131,57.03309379990488,-0.3940108277375657,-0.6443716380554972,0.6553935151458494
,1087,0,-0.028759765625000044,-0.4930269775948788,0.028759765625000044,0.4930269775948788,2081,2074,2531,2175,2082,2110,2532,2176,0,-138,0,-16,5000,4900,5000,4900,-45.14,52.57,-160.01,0.48661313106318005,24.697188343805294,59.99822062467645,0.05421564897118038,0.6386430563109056,0.7675908480645789
,1088,0,0.9212402343749999,0.1403063557384545,-0.9212402343749999,-0.1403063557384545,2701,2486,1911,1763,2701,2486,1985,1765,0,0,-398,-17,5100,4600,4600,4700,-32.27,92.98,-182.70000000000002,-39.07996252013109,0.4723315713744114,47.306352929434304,-0.934616763007626,0.007803602863383869,0.355570822885536
,1089,0,-0.934228515625,0.7736396890717878,0.934228515625,-0.7736396890717878,1491,2899,3121,1350,1560,2900,3121,1397,-340,0,18,-202,5100,4900,5000,5100,-26.59,22.8,-210.38,32.052534868073494,-24.696626639061662,41.79558547667539,0.7767496641429278,-0.6228176360355955,0.09358499610985106
,1090,0,0.015771484374999978,-0.8448788294467307,-0.015771484374999978,0.8448788294467307,2110,1844,2502,2405,2111,1914,2502,2406,0,-343,21,0,5100,4800,5000,5000,-34.01,50.74,-146.92000000000002,1.8413823780885892,37.76497965128485,48.77452557217811,0.11261252823476019,0.9135572820638004,0.39080879068001634
,1091,0,-0.459228515625,-0.21154549611339735,0.459228515625,0.21154549611339735,1801,2257,2811,1992,1831,2261,2811,1993,-103,-19,0,4,5000,5000,5000,5000,-45.26,31.93,-175.84,21.6845233119116,9.623665076948612,60.22272070978331,0.6287169818240447,0.21414023825561104,0.7475686691708623
,1092,0,0.49077148437499996,0.42178783721993596,-0.49077148437499996,-0.42178783721993596,2420,2670,2192,1579,2421,2671,2223,1602,0,-1,-121,-79,5000,4900,4800,5000,-43.75,74.0,-199.0,-19.52238423563564,-15.049749822309565,58.89457629860015,-0.49355027236346516,-0.4737676919197233,0.7293506034432328
,1093,0,-0.696728515625,-0.6337677183356195,0.696728515625,0.6337677183356195,1646,1982,2966,2267,1692,2023,2966,2267,-189,-161,0,0,4800,4900,5000,4800,-34.09,25.61,-160.94,27.46103433525477,24.66199152033397,48.94433615438835,0.7303621448008889,0.5752272988303274,0.36835403095691843
,1094,0,0.2532714843749999,-0.00043438500228620835,-0.2532714843749999,0.00043438500228620835,2265,2395,2347,1854,2266,2396,2365,1855,-1,-3,-58,0,5000,5000,5000,5000,-50.17,64.43,-180.67000000000002,-10.619273999352949,3.6590222736973033,65.18000983816387,-0.2797658677789661,0.04673190688676589,0.9589302310932787
,1095,0,-0.22172851562499996,0.6328989483310468,0.22172851562499996,-0.6328989483310468,1955,2808,2657,1441,1965,2808,2657,1486,-17,0,0,-192,5100,5000,5100,5000,-42.03,49.28,-211.21,5.621950614935201,-26.371600087434956,57.25170335876345,0.16964346707107156,-0.7496416733578124,0.6397331128255007
,1096,0,0.728271484375,-0.4226566072245085,-0.728271484375,0.4226566072245085,2575,2119,2037,2130,2576,2145,2087,2131,0,-80,-230,0,5000,4800,5000,5000,-38.34,83.04,-168.96,-29.641479737199376,14.605067560520837,53.27434389938285,-0.7607030055511967,0.3504725890201888,0.5463514452171434
,1097,0,-0.815478515625,0.21067672610882493,0.815478515625,-0.21067672610882493,1568,2532,3044,1717,1631,2532,3045,1723,-304,0,0,-22,5100,5000,5100,5000,-36.28,19.03,-188.1,35.01732675761272,-2.226526755904331,51.325119583474894,0.9067453181492644,-0.11014909551291122,0.40703821045704897
,1098,0,0.134521484375,0.844010059442158,-0.134521484375,-0.844010059442158,2188,2945,2424,1304,2188,2946,2427,1368,0,0,-18,-316,5100,5000,4900,5000,-35.38,53.72,-219.4,1.4794892073621924,-34.763733343746594,50.66199070227556,0.07219281785854485,-0.9165720831215642,0.39329863143906146
,1099,0,-0.340478515625,-0.7745084590763603,0.340478515625,0.7745084590763603,1878,1890,2734,2359,1892,1951,2734,2360,-28,-288,-1,0,5100,4800,5000,5000,-36.160000000000004,41.800000000000004,-151.16,10.92889605243284,33.86583410606974,50.95109609385555,0.3458772673328265,0.8218918192202216,0.4526176680613021
,1100,0,0.6095214843749999,-0.14117512574302693,-0.6095214843749999,0.14117512574302693,2497,2303,2115,1946,2497,2305,2159,1947,0,-13,-189,0,4900,5000,5000,5000,-42.980000000000004,80.75,-179.11,-26.985972023708058,4.577683571270995,57.985612212239204,-0.7039483242434339,0.07030498160939937,0.706763019940746
,1101,0,-0.5779785156249999,0.4921582075903064,0.5779785156249999,-0.4921582075903064,1723,2716,2889,1533,1761,2717,2888,1560,-145,0,8,-95,4900,4800,4800,4900,-40.63,31.41,-202.98000000000002,23.183067813453096,-17.512223063361773,55.78596071926534,0.6357425131552524,-0.5121155724466737,0.5775544107914505
,1102,0,0.37202148437500004,-0.5633973479652492,-0.37202148437500004,0.5633973479652492,2343,2028,2269,2221,2343,2067,2289,2222,0,-143,-70,0,4900,5000,5000,4900,-42.31,64.96000000000001,-158.29,-11.957797278140106,25.948677404129484,57.16099932572881,-0.2897606753598385,0.666032418287269,0.6873423956118397
,1103,0,-0.10297851562500004,0.06993598536808388,0.10297851562500004,-0.06993598536808388,2033,2441,2579,1808,2038,2441,2579,1813,-13,0,0,-20,5000,5000,5000,5000,-51.24,48.910000000000004,-185.52,5.065814465937379,-0.6199397026528004,66.27831955812732,0.186240223606458,-0.069887130008619,0.9800154938418959
,1104,0,0.8470214843749999,0.703269318701417,-0.8470214843749999,-0.703269318701417,2652,2853,1960,1396,2652,2854,2016,1437,0,0,-268,-169,4900,5100,4800,4800,-30.2,86.23,-206.97,-31.45869627316695,-23.552395306567206,45.40658998811929,-0.7324486814624755,-0.6293753057573401,0.25962598777228657
,1105,0,-0.8748535156249999,-0.35228623685413807,0.8748535156249999,0.35228623685413807,1530,2165,3082,2084,1596,2180,3083,2084,-324,-43,0,0,5000,5000,5000,4800,-33.08,17.3,-175.84,36.30325082764378,10.06478403170695,48.0371751787647,0.921703616605712,0.22171032944377758,0.3182875633038188
,1106,0,0.07514648437500004,0.2810470964791951,-0.07514648437500004,-0.2810470964791951,2149,2578,2463,1671,2150,2579,2466,1688,0,0,-23,-50,5000,5000,5000,4900,-49.75,53.68,-196.21,0.6845360819443584,-11.485482892002267,64.86641626032801,0.03452595353463492,-0.37246613143426316,0.9274033316022317
,1107,0,-0.39985351562499993,0.9143804298125282,0.39985351562499993,-0.9143804298125282,1839,2991,2773,1258,1858,2992,2772,1326,-44,0,16,-342,4800,4900,4800,4900,-31.92,44.86,-220.56,10.375089165416163,-35.62786858266614,47.20679581990964,0.280242162170822,-0.9167016793656181,0.2848198756935293
,1108,0,0.5501464843749999,-0.8917924096936443,-0.5501464843749999,0.8917924096936443,2459,1814,2153,2435,2460,1885,2180,2436,0,-350,-96,0,5100,4900,4800,4900,-31.36,69.42,-147.78,-16.795785948720265,36.21249082148151,46.13819570064676,-0.40090030557003214,0.8666347350807307,0.2970238726860285
,1109,0,-0.637353515625,-0.25845907636031096,0.637353515625,0.25845907636031096,1685,2227,2927,2022,1732,2234,2927,2023,-197,-25,0,0,4900,5000,5000,4800,-40.99,25.26,-176.51,28.373749203502804,9.164382328802617,55.954932485360594,0.7799020258714312,0.20217118914959933,0.5923509435456946
,1110,0,0.3126464843750001,0.37487425697302235,-0.3126464843750001,-0.37487425697302235,2304,2639,2308,1610,2304,2640,2327,1632,0,0,-63,-68,5000,4900,5000,5000,-47.230000000000004,65.59,-198.55,-11.13360806386192,-14.271710826442472,62.36791614099844,-0.2779212038605449,-0.4570762527522059,0.8448911785636698
,1111,0,-0.162353515625,-0.6806812985825331,0.162353515625,0.6806812985825331,1994,1951,2618,2298,1998,2002,2618,2298,-9,-220,-1,0,4800,5000,4900,5000,-39.81,48.83,-152.9,3.9667985592929043,31.89933310677543,54.61621168763821,0.14420425166859183,0.8008418526374397,0.5812550738401642
,1112,0,0.787646484375,-0.04734796524919982,-0.787646484375,0.04734796524919982,2613,2364,1999,1885,2614,2365,2058,1885,0,0,-292,0,5100,4900,4800,4800,-37.84,87.81,-180.25,-34.000961290436294,3.1469924444598405,52.85668947082932,-0.8555662200333979,0.05252149548825915,0.5150222671394313
,1113,0,-0.756103515625,0.5859853680841332,0.756103515625,-0.5859853680841332,1607,2777,3005,1472,1659,2777,3005,1507,-224,0,0,-125,5100,4900,5000,5000,-34.84,25.64,-205.23000000000002,29.029688741258273,-19.593760126207314,50.009826442558214,0.759028325249197,-0.5328147868757295,0.37414489754100677
,1114,0,0.19389648437499996,-0.46957018747142204,-0.19389648437499996,0.46957018747142204,2226,2089,2386,2160,2226,2122,2395,2161,0,-123,-31,0,5000,5000,5000,4800,-45.64,56.81,-161.48,-3.697497186216296,23.078726936467092,60.51037638788947,-0.06601672479692987,0.600271472796963,0.7970670931566873
,1115,0,-0.281103515625,0.16376314586191132,0.281103515625,-0.16376314586191132,1917,2502,2695,1747,1935,2502,2695,1755,-41,0,0,-27,5000,4900,5000,5000,-49.25,40.95,-189.16,13.151719745623275,-3.9843916063424274,64.31111362185456,0.4095204893640759,-0.15498966785654658,0.899039026766205
,1116,0,0.668896484375,0.7970964791952444,-0.668896484375,-0.7970964791952444,2536,2915,2076,1334,2536,2916,2117,1388,0,0,-170,-241,5000,5100,4800,5000,-31.92,78.29,-212.69,-23.317175894331626,-28.969696653404156,47.16411439437018,-0.5373045977503796,-0.7796241022123405,0.3216986609948891
,1117,0,-0.518603515625,-0.8214220393232738,0.518603515625,0.8214220393232738,1762,1860,2850,2389,1789,1924,2851,2390,-83,-307,-21,0,5100,5000,4700,4800,-32.88,34.660000000000004,-151.77,18.08579163262859,33.490535126943456,47.67266715144405,0.5096826140807182,0.7899777444570782,0.3408207683905904
,1118,0,0.431396484375,-0.18808870598994054,-0.431396484375,0.18808870598994054,2381,2272,2231,1977,2382,2277,2259,1978,0,-19,-106,0,4900,5000,5000,5000,-46.79,72.38,-175.67000000000002,-18.74503859726974,8.344608911277476,61.76766056515973,-0.49412738944943857,0.17565030645149546,0.851460564465189
,1119,0,-0.04360351562499998,0.44524462734339276,0.04360351562499998,-0.44524462734339276,2072,2685,2540,1564,2073,2686,2541,1595,-2,0,0,-114,4900,5000,5000,5000,-46.95,55.96,-203.77,-1.3215207167963428,-19.142624431353426,62.121253320433674,-0.007467463006704935,-0.5771186641991521,0.8166261595303138
,1120,0,0.9063964843749999,-0.6103109282121628,-0.9063964843749999,0.6103109282121628,2691,1997,1921,2252,2691,2036,1986,2252,0,-141,-335,0,4800,4800,5000,4900,-29.84,87.18,-162.0,-34.03119919624122,21.350309446012204,44.72663806815993,-0.8299245892077947,0.4798594740688507,0.28453481575132294
,1121,0,-0.904541015625,0.023022405121170486,0.904541015625,-0.023022405121170486,1510,2410,3102,1839,1580,2411,3103,1840,-357,-3,0,0,4800,5100,5000,4700,-32.51,15.6,-184.37,38.30992901739131,1.5978458805404898,47.52727225946187,0.9579329300621955,-0.0054531995454377355,0.2869403494058904
,1122,0,0.045458984374999956,0.6563557384545036,-0.045458984374999956,-0.6563557384545036,2130,2823,2482,1426,2131,2825,2482,1472,0,-7,8,-196,4900,4900,4900,4800,-41.37,51.83,-212.89000000000001,3.134152816484992,-28.14720120488809,56.604708161157255,0.11172975732815695,-0.789406393683145,0.6036174342574627
,1123,0,-0.429541015625,-0.3991998171010517,0.429541015625,0.3991998171010517,1820,2135,2792,2114,1845,2162,2793,2116,-79,-90,-16,-17,4900,5000,4900,5000,-44.17,34.15,-168.64000000000001,19.205949492511085,16.730895362444272,59.082348187001585,0.5630443161796087,0.41322816896719383,0.7156979658975269
,1124,0,0.520458984375,0.2341335162322815,-0.520458984375,-0.2341335162322815,2439,2548,2173,1701,2440,2548,2210,1710,0,0,-149,-27,5000,5000,5000,4900,-45.19,76.49,-190.0,-22.335386771144186,-6.135435282773102,60.27142524653571,-0.5838740218744868,-0.21533968665616715,0.7827642978131638
,1125,0,-0.667041015625,0.8674668495656146,0.667041015625,-0.8674668495656146,1665,2961,2947,1288,1707,2962,2947,1346,-163,0,0,-277,5100,4900,4700,5100,-30.060000000000002,33.6,-216.78,21.49105808643344,-31.457317787797393,45.31540981636685,0.5435459965025041,-0.810076478863069,0.2198496033176121
,1126,0,0.282958984375,-0.7510516689529035,-0.282958984375,0.7510516689529035,2284,1905,2328,2344,2284,1964,2339,2344,0,-270,-34,0,5100,5000,4900,4900,-37.31,58.32,-150.84,-5.591725571354182,33.59760802054004,52.10539931688743,-0.12933116806733147,0.8456446401848016,0.5178403146656861
,1127,0,-0.19204101562499998,-0.11771833561957024,0.19204101562499998,0.11771833561957024,1975,2318,2637,1931,1987,2321,2637,1932,-26,-17,0,0,5000,5000,5000,5000,-50.03,44.14,-177.9,9.55751040745978,7.158421881947618,65.01216055226597,0.31203606501571796,0.14597849116773573,0.9387884608610708
,1128,0,0.7579589843749999,0.515614997713763,-0.7579589843749999,-0.515614997713763,2594,2731,2018,1518,2595,2732,2068,1545,0,0,-230,-96,5000,5000,5000,4800,-36.11,84.64,-200.36,-30.1074578593026,-16.84732862764841,51.26871721124831,-0.7399687082417611,-0.4880914535527371,0.4628315501257404
,1129,0,-0.785791015625,-0.5399405578417924,0.785791015625,0.5399405578417924,1588,2043,3024,2206,1645,2073,3025,2207,-261,-105,0,0,5000,5000,5100,4900,-33.74,21.77,-166.18,31.48760599685162,19.56162895685125,48.63013498467522,0.8185821244419685,0.45581411116953074,0.34950937269664795
,1130,0,0.1642089843750001,0.09339277549154068,-0.1642089843750001,-0.09339277549154068,2207,2456,2405,1793,2207,2456,2416,1798,-1,0,-36,-20,5000,5000,5000,4900,-51.03,59.93,-185.95000000000002,-5.931515779815143,-1.4488623452629952,66.07579864951653,-0.15040689068389448,-0.09357952388730212,0.9841852670833011
,1131,0,-0.310791015625,0.726726108824874,0.310791015625,-0.726726108824874,1897,2869,2715,1380,1911,2870,2714,1429,-30,0,18,-213,4900,5000,4900,5000,-38.67,46.58,-215.03,8.457583906826706,-30.115537975730803,53.91791978412945,0.2422430044494435,-0.8201967399952385,0.5182621291359124
,1132,0,0.639208984375,-0.32882944673068126,-0.639208984375,0.32882944673068126,2517,2181,2095,2068,2517,2199,2137,2069,0,-51,-175,-15,5000,5000,4900,4900,-41.27,80.58,-172.59,-27.051648873705275,11.087207507436347,56.22914283423538,-0.7043092356222307,0.2565241782821939,0.6619243510960104
,1133,0,-0.548291015625,0.30450388660265193,0.548291015625,-0.30450388660265193,1743,2594,2869,1655,1780,2595,2869,1666,-136,0,0,-33,5000,5000,5000,4800,-43.47,30.45,-195.27,23.86457652852132,-9.752537005042171,58.57058244359459,0.6727508909278679,-0.30040416828334604,0.6761387242524651
,1134,0,0.4017089843749999,0.9378372199359852,-0.4017089843749999,-0.9378372199359852,2362,3006,2250,1243,2362,3007,2269,1313,0,0,-59,-359,5100,4800,5000,4700,-31.45,65.13,-220.5,-9.88393662291574,-36.30281337111671,46.744493278010594,-0.19988756389285892,-0.9404080285159089,0.2750958045914156
,1135,0,-0.07329101562499996,-0.9308870598994056,0.07329101562499996,0.9308870598994056,2052,1788,2560,2461,2053,1864,2561,2462,0,-390,-18,0,4800,5000,5000,4600,-30.73,51.04,-144.45000000000002,1.4519612198890925,40.199083475389045,45.47713421914951,0.08431823294754162,0.9539951645485244,0.2877215000840875
,1136,0,0.876708984375,-0.29755372656607215,-0.876708984375,0.29755372656607215,2672,2201,1940,2048,2672,2207,2007,2047,0,-16,-344,16,4800,5000,4800,4800,-35.050000000000004,88.59,-173.44,-35.026640247730384,9.904330322909516,50.01856201191684,-0.8957593876959691,0.17999839911453494,0.40646733653609435
,1137,0,-0.8451660156249999,0.33577960676726093,0.8451660156249999,-0.33577960676726093,1549,2614,3063,1635,1615,2615,3064,1649,-324,0,0,-39,5100,4800,5000,5000,-34.980000000000004,19.37,-193.84,34.88453230317776,-7.984185136427783,50.06617732663408,0.8975978494189344,-0.2359694629944707,0.3723392448461557
,1138,0,0.10483398437499991,-0.7197759487882944,-0.10483398437499991,0.7197759487882944,2168,1926,2444,2323,2169,1980,2445,2323,0,-240,-21,0,4900,5000,5000,5000,-38.410000000000004,50.25,-151.02,2.479670210220995,33.716825626296725,53.20342358786149,0.10660805966125597,0.8388208280381052,0.5338673431337876
,1139,0,-0.37016601562499996,-0.08644261545496112,0.37016601562499996,0.08644261545496112,1859,2339,2753,1910,1883,2340,2753,1910,-68,0,0,0,5000,5000,5000,5000,-47.47,35.31,-180.01,18.45754618612403,5.3502669378585495,62.463722042773824,0.548842796937717,0.10259502124022478,0.8296058376520152
,1140,0,0.579833984375,0.546890717878372,-0.579833984375,-0.546890717878372,2478,2752,2134,1497,2479,2752,2171,1529,0,0,-145,-115,4900,5000,4900,4900,-40.03,76.99,-204.02,-22.3297843134756,-20.20079750101786,55.2116273966171,-0.5513250291736127,-0.5890063433255843,0.5908572075628243
,1141,0,-0.607666015625,-0.5086648376771834,0.607666015625,0.5086648376771834,1704,2063,2908,2186,1744,2093,2908,2187,-152,-108,0,0,5000,5000,4800,5000,-38.83,27.97,-165.11,25.253754123785296,20.443452666244582,53.71486484674452,0.6964341635780558,0.489183121117385,0.5250517401315682
,1142,0,0.34233398437499996,0.1246684956561499,-0.34233398437499996,-0.1246684956561499,2323,2476,2289,1773,2323,2476,2313,1777,0,0,-81,-19,5000,4900,5000,4900,-48.99,68.73,-186.16,-14.718494246024179,-1.9908671643831326,64.04086862358706,-0.38777324993020224,-0.10427059990990231,0.9158381672724705
,1143,0,-0.13266601562500002,0.758001828989483,0.13266601562500002,-0.758001828989483,2014,2889,2598,1360,2016,2890,2598,1415,-5,0,0,-254,5000,5000,5100,4800,-38.17,55.36,-216.54,-0.2622675680934563,-31.944955777989634,53.432203035281766,0.017627252232451672,-0.8628259231490172,0.5051937314741531
,1144,0,0.817333984375,-0.8605166895290352,-0.817333984375,0.8605166895290352,2633,1834,1979,2415,2633,1896,2028,2416,0,-275,-217,0,4800,5100,4900,4700,-26.19,80.32000000000001,-152.65,-27.51365329634291,30.915523664831966,41.007381100591466,-0.6627715339296849,0.727622869470689,0.17691482028290548
,1145,0,-0.7264160156249999,-0.22718335619570185,0.7264160156249999,0.22718335619570185,1626,2247,2986,2002,1679,2252,2986,2002,-235,-19,0,10,5000,4800,5000,4800,-38.47,21.650000000000002,-179.25,32.07992993003358,6.53854751319119,53.45306999045509,0.8556790534605058,0.13222022412798543,0.5003310601996224
,1146,0,0.22358398437500004,0.40614997713763135,-0.22358398437500004,-0.40614997713763135,2246,2660,2366,1589,2246,2661,2379,1614,0,0,-39,-85,5000,5000,5000,5000,-47.36,60.67,-201.17000000000002,-6.122233301591017,-16.711445394812785,62.51460706768843,-0.1420572345264857,-0.5178085834045926,0.8436195902604539
,1147,0,-0.25141601562499993,-0.649405578417924,0.25141601562499993,0.649405578417924,1936,1972,2676,2277,1947,2022,2676,2277,-19,-217,-2,0,4900,5000,5000,4900,-40.67,44.79,-155.1,8.083692226281293,29.852761986104866,55.49024440026866,0.2623255746795436,0.7502723078700623,0.6068581027821723
,1148,0,0.6985839843749999,-0.01607224508459071,-0.6985839843749999,0.01607224508459071,2555,2385,2057,1864,2555,2386,2109,1864,0,0,-243,0,4900,5000,5000,5000,-40.410000000000004,84.45,-179.96,-30.65325005139657,3.576392186850171,55.423213447191536,-0.7862925806732475,0.05630975613183732,0.6152830153210616
,1149,0,-0.488916015625,0.6172610882487422,0.488916015625,-0.6172610882487422,1781,2797,2831,1452,1812,2797,2830,1495,-103,0,18,-177,5000,4900,4900,4900,-40.19,37.39,-208.85,17.418762974901078,-23.597208465066956,55.39017998542361,0.4844684973221612,-0.6648395986174055,0.5685759256358411
,1150,0,0.4610839843750001,-0.4382944673068129,-0.4610839843750001,0.4382944673068129,2401,2109,2211,2140,2402,2137,2237,2141,0,-102,-93,0,4900,5000,5000,5000,-43.6,71.44,-165.05,-18.18940701244908,18.968589810396878,58.50171454645459,-0.4696855190307592,0.48393812152381005,0.7383761966293417
,1151,0,-0.013916015625,0.1950388660265201,0.013916015625,-0.1950388660265201,2091,2522,2521,1727,2093,2522,2522,1738,-8,0,0,-35,5000,5000,5000,4900,-50.81,55.300000000000004,-192.26,-1.076821512868726,-7.589061891335575,65.8989000658949,0.01065981502318396,-0.26535711205718054,0.9640912671652745
,1152,0,0.936083984375,0.8283721993598534,-0.936083984375,-0.8283721993598534,2710,2935,1902,1314,2710,2936,1962,1369,0,0,-291,-247,4700,4800,4500,4800,-25.96,87.37,-210.26,-32.47981568496709,-26.91155619844497,41.190590314338024,-0.7306119271935612,-0.6759132529097195,0.09668239955396242
,1153,0,-0.941650390625,-0.7901463191586648,0.941650390625,0.7901463191586648,1486,1880,3126,2369,1551,1935,3127,2370,-314,-253,0,0,5100,5100,4900,4700,-24.14,19.02,-159.48,33.9926241879391,26.287862832345553,38.98155158012956,0.8250385477635513,0.5629866531518881,0.04855330140212508
,1154,0,0.008349609374999956,-0.15681298582533143,-0.008349609374999956,0.15681298582533143,2105,2293,2507,1956,2106,2300,2509,1957,0,-20,-20,0,5000,5000,5000,5000,-50.53,50.49,-174.76,3.098389384309442,10.070689183730053,65.49232174526902,0.10464222261689118,0.22753866833502956,0.9681302389958278
,1155,0,-0.46665039062499997,0.47652034750800154,0.46665039062499997,-0.47652034750800154,1796,2706,2816,1543,1823,2707,2815,1574,-87,0,19,-111,5000,5000,5000,5000,-43.03,35.53,-202.9,19.063207732868435,-17.563849692303762,58.18697875493043,0.5428805718685065,-0.5098685763016365,0.6673190538174864
,1156,0,0.48334960937500004,-0.5790352080475537,-0.48334960937500004,0.5790352080475537,2415,2018,2197,2231,2416,2055,2226,2232,0,-139,-112,0,5000,4900,4800,5000,-40.6,69.88,-158.75,-16.85823353070812,25.299226376094936,55.456288823414134,-0.4246562225520274,0.6486089182574538,0.6316435417264539
,1157,0,-0.704150390625,0.054298125285779486,0.704150390625,-0.054298125285779486,1641,2430,2971,1819,1693,2431,2971,1820,-232,0,0,0,5000,5100,5100,5000,-39.31,22.02,-183.12,31.84996820261823,2.6638057203851417,54.320764431491995,0.8509287902985491,0.030714796719022927,0.5243822986176757
,1158,0,0.245849609375,0.6876314586191126,-0.245849609375,-0.6876314586191126,2260,2843,2352,1406,2260,2844,2363,1453,0,0,-34,-206,5000,4900,4900,5000,-40.24,59.56,-213.05,-4.585197398423503,-28.59413193117001,55.47897054274995,-0.08711091860629341,-0.8073994110127016,0.5835390980524865
,1159,0,-0.22915039062499998,-0.36792409693644257,0.22915039062499998,0.36792409693644257,1951,2155,2661,2094,1962,2181,2661,2095,-23,-87,-5,-7,5000,5000,5000,5000,-47.25,43.35,-167.59,9.974486917917588,17.47012370719014,62.15847240234207,0.3146329719941145,0.45010163775792245,0.8357120369013402
,1160,0,0.7208496093749999,0.26540923639689074,-0.7208496093749999,-0.26540923639689074,2570,2568,2042,1681,2571,2569,2094,1691,0,-2,-243,-29,4800,5000,5000,5000,-39.7,84.87,-189.28,-30.736697668589514,-5.757521404137776,54.77979012529891,-0.7847652646359781,-0.18848869537658144,0.5904366952824477
,1161,0,-0.822900390625,0.8987425697302238,0.822900390625,-0.8987425697302238,1564,2981,3048,1268,1623,2982,3048,1327,-269,0,18,-279,4700,4900,4600,4800,-26.22,28.650000000000002,-216.33,26.421042713451353,-30.856366812640545,41.47032080532627,0.6410036953384869,-0.7622857125302334,0.08963679509374972
,1162,0,0.1270996093750001,-0.9074302697759488,-0.1270996093750001,0.9074302697759488,2183,1803,2429,2446,2183,1880,2431,2447,0,-399,-21,0,4800,4600,5100,4800,-31.71,50.68,-145.26,1.8411014457829111,39.40961489968538,46.46273517925846,0.09275000247743242,0.9414195702100308,0.3242323701699088
,1163,0,-0.347900390625,-0.27409693644261535,0.347900390625,0.27409693644261535,1873,2216,2739,2033,1893,2224,2739,2034,-53,-26,0,0,5000,5000,5000,5000,-46.58,37.2,-171.56,16.26367056471929,13.719987531538749,61.51430804375584,0.48816877316643875,0.32163204137024104,0.8113224259621981
,1164,0,0.602099609375,0.3592363968907175,-0.602099609375,-0.3592363968907175,2493,2629,2119,1620,2494,2630,2159,1638,0,0,-162,-55,4900,5000,4900,5000,-42.15,79.65,-194.83,-25.31943646083765,-11.09789632907632,57.26717362369124,-0.6455695113845134,-0.35863510334708054,0.6742557887167077
,1165,0,-0.585400390625,-0.6963191586648376,0.585400390625,0.6963191586648376,1718,1941,2894,2308,1756,1986,2894,2308,-143,-186,0,0,5100,5000,5000,4900,-35.17,31.17,-156.64000000000001,21.749614399504207,28.76612225290728,49.995903198117986,0.5995368838171247,0.6874929421424083,0.4097669818899844
,1166,0,0.3645996093749999,-0.06298582533150432,-0.3645996093749999,0.06298582533150432,2338,2354,2274,1895,2338,2355,2301,1895,0,0,-103,0,4900,5000,5000,4900,-48.51,69.85000000000001,-179.91,-16.06340993167099,4.211056877612464,63.51680758151442,-0.4262397378494747,0.060378020516919005,0.9025930315022763
,1167,0,-0.11040039062499996,0.5703475080018288,0.11040039062499996,-0.5703475080018288,2028,2767,2584,1482,2030,2767,2584,1523,-6,0,0,-161,5000,5000,4900,5000,-43.87,54.33,-209.28,0.5058457168618276,-24.612037684569913,59.079929499680766,0.03847150322014415,-0.7052125193579868,0.7079514432365703
,1168,0,0.839599609375,-0.4852080475537266,-0.839599609375,0.4852080475537266,2647,2079,1965,2170,2647,2106,2022,2171,0,-92,-283,0,5000,4800,5000,4600,-33.28,87.10000000000001,-167.13,-33.765606334085675,16.251207690784327,48.203061765208965,-0.8332337642988674,0.3746489030394888,0.4066444312709166
,1169,0,-0.8822753906249999,0.1481252857796067,0.8822753906249999,-0.1481252857796067,1525,2492,3087,1757,1594,2492,3087,1758,-349,0,8,-15,5000,4900,5100,5000,-33.55,16.5,-186.03,37.47057721822507,-0.08609316207576967,48.579430925248055,0.9458852133807905,-0.04370705064717404,0.3215444865509311
,1170,0,0.06772460937499991,0.78145861911294,-0.06772460937499991,-0.78145861911294,2144,2904,2468,1345,2145,2905,2468,1402,0,0,0,-261,5100,5000,4900,5000,-37.1,52.49,-217.42000000000002,2.6374708189639904,-32.72841333232762,52.36735020640059,0.09804611106842827,-0.8833347291966748,0.4583739917353442
,1171,0,-0.40727539062499996,-0.8370598994055783,0.40727539062499996,0.8370598994055783,1834,1849,2778,2400,1851,1916,2779,2401,-41,-327,-21,0,4900,5000,4800,4700,-33.51,39.38,-149.84,13.299298834557817,35.253376116277366,48.29079200965704,0.40051940844073725,0.8390663556718457,0.3681736740206302
,1172,0,0.542724609375,-0.20372656607224504,-0.542724609375,0.20372656607224504,2454,2262,2158,1987,2455,2266,2199,1988,0,-17,-167,0,4900,5000,5000,4900,-44.56,77.12,-175.84,-23.47613319323294,7.987748548988918,59.54082545544118,-0.6188161846271099,0.16452878611481955,0.7681124970882394
,1173,0,-0.644775390625,0.42960676726108815,0.644775390625,-0.42960676726108815,1680,2675,2932,1574,1725,2676,2932,1597,-185,0,0,-73,5000,5000,5000,5000,-40.04,27.86,-199.72,26.61300963416999,-14.130517695656607,55.171332447436406,0.7211282965312471,-0.4138487809042532,0.5556106248858146
,1174,0,0.30522460937499996,-0.6259487882944673,-0.30522460937499996,0.6259487882944673,2299,1987,2313,2262,2299,2033,2330,2262,0,-191,-56,0,5000,5000,4900,4800,-41.47,60.480000000000004,-155.4,-7.585142970343647,28.992413955223668,56.29864086659345,-0.16517074620083186,0.7432551193715019,0.6482981197932898
,1175,0,-0.16977539062500002,0.007384545038865875,0.16977539062500002,-0.007384545038865875,1989,2400,2623,1849,1999,2401,2623,1851,-24,-4,0,-16,5000,5000,5000,5000,-50.58,45.0,-181.75,8.837104657185066,3.2839136331747056,65.58991602403742,0.2911448957082526,0.04021689051913301,0.955833275953502
,1176,0,0.780224609375,0.640717878372199,-0.780224609375,-0.640717878372199,2609,2813,2003,1436,2610,2813,2054,1475,0,0,-233,-155,4900,4700,5000,4700,-33.52,84.31,-205.24,-29.601912543917578,-21.730590517912333,48.713413463122,-0.7087315053560453,-0.6008593799610109,0.3696858921146748
,1177,0,-0.7635253906249999,-0.41483767718335607,0.7635253906249999,0.41483767718335607,1602,2125,3010,2124,1657,2147,3011,2126,-242,-67,0,-15,4900,5000,5100,5000,-36.08,21.35,-171.83,32.11158815350472,13.947303351473039,51.010154788158644,0.844088599247574,0.32714902215077873,0.42483873873042444
,1178,0,0.18647460937500004,0.21849565614997712,-0.18647460937500004,-0.21849565614997712,2222,2537,2390,1712,2222,2537,2402,1724,0,-2,-39,-36,5000,5000,5000,4900,-50.17,60.26,-192.28,-6.032959427710892,-7.7926218052422485,65.2610440237395,-0.15283407987805603,-0.26841192214808174,0.9511029303269969
,1179,0,-0.28852539062499993,0.8518289894833102,0.28852539062499993,-0.8518289894833102,1912,2950,2700,1299,1924,2951,2699,1363,-19,0,18,-317,5100,5100,5100,5000,-34.77,49.050000000000004,-218.94,6.129756858128147,-34.13985404314468,50.0468603140487,0.17394965645079652,-0.904976307146457,0.3882774787754379
,1180,0,0.6614746093749999,-0.766689529035208,-0.6614746093749999,0.766689529035208,2531,1895,2081,2354,2531,1952,2119,2354,0,-253,-153,0,5000,4700,4700,4800,-33.32,75.98,-153.17000000000002,-23.156694269961648,30.60336788516159,48.139166768406604,-0.5675341467176814,0.7363922742817298,0.3682817001801943
,1181,0,-0.526025390625,-0.13335619570187462,0.526025390625,0.13335619570187462,1757,2308,2855,1941,1794,2310,2855,1942,-137,-16,0,0,5000,5000,5000,5000,-44.43,29.22,-181.26,24.588259253169383,4.299218296921566,59.43026625045645,0.6980313679213217,0.0767313206809992,0.7119441788682863
,1182,0,0.4239746093750001,0.49997713763145857,-0.4239746093750001,-0.49997713763145857,2376,2721,2236,1528,2377,2722,2259,1557,0,0,-83,-106,5000,5000,4900,4900,-43.52,70.22,-203.54,-15.581020940825155,-19.451895666721384,58.695409677782095,-0.3857616099870413,-0.5859727721033979,0.7126176328253914
,1183,0,-0.051025390625,-0.555578417924097,0.051025390625,0.555578417924097,2067,2033,2545,2216,2068,2075,2546,2217,0,-167,-1,0,5000,4900,5000,5000,-43.62,52.45,-157.55,0.5175307196056025,27.14901140585326,58.460687608729,0.051724007695414055,0.6970962914216476,0.7151093535356047
,1184,0,0.898974609375,0.07775491540923607,-0.898974609375,-0.07775491540923607,2686,2446,1926,1803,2686,2446,1997,1804,0,-1,-383,0,5100,5100,5000,5100,-34.78,90.25,-179.62,-36.462546878020774,3.666677765366103,49.79325617430875,-0.9213705857351295,0.029822212842240566,0.38753951974385353
,1185,0,-0.9119628906249999,0.7110882487425694,0.9119628906249999,-0.7110882487425694,1505,2859,3107,1390,1570,2860,3107,1429,-313,0,19,-149,5100,4900,5100,4700,-28.0,22.23,-208.89000000000001,32.568587432425,-23.17700587623989,43.194707518538486,0.7969447548253128,-0.5862588256325139,0.14553228894100398
,1186,0,0.038037109375000044,-0.34446730681298576,-0.038037109375000044,0.34446730681298576,2125,2170,2487,2079,2126,2195,2487,2079,0,-79,0,0,5000,5000,5000,5000,-48.29,50.730000000000004,-166.86,2.5730965758176225,17.94070129106919,63.19619960224569,0.1073575835412263,0.46322047246786585,0.8797165129420021
,1187,0,-0.43696289062499993,0.2888660265203473,0.43696289062499993,-0.2888660265203473,1815,2583,2797,1666,1842,2584,2797,1681,-87,0,2,-43,5000,5000,5000,5000,-45.910000000000004,34.63,-194.42000000000002,19.656970189917295,-9.03656495978484,61.0061384231913,0.5767821626080688,-0.28702120717148033,0.7648144634687455
,1188,0,0.5130371093749999,0.9221993598536804,-0.5130371093749999,-0.9221993598536804,2434,2996,2178,1253,2435,2997,2205,1317,0,-5,-98,-314,5100,5000,4800,4800,-30.32,70.02,-218.86,-14.830103366883108,-34.84846595205556,45.6047967721191,-0.3199341685719078,-0.9116746928367393,0.25785922946685136
,1189,0,-0.674462890625,-0.883973479652492,0.674462890625,0.883973479652492,1660,1819,2952,2430,1699,1888,2953,2431,-143,-337,-23,0,4900,5000,5000,4800,-28.3,29.12,-152.05,23.631633486506054,33.37799496582929,43.092560947007584,0.6296505016817232,0.7537023260930554,0.18834290369926718
,1190,0,0.2755371093750001,-0.25064014631915854,-0.2755371093750001,0.25064014631915854,2280,2232,2332,2017,2280,2242,2351,2018,0,-29,-63,0,5000,5000,5000,5000,-48.6,63.32,-171.42000000000002,-9.844075264406257,12.931621788168314,63.543713665226626,-0.2555787581454793,0.30713852083995724,0.9167035657185248
,1191,0,-0.199462890625,0.38269318701417454,0.199462890625,-0.38269318701417454,1970,2644,2642,1605,1979,2645,2642,1629,-16,0,0,-79,4900,5000,5000,4900,-47.79,47.24,-200.47,7.273813225293985,-15.524158446386963,62.93423446387466,0.2255090125561653,-0.4862762724262318,0.8442044018667475
,1192,0,0.750537109375,-0.6728623685413808,-0.750537109375,0.6728623685413808,2589,1956,2023,2293,2590,1998,2069,2293,0,-165,-208,0,5000,4900,5100,4800,-32.95,80.32000000000001,-158.75,-27.292524412780665,24.867873688100246,47.81066205729105,-0.6901741711791792,0.6152727939680951,0.38091862968333096
,1193,0,-0.793212890625,-0.039529035208047514,0.793212890625,0.039529035208047514,1583,2369,3029,1880,1644,2370,3030,1880,-291,0,0,0,5100,5100,5100,5000,-36.57,19.14,-183.35,34.736001468124584,2.518356540515157,51.58131986617116,0.9039458885069499,0.023068544485385686,0.42702420646458283
,1194,0,0.15678710937499996,0.5938042981252853,-0.15678710937499996,-0.5938042981252853,2202,2782,2410,1467,2202,2782,2417,1508,0,0,-25,-167,4900,4900,5000,4900,-43.15,55.45,-209.71,-0.598007737472642,-25.087303745417813,58.36345917736449,0.011589358138071547,-0.7314524557669962,0.6817939510808063
,1195,0,-0.318212890625,-0.4617512574302697,0.318212890625,0.4617512574302697,1893,2094,2719,2155,1908,2127,2719,2157,-34,-124,0,-6,5000,5000,5000,5000,-44.76,39.83,-164.13,13.366958348166904,21.037057805216136,59.6424798079011,0.40842088479748173,0.5323453863520896,0.7414855160358068
,1196,0,0.631787109375,0.1715820759030635,-0.631787109375,-0.1715820759030635,2512,2507,2100,1742,2512,2507,2145,1746,0,0,-191,-19,4800,5000,5000,4800,-42.5,81.83,-185.43,-27.837233636930435,-1.780439791395338,57.55107686158251,-0.720253683308818,-0.08684120394211606,0.6882537591455384
,1197,0,-0.555712890625,0.8049154092363966,0.555712890625,-0.8049154092363966,1738,2920,2874,1329,1772,2921,2874,1384,-117,0,0,-251,5000,4900,5100,4800,-34.01,37.31,-215.64000000000001,17.74289450812303,-30.42380837732165,49.25867345055178,0.4686397468455832,-0.809529591321947,0.3536080152522401
,1198,0,0.394287109375,-0.8136031092821217,-0.394287109375,0.8136031092821217,2357,1865,2255,2384,2357,1931,2272,2385,0,-319,-58,0,4900,4800,4800,4900,-35.01,63.480000000000004,-149.34,-10.802830649258887,34.89395991143809,49.796837937586275,-0.2508841678678576,0.8623370211319263,0.43980904526688386
,1199,0,-0.08071289062499998,-0.18026977594878824,0.08071289062499998,0.18026977594878824,2047,2277,2565,1972,2052,2284,2565,1973,-10,-23,0,0,5000,5000,5000,5000,-50.26,50.36,-173.81,3.1939784252129613,11.022811871620746,65.2155093133536,0.13299734459497856,0.25516256660343783,0.9577075602369604
,1200,0,0.8692871093749999,0.45306355738454496,-0.8692871093749999,-0.45306355738454496,2667,2690,1945,1559,2667,2691,2007,1583,0,0,-310,-74,5000,5100,5100,5000,-33.7,89.26,-195.95000000000002,-34.88395906625543,-12.624242460703698,48.829213276728325,-0.8496659785187317,-0.3650530100246698,0.38053124026777974
,1201,0,-0.852587890625,-0.6024919981710105,0.852587890625,0.6024919981710105,1544,2002,3068,2247,1603,2038,3069,2247,-274,-132,0,0,5000,5000,5000,5000,-30.73,19.96,-164.88,33.249076631963,20.904601417862835,45.61022667967575,0.8397993367563128,0.4830409220651735,0.24780746880206003
,1202,0,0.097412109375,0.03084133516232279,-0.097412109375,-0.03084133516232279,2164,2415,2448,1834,2165,2416,2454,1837,0,-6,-29,-18,5000,5000,5000,5000,-51.44,56.77,-183.19,-2.873130824671037,1.4262394960447295,66.46486274225325,-0.0665121555641212,-0.009197071005452754,0.9977432270114064
,1203,0,-0.377587890625,0.6641746684956558,0.377587890625,-0.6641746684956558,1854,2828,2758,1421,1873,2829,2758,1467,-46,0,14,-190,4900,5000,5000,5000,-40.11,42.4,-211.9,12.52209730267618,-26.826527186417877,55.333913739887535,0.35072088548295033,-0.7448698583253802,0.5675947098453107
,1204,0,0.5724121093749999,-0.39138088705989926,-0.5724121093749999,0.39138088705989926,2473,2140,2139,2109,2474,2163,2176,2110,0,-70,-150,-15,4900,5000,4900,4700,-42.59,76.57000000000001,-168.47,-23.19277323143004,15.35855678767004,57.518155675017844,-0.6102504765782465,0.3783075737032304,0.6960443488132045
,1205,0,-0.6150878906249999,0.2419524462734337,0.6150878906249999,-0.2419524462734337,1699,2553,2913,1696,1743,2553,2913,1705,-179,0,0,-28,5000,4900,4800,5000,-42.26,26.91,-191.36,27.260976286080535,-5.726055158392597,57.331343715401744,0.7537675600693814,-0.18631505247605368,0.6301755046079601
,1206,0,0.33491210937500004,0.875285779606767,-0.33491210937500004,-0.875285779606767,2318,2966,2294,1283,2318,2967,2310,1346,0,0,-50,-306,5000,4900,5100,4800,-33.85,62.2,-219.1,-7.006031954061697,-34.7808965245257,49.13328666151001,-0.13654028328916568,-0.924376188074916,0.35620978925262686
,1207,0,-0.14008789062500004,-0.7432327389117512,0.14008789062500004,0.7432327389117512,2009,1910,2603,2339,2010,1969,2603,2339,-5,-275,0,0,5000,5000,5100,5000,-37.67,49.76,-150.66,2.956251991653737,34.08898760309984,52.460681863822494,0.11389975428664585,0.8478110491920205,0.5179220702396903
,1208,0,0.8099121093749999,-0.10989940557841782,-0.8099121093749999,0.10989940557841782,2628,2323,1984,1926,2628,2324,2042,1926,0,0,-277,9,4800,5000,5100,4900,-36.34,88.64,-179.83,-34.845793592820556,3.526053264389475,51.354068002979766,-0.8760118367091981,0.035743639223884904,0.4809632566011771
,1209,0,-0.7338378906249999,0.5234339277549152,0.7338378906249999,-0.5234339277549152,1622,2736,2990,1513,1673,2737,2990,1540,-222,0,0,-95,5100,5100,4900,4800,-36.46,25.72,-203.18,28.875983133552694,-17.536479192913646,51.61521416758488,0.7621735823435554,-0.4844516883980988,0.42941587300171286
,1210,0,0.2161621093749999,-0.5321216278006402,-0.2161621093749999,0.5321216278006402,2241,2048,2371,2201,2241,2085,2381,2202,0,-145,-33,0,5000,5000,5000,5000,-44.160000000000004,57.1,-158.84,-4.082803360031761,25.69591643493996,59.0117242329506,-0.07431162947962341,0.6661317796616613,0.7421227889297505
,1211,0,-0.25883789062499996,0.1012117055326931,0.25883789062499996,-0.1012117055326931,1931,2461,2681,1788,1948,2461,2681,1792,-43,0,0,-20,5000,5000,5000,5000,-49.7,41.45,-185.89000000000001,12.534088016664263,-0.7314403764865176,64.73800862482588,0.3934944799243215,-0.06614806904914713,0.9169441243773567
,1212,0,0.691162109375,0.7345450388660262,-0.691162109375,-0.7345450388660262,2551,2874,2061,1375,2551,2875,2104,1420,0,0,-185,-188,4800,4900,5000,4900,-33.39,79.85000000000001,-210.5,-24.954991562698268,-26.826994206400315,48.61910101288472,-0.5844339848658664,-0.7257066264379411,0.36302453040788685
,1213,0,-0.496337890625,-0.32101051668952896,0.496337890625,0.32101051668952896,1776,2186,2836,2063,1807,2204,2837,2064,-107,-55,-7,-17,5000,5000,5000,5000,-44.12,31.34,-173.1,22.175083125619796,12.374971701932907,59.06299534380558,0.6387978695124149,0.2957955089574747,0.7102410145767338
,1214,0,0.45366210937499996,0.3123228166438041,-0.45366210937499996,-0.3123228166438041,2396,2599,2216,1650,2397,2600,2245,1663,0,0,-110,-40,5000,5000,5000,5000,-45.79,73.14,-194.71,-18.817489027074842,-10.717064306376216,60.903620590040596,-0.487562099627898,-0.3480723210935,0.8007052255949242
,1215,0,-0.021337890625000022,0.9456561499771374,0.021337890625000022,-0.9456561499771374,2086,3011,2526,1238,2087,3011,2526,1313,0,0,0,-394,4700,5000,4900,4900,-31.66,58.230000000000004,-222.5,-2.916217719832261,-38.05093806695274,46.96597315389382,-0.03758275938101396,-0.960920685180958,0.2742607755196981
,1216,0,0.928662109375,-0.9439186099679926,-0.928662109375,0.9439186099679926,2705,1780,1907,2469,2705,1851,1961,2470,0,-352,-248,0,4700,4600,4900,4700,-21.45,83.63,-151.46,-30.86512376447034,31.95144743664315,36.26034964501145,-0.6998058699555035,0.7139453251384126,0.023533318695557876
,1217,0,-0.926806640625,-0.3105852766346593,0.926806640625,0.3105852766346593,1496,2193,3116,2056,1567,2202,3117,2056,-365,-26,0,0,5000,4800,5100,5000,-31.51,15.63,-178.01,38.050258691384165,7.945324660553013,46.48200460996622,0.9518076195118663,0.15733658032189898,0.26326309261224734
,1218,0,0.023193359375,0.322748056698674,-0.023193359375,-0.322748056698674,2115,2605,2497,1644,2116,2606,2498,1663,0,0,0,-60,5000,5000,5000,5000,-49.050000000000004,51.34,-198.57,3.108089251915189,-13.764427180622846,64.18230884062851,0.10064096629095652,-0.4358989498081588,0.8943508827413131
,1219,0,-0.451806640625,-0.7328074988568816,0.451806640625,0.7328074988568816,1805,1917,2807,2332,1829,1970,2807,2332,-70,-235,-2,0,4900,5000,4800,4900,-36.27,36.59,-153.9,16.234410083008875,31.316504307701564,51.078526272827986,0.4699745732083606,0.7591206008112888,0.45039961585410687
,1220,0,0.49819335937499987,-0.09947416552354815,-0.49819335937499987,0.09947416552354815,2425,2330,2187,1919,2426,2331,2223,1919,0,-3,-145,0,5000,5000,5000,5000,-45.87,76.02,-179.64000000000001,-22.23951200357598,4.239364823817084,60.877420937312316,-0.5892227406657768,0.0643385125790473,0.8054049401893597
,1221,0,-0.6893066406249999,0.533859167809785,0.6893066406249999,-0.533859167809785,1651,2743,2961,1506,1698,2744,2961,1535,-189,0,0,-100,5100,5000,4900,5000,-37.4,27.560000000000002,-204.0,27.066911975528427,-18.4156251157155,52.561767912295444,0.7191563552971786,-0.5169433672881336,0.4643099090612687
,1222,0,0.26069335937500004,-0.5216963877457705,-0.26069335937500004,0.5216963877457705,2270,2055,2342,2194,2270,2090,2356,2195,-1,-134,-45,0,5000,5000,4900,4800,-44.28,59.36,-159.27,-6.325794026231833,25.185499295890054,59.13568880653304,-0.13890243341451855,0.650131761344969,0.7470172734830256
,1223,0,-0.21430664062500004,0.11163694558756299,0.21430664062500004,-0.11163694558756299,1960,2468,2652,1781,1973,2468,2652,1787,-27,0,0,-22,5000,5000,5000,5000,-50.2,43.730000000000004,-186.88,10.291376361670707,-1.799489608496657,65.2459606605129,0.32563710607985646,-0.09088146963313772,0.9411169075206639
,1224,0,0.7356933593749999,0.7449702789208961,-0.7356933593749999,-0.7449702789208961,2580,2881,2032,1368,2581,2883,2080,1414,0,-3,-217,-193,5000,5000,5000,5000,-32.34,81.09,-210.08,-26.20949243240689,-26.4595204709033,47.56663219072409,-0.6168797370873612,-0.7158624831237792,0.327108995943073
,1225,0,-0.8080566406249999,-0.8735482395976223,0.8080566406249999,0.8735482395976223,1573,1826,3039,2423,1626,1889,3040,2424,-235,-294,0,0,5000,4800,4900,4900,-25.61,24.41,-154.18,28.415056919366272,31.400233965173868,40.41591721160867,0.7148801044578244,0.6920462208961233,0.10009227939138914
,1226,0,0.1419433593749999,-0.24021490626428887,-0.1419433593749999,0.24021490626428887,2193,2238,2419,2011,2193,2248,2429,2012,0,-28,-34,0,5000,5000,5000,4900,-49.51,56.22,-170.9,-2.7673392335551554,13.714002580466968,64.44714459534583,-0.05972233527890834,0.3297218519178851,0.9421872123079754
,1227,0,-0.33305664062499996,0.39311842706904443,0.33305664062499996,-0.39311842706904443,1883,2651,2729,1598,1900,2652,2729,1622,-40,0,0,-84,5000,4900,5000,4900,-46.37,40.75,-199.94,13.740252860321576,-14.770420011974522,61.50789761059149,0.4028479093462552,-0.45832632109220484,0.7922439935584467
,1228,0,0.616943359375,-0.6624371284865112,-0.616943359375,0.6624371284865112,2502,1963,2110,2286,2502,2005,2148,2286,0,-165,-149,0,4900,5100,5000,4900,-36.27,74.89,-156.64000000000001,-21.941742693278712,27.196098398912397,51.11337377438161,-0.5447016295692158,0.6825398529201648,0.48727762509719275
,1229,0,-0.570556640625,-0.029103795153177847,0.570556640625,0.029103795153177847,1728,2376,2884,1873,1769,2377,2884,1873,-164,0,0,0,4900,5000,5000,5000,-43.26,27.32,-182.1,26.51717166297267,3.520012693824725,58.26551926359218,0.7419685728793204,0.055016503788087145,0.6681734963094246
,1230,0,0.37944335937499996,0.6042295381801552,-0.37944335937499996,-0.6042295381801552,2347,2789,2265,1460,2347,2789,2285,1500,0,0,-68,-166,4900,4800,5100,5000,-41.94,67.04,-208.53,-12.223218076554389,-24.3350209945244,57.14972311263901,-0.29044205317452415,-0.7012744503749319,0.6510434386422332
,1231,0,-0.09555664062500002,-0.4513260173754,0.09555664062500002,0.4513260173754,2038,2101,2574,2148,2040,2135,2575,2149,-7,-130,-9,0,4900,5000,4900,4900,-46.2,50.52,-162.36,2.6202458019049004,22.430325600779298,61.07411324487488,0.11065238431839447,0.5829300214021068,0.804952570026827
,1232,0,0.854443359375,0.18200731595793318,-0.854443359375,-0.18200731595793318,2657,2514,1955,1735,2657,2514,2018,1739,0,-5,-322,-19,5100,4800,4800,4900,-34.77,90.52,-183.91,-36.57753644768454,-0.6302339438572346,49.81392407230575,-0.8986338222300551,-0.04414414332745196,0.4364728492748287
,1233,0,-0.867431640625,0.8153406492912665,0.867431640625,-0.8153406492912665,1535,2927,3077,1322,1596,2928,3077,1372,-287,0,20,-222,4900,5100,5000,4900,-27.16,25.53,-213.0,29.418956851161234,-27.409313812354725,42.38532705456167,0.7168272105494874,-0.6864194370975202,0.12242183869948979
,1234,0,0.08256835937499996,-0.803177869227252,-0.08256835937499996,0.803177869227252,2154,1871,2458,2378,2155,1938,2458,2379,0,-331,0,0,5000,5000,4800,4800,-35.65,50.660000000000004,-148.47,1.9775076382200822,36.23061464643246,50.42549315073269,0.09871278566068084,0.8882142962611153,0.44869939811022697
,1235,0,-0.392431640625,-0.16984453589391857,0.392431640625,0.16984453589391857,1844,2284,2768,1965,1869,2287,2768,1966,-74,-17,0,0,5000,5000,5000,5000,-46.85,34.78,-177.34,18.890745852651406,8.033164815900477,61.82450609732293,0.5619237913986728,0.16860318582306316,0.8098238193523666
,1236,0,0.557568359375,0.4634887974394146,-0.557568359375,-0.4634887974394146,2463,2697,2149,1552,2464,2698,2186,1578,0,0,-145,-82,5000,5000,5100,5000,-41.87,76.7,-200.4,-22.17036446154259,-16.55965659711819,57.025677624355644,-0.5563782658086692,-0.49961437169771167,0.6639493240668587
,1237,0,-0.629931640625,-0.5920667581161408,0.629931640625,0.5920667581161408,1689,2009,2923,2240,1731,2046,2923,2240,-164,-139,0,0,4900,4900,5100,4800,-36.85,28.060000000000002,-161.68,25.039733286300525,23.853758838751872,51.71051784812355,0.6828933271007682,0.5682518823597057,0.45907134739155114
,1238,0,0.320068359375,0.04126657521719257,-0.320068359375,-0.04126657521719257,2309,2422,2303,1827,2309,2423,2326,1829,0,0,-82,-16,5000,5000,5000,5000,-49.36,67.74,-181.85,-13.884644199770456,2.3545840333567014,64.37976091978766,-0.3670287540829264,0.013381400970037633,0.9301133435148717
,1239,0,-0.15493164062499998,0.6745999085505257,0.15493164062499998,-0.6745999085505257,1999,2835,2613,1414,2002,2836,2613,1463,-7,0,0,-211,5000,4800,4900,5000,-40.88,53.33,-213.29,1.6494970452158881,-28.604561262092318,56.11817037340434,0.06546048040522776,-0.7964930476555974,0.6010937951280267
,1240,0,0.7950683593749999,-0.3809556470050296,-0.7950683593749999,0.3809556470050296,2618,2147,1994,2102,2619,2167,2047,2102,0,-57,-247,0,4800,4900,5100,5000,-36.99,85.99,-172.25,-32.47100691217793,11.201198211736852,51.948995106624245,-0.8327703441483637,0.26037577399072265,0.4885673036806168
,1241,0,-0.748681640625,0.2523776863283038,0.748681640625,-0.2523776863283038,1612,2560,3000,1689,1667,2561,3000,1698,-250,0,0,-26,4900,4900,5100,5000,-38.300000000000004,21.82,-191.03,32.33518362547494,-5.240826291769054,53.3670565381363,0.8567875050350396,-0.17079314509405083,0.4865643562826141
,1242,0,0.2013183593750001,0.8857110196616369,-0.2013183593750001,-0.8857110196616369,2231,2972,2381,1277,2231,2974,2387,1343,0,-7,-23,-329,5100,4800,4600,5000,-33.71,56.34,-220.28,-1.1072811298388032,-35.74960691003122,48.99935047243681,0.008100775663795272,-0.9386602808471395,0.34474810310372106
,1243,0,-0.273681640625,-0.9204618198445359,0.273681640625,0.9204618198445359,1922,1795,2690,2454,1930,1870,2691,2455,-12,-379,-20,0,4700,5000,4800,4600,-31.330000000000002,46.11,-145.77,6.426476639714487,39.062182431707384,46.084548702673615,0.22038985670997296,0.9271578126451241,0.30299620708924074
,1244,0,0.676318359375,-0.2871284865112025,-0.676318359375,0.2871284865112025,2541,2208,2071,2041,2541,2215,2119,2042,0,-20,-215,0,5100,4800,5100,4900,-40.88,82.02,-173.21,-28.468389144948915,10.412875120687715,55.84414564461137,-0.7427472440537223,0.2350175842622842,0.6269715037688081
,1245,0,-0.511181640625,0.3462048468221306,0.511181640625,-0.3462048468221306,1767,2621,2845,1628,1801,2622,2845,1646,-120,0,0,-53,5000,5000,5100,5000,-44.14,32.68,-196.87,21.693872885496702,-11.427156140931203,59.25285544164882,0.6128560016612116,-0.35849387412712086,0.7041943364165612
,1246,0,0.4388183593749999,-0.7093507087334248,-0.4388183593749999,0.7093507087334248,2386,1933,2226,2316,2387,1982,2249,2316,0,-209,-83,0,5000,5000,4900,5000,-37.82,66.06,-152.97,-13.2497331232532,31.193348466863455,52.63365714561555,-0.31953528422763,0.7871131803190499,0.527588896302413
,1247,0,-0.036181640624999956,-0.07601737540009146,0.036181640624999956,0.07601737540009146,2076,2345,2536,1904,2079,2347,2538,1904,-8,-17,-21,0,5000,5000,5000,5000,-51.25,51.92,-178.54,1.8058528467172508,6.2467746986261545,66.23980238689248,0.0952211605699232,0.12231172320363985,0.9879133428325955
,1248,0,0.913818359375,0.5573159579332418,-0.913818359375,-0.5573159579332418,2696,2758,1916,1491,2696,2758,1983,1523,0,0,-350,-113,4800,4900,5100,4900,-31.11,89.83,-200.09,-35.30453565398555,-16.800486599169318,46.26899839711672,-0.8384731064437764,-0.45979297483196235,0.29249490605085354
,1249,0,-0.897119140625,-0.4982395976223137,0.897119140625,0.4982395976223137,1515,2070,3097,2179,1582,2095,3098,2180,-332,-84,0,0,5000,4900,5100,5000,-30.92,17.7,-169.68,35.680874289096685,16.190770195963466,45.833509832210524,0.8961284908259625,0.3661508437672168,0.2507733788473927
,1250,0,0.05288085937500009,0.1350937357110198,-0.05288085937500009,-0.1350937357110198,2134,2483,2478,1766,2135,2483,2481,1773,-2,0,-24,-26,5000,5000,5000,5000,-51.230000000000004,53.61,-189.14000000000001,0.49952942278118684,-4.407185236967678,66.29598781950128,0.02664117102345064,-0.1739438470720328,0.9843951371640763
,1251,0,-0.422119140625,0.7684270690443531,0.422119140625,-0.7684270690443531,1825,2896,2787,1353,1845,2897,2786,1406,-55,0,19,-235,5000,4800,4800,5000,-36.56,41.99,-215.64000000000001,13.066308111148821,-30.574521464850193,51.81048167941292,0.3560883165408164,-0.8225917321376528,0.4433327791195945
,1252,0,0.527880859375,-0.8500914494741655,-0.527880859375,0.8500914494741655,2444,1841,2168,2408,2445,1907,2198,2409,0,-316,-112,0,4800,5000,4700,4900,-32.67,68.61,-149.17000000000002,-15.935958238077767,34.862009496918375,47.45773975069492,-0.3822276532720816,0.85228977490862,0.3570772474694108
,1253,0,-0.659619140625,-0.21675811614083218,0.659619140625,0.21675811614083218,1670,2254,2942,1995,1720,2258,2942,1996,-215,-18,0,0,5000,4900,4800,4800,-40.67,24.3,-178.71,29.41248104012376,6.998235673142972,55.65022797642675,0.8030248348931225,0.14503445871834017,0.5780277850840314
,1254,0,0.2903808593749999,0.41657521719250146,-0.2903808593749999,-0.41657521719250146,2289,2667,2323,1582,2289,2668,2339,1608,0,0,-53,-92,5000,4900,5000,4900,-46.78,63.95,-200.92000000000002,-9.409202165626738,-16.584128283715188,61.934153762002694,-0.22999650345847977,-0.515523769840854,0.825431312179243
,1255,0,-0.18461914062499996,-0.6389803383630543,0.18461914062499996,0.6389803383630543,1980,1978,2632,2271,1986,2028,2632,2271,-9,-216,0,0,5000,5000,5000,5000,-41.25,47.7,-154.9,5.168452648261983,29.95174094488047,56.069969652840534,0.17719314021759447,0.7574973584292239,0.6283313958673206
,1256,0,0.765380859375,-0.005647005029721042,-0.765380859375,0.005647005029721042,2599,2391,2013,1858,2600,2392,2069,1858,0,0,-271,0,5100,4800,5000,5000,-38.74,86.61,-179.81,-32.817495164001244,3.6364229494776055,53.753051957962086,-0.8402481574969716,0.04969928695357657,0.5399194520474793
,1257,0,-0.778369140625,0.627686328303612,0.778369140625,-0.627686328303612,1593,2804,3019,1445,1647,2804,3019,1482,-242,0,18,-142,4900,4900,4700,4900,-33.730000000000004,25.66,-206.84,29.067651765030828,-21.21130998635425,48.91133144540774,0.7523883699454603,-0.5660171490702389,0.33695152133387357
,1258,0,0.171630859375,-0.4278692272519432,-0.171630859375,0.4278692272519432,2212,2116,2400,2133,2212,2147,2408,2135,0,-107,-29,-16,5000,4900,4900,5000,-46.76,56.11,-163.38,-2.9292178830747346,21.213265588362702,61.643602257296315,-0.044890465247208265,0.5503930242807569,0.8336980058468243
,1259,0,-0.303369140625,0.2054641060813902,0.303369140625,-0.2054641060813902,1902,2529,2710,1720,1921,2529,2710,1730,-48,0,0,-31,5000,5000,5000,4800,-48.76,40.28,-191.1,13.891232244975726,-5.902393119222353,63.834677414275944,0.4282109025569861,-0.20946673801216023,0.8790671809354937
,1260,0,0.6466308593749999,0.8387974394147233,-0.6466308593749999,-0.8387974394147233,2522,2942,2090,1307,2522,2943,2128,1364,0,0,-145,-265,4700,4800,5000,4800,-31.310000000000002,76.69,-214.38,-21.657309555299406,-30.60515935566991,46.565528154931464,-0.49557231325454265,-0.8165833545279693,0.29597247750997124
,1261,0,-0.5408691406249999,-0.7797210791037952,0.5408691406249999,0.7797210791037952,1747,1887,2865,2362,1778,1945,2866,2362,-108,-269,-21,0,5100,5000,5100,4900,-33.87,33.52,-153.54,19.289073681045995,31.769938213129564,48.67479417539382,0.5449034404913189,0.7525895260388838,0.3697150873812047
,1262,0,0.40913085937500004,-0.14638774577046176,-0.40913085937500004,0.14638774577046176,2367,2300,2245,1949,2367,2303,2273,1950,0,-17,-108,0,4900,5000,5000,4900,-47.54,71.57000000000001,-177.82,-17.85786075787604,6.230647432223691,62.532632686459095,-0.47180160770932283,0.11890646683548656,0.8736500987853204
,1263,0,-0.06586914062500004,0.48694558756287165,0.06586914062500004,-0.48694558756287165,2057,2712,2555,1537,2059,2713,2556,1570,-8,0,0,-121,5000,5000,4900,5000,-46.02,55.68,-205.77,-0.9696514442081252,-21.137799197614385,61.20541181281148,0.0026114260001984437,-0.6229120625252883,0.7822875064928086
,1264,0,0.8841308593749999,-0.568609967992684,-0.8841308593749999,0.568609967992684,2676,2024,1936,2225,2676,2059,1998,2226,0,-118,-312,0,5000,5100,5000,5100,-31.13,87.0,-163.66,-33.79121894784642,19.707131301742777,46.02835810971095,-0.834515275745903,0.44194981603867434,0.3290358865688077
,1265,0,-0.8377441406249999,0.06472336534064915,0.8377441406249999,-0.06472336534064915,1554,2437,3058,1812,1621,2437,3059,1813,-331,0,0,-1,5100,5000,4800,5000,-35.28,17.93,-184.72,35.99447521672954,1.183751372546709,50.30062752618309,0.9238013182919284,-0.009508602292705693,0.3827541127206008
,1266,0,0.11225585937500004,0.6980566986739825,-0.11225585937500004,-0.6980566986739825,2173,2850,2439,1399,2174,2851,2441,1448,0,0,-19,-218,5000,5000,4900,5000,-40.050000000000004,53.24,-214.41,1.7797431818595442,-29.726475567719177,55.296133735097285,0.07575374587778502,-0.824471064805055,0.5608108712254981
,1267,0,-0.36274414062499993,-0.3574988568815729,0.36274414062499993,0.3574988568815729,1864,2162,2748,2087,1884,2186,2748,2087,-52,-76,-5,0,5000,5000,4900,4900,-45.99,37.11,-169.89000000000001,16.29325349334442,15.387896577462158,60.912390885950174,0.48828812143803424,0.38650786717453123,0.7824234014104577
,1268,0,0.5872558593749999,0.2758344764517604,-0.5872558593749999,-0.2758344764517604,2483,2575,2129,1674,2484,2576,2169,1685,0,0,-166,-32,5000,5000,5000,4900,-43.45,79.29,-191.28,-25.087612913734986,-7.5280336697667,58.54170821979905,-0.65311520621118,-0.24790988234875502,0.7155286281131971
,1269,0,-0.600244140625,0.9091678097850935,0.600244140625,-0.9091678097850935,1709,2988,2903,1261,1746,2989,2903,1323,-135,0,0,-298,5000,5000,4900,4800,-30.0,37.36,-218.95000000000002,17.81181961660409,-33.7619765937076,45.27237412805586,0.45501865935475566,-0.8633150696856807,0.21827759869626703
,1270,0,0.3497558593750001,-0.8970050297210791,-0.3497558593750001,0.8970050297210791,2328,1810,2284,2439,2328,1883,2297,2440,0,-367,-45,0,4900,5000,5100,4800,-32.22,60.04,-146.43,-7.4704991983904065,37.90623911634566,46.98480289277727,-0.16770920932373573,0.9224346885373461,0.3478331014883664
,1271,0,-0.125244140625,-0.2636716963877457,0.125244140625,0.2636716963877457,2018,2223,2594,2026,2023,2233,2594,2026,-12,-29,0,15,5000,5000,5000,5000,-49.03,48.61,-169.93,4.80262436718175,14.954569621267183,63.9572012304572,0.1737064575304478,0.3637521113824853,0.9151559801897199
,1272,0,0.824755859375,0.3696616369455876,-0.824755859375,-0.3696616369455876,2638,2636,1974,1613,2638,2637,2031,1631,0,0,-282,-54,5000,5000,4800,4800,-35.59,88.58,-192.61,-34.32468033209578,-9.248480115184236,50.69510070208113,-0.8458820239940696,-0.2820457100948232,0.4526961662095258
,1273,0,-0.718994140625,-0.685893918609968,0.718994140625,0.685893918609968,1631,1948,2981,2301,1680,1990,2981,2301,-209,-168,0,0,4800,5100,4800,4800,-32.8,25.85,-159.05,27.152791952219964,26.532848549787644,47.641001735045094,0.7096104436870119,0.6271758331789926,0.32109732556743353
,1274,0,0.23100585937499996,-0.05256058527663465,-0.23100585937499996,0.05256058527663465,2251,2361,2361,1888,2251,2362,2377,1888,0,0,-49,0,5000,5000,5000,5000,-50.27,63.550000000000004,-179.74,-9.773398907749957,4.620865570427412,65.2730302764609,-0.2572301634242979,0.07707546720121389,0.9632715169568877
,1275,0,-0.24399414062500002,0.5807727480566987,0.24399414062500002,-0.5807727480566987,1941,2774,2671,1475,1952,2774,2671,1515,-22,0,0,-155,5000,4900,4900,4900,-43.39,48.03,-209.33,6.8034769869732585,-24.438058545798242,58.59777636530643,0.20426037376286785,-0.6967776438965261,0.6875889867328148
,1276,0,0.706005859375,-0.47478280749885693,-0.706005859375,0.47478280749885693,2560,2085,2052,2164,2561,2112,2098,2165,0,-91,-205,0,5000,5000,5000,4800,-37.67,81.76,-165.67000000000002,-28.48115309903521,17.9342568490315,52.580412509379244,-0.7241660469038215,0.4264116943422349,0.5419931765621009
,1277,0,-0.48149414062499996,0.1585505258344766,0.48149414062499996,-0.1585505258344766,1786,2498,2826,1751,1820,2498,2826,1756,-121,0,0,-22,5000,5000,4900,5000,-45.87,32.11,-188.24,21.952272193998777,-2.770086002069121,60.92110794297695,0.6341939768966127,-0.11657411230986466,0.7643353164725717
,1278,0,0.468505859375,0.7918838591678097,-0.468505859375,-0.7918838591678097,2405,2911,2207,1338,2406,2912,2231,1393,0,0,-85,-255,4800,4800,4800,4800,-35.52,69.78,-215.14000000000001,-14.723780079172059,-31.085229541595623,50.778069148234515,-0.3334406378400913,-0.8406203461231426,0.4268193701328476
,1279,0,-0.006494140624999978,-0.8266346593507087,0.006494140624999978,0.8266346593507087,2096,1856,2516,2393,2097,1926,2517,2394,0,-352,0,0,5100,4800,4700,4600,-35.01,52.08,-147.8,0.5341595560404997,36.84434751782348,49.781305075522816,0.05639130086684078,0.9015575475795099,0.42896854149105723
,1280,0,0.9435058593749999,-0.19330132601737537,-0.9435058593749999,0.19330132601737537,2715,2269,1897,1980,2715,2270,1974,1980,0,0,-422,15,5000,4900,4600,4600,-32.35,91.45,-178.21,-37.71300235954661,5.015081072899392,47.353754256097716,-0.9412363314346738,0.05544578598894443,0.3331665247342011
,1281,0,-0.945361328125,0.44003200731595804,0.945361328125,-0.44003200731595804,1484,2682,3128,1567,1555,2683,3128,1588,-359,0,20,-65,5100,4700,5100,5000,-30.89,17.29,-197.41,37.091442177393475,-11.505875550161932,46.0008796208194,0.9202957904396416,-0.3129709027167181,0.234744269688862
,1282,0,0.004638671875,-0.6155235482395977,-0.004638671875,0.6155235482395977,2103,1994,2509,2255,2104,2043,2509,2255,0,-210,22,0,5000,5000,5100,5000,-41.86,49.480000000000004,-155.17000000000002,3.399444484160284,29.622034161072435,56.682589887612856,0.12267454720221779,0.7498244241388606,0.6501648163608648
,1283,0,-0.470361328125,0.017809785093735875,0.470361328125,-0.017809785093735875,1793,2407,2819,1842,1825,2408,2819,1843,-112,0,0,0,5000,5000,5000,5000,-45.53,31.13,-181.14000000000001,22.67532980864422,4.358051056937512,60.53014790164332,0.6542784132554244,0.07863866241505099,0.7521540525195195
,1284,0,0.47963867187499987,0.6511431184270688,-0.47963867187499987,-0.6511431184270688,2413,2819,2199,1430,2414,2820,2227,1473,0,0,-104,-177,4900,4900,4900,5000,-39.34,71.34,-209.21,-16.496245151120775,-25.18829566860225,54.556354270649905,-0.3944204884487662,-0.7241834542925898,0.5656772956560033
,1285,0,-0.7078613281249999,-0.4044124371284864,0.7078613281249999,0.4044124371284864,1639,2131,2973,2118,1683,2155,2973,2119,-179,-77,0,-1,5000,5000,4900,5000,-37.77,23.05,-172.22,30.42701325463191,13.508268936684914,52.703570328632786,0.8223396698853113,0.30150199067073435,0.48254949689591625
,1286,0,0.24213867187500004,0.2289208962048468,-0.24213867187500004,-0.2289208962048468,2258,2544,2354,1705,2258,2544,2370,1717,0,0,-50,-35,5000,5000,5000,4900,-49.64,62.99,-192.57,-8.750789660993362,-8.184732794132628,64.73421597261922,-0.22260300778838707,-0.2864534330789997,0.931875706090044
,1287,0,-0.23286132812500004,0.8622542295381801,0.23286132812500004,-0.8622542295381801,1948,2957,2664,1292,1955,2958,2663,1357,-11,0,17,-323,4800,4900,5000,5000,-34.82,51.94,-219.92000000000002,3.277017427811778,-35.223135124606586,50.10499671628466,0.1059865524001223,-0.9185597046126954,0.38080824540990826
,1288,0,0.7171386718749999,-0.7562642889803384,-0.7171386718749999,0.7562642889803384,2568,1902,2044,2347,2569,1956,2088,2347,0,-238,-199,0,5100,4900,4900,4800,-31.76,77.82000000000001,-155.37,-24.91631527050845,28.327322999651187,46.59561449732,-0.6266309858404986,0.6970456008115565,0.3485126080557499
,1289,0,-0.8266113281249999,-0.12293095564700496,0.8266113281249999,0.12293095564700496,1561,2315,3051,1934,1626,2316,3052,1935,-322,0,0,0,5000,4800,4800,4700,-35.57,18.2,-183.84,35.692931352546,2.0554799219259223,50.58445957893698,0.9193825808358855,0.015082393965188508,0.3930752999716783
,1290,0,0.12338867187499991,0.5104023776863282,-0.12338867187499991,-0.5104023776863282,2180,2728,2432,1521,2180,2729,2436,1554,0,0,-24,-124,5000,5000,5000,5000,-45.36,54.46,-206.66,0.2815815042733405,-21.987874440323168,60.551280182045936,0.03512458879053315,-0.6521247028212929,0.7572975869712879
,1291,0,-0.35161132812499996,-0.5451531778692273,0.35161132812499996,0.5451531778692273,1871,2040,2741,2209,1889,2079,2741,2210,-44,-149,0,0,4900,4900,5100,4900,-42.61,39.03,-160.58,14.03800226637965,24.598190512180338,57.466926107525175,0.4181534028994111,0.6173774861352177,0.6663278256661671
,1292,0,0.598388671875,0.08818015546410618,-0.598388671875,-0.08818015546410618,2490,2452,2122,1797,2491,2453,2166,1798,0,-7,-185,0,5000,5000,4900,5000,-43.32,80.58,-181.86,-26.71678039854561,1.8381057878981437,58.34512499058259,-0.6937584520537111,0.008068036446579312,0.7201625628925289
,1293,0,-0.589111328125,0.7215134887974393,0.589111328125,-0.7215134887974393,1716,2865,2896,1384,1753,2866,2896,1428,-137,0,0,-181,4900,4900,4900,4900,-35.56,34.550000000000004,-212.37,20.383295899996806,-27.0453560080675,50.78423566772689,0.5393608488840373,-0.7361611985026472,0.4088478500741275
,1294,0,0.36088867187499996,-0.3340420667581161,-0.36088867187499996,0.3340420667581161,2335,2177,2277,2072,2335,2199,2297,2072,0,-66,-68,0,4900,4900,5000,5000,-46.79,67.53,-169.33,-14.127023754765823,14.855355423407758,61.72055675218397,-0.3645281686491435,0.3766145915195322,0.8516341137577084
,1295,0,-0.11411132812500002,0.2992912665752172,0.11411132812500002,-0.2992912665752172,2026,2590,2586,1659,2030,2591,2586,1675,-11,0,0,-51,5000,4900,5000,4900,-49.42,51.21,-197.26,3.190776512289439,-12.447982907232813,64.54291567920814,0.1243145138050556,-0.3987707054282658,0.9085856185025466
,1296,0,0.835888671875,0.9326245999085505,-0.835888671875,-0.9326245999085505,2645,3003,1967,1246,2645,3004,2018,1310,0,0,-228,-312,4900,4700,5000,4900,-26.38,83.29,-215.61,-28.20932022277529,-32.107690012233235,41.647057067350524,-0.6126947261786373,-0.7842470285011642,0.09778430753437962
,1297,0,-0.885986328125,-0.9360996799268404,0.885986328125,0.9360996799268404,1522,1785,3090,2464,1576,1855,3091,2465,-240,-355,0,0,5000,4800,5000,4600,-21.87,22.37,-153.78,30.43875645788372,31.84690917142808,36.67234653137275,0.7384212552774059,0.6741717664569193,-0.01504922147145271
,1298,0,0.06401367187499996,-0.3027663465935071,-0.06401367187499996,0.3027663465935071,2142,2198,2470,2051,2143,2211,2473,2051,0,-33,-24,0,5000,5000,5000,5000,-48.57,51.31,-167.69,2.0234710856654345,17.092328043491335,63.482337075096,0.07640989719528045,0.42285655431580194,0.9029694690756571
,1299,0,-0.410986328125,0.3305669867398262,0.410986328125,-0.3305669867398262,1832,2610,2780,1639,1855,2611,2780,1659,-68,0,0,-62,5000,5000,5000,5000,-46.04,36.21,-196.08,18.13793142052597,-10.751536702214992,61.14859241489446,0.52436664190883,-0.35043334147493826,0.7760387219952145
,1300,0,0.539013671875,-0.7249885688157294,-0.539013671875,0.7249885688157294,2451,1922,2161,2327,2452,1969,2196,2327,0,-193,-136,0,4900,4700,5000,5000,-36.08,69.89,-153.15,-17.07098969335547,30.862832391230796,50.89651657870724,-0.4150288853129294,0.774069141955395,0.47808784530496634
,1301,0,-0.648486328125,-0.09165523548239596,0.648486328125,0.09165523548239596,1677,2335,2935,1914,1726,2336,2935,1914,-211,0,0,0,5000,5000,5100,5000,-41.13,24.3,-182.0,29.531290413366765,3.7137440598538376,56.13365240181606,0.8055110599327838,0.05704931971789379,0.5898282016364499
,1302,0,0.301513671875,0.5416780978509372,-0.301513671875,-0.5416780978509372,2297,2748,2315,1501,2297,2749,2332,1535,0,0,-55,-130,5000,4900,4900,4900,-44.06,63.38,-206.52,-8.637845345284724,-22.179168422645404,59.25388614486598,-0.20186558184908418,-0.6580318646326223,0.7254270135532896
,1303,0,-0.17348632812499998,-0.5138774577046181,0.17348632812499998,0.5138774577046181,1987,2060,2625,2189,1992,2097,2625,2190,-10,-142,0,0,5000,5000,5000,5000,-44.58,47.32,-160.03,5.733834328468866,24.862681639481707,59.436276077071795,0.19866490419161464,0.637880907389206,0.7440700261607505
,1304,0,0.7765136718749999,0.11945587562871518,-0.7765136718749999,-0.11945587562871518,2606,2473,2006,1776,2607,2473,2064,1777,0,-3,-279,-17,4800,5000,4800,4900,-38.19,87.18,-181.70000000000002,-33.31898793119966,1.723207552014884,53.21675740516547,-0.8462218001175058,0.005544994561382508,0.532801950110172
,1305,0,-0.767236328125,0.7527892089620485,0.767236328125,-0.7527892089620485,1600,2886,3012,1363,1652,2887,3013,1409,-228,0,7,-192,5100,4900,4900,4900,-31.32,28.1,-211.84,26.809358666245608,-26.313176950605083,46.53798659919071,0.681597305079259,-0.6848174936234382,0.2577791964763692
,1306,0,0.1827636718750001,-0.86572930955647,-0.1827636718750001,0.86572930955647,2219,1831,2393,2418,2219,1903,2397,2419,0,-357,-23,0,5100,5000,5100,4900,-33.64,52.94,-146.57,-0.3698693831064688,38.03270463799379,48.40292231586373,0.03822474430973226,0.9226782878015,0.38367127354305225
,1307,0,-0.292236328125,-0.23239597622313668,0.292236328125,0.23239597622313668,1909,2244,2703,2005,1927,2251,2703,2006,-40,-23,0,0,5000,5000,5000,5000,-47.93,39.85,-173.09,13.670811272436318,12.105013670012795,62.87623319478644,0.42031771103301896,0.27889753604305934,0.863451901486744
,1308,0,0.657763671875,0.4009373571101966,-0.657763671875,-0.4009373571101966,2529,2656,2083,1593,2529,2657,2126,1613,0,0,-179,-64,5000,4800,5100,5000,-40.38,81.74,-196.1,-27.362490412871907,-12.455091329026374,55.50710195435852,-0.6897936618034468,-0.38787489877336234,0.6113409580891384
,1309,0,-0.529736328125,-0.654618198445359,0.529736328125,0.654618198445359,1755,1968,2857,2281,1786,2010,2857,2281,-106,-163,0,0,4900,5000,4900,4800,-37.39,33.1,-157.55,19.854033077922644,27.80291968036019,52.22310149587007,0.5568152406548216,0.6756583194053475,0.4831590040482062
,1310,0,0.4202636718749999,-0.021284865112025653,-0.4202636718749999,0.021284865112025653,2374,2381,2238,1868,2375,2382,2267,1868,0,-3,-114,0,4900,5000,5000,4900,-47.52,72.62,-180.03,-18.827415519237945,3.9841059020998273,62.528796262443365,-0.4986114217709234,0.05664366614521641,0.864972915856449
,1311,0,-0.054736328124999956,0.6120484682213074,0.054736328124999956,-0.6120484682213074,2064,2794,2548,1455,2065,2794,2549,1500,0,0,0,-191,5000,5000,5000,4800,-42.75,56.69,-210.83,-1.7968336004569565,-26.25415092932238,57.9719439162904,-0.019369403719914146,-0.744214081640029,0.6676602630741344
,1312,0,0.895263671875,-0.4435070873342478,-0.895263671875,0.4435070873342478,2684,2106,1928,2143,2684,2131,1991,2144,0,-77,-320,0,5000,5000,4800,4800,-32.45,89.34,-170.29,-35.89021380799166,13.006583784763308,47.3964895177943,-0.8846186444566295,0.293544827719557,0.3623275976223871
,1313,0,-0.915673828125,0.1898262459990856,0.915673828125,-0.1898262459990856,1503,2519,3109,1730,1572,2519,3110,1733,-349,0,0,-17,5100,5100,5000,4700,-32.34,15.68,-187.4,38.33931650171887,-1.4342029095195983,47.37889264340877,0.9567524056522441,-0.07517261311058109,0.2810229750692474
,1314,0,0.03432617187499998,0.8231595793324187,-0.03432617187499998,-0.8231595793324187,2122,2932,2490,1317,2123,2933,2490,1379,0,0,0,-300,5000,4900,5100,4800,-35.82,52.81,-218.69,2.363333637448619,-34.01823310748446,51.09655763744012,0.09181581332380265,-0.9062484579949509,0.4126543212005189
,1315,0,-0.440673828125,-0.7953589391860997,0.440673828125,0.7953589391860997,1813,1877,2799,2372,1835,1939,2800,2373,-61,-293,-23,0,4900,4800,5000,4800,-34.65,37.82,-151.71,14.925937894144148,33.44907483273985,49.443459458686895,0.4439511417126843,0.8005349566088168,0.40255579367253413
,1316,0,0.509326171875,-0.16202560585276637,-0.509326171875,0.16202560585276637,2432,2289,2180,1960,2433,2292,2217,1960,0,-16,-151,17,5000,5000,4900,5000,-45.56,76.02,-177.66,-22.311019039315553,6.215813199752745,60.55332440678319,-0.5900880721941493,0.11541514015691899,0.7990465646486137
,1317,0,-0.678173828125,0.47130772748056704,0.678173828125,-0.47130772748056704,1658,2702,2954,1547,1704,2703,2954,1573,-192,0,0,-86,5000,5100,5000,5000,-38.72,27.09,-201.12,27.432848546789305,-15.5111963105511,53.86103068077034,0.7343251014711308,-0.45002477554412706,0.5081774756380601
,1318,0,0.2718261718749999,-0.5842478280749885,-0.2718261718749999,0.5842478280749885,2277,2014,2335,2235,2277,2055,2349,2236,0,-161,-46,0,5000,5000,4900,4800,-42.63,59.15,-156.89000000000001,-6.202066268436305,27.55969732193259,57.468692953182874,-0.13367493525464624,0.7090975677703993,0.6923233717467364
,1319,0,-0.20317382812499996,0.049085505258344764,0.20317382812499996,-0.049085505258344764,1968,2427,2644,1822,1980,2428,2644,1825,-27,0,0,-15,5000,5000,5000,5000,-50.38,43.9,-183.55,10.001325505330279,1.523404846384068,65.40230304906777,0.32106588644577555,-0.005709133974190796,0.9470396519418041
,1320,0,0.746826171875,0.6824188385916778,-0.746826171875,-0.6824188385916778,2587,2840,2025,1409,2588,2841,2074,1450,0,0,-224,-156,5000,4900,4800,4800,-33.49,82.53,-207.72,-27.733567699292635,-24.14488489844493,48.70036793929052,-0.6578453169999546,-0.6564228499906489,0.36925408719658454
,1321,0,-0.796923828125,-0.3731367169638774,0.796923828125,0.3731367169638774,1580,2152,3032,2097,1639,2170,3033,2097,-277,-55,0,0,4800,5000,4700,4700,-35.6,20.12,-174.08,33.421925825189206,11.7397936188448,50.54570245851,0.8722173134350335,0.26851880961313657,0.4088209963151556
,1322,0,0.153076171875,0.260196616369456,-0.153076171875,-0.260196616369456,2200,2565,2412,1684,2200,2566,2421,1700,0,0,-31,-49,5000,5000,5000,5000,-49.95,58.050000000000004,-194.69,-3.737448357677401,-10.122800034347733,65.05733259068643,-0.08604254949899882,-0.3342355238359838,0.9385538313180537
,1323,0,-0.321923828125,0.8935299497027891,0.321923828125,-0.8935299497027891,1890,2977,2722,1272,1902,2978,2721,1338,-23,0,18,-326,5100,5100,5100,4700,-33.4,48.550000000000004,-220.4,6.681930082532119,-35.59059310135001,48.68709529197728,0.19541855865450186,-0.9231205554593824,0.33114955386012096
,1324,0,0.6280761718749999,-0.9126428898033836,-0.6280761718749999,0.9126428898033836,2509,1800,2103,2449,2509,1870,2137,2450,0,-346,-131,0,5000,4900,4900,4900,-28.810000000000002,72.24,-148.37,-19.593018478548444,35.50292561540846,43.593592118081986,-0.466732823269894,0.8493797285237881,0.24640322330555947
,1325,0,-0.5594238281249999,-0.2793095564700503,0.5594238281249999,0.2793095564700503,1735,2213,2877,2036,1774,2222,2877,2037,-149,-27,0,0,5000,4900,4900,5000,-42.92,28.75,-174.61,24.81772351682169,10.950907989558374,57.87274566164374,0.702376865083415,0.25269918503537403,0.6654396000224605
,1326,0,0.39057617187500004,0.3540237768632828,-0.39057617187500004,-0.3540237768632828,2355,2626,2257,1623,2355,2627,2280,1642,0,0,-82,-59,5000,5000,5000,4900,-46.480000000000004,69.85000000000001,-196.86,-15.451935602954109,-12.741949693883384,61.60760163868398,-0.3933406487085242,-0.4110314794998239,0.8223966542573866
,1327,0,-0.08442382812500004,-0.7015317786922726,0.08442382812500004,0.7015317786922726,2045,1938,2567,2311,2045,1992,2567,2311,0,-240,-11,0,5000,5000,4800,4900,-39.300000000000004,52.160000000000004,-151.83,0.6002765935468162,32.844789946737535,54.09993538766118,0.060591206400208805,0.8243076380295673,0.5628904188144288
,1328,0,0.8655761718749999,-0.06819844535893915,-0.8655761718749999,0.06819844535893915,2664,2351,1948,1898,2664,2352,2013,1897,0,0,-336,15,5100,5000,5000,4900,-34.22,90.45,-179.64000000000001,-36.661774736898735,3.6354786128945307,49.23349294478045,-0.9071460242819332,0.05055453876994164,0.4177682721787765
,1329,0,-0.8562988281249999,0.565134887974394,0.8562988281249999,-0.565134887974394,1542,2763,3070,1486,1602,2763,3071,1517,-275,0,1,-111,4800,4900,4800,4800,-32.410000000000004,21.76,-203.46,32.84293016345312,-17.70226149675335,47.56572685562824,0.8330297035923172,-0.4713878481797114,0.28957729455431575
,1330,0,0.09370117187500004,-0.49042066758116143,-0.09370117187500004,0.49042066758116143,2161,2075,2451,2174,2162,2109,2453,2175,0,-128,-23,0,4900,5000,4900,5000,-45.22,51.660000000000004,-160.25,1.4046938023919466,24.490763691670935,60.079563995172805,0.07555901249449136,0.6318670961980452,0.7713849936141535
,1331,0,-0.38129882812499993,0.1429126657521722,0.38129882812499993,-0.1429126657521722,1851,2488,2761,1761,1875,2489,2761,1767,-68,-10,0,-23,5000,4900,5000,5000,-47.730000000000004,36.01,-187.19,18.01718209052585,-1.84828132677805,62.775141928145786,0.5400731635153508,-0.0910085073936481,0.8366829923169836
,1332,0,0.5687011718749999,0.7762459990855053,-0.5687011718749999,-0.7762459990855053,2471,2901,2141,1348,2472,2902,2175,1399,0,-1,-131,-219,5000,5000,4900,4800,-34.660000000000004,74.28,-213.58,-19.27727496538006,-29.694826751635475,49.908779551524205,-0.4441121141782537,-0.8009647751246523,0.4015219284791764
,1333,0,-0.618798828125,-0.8422725194330132,0.618798828125,0.8422725194330132,1697,1846,2915,2403,1734,1911,2915,2404,-136,-306,-11,0,4900,5000,4600,4900,-30.650000000000002,31.19,-152.49,21.5791985785134,32.880348909616345,45.44646395078426,0.591922560345025,0.759826409791961,0.26887080454606627
,1334,0,0.3312011718750001,-0.20893918609967987,-0.3312011718750001,0.20893918609967987,2316,2259,2296,1990,2316,2266,2319,1991,0,-23,-80,0,5000,5000,5000,5000,-48.370000000000005,66.85,-173.9,-13.282299269616765,10.32426095969845,63.33279851604336,-0.34953063439034554,0.23357912767659253,0.9073417915738947
,1335,0,-0.143798828125,0.42439414723365365,0.143798828125,-0.42439414723365365,2006,2672,2606,1577,2011,2673,2606,1605,-11,0,0,-100,5000,5000,5000,4900,-47.31,50.95,-202.63,3.644121244097363,-17.820015468351357,62.47111821892775,0.12457910429328993,-0.543025915009786,0.8304233272260996
,1336,0,0.806201171875,-0.6311614083219022,-0.806201171875,0.6311614083219022,2626,1984,1986,2265,2626,2024,2039,2265,0,-150,-244,0,5000,4800,4800,5000,-32.4,83.78,-160.33,-30.693322813596254,23.160147309999587,47.27331593555079,-0.7532287519297336,0.5475213409109879,0.3645090239121786
,1337,0,-0.737548828125,0.002171925011431153,0.737548828125,-0.002171925011431153,1619,2396,2993,1853,1674,2397,2993,1854,-252,0,0,0,5000,4900,4900,5000,-38.53,21.1,-183.56,32.78513793764438,2.251742763079136,53.543550377381194,0.8683890113512814,0.018299129290439684,0.49554582717600965
,1338,0,0.21245117187499996,0.6355052583447645,-0.21245117187499996,-0.6355052583447645,2238,2809,2374,1440,2238,2809,2383,1485,0,-5,-30,-187,5000,5000,4800,4800,-42.230000000000004,58.4,-211.25,-3.4906349869910827,-26.739290420514095,57.45563341178628,-0.05926340360814552,-0.7605155867410257,0.6466095354359777
,1339,0,-0.262548828125,-0.420050297210791,0.262548828125,0.420050297210791,1929,2121,2683,2128,1943,2151,2683,2130,-32,-104,0,-16,5000,5000,5000,5000,-46.19,42.5,-165.54,10.749792442260947,19.541851565151802,61.08355611422082,0.3362093307470755,0.5020235145042852,0.7968285115401995
,1340,0,0.687451171875,0.2132830361225424,-0.687451171875,-0.2132830361225424,2548,2534,2064,1715,2548,2534,2113,1722,0,0,-218,-23,5000,4900,4900,4900,-40.76,84.14,-187.09,-30.08606396699679,-3.535096670712875,55.823870625362495,-0.7663109725865862,-0.12231357614144871,0.6307193372530214
,1341,0,-0.500048828125,0.8466163694558755,0.500048828125,-0.8466163694558755,1774,2947,2838,1302,1803,2948,2837,1363,-91,0,17,-294,5000,5000,5100,5000,-33.82,40.71,-217.48000000000002,14.411492448732815,-32.386625363075666,49.083146247172365,0.38671471419507436,-0.8547180877033208,0.3462783856636158
,1342,0,0.449951171875,-0.7719021490626429,-0.449951171875,0.7719021490626429,2393,1892,2219,2357,2394,1951,2240,2357,0,-275,-71,0,5000,4900,4900,4800,-35.96,66.57000000000001,-151.17000000000002,-13.824632724973604,32.96045607126996,50.76108640933069,-0.336519203733098,0.819006901440031,0.46473919666027824
,1343,0,-0.025048828124999978,-0.13856881572930957,0.025048828124999978,0.13856881572930957,2084,2305,2528,1944,2087,2311,2530,1945,-7,-21,-22,0,5000,5000,5000,5000,-50.83,53.27,-175.69,0.353809389685388,9.043127507495996,65.80005158562341,0.054226619636508655,0.20148834883791875,0.9779887110827846
,1344,0,0.9249511718749999,0.49476451760402385,-0.9249511718749999,-0.49476451760402385,2703,2718,1909,1531,2703,2719,1978,1556,0,0,-361,-85,4800,5100,5000,4700,-31.71,90.31,-197.3,-35.884834680369124,-14.025418649498846,46.849300830930275,-0.8650127390171642,-0.39533035162310803,0.3089771422347829
,1345,0,-0.9305175781249999,-0.5607910379515317,0.9305175781249999,0.5607910379515317,1493,2029,3119,2220,1563,2059,3120,2221,-355,-105,0,0,5000,4900,4600,5000,-29.17,17.38,-167.59,35.92498285337677,18.27842114543924,44.06853829646328,0.8881890320337879,0.41663216638290834,0.19374695174367904
,1346,0,0.019482421875000044,0.07254229538180135,-0.019482421875000044,-0.07254229538180135,2113,2442,2499,1807,2114,2443,2501,1812,0,-13,-20,-20,5000,5000,5000,5000,-51.480000000000004,52.34,-186.12,1.6597389483784397,-1.3416114923219027,66.5239603460299,0.05983924498867734,-0.08434533785233389,0.9946381898669288
,1347,0,-0.455517578125,0.7058756287151347,0.455517578125,-0.7058756287151347,1803,2855,2809,1394,1826,2856,2808,1440,-67,0,17,-196,5000,5000,5100,4800,-37.94,39.39,-213.04,15.570971297676792,-27.87260266359675,53.170884970163485,0.42228239762373293,-0.7611652798507613,0.4922448510719672
,1348,0,0.4944824218749999,-0.3496799268404206,-0.4944824218749999,0.3496799268404206,2422,2167,2190,2082,2423,2187,2221,2082,0,-60,-121,-4,5000,5000,5000,4900,-44.47,73.63,-169.78,-20.20713926087157,14.16895972230347,59.40626282661666,-0.5318547876549193,0.3475342958106455,0.7722372679973035
,1349,0,-0.693017578125,0.2836534064929126,0.693017578125,-0.2836534064929126,1648,2580,2964,1669,1697,2581,2964,1680,-215,0,0,-31,5000,4800,5100,4700,-39.96,24.27,-192.77,29.949817698857007,-7.056228619747003,55.040389674036746,0.8074458225415355,-0.2215282928329135,0.5467691095286543
,1350,0,0.2569824218750001,0.9169867398262459,-0.2569824218750001,-0.9169867398262459,2268,2993,2344,1256,2268,2994,2354,1326,0,-4,-30,-359,5000,4900,5100,4700,-32.61,58.39,-220.70000000000002,-3.1409438618910954,-36.251154407275834,47.90319081241035,-0.04190898265597628,-0.9492924290723167,0.3115887053131452
,1351,0,-0.218017578125,-0.8891860996799268,0.218017578125,0.8891860996799268,1958,1815,2654,2434,1963,1888,2655,2435,-6,-366,-20,-3,5000,4700,5100,5000,-32.56,48.050000000000004,-146.26,4.505601615772925,38.51127272928113,47.318784353661755,0.16670734650258345,0.9235868475956419,0.3452477307244928
,1352,0,0.731982421875,-0.2558527663465935,-0.731982421875,0.2558527663465935,2577,2228,2035,2021,2578,2233,2089,2022,0,-17,-262,0,5000,4800,5000,4700,-39.54,84.59,-175.4,-30.957864003127668,8.122046819772635,54.5208087161527,-0.7954677913470157,0.17696732329557766,0.5795805029632202
,1353,0,-0.811767578125,0.3774805669867398,0.811767578125,-0.3774805669867398,1571,2641,3041,1608,1631,2642,3042,1626,-282,0,0,-55,4900,5100,5100,5000,-35.94,20.97,-195.62,33.34995623313464,-9.813876857875698,51.039473011262324,0.8670209138055889,-0.2887159558836427,0.40610076562586767
,1354,0,0.13823242187499996,-0.6780749885688158,-0.13823242187499996,0.6780749885688158,2190,1953,2422,2296,2190,2004,2426,2296,0,-220,-23,0,5000,4800,4900,5000,-40.01,51.84,-152.75,0.9533744552663492,31.942026241506028,54.81634280845314,0.0663321955139306,0.8039310423487951,0.5910117756748011
,1355,0,-0.336767578125,-0.04474165523548235,0.336767578125,0.04474165523548235,1880,2366,2732,1883,1900,2367,2732,1883,-53,0,-1,0,5000,5000,5000,4900,-48.17,37.0,-180.26,16.77777039619875,5.044436740093062,63.16616149619001,0.5050709349258228,0.09394855061395667,0.8579493111662789
,1356,0,0.613232421875,0.5885916780978508,-0.613232421875,-0.5885916780978508,2500,2779,2112,1470,2500,2779,2150,1505,0,0,-151,-136,4900,4900,5100,4800,-38.4,78.27,-205.41,-23.55901494152451,-21.647679425220673,53.592082781460846,-0.5777204647606303,-0.6129795430657979,0.5389760146607703
,1357,0,-0.574267578125,-0.46696387745770457,0.574267578125,0.46696387745770457,1726,2091,2886,2158,1762,2118,2886,2159,-132,-93,0,0,5000,4900,5000,5000,-40.5,29.14,-166.68,24.141419952924455,18.844202250598016,55.3964744329415,0.6747030814818246,0.4547864688670885,0.5813303876233682
,1358,0,0.375732421875,0.1663694558756288,-0.375732421875,-0.1663694558756288,2345,2503,2267,1746,2345,2503,2292,1751,0,0,-91,-21,5000,5000,5000,5000,-48.33,70.26,-187.95000000000002,-16.182986472436617,-3.839581655183082,63.39424875822261,-0.42351913565515753,-0.154477250924295,0.8926187991974965
,1359,0,-0.09926757812499998,0.7997027892089619,0.09926757812499998,-0.7997027892089619,2035,2916,2577,1333,2035,2917,2577,1393,0,0,0,-286,5000,4700,4800,4800,-36.93,56.85,-218.05,-1.696974571053893,-33.516553478760926,52.20358735794945,-0.01650934405758954,-0.8886135846780231,0.45835939903580175
,1360,0,0.8507324218749999,-0.8188157293095565,-0.8507324218749999,0.8188157293095565,2655,1861,1957,2388,2655,1921,2011,2389,0,-279,-261,0,5100,4900,4800,4400,-28.23,81.84,-154.70000000000002,-28.95838225707125,28.826605851557133,43.06254060764097,-0.7142259430678458,0.6748099440111744,0.18577632172179911
,1361,0,-0.871142578125,-0.18548239597622307,0.871142578125,0.18548239597622307,1532,2274,3080,1975,1599,2276,3081,1976,-331,-15,0,0,5100,5000,5100,5000,-33.96,16.87,-182.46,36.97202738435474,3.4710614059765987,48.964137881426275,0.9395461105312946,0.04922323619274497,0.3388660195478882
,1362,0,0.078857421875,0.44785093735711023,-0.078857421875,-0.44785093735711023,2151,2687,2461,1562,2152,2687,2463,1592,0,0,-21,-105,5000,5000,5000,5000,-46.86,52.910000000000004,-203.99,1.7344195029883451,-19.253041909439133,62.03160203134364,0.0676857766410604,-0.5773267502208821,0.8137029305095879
,1363,0,-0.396142578125,-0.6077046181984453,0.396142578125,0.6077046181984453,1842,1999,2770,2250,1863,2045,2771,2250,-55,-188,-7,0,4900,5000,4800,4800,-40.69,37.69,-158.52,15.30250472903339,26.691461281735826,55.53176435530207,0.450358349946123,0.663389004313567,0.5975720756441517
,1364,0,0.5538574218749999,0.02562871513488807,-0.5538574218749999,-0.02562871513488807,2461,2412,2151,1837,2462,2413,2194,1838,0,0,-183,0,5000,4900,4900,5000,-44.83,78.10000000000001,-180.32,-24.2937626197389,3.477338611997709,59.843123853059176,-0.6440382833485412,0.04343776118383088,0.7637590264506213
,1365,0,-0.6336425781249999,0.658962048468221,0.6336425781249999,-0.658962048468221,1687,2825,2925,1424,1728,2826,2925,1465,-159,0,0,-162,4900,5000,4900,5000,-36.44,31.82,-209.64000000000001,23.013110945284748,-24.212400085527634,51.64367360529035,0.6117672991764457,-0.6614309453476147,0.43387772032557415
,1366,0,0.31635742187500004,-0.3965935070873342,-0.31635742187500004,0.3965935070873342,2306,2136,2306,2113,2306,2161,2323,2114,0,-81,-56,0,4900,5000,5000,5000,-46.26,64.34,-165.69,-11.07055387498837,18.60423902485647,61.16336413126881,-0.27595573335910933,0.47973464197981275,0.8328884118000065
,1367,0,-0.15864257812500004,0.23673982624599899,0.15864257812500004,-0.23673982624599899,1997,2549,2615,1700,2004,2549,2615,1714,-16,0,0,-40,4900,5000,5000,4900,-50.02,48.08,-193.78,6.193221710117065,-8.853095847242514,65.11685806303781,0.20873655452661438,-0.29437367759523253,0.9326163137879456
,1368,0,0.7913574218749999,0.8700731595793323,-0.7913574218749999,-0.8700731595793323,2616,2962,1996,1287,2617,2963,2042,1345,0,0,-197,-269,4900,5000,5000,4700,-28.11,82.11,-213.97,-27.08903322494777,-30.41387303078153,43.36485830027722,-0.6097392241585373,-0.7736746044256401,0.17217922345444173
,1369,0,-0.7523925781249999,-0.7484453589391861,0.7523925781249999,0.7484453589391861,1610,1907,3002,2342,1656,1960,3002,2342,-185,-230,0,0,4900,5100,4800,5000,-30.43,24.810000000000002,-157.96,28.152435107293837,27.642738869837842,45.26288125029821,0.7343382714488537,0.6311089720650945,0.249897515922926
,1370,0,0.1976074218749999,-0.11511202560585276,-0.1976074218749999,0.11511202560585276,2229,2320,2383,1929,2229,2323,2397,1929,0,-17,-45,17,5000,5000,5000,5000,-50.46,60.980000000000004,-177.8,-7.27506529182655,6.653659866722194,65.44817733609526,-0.18743954148099398,0.13335757878448048,0.9731814704720471
,1371,0,-0.27739257812499996,0.5182213077274804,0.27739257812499996,-0.5182213077274804,1919,2733,2693,1516,1932,2734,2693,1549,-28,0,0,-123,4900,5000,4900,4900,-44.61,45.51,-206.45000000000002,9.218063593832838,-21.460357832760934,59.7962211832065,0.2729412836182435,-0.6264364627550298,0.7301235606579143
,1372,0,0.672607421875,-0.5373342478280749,-0.672607421875,0.5373342478280749,2538,2045,2074,2204,2538,2078,2117,2205,0,-115,-182,0,5100,4900,5100,4800,-37.94,79.0,-163.54,-25.799789382662397,20.16435035691603,52.834128032378715,-0.6704106011446747,0.5094059109877369,0.5394953602428749
,1373,0,-0.514892578125,0.09599908550525837,0.514892578125,-0.09599908550525837,1764,2458,2848,1791,1800,2458,2848,1792,-132,0,0,-17,5000,4800,5000,4900,-45.03,30.09,-185.15,23.859310854306212,0.384732884139936,60.05830938983057,0.6798823505299368,-0.028512020043604862,0.7327667119560776
,1374,0,0.43510742187499996,0.7293324188385915,-0.43510742187499996,-0.7293324188385915,2384,2870,2228,1379,2385,2871,2250,1426,0,0,-77,-207,5000,5000,5000,4800,-37.74,68.62,-213.26,-13.632072188105766,-29.148801537846253,52.98415628769182,-0.3144214526898187,-0.8055602336918625,0.5022069891814886
,1375,0,-0.03989257812500002,-0.3262231367169638,0.03989257812500002,0.3262231367169638,2074,2182,2538,2067,2075,2206,2540,2068,0,-75,-22,-10,4900,5000,5000,4900,-48.74,52.43,-168.0,0.9154137221503618,16.743329343079722,63.65498928698749,0.06781267740130552,0.4395827818601755,0.8956385535894131
,1376,0,0.910107421875,0.3071101966163696,-0.910107421875,-0.3071101966163696,2693,2595,1919,1654,2693,2596,1989,1664,0,0,-370,-32,5000,5000,5000,5000,-32.9,91.63,-189.41,-37.48857280314115,-6.179910314294119,47.98359488266498,-0.9119128548537405,-0.1777085432965884,0.3699116364645822
,1377,0,-0.9008300781249999,0.9404435299497027,0.9008300781249999,-0.9404435299497027,1513,3008,3099,1241,1574,3008,3099,1305,-280,0,19,-317,5000,4700,4800,4800,-23.490000000000002,26.91,-216.55,28.16745925105966,-31.032894436798273,38.74126102674364,0.6684250912675761,-0.7437769670785718,-0.0019288875896389882
,1378,0,0.04916992187500002,-0.9282807498856881,-0.04916992187500002,0.9282807498856881,2132,1790,2480,2459,2133,1864,2479,2460,0,-375,21,0,4800,5000,4900,4600,-30.71,50.4,-144.49,2.092985062424745,40.18206571628659,45.45716351120116,0.09350302511039922,0.9525416560644129,0.2896922121101451
,1379,0,-0.42583007812499996,-0.2949474165523547,0.42583007812499996,0.2949474165523547,1822,2203,2790,2046,1847,2212,2790,2047,-79,-26,0,0,5000,5000,5000,5000,-45.18,34.07,-171.59,19.3925139476664,13.792984109379859,60.11330462312776,0.571112811912137,0.3232070805466261,0.7545643373194488
,1380,0,0.524169921875,0.3383859167809784,-0.524169921875,-0.3383859167809784,2442,2616,2170,1633,2443,2617,2205,1649,0,0,-138,-49,5000,5000,4900,4800,-44.21,76.19,-194.81,-21.86211832782888,-10.938342737539642,59.3255938865619,-0.5605783873428358,-0.35954726534256115,0.7459742861713076
,1381,0,-0.663330078125,-0.7171696387745771,0.663330078125,0.7171696387745771,1668,1927,2944,2322,1710,1972,2944,2322,-168,-186,0,0,4900,5100,5100,5000,-33.07,28.36,-156.92000000000002,24.56758933343409,28.572745873866637,47.89682653258811,0.6592831285780489,0.6714883107607418,0.3383034213306526
,1382,0,0.28666992187499996,-0.08383630544124365,-0.28666992187499996,0.08383630544124365,2287,2340,2325,1909,2287,2341,2345,1909,0,0,-68,2,5000,5000,5000,4900,-49.64,65.92,-179.35,-12.15602074696298,4.920573474477408,64.6412167410289,-0.3221033178270782,0.08052990403402413,0.943273230406259
,1383,0,-0.18833007812500002,0.5494970278920894,0.18833007812500002,-0.5494970278920894,1977,2753,2635,1496,1984,2753,2635,1533,-12,0,0,-141,5000,5000,5000,5000,-44.36,50.370000000000005,-208.16,4.422912225226554,-23.346382735953597,59.56035381223212,0.1450242195591988,-0.6773852799351753,0.7211914851607643
,1384,0,0.761669921875,-0.5060585276634659,-0.761669921875,0.5060585276634659,2597,2065,2015,2184,2598,2094,2065,2185,0,-102,-229,0,5000,5100,4900,5000,-36.2,83.57000000000001,-165.39000000000001,-30.30028967545566,18.138257886003345,51.10917979724845,-0.7643577698108908,0.4362103455735923,0.4748449580065987
,1385,0,-0.7820800781249999,0.12727480566986737,0.7820800781249999,-0.12727480566986737,1590,2478,3022,1771,1649,2479,3023,1772,-276,-9,0,-16,5100,5000,4900,4700,-37.15,19.740000000000002,-185.42000000000002,34.21118631837529,0.4322408508715512,52.17629077975982,0.893964285699403,-0.02756639542980782,0.44728955916381874
,1386,0,0.16791992187500004,0.7606081390032007,-0.16791992187500004,-0.7606081390032007,2209,2891,2403,1358,2209,2893,2408,1412,0,-9,-23,-249,5000,4800,4900,5000,-38.2,55.17,-216.39000000000001,-0.07780092005007333,-31.787986151750772,53.46105770904642,0.029687062503888674,-0.8674408911939779,0.4966537814257392
,1387,0,-0.30708007812499993,-0.8579103795153178,0.30708007812499993,0.8579103795153178,1900,1836,2712,2413,1911,1905,2712,2414,-19,-334,0,-4,5100,5000,4800,4800,-33.71,44.18,-148.02,8.436766872965777,36.90033704191836,48.47974341057158,0.2677546152857292,0.887806168878264,0.3743095944467496
,1388,0,0.6429199218749999,-0.22457704618198437,-0.6429199218749999,0.22457704618198437,2519,2249,2093,2000,2519,2253,2139,2001,0,-16,-207,0,4900,4800,5000,4900,-41.89,81.47,-175.88,-27.822236760260935,7.771736795876052,56.87291940252561,-0.723949675668989,0.1597597559071658,0.6710988656608265
,1389,0,-0.544580078125,0.4087562871513488,0.544580078125,-0.4087562871513488,1745,2661,2867,1588,1780,2662,2867,1609,-125,0,0,-71,5000,4900,5000,5000,-42.76,32.03,-199.63,22.442866930749975,-14.171672972014875,57.89229111605684,0.6260560717042765,-0.42506996162145744,0.6537349025479229
,1390,0,0.4054199218750001,-0.6467992684042068,-0.4054199218750001,0.6467992684042068,2364,1973,2248,2276,2364,2018,2269,2276,0,-184,-74,0,5000,4900,5100,4800,-40.04,65.41,-155.05,-12.524767458173741,29.15405102195399,54.86815724980925,-0.2998210060146915,0.7398470977412601,0.602273722086704
,1391,0,-0.069580078125,-0.013465935070873236,0.069580078125,0.013465935070873236,2055,2386,2557,1863,2060,2387,2558,1863,-10,0,0,0,5000,5000,5000,5000,-51.410000000000004,50.46,-181.32,3.3652610231083457,3.5224897993550996,66.41901713798237,0.13821715187817002,0.046000291800473526,0.9893331047129466
,1392,0,0.880419921875,0.6198673982624596,-0.880419921875,-0.6198673982624596,2674,2799,1938,1450,2674,2799,2000,1486,0,0,-309,-136,4700,5000,5000,4700,-31.19,88.04,-203.24,-33.401999770779796,-19.883181877167914,46.3707187791434,-0.7909808374358233,-0.5380274271210547,0.2913345198819074
,1393,0,-0.841455078125,-0.4356881572930954,0.841455078125,0.4356881572930954,1551,2111,3061,2138,1616,2133,3062,2139,-317,-73,0,0,5100,4700,5000,5000,-33.81,19.32,-171.69,34.13488824230096,14.144279531627461,48.738402791322535,0.8778475683410782,0.3305994585962778,0.34653664269959106
,1394,0,0.10854492187500009,0.1976451760402378,-0.10854492187500009,-0.1976451760402378,2171,2524,2441,1725,2172,2524,2447,1736,0,0,-27,-34,5000,5000,5000,5000,-50.72,56.2,-191.9,-1.9892412037917069,-7.262428899440863,65.80669813412602,-0.04103242505533295,-0.25164475773496064,0.966949458864625
,1395,0,-0.366455078125,0.8309785093735709,0.366455078125,-0.8309785093735709,1861,2937,2751,1312,1877,2938,2750,1372,-35,0,17,-286,5100,4900,5100,4800,-35.06,45.4,-218.12,9.747824458300414,-33.186610676867474,50.3295508254428,0.26552078109349303,-0.8792736634284255,0.39544473647863404
,1396,0,0.583544921875,-0.7875400091449474,-0.583544921875,0.7875400091449474,2480,1882,2132,2367,2481,1941,2164,2367,0,-274,-122,0,4800,5100,5100,4900,-33.81,72.27,-152.16,-19.48549472194084,31.75007470645903,48.62047472034776,-0.47638715810366,0.7837025725831158,0.3985794190879959
,1397,0,-0.603955078125,-0.15420667581161396,0.603955078125,0.15420667581161396,1706,2294,2906,1955,1750,2296,2906,1956,-179,-16,0,0,5000,5000,5100,4800,-42.53,26.34,-181.05,27.458531931282998,4.599463198169275,57.527665989616246,0.7615267601240924,0.08461334890478914,0.6425866282471334
,1398,0,0.3460449218749999,0.47912665752171923,-0.3460449218749999,-0.47912665752171923,2326,2707,2286,1542,2326,2708,2307,1571,0,0,-70,-100,5000,4900,4800,5000,-45.03,66.32000000000001,-203.24,-11.694173917589339,-19.000575144697734,60.20167326838073,-0.28695386640627063,-0.577480272536228,0.7643127719631378
,1399,0,-0.12895507812499996,-0.5764288980338363,0.12895507812499996,0.5764288980338363,2016,2019,2596,2230,2018,2063,2596,2231,-7,-178,0,0,4800,5000,5000,5000,-43.17,50.07,-157.03,2.8771477419665956,27.751344492081046,58.006042295303715,0.11961197990487356,0.7074147959101603,0.6966041062114278
,1400,0,0.821044921875,0.05690443529949696,-0.821044921875,-0.05690443529949696,2635,2432,1977,1817,2635,2432,2038,1818,0,0,-305,0,5100,5000,5000,4900,-36.300000000000004,88.76,-180.37,-34.94623128352448,2.981802632479372,51.31796371027778,-0.8796067448369179,0.03587422814911314,0.47434693441837084
,1401,0,-0.722705078125,0.6902377686328303,0.722705078125,-0.6902377686328303,1629,2845,2983,1404,1677,2846,2983,1444,-206,0,0,-161,4900,5000,5000,4800,-33.78,28.89,-210.06,25.95598059982753,-24.545345471330563,48.9855604462161,0.6764535557593284,-0.6526474486965982,0.3412651382874937
,1402,0,0.227294921875,-0.3653177869227251,-0.227294921875,0.3653177869227251,2248,2157,2364,2092,2248,2181,2376,2093,0,-77,-35,-6,4900,5000,5000,5000,-47.6,60.02,-166.65,-6.718528502291242,17.810357773541227,62.50843948760041,-0.15319282773059908,0.46511950318426665,0.8718920835112132
,1403,0,-0.24770507812499998,0.2680155464106082,0.24770507812499998,-0.2680155464106082,1939,2570,2673,1679,1953,2571,2673,1694,-31,0,0,-43,5000,5000,5000,5000,-49.01,44.03,-194.87,10.279779223708658,-9.8033966300151,64.11302734505298,0.3282529762903772,-0.31925621580773567,0.8890025040598216
,1404,0,0.7022949218749999,0.9013488797439413,-0.7022949218749999,-0.9013488797439413,2558,2983,2054,1266,2558,2984,2097,1328,0,0,-183,-296,5100,4700,4700,5000,-28.91,78.49,-216.06,-23.39584463257529,-32.36610455858033,44.17827706268581,-0.5177067165994291,-0.830646693642479,0.20495322863681853
,1405,0,-0.48520507812499997,-0.9048239597622313,0.48520507812499997,0.9048239597622313,1784,1805,2828,2444,1808,1876,2829,2445,-71,-351,-22,0,4700,4700,4700,5000,-30.580000000000002,37.57,-148.42000000000002,15.056449825060099,36.716838005899746,45.35002685510973,0.4384630484045084,0.855657397553001,0.27495558404340686
,1406,0,0.46479492187500004,-0.271490626428898,-0.46479492187500004,0.271490626428898,2403,2218,2209,2031,2404,2227,2240,2032,0,-26,-122,0,5000,4900,5000,5000,-45.660000000000004,72.83,-171.91,-19.33061388323509,12.077762430754888,60.61108528249103,-0.5117134475215662,0.2789714506155283,0.8126033948778832
,1407,0,-0.010205078125000044,0.3618427069044352,0.010205078125000044,-0.3618427069044352,2093,2631,2519,1618,2094,2632,2520,1641,0,0,0,-74,5000,5000,4900,5000,-48.57,56.370000000000005,-200.0,-1.8670900587491133,-15.378417631644595,63.71452080022078,-0.02053736433320721,-0.4822371914074249,0.8757999245773678
,1408,0,0.9397949218749999,-0.6937128486511203,-0.9397949218749999,0.6937128486511203,2713,1943,1899,2306,2713,1986,1961,2306,0,-164,-314,0,5000,5000,4900,5000,-27.78,87.17,-160.43,-34.078164952651264,22.904913079831857,42.655502688847534,-0.8246695478567769,0.5322095644502501,0.1915022619850061
,1409,0,-0.9379394531249999,-0.06037951531778685,0.9379394531249999,0.06037951531778685,1489,2356,3123,1893,1563,2357,3124,1893,-387,0,10,0,5000,4800,4800,5000,-31.67,14.92,-184.0,38.9760117931924,1.9861449310670594,46.684385800238985,0.9661613873338624,0.0028649268495568874,0.25792240270913463
,1410,0,0.012060546875000022,0.5729538180155462,-0.012060546875000022,-0.5729538180155462,2108,2769,2504,1480,2109,2769,2504,1519,0,0,19,-150,5000,5000,4900,4900,-43.68,51.660000000000004,-209.52,3.1827410829363103,-24.75686928485277,58.89057531660459,0.11222140002325315,-0.7140339893294405,0.6910584775973048
,1411,0,-0.46293945312499996,-0.4826017375400092,0.46293945312499996,0.4826017375400092,1798,2080,2814,2169,1824,2112,2814,2170,-81,-118,0,0,5000,4900,5000,4800,-42.4,33.6,-164.9,19.620353057841264,20.475587498466723,57.28553142075822,0.5686584583180814,0.5031302715319357,0.6507591625567049
,1412,0,0.487060546875,0.1507315957933244,-0.487060546875,-0.1507315957933244,2418,2493,2194,1756,2419,2493,2228,1760,0,0,-138,-19,5000,5000,5000,4900,-46.26,75.46000000000001,-185.73,-21.460019076834953,-1.8235201192103148,61.31056865434673,-0.564337650390805,-0.09772249083094875,0.819739794774647
,1413,0,-0.700439453125,0.7840649291266575,0.700439453125,-0.7840649291266575,1643,2906,2969,1343,1686,2907,2969,1394,-170,0,0,-229,4900,5000,5000,4700,-32.0,30.93,-213.71,24.04879230099148,-28.27919619800167,47.232422817927734,0.6163236009057397,-0.7358363994578171,0.2805174008854672
,1414,0,0.24956054687499996,-0.834453589391861,-0.24956054687499996,0.834453589391861,2263,1851,2349,2398,2263,1918,2357,2399,0,-321,-30,0,4900,5000,5100,4800,-34.74,56.370000000000005,-147.77,-3.754166644731157,36.717573599221396,49.512815281792044,-0.0564397482144655,0.9024253998880738,0.4271334129500262
,1415,0,-0.22543945312500002,-0.20112025605852757,0.22543945312500002,0.20112025605852757,1953,2264,2659,1985,1966,2271,2659,1986,-31,-21,0,5,5000,4900,5000,5000,-49.1,43.14,-174.05,10.41777064519858,11.035272146081127,64.05435871845403,0.3319001274393724,0.2516422300857306,0.9091306250716717
,1416,0,0.724560546875,0.43221307727480585,-0.724560546875,-0.43221307727480585,2572,2677,2040,1572,2573,2678,2090,1596,0,0,-234,-77,4800,5000,4900,4700,-38.480000000000004,84.0,-196.83,-29.59494201505521,-13.279714553087729,53.61325497473005,-0.7392109263774957,-0.39855631579038386,0.5428812664549405
,1417,0,-0.8191894531249999,-0.62334247828075,0.8191894531249999,0.62334247828075,1566,1989,3046,2260,1626,2026,3047,2260,-284,-139,0,0,4800,4800,4900,4900,-31.69,21.75,-163.24,31.401188711129933,22.485737435804424,46.55923622905182,0.805518726658195,0.5207686732385766,0.2827358660946516
,1418,0,0.13081054687500004,0.009990855052583458,-0.13081054687500004,-0.009990855052583458,2185,2402,2427,1847,2185,2403,2436,1849,0,-3,-33,-17,5000,5000,5000,5000,-51.27,58.300000000000004,-181.77,-4.45340930173122,2.7888473594578898,66.28536414753734,-0.10896147101840144,0.027705876559347416,0.9936597920000508
,1419,0,-0.34418945312499993,0.6433241883859167,0.34418945312499993,-0.6433241883859167,1876,2814,2736,1435,1892,2814,2735,1479,-37,0,19,-185,5000,5000,5000,5000,-41.03,43.800000000000004,-211.07,11.09318432034781,-26.04105294760683,56.24853820331373,0.312900608758661,-0.7333208549379882,0.6036006401185114
,1420,0,0.6058105468749999,-0.4122313671696387,-0.6058105468749999,0.4122313671696387,2495,2126,2117,2123,2495,2151,2155,2124,0,-80,-151,0,4800,5000,5000,5000,-41.300000000000004,78.22,-167.89000000000001,-24.862816024927042,15.869413188378871,56.224717309364685,-0.6451770371428206,0.38463802126182367,0.6601516366285854
,1421,0,-0.581689453125,0.2211019661636946,0.581689453125,-0.2211019661636946,1721,2539,2891,1710,1762,2539,2891,1718,-164,0,0,-24,4900,4900,4900,4900,-43.36,28.32,-190.51,25.821373692351216,-4.919671376859753,58.42582513096285,0.7226643613038971,-0.1721332110343343,0.6694224216145136
,1422,0,0.3683105468750001,0.8544352994970277,-0.3683105468750001,-0.8544352994970277,2340,2952,2272,1297,2340,2953,2289,1358,0,0,-57,-287,5000,5100,4900,4900,-34.74,64.36,-218.39000000000001,-9.190122970146334,-34.14298372353545,50.0190708856815,-0.1862891285754687,-0.9047625349562793,0.3830158167936148
,1423,0,-0.106689453125,-0.7640832190214906,0.106689453125,0.7640832190214906,2030,1897,2582,2352,2030,1959,2583,2352,0,-294,-6,0,4800,5000,5000,4700,-37.21,50.730000000000004,-149.92000000000002,1.9601099706972533,34.790197735259056,51.99581045725724,0.09107602124363108,0.8621670826263435,0.49837042447361296
,1424,0,0.843310546875,-0.13074988568815715,-0.843310546875,0.13074988568815715,2650,2310,1962,1939,2650,2311,2025,1939,0,0,-327,15,4900,4900,5000,5000,-35.7,89.88,-180.74,-36.052233129503904,2.5673519458702856,50.721062927015296,-0.8937576802743302,0.04573329606323858,0.44621258899972804
,1425,0,-0.878564453125,0.502583447645176,0.878564453125,-0.502583447645176,1527,2723,3085,1526,1592,2724,3086,1551,-320,0,0,-86,4900,4900,5100,4800,-32.730000000000004,20.39,-200.75,34.11427314705777,-14.942369541336717,47.8658658442081,0.8651107331609145,-0.4037364497722831,0.2976244252326378
,1426,0,0.07143554687500009,-0.5529721079103795,-0.07143554687500009,0.5529721079103795,2147,2035,2465,2214,2148,2076,2466,2215,0,-160,-21,0,5000,4900,4900,5000,-43.63,50.14,-157.78,2.834328297140104,27.002607157441986,58.471401187839746,0.11135414889586254,0.6920876602552626,0.7131724364037596
,1427,0,-0.403564453125,0.08036122542295376,0.403564453125,-0.08036122542295376,1837,2447,2775,1802,1864,2447,2775,1805,-82,0,0,-17,5000,5000,5000,5000,-47.31,34.63,-183.83,19.274952833997297,1.55625292483208,62.33066550978316,0.5710181195184795,0.0034754866743140836,0.8209300994444997
,1428,0,0.546435546875,0.7136945587562868,-0.546435546875,-0.7136945587562868,2456,2860,2156,1389,2457,2861,2190,1433,0,0,-131,-187,5000,4900,5000,4800,-37.1,73.67,-211.62,-18.73806467139414,-27.696733283886488,52.3345113489409,-0.4396340173236132,-0.7611602819205142,0.47681962631437863
,1429,0,-0.641064453125,-0.3418609967992683,0.641064453125,0.3418609967992683,1682,2172,2930,2077,1725,2191,2930,2077,-174,-58,0,-10,5000,5000,5000,5000,-40.61,25.650000000000002,-174.03,27.8944401232124,11.625917674043762,55.557432108405095,0.7684830544900756,0.2668040233927564,0.5815921320504955
,1430,0,0.3089355468749999,0.2914723365340648,-0.3089355468749999,-0.2914723365340648,2301,2585,2311,1664,2301,2586,2330,1679,0,0,-63,-42,5000,5000,5000,4900,-48.370000000000005,65.93,-194.94,-11.603516831198768,-10.668293352881733,63.48230757205724,-0.29568436390391745,-0.35341035782952124,0.887508803292421
,1431,0,-0.16606445312499996,0.9248056698673981,0.16606445312499996,-0.9248056698673981,1992,2998,2620,1251,1993,2999,2619,1322,-5,-3,17,-363,5100,4900,4700,5000,-32.18,55.58,-221.72,-0.29602201545164775,-37.17211733371789,47.47934299093333,0.02044882583906917,-0.9547792905659712,0.2966114492533014
,1432,0,0.783935546875,-0.8813671696387746,-0.783935546875,0.8813671696387746,2611,1820,2001,2429,2612,1887,2043,2430,0,-321,-175,0,5100,5000,5000,4700,-27.59,79.5,-150.69,-26.76472842628604,32.913777528513265,42.3930553174596,-0.6305529882907982,0.7558157352529321,0.17648088650506513
,1433,0,-0.759814453125,-0.24803383630544118,0.759814453125,0.24803383630544118,1605,2233,3007,2016,1660,2239,3007,2017,-249,-20,0,0,4800,4900,5000,4800,-37.660000000000004,20.87,-178.8,32.84306445388897,7.010615442723548,52.63957286789901,0.8696846730032427,0.14407574257580433,0.47211306902528527
,1434,0,0.190185546875,0.385299497027892,-0.190185546875,-0.385299497027892,2224,2646,2388,1603,2224,2647,2398,1627,0,0,-33,-76,5000,5000,5000,5000,-48.03,59.08,-200.34,-4.563130137154843,-15.81984429949307,63.17804117102489,-0.1008894389169561,-0.4916724880395915,0.8649158835516776
,1435,0,-0.284814453125,-0.6702560585276635,0.284814453125,0.6702560585276635,1914,1958,2698,2291,1927,2009,2698,2291,-24,-221,0,0,5000,5000,5000,5000,-40.03,43.53,-154.54,9.322568144291928,30.453291477529973,54.84576725583142,0.28651803993613506,0.7613491387990772,0.5815968549098754
,1436,0,0.6651855468749999,-0.03692272519433004,-0.6651855468749999,0.03692272519433004,2534,2371,2078,1878,2534,2372,2126,1878,0,0,-216,2,4900,5000,5000,5000,-41.63,82.96000000000001,-179.89000000000001,-29.16657300287659,3.708821998508995,56.64208739407364,-0.759527063723038,0.051670855484901725,0.6484202049332811
,1437,0,-0.5223144531249999,0.596410608139003,0.5223144531249999,-0.596410608139003,1760,2784,2852,1465,1791,2784,2852,1503,-109,0,0,-151,5000,5100,4800,4900,-40.12,35.89,-207.91,18.88384889284379,-22.604208568347985,55.312885366192496,0.5251271534426039,-0.6375507235082258,0.5637114045958316
,1438,0,0.42768554687500004,-0.45914494741655226,-0.42768554687500004,0.45914494741655226,2379,2096,2233,2153,2380,2126,2255,2154,0,-107,-78,0,5000,5000,4900,4900,-43.910000000000004,69.49,-163.96,-16.279973840146724,20.130439463502455,58.8031616298537,-0.4192073829745815,0.5159005463661868,0.7470688029349589
,1439,0,-0.047314453125000044,0.17418838591678099,0.047314453125000044,-0.17418838591678099,2069,2509,2543,1740,2072,2509,2544,1749,-9,0,0,-28,5000,5000,5000,5000,-50.99,53.65,-191.14000000000001,0.5317057805863357,-6.408986975689913,66.07025682728474,0.05148638880610918,-0.22868694033346354,0.9721375597561411
,1440,0,0.9026855468749999,0.8075217192501143,-0.9026855468749999,-0.8075217192501143,2688,2921,1924,1328,2688,2922,1987,1380,0,0,-307,-234,5100,5000,5000,4500,-26.39,87.03,-209.77,-32.15766099594954,-26.406549874334416,41.61695279973318,-0.7221116915419025,-0.6770738297899084,0.14186519640883796
,1441,0,-0.908251953125,-0.8109967992684042,0.908251953125,0.8109967992684042,1508,1866,3104,2383,1570,1921,3105,2384,-292,-249,0,0,4900,4900,4800,5100,-24.810000000000002,20.73,-157.75,32.22139440056898,27.959756513133357,39.6398953812506,0.7880778539544222,0.6114372786132329,0.07125833585368124
,1442,0,0.041748046875,-0.17766346593507076,-0.041748046875,0.17766346593507076,2127,2279,2485,1970,2128,2287,2487,1971,0,-25,-23,0,5000,5000,5000,5000,-50.38,51.870000000000005,-173.8,1.6846184877149923,10.979164652481842,65.33603938983902,0.06595171393911946,0.2550138080558132,0.9646856115488431
,1443,0,-0.433251953125,0.45566986739826243,0.433251953125,-0.45566986739826243,1818,2692,2794,1557,1841,2693,2793,1587,-66,0,18,-104,4900,4900,5000,4800,-44.11,37.04,-202.14000000000001,17.52691574285632,-16.851156688008217,59.262141813751164,0.5017400468734647,-0.4988438488407499,0.7066906960171192
,1444,0,0.5167480468749999,-0.5998856881572932,-0.5167480468749999,0.5998856881572932,2437,2004,2175,2245,2438,2044,2206,2245,0,-155,-120,0,5100,4900,5100,4900,-40.01,71.28,-158.03,-18.283392114406865,25.96400387070912,54.86173529851979,-0.4620206261278549,0.6551884758281705,0.5977164897962775
,1445,0,-0.6707519531249999,0.033447645176040264,0.6707519531249999,-0.033447645176040264,1663,2417,2949,1832,1711,2418,2949,1833,-207,0,0,0,5000,4900,5100,5000,-40.61,23.56,-182.93,30.304299800925538,2.807371177556007,55.61999426162832,0.8212287752138835,0.03344967687000439,0.5696177822698281
,1446,0,0.27924804687500004,0.6667809785093732,-0.27924804687500004,-0.6667809785093732,2282,2830,2330,1419,2282,2831,2343,1465,0,0,-40,-188,5100,4700,4900,5000,-40.87,61.49,-212.02,-6.551024954542058,-27.629989609608003,56.10238982652129,-0.13828109929078758,-0.7820635656573641,0.6076634898117709
,1447,0,-0.19575195312500004,-0.3887745770461819,0.19575195312500004,0.3887745770461819,1972,2142,2640,2107,1980,2170,2640,2108,-16,-95,0,-15,5000,5000,5000,4900,-47.27,45.53,-166.25,7.74754647923519,18.73068230981221,62.169799004502444,0.2537933659477915,0.484822812509256,0.8369801478359599
,1448,0,0.7542480468749999,0.24455875628715118,-0.7542480468749999,-0.24455875628715118,2592,2554,2020,1695,2593,2554,2075,1704,0,0,-270,-27,5100,4800,5000,5000,-39.2,85.89,-187.61,-31.81637866074294,-4.129030662568084,54.26831494525166,-0.8148590534206371,-0.14513748844696753,0.5611950039921321
,1449,0,-0.7895019531249999,0.8778920896204845,0.7895019531249999,-0.8778920896204845,1585,2967,3027,1282,1639,2968,3027,1340,-233,0,18,-277,5100,4800,4800,4700,-27.95,29.64,-216.13,25.424716476496805,-30.679891131002563,43.19924832357173,0.6282606847732362,-0.7645593430725447,0.1440052877110526
,1450,0,0.1604980468749999,-0.7406264288980338,-0.1604980468749999,0.7406264288980338,2205,1912,2407,2337,2205,1969,2411,2337,0,-261,-24,0,4800,5000,5100,5000,-38.08,52.95,-150.56,-0.2352202133210355,34.07671630219747,52.87123585545779,0.028228670303540666,0.8501564804658158,0.5257728605537476
,1451,0,-0.31450195312499996,-0.10729309556470046,0.31450195312499996,0.10729309556470046,1895,2325,2717,1924,1914,2327,2717,1925,-51,-16,-1,0,5000,5000,5000,5000,-48.65,38.480000000000004,-179.6,15.274982359151014,5.6540001983808565,63.64204016352705,0.4684800918012107,0.10248484380897657,0.8775096924680543
,1452,0,0.635498046875,0.5260402377686328,-0.635498046875,-0.5260402377686328,2514,2738,2098,1511,2514,2739,2139,1538,0,0,-168,-98,5000,5000,4800,5000,-39.15,79.7,-202.53,-25.09192187003238,-18.81588825125246,54.32212051717612,-0.6208037137037061,-0.5436718403229949,0.5648218118057181
,1453,0,-0.552001953125,-0.5295153177869227,0.552001953125,0.5295153177869227,1740,2050,2872,2199,1774,2080,2872,2200,-123,-109,0,0,5000,4900,5000,5000,-39.86,30.89,-163.24,22.268311227896533,22.21415021433171,54.732686495455916,0.6249238825315617,0.5403829640986016,0.5634326873315821
,1454,0,0.39799804687499996,0.10381801554641057,-0.39799804687499996,-0.10381801554641057,2359,2463,2253,1786,2359,2464,2279,1789,0,-7,-97,-18,5000,5000,5000,5000,-48.06,71.55,-184.33,-17.60283865624757,-0.2705146718105027,63.09898507212639,-0.46268747826449547,-0.05629076332918857,0.8847325287458687
,1455,0,-0.07700195312500002,0.7371513488797437,0.07700195312500002,-0.7371513488797437,2050,2876,2562,1373,2051,2877,2562,1426,0,0,0,-240,4800,5100,4900,5000,-38.94,57.08,-216.09,-1.9972784154465089,-31.55184320841886,54.199666302945225,-0.022313120614962156,-0.8498433998366643,0.5265627411833089
,1456,0,0.872998046875,-0.3184042066758115,-0.872998046875,0.3184042066758115,2669,2187,1943,2062,2669,2202,2006,2063,0,-41,-316,-16,5000,4900,4800,4900,-35.44,88.85000000000001,-175.84,-35.19979361507126,7.499353423597086,50.42575241596885,-0.8959357859627667,0.14923843414792728,0.4183622320482029
,1457,0,-0.848876953125,0.3149291266575218,0.848876953125,-0.3149291266575218,1547,2600,3065,1649,1613,2601,3066,1661,-321,0,0,-34,4900,5000,4800,5000,-35.160000000000004,19.25,-193.16,34.97993707638919,-7.299030619510603,50.24128077376308,0.8997098444928092,-0.2187372602724062,0.3777250411228339
,1458,0,0.10112304687499996,0.9482624599908549,-0.10112304687499996,-0.9482624599908549,2166,3013,2446,1236,2167,3013,2446,1311,0,0,0,-392,5000,4800,5100,4500,-31.86,54.04,-223.03,1.2902097809957525,-38.42793404769412,47.1680664758584,0.07005287622968452,-0.9619802278550941,0.26398226407811787
,1459,0,-0.373876953125,-0.948262459990855,0.373876953125,0.948262459990855,1856,1777,2756,2472,1870,1853,2756,2473,-27,-395,-8,0,5000,5000,4700,5000,-30.060000000000002,42.15,-145.94,10.389850732706492,39.026156098507016,44.814207054802495,0.31606158619002866,0.9133179619157222,0.2568177839970472
,1460,0,0.576123046875,-0.3149291266575217,-0.576123046875,0.3149291266575217,2476,2190,2136,2059,2477,2199,2176,2059,0,-26,-166,0,5000,5000,4900,4800,-42.980000000000004,77.55,-170.85,-24.086179329148877,12.947581292433824,57.92549178430511,-0.6315426238326738,0.3002479356765955,0.7148462012240712
,1461,0,-0.611376953125,0.3184042066758117,0.611376953125,-0.3184042066758117,1701,2603,2911,1646,1743,2604,2911,1661,-167,0,0,-42,5000,4800,4900,5000,-42.15,28.080000000000002,-194.68,26.211549297378763,-9.086818134102685,57.24546463482564,0.7224834429639679,-0.2894782357658065,0.6278694336092869
,1462,0,0.338623046875,-0.7371513488797439,-0.338623046875,0.7371513488797439,2321,1914,2291,2335,2321,1966,2309,2335,0,-227,-57,0,4900,5000,5000,5000,-37.71,60.52,-151.20000000000002,-7.777241783777399,33.16130622776629,52.5088341082202,-0.16887686278101097,0.8350073007123622,0.5236825498088498
,1463,0,-0.13637695312499998,-0.10381801554641068,0.13637695312499998,0.10381801554641068,2011,2327,2601,1922,2017,2329,2601,1923,-15,-16,0,0,5000,5000,5000,4900,-50.61,46.97,-177.93,6.730519933094371,7.030443762688151,65.5934921777931,0.23277601048966587,0.14061714502104958,0.9623108372384901
,1464,0,0.8136230468749999,0.5295153177869225,-0.8136230468749999,-0.5295153177869225,2630,2740,1982,1509,2630,2741,2036,1536,0,0,-256,-92,5000,5000,4800,4800,-34.39,86.72,-200.25,-32.19031854825775,-16.82474022177516,49.54880991307048,-0.7821637330293448,-0.4754571439485401,0.402691443914441
,1465,0,-0.730126953125,-0.5260402377686328,0.730126953125,0.5260402377686328,1624,2052,2988,2197,1674,2079,2988,2198,-219,-93,0,0,4900,5100,4900,5000,-35.74,23.94,-165.81,29.305951476590025,19.867328916256554,50.628316930605514,0.777270448773642,0.4726022547456641,0.415328494414404
,1466,0,0.2198730468750001,0.10729309556470068,-0.2198730468750001,-0.10729309556470068,2243,2465,2369,1784,2243,2465,2383,1788,0,0,-43,-19,5000,5000,5000,4900,-50.54,62.82,-186.13,-8.81320620220854,-1.7365369234256889,65.58825004007834,-0.22790979092066113,-0.0985657206804923,0.9686805076542193
,1467,0,-0.255126953125,0.7406264288980338,0.255126953125,-0.7406264288980338,1934,2878,2678,1371,1944,2879,2677,1422,-18,0,20,-227,4900,4900,5000,4800,-38.56,49.72,-215.51,5.336938355564627,-30.70932143026809,53.81259859677404,0.1606801729019967,-0.8399535019198674,0.5183242196239096
,1468,0,0.694873046875,-0.8778920896204847,-0.694873046875,0.8778920896204847,2553,1823,2059,2426,2553,1889,2098,2427,0,-305,-156,0,4900,5100,5000,4800,-29.11,75.58,-150.15,-22.866555155741295,33.60572872753261,43.90760102194861,-0.5467337651433751,0.7999112823648152,0.24743510340617636
,1469,0,-0.492626953125,-0.2445587562871514,0.492626953125,0.2445587562871514,1779,2236,2833,2013,1813,2243,2833,2014,-123,-25,0,0,5000,4900,5000,5000,-44.93,31.71,-175.5,21.892061439665472,9.969020827950317,59.890219084556485,0.6348615933911121,0.2279270947458646,0.7382411507885539
,1470,0,0.4573730468749999,0.3887745770461821,-0.4573730468749999,-0.3887745770461821,2398,2648,2214,1601,2399,2649,2241,1622,0,0,-102,-65,5000,5000,5000,4900,-44.99,72.88,-197.75,-18.44805216301657,-13.751329552598946,60.125192161063595,-0.46862113384481136,-0.4341062199901261,0.7693802848266174
,1471,0,-0.017626953124999956,-0.6667809785093736,0.017626953124999956,0.6667809785093736,2089,1960,2523,2289,2090,2013,2525,2289,0,-235,-21,0,5000,5000,5000,4700,-40.4,53.04,-153.23,-0.22846366002636387,31.421824705021578,55.21023242583414,0.029581648962798166,0.7957404711217536,0.6049148937359463
,1472,0,0.932373046875,-0.033447645176040264,-0.932373046875,0.033447645176040264,2708,2373,1904,1876,2708,2374,1980,1875,0,0,-415,16,5100,5100,5000,5100,-33.49,90.87,-178.65,-37.11733676192601,4.604443232458692,48.496627416080706,-0.9359370065801303,0.042993901876697466,0.3495331802779842
,1473,0,-0.923095703125,0.5998856881572929,0.923095703125,-0.5998856881572929,1498,2786,3114,1463,1565,2786,3114,1496,-334,0,17,-128,5000,4700,4900,5100,-30.05,20.26,-204.24,34.36976762428276,-18.44443242500384,45.210742846878475,0.8530181795906865,-0.4782943790448667,0.20879289322646147
,1474,0,0.026904296874999956,-0.4556698673982625,-0.026904296874999956,0.4556698673982625,2118,2098,2494,2151,2120,2131,2494,2153,-3,-121,0,-16,5000,5000,5000,4800,-46.050000000000004,50.11,-161.88,3.012632933127975,22.923727734671843,60.92053371003763,0.11923724757334657,0.5905697658910887,0.7981289560005183
,1475,0,-0.448095703125,0.17766346593507087,0.448095703125,-0.17766346593507087,1808,2511,2804,1738,1837,2511,2804,1745,-100,0,0,-25,5000,5000,5000,5000,-46.51,33.55,-188.54,20.52412955844765,-3.1172877590356336,61.56380503529995,0.6041052213913737,-0.12487977220928219,0.7870590346223321
,1476,0,0.501904296875,0.810996799268404,-0.501904296875,-0.810996799268404,2427,2924,2185,1325,2428,2925,2212,1381,0,0,-98,-259,5000,5000,4900,4800,-34.6,70.65,-215.39000000000001,-15.58432161038504,-31.373021509896233,49.860221635823386,-0.3538161584470023,-0.8468845274273363,0.3969895757145043
,1477,0,-0.685595703125,-0.8075217192501143,0.685595703125,0.8075217192501143,1653,1869,2959,2380,1694,1931,2960,2381,-163,-295,-21,-5,4700,4900,4900,5000,-30.68,27.88,-154.9,24.974028665121832,30.59165338600687,45.49230588865907,0.6642862911860554,0.7008148307523714,0.2599659522702923
,1478,0,0.264404296875,-0.17418838591678099,-0.264404296875,0.17418838591678099,2272,2281,2340,1968,2272,2287,2358,1969,0,-21,-59,0,5000,5000,5000,5000,-49.45,63.74,-175.31,-10.123281139645755,9.035160348534788,64.42157033273037,-0.2627439357481024,0.19884389522710982,0.944153975556163
,1479,0,-0.21059570312499998,0.4591449474165523,0.21059570312499998,-0.4591449474165523,1963,2694,2649,1555,1972,2695,2649,1586,-17,0,0,-108,5000,5000,5000,5000,-46.38,48.09,-203.89000000000001,6.5476012219863975,-18.982578038859003,61.548972738186166,0.20306734038453444,-0.5718389072520785,0.7948357814177093
,1480,0,0.7394042968749999,-0.5964106081390033,-0.7394042968749999,0.5964106081390033,2582,2006,2030,2243,2583,2044,2079,2243,0,-138,-223,0,5000,5100,4900,4800,-34.7,81.35000000000001,-160.95000000000002,-28.242200224724,22.644673046874715,49.57670134367858,-0.7066860496392774,0.5442150100073513,0.4521336640064872
,1481,0,-0.804345703125,0.03692272519433015,0.804345703125,-0.03692272519433015,1576,2419,3036,1830,1638,2420,3037,1831,-295,0,0,0,4900,5000,5100,5000,-36.52,19.09,-184.03,34.81050450635303,1.8402647067576368,51.5361450691479,0.9050131693869512,0.006362172508103885,0.42533596837930704
,1482,0,0.1456542968750001,0.6702560585276633,-0.1456542968750001,-0.6702560585276633,2195,2832,2417,1417,2195,2833,2422,1465,0,0,-23,-202,5000,4900,4800,5000,-41.11,54.59,-212.75,0.3708610217783317,-28.10876000613294,56.34482216394858,0.039141573381083136,-0.7975199786272525,0.6020214455678796
,1483,0,-0.329345703125,-0.3852994970278921,0.329345703125,0.3852994970278921,1885,2144,2727,2105,1901,2171,2727,2105,-37,-89,-1,0,5000,5000,5000,5000,-46.08,39.0,-168.07,14.338809806115677,17.139095785898576,60.990180382821386,0.43627423940714916,0.4343441001533692,0.788041871153858
,1484,0,0.620654296875,0.2480338363054413,-0.620654296875,-0.2480338363054413,2505,2557,2107,1692,2505,2557,2149,1701,0,0,-176,-27,5000,5000,5100,5000,-42.67,80.97,-189.16,-26.843145422912855,-5.475664491346009,57.747298775816695,-0.6976314842431238,-0.18572412011746917,0.691965940924355
,1485,0,-0.566845703125,0.8813671696387746,0.566845703125,-0.8813671696387746,1730,2970,2882,1279,1763,2971,2881,1341,-112,0,17,-303,4700,5000,4900,4800,-31.93,38.56,-218.45000000000002,16.594831093480995,-33.29185631560887,47.19924357321997,0.43569734126697546,-0.8567665435565989,0.2758965687625837
,1486,0,0.3831542968749999,-0.9248056698673982,-0.3831542968749999,0.9248056698673982,2350,1792,2262,2457,2350,1864,2276,2458,0,-360,-51,0,5000,5000,4800,4700,-31.29,61.480000000000004,-145.47,-8.944342450957649,38.8069852292995,46.04856440453796,-0.197454922465347,0.9339535185337889,0.297896590803854
,1487,0,-0.09184570312499996,-0.291472336534065,0.09184570312499996,0.291472336534065,2040,2205,2572,2044,2043,2217,2572,2044,-9,-31,0,15,5000,5000,5000,4900,-48.76,50.83,-168.42000000000002,2.529532864366516,16.381500889625414,63.677340237800685,0.10984665721078934,0.4058666045487371,0.9073070104499881
,1488,0,0.858154296875,0.3418609967992683,-0.858154296875,-0.3418609967992683,2659,2618,1953,1631,2659,2619,2013,1646,0,0,-295,-43,5100,4800,4700,5000,-34.550000000000004,90.12,-191.21,-35.91435475620797,-7.912425543567423,49.645770722053214,-0.8753626543271237,-0.23597907857179712,0.42196456946736427
,1489,0,-0.8637207031249999,-0.7136945587562871,0.8637207031249999,0.7136945587562871,1537,1930,3075,2319,1599,1971,3076,2319,-293,-160,0,0,5100,4800,5000,5100,-28.5,21.400000000000002,-160.20000000000002,31.64078429784741,25.513556135899364,43.34752206459372,0.7908101306318045,0.5846186892510972,0.18121899864097335
,1490,0,0.08627929687499991,-0.08036122542295387,-0.08627929687499991,0.08036122542295387,2156,2343,2456,1906,2157,2345,2462,1906,0,-15,-30,0,5000,5000,5000,5000,-51.19,55.72,-178.47,-1.9942062994890009,6.17915596039623,66.18082619191165,-0.04009969795851673,0.12269904452857545,0.9916334800194124
,1491,0,-0.38872070312499996,0.5529721079103795,0.38872070312499996,-0.5529721079103795,1847,2755,2765,1494,1867,2755,2765,1530,-54,0,0,-134,5000,4900,4800,4900,-42.77,40.52,-207.02,14.225122065152583,-21.86300627872933,57.958331171877106,0.4026037003886022,-0.6304162704989965,0.6636908816034319
,1492,0,0.561279296875,-0.502583447645176,-0.561279296875,0.502583447645176,2466,2067,2146,2182,2467,2097,2181,2183,0,-106,-136,0,5000,5000,5000,4700,-40.79,74.88,-162.99,-21.701917310201935,20.883000079542626,55.67848860268575,-0.5606542220223221,0.5227725117111968,0.6421648887378625
,1493,0,-0.626220703125,0.13074988568815749,0.626220703125,-0.13074988568815749,1692,2480,2920,1769,1738,2480,2920,1772,-187,0,0,-17,4900,4900,5000,4900,-42.21,25.8,-185.95000000000002,28.17498661215819,-0.28001370286494875,57.24236288320902,0.7774182725047162,-0.045852742636746484,0.6273104140443323
,1494,0,0.32377929687499996,0.7640832190214908,-0.32377929687499996,-0.7640832190214908,2311,2893,2301,1356,2311,2894,2317,1409,0,0,-54,-239,5000,4900,4700,5000,-37.910000000000004,62.61,-215.37,-7.549808969140308,-31.039257519741227,53.16677697583428,-0.15912356750931508,-0.8530587468300569,0.49696123060037617
,1495,0,-0.15122070312500002,-0.8544352994970279,0.15122070312500002,0.8544352994970279,2001,1838,2611,2411,2002,1910,2612,2412,-3,-359,-22,0,4800,4700,5100,5000,-34.06,50.45,-147.07,2.1366144170380466,37.62590405655939,48.82547674615372,0.10719781171342384,0.9123704131349075,0.3950808251483374
,1496,0,0.798779296875,-0.2211019661636946,-0.798779296875,0.2211019661636946,2621,2251,1991,1998,2622,2254,2047,1998,0,-15,-271,5,5000,4800,5100,5000,-36.63,88.55,-178.20000000000002,-34.814641235183544,5.160266646687603,51.63241338507081,-0.8615751418323148,0.11607761306780696,0.49418039491779386
,1497,0,-0.7449707031249999,0.41223136716963893,0.7449707031249999,-0.41223136716963893,1614,2664,2998,1585,1667,2665,2998,1605,-236,0,0,-64,4900,4800,5100,5000,-37.88,24.060000000000002,-197.87,30.343454375272987,-12.160034471739237,52.996688132189185,0.8080652684797314,-0.3500647945081064,0.473798650824142
,1498,0,0.20502929687500004,-0.6433241883859168,-0.20502929687500004,0.6433241883859168,2234,1976,2378,2273,2234,2024,2386,2273,0,-200,-34,0,5000,4900,4900,4900,-41.19,55.300000000000004,-154.42000000000002,-2.4439284510838064,30.156701307956695,56.00959376451891,-0.03007410589152378,0.7690560121446092,0.6384734907097209
,1499,0,-0.26997070312499993,-0.00999085505258357,0.26997070312499993,0.00999085505258357,1924,2388,2688,1861,1941,2389,2688,1861,-42,0,0,0,5000,5000,5000,5000,-49.410000000000004,40.58,-180.59,13.21219057492614,4.594301875496683,64.40991353812134,0.4153446483342158,0.0781022963613282,0.9063050559294117
,1500,0,0.6800292968749999,0.6233424782807497,-0.6800292968749999,-0.6233424782807497,2543,2801,2069,1448,2543,2801,2113,1486,0,0,-182,-149,4800,5000,5100,4700,-36.35,80.7,-205.99,-25.966791056898472,-22.329609536578232,51.547239144050266,-0.6246592821488259,-0.6261677897469556,0.4665990573380162
,1501,0,-0.507470703125,-0.43221307727480573,0.507470703125,0.43221307727480573,1769,2113,2843,2136,1800,2139,2843,2137,-108,-85,0,0,5000,5000,5000,4900,-42.58,31.96,-167.47,21.352067431302,17.96779937370701,57.483177695865,0.6129233108188176,0.4373064694751462,0.6580942689387916
,1502,0,0.4425292968750001,0.20112025605852768,-0.4425292968750001,-0.20112025605852768,2388,2526,2224,1723,2389,2526,2252,1730,0,0,-108,-28,4900,5000,5000,5000,-46.92,73.34,-188.97,-19.224367026166433,-4.9801073712387165,61.9927833043459,-0.5031949866907832,-0.18634924142617204,0.8438416709247969
,1503,0,-0.032470703125,0.834453589391861,0.032470703125,-0.834453589391861,2079,2939,2533,1310,2080,2940,2533,1374,0,0,17,-313,4900,4800,4800,5000,-35.5,57.9,-218.78,-2.7201473927719846,-34.29415474318904,50.77924412317167,-0.04021484862206031,-0.9091798331032843,0.4144572318449618
,1504,0,0.917529296875,-0.7840649291266575,-0.917529296875,0.7840649291266575,2698,1884,1914,2365,2698,1939,1976,2365,0,-235,-318,0,4900,4500,5000,5000,-27.990000000000002,85.14,-155.64000000000001,-32.22233968006955,27.766432004171293,42.83056355236764,-0.7680659515178566,0.6214177842460504,0.15464356288477782
,1505,0,-0.8934082031249999,-0.1507315957933243,0.8934082031249999,0.1507315957933243,1518,2297,3094,1952,1588,2299,3095,1952,-354,-9,0,15,4800,4700,4900,4700,-33.34,16.37,-183.82,37.520698541801906,2.1256045918779307,48.35364142576007,0.9476353741702609,0.01792823411452366,0.31885071121564773
,1506,0,0.056591796875000044,0.4826017375400091,-0.056591796875000044,-0.4826017375400091,2137,2710,2475,1539,2138,2711,2476,1570,0,0,-20,-109,5000,5000,5000,5000,-46.01,51.93,-205.78,2.7782647400019016,-21.01252492036039,61.1939823948477,0.10322781947187308,-0.6221121757859427,0.7760930730434088
,1507,0,-0.41840820312499993,-0.5729538180155465,0.41840820312499993,0.5729538180155465,1827,2021,2785,2228,1848,2062,2785,2229,-60,-162,-1,0,5000,5000,5100,4800,-41.230000000000004,36.44,-160.20000000000002,16.612402503115366,25.061563421625124,56.08321769608591,0.488190870277314,0.6204115687396933,0.6138071028848002
,1508,0,0.5315917968749999,0.06037951531778685,-0.5315917968749999,-0.06037951531778685,2447,2434,2165,1815,2448,2434,2204,1816,0,-1,-159,0,5000,4900,4900,5000,-44.99,77.72,-181.09,-23.886196280848353,2.7227155020185023,60.00845274130521,-0.6234066684301554,0.02836609185648498,0.7813830626457192
,1509,0,-0.655908203125,0.6937128486511199,0.655908203125,-0.6937128486511199,1672,2847,2940,1402,1713,2847,2940,1443,-164,0,0,-170,4900,5000,5000,4900,-35.19,31.63,-210.95000000000002,23.250089451877027,-25.52357270379818,50.402961087214216,0.6137705008067036,-0.686242118948318,0.39033002257168364
,1510,0,0.2940917968750001,-0.3618427069044353,-0.2940917968750001,0.3618427069044353,2292,2159,2320,2090,2292,2182,2336,2090,-1,-73,-54,-4,5000,5000,5000,5000,-47.13,63.77,-167.33,-10.441609587663855,16.99212661679175,62.044796299507354,-0.25938099628902983,0.43640539648919047,0.8615519883786601
,1511,0,-0.180908203125,0.2714906264288981,0.180908203125,-0.2714906264288981,1982,2572,2630,1677,1991,2573,2630,1693,-17,0,0,-47,5000,5000,5000,5000,-49.53,47.480000000000004,-195.39000000000001,6.850869360931966,-10.443847071281596,64.63809913560583,0.2257644533459702,-0.3406856146369579,0.9126684631260319
,1512,0,0.769091796875,0.9048239597622312,-0.769091796875,-0.9048239597622312,2601,2985,2011,1264,2602,2986,2058,1326,0,0,-208,-293,4800,5100,5100,4800,-27.94,80.79,-215.54,-25.713252658750832,-31.93638363482458,43.205518116233065,-0.5711101159387784,-0.8051531602856146,0.1598800298801638
,1513,0,-0.774658203125,-0.9013488797439414,0.774658203125,0.9013488797439414,1595,1807,3017,2442,1644,1875,3018,2443,-204,-326,0,0,4900,4900,4900,5000,-25.8,26.09,-152.76,26.684927612670172,32.759996244668486,40.5964694903948,0.6796969755437565,0.7250672534439402,0.11085801468514064
,1514,0,0.17534179687499996,-0.2680155464106082,-0.17534179687499996,0.2680155464106082,2214,2220,2398,2029,2214,2231,2410,2030,0,-31,-39,0,5000,5000,5000,4900,-49.02,57.660000000000004,-169.78,-4.246894384519514,14.777779014624286,63.94975515699155,-0.09733464576950647,0.3592263107043296,0.9281607750980868
,1515,0,-0.299658203125,0.3653177869227251,0.299658203125,-0.3653177869227251,1905,2633,2707,1616,1921,2634,2707,1638,-36,0,0,-68,5000,5000,5000,4900,-47.34,42.45,-198.89000000000001,12.003602182287892,-13.775565142033997,62.47107371610948,0.3568232815900341,-0.4352125093976904,0.8265997927528679
,1516,0,0.650341796875,-0.6902377686328304,-0.650341796875,0.6902377686328304,2524,1945,2088,2304,2524,1990,2128,2304,0,-184,-164,0,4900,4800,5000,4700,-35.63,76.12,-155.82,-23.20062841391227,27.96658689906735,50.46804113650101,-0.581081527986167,0.6839012176630649,0.44116140165730544
,1517,0,-0.537158203125,-0.05690443529949707,0.537158203125,0.05690443529949707,1750,2358,2862,1891,1787,2359,2862,1890,-137,-5,0,10,4900,5000,4900,4800,-44.32,28.98,-182.21,24.862374843389617,3.3577384066068703,59.32694026470613,0.7034150675807473,0.05019467540976308,0.7090047512258864
,1518,0,0.412841796875,0.5764288980338361,-0.412841796875,-0.5764288980338361,2369,2771,2243,1478,2370,2771,2265,1515,0,0,-78,-138,4900,4900,5000,4800,-42.09,68.92,-206.88,-14.161524016317479,-22.7529178098564,57.2887180655779,-0.34312483830859286,-0.6665156110632777,0.6618325207668835
,1519,0,-0.06215820312499998,-0.4791266575217193,0.06215820312499998,0.4791266575217193,2059,2083,2553,2166,2060,2119,2554,2167,0,-139,-2,0,5000,4900,4900,5000,-45.65,52.09,-160.86,0.9970517076713676,23.8687250609955,60.51407045606755,0.07044585865431667,0.6163637920745796,0.7843041864085009
,1520,0,0.8878417968749999,0.1542066758116143,-0.8878417968749999,-0.1542066758116143,2679,2496,1933,1753,2679,2496,2002,1754,0,-4,-364,-17,5000,4700,5000,5000,-34.58,90.19,-181.76,-36.3253770386696,1.528865162232762,49.60848142209269,-0.9147570810753253,-0.014108546143123811,0.4037578872892496
,1521,0,-0.834033203125,0.7875400091449474,0.834033203125,-0.7875400091449474,1556,2908,3056,1341,1616,2909,3056,1392,-271,0,19,-221,5100,4900,5100,5000,-29.330000000000002,26.490000000000002,-212.28,28.433905943524284,-26.708968792757247,44.55052717531,0.7078254051645398,-0.6803048125282098,0.19018032983095753
,1522,0,0.115966796875,-0.8309785093735711,-0.115966796875,0.8309785093735711,2176,1853,2436,2396,2176,1923,2437,2397,0,-343,-21,0,5000,4800,5000,4800,-35.0,51.160000000000004,-147.69,1.4495885495171095,36.98740485214782,49.7701535286158,0.08936735637176836,0.9022926800505958,0.4217598785354459
,1523,0,-0.359033203125,-0.1976451760402378,0.359033203125,0.1976451760402378,1866,2266,2746,1983,1888,2270,2746,1983,-60,-19,0,5,5000,5000,5000,5000,-47.37,36.77,-175.59,16.83895522072202,9.71386967067113,62.33282331508874,0.5077973145613334,0.2111961115507162,0.8351874578740727
,1524,0,0.5909667968749999,0.43568815729309573,-0.5909667968749999,-0.43568815729309573,2485,2679,2127,1570,2486,2680,2166,1594,0,0,-156,-74,5000,4800,4900,5000,-41.71,78.46000000000001,-198.5,-23.99781595450483,-14.72560310871907,56.852851577241196,-0.6039331361829438,-0.45567074629677934,0.6539334354424537
,1525,0,-0.5965332031249999,-0.6198673982624601,0.5965332031249999,0.6198673982624601,1711,1991,2901,2258,1749,2031,2901,2258,-140,-152,0,0,5000,4800,4900,4900,-37.230000000000004,30.09,-160.08,22.953362556774945,25.382122963493998,52.07992315558427,0.63451120935975,0.6107300685516456,0.4737133189638327
,1526,0,0.35346679687500004,0.013465935070873458,-0.35346679687500004,-0.013465935070873458,2330,2404,2282,1845,2330,2405,2308,1846,-4,0,-91,0,5000,4900,5000,4900,-48.74,69.38,-180.66,-15.566614076268934,3.4801676886924326,63.751956197447385,-0.4106216124597314,0.04551586223612907,0.9106690933955494
,1527,0,-0.12153320312500004,0.6467992684042065,0.12153320312500004,-0.6467992684042065,2021,2817,2591,1432,2023,2818,2591,1479,-5,0,0,-204,5000,5000,5000,4800,-41.63,54.83,-211.86,0.09896955132292362,-27.2243148679984,56.858565121003714,0.022968987496951365,-0.7722693650475305,0.6348798732220514
,1528,0,0.8284667968749999,-0.40875628715134893,-0.8284667968749999,0.40875628715134893,2640,2129,1972,2120,2640,2152,2029,2121,0,-69,-279,0,4800,5000,4800,5000,-35.64,86.43,-170.4,-32.977683866590056,13.024436251856343,50.58602720057183,-0.8505746747009949,0.27384438177264386,0.4489231307572101
,1529,0,-0.7152832031249999,0.22457704618198449,0.7152832031249999,-0.22457704618198449,1634,2541,2978,1708,1684,2541,2978,1716,-216,0,0,-24,5000,4800,5100,5000,-39.54,22.97,-189.78,31.140994715018085,-4.024331133488886,54.59858094959667,0.8358366699703839,-0.13940523143184796,0.5309832790043888
,1530,0,0.2347167968749999,0.8579103795153176,-0.2347167968749999,-0.8579103795153176,2253,2954,2359,1295,2253,2955,2366,1358,0,0,-25,-305,5100,4800,4700,4800,-34.59,57.81,-218.86,-2.627448672450022,-34.377343713544946,49.86980113844873,-0.0345057075209674,-0.9218975082442963,0.3858942088726318
,1531,0,-0.24028320312499996,-0.7606081390032007,0.24028320312499996,0.7606081390032007,1943,1899,2669,2350,1950,1959,2669,2350,-10,-280,0,0,5000,5000,4900,5000,-37.38,46.62,-150.81,6.099578534778487,34.05034422241374,52.17050100226103,0.21566209582630866,0.8409448617900388,0.4962878195691855
,1532,0,0.709716796875,-0.12727480566986749,-0.709716796875,0.12727480566986749,2563,2312,2049,1937,2564,2313,2101,1938,0,0,-242,0,5000,5000,5100,5000,-40.0,84.87,-180.06,-31.06942575342802,3.4583772973278997,55.01410432863066,-0.7956801173516979,0.04982362001283146,0.6036644413413841
,1533,0,-0.477783203125,0.5060585276634659,0.477783203125,-0.5060585276634659,1789,2725,2823,1524,1819,2726,2823,1553,-100,0,0,-104,5000,5000,5000,5000,-42.74,36.88,-204.51,17.772154481478573,-19.223550463553153,57.90899520867303,0.5058825897213076,-0.5593179953726052,0.6566933724876731
,1534,0,0.47221679687499996,-0.5494970278920897,-0.47221679687499996,0.5494970278920897,2408,2037,2204,2212,2409,2073,2230,2213,0,-132,-95,0,5000,5000,5100,5000,-41.25,70.51,-160.15,-17.43720096906803,23.882073761618273,56.11649725459397,-0.43748417863940775,0.6105697669727048,0.660160702480161
,1535,0,-0.002783203125000022,0.08383630544124365,0.002783203125000022,-0.08383630544124365,2098,2450,2514,1799,2100,2450,2515,1805,-8,0,0,-21,5000,5000,5000,5000,-51.550000000000004,55.04,-186.52,-1.0240549491065138,-1.8382853589424712,66.59788859528962,0.015536056297904187,-0.1029310276543594,0.9945671593717168
,1536,0,0.947216796875,0.717169638774577,-0.947216796875,-0.717169638774577,2717,2863,1895,1386,2717,2864,1960,1427,0,0,-324,-166,4800,4900,5000,5000,-27.060000000000002,89.31,-206.12,-34.56781660451465,-22.836527398459026,42.2618477246991,-0.7907185032658554,-0.591352190497507,0.1583250939895682
,1537,0,-0.9472167968749999,-0.3383859167809785,0.9472167968749999,0.3383859167809785,1483,2174,3129,2075,1554,2187,3130,2075,-364,-38,0,0,5000,4800,5000,4800,-30.89,15.27,-177.51,38.39188939906924,8.453556110910256,45.858314580837664,0.9521948517279343,0.18345543092212765,0.24427253060463847
,1538,0,0.002783203125000022,0.2949474165523549,-0.002783203125000022,-0.2949474165523549,2102,2587,2510,1662,2103,2588,2511,1678,0,0,0,-52,4900,5000,5000,5000,-49.49,51.01,-197.23000000000002,3.3895734354382654,-12.410285816130113,64.61262014584372,0.1095360605541222,-0.3934060610225295,0.9128162589420834
,1539,0,-0.47221679687499996,0.9282807498856882,0.47221679687499996,-0.9282807498856882,1792,3000,2820,1249,1813,3001,2819,1316,-57,0,17,-332,5100,5000,5100,5000,-30.95,42.37,-220.6,12.86477190265338,-35.584895767179574,46.23610884408676,0.3382714004341689,-0.9070525560156623,0.25065538149770417
,1540,0,0.477783203125,-0.9404435299497027,-0.477783203125,0.9404435299497027,2411,1782,2201,2467,2412,1858,2223,2468,0,-388,-77,0,5100,4600,4900,4900,-30.1,65.38,-146.03,-12.821759755139517,38.098123348208276,44.86414476489723,-0.29414996124599924,0.9158502377595179,0.27330229105298603
,1541,0,-0.709716796875,-0.3071101966163695,0.709716796875,0.3071101966163695,1637,2195,2975,2054,1686,2204,2975,2054,-211,-26,0,0,5000,4800,5000,4900,-38.71,22.88,-175.26,30.70675737497409,10.483167411841976,53.66513363467498,0.8262997361849352,0.23349461840672095,0.5125514697626048
,1542,0,0.24028320312499996,0.3262231367169639,-0.24028320312499996,-0.3262231367169639,2257,2608,2355,1641,2257,2609,2370,1660,0,0,-45,-59,5000,5000,5000,4900,-48.67,62.17,-196.95000000000002,-7.773378280864108,-12.539093009435078,63.79511315110005,-0.18944309033297965,-0.40669986616055154,0.8937038292354352
,1543,0,-0.23471679687500002,-0.7293324188385917,0.23471679687500002,0.7293324188385917,1947,1920,2665,2329,1954,1974,2666,2329,-12,-239,0,0,5000,5000,4900,5000,-38.19,46.45,-151.68,6.300983802523085,33.1928464420958,52.98660974187515,0.20786121078095096,0.8251053110109278,0.5253522083271729
,1544,0,0.715283203125,-0.09599908550525849,-0.715283203125,0.09599908550525849,2566,2332,2046,1917,2567,2334,2099,1917,0,-7,-250,0,5000,5100,5000,4900,-40.03,85.17,-180.03,-31.370308770956115,3.4777438797347884,55.044009934276815,-0.7987915059540937,0.05704017517519267,0.598897777948436
,1545,0,-0.8284667968749999,0.5373342478280749,0.8284667968749999,-0.5373342478280749,1560,2745,3052,1504,1620,2746,3053,1533,-281,0,0,-103,4900,5100,5100,4900,-34.03,22.75,-202.62,31.823489141241865,-16.887003706244172,49.180098168940944,0.8180837107268248,-0.46098976950976445,0.34384222348449656
,1546,0,0.12153320312500004,-0.5182213077274807,-0.12153320312500004,0.5182213077274807,2179,2057,2433,2192,2179,2094,2436,2193,0,-143,-22,0,4900,5000,4900,5000,-44.65,52.57,-159.26,0.45947389784370785,25.443185355947264,59.50289051263444,0.048747377516971536,0.6563338813988678,0.7528941023232384
,1547,0,-0.35346679687499993,0.11511202560585287,0.35346679687499993,-0.11511202560585287,1870,2470,2742,1779,1892,2470,2742,1784,-61,0,0,-22,5000,5000,5000,4900,-48.4,37.53,-185.95000000000002,16.453513732801508,-0.6591987835059854,63.43690017126573,0.49853765679347445,-0.058580924804570084,0.8648863971689653
,1548,0,0.5965332031249999,0.748445358939186,-0.5965332031249999,-0.748445358939186,2489,2883,2123,1366,2490,2884,2158,1414,0,0,-133,-207,4900,4800,4800,4900,-35.13,75.84,-212.08,-20.890329834196706,-28.248790473694072,50.368706799101766,-0.4872056678979766,-0.7675542574789495,0.41652262722933175
,1549,0,-0.590966796875,-0.8700731595793324,0.590966796875,0.8700731595793324,1715,1828,2897,2421,1749,1894,2898,2422,-118,-316,-22,0,5000,5000,4800,5100,-30.42,32.88,-150.97,19.83540654695685,34.33668662811735,45.20631857741375,0.5473638831797577,0.7950194919758093,0.26141305776281015
,1550,0,0.3590332031250001,-0.2367398262459992,-0.3590332031250001,0.2367398262459992,2334,2241,2278,2008,2334,2249,2303,2009,0,-25,-94,0,5000,4900,5000,5000,-47.76,67.85,-172.76,-14.322880094143166,11.423047622683612,62.715093556638074,-0.37686629012138617,0.2628809527159962,0.8881809523229337
,1551,0,-0.115966796875,0.3965935070873343,0.115966796875,-0.3965935070873343,2024,2654,2588,1595,2027,2655,2588,1620,-7,0,0,-85,4900,4900,5000,5000,-47.97,52.28,-201.5,2.2742978155021234,-16.73407262760813,63.12358424954554,0.09184182247143823,-0.5160270752225273,0.851634391791694
,1552,0,0.834033203125,-0.6589620484682213,-0.834033203125,0.6589620484682213,2644,1965,1968,2284,2644,2005,2024,2284,0,-153,-270,0,5100,5000,5100,4900,-31.76,84.25,-158.77,-31.219412009192524,24.69756355533366,46.62240776471576,-0.7593952629694645,0.5673135486019204,0.3185501093269851
,1553,0,-0.887841796875,-0.02562871513488807,0.887841796875,0.02562871513488807,1521,2378,3091,1871,1589,2379,3092,1871,-347,0,0,0,5100,4800,5100,5000,-33.55,16.42,-183.84,37.47148297062677,2.1053115948838865,48.563798561796176,0.9460134183800016,0.013910131080666655,0.32382884445074145
,1554,0,0.06215820312500009,0.6077046181984451,-0.06215820312500009,-0.6077046181984451,2141,2791,2471,1458,2142,2791,2471,1500,0,0,0,-172,4800,4900,5000,4900,-42.800000000000004,51.7,-210.71,3.185591237400878,-25.95378461446944,58.01909062348132,0.11222831961041309,-0.7435273334987099,0.6592206827897015
,1555,0,-0.412841796875,-0.44785093735711023,0.412841796875,0.44785093735711023,1831,2103,2781,2146,1853,2134,2781,2147,-65,-115,0,0,4900,5000,5000,5000,-43.94,35.76,-166.09,17.50493027428704,19.219423074023155,58.834833646142926,0.5181682296931475,0.480339490090914,0.7076550430795155
,1556,0,0.537158203125,0.18548239597622307,-0.537158203125,-0.18548239597622307,2450,2516,2162,1733,2451,2516,2201,1739,0,0,-158,-21,4900,4900,5100,4900,-45.050000000000004,77.51,-187.15,-23.45760523213835,-3.3251753461752003,60.11153523885352,-0.6116230568817128,-0.13144010240190243,0.7801543025397264
,1557,0,-0.650341796875,0.8188157293095564,0.650341796875,-0.8188157293095564,1676,2929,2936,1320,1716,2930,2936,1374,-152,0,0,-246,5000,5100,4900,4700,-32.04,33.83,-215.20000000000002,21.204465027227698,-29.872564282408888,47.28419643394984,0.5463712110420387,-0.7862271291275336,0.2886613953550639
,1558,0,0.2996582031249999,-0.799702789208962,-0.2996582031249999,0.799702789208962,2295,1874,2317,2375,2295,1938,2329,2376,0,-307,-39,0,5000,4800,5100,5000,-35.99,59.18,-149.33,-6.505853208632537,35.066132263415994,50.7750207200777,-0.1298203729095764,0.8715780015756425,0.4727562352280799
,1559,0,-0.17534179687499996,-0.1663694558756288,0.17534179687499996,0.1663694558756288,1986,2287,2626,1962,1995,2292,2626,1963,-18,-19,0,0,5000,5000,5000,5000,-49.95,45.65,-175.44,7.959695773243453,9.561689540139355,64.91524327943107,0.2645270496089768,0.21251861309255551,0.9406706539030476
,1560,0,0.774658203125,0.4669638774577045,-0.774658203125,-0.4669638774577045,2605,2699,2007,1550,2606,2700,2059,1575,0,0,-245,-79,5100,5000,5100,5000,-36.56,85.69,-197.71,-31.252354013921817,-14.233807399227942,51.70024888301024,-0.7737092983790307,-0.41655660730213995,0.47734108823226035
,1561,0,-0.769091796875,-0.588591678097851,0.769091796875,0.588591678097851,1599,2011,3013,2238,1652,2045,3014,2239,-234,-122,0,0,5100,5100,5000,4800,-33.730000000000004,23.18,-163.85,29.994428207739627,21.839092978829996,48.60410195382821,0.7865731001064953,0.5078448385663682,0.3512782061704892
,1562,0,0.180908203125,0.04474165523548235,-0.180908203125,-0.04474165523548235,2218,2424,2394,1825,2218,2426,2407,1828,-1,-6,-40,-16,5000,4900,5000,4900,-50.95,60.88,-183.1,-6.9837712762659905,1.3643519113070681,65.97587909777569,-0.17743628409061513,-0.011037962208310192,0.9840703879694797
,1563,0,-0.294091796875,0.6780749885688155,0.294091796875,-0.6780749885688155,1908,2837,2704,1412,1921,2838,2703,1459,-22,0,20,-196,5000,4900,5000,4900,-40.480000000000004,47.04,-212.79,7.917295499831759,-27.88074467719028,55.71210131063822,0.22867478572913005,-0.7771816775603864,0.5862563282696053
,1564,0,0.6559082031249999,-0.37748056698673993,-0.6559082031249999,0.37748056698673993,2528,2149,2084,2100,2528,2170,2126,2100,0,-62,-177,0,5000,4900,4900,5000,-40.64,80.65,-170.6,-27.19351694657091,13.068840149339536,55.585011230876844,-0.7094058147739206,0.3138599220910101,0.6310589031698823
,1565,0,-0.5315917968749999,0.2558527663465935,0.5315917968749999,-0.2558527663465935,1753,2562,2859,1687,1788,2563,2859,1698,-130,0,0,-33,5000,5000,5000,4800,-44.53,30.98,-192.62,23.239428727042586,-7.115897508751317,59.61189046378145,0.6610338795569668,-0.23099329703099428,0.7139161763152702
,1566,0,0.41840820312500004,0.8891860996799268,-0.41840820312500004,-0.8891860996799268,2373,2975,2239,1274,2374,2976,2258,1338,0,0,-63,-312,4900,4800,5000,4800,-33.26,66.16,-218.9,-10.970754578706654,-34.72815834260706,48.54346194704286,-0.23235627117104365,-0.9136648930393162,0.3335071610549664
,1567,0,-0.056591796875000044,-0.916986739826246,0.056591796875000044,0.916986739826246,2063,1797,2549,2452,2064,1875,2551,2453,0,-403,-21,0,5000,5000,5100,5000,-31.44,51.13,-145.15,1.3873859121646959,39.50137379950826,46.192138581244315,0.07788369385378295,0.943921337339113,0.3208529868142576
,1568,0,0.8934082031249999,-0.2836534064929127,-0.8934082031249999,0.2836534064929127,2682,2210,1930,2039,2682,2215,1999,2039,0,-16,-360,14,5000,4800,5000,4800,-33.82,89.68,-174.64000000000001,-36.07279505269149,8.65703025002992,48.79757771543658,-0.9063001321103267,0.15685912223375018,0.3924478134846234
,1569,0,-0.917529296875,0.3496799268404205,0.917529296875,-0.3496799268404205,1502,2623,3110,1626,1570,2623,3111,1640,-336,0,0,-39,5100,5100,4800,4700,-32.57,17.23,-193.72,37.018462563774186,-7.8042241332826165,47.65452733539202,0.9301047234522055,-0.22606518151985538,0.2894818424638942
,1570,0,0.032470703125,-0.7058756287151349,-0.032470703125,0.7058756287151349,2121,1935,2491,2314,2122,1989,2491,2314,0,-240,0,0,4900,5000,4800,5000,-38.980000000000004,49.36,-151.77,3.396240995217944,33.00351969222609,53.77839544848572,0.13161497914586587,0.8237460556993401,0.5514707000233218
,1571,0,-0.442529296875,-0.07254229538180168,0.442529296875,0.07254229538180168,1812,2348,2800,1901,1840,2349,2800,1901,-94,-2,0,0,5000,5000,5000,5000,-46.26,32.65,-180.27,21.12502417265975,5.177812058404271,61.25454029220869,0.6155855128113996,0.09996121912164121,0.7817046955778387
,1572,0,0.5074707031249999,0.5607910379515317,-0.5074707031249999,-0.5607910379515317,2431,2761,2181,1488,2431,2761,2212,1523,0,0,-117,-128,5000,5000,5000,5000,-41.13,73.60000000000001,-205.24,-18.897803295487407,-21.289778763370578,56.31893318203205,-0.46352675013009853,-0.6228306198607828,0.6302578606234608
,1573,0,-0.6800292968749999,-0.4947645176040238,0.6800292968749999,0.4947645176040238,1657,2072,2955,2177,1701,2100,2955,2178,-179,-101,0,0,5000,5000,4900,5000,-37.59,25.26,-167.02,28.030747531303042,18.623705237873594,52.4874175315655,0.7592746897467892,0.4386290375376902,0.48073538764966806
,1574,0,0.26997070312500004,0.13856881572930968,-0.26997070312500004,-0.13856881572930968,2276,2485,2336,1764,2276,2485,2354,1769,0,-1,-58,-23,4900,4900,5000,5000,-49.980000000000004,65.05,-187.54,-10.990943127466679,-3.230058572051206,65.03920088977014,-0.28521366654678204,-0.1382099611273234,0.9484467149292704
,1575,0,-0.20502929687500004,0.771902149062643,0.20502929687500004,-0.771902149062643,1966,2898,2646,1351,1972,2899,2645,1407,-9,0,12,-257,5000,4800,5100,4800,-38.03,52.74,-216.92000000000002,2.369720440755387,-32.2311404638107,53.29386487396183,0.08580508931883445,-0.8654681236017824,0.4935609523414476
,1576,0,0.7449707031249999,-0.8466163694558756,-0.7449707031249999,0.8466163694558756,2586,1843,2026,2406,2587,1906,2068,2407,0,-295,-178,0,5100,5000,5000,4900,-29.43,78.01,-151.76,-25.23681757510147,31.911401652220263,44.24003421107432,-0.6114855789138558,0.7525383321588565,0.2444819940444545
,1577,0,-0.7987792968749999,-0.2132830361225424,0.7987792968749999,0.2132830361225424,1579,2256,3033,1993,1640,2260,3034,1993,-292,-18,0,15,5000,4700,5100,4800,-36.72,19.6,-180.62,34.17779065092898,5.230976950870826,51.712053155304616,0.8946856580993998,0.0961671149578191,0.43622180045469255
,1578,0,0.1512207031249999,0.4200502972107911,-0.1512207031249999,-0.4200502972107911,2199,2669,2413,1580,2199,2670,2421,1607,0,0,-29,-94,5000,4900,5000,5000,-47.53,56.620000000000005,-202.23000000000002,-2.0365899545874484,-17.62334925139865,62.69053261281852,-0.02936409784690645,-0.5375056871983058,0.8427487086831481
,1579,0,-0.32377929687499996,-0.6355052583447645,0.32377929687499996,0.6355052583447645,1889,1981,2723,2268,1902,2030,2723,2268,-27,-210,0,0,5000,5000,5000,5000,-40.85,41.58,-156.53,11.343238452279316,28.54086402499027,55.679141568604905,0.34736765141639087,0.7139626618592746,0.6079416355377215
,1580,0,0.626220703125,-0.002171925011431264,-0.626220703125,0.002171925011431264,2508,2394,2104,1855,2508,2395,2148,1855,0,0,-187,0,5000,4800,5100,4800,-42.27,81.83,-180.16,-28.027472888960673,3.4843521523797847,57.28354216150115,-0.7232526524558205,0.051714621228087614,0.6886444646309554
,1581,0,-0.561279296875,0.6311614083219019,0.561279296875,-0.6311614083219019,1734,2806,2878,1443,1768,2806,2878,1484,-123,0,0,-168,4900,5000,4800,5000,-38.78,34.67,-208.77,20.13390191190145,-23.42915472832118,53.9785573395475,0.5504414094852111,-0.6559558927003613,0.5164650245230611
,1582,0,0.38872070312499996,-0.42439414723365343,-0.38872070312499996,0.42439414723365343,2353,2118,2259,2131,2353,2146,2280,2132,0,-93,-74,-2,4900,5000,5000,5000,-45.15,67.84,-165.15,-14.587921891529405,19.009639326225,60.05094656944028,-0.3729050042428594,0.486875166708017,0.7898698815967563
,1583,0,-0.08627929687500002,0.2089391860996801,0.08627929687500002,-0.2089391860996801,2044,2531,2568,1718,2049,2531,2568,1730,-10,0,0,-36,5000,5000,5000,4900,-50.68,52.14,-192.72,2.097703471699944,-7.935632297422416,65.77091539503876,0.09311076458133917,-0.2663773813569826,0.9593609728462354
,1584,0,0.863720703125,0.8422725194330132,-0.863720703125,-0.8422725194330132,2663,2944,1949,1305,2663,2945,2006,1361,0,0,-276,-254,4800,5100,5100,4600,-27.52,85.28,-211.68,-30.339703467807524,-28.24403824533897,42.759829395125124,-0.6805368275178992,-0.7160089909414833,0.1555659065567767
,1585,0,-0.858154296875,-0.7762459990855053,0.858154296875,0.7762459990855053,1541,1889,3071,2360,1598,1941,3071,2360,-258,-227,0,0,4900,4800,4900,4800,-27.23,21.990000000000002,-158.35,30.984216506490753,27.331951282333506,42.064612158646355,0.7790455175509239,0.6091475590951142,0.14841608010009277
,1586,0,0.09184570312499996,-0.14291266575217199,-0.09184570312499996,0.14291266575217199,2160,2302,2452,1947,2161,2307,2458,1948,0,-18,-27,0,5000,5000,5000,5000,-50.74,54.97,-175.86,-1.3389601460228775,8.811246985098705,65.71194527307567,-0.01967107154852932,0.19479181222701564,0.9806473366269078
,1587,0,-0.383154296875,0.49042066758116154,0.383154296875,-0.49042066758116154,1850,2715,2762,1534,1871,2716,2762,1564,-57,-4,0,-109,5000,4900,5000,5000,-44.32,40.39,-204.32,14.257809639226828,-19.1490857008084,59.48900638864863,0.4196042589096763,-0.560519313105467,0.713968042380495
,1588,0,0.566845703125,-0.5651348879743942,-0.566845703125,0.5651348879743942,2470,2027,2142,2222,2471,2063,2176,2223,0,-133,-131,0,4900,5000,4900,4900,-39.59,74.24,-160.52,-21.151653727599154,23.365865997925567,54.460668081839806,-0.54159802006563,0.5899408364745097,0.5988667582365423
,1589,0,-0.620654296875,0.06819844535893904,0.620654296875,-0.06819844535893904,1695,2439,2917,1810,1740,2439,2917,1811,-186,0,0,0,4900,5000,4900,5000,-42.28,25.78,-183.46,28.105113771173635,2.209521881782507,57.294615719178424,0.7764556789522938,0.019598630232319864,0.6298670274873494
,1590,0,0.329345703125,0.7015317786922723,-0.329345703125,-0.7015317786922723,2315,2852,2297,1397,2315,2853,2314,1444,0,0,-53,-204,5000,4800,4900,4900,-39.69,63.61,-213.09,-8.631193517763734,-28.78419408881078,54.930890458714174,-0.1893310749469661,-0.8035518466135596,0.5643209847802614
,1591,0,-0.14565429687499998,-0.3540237768632831,0.14565429687499998,0.3540237768632831,2005,2164,2607,2085,2009,2189,2607,2085,-10,-81,0,0,4900,5000,5000,4900,-48.11,48.02,-167.43,5.301877765741267,17.46760802371341,63.01917989175681,0.18810682741491783,0.45611819512195406,0.8698114816203485
,1592,0,0.8043457031249999,0.2793095564700503,-0.8043457031249999,-0.2793095564700503,2624,2577,1988,1672,2624,2578,2043,1682,0,-4,-259,-28,5100,5000,4700,4900,-36.910000000000004,88.12,-188.95000000000002,-33.99688923458842,-5.56494021719115,51.98881118603338,-0.8532822093394378,-0.17280969938692978,0.49198199054701863
,1593,0,-0.739404296875,0.9126428898033834,0.739404296875,-0.9126428898033834,1618,2990,2994,1259,1667,2991,2994,1319,-205,0,0,-280,5100,4900,5100,4800,-27.830000000000002,32.230000000000004,-217.71,22.89341266758056,-32.353151600972524,43.09154304699693,0.5665103640692709,-0.811093239039751,0.14558078508548902
,1594,0,0.2105957031250001,-0.8935299497027892,-0.2105957031250001,0.8935299497027892,2237,1813,2375,2436,2237,1886,2380,2437,0,-368,-25,0,4700,5000,5100,4800,-32.82,54.370000000000005,-145.75,-1.8286505128629855,38.79469108180692,47.577674307740544,0.0005186618827041991,0.9362370623603822,0.351368601404071
,1595,0,-0.264404296875,-0.2601966163694559,0.264404296875,0.2601966163694559,1928,2225,2684,2024,1943,2234,2684,2025,-35,-27,0,0,5000,5000,5000,5000,-48.120000000000005,41.980000000000004,-171.46,11.483395781207577,13.658393133836626,63.05546965899733,0.35997948904717614,0.32461813526036304,0.8746644120606594
,1596,0,0.685595703125,0.3731367169638775,-0.685595703125,-0.3731367169638775,2547,2638,2065,1611,2547,2639,2110,1629,0,0,-205,-54,5000,4800,5000,4800,-39.980000000000004,83.04,-194.31,-28.72630575816396,-10.716073793950898,55.09488148343804,-0.7271906958601898,-0.33317228047307607,0.6001582486134329
,1597,0,-0.501904296875,-0.6824188385916781,0.501904296875,0.6824188385916781,1773,1950,2839,2299,1803,1994,2839,2299,-102,-177,-3,0,4900,5000,4900,4900,-37.37,35.18,-156.07,17.721968847833033,29.20670721888507,52.193391809660206,0.5017627046459485,0.7162600823720063,0.4849800847734155
,1598,0,0.4480957031249999,-0.049085505258344875,-0.4480957031249999,0.049085505258344875,2392,2363,2220,1886,2393,2365,2250,1886,0,-12,-116,0,4900,5000,5000,5000,-46.89,73.89,-179.94,-20.099926374515547,4.023716277660412,61.898679494416506,-0.5330502236074799,0.05821996809694502,0.8440781328922141
,1599,0,-0.026904296874999956,0.5842478280749883,0.026904296874999956,-0.5842478280749883,2082,2776,2530,1473,2083,2776,2531,1515,0,0,0,-166,5000,4800,5000,4900,-43.54,57.22,-209.8,-2.3635504642843657,-25.238340787451932,58.75479878912877,-0.03402778406742812,-0.7183169873337952,0.6948833107933735
,1600,0,0.923095703125,-0.47130772748056704,-0.923095703125,0.47130772748056704,2702,2088,1910,2161,2702,2113,1978,2162,0,-81,-350,0,5000,5000,4900,5100,-31.89,89.65,-170.12,-36.206227532288096,13.161286076710553,46.83541686035806,-0.8901913945717058,0.3166790498225493,0.32752657973662025
,1601,0,-0.932373046875,0.16202560585276649,0.932373046875,-0.16202560585276649,1492,2501,3120,1748,1564,2501,3121,1749,-371,-1,0,-15,5000,5000,4800,4700,-32.11,15.4,-186.42000000000002,38.58373075673916,-0.44640164587411846,47.141805453786,0.96062285000134,-0.050777104255413166,0.27317654683141745
,1602,0,0.017626953124999956,0.7953589391860996,-0.017626953124999956,-0.7953589391860996,2111,2913,2501,1336,2111,2914,2501,1394,-1,0,19,-274,5100,5000,5000,5000,-36.92,52.38,-217.9,2.764697730631056,-33.205402452567,52.19073001468709,0.09955867108215481,-0.8885525277764733,0.4478420216933581
,1603,0,-0.45737304687499997,-0.8231595793324188,0.45737304687499997,0.8231595793324188,1802,1858,2810,2391,1822,1924,2811,2392,-52,-321,-21,0,4800,4800,5000,5000,-33.8,37.64,-151.03,15.081156404654841,34.129047524462266,48.588565107023115,0.44621357918421173,0.8126062966912164,0.37491925574635626
,1604,0,0.49262695312500004,-0.1898262459990856,-0.49262695312500004,0.1898262459990856,2421,2271,2191,1978,2422,2275,2226,1979,0,-16,-144,0,4900,4900,4900,5000,-45.79,75.06,-176.41,-21.396727030885046,7.501254430611084,60.774030014617544,-0.5647908331928296,0.15456250187773612,0.8106304631301763
,1605,0,-0.694873046875,0.44350708733424793,0.694873046875,-0.44350708733424793,1647,2684,2965,1565,1693,2685,2965,1589,-189,0,0,-76,4900,5000,4800,4900,-38.9,26.330000000000002,-199.73000000000002,28.14221079977189,-14.093424583519152,54.030820327310664,0.7539034797556101,-0.4114309104978046,0.5122051826166243
,1606,0,0.255126953125,-0.6120484682213077,-0.255126953125,0.6120484682213077,2266,1996,2346,2253,2266,2041,2358,2253,0,-184,-39,0,5000,5000,4900,5000,-42.08,57.95,-155.92000000000002,-5.037936238476682,28.568425843983135,56.91131692019624,-0.10162937773295198,0.7336392424015297,0.671896518513173
,1607,0,-0.21987304687499998,0.021284865112025653,0.21987304687499998,-0.021284865112025653,1957,2409,2655,1840,1971,2410,2655,1842,-32,0,0,-16,5000,5000,5000,5000,-50.24,43.42,-182.18,10.431546315358183,2.908802172147915,65.25235537691084,0.3314384572598493,0.039754417288995335,0.942638920984713
,1608,0,0.7301269531249999,0.6546181984453587,-0.7301269531249999,-0.6546181984453587,2576,2822,2036,1427,2577,2823,2084,1467,0,-1,-219,-153,5000,5000,4900,5000,-34.62,82.2,-206.68,-27.441157238158723,-23.085618513720334,49.82279871595869,-0.6604776205019488,-0.6296310472935339,0.4090648568382903
,1609,0,-0.813623046875,-0.40093735711019673,0.813623046875,0.40093735711019673,1570,2134,3042,2115,1629,2154,3043,2116,-277,-61,0,0,5000,5000,4700,5000,-35.24,20.03,-173.02,33.47355791624326,12.79975623796642,50.17812474803477,0.8700050820316545,0.29495838012345704,0.3950831700212503
,1610,0,0.1363769531250001,0.23239597622313668,-0.1363769531250001,-0.23239597622313668,2189,2546,2423,1703,2189,2546,2431,1716,0,0,-30,-37,5000,5000,5000,4900,-50.34,57.34,-193.38,-3.0751361382355924,-8.785280688648527,65.43770677995067,-0.06998271283235433,-0.293132936431066,0.9535069488388245
,1611,0,-0.338623046875,0.8657293095564698,0.338623046875,-0.8657293095564698,1879,2959,2733,1290,1892,2960,2732,1353,-24,0,18,-306,5000,5100,5100,5000,-34.24,47.52,-219.4,7.675286714767168,-34.54810503155554,49.51953821826763,0.21433045361658387,-0.9057480358936087,0.3656267935031276
,1612,0,0.611376953125,-0.7527892089620485,-0.611376953125,0.7527892089620485,2499,1904,2113,2345,2499,1960,2146,2345,0,-252,-125,0,5100,5000,4800,4700,-34.300000000000004,74.07000000000001,-153.8,-21.225060558394816,30.049717516534457,49.122865133586465,-0.5245561263610798,0.7415295996599482,0.4182998005321248
,1613,0,-0.576123046875,-0.11945587562871518,0.576123046875,0.11945587562871518,1724,2317,2888,1932,1765,2318,2888,1933,-163,-5,0,0,4900,5000,4900,5000,-43.480000000000004,27.61,-182.32,26.23533235124454,3.291264729070008,58.48719689210977,0.7356745733693364,0.049888269600618186,0.6754954349617037
,1614,0,0.3738769531249999,0.5138774577046181,-0.3738769531249999,-0.5138774577046181,2344,2730,2268,1519,2344,2731,2289,1549,0,0,-75,-107,5000,5000,5000,4900,-44.02,67.39,-204.52,-12.717422935710168,-20.325529941396297,59.20124524317343,-0.31158947073952753,-0.6106168076882434,0.7280515887578844
,1615,0,-0.10112304687499996,-0.5416780978509373,0.10112304687499996,0.5416780978509373,2034,2042,2578,2207,2035,2083,2578,2208,-7,-159,0,0,5000,5000,5000,5000,-44.12,51.230000000000004,-158.43,1.7685684897122584,26.31720396290163,58.96645521901738,0.08795846012144264,0.6774581212636934,0.7302833718680245
,1616,0,0.848876953125,0.09165523548239607,-0.848876953125,-0.09165523548239607,2653,2455,1959,1794,2653,2456,2024,1795,0,-11,-334,0,5100,5000,4800,4600,-35.59,90.36,-181.65,-36.49909211553977,1.6398599210780844,50.61774017760431,-0.8953981945618298,0.034286189337653615,0.44394428749125486
,1617,0,-0.8729980468749999,0.7249885688157292,0.8729980468749999,-0.7249885688157292,1531,2868,3081,1381,1593,2869,3081,1423,-289,0,19,-175,5000,5000,5000,4600,-29.53,24.3,-209.84,30.53444243006339,-24.190155963649033,44.73226434992722,0.7600249522722999,-0.6198895701152493,0.1951896328850986
,1618,0,0.07700195312499991,-0.3305669867398263,-0.07700195312499991,0.3305669867398263,2150,2180,2462,2069,2151,2203,2464,2069,0,-73,-23,0,5000,5000,5000,5000,-48.67,52.480000000000004,-167.95000000000002,0.863631683093196,16.790991651380693,63.58465490849087,0.05956751223565862,0.4350328395512172,0.8984420626829867
,1619,0,-0.39799804687499996,0.3027663465935071,0.39799804687499996,-0.3027663465935071,1841,2592,2771,1657,1866,2593,2771,1672,-73,0,0,-45,4900,5000,4900,4900,-46.81,37.47,-195.6,16.86153809167509,-10.311842876044011,61.91565786796355,0.5051103646487385,-0.32617176736049697,0.799046617977542
,1620,0,0.552001953125,0.9360996799268404,-0.552001953125,-0.9360996799268404,2460,3005,2152,1244,2461,3006,2183,1311,0,0,-110,-331,4700,5000,5100,4800,-29.89,71.79,-219.02,-16.593236797382367,-35.07530487346864,45.17665589578504,-0.35311050739288613,-0.9055806663784784,0.23502473540086982
,1621,0,-0.635498046875,-0.9326245999085505,0.635498046875,0.9326245999085505,1686,1787,2926,2462,1722,1859,2927,2463,-124,-359,-12,0,4700,5000,4900,5000,-27.830000000000002,31.96,-149.63,20.70607338015704,35.69050755853374,42.60647085996342,0.5614302523995832,0.8083275097614977,0.17720809420936667
,1622,0,0.31450195312499996,-0.2992912665752172,-0.31450195312499996,0.2992912665752172,2305,2200,2307,2049,2305,2212,2328,2049,0,-30,-70,0,5000,5000,5000,5000,-47.57,64.82000000000001,-169.28,-11.420482619148565,15.008690380085937,62.499096071853934,-0.2935143602490561,0.36344111119846195,0.8841718605669459
,1623,0,-0.16049804687500002,0.3340420667581161,0.16049804687500002,-0.3340420667581161,1995,2613,2617,1636,2001,2614,2617,1657,-13,0,0,-65,5000,5000,5000,4900,-48.9,49.29,-198.37,5.149513684570479,-13.491647320745955,64.03006747370209,0.17223796268225697,-0.4341993020035098,0.8841974046279087
,1624,0,0.789501953125,-0.7215134887974394,-0.789501953125,0.7215134887974394,2615,1925,1997,2324,2616,1970,2047,2324,0,-186,-231,0,4900,4900,4700,4900,-30.96,81.03,-157.56,-28.045295980179176,26.017248824513075,45.812519979481685,-0.7029019488416932,0.6372964195837779,0.31588308580904867
,1625,0,-0.7542480468749999,-0.08818015546410607,0.7542480468749999,0.08818015546410607,1608,2338,3004,1911,1663,2339,3004,1910,-250,0,0,10,5000,5000,5100,5000,-38.2,20.78,-183.11,33.088640758138034,2.710633087780934,53.21022514904188,0.874794728001811,0.028842264194154785,0.4836344773239312
,1626,0,0.19575195312500004,0.5451531778692271,-0.19575195312500004,-0.5451531778692271,2228,2750,2384,1499,2228,2751,2393,1535,0,0,-30,-134,4900,5000,4900,4900,-44.57,57.980000000000004,-207.57,-3.2033939324796634,-23.029931761222485,59.76919147531992,-0.057007041933306316,-0.6762314751382906,0.7344802170258264
,1627,0,-0.27924804687499993,-0.5104023776863283,0.27924804687499993,0.5104023776863283,1918,2062,2694,2187,1931,2098,2694,2188,-25,-137,0,-3,4900,5000,4800,5000,-44.26,42.78,-161.25,10.314863170547476,23.805075074388583,59.1231577264186,0.32152721478294444,0.6066458423315145,0.727049566491728
,1628,0,0.6707519531249999,0.12293095564700507,-0.6707519531249999,-0.12293095564700507,2537,2475,2075,1774,2537,2475,2123,1776,0,0,-212,-17,5000,5000,4900,4900,-41.43,83.4,-182.63,-29.507422012529005,0.9533703732593608,56.46178682965981,-0.7594769634950652,-0.011120501634328948,0.6504391411682695
,1629,0,-0.516748046875,0.7562642889803382,0.516748046875,-0.7562642889803382,1763,2888,2849,1361,1791,2889,2849,1410,-88,0,0,-213,5100,5000,4700,4800,-36.26,38.87,-214.57,16.145613657862096,-29.394783836956606,51.501618474558434,0.4379806089843438,-0.7898687757170595,0.4292788176709117
,1630,0,0.4332519531250001,-0.8622542295381801,-0.4332519531250001,0.8622542295381801,2382,1833,2230,2416,2383,1901,2249,2417,0,-327,-66,0,4800,4800,4700,5000,-33.54,64.61,-147.99,-11.981029033686518,36.19177807885529,48.31771097506618,-0.2787937290046656,0.8858775689046268,0.37080316824334314
,1631,0,-0.041748046875,-0.2289208962048468,0.041748046875,0.2289208962048468,2073,2246,2539,2003,2075,2255,2540,2003,-7,-27,0,17,5000,5000,5000,5000,-49.79,53.36,-171.29,0.1049133373622837,13.429482314363042,64.72877092052565,0.04505437104172288,0.3252134783155766,0.9445667245737162
,1632,0,0.908251953125,0.4044124371284865,-0.908251953125,-0.4044124371284865,2692,2659,1920,1590,2692,2660,1987,1609,0,0,-347,-61,5000,5000,5000,5000,-33.35,90.15,-193.01,-35.8795405405923,-9.720849683453224,48.45863547252635,-0.8858731687036532,-0.2912099135344719,0.36114472892483784
,1633,0,-0.9026855468749999,-0.6511431184270691,0.9026855468749999,0.6511431184270691,1512,1971,3100,2278,1575,2008,3101,2278,-298,-133,0,0,5000,4600,5000,5000,-28.77,19.41,-163.49,33.7482699401554,22.299529016610563,43.64015484461294,0.8388973384798802,0.5117740226971762,0.18530678666396208
,1634,0,0.047314453125000044,-0.017809785093735764,-0.047314453125000044,0.017809785093735764,2131,2383,2481,1866,2132,2384,2484,1866,-3,0,-22,0,5000,5000,5000,5000,-51.5,54.06,-181.01,-0.24356915100970156,3.7029966573468016,66.50824745005761,0.0074632651718169515,0.05438366330470097,0.9984922217215997
,1635,0,-0.42768554687499993,0.6155235482395973,0.42768554687499993,-0.6155235482395973,1821,2796,2791,1453,1843,2796,2790,1494,-63,0,19,-167,5000,4800,4900,4800,-40.980000000000004,39.81,-209.36,15.018859671876584,-24.188566630153105,56.18476142034269,0.4191704354053713,-0.6827886221198702,0.5984110991498407
,1636,0,0.5223144531249999,-0.44003200731595793,-0.5223144531249999,0.44003200731595793,2440,2108,2172,2141,2441,2134,2205,2142,0,-88,-129,0,4900,4900,5100,4900,-42.68,73.94,-165.55,-20.66986344481721,18.372139791361178,57.586300289456204,-0.5327314705398813,0.4608941943502753,0.7097701895054667
,1637,0,-0.665185546875,0.19330132601737526,0.665185546875,-0.19330132601737526,1666,2521,2946,1728,1713,2521,2946,1733,-198,0,0,-20,4900,4900,5000,5000,-41.28,24.87,-188.62,29.200614214614596,-2.9212761952269375,56.33103392639859,0.7974496661076548,-0.11487845515822195,0.592348690017333
,1638,0,0.2848144531250001,0.8266346593507086,-0.2848144531250001,-0.8266346593507086,2286,2934,2326,1315,2286,2935,2338,1376,0,0,-36,-296,5000,5100,5100,5000,-36.03,60.24,-217.75,-5.095722101999691,-33.34552279310168,51.30283005131642,-0.09535796567295039,-0.8979314271105281,0.42968128955071544
,1639,0,-0.190185546875,-0.7918838591678097,0.190185546875,0.7918838591678097,1976,1879,2636,2370,1980,1942,2637,2371,-7,-301,-21,0,4900,5000,4900,4800,-36.27,48.800000000000004,-149.32,3.8670627939432904,35.452740714323596,51.05078784863547,0.14334912338389028,0.8730232581853711,0.46613455084607164
,1640,0,0.759814453125,-0.15855052583447649,-0.759814453125,0.15855052583447649,2595,2292,2017,1957,2596,2293,2074,1958,0,-7,-282,0,4900,4900,5000,5000,-38.300000000000004,86.5,-179.06,-32.73469892348207,4.386746563398333,53.307676546709025,-0.8317994714820569,0.059094173275147176,0.5519216592299107
,1641,0,-0.783935546875,0.4747828074988567,0.783935546875,-0.4747828074988567,1589,2705,3023,1544,1644,2706,3024,1568,-254,0,0,-76,5100,4900,5000,4700,-36.19,23.59,-200.55,30.909634022082866,-14.833313028622314,51.32563386471389,0.8096760193217888,-0.41293578802926817,0.4170237147931388
,1642,0,0.16606445312499996,-0.5807727480566987,-0.16606445312499996,0.5807727480566987,2208,2016,2404,2233,2208,2058,2410,2234,-2,-166,-27,-2,5000,5000,5000,4700,-43.09,54.08,-156.81,-1.138191280636228,27.825902574648296,57.92608214343477,0.006600550447634656,0.7145607639261459,0.6995422413200444
,1643,0,-0.308935546875,0.05256058527663465,0.308935546875,-0.05256058527663465,1899,2429,2713,1820,1918,2430,2714,1823,-51,0,-5,-16,5000,5000,5000,5000,-49.11,39.38,-183.08,14.501235662611307,2.1471558796399393,64.12717826109163,0.44592742293699406,0.02201227524215844,0.8947984092584399
,1644,0,0.641064453125,0.6858939186099677,-0.641064453125,-0.6858939186099677,2518,2842,2094,1407,2518,2843,2134,1449,0,0,-161,-170,5100,4900,5000,4900,-35.88,78.23,-209.11,-23.385859581822572,-25.361706966377795,51.098487656960295,-0.5575829362741894,-0.7004126225891801,0.44555967871161756
,1645,0,-0.546435546875,-0.3696616369455875,0.546435546875,0.3696616369455875,1744,2154,2868,2095,1778,2175,2868,2095,-122,-64,0,0,5000,5000,4900,4900,-42.77,30.03,-171.27,23.417987805800724,14.241381406158268,57.69946948341358,0.6655142054100005,0.3436509147685832,0.6625668956235374
,1646,0,0.403564453125,0.2636716963877459,-0.403564453125,-0.2636716963877459,2363,2567,2249,1682,2363,2568,2274,1694,0,0,-93,-33,5000,5000,5000,4800,-47.33,71.02,-192.6,-16.77480501154703,-8.520995862268876,62.42770241248425,-0.4358563547349119,-0.2849984301550581,0.8537008450542537
,1647,0,-0.07143554687499998,0.897005029721079,0.07143554687499998,-0.897005029721079,2053,2980,2559,1269,2054,2981,2559,1338,0,0,0,-348,5000,5000,4800,4700,-33.3,57.660000000000004,-220.82,-2.4069898281765134,-36.339805273083215,48.59373588725029,-0.028421192978517692,-0.941790614982965,0.3349965273248155
,1648,0,0.8785644531249999,-0.9091678097850937,-0.8785644531249999,0.9091678097850937,2673,1802,1939,2447,2673,1867,1994,2448,0,-297,-264,0,4900,4800,5100,5000,-24.96,81.64,-151.18,-28.88602466969232,32.328115412809666,39.76746926213024,-0.6806416112620333,0.7277495728449948,0.08430632385859525
,1649,0,-0.843310546875,-0.2758344764517604,0.843310546875,0.2758344764517604,1550,2215,3062,2034,1616,2222,3063,2035,-325,-22,0,0,5100,5000,5100,4900,-35.29,18.64,-178.46,35.05900148571839,7.4139609839153024,50.26631867894921,0.9078943440073783,0.15396073086553919,0.3899024922602589
,1650,0,0.106689453125,0.3574988568815727,-0.106689453125,-0.3574988568815727,2170,2628,2442,1621,2171,2629,2446,1643,0,0,-24,-70,5000,4900,5000,4900,-48.660000000000004,54.84,-199.63,-0.35142821844002725,-14.952807855552862,63.80127046492355,0.008777410923227733,-0.4682092838948998,0.883574005690587
,1651,0,-0.368310546875,-0.6980566986739827,0.368310546875,0.6980566986739827,1860,1940,2752,2309,1876,1992,2753,2309,-35,-228,-21,0,5000,4800,5000,4800,-38.61,40.33,-154.36,12.5137836794025,30.738529560595282,53.42324040390974,0.3738256858660042,0.759910530862844,0.531780350963217
,1652,0,0.5816894531249999,-0.06472336534064937,-0.5816894531249999,0.06472336534064937,2479,2353,2133,1896,2480,2354,2176,1896,0,-2,-181,0,5000,5000,4900,5000,-43.660000000000004,79.65,-179.72,-25.86457526805519,4.012646499798706,58.66949994006679,-0.6760080721536728,0.05834786832657469,0.734580569199063
,1653,0,-0.6058105468749999,0.5686099679926839,0.6058105468749999,-0.5686099679926839,1705,2766,2907,1483,1744,2766,2907,1516,-147,0,0,-119,5000,4800,5100,4900,-39.18,32.12,-206.19,22.58917949619268,-20.756017490570855,54.35914805439692,0.6168078681928406,-0.5831816003294823,0.5286277279641569
,1654,0,0.34418945312500004,-0.48694558756287154,-0.34418945312500004,0.48694558756287154,2324,2078,2288,2171,2324,2109,2307,2172,0,-111,-64,0,5000,4900,5000,5000,-44.33,64.42,-161.82,-11.290454693122527,22.454964915213935,59.205877541911285,-0.2786419792161239,0.5839270249297316,0.7624879520197246
,1655,0,-0.13081054687500004,0.14638774577046187,0.13081054687500004,-0.14638774577046187,2015,2490,2597,1759,2021,2490,2597,1766,-14,0,0,-25,5000,5000,5000,4900,-50.94,49.08,-189.22,5.029423851797539,-4.325710405724834,66.00475198063413,0.17774308060953647,-0.16427768051859354,0.9702681283948592
,1656,0,0.8191894531249999,0.7797210791037952,-0.8191894531249999,-0.7797210791037952,2634,2903,1978,1346,2634,2904,2031,1396,0,0,-254,-210,5000,5100,4900,4800,-29.34,84.18,-210.08,-29.29790779478725,-26.592439422951372,44.56794529449777,-0.6763942387807446,-0.6984674905331997,0.23373916747621035
,1657,0,-0.7245605468749999,-0.8387974394147233,0.7245605468749999,0.8387974394147233,1628,1848,2984,2401,1673,1909,2984,2402,-177,-284,0,0,5000,4800,5100,5000,-28.96,27.48,-153.89000000000001,25.337069069373133,31.603136643457503,43.76499489037934,0.6607251235672075,0.721051362675219,0.20863183714694178
,1658,0,0.2254394531249999,-0.2054641060813901,-0.2254394531249999,0.2054641060813901,2247,2261,2365,1988,2247,2268,2380,1989,0,-24,-46,0,5000,5000,5000,5000,-49.51,61.33,-173.39000000000001,-7.784140004777171,11.041266403798232,64.46692720873641,-0.1993263346675858,0.257178245331214,0.9455836094372321
,1659,0,-0.24956054687499996,0.42786922725194354,0.24956054687499996,-0.42786922725194354,1937,2674,2675,1575,1949,2675,2675,1603,-26,-3,0,-102,5000,4900,5000,5000,-46.910000000000004,46.13,-202.15,8.443599322070803,-17.169238170359336,62.065779980575385,0.2558123266144905,-0.5210627047739788,0.8142811008771517
,1660,0,0.700439453125,-0.6276863283036123,-0.700439453125,0.6276863283036123,2557,1986,2055,2263,2557,2026,2099,2263,0,-154,-195,0,4900,4900,4900,4800,-35.300000000000004,78.9,-159.89000000000001,-25.831968622116293,23.796656828798604,50.16815462837261,-0.6617810506208404,0.5910918564434086,0.4611466776259602
,1661,0,-0.487060546875,0.005647005029721042,0.487060546875,-0.005647005029721042,1782,2399,2830,1850,1816,2400,2830,1850,-124,0,0,17,5000,5000,5000,5000,-45.81,31.54,-182.58,22.317609854392632,2.9062260960173205,60.82056263470508,0.6443469773288069,0.03895978297428748,0.7637402098343562
,1662,0,0.46293945312499996,0.6389803383630541,-0.46293945312499996,-0.6389803383630541,2402,2812,2210,1437,2403,2812,2234,1478,0,0,-84,-166,5000,5000,5000,4900,-39.94,71.03,-209.11,-16.189970630849118,-25.072895401058616,55.15550257990499,-0.38772148615362795,-0.7115427265612989,0.5859854925273611
,1663,0,-0.012060546875000022,-0.4165752171925011,0.012060546875000022,0.4165752171925011,2092,2123,2520,2126,2093,2154,2522,2128,0,-109,-21,-13,5000,5000,5000,4900,-47.08,53.35,-163.81,-0.15545075014068033,20.885448693587165,61.96555252636672,0.036892421643391834,0.5465391049691709,0.8366205567428905
,1664,0,0.937939453125,0.2167581161408323,-0.937939453125,-0.2167581161408323,2711,2536,1901,1713,2711,2536,1976,1719,0,-1,-413,-19,5000,5100,4600,4600,-32.980000000000004,92.68,-185.28,-38.68693841954172,-2.090030241043962,48.03459327342515,-0.9348622860020822,-0.06105526442577842,0.3497209757747722
,1665,0,-0.9397949218749999,0.8500914494741654,0.9397949218749999,-0.8500914494741654,1487,2949,3125,1300,1553,2950,3125,1351,-321,0,18,-230,4900,4700,5100,5100,-24.92,24.28,-213.55,30.68767311770836,-27.92980703343801,40.14880165971253,0.7339807094860006,-0.6777326702694431,0.04416724750171194
,1666,0,0.010205078125000044,-0.768427069044353,-0.010205078125000044,0.768427069044353,2107,1894,2505,2355,2108,1956,2505,2355,0,-297,20,0,5100,4800,5000,5000,-37.11,50.44,-149.76,2.244131966049146,34.959842305575165,51.89455718116901,0.09928030611850923,0.8648959836710015,0.4920349156785375
,1667,0,-0.464794921875,-0.13509373571101968,0.464794921875,0.13509373571101968,1797,2307,2815,1942,1827,2309,2815,1943,-103,-13,0,0,5000,5000,5000,5000,-45.86,32.12,-179.84,21.63910201185016,5.623795569284397,60.851275263627784,0.6304858562083365,0.11234733131903635,0.7680271233926126
,1668,0,0.4852050781249999,0.49823959762231373,-0.4852050781249999,-0.49823959762231373,2416,2720,2196,1529,2417,2721,2225,1556,0,0,-112,-92,5000,4900,4800,4800,-42.77,73.08,-202.83,-18.464890200917637,-18.850944644586292,57.941515812779635,-0.4577372382623584,-0.5638496194471576,0.6874228882989307
,1669,0,-0.702294921875,-0.5573159579332418,0.702294921875,0.5573159579332418,1642,2032,2970,2217,1686,2066,2970,2218,-177,-121,0,0,5000,4700,5100,4900,-36.08,25.03,-164.74,28.17809149115734,20.899691418717538,50.96112245455649,0.756870420256841,0.4918057721062085,0.4304349538121281
,1670,0,0.2477050781250001,0.07601737540009124,-0.2477050781250001,-0.07601737540009124,2261,2445,2351,1804,2261,2445,2367,1807,0,0,-55,-17,5000,5000,5000,4900,-50.38,64.08,-184.20000000000002,-10.142066238640808,0.1455414358719338,65.41501016869557,-0.264816479160813,-0.045600466267479184,0.9632200318935745
,1671,0,-0.227294921875,0.7093507087334245,0.227294921875,-0.7093507087334245,1952,2857,2660,1392,1959,2858,2660,1441,-13,0,0,-217,4800,4900,4800,5000,-39.87,50.93,-214.43,4.088934229857266,-29.664377288286772,55.11535622670996,0.12904220712989953,-0.8166822579650042,0.5624750646066239
,1672,0,0.722705078125,-0.3462048468221308,-0.722705078125,0.3462048468221308,2571,2169,2041,2080,2572,2187,2090,2080,0,-53,-227,0,5100,5000,5100,4700,-39.07,83.37,-172.44,-29.845559238367215,11.120720722806368,54.0292469870121,-0.7755366125706615,0.2444901146915801,0.5820374097775173
,1673,0,-0.821044921875,0.2871284865112025,0.821044921875,-0.2871284865112025,1565,2582,3047,1667,1627,2583,3048,1677,-296,0,0,-30,5000,4800,5000,4800,-36.43,20.09,-191.89000000000001,34.09482862626679,-6.05114699149712,51.502537877789756,0.8869824046093064,-0.1914330683128273,0.4202565814711633
,1674,0,0.12895507812499996,0.9204618198445356,-0.12895507812499996,-0.9204618198445356,2184,2995,2428,1254,2184,2996,2429,1323,0,0,0,-348,5100,5000,5100,4700,-32.43,53.74,-221.75,1.5438976234541997,-37.13390745587208,47.728813886236914,0.07321668349719022,-0.9528428697035878,0.29449920698145177
,1675,0,-0.346044921875,-0.8857110196616369,0.346044921875,0.8857110196616369,1874,1818,2738,2431,1886,1889,2739,2431,-22,-352,-19,0,5100,4800,5100,4600,-32.49,43.15,-147.59,9.450401773242383,37.35851646721051,47.256299131832165,0.297293683442064,0.8918259632358536,0.3409734844293487
,1676,0,0.603955078125,-0.2523776863283036,-0.603955078125,0.2523776863283036,2494,2230,2118,2019,2495,2237,2161,2020,0,-21,-185,0,5000,5000,5000,4900,-42.99,79.24,-174.29,-25.650919290953524,9.448988552068045,57.96067258860756,-0.6766794027184273,0.20478983928156655,0.7072242272883915
,1677,0,-0.583544921875,0.3809556470050297,0.583544921875,-0.3809556470050297,1720,2643,2892,1606,1758,2644,2892,1626,-143,0,0,-62,5000,4900,5000,5000,-42.52,30.36,-197.72,24.042808270070367,-12.204406986743919,57.638023041125095,0.6673550895338685,-0.3749727719620834,0.6434536539334541
,1678,0,0.366455078125,-0.6745999085505259,-0.366455078125,0.6745999085505259,2339,1955,2273,2294,2339,2001,2292,2294,0,-190,-67,0,5000,5000,5100,5000,-39.49,62.83,-153.97,-9.98550671858569,30.322509775251376,54.309445304143594,-0.23192094045773815,0.7735711980151712,0.5897459444358826
,1679,0,-0.10854492187499998,-0.04126657521719257,0.10854492187499998,0.04126657521719257,2029,2368,2583,1881,2034,2369,2583,1881,-12,0,0,0,5000,5000,5000,5000,-51.13,48.71,-180.39000000000001,5.080514971182218,4.513021072390387,66.13169903768926,0.18769482681719565,0.07469704409897077,0.9793829708489624
,1680,0,0.8414550781249999,0.5920667581161407,-0.8414550781249999,-0.5920667581161407,2649,2781,1963,1468,2649,2781,2019,1501,0,0,-270,-124,5000,4900,5100,4900,-32.78,87.18,-202.45000000000002,-32.570845831008754,-19.051337076451432,47.95470658084012,-0.780494138442905,-0.5223062322966806,0.3435478126262966
,1681,0,-0.880419921875,-0.46348879743941473,0.880419921875,0.46348879743941473,1526,2093,3086,2156,1590,2115,3087,2157,-307,-72,0,0,5000,4900,5100,5000,-32.49,18.43,-170.97,34.99813330592316,14.886496672929155,47.412951292666385,0.8892872599110954,0.3437645009191809,0.301652345039124
,1682,0,0.069580078125,0.16984453589391868,-0.069580078125,-0.16984453589391868,2145,2506,2467,1743,2146,2506,2470,1751,0,-9,-24,-28,5000,5000,5000,5000,-51.01,54.21,-190.88,-0.037310490553075226,-6.169230912082128,66.08862835802998,0.012540491288478227,-0.2158954606755588,0.9763359494241374
,1683,0,-0.405419921875,0.8031778692272518,0.405419921875,-0.8031778692272518,1836,2919,2776,1330,1854,2920,2775,1387,-48,0,20,-269,5000,4900,5100,4900,-35.78,43.59,-216.65,11.503692357951813,-31.64714627416899,51.038336598295174,0.3107747722520615,-0.8513361957115673,0.4226650243431974
,1684,0,0.5445800781249999,-0.8153406492912665,-0.5445800781249999,0.8153406492912665,2455,1863,2157,2386,2456,1927,2186,2387,0,-311,-105,0,4800,5000,5000,4800,-33.72,70.13,-150.47,-17.40789787364811,33.5155220712019,48.5175818717792,-0.4204611051523439,0.8174590637541275,0.3936662776264872
,1685,0,-0.6429199218749999,-0.1820073159579333,0.6429199218749999,0.1820073159579333,1681,2276,2931,1973,1728,2279,2931,1974,-199,-16,0,0,5000,5000,4900,5000,-41.71,25.37,-180.3,28.400713543766084,5.378113884820607,56.701956042191505,0.7824073674124512,0.10735387186579365,0.6134442579518863
,1686,0,0.30708007812500004,0.4513260173754001,-0.30708007812500004,-0.4513260173754001,2300,2689,2312,1560,2300,2690,2329,1587,0,0,-54,-90,5000,5000,5000,4900,-46.050000000000004,64.59,-202.38,-9.996194729737383,-18.071445069955956,61.21482872626072,-0.24474086421229096,-0.5477829460658328,0.8000223455529586
,1687,0,-0.16791992187500004,-0.6042295381801555,0.16791992187500004,0.6042295381801555,1991,2001,2621,2248,1994,2047,2621,2248,-6,-192,0,0,5000,4900,4900,5000,-42.42,48.78,-156.33,4.140935475194283,28.49207726694516,57.250558661076404,0.14926347540986515,0.7271166061007541,0.6700909311735903
,1688,0,0.7820800781249999,0.029103795153177958,-0.7820800781249999,-0.029103795153177958,2610,2414,2002,1835,2611,2415,2061,1836,0,0,-296,0,4900,5100,4800,4700,-38.550000000000004,86.7,-179.78,-32.90854644119746,3.661799192133941,53.56287911229377,-0.8487182841852433,0.04211531558610292,0.527165604229581
,1689,0,-0.7616699218749999,0.6624371284865109,0.7616699218749999,-0.6624371284865109,1603,2827,3009,1422,1654,2828,3010,1461,-222,0,0,-151,5000,5000,5100,5000,-33.82,27.240000000000002,-208.52,27.549329126187814,-22.94655352019734,49.013928924092966,0.7153599557284849,-0.6106962113727747,0.3395736608676801
,1690,0,0.1883300781249999,-0.3931184270690443,-0.1883300781249999,0.3931184270690443,2223,2139,2389,2110,2223,2165,2398,2110,0,-86,-32,-1,5000,5000,5000,5000,-47.39,57.480000000000004,-165.26,-4.230381731538458,19.289588369673822,62.28752662998963,-0.08381612526632327,0.5032629178779698,0.8600588890502161
,1691,0,-0.28666992187499996,0.24021490626428887,0.28666992187499996,-0.24021490626428887,1913,2552,2699,1697,1930,2552,2699,1710,-37,0,0,-36,5000,5000,5000,5000,-49.0,42.21,-192.98000000000002,12.030377539657657,-7.8490629052631675,64.08883584874451,0.3779979254848956,-0.26481286152568667,0.8871255360430635
,1692,0,0.663330078125,0.8735482395976222,-0.663330078125,-0.8735482395976222,2532,2964,2080,1285,2532,2965,2119,1343,0,0,-155,-268,4600,5100,4900,5000,-30.51,77.24,-215.84,-22.15437076067471,-32.08972733718116,45.77616887907383,-0.4959597585231835,-0.8293892560437673,0.25717188781978345
,1693,0,-0.524169921875,-0.7449702789208962,0.524169921875,0.7449702789208962,1758,1909,2854,2340,1785,1963,2854,2340,-85,-238,0,0,4900,4700,5000,4900,-35.53,34.33,-154.6,18.51809645371065,30.693263760555368,50.34262697220062,0.528409305686378,0.736421436216557,0.42245363526046675
,1694,0,0.42583007812499996,-0.11163694558756287,-0.42583007812499996,0.11163694558756287,2378,2322,2234,1927,2379,2324,2262,1928,0,-15,-108,0,5000,4900,5000,5000,-47.33,72.75,-179.84,-18.964215501486862,4.167930222027707,62.33749967528159,-0.5008030491619461,0.06299296026070095,0.8632660035630335
,1695,0,-0.04916992187500002,0.5216963877457703,0.04916992187500002,-0.5216963877457703,2068,2735,2544,1514,2069,2736,2545,1548,0,0,0,-130,5000,5000,5000,5000,-45.12,56.620000000000005,-207.24,-1.8561119107396493,-22.64714897417423,60.316282410938214,-0.02051989604165797,-0.660363963457245,0.7506652846865087
,1696,0,0.900830078125,-0.5338591678097852,-0.900830078125,0.5338591678097852,2687,2047,1925,2202,2687,2076,1990,2203,0,-103,-330,0,4700,4800,4800,4800,-30.94,88.62,-166.19,-35.31887708220583,17.119022232369417,45.85703365275002,-0.8531126731091841,0.4031923297808806,0.3311113289912743
,1697,0,-0.9101074218749999,0.09947416552354826,0.9101074218749999,-0.09947416552354826,1507,2460,3105,1789,1575,2460,3106,1790,-340,0,0,-16,4900,5100,5100,5000,-33.0,16.0,-185.5,37.95104394201731,0.4576699579367016,48.02546937726602,0.9525615816483255,-0.02772076374418064,0.30308083480332426
,1698,0,0.03989257812500002,0.7328074988568813,-0.03989257812500002,-0.7328074988568813,2126,2873,2486,1376,2127,2874,2486,1426,0,0,0,-223,4800,5000,5100,5000,-38.800000000000004,52.550000000000004,-215.83,2.520366066128595,-31.129528545214896,54.05600467502431,0.0956964598549338,-0.8508099387228262,0.5166862062622664
,1699,0,-0.43510742187499996,-0.322748056698674,0.43510742187499996,0.322748056698674,1816,2185,2796,2064,1841,2206,2796,2065,-77,-65,0,-16,5000,5000,5000,5000,-45.53,34.29,-172.91,19.22034912560517,12.468434412495895,60.47278671521193,0.5671349983758869,0.3095092314724556,0.7632574462463585
,1700,0,0.514892578125,0.3105852766346593,-0.514892578125,-0.3105852766346593,2436,2597,2176,1652,2437,2598,2211,1664,0,0,-143,-35,5000,5000,5000,5000,-44.69,75.85000000000001,-193.89000000000001,-21.55547618102861,-10.003270829876612,59.798892018086946,-0.558408511702756,-0.31938408816751757,0.7656198392696706
,1701,0,-0.672607421875,0.9439186099679926,0.672607421875,-0.9439186099679926,1662,3010,2950,1239,1703,3010,2950,1306,-156,0,0,-336,5000,4700,4900,4800,-28.43,35.6,-219.45000000000002,19.588494710084174,-34.20931830192947,43.7052713846811,0.494549395543046,-0.8539515666456954,0.16182588541815646
,1702,0,0.27739257812499996,-0.9456561499771375,-0.27739257812499996,0.9456561499771375,2281,1779,2331,2470,2281,1857,2339,2471,0,-407,-31,0,5000,4600,4800,4600,-30.91,57.31,-144.55,-4.8103186175891395,39.87414861174415,45.660351498633915,-0.059320061108852185,0.9543276098012756,0.2928138376529115
,1703,0,-0.19760742187500002,-0.31232281664380435,0.19760742187500002,0.31232281664380435,1971,2191,2641,2058,1980,2202,2641,2058,-17,-31,0,0,5000,5000,5000,5000,-48.01,45.910000000000004,-168.20000000000002,7.4382797746891285,16.773566587353656,62.92382297916423,0.2455930426989183,0.4141214885397804,0.8764630340792955
,1704,0,0.752392578125,0.32101051668952896,-0.752392578125,-0.32101051668952896,2590,2604,2022,1645,2591,2605,2075,1660,0,0,-253,-44,4800,4900,4800,5000,-38.67,85.79,-191.01,-31.593805744513475,-7.526900694741244,53.762508123015685,-0.7965467903610368,-0.24436352838321862,0.5529915702446412
,1705,0,-0.7913574218749999,-0.7345450388660265,0.7913574218749999,0.7345450388660265,1584,1916,3028,2333,1640,1962,3029,2333,-257,-189,0,0,5100,4900,4900,4900,-30.34,24.48,-158.24,28.492313078824527,27.374196235126732,45.17474602572487,0.7316083435934004,0.6366210436021255,0.24385011467592413
,1706,0,0.15864257812500004,-0.10121170553269321,-0.15864257812500004,0.10121170553269321,2203,2329,2409,1920,2203,2331,2420,1921,0,-17,-35,0,5000,5000,5000,5000,-50.78,59.21,-177.94,-5.501119890312495,6.57991720903334,65.7684580456051,-0.13830102678696735,0.13366584319552346,0.9813288278413616
,1707,0,-0.31635742187499993,0.53212162780064,0.31635742187499993,-0.53212162780064,1894,2742,2718,1507,1908,2743,2718,1541,-29,0,0,-128,5000,4900,4900,4900,-44.17,44.32,-206.69,10.415887532068574,-21.66038647437395,59.35746572110503,0.3067752214873902,-0.6297110247262566,0.7136897006539821
,1708,0,0.6336425781249999,-0.5234339277549154,-0.6336425781249999,0.5234339277549154,2513,2054,2099,2195,2513,2084,2139,2196,0,-109,-167,0,4900,4900,5000,4900,-39.11,77.84,-163.22,-24.651927540510258,20.534344456233185,54.001354470479534,-0.6323678951637353,0.5155388525805543,0.5782132276644252
,1709,0,-0.553857421875,0.10989940557841793,0.553857421875,-0.10989940557841793,1739,2467,2873,1782,1777,2467,2873,1784,-147,0,-5,-16,4900,5000,5000,4800,-44.4,29.04,-185.46,24.91972532220161,0.10834366007915719,59.43011343863285,0.7052544349188076,-0.035350094719474555,0.7080724206115344
,1710,0,0.3961425781250001,0.7432327389117512,-0.3961425781250001,-0.7432327389117512,2358,2880,2254,1369,2358,2881,2274,1419,0,0,-66,-222,4900,5000,4900,4900,-38.08,66.55,-214.08,-11.533776633862537,-29.891114112486378,53.329160358065444,-0.2604156193789158,-0.8215725492221367,0.5071511131291486
,1711,0,-0.078857421875,-0.8752857796067672,0.078857421875,0.8752857796067672,2049,1824,2563,2425,2050,1895,2563,2426,0,-352,-3,0,5100,5000,5100,4800,-33.0,51.22,-146.25,1.3373689727609275,38.40999815649488,47.75997068692713,0.07893884243726294,0.9273855707446963,0.36568382836707236
,1712,0,0.871142578125,-0.24195244627343393,-0.871142578125,0.24195244627343393,2668,2237,1944,2012,2668,2240,2011,2012,0,-14,-351,15,4800,4900,5000,5000,-35.51,88.92,-176.16,-35.25818847074282,7.17754304287692,50.49805815358235,-0.8996452082373182,0.11542392719993932,0.4210888461184588
,1713,0,-0.850732421875,0.3913808870598994,0.850732421875,-0.3913808870598994,1545,2650,3067,1599,1604,2651,3068,1616,-276,0,0,-55,5000,4900,4800,4800,-34.89,20.09,-196.09,34.24619622047403,-10.259289098924569,49.992495542250836,0.8823663048433749,-0.29079227095227567,0.36995886153931634
,1714,0,0.09926757812500009,-0.6641746684956562,-0.09926757812500009,0.6641746684956562,2165,1962,2447,2287,2166,2013,2448,2287,0,-222,-23,0,4900,5000,5000,5000,-40.52,50.43,-153.44,2.387432323995256,31.30701868270242,55.330680663757406,0.10197214683902778,0.7893340419620476,0.6054365792293163
,1715,0,-0.375732421875,-0.030841335162322903,0.375732421875,0.030841335162322903,1855,2375,2757,1874,1878,2376,2758,1874,-65,0,-3,0,5000,5000,4900,5000,-47.77,35.94,-180.36,17.84063183002722,4.979906912100802,62.76645976517127,0.5331607790825783,0.09373115301266548,0.8408055985797043
,1716,0,0.574267578125,0.6024919981710102,-0.574267578125,-0.6024919981710102,2474,2788,2138,1461,2475,2789,2174,1498,0,-6,-140,-141,5100,5000,4900,4900,-39.29,76.13,-206.24,-21.39032548700885,-22.39353561851982,54.48711607066855,-0.5219597974899315,-0.6419609361223239,0.5616441278044477
,1717,0,-0.613232421875,-0.45306355738454507,0.613232421875,0.45306355738454507,1700,2100,2912,2149,1739,2126,2912,2150,-151,-90,0,0,4900,5000,5000,5000,-40.21,27.93,-168.01,25.398592893018222,17.556703254689324,55.11547170300802,0.7046962997739693,0.42079243888580453,0.5712590029587392
,1718,0,0.3367675781249999,0.18026977594878812,-0.3367675781249999,-0.18026977594878812,2320,2513,2292,1736,2320,2513,2314,1743,0,0,-78,-26,4900,5000,5000,4900,-48.86,68.23,-188.99,-14.116697403745341,-4.801833602688333,63.9308311602162,-0.368059536898049,-0.1829110233684687,0.9116335529305037
,1719,0,-0.13823242187499996,0.8136031092821214,0.13823242187499996,-0.8136031092821214,2010,2925,2602,1324,2011,2926,2602,1386,-4,0,0,-299,4800,5100,4900,4800,-36.6,56.22,-218.16,-1.063462046257733,-33.60609606374166,51.87412718372293,-0.001373430548189537,-0.8940471515477089,0.44797076299459165
,1720,0,0.811767578125,-0.8049154092363968,-0.811767578125,0.8049154092363968,2629,1870,1983,2379,2629,1930,2033,2380,0,-270,-227,0,4900,4700,4700,4700,-29.2,80.85000000000001,-155.0,-27.958061005964495,28.56945763543959,44.034256713060536,-0.692609224571188,0.6821142842011201,0.2345475758299177
,1721,0,-0.731982421875,-0.17158207590306362,0.731982421875,0.17158207590306362,1623,2283,2989,1966,1676,2285,2989,1967,-238,-17,0,0,4900,5100,4900,4800,-39.160000000000004,22.02,-181.83,31.80338771099291,3.951862496292364,54.16157900552776,0.85098873328106,0.06943234325566165,0.5205740346374615
,1722,0,0.218017578125,0.4617512574302698,-0.218017578125,-0.4617512574302698,2242,2696,2370,1553,2242,2697,2381,1583,0,0,-34,-104,5000,4900,5000,4900,-46.49,59.82,-203.57,-5.186289921550035,-19.0853498912972,61.661385273001684,-0.11523857760751637,-0.5774627025976223,0.8082430929736711
,1723,0,-0.256982421875,-0.5938042981252858,0.256982421875,0.5938042981252858,1932,2008,2680,2241,1943,2052,2680,2241,-21,-176,-7,0,5000,5000,5100,4900,-42.46,44.84,-157.47,8.119519301312089,27.495330302862214,57.297101417173536,0.2589755803569638,0.6982727194993331,0.6673431336140199
,1724,0,0.6930175781249999,0.039529035208047514,-0.6930175781249999,-0.039529035208047514,2552,2421,2060,1828,2552,2422,2111,1829,0,0,-241,0,5000,4900,5000,4800,-40.44,84.42,-180.36,-30.60882839381604,3.1779596661241953,55.456050054289996,-0.7810404103517684,0.04727097543580458,0.6226887924789466
,1725,0,-0.49448242187499997,0.6728623685413806,0.49448242187499997,-0.6728623685413806,1778,2834,2834,1415,1806,2835,2834,1457,-90,0,0,-165,4800,5000,5100,4900,-38.910000000000004,39.02,-211.56,15.88745222620068,-26.373331832623364,54.13016949379188,0.43992161257760437,-0.7293059458377802,0.5240055459179618
,1726,0,0.45551757812500004,-0.38269318701417465,-0.45551757812500004,0.38269318701417465,2397,2146,2215,2103,2398,2169,2240,2103,0,-72,-95,0,4900,4900,5000,4900,-44.65,71.93,-168.07,-18.56993899828629,15.940439768486073,59.573396743484224,-0.4804082505560932,0.4032137604283622,0.7788623602401474
,1727,0,-0.019482421875000044,0.25064014631915876,0.019482421875000044,-0.25064014631915876,2087,2558,2525,1691,2088,2558,2526,1707,0,0,0,-50,5000,5000,5000,5000,-50.27,56.04,-194.72,-1.727629480326371,-10.077955468292288,65.37673366322497,-0.012597024972486194,-0.3283155318848288,0.9444841059991558
,1728,0,0.9305175781249999,0.8839734796524918,-0.9305175781249999,-0.8839734796524918,2707,2971,1905,1278,2707,2972,1963,1337,0,0,-271,-269,4900,4900,4900,4800,-24.900000000000002,86.99,-212.3,-32.02658645037506,-28.94402217424434,40.14499702910275,-0.7020307469576362,-0.7092107476151485,0.06459834203185748
,1729,0,-0.924951171875,-0.9221993598536808,0.924951171875,0.9221993598536808,1497,1794,3115,2455,1560,1859,3116,2456,-293,-299,-1,0,5000,5000,5000,5100,-21.96,22.0,-154.24,30.825130699329343,31.401215982849237,36.76547293580117,0.7424055477094931,0.6698156316300801,-0.013454454807391183
,1730,0,0.025048828124999978,-0.28886602652034754,-0.025048828124999978,0.28886602652034754,2116,2207,2496,2042,2117,2218,2498,2043,0,-32,-22,0,5000,5000,5000,4900,-48.74,49.82,-168.44,3.539593787780923,16.397823024228785,63.65707897147233,0.11941781514855233,0.407377251799613,0.9054187761148655
,1731,0,-0.449951171875,0.34446730681298554,0.449951171875,-0.34446730681298554,1807,2620,2805,1629,1832,2621,2804,1649,-78,0,19,-62,5000,4900,5000,5000,-45.6,35.45,-196.58,18.91541952137871,-11.226908196336183,60.711861152435056,0.54589128895246,-0.35603188844062267,0.7584484129189183
,1732,0,0.500048828125,-0.7110882487425697,-0.500048828125,0.7110882487425697,2426,1931,2186,2318,2427,1978,2216,2318,0,-194,-116,0,5000,4900,5100,4800,-37.31,68.66,-153.13,-15.842337198488273,30.93598388882654,52.125850506188335,-0.3830449434938681,0.7716152752807601,0.5078252043933775
,1733,0,-0.687451171875,-0.0777549154092364,0.687451171875,0.0777549154092364,1652,2344,2960,1905,1701,2345,2960,1904,-212,0,0,15,5000,5000,5000,4800,-40.43,23.400000000000002,-182.03,30.43168676953723,3.711252414979924,55.43352370400345,0.8235140972229619,0.057526593606721854,0.5643715289621342
,1734,0,0.2625488281249999,0.5555784179240968,-0.2625488281249999,-0.5555784179240968,2271,2757,2341,1492,2271,2757,2354,1529,0,0,-39,-139,5000,5000,5000,4900,-44.17,61.39,-207.43,-6.6162822237918775,-23.0159479496987,59.369569198614506,-0.14716977554589197,-0.672132688347073,0.7256574304870771
,1735,0,-0.21245117187499996,-0.4999771376314586,0.21245117187499996,0.4999771376314586,1962,2069,2650,2180,1970,2104,2650,2181,-13,-135,0,0,4900,5000,5000,5000,-44.910000000000004,46.15,-160.96,6.936685000584447,23.977890872683105,59.77242419855855,0.22775444017168653,0.6162156309797018,0.7539271921865995
,1736,0,0.737548828125,0.13335619570187496,-0.737548828125,-0.13335619570187496,2581,2482,2031,1767,2582,2482,2087,1769,0,0,-271,-16,4800,4900,5100,4800,-39.24,85.81,-182.42000000000002,-31.923744074729015,1.0606286412939028,54.27131122932464,-0.8119788029074465,-0.009587812593633352,0.5836081711890777
,1737,0,-0.806201171875,0.766689529035208,0.806201171875,-0.766689529035208,1574,2895,3038,1354,1629,2896,3039,1402,-243,0,0,-195,4900,4900,5100,5000,-30.61,27.52,-212.12,27.39898516283793,-26.577119610435346,45.82976709449037,0.691917528266509,-0.6835958895814638,0.2322644910977393
,1738,0,0.143798828125,-0.8518289894833104,-0.143798828125,0.8518289894833104,2194,1840,2418,2409,2194,1911,2421,2410,0,-350,-22,0,4800,4800,4800,5000,-34.17,50.980000000000004,-147.12,1.6087800700223411,37.55759467089925,48.93604224683655,0.07435305897178868,0.9128757829287978,0.4014093017901702
,1739,0,-0.331201171875,-0.21849565614997712,0.331201171875,0.21849565614997712,1884,2253,2728,1996,1902,2259,2728,1996,-46,-21,0,15,5000,5000,5000,5000,-47.78,38.63,-174.28,14.932944779544513,10.958779462685754,62.73422561686149,0.4553636519348386,0.24776442017190597,0.855135507737485
,1740,0,0.6187988281249999,0.4148376771833564,-0.6187988281249999,-0.4148376771833564,2503,2665,2109,1584,2503,2666,2149,1605,0,0,-162,-69,4900,4900,5000,5000,-41.38,79.84,-197.19,-25.424244872950425,-13.468648549508202,56.51408059752011,-0.6429788574870272,-0.4161595811429226,0.6429536467332804
,1741,0,-0.5687011718749999,-0.6407178783721994,0.5687011718749999,0.6407178783721994,1729,1977,2883,2272,1763,2019,2883,2272,-119,-167,0,0,4900,5000,5000,5000,-37.410000000000004,31.61,-158.82,21.388902340382415,26.5876966761204,52.25155140136353,0.5965154900098999,0.640261243604922,0.4839781091286338
,1742,0,0.38129882812500004,-0.007384545038866097,-0.38129882812500004,0.007384545038866097,2349,2390,2263,1859,2349,2391,2290,1859,0,0,-104,0,5000,4900,5000,5000,-48.26,70.68,-180.38,-16.875941488422725,3.7096367246436444,63.27049416434164,-0.4452441662682188,0.050433377448954986,0.8939877554212977
,1743,0,-0.09370117187500004,0.625948788294467,0.09370117187500004,-0.625948788294467,2039,2803,2573,1446,2040,2803,2573,1492,-5,0,0,-197,5000,5000,5100,4900,-42.480000000000004,56.22,-211.36,-1.3080494913367176,-26.7687556669174,57.705538100444954,-0.005938449770742552,-0.7541642724398555,0.6566589563765829
,1744,0,0.8562988281249999,-0.42960676726108826,-0.8562988281249999,0.42960676726108826,2658,2115,1954,2134,2658,2139,2013,2135,0,-73,-290,0,4900,4900,5000,4800,-34.95,87.46000000000001,-170.74,-33.99483998031623,12.642571397162783,49.898878982892874,-0.8638533024330096,0.2893434233604634,0.4123564662202238
,1745,0,-0.8655761718749999,0.20372656607224515,0.8655761718749999,-0.20372656607224515,1536,2528,3076,1721,1600,2528,3076,1726,-312,0,16,-17,4900,5100,5100,4900,-35.01,17.97,-188.14000000000001,36.07789834538365,-2.2373031263334155,50.05501258914196,0.9233287270899423,-0.09459368852981746,0.37217750579634873
,1746,0,0.08442382812500004,0.8370598994055782,-0.08442382812500004,-0.8370598994055782,2155,2941,2457,1308,2156,2942,2457,1370,0,0,0,-302,4800,4800,5000,4800,-35.4,52.69,-219.17000000000002,2.500519741643828,-34.49657330394942,50.679939551824994,0.09149568968677999,-0.9126767120202282,0.3983086216800802
,1747,0,-0.39057617187499993,-0.78145861911294,0.39057617187499993,0.78145861911294,1845,1886,2767,2363,1861,1946,2768,2363,-36,-282,-10,0,5000,5000,4800,4700,-35.85,40.56,-151.57,12.182841677989146,33.49865238242839,50.643528296497045,0.3737090102798911,0.813522297730763,0.4455592516495241
,1748,0,0.5594238281249999,-0.14812528577960682,-0.5594238281249999,0.14812528577960682,2465,2298,2147,1951,2466,2300,2189,1952,0,-15,-179,0,5000,4900,5100,4900,-44.57,78.17,-178.72,-24.421501831180564,5.071874557891135,59.57176097587439,-0.6446695508926862,0.08473815058869734,0.7597503642556741
,1749,0,-0.628076171875,0.4852080475537266,0.628076171875,-0.4852080475537266,1691,2711,2921,1538,1732,2712,2921,1564,-164,0,0,-85,4900,4900,5000,4900,-40.36,30.310000000000002,-202.4,24.261379000275202,-16.89484226549186,55.51139572733117,0.6624180279484708,-0.4897975828285283,0.5668339122743005
,1750,0,0.3219238281250001,-0.570347508001829,-0.3219238281250001,0.570347508001829,2310,2023,2302,2226,2310,2062,2319,2227,0,-151,-55,0,4900,5000,5000,5000,-42.72,61.980000000000004,-157.95000000000002,-8.991951692868767,26.39892114609995,57.56737419840546,-0.2115728048136983,0.6818763069807318,0.7002011498430888
,1751,0,-0.153076171875,0.0629858253315041,0.153076171875,-0.0629858253315041,2000,2436,2612,1813,2007,2436,2612,1817,-17,0,0,-17,5000,5000,5000,5000,-51.04,47.36,-184.61,6.581932000410127,0.34395769737798787,66.07122193892762,0.22661115883145613,-0.04002109055839953,0.9731627279153169
,1752,0,0.796923828125,0.6963191586648374,-0.796923828125,-0.6963191586648374,2620,2849,1992,1400,2621,2850,2042,1441,0,0,-219,-166,5100,4800,4900,4900,-31.84,84.55,-207.35,-29.765841475794502,-23.85980774488138,47.04858274930397,-0.6998037272995883,-0.6422657909466362,0.31268098285200396
,1753,0,-0.746826171875,-0.35923639689071785,0.746826171875,0.35923639689071785,1613,2161,2999,2088,1664,2178,2999,2088,-221,-51,0,0,4900,4900,4900,5000,-37.9,22.42,-174.09,31.1241139429951,11.663199039052216,52.84663570925718,0.8295013310937726,0.27496677411250686,0.4861283933775331
,1754,0,0.20317382812499996,0.27409693644261535,-0.20317382812499996,-0.27409693644261535,2232,2574,2380,1675,2232,2575,2392,1691,0,0,-39,-46,5000,5000,5000,5000,-49.6,60.68,-194.92000000000002,-6.357483564540686,-10.450058618303473,64.71003252730586,-0.15640529470927664,-0.3386053755245519,0.9278382312950795
,1755,0,-0.271826171875,0.9074302697759487,0.271826171875,-0.9074302697759487,1923,2987,2689,1262,1931,2988,2688,1330,-13,0,16,-337,4800,4800,4800,4900,-33.02,51.660000000000004,-221.20000000000002,3.6027759403645874,-36.50500320557853,48.314048471782684,0.1125454829708848,-0.9397032771774324,0.32294158159773106
,1756,0,0.678173828125,-0.898742569730224,-0.678173828125,0.898742569730224,2542,1809,2070,2440,2542,1878,2108,2441,0,-336,-160,0,4900,4900,4900,4900,-29.64,74.53,-148.72,-21.868775534677837,35.076436218328524,44.42698075230716,-0.5201217337863631,0.8212442127227154,0.23458756384879906
,1757,0,-0.509326171875,-0.26540923639689074,0.509326171875,0.26540923639689074,1768,2222,2844,2027,1802,2231,2844,2028,-125,-27,0,0,5000,4900,5000,4800,-44.78,31.82,-174.70000000000002,21.753237842477667,10.763439359104268,59.734568173145824,0.6316578092892415,0.249820397182858,0.7338924860736179
,1758,0,0.440673828125,0.36792409693644257,-0.440673828125,-0.36792409693644257,2387,2635,2225,1614,2388,2636,2250,1633,0,0,-92,-57,4900,4900,5000,5000,-45.56,72.32000000000001,-197.0,-17.915404807607516,-12.977560696163039,60.68961093430345,-0.45800843654232365,-0.40601353473411855,0.7908105219765117
,1759,0,-0.03432617187499998,-0.6876314586191129,0.03432617187499998,0.6876314586191129,2078,1947,2534,2302,2079,1998,2535,2302,0,-222,0,0,5000,5000,5000,5000,-39.74,53.07,-152.45000000000002,-0.28669040573549154,32.19550604625067,54.54470494456982,0.027644153028532785,0.8129258541045751,0.581710715503576
,1760,0,0.9156738281249999,-0.0542981252857796,-0.9156738281249999,0.0542981252857796,2697,2360,1915,1889,2697,2361,1988,1888,0,0,-393,15,5000,4700,5000,4700,-32.45,92.05,-179.86,-38.25304485669396,3.3452571140265093,47.46574553990563,-0.9307339264542377,0.048231463899166944,0.3625025296976846
,1761,0,-0.895263671875,0.5790352080475536,0.895263671875,-0.5790352080475536,1516,2772,3096,1477,1516,2772,3096,1509,0,0,15,-115,5000,4800,5000,4900,-43.26,53.31,-210.17000000000002,1.5572161193667,-25.468974336312016,58.475876644677335,0.07743263866792037,-0.7285081860259729,0.6806467581367508
,1762,0,0.054736328124999956,-0.4765203475080018,-0.054736328124999956,0.4765203475080018,2136,2084,2476,2165,2137,2120,2476,2166,0,-141,0,0,5000,4900,5100,4800,-45.76,52.120000000000005,-161.17000000000002,0.9782755824183127,23.558636855263472,60.626287931472994,0.06714849508803722,0.6101694788746128,0.7894202218446746
,1763,0,-0.420263671875,0.15681298582533154,0.420263671875,-0.15681298582533154,1826,2497,2786,1752,1826,2497,2786,1761,0,0,0,-28,5000,5000,5000,5000,-51.19,53.93,-190.31,0.22196018709908572,-5.588227475925919,66.26445134539075,0.04355152202503435,-0.20174714515555042,0.9784688826686764
,1764,0,0.529736328125,0.7901463191586646,-0.529736328125,-0.7901463191586646,2445,2910,2167,1339,2446,2911,2197,1393,0,-2,-110,-249,5100,4900,4900,5000,-34.92,72.58,-214.33,-17.551276229126728,-30.381110803406727,50.173435106418445,-0.4011823375407095,-0.8206862302865332,0.4068499028676933
,1765,0,-0.657763671875,-0.8283721993598536,0.657763671875,0.8283721993598536,1671,1855,2941,2394,1671,1924,2941,2395,0,-345,0,0,5100,5000,5100,5000,-35.31,52.800000000000004,-147.81,-0.18496754054679343,36.81050920448055,50.08165684845591,0.04361733085410569,0.9015511727594967,0.43046836276913464
,1766,0,0.292236328125,-0.19503886602652043,-0.292236328125,0.19503886602652043,2291,2268,2321,1981,2291,2274,2338,1981,0,-20,-58,15,5000,5000,5000,4900,-48.82,65.77,-174.04,-12.19788572425989,10.22654327775507,63.783352083648964,-0.31147692416044126,0.23225848821115672,0.921432645595661
,1767,0,-0.18276367187499998,0.438294467306813,0.18276367187499998,-0.438294467306813,1981,2681,2631,1568,1982,2682,2631,1599,0,0,0,-108,4900,5000,4900,5000,-47.19,56.42,-203.33,-1.797067321455465,-18.71781186416689,62.35829700745692,-0.01516569568475698,-0.5660551984491946,0.8242278289302294
,1768,0,0.7672363281249999,-0.6172610882487426,-0.7672363281249999,0.6172610882487426,2600,1993,2012,2256,2601,2033,2060,2256,0,-151,-218,0,4700,4700,5100,5000,-33.95,82.67,-160.6,-29.57407964494125,22.941446913463437,48.82475554635554,-0.7279842070617144,0.5499331020061545,0.40940515090386337
,1769,0,-0.776513671875,0.01607224508459082,0.776513671875,-0.01607224508459082,1594,2405,3018,1844,1594,2406,3019,1846,0,0,0,-16,5000,5000,5000,5000,-51.63,56.53,-183.25,-2.6310945110535116,1.3762971148377972,66.65518925498814,-0.02399691877049431,-0.015233270285879594,0.999595966061248
,1770,0,0.1734863281250001,0.6494055784179238,-0.1734863281250001,-0.6494055784179238,2213,2818,2399,1431,2213,2819,2401,1478,0,0,-19,-204,4900,5000,5100,5000,-41.77,58.21,-211.87,-3.2784472854302678,-27.355294852047308,56.99998560959936,-0.05256291552806685,-0.7745060234361686,0.6303789015919568
,1771,0,-0.301513671875,-0.40614997713763146,0.301513671875,0.40614997713763146,1903,2130,2709,2119,1904,2160,2709,2120,0,-104,0,0,5000,5000,5000,4900,-47.28,54.050000000000004,-164.23,-0.839807325537187,20.441896402828775,62.16881945204467,0.015467217461537536,0.5351885203438775,0.8445910329124554
,1772,0,0.648486328125,0.22718335619570174,-0.648486328125,-0.22718335619570174,2523,2543,2089,1706,2523,2543,2133,1716,0,0,-189,-28,5000,4900,5000,4900,-41.94,82.43,-187.75,-28.353188600102612,-4.124518153167571,57.007857651825304,-0.7334729070851429,-0.1453618729842445,0.6639935394675023
,1773,0,-0.539013671875,0.860516689529035,0.539013671875,-0.860516689529035,1749,2956,2863,1293,1749,2957,2863,1359,0,0,0,-326,5100,5000,5000,4900,-34.6,59.32,-219.39000000000001,-4.117334488395784,-34.96141004914068,49.884180674861035,-0.07295338411208166,-0.9207346035827378,0.3833087443718621
,1774,0,0.4109863281249999,-0.7580018289894833,-0.4109863281249999,0.7580018289894833,2368,1901,2244,2348,2369,1960,2260,2348,0,-276,-57,0,4900,5100,5100,4900,-36.62,65.5,-151.72,-12.735384818140801,32.454153008429245,51.424559246769036,-0.30444367109726955,0.8148909294415765,0.4932208676066542
,1775,0,-0.06401367187499996,-0.12466849565615001,0.06401367187499996,0.12466849565615001,2058,2314,2554,1935,2059,2319,2555,1935,0,-20,0,16,5000,5000,5000,5000,-50.96,55.82,-176.31,-2.1721333625414445,8.332444113535587,65.93548542933178,-0.017967009203549256,0.18390292172287206,0.982780190053743
,1776,0,0.885986328125,0.5086648376771832,-0.885986328125,-0.5086648376771832,2678,2727,1934,1522,2678,2728,1997,1548,0,0,-323,-89,5000,4900,5000,4800,-32.58,89.35000000000001,-198.35,-34.8874389506783,-15.033855205490767,47.726374072417904,-0.8408553905102436,-0.42208522641448115,0.3388307451995795
,1777,0,-0.8358886718749999,-0.5468907178783722,0.8358886718749999,0.5468907178783722,1555,2038,3057,2211,1555,2078,3058,2212,0,-156,0,0,4900,4900,5000,4900,-43.82,56.22,-158.01,-3.2333819076660006,26.554688794805315,58.665468214674846,-0.03743434837746575,0.6874502299223393,0.7252660552799072
,1778,0,0.11411132812499991,0.08644261545496112,-0.11411132812499991,-0.08644261545496112,2174,2451,2438,1798,2175,2452,2440,1805,0,-9,-22,-23,5000,5000,5000,5000,-51.27,59.24,-185.61,-5.254202436785299,-1.0824781742305731,66.3130944028932,-0.09764683042269373,-0.08285275574732098,0.9917663622917834
,1779,0,-0.36088867187499996,0.7197759487882942,0.36088867187499996,-0.7197759487882942,1865,2864,2747,1385,1866,2865,2747,1436,0,0,0,-226,4900,5100,5100,5000,-39.35,57.71,-215.0,-2.6661499576108127,-30.482393352639093,54.602143465099054,-0.03285702897330435,-0.8380958763821699,0.544532568023483
,1780,0,0.589111328125,-0.33577960676726115,-0.589111328125,0.33577960676726115,2484,2176,2128,2073,2485,2195,2164,2073,0,-57,-143,-7,5000,5000,4900,4900,-42.56,78.62,-172.01,-25.113675121423853,11.74675388142137,57.51419392895165,-0.6567342890947365,0.28474430262864336,0.6982984717495511
,1781,0,-0.598388671875,0.2975537265660724,0.598388671875,-0.2975537265660724,1710,2589,2902,1660,1710,2590,2902,1677,0,0,0,-53,5000,4900,5000,5000,-49.46,58.26,-197.20000000000002,-3.8567898874095476,-12.642175213008755,64.58530895946873,-0.06127917769500619,-0.40411661785977954,0.9126525196100636
,1782,0,0.35161132812499996,0.9308870598994055,-0.35161132812499996,-0.9308870598994055,2329,3002,2283,1247,2329,3003,2293,1318,0,0,-32,-366,4800,5000,5000,4600,-31.990000000000002,64.38,-220.86,-9.121354902136616,-36.63164995450492,47.2867437925877,-0.18254844768364076,-0.9395850286368734,0.28957907073843886
,1783,0,-0.12338867187500002,-0.9378372199359853,0.12338867187500002,0.9378372199359853,2020,1784,2592,2465,2020,1861,2592,2466,0,-397,0,0,5000,4600,4800,5100,-30.93,53.26,-144.34,-0.7705339163327736,40.23031506961931,45.67723408669569,0.018908627087958867,0.9573796351625087,0.2882129386369562
,1784,0,0.826611328125,-0.30450388660265204,-0.826611328125,0.30450388660265204,2639,2196,1973,2053,2639,2203,2032,2052,0,-18,-296,15,5100,5100,4800,4700,-36.28,87.33,-173.35,-33.77053375991575,10.048517146290862,51.247385291006715,-0.8667207271697976,0.19862889328270628,0.4575387894458178
,1785,0,-0.7171386718749999,0.32882944673068115,0.7171386718749999,-0.32882944673068115,1632,2609,2980,1640,1632,2610,2980,1661,0,0,0,-63,4900,5000,5000,5000,-49.01,58.95,-198.32,-4.505981246674288,-13.78952936276957,64.14357483798545,-0.09305459316864903,-0.42507500936156334,0.9003621932902802
,1786,0,0.23286132812500004,-0.7267261088248742,-0.23286132812500004,0.7267261088248742,2252,1921,2360,2328,2252,1975,2364,2328,0,-240,-25,0,4800,4800,4800,5000,-38.32,57.57,-151.13,-4.831603156023306,33.342076679322304,53.117139227816615,-0.08879700688279181,0.8371928946740593,0.5396509507783032
,1787,0,-0.24213867187499993,-0.09339277549154101,0.24213867187499993,0.09339277549154101,1942,2334,2670,1915,1943,2337,2670,1914,0,-18,0,16,5000,5000,5000,5000,-51.17,55.44,-177.34,-1.7551758830731288,7.318353667213643,66.15266514061719,-0.0070135818399758385,0.15365404899840587,0.9880998142374938
,1788,0,0.7078613281249999,0.5399405578417922,-0.7078613281249999,-0.5399405578417922,2561,2747,2051,1502,2562,2748,2096,1533,0,0,-203,-108,5000,5000,5000,5000,-37.31,82.83,-202.05,-28.237469726951048,-18.462301173855167,52.48000085262339,-0.6932440514410334,-0.5255279048185486,0.49318668513925695
,1789,0,-0.479638671875,-0.5156149977137632,0.479638671875,0.5156149977137632,1787,2059,2825,2190,1787,2096,2825,2191,0,-143,0,0,5000,5000,5000,5000,-44.69,55.71,-159.14000000000001,-2.6828055972751272,25.450065732172135,59.54329144057817,-0.02255453202403465,0.6584575220452378,0.7522798579964919
,1790,0,0.4703613281250001,0.11771833561957012,-0.4703613281250001,-0.11771833561957012,2407,2472,2205,1777,2408,2472,2233,1781,0,0,-108,-19,5000,5000,5000,4800,-46.230000000000004,75.72,-184.0,-21.782293628969953,-0.1042886945249677,61.268349921294394,-0.5613410504799118,-0.042306901147919365,0.8265024810376368
,1791,0,-0.004638671875,0.7510516689529034,0.004638671875,-0.7510516689529034,2097,2885,2515,1364,2098,2886,2515,1418,0,0,18,-250,5000,4900,5100,5000,-38.12,58.76,-215.74,-3.688933279740837,-31.26856119795687,53.377866374338524,-0.06296937913864666,-0.8587105924513435,0.5085774038460183
,1792,0,0.945361328125,-0.8674668495656149,-0.945361328125,0.8674668495656149,2716,1829,1896,2420,2716,1890,1955,2421,0,-271,-283,0,5000,5100,4800,4800,-23.240000000000002,84.95,-154.09,-32.08908522540571,29.288357000627286,38.06956706471145,-0.7477430439373977,0.6602885850158325,0.06999517655541776
,1793,0,-0.943505859375,-0.23413351623228174,0.943505859375,0.23413351623228174,1485,2242,3127,2007,1485,2252,3128,2008,0,-30,0,0,5000,5000,5000,5000,-49.61,58.14,-171.11,-4.678494588843378,13.435564573878167,64.54940643788751,-0.07676373503427475,0.32783156861980767,0.941612336155312
,1794,0,0.006494140624999978,0.39919981710105157,-0.006494140624999978,-0.39919981710105157,2104,2655,2508,1594,2105,2656,2509,1621,0,0,0,-94,5000,4900,5000,4900,-47.88,57.980000000000004,-201.54,-3.4205575211909007,-16.980402580438238,63.036152856569764,-0.054921100350266185,-0.5179169652269863,0.8536660294672525
,1795,0,-0.468505859375,-0.6563557384545038,0.468505859375,0.6563557384545038,1795,1967,2817,2282,1795,2019,2817,2282,0,-229,0,0,5000,4800,4900,4800,-40.87,54.77,-153.73,-1.9392231776493176,30.86307947757132,55.68447460411868,-0.013577869264971796,0.7851263886980162,0.6191867208171011
,1796,0,0.48149414062499996,-0.023022405121170597,-0.48149414062499996,0.023022405121170597,2414,2380,2198,1869,2415,2382,2229,1869,0,-13,-121,0,5000,5000,5000,4800,-45.97,75.96000000000001,-179.44,-22.186755266991014,4.4421081846437005,60.97596968862677,-0.5848253984618949,0.07191485011298702,0.8079650411045719
,1797,0,-0.7060058593749999,0.6103109282121624,0.7060058593749999,-0.6103109282121624,1640,2793,2972,1456,1640,2793,2972,1501,0,0,0,-190,4900,5000,5100,5000,-42.79,58.620000000000005,-210.39000000000001,-3.7414510042856364,-25.88381783743307,58.009581049262195,-0.0729369640723693,-0.7362554107981649,0.6727615991882493
,1798,0,0.2439941406249999,-0.44524462734339276,-0.2439941406249999,0.44524462734339276,2259,2105,2353,2144,2259,2137,2361,2145,0,-118,-30,0,5000,5000,4900,4900,-45.94,61.44,-163.16,-8.26380259419529,21.234905794701177,60.82418925926151,-0.1927403972341392,0.5565533003421922,0.8081457561308107
,1799,0,-0.23100585937499996,0.18808870598994054,0.23100585937499996,-0.18808870598994054,1949,2518,2663,1731,1950,2518,2663,1742,0,0,0,-35,5000,5000,5000,5000,-50.89,57.11,-191.62,-2.908729846065455,-7.014248012122209,65.97506346279943,-0.04785000638256543,-0.23156866136680954,0.9716410509864085
,1800,0,0.718994140625,0.8214220393232736,-0.718994140625,-0.8214220393232736,2569,2930,2043,1319,2570,2931,2087,1373,0,0,-191,-243,4900,5000,5100,4900,-30.71,80.59,-213.03,-25.603578839726893,-29.40110555163679,45.957487718959136,-0.584803191051676,-0.7658588911079847,0.2673301080062346
,1801,0,-0.824755859375,-0.7970964791952446,0.824755859375,0.7970964791952446,1562,1875,3050,2374,1562,1940,3051,2375,0,-313,0,0,5000,5000,5100,4800,-36.0,54.36,-148.78,-1.70884300910204,35.789786808628435,50.77917340520662,-0.006387305879302921,0.886148234180551,0.46335786319247363
,1802,0,0.125244140625,-0.16376314586191132,-0.125244140625,0.16376314586191132,2182,2288,2430,1961,2182,2294,2435,1962,0,-21,-24,0,5000,5000,5000,5000,-50.35,58.51,-174.36,-4.9308478268048646,10.179689760988737,65.31268688836606,-0.09994341772627703,0.23220964215123316,0.9675174392977043
,1803,0,-0.349755859375,0.469570187471422,0.349755859375,-0.469570187471422,1872,2701,2740,1548,1873,2702,2740,1582,0,0,0,-126,5000,5000,5000,4900,-46.59,57.53,-204.64000000000001,-2.859148926656431,-20.071265335174587,61.76808825988449,-0.04453005458773836,-0.5951466752762853,0.802382395835051
,1804,0,0.6002441406249999,-0.5859853680841335,-0.6002441406249999,0.5859853680841335,2491,2013,2121,2236,2492,2052,2154,2237,0,-147,-128,0,4800,4900,5100,5000,-38.32,76.37,-159.79,-23.30679476385039,24.009440152884565,53.186352806511586,-0.5870397379537737,0.5942688655148806,0.549753455235
,1805,0,-0.5872558593749999,0.04734796524919971,0.5872558593749999,-0.04734796524919971,1717,2426,2895,1823,1717,2427,2895,1827,0,0,0,-18,5000,5000,5000,5000,-51.59,57.160000000000004,-184.56,-3.2134088453040093,0.044161634943804984,66.62477413812226,-0.043682916476397264,-0.051115347637419394,0.9977369513273636
,1806,0,0.36274414062500004,0.6806812985825328,-0.36274414062500004,-0.6806812985825328,2336,2839,2276,1410,2336,2840,2290,1457,0,0,-49,-193,5000,4800,5000,5000,-39.95,66.83,-211.84,-11.89417374673782,-27.649396554653322,55.183268313912194,-0.27175753376015377,-0.7734655888169496,0.5726245067761662
,1807,0,-0.11225585937500004,-0.37487425697302246,0.11225585937500004,0.37487425697302246,2027,2151,2585,2098,2027,2179,2585,2099,0,-94,0,-14,5000,5000,5000,5000,-47.9,55.52,-165.73,-2.2546225195870093,18.894281583380916,62.80007719442181,-0.022048207110734058,0.49718418370014894,0.8673648390623283
,1808,0,0.8377441406249999,0.25845907636031096,-0.8377441406249999,-0.25845907636031096,2646,2563,1966,1686,2646,2564,2025,1695,0,0,-297,-27,4800,5100,5000,4800,-35.75,89.22,-187.3,-35.15589055986101,-3.964031110114746,50.8175272926513,-0.8807660423129376,-0.13551707112502634,0.4537469582731091
,1809,0,-0.8841308593749999,0.891792409693644,0.8841308593749999,-0.891792409693644,1524,2976,3088,1273,1524,2977,3089,1341,0,0,0,-344,4900,5100,4800,5000,-33.64,60.96,-220.58,-5.713453285701611,-36.21664061062407,48.93333840486823,-0.10407837880520193,-0.9342932851005932,0.34097470357963766
,1810,0,0.06586914062500004,-0.9143804298125285,-0.06586914062500004,0.9143804298125285,2143,1799,2469,2450,2143,1876,2468,2451,3,-393,23,0,4900,4800,4800,4800,-32.08,54.27,-145.04,-1.7544469300680632,39.50254089451042,46.83259547234389,0.0068240682028989485,0.9471244455178974,0.32079388522161256
,1811,0,-0.40913085937499993,-0.28104709647919535,0.40913085937499993,0.28104709647919535,1833,2212,2779,2037,1833,2223,2779,2038,0,-31,0,0,5000,5000,5000,5000,-48.94,54.6,-168.29,-1.2426770739744484,16.376636226258142,63.85791852035976,0.0008838661945660673,0.40643964724814635,0.9136772033521208
,1812,0,0.5408691406249999,0.35228623685413796,-0.5408691406249999,-0.35228623685413796,2453,2625,2159,1624,2454,2626,2193,1643,0,0,-131,-56,5000,5000,5000,4900,-43.550000000000004,77.53,-195.04,-23.193038327102556,-11.22125606761594,58.66778540136389,-0.5917257799005621,-0.36256050819772445,0.7200072772524448
,1813,0,-0.646630859375,-0.7032693187014174,0.646630859375,0.7032693187014174,1678,1937,2934,2312,1678,1991,2934,2312,0,-239,0,0,5000,4800,5000,5000,-39.33,54.980000000000004,-151.86,-2.216798982096435,32.71324944401064,54.13127700945428,-0.01523061346952324,0.8239499895233772,0.566457803528002
,1814,0,0.3033691406250001,-0.06993598536808421,-0.3033691406250001,0.06993598536808421,2298,2349,2314,1900,2298,2351,2332,1900,0,-13,-62,1,5000,5000,5000,4900,-49.230000000000004,67.88,-179.12,-14.123103520052503,5.076756048332186,64.23037325813249,-0.36330449903158135,0.08688324769126453,0.9276104474692112
,1815,0,-0.171630859375,0.563397347965249,0.171630859375,-0.563397347965249,1988,2762,2624,1487,1988,2762,2624,1527,0,0,0,-156,4900,5000,4900,5000,-44.1,58.15,-208.57,-3.3372580303169883,-24.038742821410892,59.30639492374274,-0.05832034745059459,-0.6941692806004061,0.7174452919519065
,1816,0,0.778369140625,-0.4921582075903063,-0.778369140625,0.4921582075903063,2607,2074,2005,2175,2608,2101,2054,2176,0,-93,-225,-15,4900,5100,4900,4700,-35.47,84.76,-166.1,-31.463993107877528,17.380583707394408,50.38473231092609,-0.7859275652373853,0.4137079535623493,0.4595253979480226
,1817,0,-0.765380859375,0.14117512574302715,0.765380859375,-0.14117512574302715,1601,2487,3011,1762,1601,2488,3012,1769,0,-8,0,-24,5000,5000,5000,5000,-51.15,58.43,-189.45000000000002,-4.306152929113864,-4.891501572266975,66.22012728927194,-0.06804162531786645,-0.18993186679996826,0.9794366866714672
,1818,0,0.18461914062499996,0.7745084590763602,-0.18461914062499996,-0.7745084590763602,2220,2900,2392,1349,2220,2901,2393,1406,0,0,0,-261,4900,5000,4800,5000,-37.71,58.84,-216.86,-3.728516368752281,-32.39361489970142,52.97588708724129,-0.060157044631990286,-0.8726162625168227,0.4846875162125753
,1819,0,-0.290380859375,-0.8440100594421582,0.290380859375,0.8440100594421582,1911,1845,2701,2404,1912,1915,2701,2405,0,-348,0,0,5000,5000,4700,4700,-34.45,53.92,-147.28,-1.3234896006851855,37.293594638168656,49.21835158243665,0.004232642224891764,0.911618247615953,0.411016125417744
,1820,0,0.659619140625,-0.21067672610882493,-0.659619140625,0.21067672610882493,2530,2258,2082,1991,2530,2261,2127,1992,0,-16,-193,2,5000,4800,5100,5000,-41.28,82.66,-176.64000000000001,-28.984118431998112,6.964952453551547,56.26882503418465,-0.7524833200842521,0.13840159804321386,0.6439051565673827
,1821,0,-0.527880859375,0.4226566072245086,0.527880859375,-0.4226566072245086,1756,2671,2856,1578,1756,2672,2856,1606,0,0,0,-101,5000,4900,5000,4900,-47.33,59.04,-202.67000000000002,-4.439161172597949,-18.1518167180985,62.49464060423387,-0.08850347842312097,-0.5453216262075993,0.8335415156411274
,1822,0,0.422119140625,-0.632898948331047,-0.422119140625,0.632898948331047,2375,1982,2237,2267,2376,2028,2255,2267,0,-189,-63,0,5000,5000,5000,5000,-39.9,67.54,-156.38,-14.605396910912006,27.747080219509513,54.73848750982796,-0.36281702042849345,0.7095679868310929,0.6040505622477806
,1823,0,-0.05288085937499998,0.00043438500228609733,0.05288085937499998,-0.00043438500228609733,2066,2395,2546,1854,2067,2396,2547,1855,0,0,0,-14,5000,5000,5000,5000,-51.620000000000005,56.800000000000004,-182.08,-2.9431480054432697,2.535689380437276,66.63696314439716,-0.03775939051818378,0.01967691941552316,0.9990931124124569
,1824,0,0.8971191406249999,0.6337677183356194,-0.8971191406249999,-0.6337677183356194,2685,2808,1927,1441,2685,2808,1990,1478,0,0,-323,-140,4800,4500,5100,4800,-30.42,88.79,-203.47,-34.14331990130081,-20.145586553752196,45.60267695099145,-0.8029269111778706,-0.5345484258443435,0.2637543473266332
,1825,0,-0.913818359375,-0.42178783721993607,0.913818359375,0.42178783721993607,1504,2120,3108,2129,1504,2151,3109,2130,0,-109,0,0,5000,5000,5000,4900,-46.83,56.910000000000004,-163.46,-3.7257992582905146,21.10494678405277,61.71449054470837,-0.04821490387162261,0.5537617002982249,0.8312781137065194
,1826,0,0.036181640624999956,0.21154549611339735,-0.036181640624999956,-0.21154549611339735,2124,2533,2488,1716,2125,2533,2488,1729,0,0,0,-40,5000,4900,5000,4900,-50.68,57.85,-192.64000000000001,-3.6114635652766793,-8.061762392724631,65.77263090041208,-0.04337078560764316,-0.2698076086067413,0.9619370194007958
,1827,0,-0.438818359375,0.8448788294467304,0.438818359375,-0.8448788294467304,1814,2946,2798,1303,1814,2947,2798,1368,0,0,0,-325,4900,5000,5100,5000,-35.45,58.95,-219.13,-3.756838107296147,-34.6821693562878,50.73215885539938,-0.05072610549954526,-0.9138767360603883,0.4028103443414273
,1828,0,0.511181640625,-0.7736396890717878,-0.511181640625,0.7736396890717878,2433,1891,2179,2358,2434,1950,2204,2358,0,-275,-94,0,5000,4900,5100,4900,-35.45,69.73,-151.99,-16.953051018619576,32.02332766533053,50.25820537890443,-0.42029129105572605,0.7959567417241715,0.43566970971890046
,1829,0,-0.676318359375,-0.14030635573845462,0.676318359375,0.14030635573845462,1659,2304,2953,1945,1659,2310,2953,1946,0,-20,0,0,5000,5000,5000,5000,-50.83,56.85,-175.65,-3.225301755556238,8.953896950687579,65.80119951365049,-0.04453571460528023,0.20090331911358514,0.9785981946098931
,1830,0,0.273681640625,0.4930269775948788,-0.273681640625,-0.4930269775948788,2278,2716,2334,1533,2278,2717,2344,1565,0,0,-33,-119,4900,5000,5000,5000,-45.300000000000004,64.29,-204.61,-9.61601154155283,-20.294458350849396,60.480613024717044,-0.22157995061036814,-0.6051197152893285,0.7646780078279146
,1831,0,-0.20131835937499998,-0.5625285779606767,0.20131835937499998,0.5625285779606767,1969,2028,2643,2221,1970,2071,2643,2222,0,-174,0,0,5000,4900,5000,4900,-43.49,55.1,-157.59,-2.129317557799773,27.01247171330442,58.332036496200324,-0.023972808162882484,0.6999567353843787,0.7137827912319185
,1832,0,0.7486816406249999,0.07080475537265651,-0.7486816406249999,-0.07080475537265651,2588,2441,2024,1808,2589,2441,2080,1809,0,0,-272,0,5000,4900,5000,4700,-38.56,87.12,-181.17000000000002,-33.27810307312744,2.257653503979583,53.582948547615665,-0.8300510043127171,0.042830116898439456,0.556040386416235
,1833,0,-0.795068359375,0.7041380887059896,0.795068359375,-0.7041380887059896,1582,2854,3030,1395,1582,2855,3031,1445,0,-1,0,-223,4800,5000,5000,5000,-39.89,59.9,-214.23000000000002,-4.882436973986394,-29.788100515242405,55.13752119809198,-0.09340473296310828,-0.8199027628926171,0.5648318468899772
,1834,0,0.1549316406250001,-0.35141746684956565,-0.1549316406250001,0.35141746684956565,2201,2166,2411,2083,2201,2192,2414,2083,0,-83,-22,0,5000,5000,5000,5000,-48.2,58.36,-167.25,-5.037868967848247,17.274953873035344,63.112033881716954,-0.10426845210477817,0.45713075180104806,0.8832664182756425
,1835,0,-0.320068359375,0.28191586648376754,0.320068359375,-0.28191586648376754,1891,2579,2721,1670,1892,2580,2721,1688,0,-3,0,-54,5000,5000,5000,5000,-49.84,57.51,-196.25,-3.141511932966317,-11.663039891535163,64.95823183370722,-0.051679008720805546,-0.36110026430722825,0.9310939153355501
,1836,0,0.629931640625,0.9152491998171008,-0.629931640625,-0.9152491998171008,2511,2992,2101,1257,2511,2993,2135,1321,0,0,-126,-313,5000,4700,4900,5000,-30.76,76.32000000000001,-217.95000000000002,-21.158779725083377,-34.16331257860574,46.04082476205475,-0.46672894396360415,-0.8537905319417324,0.23066386893762045
,1837,0,-0.557568359375,-0.8909236396890717,0.557568359375,0.8909236396890717,1737,1814,2875,2435,1737,1888,2875,2436,0,-373,0,0,5000,5000,5100,5000,-32.77,54.480000000000004,-145.71,-1.9400296783578455,38.830337402920605,47.527434669159746,-0.002571696508551738,0.9371292821139928,0.34897291439534384
,1838,0,0.3924316406249999,-0.25759030635573854,-0.3924316406249999,0.25759030635573854,2356,2227,2256,2022,2356,2236,2279,2023,0,-27,-82,0,5000,5000,5000,4900,-46.68,70.5,-171.74,-17.008121942171556,12.339013800076458,61.62891577217116,-0.44343304928960936,0.28972213486380843,0.8481911431792224
,1839,0,-0.08256835937499996,0.37574302697759476,0.08256835937499996,-0.37574302697759476,2046,2640,2566,1609,2046,2641,2566,1634,0,0,0,-81,5000,5000,5000,5000,-48.35,58.08,-200.38,-3.562292272065946,-15.821444225193659,63.497917722278736,-0.06530772689218428,-0.4896239152577188,0.8694845153399101
,1840,0,0.867431640625,-0.6798125285779606,-0.867431640625,0.6798125285779606,2665,1952,1947,2297,2665,1994,2004,2297,0,-162,-279,0,4900,5100,4700,4700,-30.51,85.31,-159.09,-32.26735043693486,24.330607831828928,45.375143338602335,-0.7816624562676904,0.5628088944108512,0.26879351337708296
,1841,0,-0.8544433593749999,-0.0464791952446274,0.8544433593749999,0.0464791952446274,1543,2365,3069,1884,1543,2367,3070,1884,0,-17,0,0,5000,5000,5000,5000,-51.410000000000004,57.730000000000004,-180.39000000000001,-3.9335680467712777,4.189483357882949,66.41530209256305,-0.05712578164082125,0.06596866914043131,0.9961851132012391
,1842,0,0.09555664062499991,0.5868541380887058,-0.09555664062499991,-0.5868541380887058,2162,2778,2450,1471,2163,2778,2450,1512,0,0,0,-170,5000,4800,5000,5000,-43.37,58.32,-209.71,-3.466106356651217,-25.189313756506465,58.58460227199696,-0.05726754526691901,-0.7217773315566002,0.6897520655352433
,1843,0,-0.37944335937499996,-0.4687014174668496,0.37944335937499996,0.4687014174668496,1853,2089,2759,2160,1853,2125,2759,2162,0,-138,0,-9,4900,5000,5000,5000,-45.910000000000004,55.230000000000004,-161.42000000000002,-2.1206535932775807,23.197635062865146,60.779309726999024,-0.01931099306019622,0.6057058375710819,0.7954542877371039
,1844,0,0.570556640625,0.16463191586648374,-0.570556640625,-0.16463191586648374,2472,2502,2140,1747,2473,2502,2178,1752,0,0,-151,-20,5000,5000,5000,4900,-43.910000000000004,79.8,-185.22,-25.815934198365824,-1.4872606392435443,58.958732559685565,-0.6722479155490406,-0.07785250947531275,0.7362212485444617
,1845,0,-0.616943359375,0.797965249199817,0.616943359375,-0.797965249199817,1698,2915,2914,1334,1698,2916,2914,1394,0,0,0,-285,5000,5100,5100,5000,-37.1,59.83,-217.77,-4.685114506264725,-33.343079631381016,52.372781187250006,-0.09020208147119622,-0.8821499506046995,0.4622499855558564
,1846,0,0.33305664062499996,-0.8205532693187014,-0.33305664062499996,0.8205532693187014,2317,1860,2295,2389,2317,1928,2307,2390,0,-332,-38,0,5000,4800,5100,4800,-35.36,61.410000000000004,-148.9,-8.750009956504613,35.41086574040261,50.14286621299499,-0.1965735546956396,0.8776499003025605,0.4371378387799729
,1847,0,-0.14194335937500002,-0.18721993598536812,0.14194335937500002,0.18721993598536812,2007,2273,2605,1976,2007,2280,2605,1977,0,-25,0,0,5000,5000,5000,5000,-50.28,56.07,-173.11,-2.5375629763203875,11.516404746135237,65.23280777391015,-0.032888440372754915,0.27189426591621263,0.9617649705888293
,1848,0,0.808056640625,0.4461133973479652,-0.808056640625,-0.4461133973479652,2627,2686,1985,1563,2626,2687,2038,1587,1,0,-243,-77,5100,5000,5100,4800,-35.39,87.74,-196.07,-33.36037687324735,-12.677248694951743,50.5194167083541,-0.8203608458089175,-0.36626824198531516,0.43915334175736803
,1849,0,-0.7356933593749999,-0.6094421582075903,0.7356933593749999,0.6094421582075903,1620,1998,2992,2251,1620,2045,2992,2251,0,-194,0,0,5000,4900,5100,5000,-42.230000000000004,56.42,-155.59,-3.520822133416658,28.954490692132424,57.058349995561656,-0.04829157401471018,0.7430194261388775,0.6675253225604516
,1850,0,0.21430664062500004,0.023891175125743014,-0.21430664062500004,-0.023891175125743014,2240,2411,2372,1838,2240,2412,2382,1841,0,0,-35,-17,5000,5000,5000,5000,-50.34,64.31,-181.37,-10.474063289383878,2.9650396183324403,65.35494389363333,-0.2512096131023178,0.03425365692260353,0.96732642746511
,1851,0,-0.26069335937499993,0.657224508459076,0.26069335937499993,-0.657224508459076,1930,2823,2682,1426,1931,2824,2682,1475,0,0,0,-215,4900,5000,5000,5000,-41.64,58.76,-212.43,-3.807895823546673,-27.935692791535786,56.87419818048214,-0.06353300092737976,-0.7785894252937773,0.6243092700047523
,1852,0,0.6893066406249999,-0.39833104709647926,-0.6893066406249999,0.39833104709647926,2549,2135,2063,2114,2549,2158,2105,2115,0,-70,-180,0,5000,5000,5100,4900,-39.6,82.04,-170.14000000000001,-28.599362346807467,13.470944586601917,54.542317252680164,-0.7441957745721008,0.32554831841250254,0.5832588974784889
,1853,0,-0.498193359375,0.23500228623685393,0.498193359375,-0.23500228623685393,1775,2548,2837,1701,1775,2549,2837,1715,0,-12,0,-40,5000,5000,5000,4900,-50.29,59.02,-193.91,-4.734919763794075,-9.375910379962193,65.3921558846065,-0.08371522325397782,-0.31329317624563957,0.9459593792089886
,1854,0,0.4518066406250001,0.8683356195701872,-0.4518066406250001,-0.8683356195701872,2395,2961,2217,1288,2396,2962,2235,1349,0,-2,-60,-291,5000,5000,4700,4900,-33.19,69.56,-217.8,-14.408250836190696,-33.7521095058641,48.466988761703796,-0.31550536177982763,-0.8859289873814731,0.3399796994019162
,1855,0,-0.023193359375,-0.750182898948331,0.023193359375,0.750182898948331,2085,1906,2527,2343,2086,1966,2528,2343,-2,-280,0,0,5000,4800,5100,5000,-37.82,54.88,-150.44,-2.168330948073347,34.125126036196804,52.611160126410475,-0.019189498679383788,0.8545096547124151,0.5190809312079407
,1856,0,0.926806640625,-0.11684956561499782,-0.926806640625,0.11684956561499782,2704,2319,1908,1930,2704,2320,1982,1931,0,0,-398,0,5000,4700,5000,4800,-32.43,93.08,-181.37,-39.227877254776104,1.7989635416701333,47.456914699695496,-0.9376835135747674,0.043473016440084916,0.34476038811278614
,1857,0,-0.9286621093749999,0.5164837677183354,0.9286621093749999,-0.5164837677183354,1495,2732,3117,1517,1495,2733,3118,1550,0,0,0,-122,5000,4900,5000,5000,-44.980000000000004,60.56,-206.81,-5.809084496508802,-22.36063471634941,60.174799845861834,-0.12566515128066152,-0.6435279113024304,0.7550364872827929
