sample_index,phase,capture_accepted,accept_reject_reason,target_label,command_target_id,command_target_index,commanded_cable_displacement_mm,target_cable_deltas_ticks,resolved_servo_goal_ticks,servo_positions_before_command,servo_positions_after_command,raw_tracker_translation_mm,robot_tip_translation_mm,tracker_stale_age_s,tracker_frame_number,runtime_tip_mode,runtime_tip_trust_level,runtime_telemetry_ok,runtime_telemetry_failure_code
0,approach,True,ok,T11,T11,11,"[0.0,-8.0,0.0,8.0]","[0,-522,0,522]","{""5"":2125,""6"":1894,""7"":2494,""8"":2365}","{""5"":2128,""6"":2419,""7"":2495,""8"":1845}","{""5"":2126,""6"":1961,""7"":2493,""8"":2365}","[-32.25,4.76,-205.36]","[0.8831188841193978,38.53047476131697,53.02531277968689]",0.0,13802752,coil_as_tip,thesis_trusted,True,
1,repeat,True,ok,T00,T00,0,"[0.0,0.0,0.0,0.0]","[0,0,0,0]","{""5"":2125,""6"":2416,""7"":2494,""8"":1843}","{""5"":2126,""6"":1961,""7"":2493,""8"":2365}","{""5"":2128,""6"":2417,""7"":2497,""8"":1850}","[-49.370000000000005,41.78,-206.48000000000002]","[-0.5792020377238316,1.568308152461725,70.24417038118783]",0.0,13804488,coil_as_tip,thesis_trusted,True,
2,approach,True,ok,T15,T15,15,"[0.0,8.0,0.0,-8.0]","[0,522,0,-522]","{""5"":2125,""6"":2938,""7"":2494,""8"":1321}","{""5"":2128,""6"":2417,""7"":2497,""8"":1850}","{""5"":2126,""6"":2939,""7"":2495,""8"":1390}","[-32.32,81.66,-209.6]","[-0.07392158603249754,-38.47988207968572,53.31081717531427]",0.0,13806232,coil_as_tip,thesis_trusted,True,
3,repeat,True,ok,T00,T00,0,"[0.0,0.0,0.0,0.0]","[0,0,0,0]","{""5"":2125,""6"":2416,""7"":2494,""8"":1843}","{""5"":2126,""6"":2939,""7"":2495,""8"":1390}","{""5"":2127,""6"":2421,""7"":2497,""8"":1845}","[-49.08,44.300000000000004,-206.51]","[-0.7178465910506304,-0.9487967429016706,69.96069086945818]",0.03765693699824624,13807960,coil_as_tip,thesis_trusted,True,
4,approach,True,ok,T06,T06,6,"[2.8284271247461907,2.82842712474619,-2.8284271247461907,-2.82842712474619]","[184,184,-184,-184]","{""5"":2309,""6"":2600,""7"":2310,""8"":1659}","{""5"":2127,""6"":2421,""7"":2497,""8"":1845}","{""5"":2309,""6"":2601,""7"":2333,""8"":1676}","[-44.82,58.61,-193.84]","[-14.30348801254803,-14.383899210943497,65.6733876565153]",0.0,13809704,coil_as_tip,thesis_trusted,True,
5,repeat,True,ok,T00,T00,0,"[0.0,0.0,0.0,0.0]","[0,0,0,0]","{""5"":2125,""6"":2416,""7"":2494,""8"":1843}","{""5"":2309,""6"":2601,""7"":2333,""8"":1676}","{""5"":2130,""6"":2421,""7"":2495,""8"":1844}","[-49.08,44.12,-206.19]","[-1.024972857834399,-0.7476271200760607,69.95863196108772]",0.0,13811440,coil_as_tip,thesis_trusted,True,
6,approach,True,ok,T02,T02,2,"[-2.8284271247461903,-2.82842712474619,2.8284271247461903,2.82842712474619]","[-184,-184,184,184]","{""5"":1941,""6"":2232,""7"":2678,""8"":2027}","{""5"":2130,""6"":2421,""7"":2495,""8"":1844}","{""5"":1961,""6"":2255,""7"":2677,""8"":2028}","[-45.300000000000004,28.77,-220.02]","[13.827007127274982,13.623894250582822,66.20925014342681]",0.0,13813168,coil_as_tip,thesis_trusted,True,
7,repeat,True,ok,T00,T00,0,"[0.0,0.0,0.0,0.0]","[0,0,0,0]","{""5"":2125,""6"":2416,""7"":2494,""8"":1843}","{""5"":1961,""6"":2255,""7"":2677,""8"":2028}","{""5"":2127,""6"":2417,""7"":2500,""8"":1847}","[-49.160000000000004,42.86,-206.91]","[-0.2220190433867799,0.46117266158839243,70.03905745276779]",0.0,13814896,coil_as_tip,thesis_trusted,True,
8,approach,True,ok,T10,T10,10,"[-5.6568542494923815,-5.656854249492379,5.6568542494923815,5.656854249492379]","[-369,-369,369,369]","{""5"":1756,""6"":2047,""7"":2863,""8"":2212}","{""5"":2127,""6"":2418,""7"":2500,""8"":1847}","{""5"":1790,""6"":2084,""7"":2862,""8"":2213}","[-34.730000000000004,16.72,-229.98000000000002]","[24.62806251652873,24.94451812693415,55.65890998168528]",0.0,13816616,coil_as_tip,thesis_trusted,True,
9,repeat,True,ok,T00,T00,0,"[0.0,0.0,0.0,0.0]","[0,0,0,0]","{""5"":2125,""6"":2416,""7"":2494,""8"":1843}","{""5"":1790,""6"":2084,""7"":2862,""8"":2213}","{""5"":2127,""6"":2417,""7"":2500,""8"":1848}","[-49.160000000000004,42.39,-207.15]","[0.04913362569277524,0.9139156679359317,70.03907340345552]",0.0,13818360,coil_as_tip,thesis_trusted,True,
10,approach,True,ok,T03,T03,3,"[0.0,-4.0,0.0,4.0]","[0,-261,0,261]","{""5"":2125,""6"":2155,""7"":2494,""8"":2104}","{""5"":2127,""6"":2417,""7"":2500,""8"":1848}","{""5"":2126,""6"":2186,""7"":2495,""8"":2104}","[-44.54,21.26,-207.74]","[2.085347868490686,21.94273209350608,65.36872959415216]",0.0,13820088,coil_as_tip,thesis_trusted,True,
11,repeat,True,ok,T00,T00,0,"[0.0,0.0,0.0,0.0]","[0,0,0,0]","{""5"":2125,""6"":2416,""7"":2494,""8"":1843}","{""5"":2126,""6"":2186,""7"":2495,""8"":2104}","{""5"":2127,""6"":2417,""7"":2497,""8"":1849}","[-49.31,42.07,-206.84]","[-0.23929708068206423,1.2545203792903692,70.18670862358698]",0.036993458998040296,13821824,coil_as_tip,thesis_trusted,True,
12,approach,True,ok,T04,T04,4,"[2.82842712474619,-2.8284271247461903,-2.82842712474619,2.8284271247461903]","[184,-184,-184,184]","{""5"":2309,""6"":2232,""7"":2310,""8"":2027}","{""5"":2127,""6"":2417,""7"":2497,""8"":1849}","{""5"":2308,""6"":2252,""7"":2334,""8"":2028}","[-45.230000000000004,29.45,-192.17000000000002]","[-14.00476941019042,14.823391099525246,66.00135094196739]",0.0,13823576,coil_as_tip,thesis_trusted,True,
13,repeat,True,ok,T00,T00,0,"[0.0,0.0,0.0,0.0]","[0,0,0,0]","{""5"":2125,""6"":2416,""7"":2494,""8"":1843}","{""5"":2308,""6"":2252,""7"":2334,""8"":2028}","{""5"":2129,""6"":2417,""7"":2495,""8"":1849}","[-49.11,42.230000000000004,-206.27]","[-0.8178181845015615,1.1327532209083842,69.9842584035944]",0.0,13825296,coil_as_tip,thesis_trusted,True,
14,approach,True,ok,T12,T12,12,"[5.6568542494923735,-5.656854249492387,-5.6568542494923735,5.656854249492387]","[369,-369,-369,369]","{""5"":2494,""6"":2047,""7"":2125,""8"":2212}","{""5"":2129,""6"":2417,""7"":2495,""8"":1849}","{""5"":2494,""6"":2082,""7"":2166,""8"":2213}","[-34.730000000000004,19.66,-180.31]","[-25.126543247109254,25.360864713260685,55.41733012942844]",0.03868686000350863,13827008,coil_as_tip,thesis_trusted,True,
15,repeat,True,ok,T00,T00,0,"[0.0,0.0,0.0,0.0]","[0,0,0,0]","{""5"":2125,""6"":2416,""7"":2494,""8"":1843}","{""5"":2494,""6"":2082,""7"":2166,""8"":2213}","{""5"":2129,""6"":2417,""7"":2495,""8"":1849}","[-48.96,42.160000000000004,-205.89000000000001]","[-1.1915020199009234,1.2277912326046874,69.8321789260373]",0.0,13828736,coil_as_tip,thesis_trusted,True,
16,approach,True,ok,T14,T14,14,"[5.656854249492377,5.656854249492383,-5.656854249492377,-5.656854249492383]","[369,369,-369,-369]","{""5"":2494,""6"":2785,""7"":2125,""8"":1474}","{""5"":2129,""6"":2417,""7"":2495,""8"":1849}","{""5"":2494,""6"":2785,""7"":2162,""8"":1513}","[-34.49,69.10000000000001,-183.28]","[-25.496969153579983,-24.167357951209212,55.317108642174254]",0.03810054700443288,13830464,coil_as_tip,thesis_trusted,True,
17,repeat,True,ok,T00,T00,0,"[0.0,0.0,0.0,0.0]","[0,0,0,0]","{""5"":2125,""6"":2416,""7"":2494,""8"":1843}","{""5"":2495,""6"":2785,""7"":2162,""8"":1513}","{""5"":2130,""6"":2420,""7"":2495,""8"":1845}","[-48.86,43.730000000000004,-205.72]","[-1.4665280916745473,-0.3274495802188966,69.7352940770019]",0.035986612005217467,13832184,coil_as_tip,thesis_trusted,True,
18,approach,True,ok,T08,T08,8,"[-2.8284271247461894,2.8284271247461907,2.8284271247461894,-2.8284271247461907]","[-184,184,184,-184]","{""5"":1941,""6"":2600,""7"":2678,""8"":1659}","{""5"":2130,""6"":2420,""7"":2495,""8"":1844}","{""5"":1961,""6"":2601,""7"":2677,""8"":1678}","[-45.14,56.79,-220.52]","[12.436653295505295,-14.366379009876198,66.12253781837086]",0.0,13833912,coil_as_tip,thesis_trusted,True,
19,repeat,True,ok,T00,T00,0,"[0.0,0.0,0.0,0.0]","[0,0,0,0]","{""5"":2125,""6"":2416,""7"":2494,""8"":1843}","{""5"":1961,""6"":2601,""7"":2677,""8"":1678}","{""5"":2127,""6"":2421,""7"":2499,""8"":1844}","[-48.980000000000004,43.81,-206.5]","[-0.6942894743378076,-0.4595257052314565,69.85940457251087]",0.03953200500109233,13835640,coil_as_tip,thesis_trusted,True,
20,approach,True,ok,T09,T09,9,"[-8.0,0.0,8.0,0.0]","[-522,0,522,0]","{""5"":1603,""6"":2416,""7"":3016,""8"":1843}","{""5"":2127,""6"":2421,""7"":2499,""8"":1844}","{""5"":1666,""6"":2417,""7"":3015,""8"":1844}","[-32.39,42.37,-244.15]","[37.046808213305894,-1.6092678317604907,53.4547760069438]",0.0,13837376,coil_as_tip,thesis_trusted,True,
21,repeat,True,ok,T00,T00,0,"[0.0,0.0,0.0,0.0]","[0,0,0,0]","{""5"":2125,""6"":2416,""7"":2494,""8"":1843}","{""5"":1665,""6"":2417,""7"":3015,""8"":1844}","{""5"":2126,""6"":2418,""7"":2500,""8"":1845}","[-49.33,43.31,-207.77]","[0.6048379328303213,-0.04531174856909104,70.2145028378555]",0.036525016999803483,13839112,coil_as_tip,thesis_trusted,True,
22,approach,True,ok,T05,T05,5,"[4.0,0.0,-4.0,0.0]","[261,0,-261,0]","{""5"":2386,""6"":2416,""7"":2233,""8"":1843}","{""5"":2126,""6"":2418,""7"":2500,""8"":1845}","{""5"":2386,""6"":2417,""7"":2264,""8"":1844}","[-44.49,44.53,-185.07]","[-22.10210530011662,0.25447693616446543,65.26386088349938]",0.0,13840840,coil_as_tip,thesis_trusted,True,
23,repeat,True,ok,T00,T00,0,"[0.0,0.0,0.0,0.0]","[0,0,0,0]","{""5"":2125,""6"":2416,""7"":2494,""8"":1843}","{""5"":2386,""6"":2417,""7"":2264,""8"":1844}","{""5"":2130,""6"":2418,""7"":2495,""8"":1845}","[-49.1,43.38,-206.02]","[-1.1447664561598003,0.0022068333276052954,69.97591015900502]",0.03884978499991121,13842568,coil_as_tip,thesis_trusted,True,
24,approach,True,ok,T01,T01,1,"[-4.0,0.0,4.0,0.0]","[-261,0,261,0]","{""5"":1864,""6"":2416,""7"":2755,""8"":1843}","{""5"":2130,""6"":2418,""7"":2495,""8"":1845}","{""5"":1894,""6"":2417,""7"":2754,""8"":1844}","[-44.87,42.44,-227.47]","[20.339972932234105,-0.5185712534633709,65.85113578976816]",0.0,13844320,coil_as_tip,thesis_trusted,True,
25,repeat,True,ok,T00,T00,0,"[0.0,0.0,0.0,0.0]","[0,0,0,0]","{""5"":2125,""6"":2416,""7"":2494,""8"":1843}","{""5"":1894,""6"":2417,""7"":2754,""8"":1844}","{""5"":2126,""6"":2418,""7"":2500,""8"":1846}","[-49.34,43.26,-207.3]","[0.13923806565890118,0.036298627034675235,70.22202017007933]",0.037011922999226954,13846056,coil_as_tip,thesis_trusted,True,
26,approach,True,ok,T07,T07,7,"[0.0,4.0,0.0,-4.0]","[0,261,0,-261]","{""5"":2125,""6"":2677,""7"":2494,""8"":1582}","{""5"":2126,""6"":2418,""7"":2500,""8"":1845}","{""5"":2126,""6"":2678,""7"":2495,""8"":1613}","[-44.52,64.55,-209.38]","[0.8017283891713305,-21.359195122571833,65.46630216100843]",0.03714060800120933,13847768,coil_as_tip,thesis_trusted,True,
27,repeat,True,ok,T00,T00,0,"[0.0,0.0,0.0,0.0]","[0,0,0,0]","{""5"":2125,""6"":2416,""7"":2494,""8"":1843}","{""5"":2126,""6"":2678,""7"":2495,""8"":1613}","{""5"":2127,""6"":2421,""7"":2497,""8"":1844}","[-49.07,43.97,-206.73000000000002]","[-0.47604299157688956,-0.6344142746525065,69.95096035358644]",0.0,13849520,coil_as_tip,thesis_trusted,True,
28,approach,True,ok,T16,T16,16,"[-5.656854249492373,5.656854249492388,5.656854249492373,-5.656854249492388]","[-369,369,369,-369]","{""5"":1756,""6"":2785,""7"":2863,""8"":1474}","{""5"":2127,""6"":2421,""7"":2497,""8"":1844}","{""5"":1789,""6"":2785,""7"":2861,""8"":1512}","[-34.76,67.88,-232.51]","[23.701323293487576,-26.269337422865135,55.830823148054094]",0.03980596799374325,13851256,coil_as_tip,thesis_trusted,True,
29,repeat,True,ok,T00,T00,0,"[0.0,0.0,0.0,0.0]","[0,0,0,0]","{""5"":2125,""6"":2416,""7"":2494,""8"":1843}","{""5"":1789,""6"":2785,""7"":2861,""8"":1512}","{""5"":2127,""6"":2421,""7"":2500,""8"":1845}","[-49.01,43.97,-207.23000000000002]","[0.02310233291123609,-0.6683047373086453,69.89346790553799]",0.0,13853000,coil_as_tip,thesis_trusted,True,
30,approach,True,ok,T13,T13,13,"[8.0,0.0,-8.0,0.0]","[522,0,-522,0]","{""5"":2647,""6"":2416,""7"":1972,""8"":1843}","{""5"":2127,""6"":2421,""7"":2500,""8"":1845}","{""5"":2646,""6"":2417,""7"":2039,""8"":1844}","[-31.46,47.160000000000004,-168.37]","[-38.87832002076266,-1.2805562461922122,52.15698891586944]",0.0,13854736,coil_as_tip,thesis_trusted,True,
31,repeat,True,ok,T00,T00,0,"[0.0,0.0,0.0,0.0]","[0,0,0,0]","{""5"":2125,""6"":2416,""7"":2494,""8"":1843}","{""5"":2646,""6"":2417,""7"":2039,""8"":1844}","{""5"":2130,""6"":2418,""7"":2495,""8"":1845}","[-49.0,43.61,-205.33]","[-1.8482175915911796,-0.1810222943359534,69.8730335978459]",0.0388691199987079,13856448,coil_as_tip,thesis_trusted,True,
32,approach,True,ok,T04,T04,4,"[2.82842712474619,-2.8284271247461903,-2.82842712474619,2.8284271247461903]","[184,-184,-184,184]","{""5"":2309,""6"":2232,""7"":2310,""8"":2027}","{""5"":2130,""6"":2418,""7"":2495,""8"":1845}","{""5"":2309,""6"":2255,""7"":2330,""8"":2028}","[-45.06,30.54,-190.88]","[-15.364516893757099,13.822385974338424,65.82763991674491]",0.0,13858184,coil_as_tip,thesis_trusted,True,
33,repeat,True,ok,T01,T01,1,"[-4.0,0.0,4.0,0.0]","[-261,0,261,0]","{""5"":1864,""6"":2416,""7"":2755,""8"":1843}","{""5"":2309,""6"":2255,""7"":2330,""8"":2028}","{""5"":1894,""6"":2417,""7"":2754,""8"":1844}","[-45.01,41.51,-227.11]","[20.042850221250006,0.43398559065828124,65.98697964621536]",0.0,13859904,coil_as_tip,thesis_trusted,True,
34,approach,True,ok,T08,T08,8,"[-2.8284271247461894,2.8284271247461907,2.8284271247461894,-2.8284271247461907]","[-184,184,184,-184]","{""5"":1941,""6"":2600,""7"":2678,""8"":1659}","{""5"":1894,""6"":2417,""7"":2754,""8"":1844}","{""5"":1949,""6"":2601,""7"":2679,""8"":1680}","[-44.99,56.53,-221.70000000000002]","[13.632214154310958,-14.186977473833608,65.97779901307851]",0.038011290998838376,13861624,coil_as_tip,thesis_trusted,True,
35,repeat,True,ok,T01,T01,1,"[-4.0,0.0,4.0,0.0]","[-261,0,261,0]","{""5"":1864,""6"":2416,""7"":2755,""8"":1843}","{""5"":1949,""6"":2601,""7"":2679,""8"":1680}","{""5"":1891,""6"":2418,""7"":2754,""8"":1844}","[-44.75,43.86,-227.79]","[20.56403949717486,-1.9572559084510743,65.73632883014221]",0.0,13863360,coil_as_tip,thesis_trusted,True,
36,approach,True,ok,T14,T14,14,"[5.656854249492377,5.656854249492383,-5.656854249492377,-5.656854249492383]","[369,369,-369,-369]","{""5"":2494,""6"":2785,""7"":2125,""8"":1474}","{""5"":1891,""6"":2418,""7"":2754,""8"":1844}","{""5"":2495,""6"":2785,""7"":2166,""8"":1509}","[-34.37,70.52,-183.4]","[-25.472444764075874,-25.592555021914393,55.2012990399265]",0.03536174500186462,13865112,coil_as_tip,thesis_trusted,True,
37,repeat,True,ok,T01,T01,1,"[-4.0,0.0,4.0,0.0]","[-261,0,261,0]","{""5"":1864,""6"":2416,""7"":2755,""8"":1843}","{""5"":2495,""6"":2785,""7"":2166,""8"":1509}","{""5"":1893,""6"":2418,""7"":2754,""8"":1844}","[-44.89,44.31,-227.53]","[20.27360523389487,-2.38829559760142,65.87615988924637]",0.03877432399895042,13866832,coil_as_tip,thesis_trusted,True,
38,approach,True,ok,T12,T12,12,"[5.6568542494923735,-5.656854249492387,-5.6568542494923735,5.656854249492387]","[369,-369,-369,369]","{""5"":2494,""6"":2047,""7"":2125,""8"":2212}","{""5"":1893,""6"":2418,""7"":2754,""8"":1844}","{""5"":2495,""6"":2082,""7"":2166,""8"":2213}","[-34.89,19.75,-180.48]","[-24.96377603400279,25.260062861166713,55.578407194685965]",0.0,13868560,coil_as_tip,thesis_trusted,True,
39,repeat,True,ok,T01,T01,1,"[-4.0,0.0,4.0,0.0]","[-261,0,261,0]","{""5"":1864,""6"":2416,""7"":2755,""8"":1843}","{""5"":2495,""6"":2082,""7"":2166,""8"":2213}","{""5"":1894,""6"":2417,""7"":2754,""8"":1845}","[-44.97,40.65,-227.09]","[20.08109728300846,1.2932586792159313,65.94470765137903]",0.0,13870296,coil_as_tip,thesis_trusted,True,
40,approach,True,ok,T07,T07,7,"[0.0,4.0,0.0,-4.0]","[0,261,0,-261]","{""5"":2125,""6"":2677,""7"":2494,""8"":1582}","{""5"":1894,""6"":2417,""7"":2753,""8"":1845}","{""5"":2126,""6"":2678,""7"":2495,""8"":1612}","[-44.5,64.56,-209.88]","[1.3000059445109855,-21.40294844437105,65.44883434270503]",0.0,13872024,coil_as_tip,thesis_trusted,True,
41,repeat,True,ok,T01,T01,1,"[-4.0,0.0,4.0,0.0]","[-261,0,261,0]","{""5"":1864,""6"":2416,""7"":2755,""8"":1843}","{""5"":2126,""6"":2678,""7"":2495,""8"":1612}","{""5"":1892,""6"":2418,""7"":2754,""8"":1844}","[-44.83,43.81,-227.71]","[20.487208671892375,-1.901746236590057,65.81580021251534]",0.03716947900102241,13873760,coil_as_tip,thesis_trusted,True,
42,approach,True,ok,T06,T06,6,"[2.8284271247461907,2.82842712474619,-2.8284271247461907,-2.82842712474619]","[184,184,-184,-184]","{""5"":2309,""6"":2600,""7"":2310,""8"":1659}","{""5"":1892,""6"":2418,""7"":2754,""8"":1844}","{""5"":2309,""6"":2601,""7"":2333,""8"":1674}","[-44.97,58.43,-194.14000000000001]","[-13.992758250219282,-14.224112344519057,65.82443457677981]",0.0,13875504,coil_as_tip,thesis_trusted,True,
43,repeat,True,ok,T01,T01,1,"[-4.0,0.0,4.0,0.0]","[-261,0,261,0]","{""5"":1864,""6"":2416,""7"":2755,""8"":1843}","{""5"":2309,""6"":2601,""7"":2333,""8"":1674}","{""5"":1893,""6"":2418,""7"":2754,""8"":1844}","[-44.89,43.980000000000004,-227.49]","[20.255955690984848,-2.056350686126706,65.87512578040011]",0.0,13877248,coil_as_tip,thesis_trusted,True,
44,approach,True,ok,T00,T00,0,"[0.0,0.0,0.0,0.0]","[0,0,0,0]","{""5"":2125,""6"":2416,""7"":2494,""8"":1843}","{""5"":1893,""6"":2418,""7"":2754,""8"":1844}","{""5"":2126,""6"":2419,""7"":2500,""8"":1845}","[-49.35,43.4,-207.11]","[-0.05981848170026183,-0.09054029710696909,70.23142114215901]",0.0,13879008,coil_as_tip,thesis_trusted,True,
45,repeat,True,ok,T01,T01,1,"[-4.0,0.0,4.0,0.0]","[-261,0,261,0]","{""5"":1864,""6"":2416,""7"":2755,""8"":1843}","{""5"":2126,""6"":2419,""7"":2500,""8"":1845}","{""5"":1894,""6"":2417,""7"":2754,""8"":1844}","[-44.95,43.13,-227.53]","[20.352907750329393,-1.2108152300470252,65.93317826269833]",0.03643607500271173,13880752,coil_as_tip,thesis_trusted,True,
46,approach,True,ok,T11,T11,11,"[0.0,-8.0,0.0,8.0]","[0,-522,0,522]","{""5"":2125,""6"":1894,""7"":2494,""8"":2365}","{""5"":1894,""6"":2417,""7"":2754,""8"":1844}","{""5"":2126,""6"":1958,""7"":2495,""8"":2364}","[-32.04,4.57,-206.75]","[2.2837673298408845,38.62570247547891,52.82180451461275]",0.0,13882488,coil_as_tip,thesis_trusted,True,
47,repeat,True,ok,T01,T01,1,"[-4.0,0.0,4.0,0.0]","[-261,0,261,0]","{""5"":1864,""6"":2416,""7"":2755,""8"":1843}","{""5"":2126,""6"":1958,""7"":2495,""8"":2365}","{""5"":1892,""6"":2417,""7"":2754,""8"":1848}","[-44.71,39.99,-227.48000000000002]","[20.515978481682595,1.924709503985433,65.68499974056832]",0.0,13884232,coil_as_tip,thesis_trusted,True,
48,approach,True,ok,T15,T15,15,"[0.0,8.0,0.0,-8.0]","[0,522,0,-522]","{""5"":2125,""6"":2938,""7"":2494,""8"":1321}","{""5"":1892,""6"":2417,""7"":2754,""8"":1848}","{""5"":2126,""6"":2939,""7"":2495,""8"":1388}","[-32.18,81.62,-211.23000000000002]","[1.5557215917380347,-38.55029728769928,53.178889878569386]",0.0,13885960,coil_as_tip,thesis_trusted,True,
49,repeat,True,ok,T01,T01,1,"[-4.0,0.0,4.0,0.0]","[-261,0,261,0]","{""5"":1864,""6"":2416,""7"":2755,""8"":1843}","{""5"":2126,""6"":2939,""7"":2495,""8"":1388}","{""5"":1890,""6"":2419,""7"":2754,""8"":1844}","[-44.62,44.43,-228.11]","[20.845487886585374,-2.5479076761107677,65.60937492725334]",0.0,13887720,coil_as_tip,thesis_trusted,True,
50,approach,True,ok,T09,T09,9,"[-8.0,0.0,8.0,0.0]","[-522,0,522,0]","{""5"":1603,""6"":2416,""7"":3016,""8"":1843}","{""5"":1890,""6"":2419,""7"":2754,""8"":1844}","{""5"":1664,""6"":2417,""7"":3015,""8"":1844}","[-32.27,43.79,-244.56]","[37.36066875719314,-3.054021899675327,53.34042023649766]",0.0,13889456,coil_as_tip,thesis_trusted,True,
51,repeat,True,ok,T01,T01,1,"[-4.0,0.0,4.0,0.0]","[-261,0,261,0]","{""5"":1864,""6"":2416,""7"":2755,""8"":1843}","{""5"":1664,""6"":2417,""7"":3015,""8"":1844}","{""5"":1874,""6"":2417,""7"":2756,""8"":1844}","[-43.92,42.93,-229.67000000000002]","[22.5064756397409,-1.15853262314954,64.9134175678725]",0.03805566200026078,13891200,coil_as_tip,thesis_trusted,True,
52,approach,True,ok,T05,T05,5,"[4.0,0.0,-4.0,0.0]","[261,0,-261,0]","{""5"":2386,""6"":2416,""7"":2233,""8"":1843}","{""5"":1874,""6"":2417,""7"":2756,""8"":1844}","{""5"":2387,""6"":2417,""7"":2264,""8"":1844}","[-44.7,45.09,-185.26]","[-21.951327499602456,-0.31645886355276787,65.47622464564665]",0.0,13892944,coil_as_tip,thesis_trusted,True,
53,repeat,True,ok,T01,T01,1,"[-4.0,0.0,4.0,0.0]","[-261,0,261,0]","{""5"":1864,""6"":2416,""7"":2755,""8"":1843}","{""5"":2387,""6"":2417,""7"":2264,""8"":1844}","{""5"":1893,""6"":2418,""7"":2754,""8"":1844}","[-44.79,42.910000000000004,-227.67000000000002]","[20.508199563643842,-1.0012156144989177,65.77332691337782]",0.0,13894688,coil_as_tip,thesis_trusted,True,
54,approach,True,ok,T16,T16,16,"[-5.656854249492373,5.656854249492388,5.656854249492373,-5.656854249492388]","[-369,369,369,-369]","{""5"":1756,""6"":2785,""7"":2863,""8"":1474}","{""5"":1893,""6"":2418,""7"":2754,""8"":1844}","{""5"":1787,""6"":2785,""7"":2861,""8"":1514}","[-34.660000000000004,68.08,-232.6]","[23.77811017791163,-26.47523654790156,55.73178111309074]",0.0,13896448,coil_as_tip,thesis_trusted,True,
55,repeat,True,ok,T01,T01,1,"[-4.0,0.0,4.0,0.0]","[-261,0,261,0]","{""5"":1864,""6"":2416,""7"":2755,""8"":1843}","{""5"":1787,""6"":2785,""7"":2861,""8"":1514}","{""5"":1874,""6"":2419,""7"":2756,""8"":1844}","[-43.910000000000004,44.64,-229.43]","[22.151731811341477,-2.848476241417792,64.90653401596046]",0.036576518999936525,13898176,coil_as_tip,thesis_trusted,True,
56,approach,True,ok,T02,T02,2,"[-2.8284271247461903,-2.82842712474619,2.8284271247461903,2.82842712474619]","[-184,-184,184,184]","{""5"":1941,""6"":2232,""7"":2678,""8"":2027}","{""5"":1874,""6"":2419,""7"":2756,""8"":1844}","{""5"":1947,""6"":2257,""7"":2679,""8"":2028}","[-45.1,28.97,-221.16]","[14.951873575902255,13.346899471480135,66.01547355788965]",0.03901771300297696,13899928,coil_as_tip,thesis_trusted,True,
57,repeat,True,ok,T01,T01,1,"[-4.0,0.0,4.0,0.0]","[-261,0,261,0]","{""5"":1864,""6"":2416,""7"":2755,""8"":1843}","{""5"":1947,""6"":2257,""7"":2679,""8"":2028}","{""5"":1891,""6"":2417,""7"":2754,""8"":1845}","[-44.64,41.09,-227.92000000000002]","[20.88111316059812,0.7973454175616723,65.61998525837245]",0.0,13901680,coil_as_tip,thesis_trusted,True,
58,approach,True,ok,T13,T13,13,"[8.0,0.0,-8.0,0.0]","[522,0,-522,0]","{""5"":2647,""6"":2416,""7"":1972,""8"":1843}","{""5"":1891,""6"":2417,""7"":2754,""8"":1845}","{""5"":2647,""6"":2417,""7"":2038,""8"":1844}","[-31.720000000000002,46.38,-168.24]","[-38.95666668004995,-0.4928250267403911,52.41436282068392]",0.037943051000183914,13903416,coil_as_tip,thesis_trusted,True,
59,repeat,True,ok,T01,T01,1,"[-4.0,0.0,4.0,0.0]","[-261,0,261,0]","{""5"":1864,""6"":2416,""7"":2755,""8"":1843}","{""5"":2647,""6"":2417,""7"":2039,""8"":1844}","{""5"":1893,""6"":2417,""7"":2754,""8"":1844}","[-44.92,42.37,-227.35]","[20.224727638580845,-0.44049542816814835,65.90035659629595]",0.0,13905152,coil_as_tip,thesis_trusted,True,
60,approach,True,ok,T03,T03,3,"[0.0,-4.0,0.0,4.0]","[0,-261,0,261]","{""5"":2125,""6"":2155,""7"":2494,""8"":2104}","{""5"":1893,""6"":2417,""7"":2754,""8"":1844}","{""5"":2126,""6"":2186,""7"":2497,""8"":2104}","[-44.63,21.45,-207.70000000000002]","[2.032188878759598,21.756120181537483,65.45900758771757]",0.0,13906880,coil_as_tip,thesis_trusted,True,
61,repeat,True,ok,T01,T01,1,"[-4.0,0.0,4.0,0.0]","[-261,0,261,0]","{""5"":1864,""6"":2416,""7"":2755,""8"":1843}","{""5"":2126,""6"":2186,""7"":2497,""8"":2104}","{""5"":1893,""6"":2417,""7"":2754,""8"":1846}","[-44.93,40.62,-227.31]","[20.30281046890559,1.3082395832008586,65.90573540849846]",0.0,13908616,coil_as_tip,thesis_trusted,True,
62,approach,True,ok,T10,T10,10,"[-5.6568542494923815,-5.656854249492379,5.6568542494923815,5.656854249492379]","[-369,-369,369,369]","{""5"":1756,""6"":2047,""7"":2863,""8"":2212}","{""5"":1893,""6"":2417,""7"":2754,""8"":1846}","{""5"":1788,""6"":2085,""7"":2862,""8"":2213}","[-34.550000000000004,16.45,-229.93]","[24.597258451231284,25.216759749115575,55.4779801369576]",0.0,13910344,coil_as_tip,thesis_trusted,True,
63,repeat,True,ok,T01,T01,1,"[-4.0,0.0,4.0,0.0]","[-261,0,261,0]","{""5"":1864,""6"":2416,""7"":2755,""8"":1843}","{""5"":1788,""6"":2085,""7"":2862,""8"":2213}","{""5"":1874,""6"":2417,""7"":2756,""8"":1847}","[-44.03,39.660000000000004,-228.96]","[22.018134845584484,2.1522050861480437,65.01159643014763]",0.0,13912064,coil_as_tip,thesis_trusted,True,
64,approach,True,ok,T01,T01,1,"[-4.0,0.0,4.0,0.0]","[-261,0,261,0]","{""5"":1864,""6"":2416,""7"":2755,""8"":1843}","{""5"":1874,""6"":2417,""7"":2756,""8"":1847}","{""5"":1875,""6"":2417,""7"":2756,""8"":1847}","[-43.97,39.85,-229.08]","[22.125334310943884,1.9543743518787977,64.95267890130307]",0.0,13913824,coil_as_tip,thesis_trusted,True,
65,repeat,True,ok,T02,T02,2,"[-2.8284271247461903,-2.82842712474619,2.8284271247461903,2.82842712474619]","[-184,-184,184,184]","{""5"":1941,""6"":2232,""7"":2678,""8"":2027}","{""5"":1875,""6"":2417,""7"":2756,""8"":1847}","{""5"":1947,""6"":2254,""7"":2678,""8"":2028}","[-44.78,28.05,-221.41]","[15.264902446655384,14.247027141481588,65.6944079823871]",0.0,13915560,coil_as_tip,thesis_trusted,True,
66,approach,True,ok,T16,T16,16,"[-5.656854249492373,5.656854249492388,5.656854249492373,-5.656854249492388]","[-369,369,369,-369]","{""5"":1756,""6"":2785,""7"":2863,""8"":1474}","{""5"":1947,""6"":2254,""7"":2678,""8"":2028}","{""5"":1785,""6"":2785,""7"":2861,""8"":1515}","[-34.87,67.57000000000001,-232.44]","[23.651861943016883,-25.955009341059267,55.939687429606174]",0.0,13917304,coil_as_tip,thesis_trusted,True,
67,repeat,True,ok,T02,T02,2,"[-2.8284271247461903,-2.82842712474619,2.8284271247461903,2.82842712474619]","[-184,-184,184,184]","{""5"":1941,""6"":2232,""7"":2678,""8"":2027}","{""5"":1785,""6"":2785,""7"":2861,""8"":1515}","{""5"":1947,""6"":2255,""7"":2678,""8"":2028}","[-44.910000000000004,28.93,-221.43]","[15.224871532283885,13.368056918296105,65.82672907914738]",0.03897804799635196,13919032,coil_as_tip,thesis_trusted,True,
68,approach,True,ok,T14,T14,14,"[5.656854249492377,5.656854249492383,-5.656854249492377,-5.656854249492383]","[369,369,-369,-369]","{""5"":2494,""6"":2785,""7"":2125,""8"":1474}","{""5"":1947,""6"":2255,""7"":2678,""8"":2028}","{""5"":2495,""6"":2785,""7"":2165,""8"":1511}","[-34.56,69.85000000000001,-183.78]","[-25.04904030651292,-24.949166359530565,55.391508646497094]",0.03799062500183936,13920776,coil_as_tip,thesis_trusted,True,
69,repeat,True,ok,T02,T02,2,"[-2.8284271247461903,-2.82842712474619,2.8284271247461903,2.82842712474619]","[-184,-184,184,184]","{""5"":1941,""6"":2232,""7"":2678,""8"":2027}","{""5"":2495,""6"":2785,""7"":2165,""8"":1511}","{""5"":1958,""6"":2254,""7"":2677,""8"":2028}","[-45.410000000000004,28.96,-219.98000000000002]","[13.773751508911744,13.437339505930836,66.31952782185985]",0.03804788400157122,13922496,coil_as_tip,thesis_trusted,True,
70,approach,True,ok,T00,T00,0,"[0.0,0.0,0.0,0.0]","[0,0,0,0]","{""5"":2125,""6"":2416,""7"":2494,""8"":1843}","{""5"":1958,""6"":2255,""7"":2677,""8"":2028}","{""5"":2126,""6"":2417,""7"":2500,""8"":1847}","[-49.160000000000004,42.87,-207.01]","[-0.12292246755259839,0.4444516756708268,70.03958403408845]",0.0,13924272,coil_as_tip,thesis_trusted,True,
71,repeat,True,ok,T02,T02,2,"[-2.8284271247461903,-2.82842712474619,2.8284271247461903,2.82842712474619]","[-184,-184,184,184]","{""5"":1941,""6"":2232,""7"":2678,""8"":2027}","{""5"":2126,""6"":2417,""7"":2500,""8"":1847}","{""5"":1959,""6"":2254,""7"":2677,""8"":2028}","[-45.32,28.650000000000002,-219.97]","[13.785119097393562,13.747049639285784,66.22869604752196]",0.0,13926016,coil_as_tip,thesis_trusted,True,
72,approach,True,ok,T03,T03,3,"[0.0,-4.0,0.0,4.0]","[0,-261,0,261]","{""5"":2125,""6"":2155,""7"":2494,""8"":2104}","{""5"":1959,""6"":2254,""7"":2677,""8"":2028}","{""5"":2126,""6"":2185,""7"":2497,""8"":2103}","[-44.63,21.52,-208.22]","[2.546276951705778,21.65121210596879,65.46179127860252]",0.0,13927744,coil_as_tip,thesis_trusted,True,
73,repeat,True,ok,T02,T02,2,"[-2.8284271247461903,-2.82842712474619,2.8284271247461903,2.82842712474619]","[-184,-184,184,184]","{""5"":1941,""6"":2232,""7"":2678,""8"":2027}","{""5"":2126,""6"":2185,""7"":2497,""8"":2103}","{""5"":1961,""6"":2239,""7"":2677,""8"":2028}","[-44.97,26.95,-219.47]","[13.402621680171961,15.475891113923893,65.87190075412538]",0.0,13929488,coil_as_tip,thesis_trusted,True,
74,approach,True,ok,T05,T05,5,"[4.0,0.0,-4.0,0.0]","[261,0,-261,0]","{""5"":2386,""6"":2416,""7"":2233,""8"":1843}","{""5"":1961,""6"":2239,""7"":2677,""8"":2028}","{""5"":2387,""6"":2417,""7"":2264,""8"":1845}","[-44.62,42.94,-185.19]","[-21.875760691382084,1.833129783586223,65.3904440791613]",0.038164458994288,13931240,coil_as_tip,thesis_trusted,True,
75,repeat,True,ok,T02,T02,2,"[-2.8284271247461903,-2.82842712474619,2.8284271247461903,2.82842712474619]","[-184,-184,184,184]","{""5"":1941,""6"":2232,""7"":2678,""8"":2027}","{""5"":2387,""6"":2417,""7"":2264,""8"":1845}","{""5"":1961,""6"":2250,""7"":2677,""8"":2029}","[-45.300000000000004,27.75,-219.24]","[13.11759285525639,14.694169594468207,66.20276331620687]",0.0,13932992,coil_as_tip,thesis_trusted,True,
76,approach,True,ok,T15,T15,15,"[0.0,8.0,0.0,-8.0]","[0,522,0,-522]","{""5"":2125,""6"":2938,""7"":2494,""8"":1321}","{""5"":1961,""6"":2250,""7"":2677,""8"":2028}","{""5"":2126,""6"":2939,""7"":2495,""8"":1388}","[-32.35,81.51,-210.44]","[0.7741282861156549,-38.3867862760527,53.34464890148101]",0.0,13934704,coil_as_tip,thesis_trusted,True,
77,repeat,True,ok,T02,T02,2,"[-2.8284271247461903,-2.82842712474619,2.8284271247461903,2.82842712474619]","[-184,-184,184,184]","{""5"":1941,""6"":2232,""7"":2678,""8"":2027}","{""5"":2126,""6"":2939,""7"":2495,""8"":1388}","{""5"":1958,""6"":2256,""7"":2677,""8"":2028}","[-45.43,29.2,-220.16]","[13.937054552952702,13.18580519676177,66.34103612532122]",0.03802092200203333,13936432,coil_as_tip,thesis_trusted,True,
78,approach,True,ok,T13,T13,13,"[8.0,0.0,-8.0,0.0]","[522,0,-522,0]","{""5"":2647,""6"":2416,""7"":1972,""8"":1843}","{""5"":1958,""6"":2256,""7"":2677,""8"":2028}","{""5"":2647,""6"":2417,""7"":2038,""8"":1844}","[-31.52,46.21,-168.11]","[-39.07393610573149,-0.3150174759256714,52.21328483413742]",0.0,13938176,coil_as_tip,thesis_trusted,True,
79,repeat,True,ok,T02,T02,2,"[-2.8284271247461903,-2.82842712474619,2.8284271247461903,2.82842712474619]","[-184,-184,184,184]","{""5"":1941,""6"":2232,""7"":2678,""8"":2027}","{""5"":2647,""6"":2417,""7"":2038,""8"":1844}","{""5"":1961,""6"":2251,""7"":2677,""8"":2028}","[-45.37,28.11,-218.97]","[12.823590290374568,14.353398942910609,66.27231800605537]",0.037024962999566924,13939896,coil_as_tip,thesis_trusted,True,
80,approach,True,ok,T08,T08,8,"[-2.8284271247461894,2.8284271247461907,2.8284271247461894,-2.8284271247461907]","[-184,184,184,-184]","{""5"":1941,""6"":2600,""7"":2678,""8"":1659}","{""5"":1961,""6"":2251,""7"":2677,""8"":2028}","{""5"":1958,""6"":2601,""7"":2678,""8"":1679}","[-45.26,56.370000000000005,-220.84]","[12.783670503545778,-13.968574002223491,66.24307923536199]",0.03606200399372028,13941632,coil_as_tip,thesis_trusted,True,
81,repeat,True,ok,T02,T02,2,"[-2.8284271247461903,-2.82842712474619,2.8284271247461903,2.82842712474619]","[-184,-184,184,184]","{""5"":1941,""6"":2232,""7"":2678,""8"":2027}","{""5"":1958,""6"":2601,""7"":2679,""8"":1679}","{""5"":1955,""6"":2255,""7"":2677,""8"":2028}","[-45.35,29.12,-220.28]","[14.062562467816605,13.257301527136264,66.26143689134567]",0.03652759499527747,13943376,coil_as_tip,thesis_trusted,True,
82,approach,True,ok,T09,T09,9,"[-8.0,0.0,8.0,0.0]","[-522,0,522,0]","{""5"":1603,""6"":2416,""7"":3016,""8"":1843}","{""5"":1955,""6"":2255,""7"":2677,""8"":2028}","{""5"":1664,""6"":2417,""7"":3014,""8"":1844}","[-32.3,40.58,-243.99]","[37.00834692906605,0.1871826687001743,53.35945376919596]",0.0,13945112,coil_as_tip,thesis_trusted,True,
83,repeat,True,ok,T02,T02,2,"[-2.8284271247461903,-2.82842712474619,2.8284271247461903,2.82842712474619]","[-184,-184,184,184]","{""5"":1941,""6"":2232,""7"":2678,""8"":2027}","{""5"":1664,""6"":2417,""7"":3015,""8"":1844}","{""5"":1947,""6"":2255,""7"":2679,""8"":2028}","[-44.78,28.22,-221.51]","[15.353206832342977,14.070671055143073,65.69533872386383]",0.0,13946840,coil_as_tip,thesis_trusted,True,
84,approach,True,ok,T04,T04,4,"[2.82842712474619,-2.8284271247461903,-2.82842712474619,2.8284271247461903]","[184,-184,-184,184]","{""5"":2309,""6"":2232,""7"":2310,""8"":2027}","{""5"":1947,""6"":2255,""7"":2678,""8"":2028}","{""5"":2309,""6"":2250,""7"":2335,""8"":2028}","[-45.43,29.51,-192.69]","[-13.490973111681654,14.729031890899037,66.20410622151911]",0.03704255599586759,13948568,coil_as_tip,thesis_trusted,True,
85,repeat,True,ok,T02,T02,2,"[-2.8284271247461903,-2.82842712474619,2.8284271247461903,2.82842712474619]","[-184,-184,184,184]","{""5"":1941,""6"":2232,""7"":2678,""8"":2027}","{""5"":2309,""6"":2250,""7"":2334,""8"":2028}","{""5"":1961,""6"":2248,""7"":2677,""8"":2028}","[-45.19,27.6,-219.39000000000001]","[13.277898622573161,14.833397392659563,66.09313813125482]",0.0,13950328,coil_as_tip,thesis_trusted,True,
86,approach,True,ok,T11,T11,11,"[0.0,-8.0,0.0,8.0]","[0,-522,0,522]","{""5"":2125,""6"":1894,""7"":2494,""8"":2365}","{""5"":1961,""6"":2248,""7"":2677,""8"":2028}","{""5"":2126,""6"":1958,""7"":2495,""8"":2364}","[-31.900000000000002,4.48,-206.97]","[2.5100107302037316,38.70026070553861,52.68268228733539]",0.0,13952056,coil_as_tip,thesis_trusted,True,
87,repeat,True,ok,T02,T02,2,"[-2.8284271247461903,-2.82842712474619,2.8284271247461903,2.82842712474619]","[-184,-184,184,184]","{""5"":1941,""6"":2232,""7"":2678,""8"":2027}","{""5"":2126,""6"":1958,""7"":2495,""8"":2364}","{""5"":1960,""6"":2238,""7"":2677,""8"":2028}","[-44.57,26.04,-220.24]","[14.234172209704866,16.330745201748037,65.47346856997868]",0.03805653399467701,13953776,coil_as_tip,thesis_trusted,True,
88,approach,True,ok,T10,T10,10,"[-5.6568542494923815,-5.656854249492379,5.6568542494923815,5.656854249492379]","[-369,-369,369,369]","{""5"":1756,""6"":2047,""7"":2863,""8"":2212}","{""5"":1960,""6"":2238,""7"":2677,""8"":2028}","{""5"":1791,""6"":2079,""7"":2862,""8"":2212}","[-34.03,15.82,-229.79]","[24.502585521563788,25.853277915788766,54.955695099948905]",0.0,13955528,coil_as_tip,thesis_trusted,True,
89,repeat,True,ok,T02,T02,2,"[-2.8284271247461903,-2.82842712474619,2.8284271247461903,2.82842712474619]","[-184,-184,184,184]","{""5"":1941,""6"":2232,""7"":2678,""8"":2027}","{""5"":1791,""6"":2079,""7"":2862,""8"":2212}","{""5"":1948,""6"":2238,""7"":2679,""8"":2028}","[-44.29,26.29,-221.0]","[14.976922480110346,16.029262194634093,65.19791452403825]",0.03709998200065456,13957264,coil_as_tip,thesis_trusted,True,
90,approach,True,ok,T06,T06,6,"[2.8284271247461907,2.82842712474619,-2.8284271247461907,-2.82842712474619]","[184,184,-184,-184]","{""5"":2309,""6"":2600,""7"":2310,""8"":1659}","{""5"":1948,""6"":2238,""7"":2679,""8"":2028}","{""5"":2309,""6"":2601,""7"":2331,""8"":1679}","[-45.300000000000004,57.17,-194.05]","[-13.999158104192105,-12.959973255052702,66.15079542668724]",0.0,13959024,coil_as_tip,thesis_trusted,True,
91,repeat,True,ok,T02,T02,2,"[-2.8284271247461903,-2.82842712474619,2.8284271247461903,2.82842712474619]","[-184,-184,184,184]","{""5"":1941,""6"":2232,""7"":2678,""8"":2027}","{""5"":2309,""6"":2601,""7"":2331,""8"":1679}","{""5"":1959,""6"":2252,""7"":2677,""8"":2029}","[-45.2,28.26,-219.9]","[13.742165071265958,14.140537847161028,66.10736187301802]",0.03655361399432877,13960752,coil_as_tip,thesis_trusted,True,
92,approach,True,ok,T07,T07,7,"[0.0,4.0,0.0,-4.0]","[0,261,0,-261]","{""5"":2125,""6"":2677,""7"":2494,""8"":1582}","{""5"":1959,""6"":2252,""7"":2677,""8"":2029}","{""5"":2126,""6"":2678,""7"":2495,""8"":1613}","[-44.65,63.97,-210.0]","[1.458802736197299,-20.821957807263644,65.59794322421001]",0.03906710400042357,13962480,coil_as_tip,thesis_trusted,True,
93,repeat,True,ok,T02,T02,2,"[-2.8284271247461903,-2.82842712474619,2.8284271247461903,2.82842712474619]","[-184,-184,184,184]","{""5"":1941,""6"":2232,""7"":2678,""8"":2027}","{""5"":2126,""6"":2678,""7"":2495,""8"":1613}","{""5"":1957,""6"":2254,""7"":2677,""8"":2028}","[-45.24,28.79,-220.33]","[14.135238361329925,13.58286260544245,66.15085570490716]",0.0,13964232,coil_as_tip,thesis_trusted,True,
94,approach,True,ok,T12,T12,12,"[5.6568542494923735,-5.656854249492387,-5.6568542494923735,5.656854249492387]","[369,-369,-369,369]","{""5"":2494,""6"":2047,""7"":2125,""8"":2212}","{""5"":1957,""6"":2254,""7"":2677,""8"":2028}","{""5"":2495,""6"":2081,""7"":2169,""8"":2213}","[-35.02,19.6,-180.94]","[-24.49533943834507,25.379070911519598,55.71033232420954]",0.039010881999274716,13965960,coil_as_tip,thesis_trusted,True,
95,repeat,True,ok,T02,T02,2,"[-2.8284271247461903,-2.82842712474619,2.8284271247461903,2.82842712474619]","[-184,-184,184,184]","{""5"":1941,""6"":2232,""7"":2678,""8"":2027}","{""5"":2495,""6"":2081,""7"":2169,""8"":2213}","{""5"":1961,""6"":2239,""7"":2677,""8"":2028}","[-44.980000000000004,26.67,-218.78]","[12.733039193355921,15.80181328909353,65.87773419924088]",0.0,13967712,coil_as_tip,thesis_trusted,True,
96,approach,True,ok,T13,T13,13,"[8.0,0.0,-8.0,0.0]","[522,0,-522,0]","{""5"":2647,""6"":2416,""7"":1972,""8"":1843}","{""5"":1961,""6"":2238,""7"":2677,""8"":2028}","{""5"":2647,""6"":2417,""7"":2037,""8"":1844}","[-31.79,43.54,-168.16]","[-38.8452603753355,2.346293125052739,52.47678681790184]",0.0,13969440,coil_as_tip,thesis_trusted,True,
97,repeat,True,ok,T03,T03,3,"[0.0,-4.0,0.0,4.0]","[0,-261,0,261]","{""5"":2125,""6"":2155,""7"":2494,""8"":2104}","{""5"":2647,""6"":2417,""7"":2037,""8"":1844}","{""5"":2128,""6"":2183,""7"":2493,""8"":2104}","[-44.49,21.45,-203.21]","[-2.4468565593683707,22.058516277463525,65.29650046678454]",0.0,13971200,coil_as_tip,thesis_trusted,True,
98,approach,True,ok,T05,T05,5,"[4.0,0.0,-4.0,0.0]","[261,0,-261,0]","{""5"":2386,""6"":2416,""7"":2233,""8"":1843}","{""5"":2128,""6"":2183,""7"":2493,""8"":2104}","{""5"":2387,""6"":2417,""7"":2261,""8"":1848}","[-44.27,42.38,-184.48]","[-22.544671747606486,2.438733131221653,65.03547565212378]",0.0,13972920,coil_as_tip,thesis_trusted,True,
99,repeat,True,ok,T03,T03,3,"[0.0,-4.0,0.0,4.0]","[0,-261,0,261]","{""5"":2125,""6"":2155,""7"":2494,""8"":2104}","{""5"":2387,""6"":2417,""7"":2261,""8"":1848}","{""5"":2127,""6"":2184,""7"":2493,""8"":2104}","[-44.56,21.6,-203.09]","[-2.5770377431053078,21.917151006996548,65.36627667839454]",0.03977363800368039,13974672,coil_as_tip,thesis_trusted,True,
100,approach,True,ok,T04,T04,4,"[2.82842712474619,-2.8284271247461903,-2.82842712474619,2.8284271247461903]","[184,-184,-184,184]","{""5"":2309,""6"":2232,""7"":2310,""8"":2027}","{""5"":2127,""6"":2184,""7"":2493,""8"":2104}","{""5"":2309,""6"":2239,""7"":2333,""8"":2028}","[-44.74,28.26,-191.3]","[-14.790143557636952,16.067947551277868,65.50399122614436]",0.0,13976400,coil_as_tip,thesis_trusted,True,
101,repeat,True,ok,T03,T03,3,"[0.0,-4.0,0.0,4.0]","[0,-261,0,261]","{""5"":2125,""6"":2155,""7"":2494,""8"":2104}","{""5"":2309,""6"":2239,""7"":2332,""8"":2028}","{""5"":2128,""6"":2182,""7"":2493,""8"":2104}","[-44.550000000000004,21.400000000000002,-203.31]","[-2.3440027981257003,22.101829956153672,65.35687454264962]",0.0,13978136,coil_as_tip,thesis_trusted,True,
102,approach,True,ok,T10,T10,10,"[-5.6568542494923815,-5.656854249492379,5.6568542494923815,5.656854249492379]","[-369,-369,369,369]","{""5"":1756,""6"":2047,""7"":2863,""8"":2212}","{""5"":2128,""6"":2182,""7"":2493,""8"":2104}","{""5"":1793,""6"":2077,""7"":2862,""8"":2212}","[-34.63,15.81,-229.12]","[23.8318948867705,25.910153536410036,55.55230153318565]",0.03908139999839477,13979848,coil_as_tip,thesis_trusted,True,
103,repeat,True,ok,T03,T03,3,"[0.0,-4.0,0.0,4.0]","[0,-261,0,261]","{""5"":2125,""6"":2155,""7"":2494,""8"":2104}","{""5"":1793,""6"":2077,""7"":2862,""8"":2212}","{""5"":2126,""6"":2165,""7"":2498,""8"":2104}","[-43.78,19.73,-207.55]","[2.0026550081243784,23.47988358831835,64.60392427719833]",0.0,13981592,coil_as_tip,thesis_trusted,True,
104,approach,True,ok,T16,T16,16,"[-5.656854249492373,5.656854249492388,5.656854249492373,-5.656854249492388]","[-369,369,369,-369]","{""5"":1756,""6"":2785,""7"":2863,""8"":1474}","{""5"":2127,""6"":2165,""7"":2498,""8"":2104}","{""5"":1787,""6"":2785,""7"":2861,""8"":1516}","[-35.160000000000004,67.3,-232.33]","[23.558924452232816,-25.677378011652536,56.22844938648178]",0.036412280998774804,13983328,coil_as_tip,thesis_trusted,True,
105,repeat,True,ok,T03,T03,3,"[0.0,-4.0,0.0,4.0]","[0,-261,0,261]","{""5"":2125,""6"":2155,""7"":2494,""8"":2104}","{""5"":1787,""6"":2785,""7"":2861,""8"":1516}","{""5"":2126,""6"":2185,""7"":2497,""8"":2104}","[-44.58,21.51,-208.1]","[2.4274677299083294,21.669138932023053,65.41116522085055]",0.0,13985072,coil_as_tip,thesis_trusted,True,
106,approach,True,ok,T09,T09,9,"[-8.0,0.0,8.0,0.0]","[-522,0,522,0]","{""5"":1603,""6"":2416,""7"":3016,""8"":1843}","{""5"":2126,""6"":2185,""7"":2497,""8"":2104}","{""5"":1663,""6"":2417,""7"":3015,""8"":1844}","[-32.33,39.38,-244.18]","[37.27870847888195,1.3717184677638699,53.38737460581767]",0.03792583100585034,13986800,coil_as_tip,thesis_trusted,True,
107,repeat,True,ok,T03,T03,3,"[0.0,-4.0,0.0,4.0]","[0,-261,0,261]","{""5"":2125,""6"":2155,""7"":2494,""8"":2104}","{""5"":1663,""6"":2417,""7"":3015,""8"":1844}","{""5"":2126,""6"":2184,""7"":2498,""8"":2104}","[-44.4,21.240000000000002,-208.96]","[3.3045805628477183,21.880012045719056,65.23479740005207]",0.0,13988552,coil_as_tip,thesis_trusted,True,
108,approach,True,ok,T01,T01,1,"[-4.0,0.0,4.0,0.0]","[-261,0,261,0]","{""5"":1864,""6"":2416,""7"":2755,""8"":1843}","{""5"":2126,""6"":2184,""7"":2498,""8"":2104}","{""5"":1892,""6"":2417,""7"":2754,""8"":1847}","[-44.6,39.57,-227.72]","[20.78429004881818,2.327252121210023,65.57514372453274]",0.03810560800047824,13990280,coil_as_tip,thesis_trusted,True,
109,repeat,True,ok,T03,T03,3,"[0.0,-4.0,0.0,4.0]","[0,-261,0,261]","{""5"":2125,""6"":2155,""7"":2494,""8"":2104}","{""5"":1892,""6"":2417,""7"":2754,""8"":1847}","{""5"":2126,""6"":2185,""7"":2498,""8"":2104}","[-44.37,21.2,-208.86]","[3.2076524656142738,21.92657886199062,65.20419551140068]",0.0,13992032,coil_as_tip,thesis_trusted,True,
110,approach,True,ok,T06,T06,6,"[2.8284271247461907,2.82842712474619,-2.8284271247461907,-2.82842712474619]","[184,184,-184,-184]","{""5"":2309,""6"":2600,""7"":2310,""8"":1659}","{""5"":2126,""6"":2185,""7"":2498,""8"":2104}","{""5"":2309,""6"":2601,""7"":2331,""8"":1680}","[-45.29,57.24,-194.18]","[-13.874128959031339,-13.038609124928811,66.14162412202586]",0.0,13993792,coil_as_tip,thesis_trusted,True,
111,repeat,True,ok,T03,T03,3,"[0.0,-4.0,0.0,4.0]","[0,-261,0,261]","{""5"":2125,""6"":2155,""7"":2494,""8"":2104}","{""5"":2309,""6"":2601,""7"":2331,""8"":1680}","{""5"":2126,""6"":2185,""7"":2494,""8"":2104}","[-44.65,21.61,-206.36]","[0.6843674845552243,21.686909063125967,65.4726937271752]",0.0,13995536,coil_as_tip,thesis_trusted,True,
112,approach,True,ok,T08,T08,8,"[-2.8284271247461894,2.8284271247461907,2.8284271247461894,-2.8284271247461907]","[-184,184,184,-184]","{""5"":1941,""6"":2600,""7"":2678,""8"":1659}","{""5"":2126,""6"":2185,""7"":2494,""8"":2104}","{""5"":1958,""6"":2601,""7"":2677,""8"":1680}","[-45.28,56.07,-220.97]","[12.933511645472265,-13.677967951401214,66.2629728376412]",0.0,13997256,coil_as_tip,thesis_trusted,True,
113,repeat,True,ok,T03,T03,3,"[0.0,-4.0,0.0,4.0]","[0,-261,0,261]","{""5"":2125,""6"":2155,""7"":2494,""8"":2104}","{""5"":1958,""6"":2601,""7"":2677,""8"":1680}","{""5"":2126,""6"":2185,""7"":2495,""8"":2104}","[-44.660000000000004,21.580000000000002,-207.84]","[2.1629548041229043,21.617061104422625,65.49003734498109]",0.0,13999000,coil_as_tip,thesis_trusted,True,
114,approach,True,ok,T00,T00,0,"[0.0,0.0,0.0,0.0]","[0,0,0,0]","{""5"":2125,""6"":2416,""7"":2494,""8"":1843}","{""5"":null,""6"":2185,""7"":2495,""8"":2104}","{""5"":2127,""6"":2417,""7"":2497,""8"":1849}","[-49.25,42.2,-206.78]","[-0.3076385019107022,1.1286916335332364,70.12673715632428]",0.0,14000752,coil_as_tip,thesis_trusted,True,
115,repeat,True,ok,T03,T03,3,"[0.0,-4.0,0.0,4.0]","[0,-261,0,261]","{""5"":2125,""6"":2155,""7"":2494,""8"":2104}","{""5"":2127,""6"":2417,""7"":2497,""8"":1849}","{""5"":2126,""6"":2186,""7"":2495,""8"":2104}","[-44.660000000000004,21.43,-207.32]","[1.6542628262500045,21.801786730201798,65.4870515740181]",0.03699677900294773,14002496,coil_as_tip,thesis_trusted,True,
116,approach,True,ok,T11,T11,11,"[0.0,-8.0,0.0,8.0]","[0,-522,0,522]","{""5"":2125,""6"":1894,""7"":2494,""8"":2365}","{""5"":2126,""6"":2186,""7"":2495,""8"":2104}","{""5"":2126,""6"":1959,""7"":2494,""8"":2364}","[-32.08,4.63,-206.38]","[1.910373976713771,38.590905678376934,52.86010055555624]",0.0,14004264,coil_as_tip,thesis_trusted,True,
117,repeat,True,ok,T03,T03,3,"[0.0,-4.0,0.0,4.0]","[0,-261,0,261]","{""5"":2125,""6"":2155,""7"":2494,""8"":2104}","{""5"":2126,""6"":1959,""7"":2494,""8"":2364}","{""5"":2126,""6"":2165,""7"":2495,""8"":2104}","[-43.85,19.580000000000002,-206.49]","[0.9548609563599371,23.70122577726847,64.66823026819326]",0.03713625999807846,14005992,coil_as_tip,thesis_trusted,True,
118,approach,True,ok,T15,T15,15,"[0.0,8.0,0.0,-8.0]","[0,522,0,-522]","{""5"":2125,""6"":2938,""7"":2494,""8"":1321}","{""5"":2126,""6"":2165,""7"":2495,""8"":2104}","{""5"":2126,""6"":2939,""7"":2495,""8"":1389}","[-32.42,81.43,-210.20000000000002]","[0.5397355704524216,-38.29058353909505,53.4132425472936]",0.0,14007736,coil_as_tip,thesis_trusted,True,
119,repeat,True,ok,T03,T03,3,"[0.0,-4.0,0.0,4.0]","[0,-261,0,261]","{""5"":2125,""6"":2155,""7"":2494,""8"":2104}","{""5"":2126,""6"":2939,""7"":2495,""8"":1389}","{""5"":2126,""6"":2185,""7"":2495,""8"":2104}","[-44.76,21.62,-207.04]","[1.3616049116788531,21.63138850303052,65.58612623887115]",0.0,14009504,coil_as_tip,thesis_trusted,True,
120,approach,True,ok,T07,T07,7,"[0.0,4.0,0.0,-4.0]","[0,261,0,-261]","{""5"":2125,""6"":2677,""7"":2494,""8"":1582}","{""5"":2126,""6"":2185,""7"":2495,""8"":2104}","{""5"":2126,""6"":2678,""7"":2495,""8"":1612}","[-44.64,64.3,-209.21]","[0.6484005653612712,-21.097957827624242,65.58481652374195]",0.0362248380042729,14011240,coil_as_tip,thesis_trusted,True,
121,repeat,True,ok,T03,T03,3,"[0.0,-4.0,0.0,4.0]","[0,-261,0,261]","{""5"":2125,""6"":2155,""7"":2494,""8"":2104}","{""5"":2126,""6"":2678,""7"":2495,""8"":1612}","{""5"":2126,""6"":2185,""7"":2495,""8"":2104}","[-44.7,21.6,-207.13]","[1.453037800290133,21.645101975706154,65.5265278534285]",0.037945442003547214,14012960,coil_as_tip,thesis_trusted,True,
122,approach,True,ok,T14,T14,14,"[5.656854249492377,5.656854249492383,-5.656854249492377,-5.656854249492383]","[369,369,-369,-369]","{""5"":2494,""6"":2785,""7"":2125,""8"":1474}","{""5"":2126,""6"":2185,""7"":2494,""8"":2104}","{""5"":2495,""6"":2785,""7"":2163,""8"":1514}","[-34.6,69.67,-183.34]","[-25.476085135822984,-24.73978985150221,55.428847522288855]",0.0,14014704,coil_as_tip,thesis_trusted,True,
123,repeat,True,ok,T03,T03,3,"[0.0,-4.0,0.0,4.0]","[0,-261,0,261]","{""5"":2125,""6"":2155,""7"":2494,""8"":2104}","{""5"":2495,""6"":2785,""7"":2163,""8"":1514}","{""5"":2126,""6"":2185,""7"":2493,""8"":2104}","[-44.69,21.93,-204.59]","[-1.1033584056166887,21.48711831781752,65.50462803001969]",0.0,14016432,coil_as_tip,thesis_trusted,True,
124,approach,True,ok,T12,T12,12,"[5.6568542494923735,-5.656854249492387,-5.6568542494923735,5.656854249492387]","[369,-369,-369,369]","{""5"":2494,""6"":2047,""7"":2125,""8"":2212}","{""5"":2126,""6"":2184,""7"":2493,""8"":2104}","{""5"":2495,""6"":2081,""7"":2166,""8"":2212}","[-34.78,19.85,-180.32]","[-25.129623435716866,25.17076657058822,55.467859413913985]",0.0,14018160,coil_as_tip,thesis_trusted,True,
125,repeat,True,ok,T03,T03,3,"[0.0,-4.0,0.0,4.0]","[0,-261,0,261]","{""5"":2125,""6"":2155,""7"":2494,""8"":2104}","{""5"":2495,""6"":2081,""7"":2166,""8"":2212}","{""5"":2128,""6"":2166,""7"":2493,""8"":2104}","[-43.84,20.23,-203.29]","[-2.281608808781044,23.26848094667021,64.64383004444461]",0.0,14019904,coil_as_tip,thesis_trusted,True,
126,approach,True,ok,T02,T02,2,"[-2.8284271247461903,-2.82842712474619,2.8284271247461903,2.82842712474619]","[-184,-184,184,184]","{""5"":1941,""6"":2232,""7"":2678,""8"":2027}","{""5"":2128,""6"":2166,""7"":2493,""8"":2104}","{""5"":1963,""6"":2238,""7"":2677,""8"":2028}","[-45.02,26.89,-219.02]","[12.957457285164082,15.566244259508942,65.91949246033693]",0.03792536900436971,14021624,coil_as_tip,thesis_trusted,True,
127,repeat,True,ok,T03,T03,3,"[0.0,-4.0,0.0,4.0]","[0,-261,0,261]","{""5"":2125,""6"":2155,""7"":2494,""8"":2104}","{""5"":1962,""6"":2238,""7"":2677,""8"":2029}","{""5"":2126,""6"":2182,""7"":2497,""8"":2104}","[-44.660000000000004,21.37,-206.53]","[0.8701183045801599,21.914925850775575,65.48293957560347]",0.039918276997923385,14023360,coil_as_tip,thesis_trusted,True,
128,approach,True,ok,T07,T07,7,"[0.0,4.0,0.0,-4.0]","[0,261,0,-261]","{""5"":2125,""6"":2677,""7"":2494,""8"":1582}","{""5"":2126,""6"":2182,""7"":2497,""8"":2104}","{""5"":2126,""6"":2678,""7"":2495,""8"":1613}","[-44.77,64.04,-208.47]","[-0.0729962608752146,-20.7882751400369,65.71044793742742]",0.0,14025120,coil_as_tip,thesis_trusted,True,
129,repeat,True,ok,T04,T04,4,"[2.82842712474619,-2.8284271247461903,-2.82842712474619,2.8284271247461903]","[184,-184,-184,184]","{""5"":2309,""6"":2232,""7"":2310,""8"":2027}","{""5"":2126,""6"":2678,""7"":2495,""8"":1613}","{""5"":2309,""6"":2254,""7"":2330,""8"":2028}","[-45.19,30.89,-191.42000000000002]","[-14.849989022132746,13.437139302162826,65.9612291038049]",0.0,14026848,coil_as_tip,thesis_trusted,True,
130,approach,True,ok,T12,T12,12,"[5.6568542494923735,-5.656854249492387,-5.6568542494923735,5.656854249492387]","[369,-369,-369,369]","{""5"":2494,""6"":2047,""7"":2125,""8"":2212}","{""5"":2309,""6"":2254,""7"":2330,""8"":2028}","{""5"":2495,""6"":2083,""7"":2165,""8"":2213}","[-34.79,20.150000000000002,-180.11]","[-25.35942639076626,24.88564130445387,55.47756428188754]",0.0,14028592,coil_as_tip,thesis_trusted,True,
131,repeat,True,ok,T04,T04,4,"[2.82842712474619,-2.8284271247461903,-2.82842712474619,2.8284271247461903]","[184,-184,-184,184]","{""5"":2309,""6"":2232,""7"":2310,""8"":2027}","{""5"":2495,""6"":2083,""7"":2165,""8"":2213}","{""5"":2309,""6"":2238,""7"":2316,""8"":2028}","[-44.42,28.89,-190.34]","[-15.788894190320576,15.503210070860518,65.1807749642918]",0.0,14030336,coil_as_tip,thesis_trusted,True,
132,approach,True,ok,T11,T11,11,"[0.0,-8.0,0.0,8.0]","[0,-522,0,522]","{""5"":2125,""6"":1894,""7"":2494,""8"":2365}","{""5"":2309,""6"":2238,""7"":2316,""8"":2028}","{""5"":2126,""6"":1957,""7"":2493,""8"":2364}","[-31.96,4.91,-202.12]","[-2.3581809210506606,38.59848679395803,52.71945343877907]",0.03983207699639024,14032072,coil_as_tip,thesis_trusted,True,
133,repeat,True,ok,T04,T04,4,"[2.82842712474619,-2.8284271247461903,-2.82842712474619,2.8284271247461903]","[184,-184,-184,184]","{""5"":2309,""6"":2232,""7"":2310,""8"":2027}","{""5"":2126,""6"":1957,""7"":2493,""8"":2364}","{""5"":2309,""6"":2238,""7"":2332,""8"":2028}","[-44.53,27.78,-190.95000000000002]","[-15.105951193573759,16.56985586821063,65.29102742997767]",0.037748884002212435,14033792,coil_as_tip,thesis_trusted,True,
134,approach,True,ok,T14,T14,14,"[5.656854249492377,5.656854249492383,-5.656854249492377,-5.656854249492383]","[369,369,-369,-369]","{""5"":2494,""6"":2785,""7"":2125,""8"":1474}","{""5"":2309,""6"":2238,""7"":2332,""8"":2028}","{""5"":2495,""6"":2785,""7"":2159,""8"":1516}","[-34.53,69.04,-182.88]","[-25.89219969041264,-24.080405285353095,55.35495116660743]",0.036405648999789264,14035536,coil_as_tip,thesis_trusted,True,
135,repeat,True,ok,T04,T04,4,"[2.82842712474619,-2.8284271247461903,-2.82842712474619,2.8284271247461903]","[184,-184,-184,184]","{""5"":2309,""6"":2232,""7"":2310,""8"":2027}","{""5"":2495,""6"":2785,""7"":2159,""8"":1516}","{""5"":2309,""6"":2253,""7"":2316,""8"":2028}","[-44.7,31.220000000000002,-189.97]","[-16.316561284738043,13.204276294335656,65.46480124586127]",0.0,14037272,coil_as_tip,thesis_trusted,True,
136,approach,True,ok,T00,T00,0,"[0.0,0.0,0.0,0.0]","[0,0,0,0]","{""5"":2125,""6"":2416,""7"":2494,""8"":1843}","{""5"":2309,""6"":2254,""7"":2316,""8"":2028}","{""5"":2130,""6"":2417,""7"":2495,""8"":1848}","[-48.94,42.93,-205.49]","[-1.6424271572224711,0.4864653130772467,69.81211897667711]",0.0,14039016,coil_as_tip,thesis_trusted,True,
137,repeat,True,ok,T04,T04,4,"[2.82842712474619,-2.8284271247461903,-2.82842712474619,2.8284271247461903]","[184,-184,-184,184]","{""5"":2309,""6"":2232,""7"":2310,""8"":2027}","{""5"":2130,""6"":2417,""7"":2495,""8"":1848}","{""5"":2309,""6"":2253,""7"":2330,""8"":2028}","[-45.06,30.490000000000002,-191.17000000000002]","[-15.071808179953138,13.85271494601033,65.82896744849775]",0.0,14040776,coil_as_tip,thesis_trusted,True,
138,approach,True,ok,T03,T03,3,"[0.0,-4.0,0.0,4.0]","[0,-261,0,261]","{""5"":2125,""6"":2155,""7"":2494,""8"":2104}","{""5"":2309,""6"":2253,""7"":2330,""8"":2028}","{""5"":2127,""6"":2185,""7"":2493,""8"":2104}","[-44.61,21.900000000000002,-203.26]","[-2.4279038220893767,21.60651366535867,65.41788593708483]",0.0,14042512,coil_as_tip,thesis_trusted,True,
139,repeat,True,ok,T04,T04,4,"[2.82842712474619,-2.8284271247461903,-2.82842712474619,2.8284271247461903]","[184,-184,-184,184]","{""5"":2309,""6"":2232,""7"":2310,""8"":2027}","{""5"":2127,""6"":2185,""7"":2493,""8"":2104}","{""5"":2309,""6"":2239,""7"":2332,""8"":2028}","[-44.83,28.71,-191.49]","[-14.631366354604069,15.606417879200329,65.59607901897843]",0.0,14044248,coil_as_tip,thesis_trusted,True,
140,approach,True,ok,T05,T05,5,"[4.0,0.0,-4.0,0.0]","[261,0,-261,0]","{""5"":2386,""6"":2416,""7"":2233,""8"":1843}","{""5"":2309,""6"":2239,""7"":2332,""8"":2028}","{""5"":2387,""6"":2417,""7"":2262,""8"":1847}","[-44.35,42.31,-184.71]","[-22.310863177193824,2.4932914349974027,65.11645061054118]",0.03633365299901925,14045984,coil_as_tip,thesis_trusted,True,
141,repeat,True,ok,T04,T04,4,"[2.82842712474619,-2.8284271247461903,-2.82842712474619,2.8284271247461903]","[184,-184,-184,184]","{""5"":2309,""6"":2232,""7"":2310,""8"":2027}","{""5"":2387,""6"":2417,""7"":2262,""8"":1847}","{""5"":2309,""6"":2253,""7"":2316,""8"":2028}","[-44.82,30.3,-190.08]","[-16.14533776669802,14.115102954300482,65.5830268876118]",0.0,14047720,coil_as_tip,thesis_trusted,True,
142,approach,True,ok,T06,T06,6,"[2.8284271247461907,2.82842712474619,-2.8284271247461907,-2.82842712474619]","[184,184,-184,-184]","{""5"":2309,""6"":2600,""7"":2310,""8"":1659}","{""5"":2309,""6"":2253,""7"":2316,""8"":2028}","{""5"":2309,""6"":2601,""7"":2316,""8"":1681}","[-44.78,56.97,-192.02]","[-16.008508602754944,-12.625016749291092,65.62012159732194]",0.0,14049464,coil_as_tip,thesis_trusted,True,
143,repeat,True,ok,T04,T04,4,"[2.82842712474619,-2.8284271247461903,-2.82842712474619,2.8284271247461903]","[184,-184,-184,184]","{""5"":2309,""6"":2232,""7"":2310,""8"":2027}","{""5"":2309,""6"":2601,""7"":2316,""8"":1681}","{""5"":2309,""6"":2254,""7"":2316,""8"":2028}","[-44.78,31.13,-189.97]","[-16.31087719230922,13.29429970758892,65.54457264524407]",0.0,14051208,coil_as_tip,thesis_trusted,True,
144,approach,True,ok,T10,T10,10,"[-5.6568542494923815,-5.656854249492379,5.6568542494923815,5.656854249492379]","[-369,-369,369,369]","{""5"":1756,""6"":2047,""7"":2863,""8"":2212}","{""5"":2309,""6"":2254,""7"":2316,""8"":2028}","{""5"":1793,""6"":2080,""7"":2862,""8"":2213}","[-34.88,16.16,-228.82]","[23.507765849767907,25.581897722120697,55.801677730439984]",0.0,14052944,coil_as_tip,thesis_trusted,True,
145,repeat,True,ok,T04,T04,4,"[2.82842712474619,-2.8284271247461903,-2.82842712474619,2.8284271247461903]","[184,-184,-184,184]","{""5"":2309,""6"":2232,""7"":2310,""8"":2027}","{""5"":1793,""6"":2080,""7"":2862,""8"":2213}","{""5"":2309,""6"":2239,""7"":2333,""8"":2028}","[-44.980000000000004,28.32,-192.38]","[-13.717822425169828,15.935937441293873,65.74955327477244]",0.0,14054712,coil_as_tip,thesis_trusted,True,
146,approach,True,ok,T01,T01,1,"[-4.0,0.0,4.0,0.0]","[-261,0,261,0]","{""5"":1864,""6"":2416,""7"":2755,""8"":1843}","{""5"":2309,""6"":2239,""7"":2333,""8"":2028}","{""5"":1894,""6"":2417,""7"":2754,""8"":1847}","[-44.980000000000004,39.550000000000004,-226.87]","[19.935748882969733,2.405614920979062,65.95082598585594]",0.0,14056440,coil_as_tip,thesis_trusted,True,
147,repeat,True,ok,T04,T04,4,"[2.82842712474619,-2.8284271247461903,-2.82842712474619,2.8284271247461903]","[184,-184,-184,184]","{""5"":2309,""6"":2232,""7"":2310,""8"":2027}","{""5"":1894,""6"":2417,""7"":2754,""8"":1847}","{""5"":2309,""6"":2250,""7"":2333,""8"":2028}","[-45.15,29.14,-192.5]","[-13.654228437782336,15.110200923258226,65.92222350252038]",0.0,14058168,coil_as_tip,thesis_trusted,False,stale_telemetry
148,approach,True,ok,T16,T16,16,"[-5.656854249492373,5.656854249492388,5.656854249492373,-5.656854249492388]","[-369,369,369,-369]","{""5"":1756,""6"":2785,""7"":2863,""8"":1474}","{""5"":2309,""6"":2250,""7"":2333,""8"":2028}","{""5"":1789,""6"":2785,""7"":2861,""8"":1514}","[-35.21,67.41,-232.29]","[23.511354814839308,-25.784286708043894,56.27852593023384]",0.0,14059920,coil_as_tip,thesis_trusted,True,
149,repeat,True,ok,T04,T04,4,"[2.82842712474619,-2.8284271247461903,-2.82842712474619,2.8284271247461903]","[184,-184,-184,184]","{""5"":2309,""6"":2232,""7"":2310,""8"":2027}","{""5"":1789,""6"":2785,""7"":2861,""8"":1514}","{""5"":2309,""6"":2252,""7"":2331,""8"":2028}","[-45.31,30.3,-191.99]","[-14.242077392765708,13.98769712365965,66.08259440390746]",0.0,14061672,coil_as_tip,thesis_trusted,True,
150,approach,True,ok,T09,T09,9,"[-8.0,0.0,8.0,0.0]","[-522,0,522,0]","{""5"":1603,""6"":2416,""7"":3016,""8"":1843}","{""5"":2309,""6"":2252,""7"":2331,""8"":2028}","{""5"":1666,""6"":2417,""7"":3015,""8"":1844}","[-32.6,40.75,-243.9]","[36.905636818606496,0.02449729717930893,53.65942727319674]",0.0,14063408,coil_as_tip,thesis_trusted,True,
151,repeat,True,ok,T04,T04,4,"[2.82842712474619,-2.8284271247461903,-2.82842712474619,2.8284271247461903]","[184,-184,-184,184]","{""5"":2309,""6"":2232,""7"":2310,""8"":2027}","{""5"":1666,""6"":2417,""7"":3015,""8"":1844}","{""5"":2309,""6"":2250,""7"":2334,""8"":2028}","[-45.37,29.53,-192.73000000000002]","[-13.452123814466148,14.706208484540063,66.14435821546002]",0.0,14065152,coil_as_tip,thesis_trusted,True,
152,approach,True,ok,T15,T15,15,"[0.0,8.0,0.0,-8.0]","[0,522,0,-522]","{""5"":2125,""6"":2938,""7"":2494,""8"":1321}","{""5"":2309,""6"":2250,""7"":2334,""8"":2028}","{""5"":2126,""6"":2939,""7"":2494,""8"":1388}","[-32.42,81.4,-209.43]","[-0.22647826932623616,-38.208724758278464,53.4093065931704]",0.0,14066872,coil_as_tip,thesis_trusted,True,
153,repeat,True,ok,T04,T04,4,"[2.82842712474619,-2.8284271247461903,-2.82842712474619,2.8284271247461903]","[184,-184,-184,184]","{""5"":2309,""6"":2232,""7"":2310,""8"":2027}","{""5"":2126,""6"":2939,""7"":2494,""8"":1388}","{""5"":2308,""6"":2255,""7"":2330,""8"":2028}","[-45.44,31.05,-191.69]","[-14.5926071333418,13.260010554418209,66.21298289234603]",0.0,14068616,coil_as_tip,thesis_trusted,True,
154,approach,True,ok,T02,T02,2,"[-2.8284271247461903,-2.82842712474619,2.8284271247461903,2.82842712474619]","[-184,-184,184,184]","{""5"":1941,""6"":2232,""7"":2678,""8"":2027}","{""5"":2308,""6"":2255,""7"":2329,""8"":2028}","{""5"":1962,""6"":2250,""7"":2677,""8"":2028}","[-45.34,28.14,-219.07]","[12.921482785388633,14.316637818465495,66.24289558009406]",0.03713165299996035,14070336,coil_as_tip,thesis_trusted,True,
155,repeat,True,ok,T04,T04,4,"[2.82842712474619,-2.8284271247461903,-2.82842712474619,2.8284271247461903]","[184,-184,-184,184]","{""5"":2309,""6"":2232,""7"":2310,""8"":2027}","{""5"":1962,""6"":2250,""7"":2677,""8"":2028}","{""5"":2309,""6"":2249,""7"":2333,""8"":2028}","[-45.31,29.63,-192.5]","[-13.688052549163473,14.621775766752002,66.08345872193954]",0.0,14072072,coil_as_tip,thesis_trusted,True,
156,approach,True,ok,T13,T13,13,"[8.0,0.0,-8.0,0.0]","[522,0,-522,0]","{""5"":2647,""6"":2416,""7"":1972,""8"":1843}","{""5"":2309,""6"":2249,""7"":2333,""8"":2028}","{""5"":2646,""6"":2417,""7"":2037,""8"":1844}","[-31.7,44.230000000000004,-168.07]","[-38.98116084544441,1.663678914489715,52.38807998749062]",0.03906255200126907,14073792,coil_as_tip,thesis_trusted,True,
157,repeat,True,ok,T04,T04,4,"[2.82842712474619,-2.8284271247461903,-2.82842712474619,2.8284271247461903]","[184,-184,-184,184]","{""5"":2309,""6"":2232,""7"":2310,""8"":2027}","{""5"":2646,""6"":2417,""7"":2037,""8"":1844}","{""5"":2309,""6"":2253,""7"":2316,""8"":2028}","[-44.660000000000004,30.12,-189.82]","[-16.39182835179355,14.311768963308374,65.42127129308668]",0.037131839999346994,14075528,coil_as_tip,thesis_trusted,True,
158,approach,True,ok,T08,T08,8,"[-2.8284271247461894,2.8284271247461907,2.8284271247461894,-2.8284271247461907]","[-184,184,184,-184]","{""5"":1941,""6"":2600,""7"":2678,""8"":1659}","{""5"":2309,""6"":2253,""7"":2316,""8"":2028}","{""5"":1960,""6"":2601,""7"":2677,""8"":1678}","[-45.39,56.5,-220.36]","[12.295372541894693,-14.065535731479471,66.3709992248362]",0.0,14077264,coil_as_tip,thesis_trusted,True,
159,repeat,True,ok,T04,T04,4,"[2.82842712474619,-2.8284271247461903,-2.82842712474619,2.8284271247461903]","[184,-184,-184,184]","{""5"":2309,""6"":2232,""7"":2310,""8"":2027}","{""5"":1960,""6"":2601,""7"":2677,""8"":1678}","{""5"":2309,""6"":2253,""7"":2330,""8"":2028}","[-45.17,30.75,-191.53]","[-14.73070103063219,13.569344676359165,65.94142723224269]",0.03713550700194901,14079000,coil_as_tip,thesis_trusted,True,
160,approach,True,ok,T01,T01,1,"[-4.0,0.0,4.0,0.0]","[-261,0,261,0]","{""5"":1864,""6"":2416,""7"":2755,""8"":1843}","{""5"":2309,""6"":2253,""7"":2330,""8"":2028}","{""5"":1895,""6"":2417,""7"":2754,""8"":1845}","[-45.09,41.1,-226.89000000000001]","[19.85062230099163,0.8581155474642088,66.06483981840208]",0.03631588099960936,14080736,coil_as_tip,thesis_trusted,True,
161,repeat,True,ok,T05,T05,5,"[4.0,0.0,-4.0,0.0]","[261,0,-261,0]","{""5"":2386,""6"":2416,""7"":2233,""8"":1843}","{""5"":1895,""6"":2417,""7"":2754,""8"":1845}","{""5"":2387,""6"":2417,""7"":2263,""8"":1845}","[-44.64,43.43,-184.96]","[-22.138381904090267,1.3598151777885548,65.41052846549184]",0.0,14082472,coil_as_tip,thesis_trusted,True,
162,approach,True,ok,T07,T07,7,"[0.0,4.0,0.0,-4.0]","[0,261,0,-261]","{""5"":2125,""6"":2677,""7"":2494,""8"":1582}","{""5"":2387,""6"":2417,""7"":2263,""8"":1845}","{""5"":2127,""6"":2678,""7"":2493,""8"":1612}","[-44.6,64.52,-206.33]","[-2.239652765113874,-21.123349211668142,65.5309348204673]",0.0,14084216,coil_as_tip,thesis_trusted,True,
163,repeat,True,ok,T05,T05,5,"[4.0,0.0,-4.0,0.0]","[261,0,-261,0]","{""5"":2386,""6"":2416,""7"":2233,""8"":1843}","{""5"":2127,""6"":2678,""7"":2493,""8"":1612}","{""5"":2387,""6"":2418,""7"":2262,""8"":1844}","[-44.43,46.02,-184.92000000000002]","[-22.351974316537593,-1.222180750243659,65.20687358838342]",0.0,14085952,coil_as_tip,thesis_trusted,True,
164,approach,True,ok,T14,T14,14,"[5.656854249492377,5.656854249492383,-5.656854249492377,-5.656854249492383]","[369,369,-369,-369]","{""5"":2494,""6"":2785,""7"":2125,""8"":1474}","{""5"":2387,""6"":2418,""7"":2262,""8"":1844}","{""5"":2495,""6"":2785,""7"":2161,""8"":1513}","[-34.480000000000004,69.64,-183.26]","[-25.553298698552254,-24.704806240359986,55.30837257600497]",0.0,14087672,coil_as_tip,thesis_trusted,True,
165,repeat,True,ok,T05,T05,5,"[4.0,0.0,-4.0,0.0]","[261,0,-261,0]","{""5"":2386,""6"":2416,""7"":2233,""8"":1843}","{""5"":2494,""6"":2785,""7"":2161,""8"":1513}","{""5"":2387,""6"":2418,""7"":2243,""8"":1844}","[-43.46,47.42,-183.44]","[-23.918331589891864,-2.5219523700924285,64.23300571826657]",0.03695426900230814,14089408,coil_as_tip,thesis_trusted,True,
166,approach,True,ok,T02,T02,2,"[-2.8284271247461903,-2.82842712474619,2.8284271247461903,2.82842712474619]","[-184,-184,184,184]","{""5"":1941,""6"":2232,""7"":2678,""8"":2027}","{""5"":2388,""6"":2418,""7"":2243,""8"":1844}","{""5"":1962,""6"":2252,""7"":2677,""8"":2028}","[-45.51,28.36,-218.82]","[12.65639446126795,14.114484957931083,66.41219531840642]",0.0,14091144,coil_as_tip,thesis_trusted,True,
167,repeat,True,ok,T05,T05,5,"[4.0,0.0,-4.0,0.0]","[261,0,-261,0]","{""5"":2386,""6"":2416,""7"":2233,""8"":1843}","{""5"":1961,""6"":2252,""7"":2677,""8"":2028}","{""5"":2387,""6"":2417,""7"":2263,""8"":1845}","[-44.53,43.51,-184.98]","[-22.12329232414305,1.2783344489084243,65.30083254305995]",0.0,14092888,coil_as_tip,thesis_trusted,True,
168,approach,True,ok,T12,T12,12,"[5.6568542494923735,-5.656854249492387,-5.6568542494923735,5.656854249492387]","[369,-369,-369,369]","{""5"":2494,""6"":2047,""7"":2125,""8"":2212}","{""5"":2386,""6"":2417,""7"":2263,""8"":1845}","{""5"":2495,""6"":2086,""7"":2161,""8"":2213}","[-34.75,20.31,-179.85]","[-25.629430151716207,24.743425728966947,55.43666563689995]",0.0,14094632,coil_as_tip,thesis_trusted,True,
169,repeat,True,ok,T05,T05,5,"[4.0,0.0,-4.0,0.0]","[261,0,-261,0]","{""5"":2386,""6"":2416,""7"":2233,""8"":1843}","{""5"":2495,""6"":2086,""7"":2161,""8"":2213}","{""5"":2387,""6"":2417,""7"":2243,""8"":1847}","[-43.6,41.95,-183.14000000000001]","[-23.849363252835957,2.9562041731890787,64.35768232307197]",0.03664382600254612,14096368,coil_as_tip,thesis_trusted,True,
170,approach,True,ok,T11,T11,11,"[0.0,-8.0,0.0,8.0]","[0,-522,0,522]","{""5"":2125,""6"":1894,""7"":2494,""8"":2365}","{""5"":2387,""6"":2418,""7"":2243,""8"":1847}","{""5"":2126,""6"":1958,""7"":2493,""8"":2365}","[-32.07,4.97,-201.79]","[-2.6920040393029865,38.561192565607726,52.8279489052837]",0.03795778399944538,14098104,coil_as_tip,thesis_trusted,True,
171,repeat,True,ok,T05,T05,5,"[4.0,0.0,-4.0,0.0]","[261,0,-261,0]","{""5"":2386,""6"":2416,""7"":2233,""8"":1843}","{""5"":2126,""6"":1958,""7"":2493,""8"":2365}","{""5"":2387,""6"":2417,""7"":2260,""8"":1849}","[-44.39,41.9,-184.42000000000002]","[-22.57273760159069,2.9220277116689815,65.15396048807496]",0.03794271000515437,14099840,coil_as_tip,thesis_trusted,True,
172,approach,True,ok,T00,T00,0,"[0.0,0.0,0.0,0.0]","[0,0,0,0]","{""5"":2125,""6"":2416,""7"":2494,""8"":1843}","{""5"":2387,""6"":2418,""7"":2260,""8"":1849}","{""5"":2131,""6"":2418,""7"":2494,""8"":1847}","[-49.18,42.52,-205.3]","[-1.805496780222569,0.9090294707737456,70.0501270241983]",0.0,14101584,coil_as_tip,thesis_trusted,False,stale_telemetry
173,repeat,True,ok,T05,T05,5,"[4.0,0.0,-4.0,0.0]","[261,0,-261,0]","{""5"":2386,""6"":2416,""7"":2233,""8"":1843}","{""5"":2130,""6"":2418,""7"":2494,""8"":1847}","{""5"":2387,""6"":2417,""7"":2262,""8"":1845}","[-44.39,42.54,-184.55]","[-22.486203948143157,2.2747203802015292,65.1562288464034]",0.0,14103352,coil_as_tip,thesis_trusted,True,
174,approach,True,ok,T08,T08,8,"[-2.8284271247461894,2.8284271247461907,2.8284271247461894,-2.8284271247461907]","[-184,184,184,-184]","{""5"":1941,""6"":2600,""7"":2678,""8"":1659}","{""5"":2386,""6"":2417,""7"":2262,""8"":1845}","{""5"":1961,""6"":2601,""7"":2677,""8"":1677}","[-45.45,56.65,-219.84]","[11.766155321600479,-14.179954417039738,66.42877030876878]",0.0,14105104,coil_as_tip,thesis_trusted,True,
175,repeat,True,ok,T05,T05,5,"[4.0,0.0,-4.0,0.0]","[261,0,-261,0]","{""5"":2386,""6"":2416,""7"":2233,""8"":1843}","{""5"":1961,""6"":2601,""7"":2677,""8"":1677}","{""5"":2387,""6"":2417,""7"":2262,""8"":1844}","[-44.25,44.34,-184.99]","[-22.167946900906344,0.44875264382792324,65.02298366785351]",0.03881759600335499,14106824,coil_as_tip,thesis_trusted,True,
176,approach,True,ok,T04,T04,4,"[2.82842712474619,-2.8284271247461903,-2.82842712474619,2.8284271247461903]","[184,-184,-184,184]","{""5"":2309,""6"":2232,""7"":2310,""8"":2027}","{""5"":2386,""6"":2417,""7"":2262,""8"":1844}","{""5"":2309,""6"":2255,""7"":2316,""8"":2028}","[-44.84,30.46,-190.24]","[-15.996592845127424,13.94473495377013,65.60423284673294]",0.0,14108584,coil_as_tip,thesis_trusted,True,
177,repeat,True,ok,T05,T05,5,"[4.0,0.0,-4.0,0.0]","[261,0,-261,0]","{""5"":2386,""6"":2416,""7"":2233,""8"":1843}","{""5"":2309,""6"":2255,""7"":2316,""8"":2028}","{""5"":2387,""6"":2417,""7"":2262,""8"":1846}","[-44.4,42.35,-184.69]","[-22.333757013854523,2.4548743366119723,65.16645059848715]",0.03802069299854338,14110288,coil_as_tip,thesis_trusted,True,
178,approach,True,ok,T13,T13,13,"[8.0,0.0,-8.0,0.0]","[522,0,-522,0]","{""5"":2647,""6"":2416,""7"":1972,""8"":1843}","{""5"":2386,""6"":2417,""7"":2261,""8"":1846}","{""5"":2647,""6"":2417,""7"":2036,""8"":1844}","[-31.53,44.62,-168.08]","[-38.9966683567815,1.273408055808254,52.219117938627086]",0.0,14112048,coil_as_tip,thesis_trusted,True,
179,repeat,True,ok,T05,T05,5,"[4.0,0.0,-4.0,0.0]","[261,0,-261,0]","{""5"":2386,""6"":2416,""7"":2233,""8"":1843}","{""5"":2647,""6"":2417,""7"":2036,""8"":1844}","{""5"":2387,""6"":2418,""7"":2243,""8"":1844}","[-43.480000000000004,43.61,-182.95000000000002]","[-24.150317520478552,1.3124602074903393,64.24092486499453]",0.0,14113768,coil_as_tip,thesis_trusted,True,
180,approach,True,ok,T10,T10,10,"[-5.6568542494923815,-5.656854249492379,5.6568542494923815,5.656854249492379]","[-369,-369,369,369]","{""5"":1756,""6"":2047,""7"":2863,""8"":2212}","{""5"":2387,""6"":2417,""7"":2243,""8"":1844}","{""5"":1793,""6"":2079,""7"":2862,""8"":2213}","[-34.82,15.75,-228.69]","[23.406008308881155,25.99955809478317,55.739991297732935]",0.037912342006166,14115512,coil_as_tip,thesis_trusted,True,
181,repeat,True,ok,T05,T05,5,"[4.0,0.0,-4.0,0.0]","[261,0,-261,0]","{""5"":2386,""6"":2416,""7"":2233,""8"":1843}","{""5"":1793,""6"":2079,""7"":2862,""8"":2213}","{""5"":2387,""6"":2417,""7"":2261,""8"":1846}","[-44.39,42.34,-184.92000000000002]","[-22.103560685902124,2.4493122248050767,65.15757853505863]",0.0,14117264,coil_as_tip,thesis_trusted,True,
182,approach,True,ok,T16,T16,16,"[-5.656854249492373,5.656854249492388,5.656854249492373,-5.656854249492388]","[-369,369,369,-369]","{""5"":1756,""6"":2785,""7"":2863,""8"":1474}","{""5"":2387,""6"":2417,""7"":2261,""8"":1846}","{""5"":1790,""6"":2785,""7"":2862,""8"":1512}","[-35.050000000000004,67.79,-231.93]","[23.127320476512466,-26.139599758368107,56.11768357494404]",0.0,14118984,coil_as_tip,thesis_trusted,True,
183,repeat,True,ok,T05,T05,5,"[4.0,0.0,-4.0,0.0]","[261,0,-261,0]","{""5"":2386,""6"":2416,""7"":2233,""8"":1843}","{""5"":1790,""6"":2785,""7"":2862,""8"":1512}","{""5"":2387,""6"":2417,""7"":2263,""8"":1844}","[-44.46,45.31,-185.3]","[-21.925098782380758,-0.5393406512875103,65.23698467597379]",0.0,14120720,coil_as_tip,thesis_trusted,True,
184,approach,True,ok,T15,T15,15,"[0.0,8.0,0.0,-8.0]","[0,522,0,-522]","{""5"":2125,""6"":2938,""7"":2494,""8"":1321}","{""5"":2387,""6"":2417,""7"":2262,""8"":1844}","{""5"":2126,""6"":2939,""7"":2493,""8"":1387}","[-32.2,81.58,-208.02]","[-1.6443289051158843,-38.29385561754313,53.1826961093181]",0.0,14122448,coil_as_tip,thesis_trusted,True,
185,repeat,True,ok,T05,T05,5,"[4.0,0.0,-4.0,0.0]","[261,0,-261,0]","{""5"":2386,""6"":2416,""7"":2233,""8"":1843}","{""5"":2126,""6"":2939,""7"":2493,""8"":1387}","{""5"":2387,""6"":2419,""7"":2259,""8"":1844}","[-44.37,47.07,-184.96]","[-22.3825997433907,-2.2726551155625287,65.14972736332899]",0.0,14124184,coil_as_tip,thesis_trusted,True,
186,approach,True,ok,T06,T06,6,"[2.8284271247461907,2.82842712474619,-2.8284271247461907,-2.82842712474619]","[184,184,-184,-184]","{""5"":2309,""6"":2600,""7"":2310,""8"":1659}","{""5"":2386,""6"":2419,""7"":2260,""8"":1844}","{""5"":2309,""6"":2601,""7"":2316,""8"":1677}","[-44.46,58.67,-192.34]","[-15.802362084249154,-14.343634503181661,65.30602506929259]",0.0,14125936,coil_as_tip,thesis_trusted,True,
187,repeat,True,ok,T05,T05,5,"[4.0,0.0,-4.0,0.0]","[261,0,-261,0]","{""5"":2386,""6"":2416,""7"":2233,""8"":1843}","{""5"":2309,""6"":2601,""7"":2316,""8"":1677}","{""5"":2386,""6"":2419,""7"":2261,""8"":1844}","[-44.32,46.99,-184.95000000000002]","[-22.38693918550885,-2.19230610442947,65.09947593895075]",0.0,14127656,coil_as_tip,thesis_trusted,True,
188,approach,True,ok,T09,T09,9,"[-8.0,0.0,8.0,0.0]","[-522,0,522,0]","{""5"":1603,""6"":2416,""7"":3016,""8"":1843}","{""5"":null,""6"":2419,""7"":2261,""8"":1844}","{""5"":1667,""6"":2417,""7"":3015,""8"":1844}","[-32.87,43.01,-243.9]","[36.75189264625203,-2.229576737492337,53.935131781114436]",0.0,14129408,coil_as_tip,thesis_trusted,True,
189,repeat,True,ok,T05,T05,5,"[4.0,0.0,-4.0,0.0]","[261,0,-261,0]","{""5"":2386,""6"":2416,""7"":2233,""8"":1843}","{""5"":1668,""6"":2417,""7"":3015,""8"":1844}","{""5"":2387,""6"":2417,""7"":2263,""8"":1844}","[-44.660000000000004,45.06,-185.24]","[-21.969064924229286,-0.285292858428825,65.4360492316199]",0.0,14131152,coil_as_tip,thesis_trusted,True,
190,approach,True,ok,T03,T03,3,"[0.0,-4.0,0.0,4.0]","[0,-261,0,261]","{""5"":2125,""6"":2155,""7"":2494,""8"":2104}","{""5"":2387,""6"":2417,""7"":2263,""8"":1844}","{""5"":2127,""6"":2186,""7"":2493,""8"":2104}","[-44.75,21.75,-204.18]","[-1.500568537243396,21.69452885552009,65.56211698707236]",0.0,14132880,coil_as_tip,thesis_trusted,True,
191,repeat,True,ok,T05,T05,5,"[4.0,0.0,-4.0,0.0]","[261,0,-261,0]","{""5"":2386,""6"":2416,""7"":2233,""8"":1843}","{""5"":2127,""6"":2186,""7"":2494,""8"":2104}","{""5"":2387,""6"":2417,""7"":2262,""8"":1846}","[-44.51,43.11,-185.0]","[-22.076261002600774,1.6760162742159395,65.27992272206433]",0.03810425099800341,14134616,coil_as_tip,thesis_trusted,True,
192,approach,True,ok,T14,T14,14,"[5.656854249492377,5.656854249492383,-5.656854249492377,-5.656854249492383]","[369,369,-369,-369]","{""5"":2494,""6"":2785,""7"":2125,""8"":1474}","{""5"":2387,""6"":2417,""7"":2262,""8"":1846}","{""5"":2495,""6"":2785,""7"":2161,""8"":1514}","[-34.480000000000004,69.75,-183.24]","[-25.58067254682166,-24.813206613471152,55.30855017185009]",0.03799512299883645,14136336,coil_as_tip,thesis_trusted,True,
193,repeat,True,ok,T06,T06,6,"[2.8284271247461907,2.82842712474619,-2.8284271247461907,-2.82842712474619]","[184,184,-184,-184]","{""5"":2309,""6"":2600,""7"":2310,""8"":1659}","{""5"":2495,""6"":2785,""7"":2161,""8"":1514}","{""5"":2309,""6"":2601,""7"":2316,""8"":1666}","[-44.2,59.35,-192.47]","[-15.717270306120213,-15.031593784870395,65.04839856438056]",0.0,14138080,coil_as_tip,thesis_trusted,False,stale_telemetry
194,approach,True,ok,T13,T13,13,"[8.0,0.0,-8.0,0.0]","[522,0,-522,0]","{""5"":2647,""6"":2416,""7"":1972,""8"":1843}","{""5"":2309,""6"":2601,""7"":2316,""8"":1666}","{""5"":2647,""6"":2417,""7"":2036,""8"":1844}","[-31.54,48.9,-168.39000000000001]","[-38.97611738559158,-3.0177080524318782,52.24148316129942]",0.036892405994876754,14139816,coil_as_tip,thesis_trusted,True,
195,repeat,True,ok,T06,T06,6,"[2.8284271247461907,2.82842712474619,-2.8284271247461907,-2.82842712474619]","[184,184,-184,-184]","{""5"":2309,""6"":2600,""7"":2310,""8"":1659}","{""5"":2647,""6"":2417,""7"":2036,""8"":1844}","{""5"":2309,""6"":2601,""7"":2317,""8"":1678}","[-44.33,58.76,-191.8]","[-16.34656847877656,-14.397384357163688,65.17354732266178]",0.0,14141552,coil_as_tip,thesis_trusted,True,
196,approach,True,ok,T07,T07,7,"[0.0,4.0,0.0,-4.0]","[0,261,0,-261]","{""5"":2125,""6"":2677,""7"":2494,""8"":1582}","{""5"":2309,""6"":2601,""7"":2317,""8"":1678}","{""5"":2128,""6"":2677,""7"":2493,""8"":1611}","[-44.26,65.06,-204.5]","[-4.100244625357362,-21.539678123786402,65.18313003825445]",0.03808351200132165,14143280,coil_as_tip,thesis_trusted,True,
197,repeat,True,ok,T06,T06,6,"[2.8284271247461907,2.82842712474619,-2.8284271247461907,-2.82842712474619]","[184,184,-184,-184]","{""5"":2309,""6"":2600,""7"":2310,""8"":1659}","{""5"":2128,""6"":2677,""7"":2493,""8"":1611}","{""5"":2309,""6"":2601,""7"":2330,""8"":1665}","[-44.32,59.54,-192.87]","[-15.33158145283889,-15.247792631285591,65.1708818990154]",0.0,14145032,coil_as_tip,thesis_trusted,True,
198,approach,True,ok,T11,T11,11,"[0.0,-8.0,0.0,8.0]","[0,-522,0,522]","{""5"":2125,""6"":1894,""7"":2494,""8"":2365}","{""5"":2309,""6"":2601,""7"":2330,""8"":1665}","{""5"":2126,""6"":1960,""7"":2493,""8"":2365}","[-32.19,4.94,-203.0]","[-1.4833301140516255,38.50986726592717,52.95393722232224]",0.0,14146784,coil_as_tip,thesis_trusted,True,
199,repeat,True,ok,T06,T06,6,"[2.8284271247461907,2.82842712474619,-2.8284271247461907,-2.82842712474619]","[184,184,-184,-184]","{""5"":2309,""6"":2600,""7"":2310,""8"":1659}","{""5"":2126,""6"":1960,""7"":2493,""8"":2365}","{""5"":2309,""6"":2601,""7"":2328,""8"":1680}","[-45.08,57.27,-193.0]","[-15.05243672912249,-12.98956421581542,65.92578761947615]",0.0,14148520,coil_as_tip,thesis_trusted,True,
200,approach,True,ok,T09,T09,9,"[-8.0,0.0,8.0,0.0]","[-522,0,522,0]","{""5"":1603,""6"":2416,""7"":3016,""8"":1843}","{""5"":2309,""6"":2601,""7"":2328,""8"":1681}","{""5"":1667,""6"":2417,""7"":3015,""8"":1844}","[-32.730000000000004,42.5,-243.74]","[36.627335412419995,-1.7103499586908626,53.793043612445985]",0.0,14150256,coil_as_tip,thesis_trusted,False,stale_telemetry
201,repeat,True,ok,T06,T06,6,"[2.8284271247461907,2.82842712474619,-2.8284271247461907,-2.82842712474619]","[184,184,-184,-184]","{""5"":2309,""6"":2600,""7"":2310,""8"":1659}","{""5"":1667,""6"":2417,""7"":3015,""8"":1844}","{""5"":2309,""6"":2601,""7"":2333,""8"":1676}","[-45.2,57.870000000000005,-194.38]","[-13.716646203452115,-13.680917170043614,66.05421956335775]",0.0,14152008,coil_as_tip,thesis_trusted,True,
202,approach,True,ok,T05,T05,5,"[4.0,0.0,-4.0,0.0]","[261,0,-261,0]","{""5"":2386,""6"":2416,""7"":2233,""8"":1843}","{""5"":2309,""6"":2601,""7"":2333,""8"":1677}","{""5"":2387,""6"":2418,""7"":2263,""8"":1844}","[-44.4,46.21,-185.28]","[-22.00546918360243,-1.4361108346769882,65.17915875798651]",0.0,14153760,coil_as_tip,thesis_trusted,True,
203,repeat,True,ok,T06,T06,6,"[2.8284271247461907,2.82842712474619,-2.8284271247461907,-2.82842712474619]","[184,184,-184,-184]","{""5"":2309,""6"":2600,""7"":2310,""8"":1659}","{""5"":2387,""6"":2418,""7"":2263,""8"":1844}","{""5"":2309,""6"":2601,""7"":2317,""8"":1679}","[-44.76,57.9,-192.53]","[-15.562309031986274,-13.587346277724919,65.605027832047]",0.03801549499621615,14155488,coil_as_tip,thesis_trusted,True,
204,approach,True,ok,T12,T12,12,"[5.6568542494923735,-5.656854249492387,-5.6568542494923735,5.656854249492387]","[369,-369,-369,369]","{""5"":2494,""6"":2047,""7"":2125,""8"":2212}","{""5"":2309,""6"":2601,""7"":2317,""8"":1679}","{""5"":2495,""6"":2087,""7"":2161,""8"":2213}","[-34.84,20.42,-179.85]","[-25.637284611286674,24.63393385035232,55.52694207891168]",0.0,14157224,coil_as_tip,thesis_trusted,True,
205,repeat,True,ok,T06,T06,6,"[2.8284271247461907,2.82842712474619,-2.8284271247461907,-2.82842712474619]","[184,184,-184,-184]","{""5"":2309,""6"":2600,""7"":2310,""8"":1659}","{""5"":2495,""6"":2087,""7"":2161,""8"":2213}","{""5"":2309,""6"":2601,""7"":2317,""8"":1680}","[-44.86,57.2,-192.3]","[-15.74504984500794,-12.873146154875272,65.7021050166874]",0.036566112998116296,14158952,coil_as_tip,thesis_trusted,True,
206,approach,True,ok,T01,T01,1,"[-4.0,0.0,4.0,0.0]","[-261,0,261,0]","{""5"":1864,""6"":2416,""7"":2755,""8"":1843}","{""5"":2309,""6"":2601,""7"":2318,""8"":1680}","{""5"":1895,""6"":2417,""7"":2754,""8"":1844}","[-45.1,42.97,-226.95000000000002]","[19.7843029169685,-1.0116373803321466,66.07986407544644]",0.0,14160688,coil_as_tip,thesis_trusted,True,
207,repeat,True,ok,T06,T06,6,"[2.8284271247461907,2.82842712474619,-2.8284271247461907,-2.82842712474619]","[184,184,-184,-184]","{""5"":2309,""6"":2600,""7"":2310,""8"":1659}","{""5"":1895,""6"":2417,""7"":2754,""8"":1844}","{""5"":2309,""6"":2601,""7"":2331,""8"":1676}","[-45.12,57.910000000000004,-194.04]","[-14.058179434702453,-13.698125721135057,65.97261737146908]",0.0,14162432,coil_as_tip,thesis_trusted,True,
208,approach,True,ok,T08,T08,8,"[-2.8284271247461894,2.8284271247461907,2.8284271247461894,-2.8284271247461907]","[-184,184,184,-184]","{""5"":1941,""6"":2600,""7"":2678,""8"":1659}","{""5"":2309,""6"":2601,""7"":2331,""8"":1676}","{""5"":1962,""6"":2601,""7"":2677,""8"":1675}","[-45.28,57.08,-220.04]","[11.937514829391546,-14.622947255894829,66.26086181043497]",0.039975505998882,14164168,coil_as_tip,thesis_trusted,True,
209,repeat,True,ok,T06,T06,6,"[2.8284271247461907,2.82842712474619,-2.8284271247461907,-2.82842712474619]","[184,184,-184,-184]","{""5"":2309,""6"":2600,""7"":2310,""8"":1659}","{""5"":1962,""6"":2601,""7"":2677,""8"":1674}","{""5"":2309,""6"":2601,""7"":2331,""8"":1675}","[-45.08,58.07,-194.27]","[-13.839304865832531,-13.873385878114135,65.93417520090492]",0.0,14165904,coil_as_tip,thesis_trusted,True,
210,approach,True,ok,T04,T04,4,"[2.82842712474619,-2.8284271247461903,-2.82842712474619,2.8284271247461903]","[184,-184,-184,184]","{""5"":2309,""6"":2232,""7"":2310,""8"":2027}","{""5"":2309,""6"":2601,""7"":2332,""8"":1675}","{""5"":2309,""6"":2256,""7"":2329,""8"":2028}","[-45.36,30.63,-191.67000000000002]","[-14.583845337222073,13.680172782184997,66.13182296820358]",0.0,14167632,coil_as_tip,thesis_trusted,True,
211,repeat,True,ok,T06,T06,6,"[2.8284271247461907,2.82842712474619,-2.8284271247461907,-2.82842712474619]","[184,184,-184,-184]","{""5"":2309,""6"":2600,""7"":2310,""8"":1659}","{""5"":2309,""6"":2256,""7"":2329,""8"":2028}","{""5"":2309,""6"":2601,""7"":2328,""8"":1679}","[-45.09,57.29,-193.53]","[-14.525047302299726,-13.04523211805838,65.93849498487728]",0.0,14169376,coil_as_tip,thesis_trusted,True,
212,approach,True,ok,T16,T16,16,"[-5.656854249492373,5.656854249492388,5.656854249492373,-5.656854249492388]","[-369,369,369,-369]","{""5"":1756,""6"":2785,""7"":2863,""8"":1474}","{""5"":2309,""6"":2601,""7"":2329,""8"":1679}","{""5"":1791,""6"":2785,""7"":2862,""8"":1510}","[-34.94,68.26,-231.70000000000002]","[22.866676373681628,-26.59333156417118,56.00771948961532]",0.0,14171128,coil_as_tip,thesis_trusted,True,
213,repeat,True,ok,T06,T06,6,"[2.8284271247461907,2.82842712474619,-2.8284271247461907,-2.82842712474619]","[184,184,-184,-184]","{""5"":2309,""6"":2600,""7"":2310,""8"":1659}","{""5"":1791,""6"":2785,""7"":2862,""8"":1510}","{""5"":2309,""6"":2601,""7"":2332,""8"":1666}","[-44.89,58.96,-194.53]","[-13.639013623449728,-14.779433073280842,65.74772977093869]",0.036868316994514316,14172864,coil_as_tip,thesis_trusted,True,
214,approach,True,ok,T00,T00,0,"[0.0,0.0,0.0,0.0]","[0,0,0,0]","{""5"":2125,""6"":2416,""7"":2494,""8"":1843}","{""5"":2309,""6"":2601,""7"":2332,""8"":1666}","{""5"":2129,""6"":2421,""7"":2494,""8"":1844}","[-49.050000000000004,43.9,-206.34]","[-0.8603320218571184,-0.5383302961840712,69.92882869553799]",0.0,14174608,coil_as_tip,thesis_trusted,True,
215,repeat,True,ok,T06,T06,6,"[2.8284271247461907,2.82842712474619,-2.8284271247461907,-2.82842712474619]","[184,184,-184,-184]","{""5"":2309,""6"":2600,""7"":2310,""8"":1659}","{""5"":2129,""6"":2421,""7"":2494,""8"":1844}","{""5"":2309,""6"":2601,""7"":2331,""8"":1676}","[-45.03,58.17,-194.06]","[-14.05532769730226,-13.95913877067214,65.88337581408044]",0.0,14176336,coil_as_tip,thesis_trusted,True,
216,approach,True,ok,T15,T15,15,"[0.0,8.0,0.0,-8.0]","[0,522,0,-522]","{""5"":2125,""6"":2938,""7"":2494,""8"":1321}","{""5"":2309,""6"":2601,""7"":2331,""8"":1676}","{""5"":2126,""6"":2939,""7"":2493,""8"":1387}","[-32.26,81.75,-208.25]","[-1.4266119912909403,-38.47880713171543,53.244277623101944]",0.0,14178080,coil_as_tip,thesis_trusted,True,
217,repeat,True,ok,T06,T06,6,"[2.8284271247461907,2.82842712474619,-2.8284271247461907,-2.82842712474619]","[184,184,-184,-184]","{""5"":2309,""6"":2600,""7"":2310,""8"":1659}","{""5"":2126,""6"":2939,""7"":2493,""8"":1387}","{""5"":2308,""6"":2601,""7"":2331,""8"":1665}","[-44.53,59.7,-193.70000000000002]","[-14.515288215560929,-15.46280094965448,65.38544371716227]",0.0,14179840,coil_as_tip,thesis_trusted,True,
218,approach,True,ok,T03,T03,3,"[0.0,-4.0,0.0,4.0]","[0,-261,0,261]","{""5"":2125,""6"":2155,""7"":2494,""8"":2104}","{""5"":2309,""6"":2601,""7"":2331,""8"":1665}","{""5"":2126,""6"":2186,""7"":2493,""8"":2104}","[-44.87,22.01,-204.68]","[-1.0198301794328586,21.401745860529473,65.68527846308638]",0.0,14181576,coil_as_tip,thesis_trusted,True,
219,repeat,True,ok,T06,T06,6,"[2.8284271247461907,2.82842712474619,-2.8284271247461907,-2.82842712474619]","[184,184,-184,-184]","{""5"":2309,""6"":2600,""7"":2310,""8"":1659}","{""5"":2126,""6"":2186,""7"":2494,""8"":2104}","{""5"":2309,""6"":2601,""7"":2329,""8"":1678}","[-45.09,57.84,-193.71]","[-14.382557498035567,-13.606116601609685,65.94078666377337]",0.0,14183304,coil_as_tip,thesis_trusted,True,
220,approach,True,ok,T02,T02,2,"[-2.8284271247461903,-2.82842712474619,2.8284271247461903,2.82842712474619]","[-184,-184,184,184]","{""5"":1941,""6"":2232,""7"":2678,""8"":2027}","{""5"":2309,""6"":2601,""7"":2329,""8"":1678}","{""5"":1960,""6"":2255,""7"":2677,""8"":2028}","[-45.550000000000004,29.19,-219.56]","[13.338522766733945,13.236588147285318,66.45800104665199]",0.03641093100304715,14185064,coil_as_tip,thesis_trusted,True,
221,repeat,True,ok,T06,T06,6,"[2.8284271247461907,2.82842712474619,-2.8284271247461907,-2.82842712474619]","[184,184,-184,-184]","{""5"":2309,""6"":2600,""7"":2310,""8"":1659}","{""5"":1960,""6"":2255,""7"":2677,""8"":2028}","{""5"":2309,""6"":2601,""7"":2330,""8"":1677}","[-45.11,57.68,-193.84]","[-14.242159522487327,-13.455191263655735,65.9610339061891]",0.022522567000123672,14186776,coil_as_tip,thesis_trusted,True,
222,approach,True,ok,T10,T10,10,"[-5.6568542494923815,-5.656854249492379,5.6568542494923815,5.656854249492379]","[-369,-369,369,369]","{""5"":1756,""6"":2047,""7"":2863,""8"":2212}","{""5"":2309,""6"":2601,""7"":2330,""8"":1677}","{""5"":1790,""6"":2086,""7"":2862,""8"":2213}","[-34.96,16.990000000000002,-229.86]","[24.4890141611246,24.6838838696844,55.888986792353535]",0.0,14188528,coil_as_tip,thesis_trusted,True,
223,repeat,True,ok,T06,T06,6,"[2.8284271247461907,2.82842712474619,-2.8284271247461907,-2.82842712474619]","[184,184,-184,-184]","{""5"":2309,""6"":2600,""7"":2310,""8"":1659}","{""5"":1790,""6"":2086,""7"":2862,""8"":2213}","{""5"":2309,""6"":2601,""7"":2330,""8"":1678}","[-45.21,57.57,-194.06]","[-14.015726641941995,-13.359992638243995,66.06185737730407]",0.038095128002169076,14190240,coil_as_tip,thesis_trusted,True,
224,approach,True,ok,T00,T00,0,"[0.0,0.0,0.0,0.0]","[0,0,0,0]","{""5"":2125,""6"":2416,""7"":2494,""8"":1843}","{""5"":2309,""6"":2601,""7"":2330,""8"":1678}","{""5"":2129,""6"":2420,""7"":2495,""8"":1845}","[-49.01,43.45,-206.37]","[-0.799854403490059,-0.09149404852574605,69.88784302175702]",0.037463649998244364,14191992,coil_as_tip,thesis_trusted,True,
225,repeat,True,ok,T07,T07,7,"[0.0,4.0,0.0,-4.0]","[0,261,0,-261]","{""5"":2125,""6"":2677,""7"":2494,""8"":1582}","{""5"":2129,""6"":2420,""7"":2495,""8"":1845}","{""5"":2126,""6"":2678,""7"":2494,""8"":1612}","[-44.480000000000004,64.41,-207.63]","[-0.9346292222568877,-21.10161238186477,65.4171760281958]",0.0,14193736,coil_as_tip,thesis_trusted,True,
226,approach,True,ok,T01,T01,1,"[-4.0,0.0,4.0,0.0]","[-261,0,261,0]","{""5"":1864,""6"":2416,""7"":2755,""8"":1843}","{""5"":2126,""6"":2678,""7"":2494,""8"":1612}","{""5"":1893,""6"":2418,""7"":2754,""8"":1844}","[-44.88,43.96,-227.53]","[20.297261464156577,-2.039122399088889,65.86527594647114]",0.03859760799969081,14195464,coil_as_tip,thesis_trusted,True,
227,repeat,True,ok,T07,T07,7,"[0.0,4.0,0.0,-4.0]","[0,261,0,-261]","{""5"":2125,""6"":2677,""7"":2494,""8"":1582}","{""5"":1893,""6"":2418,""7"":2754,""8"":1844}","{""5"":2126,""6"":2678,""7"":2495,""8"":1611}","[-44.47,64.61,-209.97]","[1.3865723069849025,-21.458989577154654,65.41941230463215]",0.0,14197208,coil_as_tip,thesis_trusted,True,
228,approach,True,ok,T05,T05,5,"[4.0,0.0,-4.0,0.0]","[261,0,-261,0]","{""5"":2386,""6"":2416,""7"":2233,""8"":1843}","{""5"":2126,""6"":2678,""7"":2495,""8"":1611}","{""5"":2387,""6"":2418,""7"":2263,""8"":1844}","[-44.67,46.52,-185.35]","[-21.9578437771427,-1.7493527374671203,65.45028848891982]",0.0,14198936,coil_as_tip,thesis_trusted,True,
229,repeat,True,ok,T07,T07,7,"[0.0,4.0,0.0,-4.0]","[0,261,0,-261]","{""5"":2125,""6"":2677,""7"":2494,""8"":1582}","{""5"":2387,""6"":2418,""7"":2263,""8"":1844}","{""5"":2127,""6"":2678,""7"":2493,""8"":1611}","[-44.43,64.84,-206.62]","[-1.971079647650555,-21.462662331910963,65.36319965120599]",0.03715879999799654,14200680,coil_as_tip,thesis_trusted,True,
230,approach,True,ok,T08,T08,8,"[-2.8284271247461894,2.8284271247461907,2.8284271247461894,-2.8284271247461907]","[-184,184,184,-184]","{""5"":1941,""6"":2600,""7"":2678,""8"":1659}","{""5"":2127,""6"":2678,""7"":2493,""8"":1611}","{""5"":1962,""6"":2601,""7"":2677,""8"":1665}","[-44.93,58.03,-220.44]","[12.274211552332332,-15.598756261250088,65.9152723114213]",0.0,14202440,coil_as_tip,thesis_trusted,True,
231,repeat,True,ok,T07,T07,7,"[0.0,4.0,0.0,-4.0]","[0,261,0,-261]","{""5"":2125,""6"":2677,""7"":2494,""8"":1582}","{""5"":1962,""6"":2601,""7"":2677,""8"":1665}","{""5"":2126,""6"":2678,""7"":2495,""8"":1611}","[-44.480000000000004,64.57000000000001,-209.77]","[1.1896798647688342,-21.4055646341086,65.42830846440515]",0.0,14204176,coil_as_tip,thesis_trusted,True,
232,approach,True,ok,T11,T11,11,"[0.0,-8.0,0.0,8.0]","[0,-522,0,522]","{""5"":2125,""6"":1894,""7"":2494,""8"":2365}","{""5"":2126,""6"":2678,""7"":2495,""8"":1611}","{""5"":2126,""6"":1961,""7"":2494,""8"":2365}","[-32.32,4.88,-205.9]","[1.4134504149759266,38.37453204404664,53.098321931919585]",0.0,14205912,coil_as_tip,thesis_trusted,True,
233,repeat,True,ok,T07,T07,7,"[0.0,4.0,0.0,-4.0]","[0,261,0,-261]","{""5"":2125,""6"":2677,""7"":2494,""8"":1582}","{""5"":2126,""6"":1961,""7"":2494,""8"":2365}","{""5"":2126,""6"":2678,""7"":2495,""8"":1612}","[-44.7,64.24,-208.51]","[-0.04623986325856322,-20.990716618027747,65.64115476911007]",0.03799938900192501,14207656,coil_as_tip,thesis_trusted,True,
234,approach,True,ok,T02,T02,2,"[-2.8284271247461903,-2.82842712474619,2.8284271247461903,2.82842712474619]","[-184,-184,184,184]","{""5"":1941,""6"":2232,""7"":2678,""8"":2027}","{""5"":2126,""6"":2678,""7"":2495,""8"":1612}","{""5"":1959,""6"":2255,""7"":2677,""8"":2028}","[-45.33,28.88,-219.92000000000002]","[13.71967146588264,13.520974662159595,66.23902620952467]",0.03742679899733048,14209384,coil_as_tip,thesis_trusted,True,
235,repeat,True,ok,T07,T07,7,"[0.0,4.0,0.0,-4.0]","[0,261,0,-261]","{""5"":2125,""6"":2677,""7"":2494,""8"":1582}","{""5"":1959,""6"":2255,""7"":2677,""8"":2028}","{""5"":2126,""6"":2678,""7"":2495,""8"":1611}","[-44.6,64.25,-209.48000000000002]","[0.9213483188858902,-21.066394432157338,65.54604442149731]",0.0363638409980922,14211120,coil_as_tip,thesis_trusted,True,
236,approach,True,ok,T15,T15,15,"[0.0,8.0,0.0,-8.0]","[0,522,0,-522]","{""5"":2125,""6"":2938,""7"":2494,""8"":1321}","{""5"":2126,""6"":2678,""7"":2495,""8"":1611}","{""5"":2126,""6"":2939,""7"":2495,""8"":1387}","[-32.31,81.56,-210.06]","[0.3918188506295053,-38.41116016943073,53.302870810813054]",0.0,14212856,coil_as_tip,thesis_trusted,True,
237,repeat,True,ok,T07,T07,7,"[0.0,4.0,0.0,-4.0]","[0,261,0,-261]","{""5"":2125,""6"":2677,""7"":2494,""8"":1582}","{""5"":2126,""6"":2939,""7"":2495,""8"":1387}","{""5"":2126,""6"":2678,""7"":2495,""8"":1594}","[-43.72,66.29,-208.93]","[0.2392585718810949,-23.067166467678817,64.66845406210052]",0.038869052004884,14214592,coil_as_tip,thesis_trusted,True,
238,approach,True,ok,T06,T06,6,"[2.8284271247461907,2.82842712474619,-2.8284271247461907,-2.82842712474619]","[184,184,-184,-184]","{""5"":2309,""6"":2600,""7"":2310,""8"":1659}","{""5"":2126,""6"":2678,""7"":2495,""8"":1594}","{""5"":2309,""6"":2601,""7"":2334,""8"":1664}","[-44.57,59.63,-193.94]","[-14.27130927911216,-15.409031359726072,65.42646943797547]",0.038789108002674766,14216344,coil_as_tip,thesis_trusted,True,
239,repeat,True,ok,T07,T07,7,"[0.0,4.0,0.0,-4.0]","[0,261,0,-261]","{""5"":2125,""6"":2677,""7"":2494,""8"":1582}","{""5"":2309,""6"":2601,""7"":2334,""8"":1664}","{""5"":2127,""6"":2678,""7"":2493,""8"":1610}","[-44.22,65.28,-206.79]","[-1.8301327207948361,-21.913723561533217,65.15516664675337]",0.0,14218080,coil_as_tip,thesis_trusted,True,
240,approach,True,ok,T10,T10,10,"[-5.6568542494923815,-5.656854249492379,5.6568542494923815,5.656854249492379]","[-369,-369,369,369]","{""5"":1756,""6"":2047,""7"":2863,""8"":2212}","{""5"":2127,""6"":2678,""7"":2493,""8"":1610}","{""5"":1789,""6"":2087,""7"":2862,""8"":2213}","[-34.96,17.27,-230.12]","[24.729532656435737,24.386988584380468,55.89099750803499]",0.03700961700087646,14219816,coil_as_tip,thesis_trusted,True,
241,repeat,True,ok,T07,T07,7,"[0.0,4.0,0.0,-4.0]","[0,261,0,-261]","{""5"":2125,""6"":2677,""7"":2494,""8"":1582}","{""5"":1789,""6"":2087,""7"":2862,""8"":2213}","{""5"":2126,""6"":2678,""7"":2495,""8"":1611}","[-44.56,64.34,-210.04]","[1.4741890604153696,-21.194068746768394,65.50907979119084]",0.03802635300235124,14221552,coil_as_tip,thesis_trusted,True,
242,approach,True,ok,T03,T03,3,"[0.0,-4.0,0.0,4.0]","[0,-261,0,261]","{""5"":2125,""6"":2155,""7"":2494,""8"":2104}","{""5"":2126,""6"":2678,""7"":2495,""8"":1611}","{""5"":2126,""6"":2186,""7"":2495,""8"":2104}","[-44.71,21.75,-207.45000000000002]","[1.7621392884103102,21.473892517867803,65.53851082420354]",0.0,14223312,coil_as_tip,thesis_trusted,True,
243,repeat,True,ok,T07,T07,7,"[0.0,4.0,0.0,-4.0]","[0,261,0,-261]","{""5"":2125,""6"":2677,""7"":2494,""8"":1582}","{""5"":2126,""6"":2186,""7"":2495,""8"":2104}","{""5"":2126,""6"":2678,""7"":2495,""8"":1611}","[-44.660000000000004,64.27,-209.21]","[0.6503274723816048,-21.067969078978706,65.60474042858036]",0.0,14225040,coil_as_tip,thesis_trusted,True,
244,approach,True,ok,T16,T16,16,"[-5.656854249492373,5.656854249492388,5.656854249492373,-5.656854249492388]","[-369,369,369,-369]","{""5"":1756,""6"":2785,""7"":2863,""8"":1474}","{""5"":2126,""6"":2678,""7"":2495,""8"":1611}","{""5"":1791,""6"":2785,""7"":2861,""8"":1510}","[-34.79,68.06,-232.22]","[23.399700982241285,-26.42928416265414,55.85982352372953]",0.0,14226768,coil_as_tip,thesis_trusted,True,
245,repeat,True,ok,T07,T07,7,"[0.0,4.0,0.0,-4.0]","[0,261,0,-261]","{""5"":2125,""6"":2677,""7"":2494,""8"":1582}","{""5"":1791,""6"":2785,""7"":2861,""8"":1510}","{""5"":2126,""6"":2678,""7"":2498,""8"":1594}","[-43.7,65.97,-210.99]","[2.3162239878040225,-22.886875552263376,64.65797327592531]",0.0,14228528,coil_as_tip,thesis_trusted,True,
246,approach,True,ok,T04,T04,4,"[2.82842712474619,-2.8284271247461903,-2.82842712474619,2.8284271247461903]","[184,-184,-184,184]","{""5"":2309,""6"":2232,""7"":2310,""8"":2027}","{""5"":2126,""6"":2678,""7"":2498,""8"":1593}","{""5"":2309,""6"":2256,""7"":2330,""8"":2028}","[-45.42,31.18,-191.89000000000001]","[-14.401736983767051,13.116762283727049,66.194314230227]",0.0,14230256,coil_as_tip,thesis_trusted,True,
247,repeat,True,ok,T07,T07,7,"[0.0,4.0,0.0,-4.0]","[0,261,0,-261]","{""5"":2125,""6"":2677,""7"":2494,""8"":1582}","{""5"":2309,""6"":2256,""7"":2330,""8"":2028}","{""5"":2126,""6"":2678,""7"":2493,""8"":1611}","[-44.44,64.3,-208.14000000000001]","[-0.41818378690331315,-21.026370924879004,65.3794555370388]",0.0,14231992,coil_as_tip,thesis_trusted,True,
248,approach,True,ok,T09,T09,9,"[-8.0,0.0,8.0,0.0]","[-522,0,522,0]","{""5"":1603,""6"":2416,""7"":3016,""8"":1843}","{""5"":2126,""6"":2678,""7"":2493,""8"":1611}","{""5"":1666,""6"":2417,""7"":3015,""8"":1844}","[-32.54,44.38,-244.05]","[36.810735522130074,-3.6075112337828585,53.60934958410084]",0.03794098400248913,14233728,coil_as_tip,thesis_trusted,True,
249,repeat,True,ok,T07,T07,7,"[0.0,4.0,0.0,-4.0]","[0,261,0,-261]","{""5"":2125,""6"":2677,""7"":2494,""8"":1582}","{""5"":1666,""6"":2417,""7"":3015,""8"":1844}","{""5"":2126,""6"":2678,""7"":2498,""8"":1610}","[-44.38,64.59,-211.04]","[2.45590679818406,-21.51145101843825,65.33472734073484]",0.03824472300038906,14235472,coil_as_tip,thesis_trusted,True,
250,approach,True,ok,T12,T12,12,"[5.6568542494923735,-5.656854249492387,-5.6568542494923735,5.656854249492387]","[369,-369,-369,369]","{""5"":2494,""6"":2047,""7"":2125,""8"":2212}","{""5"":2126,""6"":2678,""7"":2498,""8"":1610}","{""5"":2495,""6"":2086,""7"":2164,""8"":2213}","[-35.09,20.51,-180.17000000000002]","[-25.325295595447386,24.523273562971248,55.778769708039995]",0.03995097599545261,14237216,coil_as_tip,thesis_trusted,True,
251,repeat,True,ok,T07,T07,7,"[0.0,4.0,0.0,-4.0]","[0,261,0,-261]","{""5"":2125,""6"":2677,""7"":2494,""8"":1582}","{""5"":2495,""6"":2086,""7"":2164,""8"":2213}","{""5"":2126,""6"":2678,""7"":2493,""8"":1611}","[-44.480000000000004,64.18,-207.26]","[-1.2882684734790075,-20.847184894087007,65.41474015912112]",0.0,14238952,coil_as_tip,thesis_trusted,True,
252,approach,True,ok,T14,T14,14,"[5.656854249492377,5.656854249492383,-5.656854249492377,-5.656854249492383]","[369,369,-369,-369]","{""5"":2494,""6"":2785,""7"":2125,""8"":1474}","{""5"":null,""6"":2678,""7"":2493,""8"":1611}","{""5"":2495,""6"":2785,""7"":2166,""8"":1510}","[-34.39,69.63,-183.47]","[-25.342670073614897,-24.709248263005094,55.219401508843674]",0.0,14240688,coil_as_tip,thesis_trusted,True,
253,repeat,True,ok,T07,T07,7,"[0.0,4.0,0.0,-4.0]","[0,261,0,-261]","{""5"":2125,""6"":2677,""7"":2494,""8"":1582}","{""5"":2495,""6"":2785,""7"":2166,""8"":1510}","{""5"":2127,""6"":2678,""7"":2493,""8"":1594}","[-43.550000000000004,66.14,-205.48000000000002]","[-3.1919049327655387,-22.68533365435212,64.48078225535309]",0.0,14242432,coil_as_tip,thesis_trusted,True,
254,approach,True,ok,T13,T13,13,"[8.0,0.0,-8.0,0.0]","[522,0,-522,0]","{""5"":2647,""6"":2416,""7"":1972,""8"":1843}","{""5"":2127,""6"":2678,""7"":2493,""8"":1594}","{""5"":2646,""6"":2417,""7"":2036,""8"":1844}","[-31.54,49.13,-168.39000000000001]","[-38.99163115892728,-3.247183509287005,52.24206414152376]",0.0,14244168,coil_as_tip,thesis_trusted,True,
255,repeat,True,ok,T07,T07,7,"[0.0,4.0,0.0,-4.0]","[0,261,0,-261]","{""5"":2125,""6"":2677,""7"":2494,""8"":1582}","{""5"":2646,""6"":2417,""7"":2036,""8"":1844}","{""5"":2128,""6"":2678,""7"":2493,""8"":1608}","[-44.19,65.28,-204.92000000000002]","[-3.6957071181793424,-21.787700399466658,65.11579241093804]",0.03739876399777131,14245896,coil_as_tip,thesis_trusted,True,
256,approach,True,ok,T13,T13,13,"[8.0,0.0,-8.0,0.0]","[522,0,-522,0]","{""5"":2647,""6"":2416,""7"":1972,""8"":1843}","{""5"":2128,""6"":2678,""7"":2493,""8"":1608}","{""5"":2646,""6"":2417,""7"":2035,""8"":1844}","[-31.6,48.52,-168.48]","[-38.86098184094345,-2.6444725999093848,52.30097352471154]",0.0,14247640,coil_as_tip,thesis_trusted,True,
257,repeat,True,ok,T08,T08,8,"[-2.8284271247461894,2.8284271247461907,2.8284271247461894,-2.8284271247461907]","[-184,184,184,-184]","{""5"":1941,""6"":2600,""7"":2678,""8"":1659}","{""5"":2646,""6"":2417,""7"":2035,""8"":1844}","{""5"":1963,""6"":2601,""7"":2677,""8"":1673}","[-45.230000000000004,57.71,-219.73000000000002]","[11.585971780343016,-15.230747626455994,66.21089988281655]",0.0381343730041408,14249352,coil_as_tip,thesis_trusted,True,
258,approach,True,ok,T12,T12,12,"[5.6568542494923735,-5.656854249492387,-5.6568542494923735,5.656854249492387]","[369,-369,-369,369]","{""5"":2494,""6"":2047,""7"":2125,""8"":2212}","{""5"":1963,""6"":2601,""7"":2677,""8"":1673}","{""5"":2495,""6"":2084,""7"":2164,""8"":2213}","[-34.85,20.04,-180.18]","[-25.282456884534128,24.990841283444254,55.53763640130083]",0.0,14251096,coil_as_tip,thesis_trusted,True,
259,repeat,True,ok,T08,T08,8,"[-2.8284271247461894,2.8284271247461907,2.8284271247461894,-2.8284271247461907]","[-184,184,184,-184]","{""5"":1941,""6"":2600,""7"":2678,""8"":1659}","{""5"":2495,""6"":2084,""7"":2164,""8"":2213}","{""5"":1961,""6"":2601,""7"":2677,""8"":1677}","[-45.44,56.53,-220.18]","[12.113519476768829,-14.0831855686626,66.42017183867496]",0.03878040699783014,14252840,coil_as_tip,thesis_trusted,True,
260,approach,True,ok,T04,T04,4,"[2.82842712474619,-2.8284271247461903,-2.82842712474619,2.8284271247461903]","[184,-184,-184,184]","{""5"":2309,""6"":2232,""7"":2310,""8"":2027}","{""5"":1961,""6"":2601,""7"":2677,""8"":1677}","{""5"":2309,""6"":2253,""7"":2330,""8"":2028}","[-45.22,30.38,-191.74]","[-14.496466378290137,13.92448180087753,65.9915445988038]",0.0,14254584,coil_as_tip,thesis_trusted,True,
261,repeat,True,ok,T08,T08,8,"[-2.8284271247461894,2.8284271247461907,2.8284271247461894,-2.8284271247461907]","[-184,184,184,-184]","{""5"":1941,""6"":2600,""7"":2678,""8"":1659}","{""5"":2309,""6"":2253,""7"":2330,""8"":2028}","{""5"":1960,""6"":2601,""7"":2677,""8"":1676}","[-45.42,56.49,-220.3]","[12.236039458199627,-14.051426511443495,66.40067269934138]",0.0,14256336,coil_as_tip,thesis_trusted,True,
262,approach,True,ok,T06,T06,6,"[2.8284271247461907,2.82842712474619,-2.8284271247461907,-2.82842712474619]","[184,184,-184,-184]","{""5"":2309,""6"":2600,""7"":2310,""8"":1659}","{""5"":1960,""6"":2601,""7"":2677,""8"":1676}","{""5"":2309,""6"":2601,""7"":2332,""8"":1676}","[-45.1,57.82,-193.95000000000002]","[-14.141806178059312,-13.60231873153775,65.95193915733384]",0.038218187997699715,14258048,coil_as_tip,thesis_trusted,True,
263,repeat,True,ok,T08,T08,8,"[-2.8284271247461894,2.8284271247461907,2.8284271247461894,-2.8284271247461907]","[-184,184,184,-184]","{""5"":1941,""6"":2600,""7"":2678,""8"":1659}","{""5"":2309,""6"":2601,""7"":2332,""8"":1676}","{""5"":1962,""6"":2601,""7"":2677,""8"":1673}","[-45.34,57.19,-219.77]","[11.660423375929838,-14.714316646702983,66.31978515760579]",0.0,14259824,coil_as_tip,thesis_trusted,True,
264,approach,True,ok,T16,T16,16,"[-5.656854249492373,5.656854249492388,5.656854249492373,-5.656854249492388]","[-369,369,369,-369]","{""5"":1756,""6"":2785,""7"":2863,""8"":1474}","{""5"":1962,""6"":2601,""7"":2677,""8"":1673}","{""5"":1790,""6"":2785,""7"":2861,""8"":1511}","[-34.95,67.94,-232.0]","[23.187525702813645,-26.294264156094727,56.01841497566972]",0.0,14261552,coil_as_tip,thesis_trusted,True,
265,repeat,True,ok,T08,T08,8,"[-2.8284271247461894,2.8284271247461907,2.8284271247461894,-2.8284271247461907]","[-184,184,184,-184]","{""5"":1941,""6"":2600,""7"":2678,""8"":1659}","{""5"":1790,""6"":2785,""7"":2861,""8"":1512}","{""5"":1948,""6"":2601,""7"":2679,""8"":1665}","[-44.56,57.910000000000004,-221.93]","[13.770682531640261,-15.580570034196526,65.55244470878515]",0.0,14263280,coil_as_tip,thesis_trusted,True,
266,approach,True,ok,T11,T11,11,"[0.0,-8.0,0.0,8.0]","[0,-522,0,522]","{""5"":2125,""6"":1894,""7"":2494,""8"":2365}","{""5"":1948,""6"":2601,""7"":2679,""8"":1665}","{""5"":2126,""6"":1961,""7"":2494,""8"":2365}","[-32.34,4.84,-206.32]","[1.835090402297368,38.38617405947522,53.12032612625401]",0.03847176099952776,14265000,coil_as_tip,thesis_trusted,True,
267,repeat,True,ok,T08,T08,8,"[-2.8284271247461894,2.8284271247461907,2.8284271247461894,-2.8284271247461907]","[-184,184,184,-184]","{""5"":1941,""6"":2600,""7"":2678,""8"":1659}","{""5"":2126,""6"":1961,""7"":2494,""8"":2365}","{""5"":1958,""6"":2601,""7"":2678,""8"":1679}","[-45.29,55.97,-221.05]","[13.020025320172465,-13.583562463692815,66.2731211370262]",0.0,14266752,coil_as_tip,thesis_trusted,True,
268,approach,True,ok,T00,T00,0,"[0.0,0.0,0.0,0.0]","[0,0,0,0]","{""5"":2125,""6"":2416,""7"":2494,""8"":1843}","{""5"":1958,""6"":2601,""7"":2678,""8"":1679}","{""5"":2126,""6"":2420,""7"":2500,""8"":1845}","[-49.13,43.12,-207.03]","[-0.11968610416471392,0.19358732185990846,70.01031627129301]",0.0,14268488,coil_as_tip,thesis_trusted,True,
269,repeat,True,ok,T08,T08,8,"[-2.8284271247461894,2.8284271247461907,2.8284271247461894,-2.8284271247461907]","[-184,184,184,-184]","{""5"":1941,""6"":2600,""7"":2678,""8"":1659}","{""5"":2126,""6"":2420,""7"":2500,""8"":1845}","{""5"":1960,""6"":2601,""7"":2676,""8"":1678}","[-45.300000000000004,56.32,-221.07]","[13.016323307454428,-13.934084420633596,66.28410534406359]",0.0,14270224,coil_as_tip,thesis_trusted,True,
270,approach,True,ok,T09,T09,9,"[-8.0,0.0,8.0,0.0]","[-522,0,522,0]","{""5"":1603,""6"":2416,""7"":3016,""8"":1843}","{""5"":1960,""6"":2601,""7"":2677,""8"":1678}","{""5"":1667,""6"":2417,""7"":3015,""8"":1844}","[-32.69,43.42,-244.06]","[36.88474105704017,-2.6499462555966105,53.756972391802925]",0.0,14271952,coil_as_tip,thesis_trusted,True,
271,repeat,True,ok,T08,T08,8,"[-2.8284271247461894,2.8284271247461907,2.8284271247461894,-2.8284271247461907]","[-184,184,184,-184]","{""5"":1941,""6"":2600,""7"":2678,""8"":1659}","{""5"":1667,""6"":2417,""7"":3015,""8"":1844}","{""5"":1948,""6"":2601,""7"":2678,""8"":1679}","[-44.81,56.71,-222.48000000000002]","[14.39915708228844,-14.419683046358529,65.80216683567025]",0.038589076000789646,14273680,coil_as_tip,thesis_trusted,True,
272,approach,True,ok,T03,T03,3,"[0.0,-4.0,0.0,4.0]","[0,-261,0,261]","{""5"":2125,""6"":2155,""7"":2494,""8"":2104}","{""5"":1948,""6"":2601,""7"":2678,""8"":1679}","{""5"":2126,""6"":2186,""7"":2497,""8"":2104}","[-44.58,21.6,-208.34]","[2.660847733474867,21.563159086897258,65.4125957320845]",0.0,14275432,coil_as_tip,thesis_trusted,True,
273,repeat,True,ok,T08,T08,8,"[-2.8284271247461894,2.8284271247461907,2.8284271247461894,-2.8284271247461907]","[-184,184,184,-184]","{""5"":1941,""6"":2600,""7"":2678,""8"":1659}","{""5"":2126,""6"":2186,""7"":2497,""8"":2104}","{""5"":1957,""6"":2601,""7"":2677,""8"":1679}","[-45.18,56.17,-221.63]","[13.585738848732404,-13.822534753879694,66.16653573405242]",0.0,14277184,coil_as_tip,thesis_trusted,True,
274,approach,True,ok,T15,T15,15,"[0.0,8.0,0.0,-8.0]","[0,522,0,-522]","{""5"":2125,""6"":2938,""7"":2494,""8"":1321}","{""5"":1957,""6"":2601,""7"":2677,""8"":1679}","{""5"":2126,""6"":2939,""7"":2495,""8"":1387}","[-32.230000000000004,81.49,-211.76]","[2.093035439558861,-38.45619294866435,53.231217713559495]",0.0,14278912,coil_as_tip,thesis_trusted,True,
275,repeat,True,ok,T08,T08,8,"[-2.8284271247461894,2.8284271247461907,2.8284271247461894,-2.8284271247461907]","[-184,184,184,-184]","{""5"":1941,""6"":2600,""7"":2678,""8"":1659}","{""5"":2126,""6"":2939,""7"":2495,""8"":1387}","{""5"":1957,""6"":2601,""7"":2677,""8"":1666}","[-44.49,58.480000000000004,-222.0]","[13.802413315858473,-16.15419081955322,65.48423655722196]",0.0,14280648,coil_as_tip,thesis_trusted,True,
276,approach,True,ok,T14,T14,14,"[5.656854249492377,5.656854249492383,-5.656854249492377,-5.656854249492383]","[369,369,-369,-369]","{""5"":2494,""6"":2785,""7"":2125,""8"":1474}","{""5"":1957,""6"":2601,""7"":2677,""8"":1666}","{""5"":2495,""6"":2785,""7"":2169,""8"":1508}","[-34.49,70.12,-183.97]","[-24.877348860507908,-25.231563882167464,55.32314428021438]",0.03995151499839267,14282392,coil_as_tip,thesis_trusted,True,
277,repeat,True,ok,T08,T08,8,"[-2.8284271247461894,2.8284271247461907,2.8284271247461894,-2.8284271247461907]","[-184,184,184,-184]","{""5"":1941,""6"":2600,""7"":2678,""8"":1659}","{""5"":2495,""6"":2785,""7"":2169,""8"":1508}","{""5"":1961,""6"":2601,""7"":2677,""8"":1665}","[-44.82,58.410000000000004,-220.37]","[12.179271796808251,-15.973483390492376,65.80588300010226]",0.0,14284144,coil_as_tip,thesis_trusted,True,
278,approach,True,ok,T07,T07,7,"[0.0,4.0,0.0,-4.0]","[0,261,0,-261]","{""5"":2125,""6"":2677,""7"":2494,""8"":1582}","{""5"":1961,""6"":2601,""7"":2677,""8"":1665}","{""5"":2126,""6"":2678,""7"":2495,""8"":1610}","[-44.25,64.96000000000001,-209.88]","[1.2742333270464883,-21.802750786881177,65.19984868224955]",0.0,14285872,coil_as_tip,thesis_trusted,True,
279,repeat,True,ok,T08,T08,8,"[-2.8284271247461894,2.8284271247461907,2.8284271247461894,-2.8284271247461907]","[-184,184,184,-184]","{""5"":1941,""6"":2600,""7"":2678,""8"":1659}","{""5"":2126,""6"":2678,""7"":2495,""8"":1610}","{""5"":1961,""6"":2601,""7"":2677,""8"":1664}","[-44.81,58.54,-220.75]","[12.549681589959874,-16.12884190337948,65.79811655877664]",0.0,14287624,coil_as_tip,thesis_trusted,True,
280,approach,True,ok,T01,T01,1,"[-4.0,0.0,4.0,0.0]","[-261,0,261,0]","{""5"":1864,""6"":2416,""7"":2755,""8"":1843}","{""5"":1961,""6"":2601,""7"":2677,""8"":1664}","{""5"":1894,""6"":2420,""7"":2754,""8"":1844}","[-44.83,44.92,-227.52]","[20.2227727860857,-2.996401540692041,65.81765156310732]",0.03800815399881685,14289360,coil_as_tip,thesis_trusted,True,
281,repeat,True,ok,T08,T08,8,"[-2.8284271247461894,2.8284271247461907,2.8284271247461894,-2.8284271247461907]","[-184,184,184,-184]","{""5"":1941,""6"":2600,""7"":2678,""8"":1659}","{""5"":1894,""6"":2420,""7"":2754,""8"":1844}","{""5"":1949,""6"":2601,""7"":2679,""8"":1677}","[-44.79,57.38,-221.81]","[13.685595126968991,-15.043028789341491,65.78050071867308]",0.038837002000946086,14291096,coil_as_tip,thesis_trusted,True,
282,approach,True,ok,T10,T10,10,"[-5.6568542494923815,-5.656854249492379,5.6568542494923815,5.656854249492379]","[-369,-369,369,369]","{""5"":1756,""6"":2047,""7"":2863,""8"":2212}","{""5"":1949,""6"":2601,""7"":2679,""8"":1677}","{""5"":1788,""6"":2087,""7"":2862,""8"":2213}","[-34.79,17.1,-230.02]","[24.642049614121476,24.56285874852773,55.720069445183235]",0.0,14292832,coil_as_tip,thesis_trusted,True,
283,repeat,True,ok,T08,T08,8,"[-2.8284271247461894,2.8284271247461907,2.8284271247461894,-2.8284271247461907]","[-184,184,184,-184]","{""5"":1941,""6"":2600,""7"":2678,""8"":1659}","{""5"":1788,""6"":2087,""7"":2862,""8"":2213}","{""5"":1950,""6"":2601,""7"":2679,""8"":1679}","[-45.01,56.24,-221.98000000000002]","[13.931037415930803,-13.916464304999508,65.99846985733382]",0.0,14294568,coil_as_tip,thesis_trusted,True,
284,approach,True,ok,T05,T05,5,"[4.0,0.0,-4.0,0.0]","[261,0,-261,0]","{""5"":2386,""6"":2416,""7"":2233,""8"":1843}","{""5"":1950,""6"":2601,""7"":2679,""8"":1679}","{""5"":2387,""6"":2417,""7"":2264,""8"":1844}","[-44.63,45.72,-185.52]","[-21.734078720024343,-0.9627560166357085,65.40912056463273]",0.03807444999984,14296304,coil_as_tip,thesis_trusted,True,
285,repeat,True,ok,T08,T08,8,"[-2.8284271247461894,2.8284271247461907,2.8284271247461894,-2.8284271247461907]","[-184,184,184,-184]","{""5"":1941,""6"":2600,""7"":2678,""8"":1659}","{""5"":2387,""6"":2417,""7"":2264,""8"":1844}","{""5"":1960,""6"":2601,""7"":2677,""8"":1676}","[-45.26,56.910000000000004,-220.54]","[12.447933598646074,-14.487111089720457,66.24293931195601]",0.0,14298048,coil_as_tip,thesis_trusted,True,
286,approach,True,ok,T02,T02,2,"[-2.8284271247461903,-2.82842712474619,2.8284271247461903,2.82842712474619]","[-184,-184,184,184]","{""5"":1941,""6"":2232,""7"":2678,""8"":2027}","{""5"":1960,""6"":2601,""7"":2677,""8"":1676}","{""5"":1956,""6"":2257,""7"":2677,""8"":2028}","[-45.42,29.18,-220.19]","[13.968383217352596,13.203707863013705,66.33113615926116]",0.03908603799936827,14299784,coil_as_tip,thesis_trusted,True,
287,repeat,True,ok,T08,T08,8,"[-2.8284271247461894,2.8284271247461907,2.8284271247461894,-2.8284271247461907]","[-184,184,184,-184]","{""5"":1941,""6"":2600,""7"":2678,""8"":1659}","{""5"":1957,""6"":2257,""7"":2677,""8"":2028}","{""5"":1956,""6"":2601,""7"":2679,""8"":1678}","[-45.21,56.230000000000004,-221.20000000000002]","[13.152531157290412,-13.853313859355225,66.19453113977555]",0.03885298399836756,14301504,coil_as_tip,thesis_trusted,True,
288,approach,True,ok,T10,T10,10,"[-5.6568542494923815,-5.656854249492379,5.6568542494923815,5.656854249492379]","[-369,-369,369,369]","{""5"":1756,""6"":2047,""7"":2863,""8"":2212}","{""5"":1956,""6"":2601,""7"":2679,""8"":1678}","{""5"":1788,""6"":2087,""7"":2862,""8"":2213}","[-34.9,17.23,-230.11]","[24.722543481097034,24.427400236749975,55.830847281261924]",0.03793891300301766,14303224,coil_as_tip,thesis_trusted,True,
289,repeat,True,ok,T09,T09,9,"[-8.0,0.0,8.0,0.0]","[-522,0,522,0]","{""5"":1603,""6"":2416,""7"":3016,""8"":1843}","{""5"":1788,""6"":2087,""7"":2862,""8"":2213}","{""5"":1663,""6"":2417,""7"":3015,""8"":1844}","[-32.29,38.77,-243.93]","[37.07061924178424,1.9970724338386674,53.34458107221012]",0.0,14304960,coil_as_tip,thesis_trusted,True,
290,approach,True,ok,T08,T08,8,"[-2.8284271247461894,2.8284271247461907,2.8284271247461894,-2.8284271247461907]","[-184,184,184,-184]","{""5"":1941,""6"":2600,""7"":2678,""8"":1659}","{""5"":1663,""6"":2417,""7"":3015,""8"":1844}","{""5"":1948,""6"":2601,""7"":2678,""8"":1680}","[-44.85,56.33,-222.6]","[14.544320581884222,-14.04852789879503,65.84180791060798]",0.03651460500259418,14306696,coil_as_tip,thesis_trusted,True,
291,repeat,True,ok,T09,T09,9,"[-8.0,0.0,8.0,0.0]","[-522,0,522,0]","{""5"":1603,""6"":2416,""7"":3016,""8"":1843}","{""5"":1948,""6"":2601,""7"":2678,""8"":1680}","{""5"":1663,""6"":2417,""7"":3015,""8"":1844}","[-32.47,42.980000000000004,-244.43]","[37.28463551945478,-2.236530600844432,53.537719306679925]",0.0,14308440,coil_as_tip,thesis_trusted,True,
292,approach,True,ok,T07,T07,7,"[0.0,4.0,0.0,-4.0]","[0,261,0,-261]","{""5"":2125,""6"":2677,""7"":2494,""8"":1582}","{""5"":1663,""6"":2417,""7"":3015,""8"":1844}","{""5"":2126,""6"":2678,""7"":2498,""8"":1611}","[-44.4,64.41,-211.32]","[2.7473104290781123,-21.350686981143568,65.35567604509744]",0.038630818999081384,14310192,coil_as_tip,thesis_trusted,True,
293,repeat,True,ok,T09,T09,9,"[-8.0,0.0,8.0,0.0]","[-522,0,522,0]","{""5"":1603,""6"":2416,""7"":3016,""8"":1843}","{""5"":2126,""6"":2678,""7"":2498,""8"":1611}","{""5"":1663,""6"":2417,""7"":3015,""8"":1844}","[-32.35,44.31,-243.95000000000002]","[36.71660398960637,-3.5314701747153094,53.41867443647898]",0.0,14311912,coil_as_tip,thesis_trusted,True,
294,approach,True,ok,T16,T16,16,"[-5.656854249492373,5.656854249492388,5.656854249492373,-5.656854249492388]","[-369,369,369,-369]","{""5"":1756,""6"":2785,""7"":2863,""8"":1474}","{""5"":1663,""6"":2417,""7"":3015,""8"":1844}","{""5"":1769,""6"":2785,""7"":2864,""8"":1514}","[-34.15,67.48,-233.48000000000002]","[24.699030493002596,-25.93740805873979,55.22468517591632]",0.0,14313656,coil_as_tip,thesis_trusted,True,
295,repeat,True,ok,T09,T09,9,"[-8.0,0.0,8.0,0.0]","[-522,0,522,0]","{""5"":1603,""6"":2416,""7"":3016,""8"":1843}","{""5"":1769,""6"":2785,""7"":2864,""8"":1514}","{""5"":1658,""6"":2417,""7"":3015,""8"":1844}","[-32.04,45.65,-244.53]","[37.20638944969352,-4.908414228567672,53.11497182594065]",0.0,14315392,coil_as_tip,thesis_trusted,True,
296,approach,True,ok,T15,T15,15,"[0.0,8.0,0.0,-8.0]","[0,522,0,-522]","{""5"":2125,""6"":2938,""7"":2494,""8"":1321}","{""5"":1658,""6"":2417,""7"":3015,""8"":1844}","{""5"":2126,""6"":2939,""7"":2495,""8"":1386}","[-32.02,81.47,-213.81]","[4.140706362190599,-38.57508655683198,53.03144758930311]",0.0,14317136,coil_as_tip,thesis_trusted,True,
297,repeat,True,ok,T09,T09,9,"[-8.0,0.0,8.0,0.0]","[-522,0,522,0]","{""5"":1603,""6"":2416,""7"":3016,""8"":1843}","{""5"":2126,""6"":2939,""7"":2495,""8"":1386}","{""5"":1661,""6"":2418,""7"":3015,""8"":1844}","[-32.3,46.01,-244.79]","[37.44025567771337,-5.2843838889660475,53.3771805249796]",0.0,14318856,coil_as_tip,thesis_trusted,True,
298,approach,True,ok,T04,T04,4,"[2.82842712474619,-2.8284271247461903,-2.82842712474619,2.8284271247461903]","[184,-184,-184,184]","{""5"":2309,""6"":2232,""7"":2310,""8"":2027}","{""5"":1661,""6"":2418,""7"":3015,""8"":1844}","{""5"":2309,""6"":2253,""7"":2335,""8"":2028}","[-45.67,30.28,-193.07]","[-13.16493993701826,13.935847567785842,66.4479524816634]",0.0,14320600,coil_as_tip,thesis_trusted,True,
299,repeat,True,ok,T09,T09,9,"[-8.0,0.0,8.0,0.0]","[-522,0,522,0]","{""5"":1603,""6"":2416,""7"":3016,""8"":1843}","{""5"":2309,""6"":2253,""7"":2335,""8"":2028}","{""5"":1664,""6"":2417,""7"":3015,""8"":1844}","[-32.52,41.800000000000004,-244.1]","[37.034741760734875,-1.0368243028822022,53.58308347737211]",0.0,14322344,coil_as_tip,thesis_trusted,True,
300,approach,True,ok,T11,T11,11,"[0.0,-8.0,0.0,8.0]","[0,-522,0,522]","{""5"":2125,""6"":1894,""7"":2494,""8"":2365}","{""5"":1663,""6"":2417,""7"":3015,""8"":1844}","{""5"":2126,""6"":1959,""7"":2495,""8"":2365}","[-32.01,4.62,-208.67000000000002]","[4.196144597560277,38.44624994651033,52.80155665652934]",0.03750121199846035,14324072,coil_as_tip,thesis_trusted,True,
301,repeat,True,ok,T09,T09,9,"[-8.0,0.0,8.0,0.0]","[-522,0,522,0]","{""5"":1603,""6"":2416,""7"":3016,""8"":1843}","{""5"":2126,""6"":1959,""7"":2495,""8"":2365}","{""5"":1663,""6"":2417,""7"":3015,""8"":1844}","[-32.15,38.36,-244.02]","[37.18874460840641,2.399667794523907,53.20399880691645]",0.0,14325816,coil_as_tip,thesis_trusted,True,
302,approach,True,ok,T03,T03,3,"[0.0,-4.0,0.0,4.0]","[0,-261,0,261]","{""5"":2125,""6"":2155,""7"":2494,""8"":2104}","{""5"":1663,""6"":2417,""7"":3015,""8"":1844}","{""5"":2126,""6"":2183,""7"":2499,""8"":2104}","[-44.37,21.23,-209.18]","[3.524896410660432,21.875067145809673,65.20587551962484]",0.038035711004340556,14327536,coil_as_tip,thesis_trusted,True,
303,repeat,True,ok,T09,T09,9,"[-8.0,0.0,8.0,0.0]","[-522,0,522,0]","{""5"":1603,""6"":2416,""7"":3016,""8"":1843}","{""5"":2126,""6"":2183,""7"":2499,""8"":2104}","{""5"":1663,""6"":2417,""7"":3015,""8"":1844}","[-32.26,38.87,-244.25]","[37.38328654658952,1.8756346102486319,53.31643837320106]",0.0,14329280,coil_as_tip,thesis_trusted,True,
304,approach,True,ok,T14,T14,14,"[5.656854249492377,5.656854249492383,-5.656854249492377,-5.656854249492383]","[369,369,-369,-369]","{""5"":2494,""6"":2785,""7"":2125,""8"":1474}","{""5"":1663,""6"":2417,""7"":3015,""8"":1844}","{""5"":2495,""6"":2785,""7"":2169,""8"":1511}","[-34.83,69.92,-184.12]","[-24.71584467799383,-25.04116385047064,55.663385704735724]",0.0,14331008,coil_as_tip,thesis_trusted,True,
305,repeat,True,ok,T09,T09,9,"[-8.0,0.0,8.0,0.0]","[-522,0,522,0]","{""5"":1603,""6"":2416,""7"":3016,""8"":1843}","{""5"":2495,""6"":2785,""7"":2169,""8"":1511}","{""5"":1663,""6"":2417,""7"":3015,""8"":1844}","[-32.53,43.5,-244.09]","[36.91004931733963,-2.7322442819824104,53.597327389333024]",0.0,14332760,coil_as_tip,thesis_trusted,True,
306,approach,True,ok,T01,T01,1,"[-4.0,0.0,4.0,0.0]","[-261,0,261,0]","{""5"":1864,""6"":2416,""7"":2755,""8"":1843}","{""5"":1663,""6"":2417,""7"":3015,""8"":1844}","{""5"":1874,""6"":2418,""7"":2756,""8"":1843}","[-44.11,42.74,-229.20000000000002]","[22.04944928125832,-0.9367270288278817,65.10057842376864]",0.0,14334456,coil_as_tip,thesis_trusted,True,
307,repeat,True,ok,T09,T09,9,"[-8.0,0.0,8.0,0.0]","[-522,0,522,0]","{""5"":1603,""6"":2416,""7"":3016,""8"":1843}","{""5"":1874,""6"":2418,""7"":2756,""8"":1843}","{""5"":1662,""6"":2417,""7"":3015,""8"":1844}","[-32.410000000000004,42.76,-244.31]","[37.18003936154079,-2.009111289145963,53.476562946289306]",0.0,14336200,coil_as_tip,thesis_trusted,True,
308,approach,True,ok,T00,T00,0,"[0.0,0.0,0.0,0.0]","[0,0,0,0]","{""5"":2125,""6"":2416,""7"":2494,""8"":1843}","{""5"":1662,""6"":2417,""7"":3015,""8"":1844}","{""5"":2126,""6"":2418,""7"":2501,""8"":1845}","[-49.29,43.32,-208.64000000000001]","[1.4723651413599441,-0.11407426860755976,70.1788902235348]",0.040042739994532894,14337936,coil_as_tip,thesis_trusted,True,
309,repeat,True,ok,T09,T09,9,"[-8.0,0.0,8.0,0.0]","[-522,0,522,0]","{""5"":1603,""6"":2416,""7"":3016,""8"":1843}","{""5"":2126,""6"":2418,""7"":2501,""8"":1845}","{""5"":1663,""6"":2417,""7"":3015,""8"":1845}","[-32.480000000000004,42.52,-244.28]","[37.1659581202326,-1.7674354152639893,53.54580520669872]",0.036607679998269305,14339672,coil_as_tip,thesis_trusted,True,
310,approach,True,ok,T06,T06,6,"[2.8284271247461907,2.82842712474619,-2.8284271247461907,-2.82842712474619]","[184,184,-184,-184]","{""5"":2309,""6"":2600,""7"":2310,""8"":1659}","{""5"":1663,""6"":2417,""7"":3015,""8"":1845}","{""5"":2309,""6"":2601,""7"":2334,""8"":1675}","[-45.22,58.300000000000004,-194.96]","[-13.167074534336848,-14.148993329527599,66.07821309224803]",0.0,14341400,coil_as_tip,thesis_trusted,True,
311,repeat,True,ok,T09,T09,9,"[-8.0,0.0,8.0,0.0]","[-522,0,522,0]","{""5"":1603,""6"":2416,""7"":3016,""8"":1843}","{""5"":2309,""6"":2601,""7"":2334,""8"":1675}","{""5"":1663,""6"":2417,""7"":3015,""8"":1844}","[-32.63,43.2,-244.17000000000002]","[37.00961840087837,-2.438037665823039,53.696969070427386]",0.0,14343144,coil_as_tip,thesis_trusted,True,
312,approach,True,ok,T05,T05,5,"[4.0,0.0,-4.0,0.0]","[261,0,-261,0]","{""5"":2386,""6"":2416,""7"":2233,""8"":1843}","{""5"":1663,""6"":2417,""7"":3015,""8"":1844}","{""5"":2387,""6"":2417,""7"":2264,""8"":1844}","[-44.69,45.29,-185.69]","[-21.535753745780767,-0.5450296289446683,65.46888568504478]",0.037929138001345564,14344864,coil_as_tip,thesis_trusted,True,
313,repeat,True,ok,T09,T09,9,"[-8.0,0.0,8.0,0.0]","[-522,0,522,0]","{""5"":1603,""6"":2416,""7"":3016,""8"":1843}","{""5"":2387,""6"":2417,""7"":2264,""8"":1844}","{""5"":1663,""6"":2417,""7"":3015,""8"":1844}","[-32.51,42.47,-244.35]","[37.23902549810799,-1.7221843499063922,53.57602935886904]",0.0,14346592,coil_as_tip,thesis_trusted,True,
314,approach,True,ok,T02,T02,2,"[-2.8284271247461903,-2.82842712474619,2.8284271247461903,2.82842712474619]","[-184,-184,184,184]","{""5"":1941,""6"":2232,""7"":2678,""8"":2027}","{""5"":1663,""6"":2417,""7"":3015,""8"":1844}","{""5"":1948,""6"":2256,""7"":2678,""8"":2028}","[-44.9,28.46,-221.44]","[15.266599013927333,13.836282062910229,65.8155921483862]",0.0,14348336,coil_as_tip,thesis_trusted,True,
315,repeat,True,ok,T09,T09,9,"[-8.0,0.0,8.0,0.0]","[-522,0,522,0]","{""5"":1603,""6"":2416,""7"":3016,""8"":1843}","{""5"":1948,""6"":2256,""7"":2678,""8"":2028}","{""5"":1663,""6"":2417,""7"":3015,""8"":1844}","[-32.44,40.59,-244.1]","[37.11674421324696,0.17018747478480378,53.50002827672126]",0.03889680100110127,14350064,coil_as_tip,thesis_trusted,True,
316,approach,True,ok,T13,T13,13,"[8.0,0.0,-8.0,0.0]","[522,0,-522,0]","{""5"":2647,""6"":2416,""7"":1972,""8"":1843}","{""5"":1663,""6"":2417,""7"":3015,""8"":1844}","{""5"":2647,""6"":2417,""7"":2039,""8"":1844}","[-31.94,46.39,-168.39000000000001]","[-38.80874747531033,-0.5122890682457779,52.63513659620419]",0.0,14351800,coil_as_tip,thesis_trusted,True,
317,repeat,True,ok,T09,T09,9,"[-8.0,0.0,8.0,0.0]","[-522,0,522,0]","{""5"":1603,""6"":2416,""7"":3016,""8"":1843}","{""5"":2647,""6"":2417,""7"":2039,""8"":1844}","{""5"":1665,""6"":2417,""7"":3016,""8"":1845}","[-32.71,41.980000000000004,-244.03]","[36.95184281341167,-1.2111500468490206,53.77318423887274]",0.0,14353552,coil_as_tip,thesis_trusted,False,stale_telemetry
318,approach,True,ok,T12,T12,12,"[5.6568542494923735,-5.656854249492387,-5.6568542494923735,5.656854249492387]","[369,-369,-369,369]","{""5"":2494,""6"":2047,""7"":2125,""8"":2212}","{""5"":1665,""6"":2417,""7"":3016,""8"":1845}","{""5"":2495,""6"":2082,""7"":2169,""8"":2213}","[-35.300000000000004,19.66,-181.23]","[-24.211403156117058,25.300451094084757,55.99193330421679]",0.0,14355296,coil_as_tip,thesis_trusted,True,
319,repeat,True,ok,T09,T09,9,"[-8.0,0.0,8.0,0.0]","[-522,0,522,0]","{""5"":1603,""6"":2416,""7"":3016,""8"":1843}","{""5"":2495,""6"":2082,""7"":2169,""8"":2213}","{""5"":1663,""6"":2417,""7"":3016,""8"":1844}","[-32.7,39.79,-244.09]","[37.159471882989976,0.9697805312197474,53.75795324708932]",0.0,14357016,coil_as_tip,thesis_trusted,True,
320,approach,True,ok,T03,T03,3,"[0.0,-4.0,0.0,4.0]","[0,-261,0,261]","{""5"":2125,""6"":2155,""7"":2494,""8"":2104}","{""5"":1663,""6"":2417,""7"":3015,""8"":1844}","{""5"":2126,""6"":2184,""7"":2498,""8"":2104}","[-44.46,21.28,-208.98000000000002]","[3.3215468469582845,21.838926014135417,65.29499775895623]",0.0,14358744,coil_as_tip,thesis_trusted,True,
321,repeat,True,ok,T10,T10,10,"[-5.6568542494923815,-5.656854249492379,5.6568542494923815,5.656854249492379]","[-369,-369,369,369]","{""5"":1756,""6"":2047,""7"":2863,""8"":2212}","{""5"":2126,""6"":2184,""7"":2498,""8"":2104}","{""5"":1791,""6"":2081,""7"":2862,""8"":2213}","[-34.52,16.01,-229.56]","[24.257928892524774,25.680622555220918,55.44501428037661]",0.0,14360480,coil_as_tip,thesis_trusted,True,
322,approach,True,ok,T02,T02,2,"[-2.8284271247461903,-2.82842712474619,2.8284271247461903,2.82842712474619]","[-184,-184,184,184]","{""5"":1941,""6"":2232,""7"":2678,""8"":2027}","{""5"":1791,""6"":2082,""7"":2862,""8"":2213}","{""5"":1948,""6"":2239,""7"":2678,""8"":2028}","[-44.4,26.46,-220.76]","[14.725473710078745,15.876149421817246,65.30713903982999]",0.0,14362224,coil_as_tip,thesis_trusted,True,
323,repeat,True,ok,T10,T10,10,"[-5.6568542494923815,-5.656854249492379,5.6568542494923815,5.656854249492379]","[-369,-369,369,369]","{""5"":1756,""6"":2047,""7"":2863,""8"":2212}","{""5"":1948,""6"":2239,""7"":2678,""8"":2028}","{""5"":1790,""6"":2082,""7"":2862,""8"":2213}","[-34.39,16.01,-229.75]","[24.448122045298618,25.667437762594513,55.315968839227594]",0.0,14363976,coil_as_tip,thesis_trusted,True,
324,approach,True,ok,T08,T08,8,"[-2.8284271247461894,2.8284271247461907,2.8284271247461894,-2.8284271247461907]","[-184,184,184,-184]","{""5"":1941,""6"":2600,""7"":2678,""8"":1659}","{""5"":1790,""6"":2082,""7"":2862,""8"":2213}","{""5"":1949,""6"":2601,""7"":2679,""8"":1681}","[-45.12,55.74,-222.02]","[14.004139987749312,-13.419987712799127,66.10740565214256]",0.0,14365720,coil_as_tip,thesis_trusted,True,
325,repeat,True,ok,T10,T10,10,"[-5.6568542494923815,-5.656854249492379,5.6568542494923815,5.656854249492379]","[-369,-369,369,369]","{""5"":1756,""6"":2047,""7"":2863,""8"":2212}","{""5"":1949,""6"":2601,""7"":2679,""8"":1681}","{""5"":1788,""6"":2086,""7"":2862,""8"":2213}","[-34.75,16.740000000000002,-229.99]","[24.636593972900073,24.92394652748402,55.67901031870352]",0.03652319899993017,14367448,coil_as_tip,thesis_trusted,True,
326,approach,True,ok,T07,T07,7,"[0.0,4.0,0.0,-4.0]","[0,261,0,-261]","{""5"":2125,""6"":2677,""7"":2494,""8"":1582}","{""5"":1788,""6"":2086,""7"":2862,""8"":2213}","{""5"":2126,""6"":2678,""7"":2497,""8"":1612}","[-44.58,63.940000000000005,-211.33]","[2.788119938716136,-20.881918747021587,65.53453612057895]",0.0,14369184,coil_as_tip,thesis_trusted,True,
327,repeat,True,ok,T10,T10,10,"[-5.6568542494923815,-5.656854249492379,5.6568542494923815,5.656854249492379]","[-369,-369,369,369]","{""5"":1756,""6"":2047,""7"":2863,""8"":2212}","{""5"":2126,""6"":2678,""7"":2497,""8"":1612}","{""5"":1788,""6"":2085,""7"":2862,""8"":2213}","[-34.72,16.94,-230.06]","[24.69308843956793,24.719596246484024,55.64986691651475]",0.0,14370936,coil_as_tip,thesis_trusted,True,
328,approach,True,ok,T11,T11,11,"[0.0,-8.0,0.0,8.0]","[0,-522,0,522]","{""5"":2125,""6"":1894,""7"":2494,""8"":2365}","{""5"":1788,""6"":2085,""7"":2862,""8"":2213}","{""5"":2126,""6"":1958,""7"":2497,""8"":2365}","[-32.07,4.74,-209.35]","[4.866203965538489,38.28083733658393,52.86526781616347]",0.037439936997543555,14372672,coil_as_tip,thesis_trusted,True,
329,repeat,True,ok,T10,T10,10,"[-5.6568542494923815,-5.656854249492379,5.6568542494923815,5.656854249492379]","[-369,-369,369,369]","{""5"":1756,""6"":2047,""7"":2863,""8"":2212}","{""5"":2126,""6"":1958,""7"":2497,""8"":2365}","{""5"":1791,""6"":2058,""7"":2862,""8"":2213}","[-33.75,14.82,-229.4]","[24.182282268728585,26.87649774033797,54.671218357713876]",0.0,14374440,coil_as_tip,thesis_trusted,True,
330,approach,True,ok,T04,T04,4,"[2.82842712474619,-2.8284271247461903,-2.82842712474619,2.8284271247461903]","[184,-184,-184,184]","{""5"":2309,""6"":2232,""7"":2310,""8"":2027}","{""5"":1791,""6"":2058,""7"":2862,""8"":2213}","{""5"":2309,""6"":2239,""7"":2335,""8"":2028}","[-45.12,28.07,-192.78]","[-13.302551677617572,16.15879228835292,65.89092485384575]",0.0,14376200,coil_as_tip,thesis_trusted,True,
331,repeat,True,ok,T10,T10,10,"[-5.6568542494923815,-5.656854249492379,5.6568542494923815,5.656854249492379]","[-369,-369,369,369]","{""5"":1756,""6"":2047,""7"":2863,""8"":2212}","{""5"":2309,""6"":2239,""7"":2335,""8"":2028}","{""5"":1793,""6"":2077,""7"":2862,""8"":2212}","[-34.61,15.72,-229.21]","[23.92785610130659,25.993821700153077,55.53252569741003]",0.0,14377944,coil_as_tip,thesis_trusted,True,
332,approach,True,ok,T00,T00,0,"[0.0,0.0,0.0,0.0]","[0,0,0,0]","{""5"":2125,""6"":2416,""7"":2494,""8"":1843}","{""5"":1793,""6"":2077,""7"":2862,""8"":2212}","{""5"":2127,""6"":2418,""7"":2500,""8"":1850}","[-49.36,41.730000000000004,-207.65]","[0.5915405623175047,1.539263169632271,70.23990969804277]",0.0,14379680,coil_as_tip,thesis_trusted,True,
333,repeat,True,ok,T10,T10,10,"[-5.6568542494923815,-5.656854249492379,5.6568542494923815,5.656854249492379]","[-369,-369,369,369]","{""5"":1756,""6"":2047,""7"":2863,""8"":2212}","{""5"":2127,""6"":2418,""7"":2500,""8"":1850}","{""5"":1790,""6"":2082,""7"":2862,""8"":2213}","[-34.52,16.04,-229.82]","[24.51531018493995,25.633157114324725,55.44639349581421]",0.03842604400415439,14381400,coil_as_tip,thesis_trusted,True,
334,approach,True,ok,T13,T13,13,"[8.0,0.0,-8.0,0.0]","[522,0,-522,0]","{""5"":2647,""6"":2416,""7"":1972,""8"":1843}","{""5"":1790,""6"":2082,""7"":2862,""8"":2213}","{""5"":2647,""6"":2417,""7"":2038,""8"":1844}","[-31.82,43.32,-168.41]","[-38.58113833753637,2.5490176587533426,52.50748392826598]",0.0,14383160,coil_as_tip,thesis_trusted,True,
335,repeat,True,ok,T10,T10,10,"[-5.6568542494923815,-5.656854249492379,5.6568542494923815,5.656854249492379]","[-369,-369,369,369]","{""5"":1756,""6"":2047,""7"":2863,""8"":2212}","{""5"":2647,""6"":2417,""7"":2038,""8"":1844}","{""5"":1793,""6"":2079,""7"":2862,""8"":2213}","[-34.81,15.790000000000001,-228.61]","[23.323541705485923,25.965015769732624,55.72969143828941]",0.037874287998420186,14384904,coil_as_tip,thesis_trusted,True,
336,approach,True,ok,T05,T05,5,"[4.0,0.0,-4.0,0.0]","[261,0,-261,0]","{""5"":2386,""6"":2416,""7"":2233,""8"":1843}","{""5"":1793,""6"":2079,""7"":2862,""8"":2213}","{""5"":2387,""6"":2417,""7"":2263,""8"":1846}","[-44.45,42.15,-185.3]","[-21.711904712669877,2.6134239983680487,65.21900267045768]",0.0,14386648,coil_as_tip,thesis_trusted,True,
337,repeat,True,ok,T10,T10,10,"[-5.6568542494923815,-5.656854249492379,5.6568542494923815,5.656854249492379]","[-369,-369,369,369]","{""5"":1756,""6"":2047,""7"":2863,""8"":2212}","{""5"":2387,""6"":2417,""7"":2263,""8"":1846}","{""5"":1791,""6"":2079,""7"":2862,""8"":2213}","[-34.660000000000004,15.57,-228.83]","[23.55860207465895,26.169248935226037,55.580240988451415]",0.03940663299727021,14388392,coil_as_tip,thesis_trusted,True,
338,approach,True,ok,T12,T12,12,"[5.6568542494923735,-5.656854249492387,-5.6568542494923735,5.656854249492387]","[369,-369,-369,369]","{""5"":2494,""6"":2047,""7"":2125,""8"":2212}","{""5"":1791,""6"":2079,""7"":2862,""8"":2213}","{""5"":2495,""6"":2078,""7"":2169,""8"":2213}","[-35.02,19.1,-181.19]","[-24.212186124841196,25.861071119981947,55.71032262699909]",0.0,14390128,coil_as_tip,thesis_trusted,True,
339,repeat,True,ok,T10,T10,10,"[-5.6568542494923815,-5.656854249492379,5.6568542494923815,5.656854249492379]","[-369,-369,369,369]","{""5"":1756,""6"":2047,""7"":2863,""8"":2212}","{""5"":2495,""6"":2078,""7"":2169,""8"":2213}","{""5"":1793,""6"":2077,""7"":2862,""8"":2213}","[-34.82,15.82,-228.97]","[23.680645771303347,25.910835120353486,55.74157181747174]",0.03905450500315055,14391864,coil_as_tip,thesis_trusted,True,
340,approach,True,ok,T16,T16,16,"[-5.656854249492373,5.656854249492388,5.656854249492373,-5.656854249492388]","[-369,369,369,-369]","{""5"":1756,""6"":2785,""7"":2863,""8"":1474}","{""5"":1793,""6"":2077,""7"":2862,""8"":2213}","{""5"":1787,""6"":2785,""7"":2864,""8"":1517}","[-35.33,67.2,-231.99]","[23.225626529458765,-25.55419125841793,56.3964896153022]",0.0,14393616,coil_as_tip,thesis_trusted,True,
341,repeat,True,ok,T10,T10,10,"[-5.6568542494923815,-5.656854249492379,5.6568542494923815,5.656854249492379]","[-369,-369,369,369]","{""5"":1756,""6"":2047,""7"":2863,""8"":2212}","{""5"":1786,""6"":2785,""7"":2864,""8"":1517}","{""5"":1786,""6"":2085,""7"":2862,""8"":2213}","[-34.88,16.85,-229.83]","[24.46891251571597,24.82535905092864,55.80848401635311]",0.037725381000200287,14395336,coil_as_tip,thesis_trusted,True,
342,approach,True,ok,T01,T01,1,"[-4.0,0.0,4.0,0.0]","[-261,0,261,0]","{""5"":1864,""6"":2416,""7"":2755,""8"":1843}","{""5"":1786,""6"":2085,""7"":2862,""8"":2213}","{""5"":1874,""6"":2417,""7"":2756,""8"":1847}","[-44.15,39.7,-228.66]","[21.7155437630999,2.1328706913662856,65.13019161545985]",0.0,14397104,coil_as_tip,thesis_trusted,True,
343,repeat,True,ok,T10,T10,10,"[-5.6568542494923815,-5.656854249492379,5.6568542494923815,5.656854249492379]","[-369,-369,369,369]","{""5"":1756,""6"":2047,""7"":2863,""8"":2212}","{""5"":1874,""6"":2417,""7"":2756,""8"":1847}","{""5"":1787,""6"":2085,""7"":2862,""8"":2213}","[-34.74,16.67,-229.82]","[24.471753021284115,25.00522274690001,55.66798140997288]",0.03805478700087406,14398824,coil_as_tip,thesis_trusted,True,
344,approach,True,ok,T15,T15,15,"[0.0,8.0,0.0,-8.0]","[0,522,0,-522]","{""5"":2125,""6"":2938,""7"":2494,""8"":1321}","{""5"":1787,""6"":2085,""7"":2862,""8"":2213}","{""5"":2126,""6"":2939,""7"":2495,""8"":1389}","[-32.42,81.27,-212.13]","[2.4761097535627528,-38.26110362700031,53.42251388843792]",0.03837569300230825,14400568,coil_as_tip,thesis_trusted,True,
345,repeat,True,ok,T10,T10,10,"[-5.6568542494923815,-5.656854249492379,5.6568542494923815,5.656854249492379]","[-369,-369,369,369]","{""5"":1756,""6"":2047,""7"":2863,""8"":2212}","{""5"":2126,""6"":2939,""7"":2495,""8"":1389}","{""5"":1787,""6"":2087,""7"":2862,""8"":2213}","[-34.96,17.09,-230.07]","[24.691788326491462,24.569949968424673,55.89029216720397]",0.0,14402304,coil_as_tip,thesis_trusted,True,
346,approach,True,ok,T14,T14,14,"[5.656854249492377,5.656854249492383,-5.656854249492377,-5.656854249492383]","[369,369,-369,-369]","{""5"":2494,""6"":2785,""7"":2125,""8"":1474}","{""5"":1787,""6"":2087,""7"":2862,""8"":2213}","{""5"":2495,""6"":2785,""7"":2165,""8"":1512}","[-34.84,69.59,-183.95000000000002]","[-24.863244949253755,-24.70042342555398,55.67169972061914]",0.03585755600215634,14404048,coil_as_tip,thesis_trusted,True,
347,repeat,True,ok,T10,T10,10,"[-5.6568542494923815,-5.656854249492379,5.6568542494923815,5.656854249492379]","[-369,-369,369,369]","{""5"":1756,""6"":2047,""7"":2863,""8"":2212}","{""5"":2495,""6"":2785,""7"":2165,""8"":1512}","{""5"":1789,""6"":2084,""7"":2862,""8"":2213}","[-34.99,16.9,-229.82]","[24.455031390046457,24.776461881502627,55.91855845104287]",0.0,14405768,coil_as_tip,thesis_trusted,True,
348,approach,True,ok,T09,T09,9,"[-8.0,0.0,8.0,0.0]","[-522,0,522,0]","{""5"":1603,""6"":2416,""7"":3016,""8"":1843}","{""5"":1789,""6"":2084,""7"":2862,""8"":2213}","{""5"":1663,""6"":2417,""7"":3015,""8"":1844}","[-32.45,38.14,-243.82]","[37.002592264938954,2.633511151634508,53.50243571709483]",0.0,14407488,coil_as_tip,thesis_trusted,True,
349,repeat,True,ok,T10,T10,10,"[-5.6568542494923815,-5.656854249492379,5.6568542494923815,5.656854249492379]","[-369,-369,369,369]","{""5"":1756,""6"":2047,""7"":2863,""8"":2212}","{""5"":1663,""6"":2417,""7"":3015,""8"":1844}","{""5"":1767,""6"":2085,""7"":2864,""8"":2213}","[-33.95,16.93,-231.24]","[25.874781988866374,24.64779575130371,54.88576938056906]",0.0,14409208,coil_as_tip,thesis_trusted,True,
350,approach,True,ok,T06,T06,6,"[2.8284271247461907,2.82842712474619,-2.8284271247461907,-2.82842712474619]","[184,184,-184,-184]","{""5"":2309,""6"":2600,""7"":2310,""8"":1659}","{""5"":1767,""6"":2085,""7"":2864,""8"":2213}","{""5"":2309,""6"":2601,""7"":2331,""8"":1678}","[-45.28,57.58,-194.69]","[-13.388181501413243,-13.412255636902046,66.13503985860928]",0.0,14410952,coil_as_tip,thesis_trusted,True,
351,repeat,True,ok,T10,T10,10,"[-5.6568542494923815,-5.656854249492379,5.6568542494923815,5.656854249492379]","[-369,-369,369,369]","{""5"":1756,""6"":2047,""7"":2863,""8"":2212}","{""5"":2309,""6"":2601,""7"":2331,""8"":1678}","{""5"":1789,""6"":2083,""7"":2862,""8"":2213}","[-34.77,16.67,-229.85]","[24.501539404651368,25.003285360232567,55.69813133366764]",0.03653607200249098,14412672,coil_as_tip,thesis_trusted,True,
352,approach,True,ok,T01,T01,1,"[-4.0,0.0,4.0,0.0]","[-261,0,261,0]","{""5"":1864,""6"":2416,""7"":2755,""8"":1843}","{""5"":1789,""6"":2083,""7"":2862,""8"":2213}","{""5"":1874,""6"":2417,""7"":2756,""8"":1846}","[-44.11,39.34,-228.8]","[21.87969897099967,2.4824940236824347,65.08998473520866]",0.0389992650016211,14414408,coil_as_tip,thesis_trusted,True,
353,repeat,True,ok,T11,T11,11,"[0.0,-8.0,0.0,8.0]","[0,-522,0,522]","{""5"":2125,""6"":1894,""7"":2494,""8"":2365}","{""5"":1874,""6"":2417,""7"":2756,""8"":1846}","{""5"":2126,""6"":1958,""7"":2495,""8"":2365}","[-31.92,4.5,-208.58]","[4.114879590068398,38.571788431828395,52.71080376532805]",0.0,14416136,coil_as_tip,thesis_trusted,True,
354,approach,True,ok,T07,T07,7,"[0.0,4.0,0.0,-4.0]","[0,261,0,-261]","{""5"":2125,""6"":2677,""7"":2494,""8"":1582}","{""5"":2126,""6"":1958,""7"":2495,""8"":2365}","{""5"":2126,""6"":2678,""7"":2495,""8"":1613}","[-44.76,63.76,-210.44]","[1.9114288142484668,-20.641795003141254,65.70961684454522]",0.0,14417888,coil_as_tip,thesis_trusted,True,
355,repeat,True,ok,T11,T11,11,"[0.0,-8.0,0.0,8.0]","[0,-522,0,522]","{""5"":2125,""6"":1894,""7"":2494,""8"":2365}","{""5"":2126,""6"":2678,""7"":2495,""8"":1613}","{""5"":2126,""6"":1959,""7"":2494,""8"":2365}","[-32.1,4.67,-207.5]","[3.025015482990284,38.47552359860625,52.885816079145]",0.03640401599841425,14419616,coil_as_tip,thesis_trusted,True,
356,approach,True,ok,T15,T15,15,"[0.0,8.0,0.0,-8.0]","[0,522,0,-522]","{""5"":2125,""6"":2938,""7"":2494,""8"":1321}","{""5"":2126,""6"":1959,""7"":2494,""8"":2365}","{""5"":2126,""6"":2939,""7"":2495,""8"":1389}","[-32.5,81.3,-210.9]","[1.246515324446193,-38.20785789572534,53.496422155813704]",0.0,14421376,coil_as_tip,thesis_trusted,True,
357,repeat,True,ok,T11,T11,11,"[0.0,-8.0,0.0,8.0]","[0,-522,0,522]","{""5"":2125,""6"":1894,""7"":2494,""8"":2365}","{""5"":2126,""6"":2939,""7"":2495,""8"":1389}","{""5"":2126,""6"":1959,""7"":2494,""8"":2365}","[-32.24,4.74,-207.11]","[2.6305102572745795,38.43238420273931,53.024035540174324]",0.03954937399976188,14423112,coil_as_tip,thesis_trusted,True,
358,approach,True,ok,T05,T05,5,"[4.0,0.0,-4.0,0.0]","[261,0,-261,0]","{""5"":2386,""6"":2416,""7"":2233,""8"":1843}","{""5"":2125,""6"":1959,""7"":2494,""8"":2365}","{""5"":2387,""6"":2417,""7"":2262,""8"":1848}","[-44.56,42.0,-185.16]","[-21.841998014690006,2.77283763425185,65.3279201872482]",0.0,14424832,coil_as_tip,thesis_trusted,True,
359,repeat,True,ok,T11,T11,11,"[0.0,-8.0,0.0,8.0]","[0,-522,0,522]","{""5"":2125,""6"":1894,""7"":2494,""8"":2365}","{""5"":2387,""6"":2417,""7"":2263,""8"":1848}","{""5"":2126,""6"":1958,""7"":2493,""8"":2365}","[-32.1,4.68,-204.52]","[0.05116255709990014,38.66651141063936,52.8709019640899]",0.0,14426560,coil_as_tip,thesis_trusted,True,
360,approach,True,ok,T02,T02,2,"[-2.8284271247461903,-2.82842712474619,2.8284271247461903,2.82842712474619]","[-184,-184,184,184]","{""5"":1941,""6"":2232,""7"":2678,""8"":2027}","{""5"":2126,""6"":1958,""7"":2493,""8"":2365}","{""5"":1962,""6"":2239,""7"":2677,""8"":2028}","[-44.74,26.16,-219.96]","[13.945897678110299,16.230387416619095,65.64236531180023]",0.0,14428312,coil_as_tip,thesis_trusted,True,
361,repeat,True,ok,T11,T11,11,"[0.0,-8.0,0.0,8.0]","[0,-522,0,522]","{""5"":2125,""6"":1894,""7"":2494,""8"":2365}","{""5"":1962,""6"":2239,""7"":2677,""8"":2028}","{""5"":2126,""6"":1957,""7"":2495,""8"":2365}","[-32.0,4.47,-207.09]","[2.629927404189118,38.70243118532851,52.78325703723697]",0.0,14430072,coil_as_tip,thesis_trusted,True,
362,approach,True,ok,T09,T09,9,"[-8.0,0.0,8.0,0.0]","[-522,0,522,0]","{""5"":1603,""6"":2416,""7"":3016,""8"":1843}","{""5"":2126,""6"":1957,""7"":2495,""8"":2365}","{""5"":1663,""6"":2417,""7"":3015,""8"":1845}","[-32.34,37.15,-243.78]","[37.0299919638604,3.62363643210427,53.38973618083275]",0.03745703100139508,14431816,coil_as_tip,thesis_trusted,True,
363,repeat,True,ok,T11,T11,11,"[0.0,-8.0,0.0,8.0]","[0,-522,0,522]","{""5"":2125,""6"":1894,""7"":2494,""8"":2365}","{""5"":1663,""6"":2417,""7"":3015,""8"":1845}","{""5"":2126,""6"":1957,""7"":2495,""8"":2365}","[-31.82,4.46,-208.79]","[4.327580064974285,38.597249406853905,52.61175707570367]",0.0,14433552,coil_as_tip,thesis_trusted,True,
364,approach,True,ok,T04,T04,4,"[2.82842712474619,-2.8284271247461903,-2.82842712474619,2.8284271247461903]","[184,-184,-184,184]","{""5"":2309,""6"":2232,""7"":2310,""8"":2027}","{""5"":2126,""6"":1957,""7"":2495,""8"":2365}","{""5"":2309,""6"":2239,""7"":2334,""8"":2028}","[-44.85,27.54,-192.17000000000002]","[-13.874101696304763,16.727948931784645,65.616532267619]",0.0,14435304,coil_as_tip,thesis_trusted,True,
365,repeat,True,ok,T11,T11,11,"[0.0,-8.0,0.0,8.0]","[0,-522,0,522]","{""5"":2125,""6"":1894,""7"":2494,""8"":2365}","{""5"":2309,""6"":2239,""7"":2334,""8"":2028}","{""5"":2126,""6"":1957,""7"":2493,""8"":2365}","[-31.84,4.44,-205.26]","[0.8069130636533828,38.855316824309455,52.61400959827701]",0.0,14437048,coil_as_tip,thesis_trusted,True,
366,approach,True,ok,T06,T06,6,"[2.8284271247461907,2.82842712474619,-2.8284271247461907,-2.82842712474619]","[184,184,-184,-184]","{""5"":2309,""6"":2600,""7"":2310,""8"":1659}","{""5"":2126,""6"":1956,""7"":2493,""8"":2365}","{""5"":2309,""6"":2601,""7"":2330,""8"":1683}","[-45.33,56.65,-193.93]","[-14.083953734425961,-12.432980877140153,66.17887984790842]",0.0,14438784,coil_as_tip,thesis_trusted,True,
367,repeat,True,ok,T11,T11,11,"[0.0,-8.0,0.0,8.0]","[0,-522,0,522]","{""5"":2125,""6"":1894,""7"":2494,""8"":2365}","{""5"":2309,""6"":2601,""7"":2330,""8"":1682}","{""5"":2126,""6"":1958,""7"":2493,""8"":2365}","[-32.13,4.73,-205.23000000000002]","[0.7560197775310087,38.56883026852982,52.90458717274755]",0.037027107005997095,14440528,coil_as_tip,thesis_trusted,False,stale_telemetry
368,approach,True,ok,T08,T08,8,"[-2.8284271247461894,2.8284271247461907,2.8284271247461894,-2.8284271247461907]","[-184,184,184,-184]","{""5"":1941,""6"":2600,""7"":2678,""8"":1659}","{""5"":2126,""6"":1958,""7"":2493,""8"":2365}","{""5"":1958,""6"":2601,""7"":2678,""8"":1682}","[-45.45,55.43,-220.99]","[12.995813280228901,-13.040290385954393,66.43145378265416]",0.03789275100280065,14442272,coil_as_tip,thesis_trusted,True,
369,repeat,True,ok,T11,T11,11,"[0.0,-8.0,0.0,8.0]","[0,-522,0,522]","{""5"":2125,""6"":1894,""7"":2494,""8"":2365}","{""5"":1958,""6"":2601,""7"":2678,""8"":1682}","{""5"":2126,""6"":1958,""7"":2495,""8"":2365}","[-32.07,4.72,-207.05]","[2.5728179717852413,38.45589894338542,52.85368690599324]",0.0,14444024,coil_as_tip,thesis_trusted,True,
370,approach,True,ok,T14,T14,14,"[5.656854249492377,5.656854249492383,-5.656854249492377,-5.656854249492383]","[369,369,-369,-369]","{""5"":2494,""6"":2785,""7"":2125,""8"":1474}","{""5"":2126,""6"":1958,""7"":2495,""8"":2365}","{""5"":2495,""6"":2785,""7"":2162,""8"":1516}","[-34.800000000000004,69.3,-183.17000000000002]","[-25.621705331551738,-24.35859756197243,55.62705750437594]",0.0,14445760,coil_as_tip,thesis_trusted,True,
371,repeat,True,ok,T11,T11,11,"[0.0,-8.0,0.0,8.0]","[0,-522,0,522]","{""5"":2125,""6"":1894,""7"":2494,""8"":2365}","{""5"":2495,""6"":2785,""7"":2162,""8"":1516}","{""5"":2126,""6"":1958,""7"":2494,""8"":2365}","[-32.24,5.0,-204.49]","[-0.0010295499338610625,38.349664518656155,53.011557682082326]",0.038359231999493204,14447520,coil_as_tip,thesis_trusted,True,
372,approach,True,ok,T10,T10,10,"[-5.6568542494923815,-5.656854249492379,5.6568542494923815,5.656854249492379]","[-369,-369,369,369]","{""5"":1756,""6"":2047,""7"":2863,""8"":2212}","{""5"":2126,""6"":1958,""7"":2494,""8"":2365}","{""5"":1793,""6"":2059,""7"":2862,""8"":2213}","[-33.83,14.83,-228.89000000000001]","[23.672388694952332,26.90114255574854,54.74868561850863]",0.03640853600518312,14449248,coil_as_tip,thesis_trusted,True,
373,repeat,True,ok,T11,T11,11,"[0.0,-8.0,0.0,8.0]","[0,-522,0,522]","{""5"":2125,""6"":1894,""7"":2494,""8"":2365}","{""5"":1793,""6"":2059,""7"":2862,""8"":2213}","{""5"":2126,""6"":1957,""7"":2495,""8"":2365}","[-31.92,4.68,-208.36]","[3.8832419831731784,38.40703528656558,52.710155538619645]",0.0,14451008,coil_as_tip,thesis_trusted,True,
374,approach,True,ok,T00,T00,0,"[0.0,0.0,0.0,0.0]","[0,0,0,0]","{""5"":2125,""6"":2416,""7"":2494,""8"":1843}","{""5"":2126,""6"":1957,""7"":2495,""8"":2365}","{""5"":2128,""6"":2417,""7"":2498,""8"":1851}","[-49.27,41.17,-206.94]","[-0.07862666612496128,2.1456096923837507,70.14493717428472]",0.0,14452752,coil_as_tip,thesis_trusted,True,
375,repeat,True,ok,T11,T11,11,"[0.0,-8.0,0.0,8.0]","[0,-522,0,522]","{""5"":2125,""6"":1894,""7"":2494,""8"":2365}","{""5"":2127,""6"":2417,""7"":2498,""8"":1851}","{""5"":2126,""6"":1958,""7"":2494,""8"":2365}","[-32.04,4.59,-206.91]","[2.4420520464218782,38.594958020500286,52.8226571487297]",0.03691079299460398,14454480,coil_as_tip,thesis_trusted,True,
376,approach,True,ok,T13,T13,13,"[8.0,0.0,-8.0,0.0]","[522,0,-522,0]","{""5"":2647,""6"":2416,""7"":1972,""8"":1843}","{""5"":2126,""6"":1958,""7"":2494,""8"":2365}","{""5"":2647,""6"":2417,""7"":2037,""8"":1845}","[-31.61,42.04,-167.96]","[-38.942756110458646,3.8558452699321393,52.291998010008065]",0.0,14456224,coil_as_tip,thesis_trusted,True,
377,repeat,True,ok,T11,T11,11,"[0.0,-8.0,0.0,8.0]","[0,-522,0,522]","{""5"":2125,""6"":1894,""7"":2494,""8"":2365}","{""5"":2647,""6"":2417,""7"":2037,""8"":1845}","{""5"":2126,""6"":1956,""7"":2494,""8"":2365}","[-31.84,4.75,-201.93]","[-2.5363740257759844,38.77059209554766,52.59809865892638]",0.0,14457968,coil_as_tip,thesis_trusted,True,
378,approach,True,ok,T12,T12,12,"[5.6568542494923735,-5.656854249492387,-5.6568542494923735,5.656854249492387]","[369,-369,-369,369]","{""5"":2494,""6"":2047,""7"":2125,""8"":2212}","{""5"":2126,""6"":1956,""7"":2494,""8"":2365}","{""5"":2495,""6"":2059,""7"":2167,""8"":2213}","[-33.730000000000004,18.28,-180.43]","[-24.908903870225288,26.726766537990994,54.41446159027291]",0.0,14459712,coil_as_tip,thesis_trusted,True,
379,repeat,True,ok,T11,T11,11,"[0.0,-8.0,0.0,8.0]","[0,-522,0,522]","{""5"":2125,""6"":1894,""7"":2494,""8"":2365}","{""5"":2495,""6"":2059,""7"":2167,""8"":2213}","{""5"":2126,""6"":1955,""7"":2493,""8"":2364}","[-31.77,4.8,-201.22]","[-3.247783107784386,38.768386965260866,52.52466668063097]",0.0,14461440,coil_as_tip,thesis_trusted,True,
380,approach,True,ok,T03,T03,3,"[0.0,-4.0,0.0,4.0]","[0,-261,0,261]","{""5"":2125,""6"":2155,""7"":2494,""8"":2104}","{""5"":2126,""6"":1955,""7"":2494,""8"":2364}","{""5"":2127,""6"":2166,""7"":2494,""8"":2104}","[-43.81,19.52,-205.1]","[-0.42771683435560703,23.854713316056547,64.62111097217789]",0.038029047995223664,14463176,coil_as_tip,thesis_trusted,True,
381,repeat,True,ok,T11,T11,11,"[0.0,-8.0,0.0,8.0]","[0,-522,0,522]","{""5"":2125,""6"":1894,""7"":2494,""8"":2365}","{""5"":2127,""6"":2166,""7"":2494,""8"":2104}","{""5"":2126,""6"":1956,""7"":2493,""8"":2364}","[-31.86,4.5200000000000005,-203.47]","[-0.9844821302101536,38.89627032074407,52.62523771175756]",0.0,14464944,coil_as_tip,thesis_trusted,True,
382,approach,True,ok,T16,T16,16,"[-5.656854249492373,5.656854249492388,5.656854249492373,-5.656854249492388]","[-369,369,369,-369]","{""5"":1756,""6"":2785,""7"":2863,""8"":1474}","{""5"":2126,""6"":1956,""7"":2493,""8"":2364}","{""5"":1787,""6"":2785,""7"":2863,""8"":1518}","[-35.36,66.98,-232.03]","[23.280229283049408,-25.337304761220693,56.426133950913446]",0.0,14466680,coil_as_tip,thesis_trusted,True,
383,repeat,True,ok,T11,T11,11,"[0.0,-8.0,0.0,8.0]","[0,-522,0,522]","{""5"":2125,""6"":1894,""7"":2494,""8"":2365}","{""5"":1787,""6"":2785,""7"":2863,""8"":1518}","{""5"":2126,""6"":1957,""7"":2494,""8"":2365}","[-32.18,4.7,-206.93]","[2.4539102328147067,38.484260301748954,52.96303306717273]",0.0,14468416,coil_as_tip,thesis_trusted,True,
384,approach,True,ok,T10,T10,10,"[-5.6568542494923815,-5.656854249492379,5.6568542494923815,5.656854249492379]","[-369,-369,369,369]","{""5"":1756,""6"":2047,""7"":2863,""8"":2212}","{""5"":2126,""6"":1957,""7"":2494,""8"":2365}","{""5"":1793,""6"":2058,""7"":2862,""8"":2213}","[-33.87,14.9,-229.14000000000001]","[23.916901573794718,26.81455705359447,54.79011511158946]",0.0,14470168,coil_as_tip,thesis_trusted,True,
385,repeat,True,ok,T12,T12,12,"[5.6568542494923735,-5.656854249492387,-5.6568542494923735,5.656854249492387]","[369,-369,-369,369]","{""5"":2494,""6"":2047,""7"":2125,""8"":2212}","{""5"":1793,""6"":2059,""7"":2862,""8"":2213}","{""5"":2495,""6"":2060,""7"":2170,""8"":2213}","[-34.17,18.06,-181.18]","[-24.147907280793703,26.896944040976003,54.8576588469784]",0.03723323700251058,14471904,coil_as_tip,thesis_trusted,True,
386,approach,True,ok,T14,T14,14,"[5.656854249492377,5.656854249492383,-5.656854249492377,-5.656854249492383]","[369,369,-369,-369]","{""5"":2494,""6"":2785,""7"":2125,""8"":1474}","{""5"":2495,""6"":2060,""7"":2170,""8"":2213}","{""5"":2495,""6"":2785,""7"":2159,""8"":1517}","[-34.910000000000004,68.85000000000001,-183.09]","[-25.671700624416047,-23.903914388084104,55.735518013660375]",0.0,14473648,coil_as_tip,thesis_trusted,True,
387,repeat,True,ok,T12,T12,12,"[5.6568542494923735,-5.656854249492387,-5.6568542494923735,5.656854249492387]","[369,-369,-369,369]","{""5"":2494,""6"":2047,""7"":2125,""8"":2212}","{""5"":2495,""6"":2785,""7"":2159,""8"":1517}","{""5"":2494,""6"":2085,""7"":2159,""8"":2213}","[-34.96,20.830000000000002,-179.89000000000001]","[-25.625610935242833,24.22251439256683,55.64817637704187]",0.0,14475392,coil_as_tip,thesis_trusted,True,
388,approach,True,ok,T04,T04,4,"[2.82842712474619,-2.8284271247461903,-2.82842712474619,2.8284271247461903]","[184,-184,-184,184]","{""5"":2309,""6"":2232,""7"":2310,""8"":2027}","{""5"":2494,""6"":2085,""7"":2159,""8"":2213}","{""5"":2309,""6"":2239,""7"":2316,""8"":2028}","[-44.53,28.94,-190.33]","[-15.802775315990061,15.454312901434491,65.29084939898155]",0.0,14477136,coil_as_tip,thesis_trusted,True,
389,repeat,True,ok,T12,T12,12,"[5.6568542494923735,-5.656854249492387,-5.6568542494923735,5.656854249492387]","[369,-369,-369,369]","{""5"":2494,""6"":2047,""7"":2125,""8"":2212}","{""5"":2309,""6"":2239,""7"":2316,""8"":2028}","{""5"":2495,""6"":2083,""7"":2162,""8"":2213}","[-34.77,20.22,-179.95000000000002]","[-25.523685085672554,24.826533848129095,55.45693930299073]",0.0,14478864,coil_as_tip,thesis_trusted,True,
390,approach,True,ok,T13,T13,13,"[8.0,0.0,-8.0,0.0]","[522,0,-522,0]","{""5"":2647,""6"":2416,""7"":1972,""8"":1843}","{""5"":2495,""6"":2083,""7"":2162,""8"":2213}","{""5"":2646,""6"":2417,""7"":2036,""8"":1845}","[-31.51,41.71,-167.98]","[-38.900059857576906,4.1834580695390144,52.19126626961011]",0.0,14480608,coil_as_tip,thesis_trusted,True,
391,repeat,True,ok,T12,T12,12,"[5.6568542494923735,-5.656854249492387,-5.6568542494923735,5.656854249492387]","[369,-369,-369,369]","{""5"":2494,""6"":2047,""7"":2125,""8"":2212}","{""5"":2646,""6"":2417,""7"":2035,""8"":1845}","{""5"":2495,""6"":2083,""7"":2137,""8"":2213}","[-33.74,20.89,-178.32]","[-27.190169737164126,24.265041560212964,54.420476415592525]",0.0,14482344,coil_as_tip,thesis_trusted,True,
392,approach,True,ok,T16,T16,16,"[-5.656854249492373,5.656854249492388,5.656854249492373,-5.656854249492388]","[-369,369,369,-369]","{""5"":1756,""6"":2785,""7"":2863,""8"":1474}","{""5"":2495,""6"":2083,""7"":2137,""8"":2213}","{""5"":1790,""6"":2785,""7"":2862,""8"":1514}","[-35.51,67.51,-231.53]","[22.744899999856045,-25.83194831578419,56.574963761383295]",0.0,14484088,coil_as_tip,thesis_trusted,True,
393,repeat,True,ok,T12,T12,12,"[5.6568542494923735,-5.656854249492387,-5.6568542494923735,5.656854249492387]","[369,-369,-369,369]","{""5"":2494,""6"":2047,""7"":2125,""8"":2212}","{""5"":1790,""6"":2785,""7"":2862,""8"":1514}","{""5"":2494,""6"":2082,""7"":2163,""8"":2213}","[-35.01,20.25,-180.08]","[-25.397165750877065,24.788521344815955,55.697663019135966]",0.0,14485840,coil_as_tip,thesis_trusted,True,
394,approach,True,ok,T03,T03,3,"[0.0,-4.0,0.0,4.0]","[0,-261,0,261]","{""5"":2125,""6"":2155,""7"":2494,""8"":2104}","{""5"":2495,""6"":2082,""7"":2163,""8"":2213}","{""5"":2127,""6"":2165,""7"":2494,""8"":2104}","[-43.85,20.25,-202.59]","[-2.981403760893727,23.29576168776468,64.65037115772164]",0.0,14487560,coil_as_tip,thesis_trusted,True,
395,repeat,True,ok,T12,T12,12,"[5.6568542494923735,-5.656854249492387,-5.6568542494923735,5.656854249492387]","[369,-369,-369,369]","{""5"":2494,""6"":2047,""7"":2125,""8"":2212}","{""5"":2127,""6"":2165,""7"":2494,""8"":2104}","{""5"":2495,""6"":2081,""7"":2166,""8"":2212}","[-34.800000000000004,19.830000000000002,-180.19]","[-25.258073454614532,25.199545055241085,55.48715686105796]",0.0,14489304,coil_as_tip,thesis_trusted,True,
396,approach,True,ok,T15,T15,15,"[0.0,8.0,0.0,-8.0]","[0,522,0,-522]","{""5"":2125,""6"":2938,""7"":2494,""8"":1321}","{""5"":2495,""6"":2080,""7"":2166,""8"":2212}","{""5"":2126,""6"":2939,""7"":2494,""8"":1389}","[-32.54,81.25,-207.70000000000002]","[-1.94298018038387,-37.94205624369039,53.520252943551405]",0.0,14491048,coil_as_tip,thesis_trusted,True,
397,repeat,True,ok,T12,T12,12,"[5.6568542494923735,-5.656854249492387,-5.6568542494923735,5.656854249492387]","[369,-369,-369,369]","{""5"":2494,""6"":2047,""7"":2125,""8"":2212}","{""5"":2126,""6"":2939,""7"":2494,""8"":1389}","{""5"":2495,""6"":2085,""7"":2161,""8"":2213}","[-34.96,20.72,-179.98]","[-25.52839732557061,24.326194111179113,55.64834970611438]",0.0,14492776,coil_as_tip,thesis_trusted,True,
398,approach,True,ok,T01,T01,1,"[-4.0,0.0,4.0,0.0]","[-261,0,261,0]","{""5"":1864,""6"":2416,""7"":2755,""8"":1843}","{""5"":2495,""6"":2085,""7"":2161,""8"":2213}","{""5"":1894,""6"":2417,""7"":2754,""8"":1845}","[-45.19,40.31,-226.42000000000002]","[19.4345014844034,1.6782955154396646,66.16048649180853]",0.0,14494512,coil_as_tip,thesis_trusted,True,
399,repeat,True,ok,T12,T12,12,"[5.6568542494923735,-5.656854249492387,-5.6568542494923735,5.656854249492387]","[369,-369,-369,369]","{""5"":2494,""6"":2047,""7"":2125,""8"":2212}","{""5"":1894,""6"":2417,""7"":2754,""8"":1845}","{""5"":2495,""6"":2082,""7"":2166,""8"":2213}","[-35.06,19.830000000000002,-180.61]","[-24.840291058415545,25.17196430336385,55.74925831384321]",0.0,14496264,coil_as_tip,thesis_trusted,True,
400,approach,True,ok,T11,T11,11,"[0.0,-8.0,0.0,8.0]","[0,-522,0,522]","{""5"":2125,""6"":1894,""7"":2494,""8"":2365}","{""5"":2495,""6"":2082,""7"":2166,""8"":2213}","{""5"":2126,""6"":1957,""7"":2494,""8"":2365}","[-32.13,5.0200000000000005,-201.89000000000001]","[-2.595895396901909,38.50473430653477,52.88857558124632]",0.03813125200395007,14497968,coil_as_tip,thesis_trusted,True,
401,repeat,True,ok,T12,T12,12,"[5.6568542494923735,-5.656854249492387,-5.6568542494923735,5.656854249492387]","[369,-369,-369,369]","{""5"":2494,""6"":2047,""7"":2125,""8"":2212}","{""5"":2126,""6"":1957,""7"":2494,""8"":2364}","{""5"":2495,""6"":2059,""7"":2166,""8"":2213}","[-33.87,18.23,-180.55]","[-24.786482405967575,26.768960127519364,54.55493466987077]",0.0388803599998937,14499712,coil_as_tip,thesis_trusted,True,
402,approach,True,ok,T07,T07,7,"[0.0,4.0,0.0,-4.0]","[0,261,0,-261]","{""5"":2125,""6"":2677,""7"":2494,""8"":1582}","{""5"":2495,""6"":2059,""7"":2166,""8"":2213}","{""5"":2127,""6"":2678,""7"":2493,""8"":1613}","[-44.75,63.83,-206.21]","[-2.313561465109956,-20.426401535658627,65.67858793072857]",0.036447851998673286,14501440,coil_as_tip,thesis_trusted,True,
403,repeat,True,ok,T12,T12,12,"[5.6568542494923735,-5.656854249492387,-5.6568542494923735,5.656854249492387]","[369,-369,-369,369]","{""5"":2494,""6"":2047,""7"":2125,""8"":2212}","{""5"":2127,""6"":2678,""7"":2493,""8"":1613}","{""5"":2495,""6"":2084,""7"":2161,""8"":2213}","[-34.84,20.400000000000002,-179.86]","[-25.625958478746497,24.653213858690812,55.52694169102327]",0.0,14503184,coil_as_tip,thesis_trusted,True,
404,approach,True,ok,T08,T08,8,"[-2.8284271247461894,2.8284271247461907,2.8284271247461894,-2.8284271247461907]","[-184,184,184,-184]","{""5"":1941,""6"":2600,""7"":2678,""8"":1659}","{""5"":2495,""6"":2084,""7"":2161,""8"":2213}","{""5"":1960,""6"":2601,""7"":2677,""8"":1679}","[-45.59,55.9,-220.09]","[12.065495031783286,-13.448124192953316,66.56812690538804]",0.0,14504912,coil_as_tip,thesis_trusted,True,
405,repeat,True,ok,T12,T12,12,"[5.6568542494923735,-5.656854249492387,-5.6568542494923735,5.656854249492387]","[369,-369,-369,369]","{""5"":2494,""6"":2047,""7"":2125,""8"":2212}","{""5"":1960,""6"":2601,""7"":2677,""8"":1679}","{""5"":2495,""6"":2082,""7"":2163,""8"":2213}","[-34.87,20.21,-180.16]","[-25.31397443274068,24.82263491499186,55.557965242072115]",0.0,14506656,coil_as_tip,thesis_trusted,True,
406,approach,True,ok,T00,T00,0,"[0.0,0.0,0.0,0.0]","[0,0,0,0]","{""5"":2125,""6"":2416,""7"":2494,""8"":1843}","{""5"":2495,""6"":2082,""7"":2163,""8"":2213}","{""5"":2129,""6"":2417,""7"":2495,""8"":1848}","[-48.97,42.37,-205.71]","[-1.3853030416773606,1.030437572814762,69.84180685031635]",0.03645303600205807,14508368,coil_as_tip,thesis_trusted,True,
407,repeat,True,ok,T12,T12,12,"[5.6568542494923735,-5.656854249492387,-5.6568542494923735,5.656854249492387]","[369,-369,-369,369]","{""5"":2494,""6"":2047,""7"":2125,""8"":2212}","{""5"":2129,""6"":2418,""7"":2495,""8"":1848}","{""5"":2495,""6"":2082,""7"":2164,""8"":2213}","[-34.78,19.88,-180.25]","[-25.201486732772196,25.145555643758172,55.467584269025615]",0.03748564400302712,14510096,coil_as_tip,thesis_trusted,True,
408,approach,True,ok,T02,T02,2,"[-2.8284271247461903,-2.82842712474619,2.8284271247461903,2.82842712474619]","[-184,-184,184,184]","{""5"":1941,""6"":2232,""7"":2678,""8"":2027}","{""5"":2495,""6"":2082,""7"":2164,""8"":2213}","{""5"":1962,""6"":2239,""7"":2677,""8"":2028}","[-45.17,26.810000000000002,-218.13]","[12.074165984803045,15.706510314651233,66.06482625709927]",0.038002029999915976,14511832,coil_as_tip,thesis_trusted,True,
409,repeat,True,ok,T12,T12,12,"[5.6568542494923735,-5.656854249492387,-5.6568542494923735,5.656854249492387]","[369,-369,-369,369]","{""5"":2494,""6"":2047,""7"":2125,""8"":2212}","{""5"":1963,""6"":2239,""7"":2677,""8"":2028}","{""5"":2495,""6"":2079,""7"":2166,""8"":2213}","[-34.82,19.52,-180.61]","[-24.81822164642071,25.480571302630032,55.508479035129014]",0.03756308800075203,14513584,coil_as_tip,thesis_trusted,True,
410,approach,True,ok,T06,T06,6,"[2.8284271247461907,2.82842712474619,-2.8284271247461907,-2.82842712474619]","[184,184,-184,-184]","{""5"":2309,""6"":2600,""7"":2310,""8"":1659}","{""5"":2495,""6"":2079,""7"":2166,""8"":2213}","{""5"":2309,""6"":2601,""7"":2318,""8"":1682}","[-45.04,56.63,-192.44]","[-15.567792802494523,-12.3133729127738,65.88136420977555]",0.0378977149957791,14515336,coil_as_tip,thesis_trusted,True,
411,repeat,True,ok,T12,T12,12,"[5.6568542494923735,-5.656854249492387,-5.6568542494923735,5.656854249492387]","[369,-369,-369,369]","{""5"":2494,""6"":2047,""7"":2125,""8"":2212}","{""5"":2309,""6"":2601,""7"":2318,""8"":1682}","{""5"":2494,""6"":2083,""7"":2161,""8"":2213}","[-34.93,20.46,-179.95000000000002]","[-25.54064639994965,24.587538536030607,55.61754302216603]",0.0,14517096,coil_as_tip,thesis_trusted,True,
412,approach,True,ok,T05,T05,5,"[4.0,0.0,-4.0,0.0]","[261,0,-261,0]","{""5"":2386,""6"":2416,""7"":2233,""8"":1843}","{""5"":2495,""6"":2083,""7"":2161,""8"":2213}","{""5"":2387,""6"":2417,""7"":2243,""8"":1847}","[-43.74,41.42,-183.4]","[-23.5548856953329,3.4678617549825574,64.49764477203692]",0.03659511000296334,14518824,coil_as_tip,thesis_trusted,True,
413,repeat,True,ok,T12,T12,12,"[5.6568542494923735,-5.656854249492387,-5.6568542494923735,5.656854249492387]","[369,-369,-369,369]","{""5"":2494,""6"":2047,""7"":2125,""8"":2212}","{""5"":2387,""6"":2417,""7"":2243,""8"":1847}","{""5"":2495,""6"":2083,""7"":2159,""8"":2213}","[-34.730000000000004,20.26,-179.78]","[-25.69580072506605,24.797975185030758,55.41618872706591]",0.03720794100081548,14520552,coil_as_tip,thesis_trusted,True,
414,approach,True,ok,T09,T09,9,"[-8.0,0.0,8.0,0.0]","[-522,0,522,0]","{""5"":1603,""6"":2416,""7"":3016,""8"":1843}","{""5"":2495,""6"":2084,""7"":2159,""8"":2213}","{""5"":1668,""6"":2417,""7"":3016,""8"":1844}","[-32.96,39.01,-243.14000000000001]","[36.26300230441237,1.8128108462298655,54.01121631715441]",0.0,14522296,coil_as_tip,thesis_trusted,True,
415,repeat,True,ok,T12,T12,12,"[5.6568542494923735,-5.656854249492387,-5.6568542494923735,5.656854249492387]","[369,-369,-369,369]","{""5"":2494,""6"":2047,""7"":2125,""8"":2212}","{""5"":1668,""6"":2417,""7"":3016,""8"":1844}","{""5"":2495,""6"":2078,""7"":2167,""8"":2213}","[-34.97,19.36,-180.95000000000002]","[-24.468932472772963,25.61770626464536,55.6597770039374]",0.0,14524032,coil_as_tip,thesis_trusted,True,
416,approach,True,ok,T01,T01,1,"[-4.0,0.0,4.0,0.0]","[-261,0,261,0]","{""5"":1864,""6"":2416,""7"":2755,""8"":1843}","{""5"":2495,""6"":2078,""7"":2167,""8"":2213}","{""5"":1893,""6"":2418,""7"":2755,""8"":1846}","[-45.09,39.59,-226.58]","[19.64318322357309,2.3855775633248655,66.05947146086544]",0.0,14525776,coil_as_tip,thesis_trusted,True,
417,repeat,True,ok,T13,T13,13,"[8.0,0.0,-8.0,0.0]","[522,0,-522,0]","{""5"":2647,""6"":2416,""7"":1972,""8"":1843}","{""5"":1893,""6"":2417,""7"":2755,""8"":1846}","{""5"":2647,""6"":2417,""7"":2037,""8"":1844}","[-31.91,43.44,-168.13]","[-38.86902635460234,2.4484312043579237,52.596381930616936]",0.03774532800161978,14527520,coil_as_tip,thesis_trusted,True,
418,approach,True,ok,T06,T06,6,"[2.8284271247461907,2.82842712474619,-2.8284271247461907,-2.82842712474619]","[184,184,-184,-184]","{""5"":2309,""6"":2600,""7"":2310,""8"":1659}","{""5"":2647,""6"":2417,""7"":2037,""8"":1844}","{""5"":2309,""6"":2601,""7"":2317,""8"":1681}","[-44.78,57.38,-191.94]","[-16.115980460180225,-13.028686660406791,65.62075620067313]",0.0,14529264,coil_as_tip,thesis_trusted,True,
419,repeat,True,ok,T13,T13,13,"[8.0,0.0,-8.0,0.0]","[522,0,-522,0]","{""5"":2647,""6"":2416,""7"":1972,""8"":1843}","{""5"":2310,""6"":2601,""7"":2317,""8"":1681}","{""5"":2647,""6"":2417,""7"":2034,""8"":1844}","[-31.51,46.35,-168.01]","[-39.183102045512015,-0.44798298031106043,52.20313731052925]",0.03801227099756943,14530976,coil_as_tip,thesis_trusted,True,
420,approach,True,ok,T07,T07,7,"[0.0,4.0,0.0,-4.0]","[0,261,0,-261]","{""5"":2125,""6"":2677,""7"":2494,""8"":1582}","{""5"":2647,""6"":2417,""7"":2034,""8"":1844}","{""5"":2128,""6"":2678,""7"":2494,""8"":1611}","[-44.52,64.58,-204.41]","[-4.158918206082177,-21.05396023448037,65.44146227188591]",0.0,14532736,coil_as_tip,thesis_trusted,True,
421,repeat,True,ok,T13,T13,13,"[8.0,0.0,-8.0,0.0]","[522,0,-522,0]","{""5"":2647,""6"":2416,""7"":1972,""8"":1843}","{""5"":2128,""6"":2678,""7"":2494,""8"":1611}","{""5"":2646,""6"":2417,""7"":2035,""8"":1845}","[-31.51,46.93,-168.13]","[-39.10249842953135,-1.0347527699065324,52.205203976668066]",0.0,14534504,coil_as_tip,thesis_trusted,True,
422,approach,True,ok,T12,T12,12,"[5.6568542494923735,-5.656854249492387,-5.6568542494923735,5.656854249492387]","[369,-369,-369,369]","{""5"":2494,""6"":2047,""7"":2125,""8"":2212}","{""5"":2647,""6"":2417,""7"":2035,""8"":1844}","{""5"":2495,""6"":2086,""7"":2137,""8"":2213}","[-33.75,21.01,-178.25]","[-27.268151955492954,24.150064473054435,54.43042845322576]",0.0,14536248,coil_as_tip,thesis_trusted,True,
423,repeat,True,ok,T13,T13,13,"[8.0,0.0,-8.0,0.0]","[522,0,-522,0]","{""5"":2647,""6"":2416,""7"":1972,""8"":1843}","{""5"":2495,""6"":2086,""7"":2137,""8"":2213}","{""5"":2647,""6"":2417,""7"":2034,""8"":1844}","[-31.44,42.38,-167.93]","[-38.99479949746228,3.5181578969887326,52.1227091325714]",0.03871519400126999,14537976,coil_as_tip,thesis_trusted,True,
424,approach,True,ok,T15,T15,15,"[0.0,8.0,0.0,-8.0]","[0,522,0,-522]","{""5"":2125,""6"":2938,""7"":2494,""8"":1321}","{""5"":2647,""6"":2417,""7"":2034,""8"":1844}","{""5"":2126,""6"":2939,""7"":2494,""8"":1387}","[-32.2,81.71000000000001,-205.26]","[-4.406779580635913,-38.237430473536506,53.16918802126404]",0.0,14539712,coil_as_tip,thesis_trusted,True,
425,repeat,True,ok,T13,T13,13,"[8.0,0.0,-8.0,0.0]","[522,0,-522,0]","{""5"":2647,""6"":2416,""7"":1972,""8"":1843}","{""5"":2126,""6"":2939,""7"":2494,""8"":1387}","{""5"":2647,""6"":2417,""7"":2033,""8"":1844}","[-31.32,48.82,-168.07]","[-39.28892585626326,-2.916939207852181,52.01968031948235]",0.0,14541456,coil_as_tip,thesis_trusted,True,
426,approach,True,ok,T08,T08,8,"[-2.8284271247461894,2.8284271247461907,2.8284271247461894,-2.8284271247461907]","[-184,184,184,-184]","{""5"":1941,""6"":2600,""7"":2678,""8"":1659}","{""5"":2647,""6"":2417,""7"":2033,""8"":1844}","{""5"":1963,""6"":2601,""7"":2678,""8"":1673}","[-45.32,57.77,-219.20000000000002]","[11.052703115286192,-15.25461143784041,66.29839302183173]",0.03758871799800545,14543184,coil_as_tip,thesis_trusted,True,
427,repeat,True,ok,T13,T13,13,"[8.0,0.0,-8.0,0.0]","[522,0,-522,0]","{""5"":2647,""6"":2416,""7"":1972,""8"":1843}","{""5"":1963,""6"":2601,""7"":2678,""8"":1673}","{""5"":2647,""6"":2417,""7"":2035,""8"":1844}","[-31.67,47.53,-168.38]","[-38.8943144523424,-1.6497865383052996,52.36797035947177]",0.037087978002091404,14544928,coil_as_tip,thesis_trusted,True,
428,approach,True,ok,T04,T04,4,"[2.82842712474619,-2.8284271247461903,-2.82842712474619,2.8284271247461903]","[184,-184,-184,184]","{""5"":2309,""6"":2232,""7"":2310,""8"":2027}","{""5"":2647,""6"":2417,""7"":2035,""8"":1844}","{""5"":2309,""6"":2255,""7"":2317,""8"":2028}","[-44.75,30.59,-189.92000000000002]","[-16.324194151475467,13.836354316605345,65.51295841676043]",0.0379651049952372,14546680,coil_as_tip,thesis_trusted,True,
429,repeat,True,ok,T13,T13,13,"[8.0,0.0,-8.0,0.0]","[522,0,-522,0]","{""5"":2647,""6"":2416,""7"":1972,""8"":1843}","{""5"":2309,""6"":2255,""7"":2317,""8"":2028}","{""5"":2647,""6"":2417,""7"":2034,""8"":1844}","[-31.490000000000002,44.65,-168.05]","[-39.02842996148516,1.2453852774884737,52.17904395252778]",0.03896608200011542,14548408,coil_as_tip,thesis_trusted,True,
430,approach,True,ok,T16,T16,16,"[-5.656854249492373,5.656854249492388,5.656854249492373,-5.656854249492388]","[-369,369,369,-369]","{""5"":1756,""6"":2785,""7"":2863,""8"":1474}","{""5"":2647,""6"":2417,""7"":2033,""8"":1844}","{""5"":1792,""6"":2785,""7"":2862,""8"":1509}","[-35.31,68.37,-231.08]","[22.238888369407306,-26.66021158907735,56.37488332764657]",0.03676779500528937,14550136,coil_as_tip,thesis_trusted,True,
431,repeat,True,ok,T13,T13,13,"[8.0,0.0,-8.0,0.0]","[522,0,-522,0]","{""5"":2647,""6"":2416,""7"":1972,""8"":1843}","{""5"":1791,""6"":2785,""7"":2862,""8"":1509}","{""5"":2647,""6"":2417,""7"":2036,""8"":1844}","[-31.69,47.42,-168.47]","[-38.7971974713023,-1.5460496523764107,52.388143373411935]",0.0,14551872,coil_as_tip,thesis_trusted,True,
432,approach,True,ok,T09,T09,9,"[-8.0,0.0,8.0,0.0]","[-522,0,522,0]","{""5"":1603,""6"":2416,""7"":3016,""8"":1843}","{""5"":2647,""6"":2417,""7"":2036,""8"":1844}","{""5"":1668,""6"":2417,""7"":3016,""8"":1844}","[-33.11,42.65,-243.71]","[36.58545046383114,-1.8568985486773784,54.17326612868439]",0.0,14553632,coil_as_tip,thesis_trusted,True,
433,repeat,True,ok,T13,T13,13,"[8.0,0.0,-8.0,0.0]","[522,0,-522,0]","{""5"":2647,""6"":2416,""7"":1972,""8"":1843}","{""5"":1668,""6"":2417,""7"":3016,""8"":1844}","{""5"":2647,""6"":2417,""7"":2037,""8"":1844}","[-31.96,46.19,-168.34]","[-38.84523941011844,-0.30931612933233055,52.654380420221315]",0.03774551300011808,14555368,coil_as_tip,thesis_trusted,True,
434,approach,True,ok,T02,T02,2,"[-2.8284271247461903,-2.82842712474619,2.8284271247461903,2.82842712474619]","[-184,-184,184,184]","{""5"":1941,""6"":2232,""7"":2678,""8"":2027}","{""5"":2647,""6"":2417,""7"":2037,""8"":1844}","{""5"":1962,""6"":2251,""7"":2678,""8"":2028}","[-45.59,28.22,-218.49]","[12.336206523647093,14.276648854132034,66.49018605741449]",0.0,14557104,coil_as_tip,thesis_trusted,True,
435,repeat,True,ok,T13,T13,13,"[8.0,0.0,-8.0,0.0]","[522,0,-522,0]","{""5"":2647,""6"":2416,""7"":1972,""8"":1843}","{""5"":null,""6"":2251,""7"":2678,""8"":2028}","{""5"":2647,""6"":2417,""7"":2036,""8"":1844}","[-31.740000000000002,44.99,-168.17000000000002]","[-38.93284591818659,0.8987827299821589,52.430500439278134]",0.03744636599731166,14558840,coil_as_tip,thesis_trusted,True,
436,approach,True,ok,T14,T14,14,"[5.656854249492377,5.656854249492383,-5.656854249492377,-5.656854249492383]","[369,369,-369,-369]","{""5"":2494,""6"":2785,""7"":2125,""8"":1474}","{""5"":2647,""6"":2417,""7"":2036,""8"":1844}","{""5"":2495,""6"":2785,""7"":2138,""8"":1515}","[-33.62,69.43,-181.59]","[-27.201156082698276,-24.38512203691313,54.439483600599075]",0.0,14560576,coil_as_tip,thesis_trusted,True,
437,repeat,True,ok,T13,T13,13,"[8.0,0.0,-8.0,0.0]","[522,0,-522,0]","{""5"":2647,""6"":2416,""7"":1972,""8"":1843}","{""5"":null,""6"":2785,""7"":2138,""8"":1515}","{""5"":2646,""6"":2417,""7"":2032,""8"":1844}","[-31.43,49.2,-168.28]","[-39.10556948112972,-3.309920114607195,52.13169124137797]",0.03653116599889472,14562320,coil_as_tip,thesis_trusted,True,
438,approach,True,ok,T00,T00,0,"[0.0,0.0,0.0,0.0]","[0,0,0,0]","{""5"":2125,""6"":2416,""7"":2494,""8"":1843}","{""5"":2646,""6"":2417,""7"":2032,""8"":1844}","{""5"":2131,""6"":2418,""7"":2494,""8"":1845}","[-49.15,43.86,-204.58]","[-2.6140882613238716,-0.37944494280963426,70.01990282476538]",0.0,14564048,coil_as_tip,thesis_trusted,True,
439,repeat,True,ok,T13,T13,13,"[8.0,0.0,-8.0,0.0]","[522,0,-522,0]","{""5"":2647,""6"":2416,""7"":1972,""8"":1843}","{""5"":2131,""6"":2418,""7"":2494,""8"":1845}","{""5"":2647,""6"":2417,""7"":2035,""8"":1844}","[-31.470000000000002,47.03,-168.17000000000002]","[-39.069141856021275,-1.1373365591593654,52.16565773555466]",0.03858724999736296,14565776,coil_as_tip,thesis_trusted,True,
440,approach,True,ok,T03,T03,3,"[0.0,-4.0,0.0,4.0]","[0,-261,0,261]","{""5"":2125,""6"":2155,""7"":2494,""8"":2104}","{""5"":2647,""6"":2417,""7"":2035,""8"":1844}","{""5"":2129,""6"":2184,""7"":2494,""8"":2104}","[-44.65,22.2,-202.27]","[-3.436066204289972,21.374075728901047,65.45368002613483]",0.0,14567528,coil_as_tip,thesis_trusted,True,
441,repeat,True,ok,T13,T13,13,"[8.0,0.0,-8.0,0.0]","[522,0,-522,0]","{""5"":2647,""6"":2416,""7"":1972,""8"":1843}","{""5"":2129,""6"":2184,""7"":2495,""8"":2104}","{""5"":2646,""6"":2417,""7"":2035,""8"":1844}","[-31.62,44.27,-168.03]","[-39.023380813539745,1.6262389869745064,52.30798175953468]",0.0,14569256,coil_as_tip,thesis_trusted,True,
442,approach,True,ok,T10,T10,10,"[-5.6568542494923815,-5.656854249492379,5.6568542494923815,5.656854249492379]","[-369,-369,369,369]","{""5"":1756,""6"":2047,""7"":2863,""8"":2212}","{""5"":2647,""6"":2417,""7"":2034,""8"":1844}","{""5"":1795,""6"":2079,""7"":2863,""8"":2213}","[-35.19,16.16,-228.48000000000002]","[23.167046407727213,25.605712708808547,56.10996835343151]",0.036761998999281786,14570992,coil_as_tip,thesis_trusted,True,
443,repeat,True,ok,T13,T13,13,"[8.0,0.0,-8.0,0.0]","[522,0,-522,0]","{""5"":2647,""6"":2416,""7"":1972,""8"":1843}","{""5"":1794,""6"":2079,""7"":2863,""8"":2213}","{""5"":2647,""6"":2417,""7"":2036,""8"":1844}","[-31.77,43.99,-168.12]","[-38.915425216577916,1.8999597546586813,52.45772330494876]",0.0,14572744,coil_as_tip,thesis_trusted,True,
444,approach,True,ok,T11,T11,11,"[0.0,-8.0,0.0,8.0]","[0,-522,0,522]","{""5"":2125,""6"":1894,""7"":2494,""8"":2365}","{""5"":2647,""6"":2417,""7"":2036,""8"":1844}","{""5"":2127,""6"":1957,""7"":2494,""8"":2365}","[-31.98,5.0,-200.96]","[-3.521692774172891,38.58697720612643,52.73386513652805]",0.0,14574488,coil_as_tip,thesis_trusted,True,
445,repeat,True,ok,T13,T13,13,"[8.0,0.0,-8.0,0.0]","[522,0,-522,0]","{""5"":2647,""6"":2416,""7"":1972,""8"":1843}","{""5"":2126,""6"":1957,""7"":2494,""8"":2365}","{""5"":2647,""6"":2417,""7"":2034,""8"":1845}","[-31.39,42.59,-167.8]","[-39.13842508948309,3.31726083917831,52.07258866290294]",0.0,14576208,coil_as_tip,thesis_trusted,False,stale_telemetry
446,approach,True,ok,T05,T05,5,"[4.0,0.0,-4.0,0.0]","[261,0,-261,0]","{""5"":2386,""6"":2416,""7"":2233,""8"":1843}","{""5"":2647,""6"":2417,""7"":2034,""8"":1845}","{""5"":2387,""6"":2417,""7"":2243,""8"":1846}","[-43.67,43.59,-183.02]","[-24.080046707312874,1.3282370300519588,64.43122227613533]",0.0,14577968,coil_as_tip,thesis_trusted,True,
447,repeat,True,ok,T13,T13,13,"[8.0,0.0,-8.0,0.0]","[522,0,-522,0]","{""5"":2647,""6"":2416,""7"":1972,""8"":1843}","{""5"":2387,""6"":2417,""7"":2243,""8"":1846}","{""5"":2647,""6"":2417,""7"":2033,""8"":1845}","[-31.41,43.76,-167.75]","[-39.26732515242125,2.153358230737325,52.09529310825636]",0.0,14579744,coil_as_tip,thesis_trusted,True,
448,approach,True,ok,T03,T03,3,"[0.0,-4.0,0.0,4.0]","[0,-261,0,261]","{""5"":2125,""6"":2155,""7"":2494,""8"":2104}","{""5"":2647,""6"":2417,""7"":2033,""8"":1845}","{""5"":2130,""6"":2183,""7"":2494,""8"":2104}","[-44.550000000000004,21.67,-202.31]","[-3.359925496181347,21.89988364560586,65.35254334980398]",0.0,14581488,coil_as_tip,thesis_trusted,True,
449,repeat,True,ok,T14,T14,14,"[5.656854249492377,5.656854249492383,-5.656854249492377,-5.656854249492383]","[369,369,-369,-369]","{""5"":2494,""6"":2785,""7"":2125,""8"":1474}","{""5"":2130,""6"":2183,""7"":2494,""8"":2104}","{""5"":2495,""6"":2785,""7"":2159,""8"":1517}","[-34.5,69.4,-183.08]","[-25.716794999857512,-24.453157596557688,55.3268636422789]",0.0,14583240,coil_as_tip,thesis_trusted,True,
450,approach,True,ok,T16,T16,16,"[-5.656854249492373,5.656854249492388,5.656854249492373,-5.656854249492388]","[-369,369,369,-369]","{""5"":1756,""6"":2785,""7"":2863,""8"":1474}","{""5"":2495,""6"":2785,""7"":2159,""8"":1517}","{""5"":1791,""6"":2785,""7"":2863,""8"":1510}","[-35.34,68.04,-231.12]","[22.300910753723713,-26.333575960340724,56.404249803150535]",0.0,14584960,coil_as_tip,thesis_trusted,False,stale_telemetry
451,repeat,True,ok,T14,T14,14,"[5.656854249492377,5.656854249492383,-5.656854249492377,-5.656854249492383]","[369,369,-369,-369]","{""5"":2494,""6"":2785,""7"":2125,""8"":1474}","{""5"":1791,""6"":2785,""7"":2863,""8"":1510}","{""5"":2495,""6"":2785,""7"":2166,""8"":1509}","[-34.75,69.82000000000001,-183.8]","[-25.02798052532225,-24.920040447122005,55.581530136972695]",0.03901689699705457,14586704,coil_as_tip,thesis_trusted,False,stale_telemetry
452,approach,True,ok,T11,T11,11,"[0.0,-8.0,0.0,8.0]","[0,-522,0,522]","{""5"":2125,""6"":1894,""7"":2494,""8"":2365}","{""5"":2495,""6"":2785,""7"":2166,""8"":1509}","{""5"":2126,""6"":1959,""7"":2495,""8"":2365}","[-32.38,5.19,-202.69]","[-1.8104012550879531,38.2818862666652,53.14301163274499]",0.0,14588464,coil_as_tip,thesis_trusted,False,stale_telemetry
453,repeat,True,ok,T14,T14,14,"[5.656854249492377,5.656854249492383,-5.656854249492377,-5.656854249492383]","[369,369,-369,-369]","{""5"":2494,""6"":2785,""7"":2125,""8"":1474}","{""5"":2126,""6"":1959,""7"":2495,""8"":2365}","{""5"":2495,""6"":2785,""7"":2159,""8"":1515}","[-34.62,69.46000000000001,-183.33]","[-25.471994123659584,-24.529537235668982,55.44826661482058]",0.03697127600025851,14590208,coil_as_tip,thesis_trusted,True,
454,approach,True,ok,T01,T01,1,"[-4.0,0.0,4.0,0.0]","[-261,0,261,0]","{""5"":1864,""6"":2416,""7"":2755,""8"":1843}","{""5"":2495,""6"":2785,""7"":2159,""8"":1515}","{""5"":1895,""6"":2417,""7"":2755,""8"":1844}","[-45.22,43.36,-226.66]","[19.46808102731012,-1.3808479364988742,66.19939349323113]",0.03725823800050421,14591944,coil_as_tip,thesis_trusted,True,
455,repeat,True,ok,T14,T14,14,"[5.656854249492377,5.656854249492383,-5.656854249492377,-5.656854249492383]","[369,369,-369,-369]","{""5"":2494,""6"":2785,""7"":2125,""8"":1474}","{""5"":1895,""6"":2417,""7"":2755,""8"":1844}","{""5"":2495,""6"":2785,""7"":2164,""8"":1510}","[-34.61,69.9,-183.85]","[-24.982814676111303,-25.00363006461943,55.44198508363262]",0.0,14593712,coil_as_tip,thesis_trusted,True,
456,approach,True,ok,T02,T02,2,"[-2.8284271247461903,-2.82842712474619,2.8284271247461903,2.82842712474619]","[-184,-184,184,184]","{""5"":1941,""6"":2232,""7"":2678,""8"":2027}","{""5"":2495,""6"":2785,""7"":2164,""8"":1510}","{""5"":1959,""6"":2254,""7"":2678,""8"":2028}","[-45.62,29.14,-219.15]","[12.932495666297058,13.314323749554177,66.52581822626529]",0.03794084599940106,14595432,coil_as_tip,thesis_trusted,True,
457,repeat,True,ok,T14,T14,14,"[5.656854249492377,5.656854249492383,-5.656854249492377,-5.656854249492383]","[369,369,-369,-369]","{""5"":2494,""6"":2785,""7"":2125,""8"":1474}","{""5"":1959,""6"":2254,""7"":2678,""8"":2028}","{""5"":2495,""6"":2785,""7"":2162,""8"":1511}","[-34.64,69.67,-183.51]","[-25.30666754396617,-24.751139963509104,55.46969913825269]",0.0,14597168,coil_as_tip,thesis_trusted,True,
458,approach,True,ok,T13,T13,13,"[8.0,0.0,-8.0,0.0]","[522,0,-522,0]","{""5"":2647,""6"":2416,""7"":1972,""8"":1843}","{""5"":2495,""6"":2785,""7"":2162,""8"":1511}","{""5"":2646,""6"":2417,""7"":2035,""8"":1845}","[-31.75,49.4,-168.67000000000002]","[-38.73149853482593,-3.534850102418389,52.454146552567984]",0.0,14598912,coil_as_tip,thesis_trusted,True,
459,repeat,True,ok,T14,T14,14,"[5.656854249492377,5.656854249492383,-5.656854249492377,-5.656854249492383]","[369,369,-369,-369]","{""5"":2494,""6"":2785,""7"":2125,""8"":1474}","{""5"":2646,""6"":2417,""7"":2035,""8"":1845}","{""5"":2495,""6"":2785,""7"":2138,""8"":1513}","[-33.54,69.5,-181.68]","[-27.115697172412297,-24.461260475540882,54.36011287037656]",0.0,14600648,coil_as_tip,thesis_trusted,True,
460,approach,True,ok,T15,T15,15,"[0.0,8.0,0.0,-8.0]","[0,522,0,-522]","{""5"":2125,""6"":2938,""7"":2494,""8"":1321}","{""5"":2495,""6"":2785,""7"":2138,""8"":1512}","{""5"":2127,""6"":2939,""7"":2494,""8"":1386}","[-31.98,81.89,-204.5]","[-5.176118146256385,-38.366395981719336,52.9458361259326]",0.0,14602392,coil_as_tip,thesis_trusted,True,
461,repeat,True,ok,T14,T14,14,"[5.656854249492377,5.656854249492383,-5.656854249492377,-5.656854249492383]","[369,369,-369,-369]","{""5"":2494,""6"":2785,""7"":2125,""8"":1474}","{""5"":2127,""6"":2939,""7"":2494,""8"":1386}","{""5"":2495,""6"":2785,""7"":2162,""8"":1487}","[-33.4,71.29,-183.5]","[-25.419924602778366,-26.370315349687502,54.23376066590737]",0.03954359899944393,14604096,coil_as_tip,thesis_trusted,False,stale_telemetry
462,approach,True,ok,T12,T12,12,"[5.6568542494923735,-5.656854249492387,-5.6568542494923735,5.656854249492387]","[369,-369,-369,369]","{""5"":2494,""6"":2047,""7"":2125,""8"":2212}","{""5"":2495,""6"":2785,""7"":2162,""8"":1487}","{""5"":2494,""6"":2089,""7"":2158,""8"":2213}","[-35.11,21.12,-179.68]","[-25.855415778833162,23.947766491425128,55.797853779079226]",0.0,14605840,coil_as_tip,thesis_trusted,True,
463,repeat,True,ok,T14,T14,14,"[5.656854249492377,5.656854249492383,-5.656854249492377,-5.656854249492383]","[369,369,-369,-369]","{""5"":2494,""6"":2785,""7"":2125,""8"":1474}","{""5"":2494,""6"":2089,""7"":2158,""8"":2213}","{""5"":2495,""6"":2785,""7"":2156,""8"":1514}","[-34.47,69.39,-182.93]","[-25.865632176602645,-24.433150465544415,55.296086873001315]",0.03710247900016839,14607608,coil_as_tip,thesis_trusted,True,
464,approach,True,ok,T05,T05,5,"[4.0,0.0,-4.0,0.0]","[261,0,-261,0]","{""5"":2386,""6"":2416,""7"":2233,""8"":1843}","{""5"":2495,""6"":2785,""7"":2156,""8"":1514}","{""5"":2387,""6"":2418,""7"":2242,""8"":1844}","[-43.52,47.14,-183.37]","[-23.969574904434666,-2.2376987879070143,64.29194656767879]",0.0,14609360,coil_as_tip,thesis_trusted,True,
465,repeat,True,ok,T14,T14,14,"[5.656854249492377,5.656854249492383,-5.656854249492377,-5.656854249492383]","[369,369,-369,-369]","{""5"":2494,""6"":2785,""7"":2125,""8"":1474}","{""5"":2387,""6"":2418,""7"":2242,""8"":1844}","{""5"":2495,""6"":2785,""7"":2157,""8"":1513}","[-34.29,69.73,-182.99]","[-25.82783327034369,-24.77693583507326,55.117249342310636]",0.03665488900151104,14611088,coil_as_tip,thesis_trusted,True,
466,approach,True,ok,T04,T04,4,"[2.82842712474619,-2.8284271247461903,-2.82842712474619,2.8284271247461903]","[184,-184,-184,184]","{""5"":2309,""6"":2232,""7"":2310,""8"":2027}","{""5"":2495,""6"":2785,""7"":2157,""8"":1513}","{""5"":2309,""6"":2256,""7"":2316,""8"":2028}","[-44.93,31.490000000000002,-190.1]","[-16.206181920846348,12.926782556732775,65.69613135980678]",0.0,14612840,coil_as_tip,thesis_trusted,True,
467,repeat,True,ok,T14,T14,14,"[5.656854249492377,5.656854249492383,-5.656854249492377,-5.656854249492383]","[369,369,-369,-369]","{""5"":2494,""6"":2785,""7"":2125,""8"":1474}","{""5"":2309,""6"":2256,""7"":2316,""8"":2028}","{""5"":2495,""6"":2785,""7"":2156,""8"":1514}","[-34.29,69.29,-183.07]","[-25.71833787726598,-24.34333434262865,55.11653895893018]",0.0,14614584,coil_as_tip,thesis_trusted,True,
468,approach,True,ok,T08,T08,8,"[-2.8284271247461894,2.8284271247461907,2.8284271247461894,-2.8284271247461907]","[-184,184,184,-184]","{""5"":1941,""6"":2600,""7"":2678,""8"":1659}","{""5"":2495,""6"":2785,""7"":2156,""8"":1514}","{""5"":1964,""6"":2601,""7"":2678,""8"":1666}","[-45.17,57.97,-219.02]","[10.860349634451126,-15.442445242386981,66.1479982071598]",0.03705857200111495,14616312,coil_as_tip,thesis_trusted,True,
469,repeat,True,ok,T14,T14,14,"[5.656854249492377,5.656854249492383,-5.656854249492377,-5.656854249492383]","[369,369,-369,-369]","{""5"":2494,""6"":2785,""7"":2125,""8"":1474}","{""5"":1963,""6"":2601,""7"":2678,""8"":1666}","{""5"":2495,""6"":2785,""7"":2163,""8"":1509}","[-34.6,69.76,-183.6]","[-25.222750914712805,-24.847118455056275,55.43037829778498]",0.037298310999176465,14618080,coil_as_tip,thesis_trusted,True,
470,approach,True,ok,T09,T09,9,"[-8.0,0.0,8.0,0.0]","[-522,0,522,0]","{""5"":1603,""6"":2416,""7"":3016,""8"":1843}","{""5"":2495,""6"":2785,""7"":2164,""8"":1509}","{""5"":1668,""6"":2417,""7"":3016,""8"":1845}","[-33.07,43.99,-243.62]","[36.405465149671414,-3.1878874364089924,54.13620041107632]",0.03872023100120714,14619816,coil_as_tip,thesis_trusted,True,
471,repeat,True,ok,T14,T14,14,"[5.656854249492377,5.656854249492383,-5.656854249492377,-5.656854249492383]","[369,369,-369,-369]","{""5"":2494,""6"":2785,""7"":2125,""8"":1474}","{""5"":1668,""6"":2417,""7"":3016,""8"":1845}","{""5"":2495,""6"":2785,""7"":2166,""8"":1510}","[-34.79,69.9,-183.73]","[-25.103409639062704,-24.995023008200363,55.62138066186839]",0.0379759749994264,14621560,coil_as_tip,thesis_trusted,True,
472,approach,True,ok,T06,T06,6,"[2.8284271247461907,2.82842712474619,-2.8284271247461907,-2.82842712474619]","[184,184,-184,-184]","{""5"":2309,""6"":2600,""7"":2310,""8"":1659}","{""5"":2495,""6"":2785,""7"":2166,""8"":1510}","{""5"":2309,""6"":2601,""7"":2317,""8"":1665}","[-44.36,59.19,-192.5]","[-15.677319818715404,-14.873524483558867,65.20814227955898]",0.0,14623296,coil_as_tip,thesis_trusted,True,
473,repeat,True,ok,T14,T14,14,"[5.656854249492377,5.656854249492383,-5.656854249492377,-5.656854249492383]","[369,369,-369,-369]","{""5"":2494,""6"":2785,""7"":2125,""8"":1474}","{""5"":2309,""6"":2601,""7"":2317,""8"":1665}","{""5"":2495,""6"":2785,""7"":2163,""8"":1509}","[-34.33,70.19,-183.33]","[-25.519832376037073,-25.25870130743054,55.160115164951684]",0.0,14625056,coil_as_tip,thesis_trusted,True,
474,approach,True,ok,T10,T10,10,"[-5.6568542494923815,-5.656854249492379,5.6568542494923815,5.656854249492379]","[-369,-369,369,369]","{""5"":1756,""6"":2047,""7"":2863,""8"":2212}","{""5"":2495,""6"":2785,""7"":2163,""8"":1508}","{""5"":1791,""6"":2086,""7"":2863,""8"":2213}","[-35.27,17.05,-229.49]","[24.114316321463406,24.64985883135678,56.19727857901032]",0.0,14626800,coil_as_tip,thesis_trusted,True,
475,repeat,True,ok,T14,T14,14,"[5.656854249492377,5.656854249492383,-5.656854249492377,-5.656854249492383]","[369,369,-369,-369]","{""5"":2494,""6"":2785,""7"":2125,""8"":1474}","{""5"":1791,""6"":2086,""7"":2863,""8"":2213}","{""5"":2495,""6"":2785,""7"":2161,""8"":1512}","[-34.67,69.75,-183.65]","[-25.17252905918201,-24.84031307174243,55.50060259546746]",0.0387202689962578,14628512,coil_as_tip,thesis_trusted,True,
476,approach,True,ok,T07,T07,7,"[0.0,4.0,0.0,-4.0]","[0,261,0,-261]","{""5"":2125,""6"":2677,""7"":2494,""8"":1582}","{""5"":2495,""6"":2785,""7"":2161,""8"":1512}","{""5"":2127,""6"":2678,""7"":2495,""8"":1593}","[-43.68,66.11,-204.81]","[-3.8589757709349044,-22.609847078118747,64.60734557418053]",0.0,14630256,coil_as_tip,thesis_trusted,True,
477,repeat,True,ok,T14,T14,14,"[5.656854249492377,5.656854249492383,-5.656854249492377,-5.656854249492383]","[369,369,-369,-369]","{""5"":2494,""6"":2785,""7"":2125,""8"":1474}","{""5"":2128,""6"":2678,""7"":2495,""8"":1593}","{""5"":2495,""6"":2785,""7"":2163,""8"":1508}","[-34.47,69.87,-183.42000000000002]","[-25.409130417222514,-24.945100348299434,55.299755827892916]",0.039025471996865235,14631968,coil_as_tip,thesis_trusted,True,
478,approach,True,ok,T00,T00,0,"[0.0,0.0,0.0,0.0]","[0,0,0,0]","{""5"":2125,""6"":2416,""7"":2494,""8"":1843}","{""5"":2495,""6"":2785,""7"":2163,""8"":1508}","{""5"":2129,""6"":2421,""7"":2495,""8"":1845}","[-48.96,44.04,-205.81]","[-1.3981271242978153,-0.6425261636285313,69.83652675082234]",0.039679338995483704,14633728,coil_as_tip,thesis_trusted,True,
479,repeat,True,ok,T14,T14,14,"[5.656854249492377,5.656854249492383,-5.656854249492377,-5.656854249492383]","[369,369,-369,-369]","{""5"":2494,""6"":2785,""7"":2125,""8"":1474}","{""5"":2129,""6"":2421,""7"":2495,""8"":1845}","{""5"":2495,""6"":2785,""7"":2162,""8"":1509}","[-34.410000000000004,70.07000000000001,-183.48]","[-25.362468116378295,-25.14886200106025,55.24056276627159]",0.038985342005616985,14635504,coil_as_tip,thesis_trusted,True,
480,approach,True,ok,T10,T10,10,"[-5.6568542494923815,-5.656854249492379,5.6568542494923815,5.656854249492379]","[-369,-369,369,369]","{""5"":1756,""6"":2047,""7"":2863,""8"":2212}","{""5"":2495,""6"":2785,""7"":2162,""8"":1509}","{""5"":1790,""6"":2085,""7"":2863,""8"":2213}","[-35.2,17.0,-229.49]","[24.118027081096756,24.699544714630164,56.12715338192477]",0.0,14637256,coil_as_tip,thesis_trusted,True,
481,repeat,True,ok,T15,T15,15,"[0.0,8.0,0.0,-8.0]","[0,522,0,-522]","{""5"":2125,""6"":2938,""7"":2494,""8"":1321}","{""5"":1790,""6"":2085,""7"":2863,""8"":2213}","{""5"":2126,""6"":2939,""7"":2494,""8"":1387}","[-32.46,81.46000000000001,-209.3]","[-0.36042101192933274,-38.259706656519455,53.44880580526005]",0.0,14638976,coil_as_tip,thesis_trusted,True,
482,approach,True,ok,T06,T06,6,"[2.8284271247461907,2.82842712474619,-2.8284271247461907,-2.82842712474619]","[184,184,-184,-184]","{""5"":2309,""6"":2600,""7"":2310,""8"":1659}","{""5"":2126,""6"":2939,""7"":2494,""8"":1387}","{""5"":2309,""6"":2601,""7"":2330,""8"":1666}","[-44.6,59.56,-193.70000000000002]","[-14.506183249395235,-15.322920151177968,65.4550889740625]",0.0,14640720,coil_as_tip,thesis_trusted,True,
483,repeat,True,ok,T15,T15,15,"[0.0,8.0,0.0,-8.0]","[0,522,0,-522]","{""5"":2125,""6"":2938,""7"":2494,""8"":1321}","{""5"":2309,""6"":2601,""7"":2330,""8"":1666}","{""5"":2126,""6"":2939,""7"":2493,""8"":1384}","[-32.17,81.87,-207.26]","[-2.4220050734676306,-38.532027167757505,53.14961908033665]",0.038648899004328996,14642464,coil_as_tip,thesis_trusted,True,
484,approach,True,ok,T12,T12,12,"[5.6568542494923735,-5.656854249492387,-5.6568542494923735,5.656854249492387]","[369,-369,-369,369]","{""5"":2494,""6"":2047,""7"":2125,""8"":2212}","{""5"":2126,""6"":2939,""7"":2493,""8"":1384}","{""5"":2495,""6"":2089,""7"":2161,""8"":2213}","[-35.36,20.93,-180.23]","[-25.295066928485255,24.10095690785584,56.05012716694949]",0.0,14644232,coil_as_tip,thesis_trusted,True,
485,repeat,True,ok,T15,T15,15,"[0.0,8.0,0.0,-8.0]","[0,522,0,-522]","{""5"":2125,""6"":2938,""7"":2494,""8"":1321}","{""5"":2495,""6"":2089,""7"":2161,""8"":2213}","{""5"":2126,""6"":2939,""7"":2495,""8"":1386}","[-32.28,81.59,-206.99]","[-2.673032135027455,-38.234143082998045,53.257556499296186]",0.0,14645968,coil_as_tip,thesis_trusted,True,
486,approach,True,ok,T09,T09,9,"[-8.0,0.0,8.0,0.0]","[-522,0,522,0]","{""5"":1603,""6"":2416,""7"":3016,""8"":1843}","{""5"":2126,""6"":2939,""7"":2495,""8"":1386}","{""5"":1663,""6"":2418,""7"":3016,""8"":1844}","[-32.49,45.72,-244.21]","[36.88022624158225,-4.955388185525905,53.5635373273362]",0.0,14647712,coil_as_tip,thesis_trusted,True,
487,repeat,True,ok,T15,T15,15,"[0.0,8.0,0.0,-8.0]","[0,522,0,-522]","{""5"":2125,""6"":2938,""7"":2494,""8"":1321}","{""5"":1664,""6"":2418,""7"":3016,""8"":1844}","{""5"":2126,""6"":2939,""7"":2494,""8"":1384}","[-32.0,81.81,-211.89000000000001]","[2.20226470256938,-38.78488750343104,53.0026813755978]",0.0,14649432,coil_as_tip,thesis_trusted,True,
488,approach,True,ok,T07,T07,7,"[0.0,4.0,0.0,-4.0]","[0,261,0,-261]","{""5"":2125,""6"":2677,""7"":2494,""8"":1582}","{""5"":2126,""6"":2939,""7"":2494,""8"":1384}","{""5"":2126,""6"":2678,""7"":2495,""8"":1594}","[-43.68,66.54,-209.23000000000002]","[0.5219022951963836,-23.336942023143564,64.63059015654177]",0.0,14651160,coil_as_tip,thesis_trusted,False,stale_telemetry
489,repeat,True,ok,T15,T15,15,"[0.0,8.0,0.0,-8.0]","[0,522,0,-522]","{""5"":2125,""6"":2938,""7"":2494,""8"":1321}","{""5"":2126,""6"":2678,""7"":2495,""8"":1594}","{""5"":2126,""6"":2939,""7"":2494,""8"":1383}","[-31.94,82.0,-210.71]","[1.0124400275904861,-38.89504893986394,52.93724666971154]",0.0381147529988084,14652912,coil_as_tip,thesis_trusted,True,
490,approach,True,ok,T03,T03,3,"[0.0,-4.0,0.0,4.0]","[0,-261,0,261]","{""5"":2125,""6"":2155,""7"":2494,""8"":2104}","{""5"":2126,""6"":2939,""7"":2494,""8"":1383}","{""5"":2126,""6"":2187,""7"":2494,""8"":2105}","[-44.96,22.13,-206.83]","[1.116719235056621,21.137285257101553,65.78635857329223]",0.0,14654656,coil_as_tip,thesis_trusted,True,
491,repeat,True,ok,T15,T15,15,"[0.0,8.0,0.0,-8.0]","[0,522,0,-522]","{""5"":2125,""6"":2938,""7"":2494,""8"":1321}","{""5"":2126,""6"":2187,""7"":2494,""8"":2105}","{""5"":2126,""6"":2939,""7"":2495,""8"":1386}","[-32.31,81.62,-209.81]","[0.13834406002871447,-38.454163851735444,53.30176906759433]",0.0,14656408,coil_as_tip,thesis_trusted,True,
492,approach,True,ok,T13,T13,13,"[8.0,0.0,-8.0,0.0]","[522,0,-522,0]","{""5"":2647,""6"":2416,""7"":1972,""8"":1843}","{""5"":2126,""6"":2939,""7"":2495,""8"":1386}","{""5"":2647,""6"":2418,""7"":2035,""8"":1844}","[-31.63,50.09,-168.57]","[-38.87723117075842,-4.216875684742213,52.3353900627242]",0.0,14658136,coil_as_tip,thesis_trusted,True,
493,repeat,True,ok,T15,T15,15,"[0.0,8.0,0.0,-8.0]","[0,522,0,-522]","{""5"":2125,""6"":2938,""7"":2494,""8"":1321}","{""5"":2647,""6"":2418,""7"":2035,""8"":1844}","{""5"":2126,""6"":2939,""7"":2494,""8"":1384}","[-31.970000000000002,81.88,-206.22]","[-3.45933261130088,-38.47244059643093,52.944433750036524]",0.0,14659856,coil_as_tip,thesis_trusted,True,
494,approach,True,ok,T02,T02,2,"[-2.8284271247461903,-2.82842712474619,2.8284271247461903,2.82842712474619]","[-184,-184,184,184]","{""5"":1941,""6"":2232,""7"":2678,""8"":2027}","{""5"":2126,""6"":2939,""7"":2494,""8"":1384}","{""5"":1959,""6"":2256,""7"":2677,""8"":2029}","[-45.63,29.560000000000002,-219.38]","[13.133591354598366,12.879799472682592,66.53803202812385]",0.03705896100291284,14661568,coil_as_tip,thesis_trusted,True,
495,repeat,True,ok,T15,T15,15,"[0.0,8.0,0.0,-8.0]","[0,522,0,-522]","{""5"":2125,""6"":2938,""7"":2494,""8"":1321}","{""5"":1959,""6"":2256,""7"":2677,""8"":2029}","{""5"":2126,""6"":2939,""7"":2494,""8"":1386}","[-32.32,81.67,-209.34]","[-0.33400092598429865,-38.47232541389478,53.30953899991569]",0.03827278999960981,14663312,coil_as_tip,thesis_trusted,True,
496,approach,True,ok,T04,T04,4,"[2.82842712474619,-2.8284271247461903,-2.82842712474619,2.8284271247461903]","[184,-184,-184,184]","{""5"":2309,""6"":2232,""7"":2310,""8"":2027}","{""5"":2126,""6"":2939,""7"":2494,""8"":1386}","{""5"":2309,""6"":2256,""7"":2328,""8"":2029}","[-45.44,31.48,-191.55]","[-14.76129066716635,12.84043253103465,66.2133672229302]",0.0,14665072,coil_as_tip,thesis_trusted,True,
497,repeat,True,ok,T15,T15,15,"[0.0,8.0,0.0,-8.0]","[0,522,0,-522]","{""5"":2125,""6"":2938,""7"":2494,""8"":1321}","{""5"":2309,""6"":2256,""7"":2328,""8"":2029}","{""5"":2126,""6"":2939,""7"":2494,""8"":1386}","[-32.31,81.61,-208.08]","[-1.5870212456142099,-38.32751905391541,53.293070948905985]",0.0,14666800,coil_as_tip,thesis_trusted,True,
498,approach,True,ok,T08,T08,8,"[-2.8284271247461894,2.8284271247461907,2.8284271247461894,-2.8284271247461907]","[-184,184,184,-184]","{""5"":1941,""6"":2600,""7"":2678,""8"":1659}","{""5"":2126,""6"":2939,""7"":2494,""8"":1386}","{""5"":1961,""6"":2601,""7"":2677,""8"":1667}","[-44.78,58.550000000000004,-220.67000000000002]","[12.469335150849304,-16.13350981441772,65.7677412344362]",0.0,14668520,coil_as_tip,thesis_trusted,True,
499,repeat,True,ok,T15,T15,15,"[0.0,8.0,0.0,-8.0]","[0,522,0,-522]","{""5"":2125,""6"":2938,""7"":2494,""8"":1321}","{""5"":1961,""6"":2601,""7"":2677,""8"":1667}","{""5"":2126,""6"":2939,""7"":2494,""8"":1383}","[-32.13,81.74,-210.02]","[0.340638859316698,-38.588566646397354,53.1231277986554]",0.0,14670272,coil_as_tip,thesis_trusted,True,
500,approach,True,ok,T00,T00,0,"[0.0,0.0,0.0,0.0]","[0,0,0,0]","{""5"":2125,""6"":2416,""7"":2494,""8"":1843}","{""5"":2126,""6"":2939,""7"":2494,""8"":1383}","{""5"":2127,""6"":2422,""7"":2497,""8"":1844}","[-49.2,44.88,-206.32]","[-0.9471131187897299,-1.5143177729595294,70.0812015487391]",0.0,14672016,coil_as_tip,thesis_trusted,True,
501,repeat,True,ok,T15,T15,15,"[0.0,8.0,0.0,-8.0]","[0,522,0,-522]","{""5"":2125,""6"":2938,""7"":2494,""8"":1321}","{""5"":2127,""6"":2422,""7"":2497,""8"":1844}","{""5"":2126,""6"":2939,""7"":2495,""8"":1385}","[-32.29,81.74,-209.21]","[-0.4682799802590125,-38.533484591520235,53.279064574978314]",0.0,14673728,coil_as_tip,thesis_trusted,True,
502,approach,True,ok,T16,T16,16,"[-5.656854249492373,5.656854249492388,5.656854249492373,-5.656854249492388]","[-369,369,369,-369]","{""5"":1756,""6"":2785,""7"":2863,""8"":1474}","{""5"":null,""6"":2939,""7"":2495,""8"":1385}","{""5"":1791,""6"":2785,""7"":2862,""8"":1487}","[-34.07,69.66,-231.82]","[22.896173360659844,-28.00071802169694,55.14187118481113]",0.0,14675456,coil_as_tip,thesis_trusted,True,
503,repeat,True,ok,T15,T15,15,"[0.0,8.0,0.0,-8.0]","[0,522,0,-522]","{""5"":2125,""6"":2938,""7"":2494,""8"":1321}","{""5"":1791,""6"":2785,""7"":2862,""8"":1487}","{""5"":2127,""6"":2939,""7"":2495,""8"":1385}","[-32.22,81.51,-212.06]","[2.3910479932616227,-38.49640729629907,53.22277235507787]",0.03793262399995001,14677184,coil_as_tip,thesis_trusted,True,
504,approach,True,ok,T05,T05,5,"[4.0,0.0,-4.0,0.0]","[261,0,-261,0]","{""5"":2386,""6"":2416,""7"":2233,""8"":1843}","{""5"":2126,""6"":2939,""7"":2495,""8"":1385}","{""5"":2387,""6"":2420,""7"":2261,""8"":1845}","[-44.45,48.160000000000004,-185.58]","[-21.83792730943918,-3.401752079189606,65.23558763599038]",0.038091738999355584,14678920,coil_as_tip,thesis_trusted,True,
505,repeat,True,ok,T15,T15,15,"[0.0,8.0,0.0,-8.0]","[0,522,0,-522]","{""5"":2125,""6"":2938,""7"":2494,""8"":1321}","{""5"":2387,""6"":2420,""7"":2261,""8"":1845}","{""5"":2126,""6"":2939,""7"":2493,""8"":1384}","[-32.160000000000004,81.79,-207.98000000000002]","[-1.6982088325062819,-38.50079350462238,53.14302667126327]",0.0,14680696,coil_as_tip,thesis_trusted,True,
506,approach,True,ok,T01,T01,1,"[-4.0,0.0,4.0,0.0]","[-261,0,261,0]","{""5"":1864,""6"":2416,""7"":2755,""8"":1843}","{""5"":2126,""6"":2939,""7"":2493,""8"":1384}","{""5"":1893,""6"":2421,""7"":2754,""8"":1844}","[-44.78,45.46,-227.32]","[19.98704854048475,-3.5218253386218024,65.7680137488431]",0.0,14682432,coil_as_tip,thesis_trusted,True,
507,repeat,True,ok,T15,T15,15,"[0.0,8.0,0.0,-8.0]","[0,522,0,-522]","{""5"":2125,""6"":2938,""7"":2494,""8"":1321}","{""5"":1893,""6"":2420,""7"":2754,""8"":1844}","{""5"":2127,""6"":2939,""7"":2494,""8"":1384}","[-32.1,81.83,-210.68]","[0.9932023742484546,-38.722956169491354,53.09666433209367]",0.03652545400109375,14684176,coil_as_tip,thesis_trusted,True,
508,approach,True,ok,T11,T11,11,"[0.0,-8.0,0.0,8.0]","[0,-522,0,522]","{""5"":2125,""6"":1894,""7"":2494,""8"":2365}","{""5"":2126,""6"":2939,""7"":2494,""8"":1384}","{""5"":2126,""6"":1961,""7"":2493,""8"":2365}","[-32.61,5.09,-205.62]","[1.1185255046309521,38.18472251883061,53.38744412303483]",0.0,14685912,coil_as_tip,thesis_trusted,True,
509,repeat,True,ok,T15,T15,15,"[0.0,8.0,0.0,-8.0]","[0,522,0,-522]","{""5"":2125,""6"":2938,""7"":2494,""8"":1321}","{""5"":2126,""6"":1961,""7"":2493,""8"":2365}","{""5"":2126,""6"":2939,""7"":2495,""8"":1387}","[-32.5,81.49,-209.56]","[-0.10323297677848586,-38.30705776278239,53.49018439043296]",0.0,14687672,coil_as_tip,thesis_trusted,True,
510,approach,True,ok,T14,T14,14,"[5.656854249492377,5.656854249492383,-5.656854249492377,-5.656854249492383]","[369,369,-369,-369]","{""5"":2494,""6"":2785,""7"":2125,""8"":1474}","{""5"":2126,""6"":2939,""7"":2494,""8"":1387}","{""5"":2495,""6"":2785,""7"":2166,""8"":1488}","[-33.78,71.12,-183.93]","[-24.98127816756977,-26.228615182681892,54.61548093986381]",0.0,14689400,coil_as_tip,thesis_trusted,True,
511,repeat,True,ok,T15,T15,15,"[0.0,8.0,0.0,-8.0]","[0,522,0,-522]","{""5"":2125,""6"":2938,""7"":2494,""8"":1321}","{""5"":2495,""6"":2785,""7"":2166,""8"":1488}","{""5"":2126,""6"":2939,""7"":2493,""8"":1385}","[-32.19,81.71000000000001,-206.24]","[-3.4289746066801854,-38.303548220179124,53.164101127677036]",0.0,14691144,coil_as_tip,thesis_trusted,True,
512,approach,True,ok,T10,T10,10,"[-5.6568542494923815,-5.656854249492379,5.6568542494923815,5.656854249492379]","[-369,-369,369,369]","{""5"":1756,""6"":2047,""7"":2863,""8"":2212}","{""5"":2126,""6"":2939,""7"":2493,""8"":1385}","{""5"":1788,""6"":2087,""7"":2862,""8"":2214}","[-35.300000000000004,17.490000000000002,-229.82]","[24.413737445082546,24.188693542107934,56.23004390706695]",0.0,14692872,coil_as_tip,thesis_trusted,True,
513,repeat,True,ok,T16,T16,16,"[-5.656854249492373,5.656854249492388,5.656854249492373,-5.656854249492388]","[-369,369,369,-369]","{""5"":1756,""6"":2785,""7"":2863,""8"":1474}","{""5"":1788,""6"":2087,""7"":2862,""8"":2214}","{""5"":1787,""6"":2785,""7"":2864,""8"":1513}","[-35.11,67.58,-232.05]","[23.260920645445367,-25.937999737685246,56.17775375491523]",0.0,14694632,coil_as_tip,thesis_trusted,True,
514,approach,True,ok,T07,T07,7,"[0.0,4.0,0.0,-4.0]","[0,261,0,-261]","{""5"":2125,""6"":2677,""7"":2494,""8"":1582}","{""5"":1787,""6"":2785,""7"":2864,""8"":1513}","{""5"":2126,""6"":2678,""7"":2498,""8"":1594}","[-43.86,65.86,-210.66]","[1.993626000002024,-22.754414568124886,64.81603853443325]",0.0,14696360,coil_as_tip,thesis_trusted,True,
515,repeat,True,ok,T16,T16,16,"[-5.656854249492373,5.656854249492388,5.656854249492373,-5.656854249492388]","[-369,369,369,-369]","{""5"":1756,""6"":2785,""7"":2863,""8"":1474}","{""5"":2126,""6"":2678,""7"":2498,""8"":1594}","{""5"":1790,""6"":2785,""7"":2862,""8"":1510}","[-34.99,67.92,-232.17000000000002]","[23.358292318438856,-26.285659880549005,56.05921607161405]",0.0,14698112,coil_as_tip,thesis_trusted,False,stale_telemetry
516,approach,True,ok,T08,T08,8,"[-2.8284271247461894,2.8284271247461907,2.8284271247461894,-2.8284271247461907]","[-184,184,184,-184]","{""5"":1941,""6"":2600,""7"":2678,""8"":1659}","{""5"":1790,""6"":2785,""7"":2862,""8"":1510}","{""5"":1948,""6"":2601,""7"":2679,""8"":1666}","[-44.51,57.910000000000004,-222.33]","[14.170008454093988,-15.607688121053087,65.50445078185962]",0.0,14699856,coil_as_tip,thesis_trusted,True,
517,repeat,True,ok,T16,T16,16,"[-5.656854249492373,5.656854249492388,5.656854249492373,-5.656854249492388]","[-369,369,369,-369]","{""5"":1756,""6"":2785,""7"":2863,""8"":1474}","{""5"":1948,""6"":2601,""7"":2679,""8"":1666}","{""5"":1790,""6"":2785,""7"":2862,""8"":1509}","[-34.910000000000004,68.01,-232.27]","[23.452379313728358,-26.38242708594352,55.97994599354213]",0.03620152399525978,14701592,coil_as_tip,thesis_trusted,True,
518,approach,True,ok,T13,T13,13,"[8.0,0.0,-8.0,0.0]","[522,0,-522,0]","{""5"":2647,""6"":2416,""7"":1972,""8"":1843}","{""5"":1790,""6"":2785,""7"":2862,""8"":1509}","{""5"":2647,""6"":2417,""7"":2037,""8"":1844}","[-31.88,48.95,-168.78]","[-38.59202538965755,-3.0929229662818116,52.58355925721078]",0.038767778998590074,14703328,coil_as_tip,thesis_trusted,True,
519,repeat,True,ok,T16,T16,16,"[-5.656854249492373,5.656854249492388,5.656854249492373,-5.656854249492388]","[-369,369,369,-369]","{""5"":1756,""6"":2785,""7"":2863,""8"":1474}","{""5"":2647,""6"":2417,""7"":2037,""8"":1845}","{""5"":1791,""6"":2785,""7"":2862,""8"":1508}","[-35.160000000000004,68.31,-231.46]","[22.622790288783108,-26.626403591430915,56.2266391520621]",0.023063393993652426,14705080,coil_as_tip,thesis_trusted,True,
520,approach,True,ok,T09,T09,9,"[-8.0,0.0,8.0,0.0]","[-522,0,522,0]","{""5"":1603,""6"":2416,""7"":3016,""8"":1843}","{""5"":1790,""6"":2785,""7"":2862,""8"":1508}","{""5"":1663,""6"":2418,""7"":3015,""8"":1845}","[-32.43,46.5,-244.29]","[36.90772107068884,-5.739175835740923,53.50590961054277]",0.0,14706832,coil_as_tip,thesis_trusted,True,
521,repeat,True,ok,T16,T16,16,"[-5.656854249492373,5.656854249492388,5.656854249492373,-5.656854249492388]","[-369,369,369,-369]","{""5"":1756,""6"":2785,""7"":2863,""8"":1474}","{""5"":1663,""6"":2418,""7"":3015,""8"":1845}","{""5"":1769,""6"":2785,""7"":2864,""8"":1511}","[-34.22,67.75,-233.23000000000002]","[24.431052752621866,-26.189732724738846,55.2941127899392]",0.03764022299583303,14708560,coil_as_tip,thesis_trusted,True,
522,approach,True,ok,T02,T02,2,"[-2.8284271247461903,-2.82842712474619,2.8284271247461903,2.82842712474619]","[-184,-184,184,184]","{""5"":1941,""6"":2232,""7"":2678,""8"":2027}","{""5"":1770,""6"":2785,""7"":2864,""8"":1510}","{""5"":1947,""6"":2257,""7"":2678,""8"":2029}","[-45.15,29.57,-221.11]","[14.861275747413089,12.751782659263725,66.06673770998856]",0.0,14710312,coil_as_tip,thesis_trusted,True,
523,repeat,True,ok,T16,T16,16,"[-5.656854249492373,5.656854249492388,5.656854249492373,-5.656854249492388]","[-369,369,369,-369]","{""5"":1756,""6"":2785,""7"":2863,""8"":1474}","{""5"":1947,""6"":2257,""7"":2678,""8"":2029}","{""5"":1786,""6"":2785,""7"":2862,""8"":1512}","[-34.83,67.73,-232.36]","[23.56144613995997,-26.109363742400447,55.89969116297822]",0.037842235004063696,14712040,coil_as_tip,thesis_trusted,True,
524,approach,True,ok,T05,T05,5,"[4.0,0.0,-4.0,0.0]","[261,0,-261,0]","{""5"":2386,""6"":2416,""7"":2233,""8"":1843}","{""5"":1786,""6"":2785,""7"":2862,""8"":1512}","{""5"":2387,""6"":2418,""7"":2264,""8"":1845}","[-44.56,46.71,-185.97]","[-21.351547301611248,-1.9810453507341848,65.34387835446064]",0.0,14713792,coil_as_tip,thesis_trusted,True,
525,repeat,True,ok,T16,T16,16,"[-5.656854249492373,5.656854249492388,5.656854249492373,-5.656854249492388]","[-369,369,369,-369]","{""5"":1756,""6"":2785,""7"":2863,""8"":1474}","{""5"":2387,""6"":2418,""7"":2264,""8"":1844}","{""5"":1790,""6"":2785,""7"":2862,""8"":1508}","[-34.88,68.33,-231.77]","[22.932084437791787,-26.66806407705407,55.94824817999828]",0.038932809002290014,14715504,coil_as_tip,thesis_trusted,True,
526,approach,True,ok,T03,T03,3,"[0.0,-4.0,0.0,4.0]","[0,-261,0,261]","{""5"":2125,""6"":2155,""7"":2494,""8"":2104}","{""5"":1790,""6"":2785,""7"":2862,""8"":1508}","{""5"":2126,""6"":2187,""7"":2495,""8"":2104}","[-44.910000000000004,22.18,-207.91]","[2.1911159945741474,21.0144234148029,65.74189993132961]",0.0,14717248,coil_as_tip,thesis_trusted,True,
527,repeat,True,ok,T16,T16,16,"[-5.656854249492373,5.656854249492388,5.656854249492373,-5.656854249492388]","[-369,369,369,-369]","{""5"":1756,""6"":2785,""7"":2863,""8"":1474}","{""5"":2126,""6"":2187,""7"":2495,""8"":2104}","{""5"":1788,""6"":2785,""7"":2862,""8"":1512}","[-35.0,67.78,-232.05]","[23.247961865239006,-26.137858033452844,56.06826068833823]",0.0,14718984,coil_as_tip,thesis_trusted,True,
528,approach,True,ok,T00,T00,0,"[0.0,0.0,0.0,0.0]","[0,0,0,0]","{""5"":2125,""6"":2416,""7"":2494,""8"":1843}","{""5"":1788,""6"":2785,""7"":2862,""8"":1512}","{""5"":2126,""6"":2421,""7"":2500,""8"":1845}","[-49.09,43.97,-207.22]","[0.012738709610744081,-0.6674016888280434,69.97341651287752]",0.0,14720720,coil_as_tip,thesis_trusted,True,
529,repeat,True,ok,T16,T16,16,"[-5.656854249492373,5.656854249492388,5.656854249492373,-5.656854249492388]","[-369,369,369,-369]","{""5"":1756,""6"":2785,""7"":2863,""8"":1474}","{""5"":2126,""6"":2421,""7"":2500,""8"":1845}","{""5"":1789,""6"":2785,""7"":2862,""8"":1511}","[-34.87,68.02,-232.14000000000001]","[23.322195645074657,-26.383751684569418,55.9393201661124]",0.0,14722448,coil_as_tip,thesis_trusted,True,
530,approach,True,ok,T01,T01,1,"[-4.0,0.0,4.0,0.0]","[-261,0,261,0]","{""5"":1864,""6"":2416,""7"":2755,""8"":1843}","{""5"":1789,""6"":2785,""7"":2862,""8"":1510}","{""5"":1874,""6"":2419,""7"":2756,""8"":1845}","[-44.08,45.02,-229.02]","[21.7162175567249,-3.1994741349471667,65.07543580033145]",0.0,14724184,coil_as_tip,thesis_trusted,True,
531,repeat,True,ok,T16,T16,16,"[-5.656854249492373,5.656854249492388,5.656854249492373,-5.656854249492388]","[-369,369,369,-369]","{""5"":1756,""6"":2785,""7"":2863,""8"":1474}","{""5"":null,""6"":2419,""7"":2756,""8"":1845}","{""5"":1787,""6"":2785,""7"":2862,""8"":1511}","[-34.84,68.06,-232.22]","[23.39945941066091,-26.429141244362597,55.909822735898665]",0.0,14725920,coil_as_tip,thesis_trusted,True,
532,approach,True,ok,T12,T12,12,"[5.6568542494923735,-5.656854249492387,-5.6568542494923735,5.656854249492387]","[369,-369,-369,369]","{""5"":2494,""6"":2047,""7"":2125,""8"":2212}","{""5"":1787,""6"":2785,""7"":2862,""8"":1511}","{""5"":2495,""6"":2083,""7"":2166,""8"":2213}","[-35.34,20.0,-180.94]","[-24.523865971825984,24.980897837533107,56.03133768248212]",0.0,14727672,coil_as_tip,thesis_trusted,True,
533,repeat,True,ok,T16,T16,16,"[-5.656854249492373,5.656854249492388,5.656854249492373,-5.656854249492388]","[-369,369,369,-369]","{""5"":1756,""6"":2785,""7"":2863,""8"":1474}","{""5"":2495,""6"":2083,""7"":2166,""8"":2213}","{""5"":1789,""6"":2785,""7"":2862,""8"":1512}","[-35.1,67.84,-231.96]","[23.153637671826772,-26.1913659466005,56.16795948355521]",0.0,14729400,coil_as_tip,thesis_trusted,True,
534,approach,True,ok,T14,T14,14,"[5.656854249492377,5.656854249492383,-5.656854249492377,-5.656854249492383]","[369,369,-369,-369]","{""5"":2494,""6"":2785,""7"":2125,""8"":1474}","{""5"":1789,""6"":2785,""7"":2862,""8"":1511}","{""5"":2495,""6"":2785,""7"":2168,""8"":1508}","[-34.980000000000004,69.68,-184.05]","[-24.77022086891796,-24.796561790465688,55.812426176091385]",0.0,14731128,coil_as_tip,thesis_trusted,True,
535,repeat,True,ok,T16,T16,16,"[-5.656854249492373,5.656854249492388,5.656854249492373,-5.656854249492388]","[-369,369,369,-369]","{""5"":1756,""6"":2785,""7"":2863,""8"":1474}","{""5"":2495,""6"":2785,""7"":2168,""8"":1508}","{""5"":1791,""6"":2785,""7"":2862,""8"":1508}","[-35.13,68.07000000000001,-231.54]","[22.718940387125826,-26.392431725487413,56.19643444157524]",0.0,14732856,coil_as_tip,thesis_trusted,True,
536,approach,True,ok,T06,T06,6,"[2.8284271247461907,2.82842712474619,-2.8284271247461907,-2.82842712474619]","[184,184,-184,-184]","{""5"":2309,""6"":2600,""7"":2310,""8"":1659}","{""5"":1791,""6"":2785,""7"":2862,""8"":1508}","{""5"":2309,""6"":2601,""7"":2333,""8"":1666}","[-44.94,58.980000000000004,-194.44]","[-13.730398197744933,-14.793175129614795,65.7973283139475]",0.03657975999522023,14734592,coil_as_tip,thesis_trusted,True,
537,repeat,True,ok,T16,T16,16,"[-5.656854249492373,5.656854249492388,5.656854249492373,-5.656854249492388]","[-369,369,369,-369]","{""5"":1756,""6"":2785,""7"":2863,""8"":1474}","{""5"":2309,""6"":2601,""7"":2333,""8"":1666}","{""5"":1791,""6"":2785,""7"":2862,""8"":1507}","[-35.0,68.46000000000001,-231.39000000000001]","[22.5436058781751,-26.77179818210962,56.06666964834956]",0.0,14736360,coil_as_tip,thesis_trusted,True,
538,approach,True,ok,T15,T15,15,"[0.0,8.0,0.0,-8.0]","[0,522,0,-522]","{""5"":2125,""6"":2938,""7"":2494,""8"":1321}","{""5"":1791,""6"":2785,""7"":2862,""8"":1507}","{""5"":2126,""6"":2939,""7"":2495,""8"":1386}","[-32.36,81.3,-212.63]","[2.973231542398395,-38.32492567098538,53.36509722041873]",0.0,14738096,coil_as_tip,thesis_trusted,True,
539,repeat,True,ok,T16,T16,16,"[-5.656854249492373,5.656854249492388,5.656854249492373,-5.656854249492388]","[-369,369,369,-369]","{""5"":1756,""6"":2785,""7"":2863,""8"":1474}","{""5"":2126,""6"":2939,""7"":2494,""8"":1385}","{""5"":1791,""6"":2785,""7"":2862,""8"":1487}","[-34.160000000000004,69.46000000000001,-231.91]","[22.999022748444872,-27.8069863061731,55.231815755700296]",0.03838907500175992,14739824,coil_as_tip,thesis_trusted,True,
540,approach,True,ok,T11,T11,11,"[0.0,-8.0,0.0,8.0]","[0,-522,0,522]","{""5"":2125,""6"":1894,""7"":2494,""8"":2365}","{""5"":1791,""6"":2785,""7"":2862,""8"":1487}","{""5"":2126,""6"":1961,""7"":2494,""8"":2365}","[-32.59,5.07,-206.88]","[2.377086862282397,38.1196479580868,53.37371056666503]",0.0,14741568,coil_as_tip,thesis_trusted,True,
541,repeat,True,ok,T16,T16,16,"[-5.656854249492373,5.656854249492388,5.656854249492373,-5.656854249492388]","[-369,369,369,-369]","{""5"":1756,""6"":2785,""7"":2863,""8"":1474}","{""5"":2126,""6"":1961,""7"":2494,""8"":2365}","{""5"":1787,""6"":2785,""7"":2863,""8"":1514}","[-35.07,67.62,-232.13]","[23.338232725347694,-25.983417881136745,56.13825648226767]",0.03904182999394834,14743304,coil_as_tip,thesis_trusted,True,
542,approach,True,ok,T04,T04,4,"[2.82842712474619,-2.8284271247461903,-2.82842712474619,2.8284271247461903]","[184,-184,-184,184]","{""5"":2309,""6"":2232,""7"":2310,""8"":2027}","{""5"":1787,""6"":2785,""7"":2863,""8"":1513}","{""5"":2309,""6"":2252,""7"":2332,""8"":2029}","[-45.52,30.5,-192.79]","[-13.458413529339936,13.734803167827906,66.29710686570009]",0.03710279999359045,14745064,coil_as_tip,thesis_trusted,True,
543,repeat,True,ok,T16,T16,16,"[-5.656854249492373,5.656854249492388,5.656854249492373,-5.656854249492388]","[-369,369,369,-369]","{""5"":1756,""6"":2785,""7"":2863,""8"":1474}","{""5"":2309,""6"":2252,""7"":2332,""8"":2029}","{""5"":1789,""6"":2785,""7"":2862,""8"":1511}","[-35.13,67.77,-232.13]","[23.327825161188827,-26.132904285831515,56.19863443701694]",0.0,14746808,coil_as_tip,thesis_trusted,True,
