DATE: 2026-5-14
TIME: 00-41-45
NUM_CABLES: 4
num_coils: 1
NUM_MEASUREMENTS: 710
---
,0,0,0.0,0.0,-0.0,-0.0,2125,2416,2494,1843,2130,2419,2497,1846,-17,-16,-23,-11,5000,5000,5000,5000,-48.95,42.77,-206.07,-1.0530109726256853,0.6070150027372208,69.8246223225581,-0.017798417288507246,-0.01268477782641642,0.9997611278468064
,1,0,0.0,0.0,-0.0,-0.0,2125,2416,2494,1843,2130,2419,2497,1846,-17,-16,-22,-11,5000,5000,5000,5000,-48.96,42.75,-206.08,-1.0417331544015838,0.626323594734032,69.83462177710351,-0.01789530621069884,-0.012517651533937038,0.999761504767862
,2,0,0.0,-0.23333333333333334,-0.0,0.23333333333333334,2125,2264,2494,1995,2126,2287,2494,1996,-2,-72,-9,0,5000,5000,4900,5000,-47.52,29.75,-205.75,-0.4871550329478396,13.614813971206267,68.36015209362643,0.010459804538974054,0.3242752821097015,0.9459049285745792
,3,0,-0.35,0.23333333333333328,0.35,-0.23333333333333328,1897,2568,2722,1691,1924,2569,2721,1709,-86,0,21,-50,5000,5000,5000,5000,-44.88,53.120000000000005,-224.31,16.46677955373505,-10.961081791240161,65.87227156919482,0.4733721390110032,-0.30400298594600317,0.8267411944157991
,4,0,0.34999999999999987,-0.5444444444444444,-0.34999999999999987,0.5444444444444444,2353,2061,2266,2198,2353,2099,2290,2199,0,-154,-90,0,5000,5000,5000,4900,-39.02,17.57,-190.43,-14.909463027822,26.775888837229004,59.752716908164224,-0.3531036291456357,0.6523680620620316,0.6706219044182874
,5,0,-0.5249999999999999,-0.07777777777777783,0.5249999999999999,0.07777777777777783,1783,2365,2836,1894,1824,2367,2835,1894,-175,-15,20,0,4800,5000,4900,4800,-41.86,38.51,-232.71,25.847603708289256,3.04048751127349,62.85752527004455,0.7262045595730435,0.04756455490306175,0.6858312844805169
,6,0,0.17500000000000004,0.3888888888888886,-0.17500000000000004,-0.3888888888888886,2239,2670,2380,1589,2239,2671,2395,1616,0,0,-51,-91,5000,5000,5000,5000,-44.28,63.79,-200.99,-7.516643423614482,-20.035810242720387,65.18232532387071,-0.17393415116083508,-0.5544262272012688,0.813854083759077
,7,0,-0.17500000000000004,-0.3888888888888889,0.17500000000000004,0.3888888888888889,2011,2162,2608,2097,2018,2192,2607,2097,-22,-105,23,0,5000,5000,5000,5000,-44.38,22.29,-213.66,7.923094566404501,20.515391301250915,65.24101211782096,0.23858229372114464,0.4998116188654254,0.8326264677332088
,8,0,0.5249999999999999,0.07777777777777783,-0.5249999999999999,-0.07777777777777783,2467,2467,2152,1792,2468,2467,2197,1797,0,0,-199,-13,5000,5000,5100,4900,-41.34,46.03,-179.66,-27.585678918737898,-0.886266827807475,62.09057803538767,-0.7097429552708908,-0.060712250262907975,0.7018396968762565
,9,0,-0.6124999999999999,0.5444444444444443,0.6124999999999999,-0.5444444444444443,1726,2771,2893,1488,1766,2771,2892,1523,-162,0,20,-129,5000,4800,4800,4800,-34.11,66.72,-234.19,25.458861376263258,-25.227136590576407,55.1863254267471,0.6468920716519706,-0.6144573000481733,0.45163356169723723
,10,0,0.08750000000000002,-0.6481481481481481,-0.08750000000000002,0.6481481481481481,2182,1993,2437,2266,2182,2046,2441,2266,0,-238,-24,0,5000,4800,4900,4800,-37.910000000000004,10.89,-203.91,-1.0043835756870294,32.52841831309033,58.69343882420334,0.007179589101944938,0.8177113948644674,0.5755836413668604
,11,0,-0.26249999999999996,-0.18148148148148147,0.26249999999999996,0.18148148148148147,1954,2298,2665,1961,1975,2302,2664,1962,-64,-18,21,0,5000,5000,5000,4900,-46.34,31.57,-219.8,13.413622717857521,10.848089036391023,67.25520365239183,0.4012503603214514,0.2792312079355572,0.8723692342447406
,12,0,0.4375,0.2851851851851852,-0.4375,-0.2851851851851852,2410,2602,2209,1657,2411,2603,2241,1675,0,0,-130,-53,4900,5000,5000,4900,-42.2,56.99,-185.54,-22.462559017123,-12.215347989934145,63.00772714846806,-0.5627927145399131,-0.3429416458905512,0.75210065016238
,13,0,-0.4375,-0.4925925925925926,0.4375,0.4925925925925926,1840,2095,2779,2164,1870,2128,2778,2165,-106,-125,22,0,4900,5000,5100,4900,-39.02,18.37,-224.65,19.178242238657788,23.66998766438661,59.926289861534855,0.5213331676552757,0.5651076476968743,0.639425581922574
,14,0,0.26249999999999996,-0.025925925925925908,-0.26249999999999996,0.025925925925925908,2296,2399,2323,1860,2296,2400,2345,1861,0,0,-77,-11,5000,4900,5000,5000,-47.02,41.5,-191.98000000000002,-15.015769559846945,2.8188022789777776,67.82080853888506,-0.4007280012366296,0.03870664281207387,0.9153790825811532
,15,0,-0.08750000000000002,0.44074074074074043,0.08750000000000002,-0.44074074074074043,2068,2703,2551,1556,2072,2704,2551,1591,-13,0,20,-126,4900,4900,5000,4900,-43.61,66.15,-210.43,1.7457995115111657,-23.028957057170715,64.5656219748554,0.06056402887778417,-0.6318666387102269,0.772707285646467
,16,0,0.6125,-0.337037037037037,-0.6125,0.337037037037037,2524,2196,2095,2063,2524,2218,2140,2063,0,-62,-200,0,5100,5000,4900,4700,-37.28,32.19,-176.06,-30.224298016591632,13.153340910416823,57.977634586562466,-0.7518677568375141,0.30444000987858955,0.5848171993138098
,17,0,-0.65625,0.12962962962962954,0.65625,-0.12962962962962954,1697,2501,2922,1758,1748,2501,2921,1763,-237,0,21,-15,4800,5000,4900,5000,-37.88,45.45,-238.36,31.03578801456632,-4.276085521473441,58.92344308221714,0.8278119746181692,-0.12561840546902645,0.5467607803109028
,18,0,0.043749999999999956,0.5962962962962961,-0.043749999999999956,-0.5962962962962961,2154,2805,2465,1454,2155,2805,2468,1500,0,0,-21,-193,5000,5000,4900,5000,-39.19,73.69,-210.04,0.8694652364588364,-30.538094352130003,60.162782513346485,0.0441984023895688,-0.8079655178761221,0.5875697602407565
,19,0,-0.30624999999999997,-0.5962962962962963,0.30624999999999997,0.5962962962962963,1925,2027,2694,2232,1942,2073,2693,2233,-49,-194,20,0,5000,4800,5000,4800,-38.25,13.38,-217.74,12.624361709855378,29.112402454036097,59.10905594667977,0.3712791306004687,0.7056221687188566,0.6035305809924284
,20,0,0.39375000000000004,-0.12962962962962965,-0.39375000000000004,0.12962962962962965,2382,2331,2237,1928,2383,2334,2269,1929,0,-15,-131,0,5000,5000,5000,5000,-44.38,37.59,-185.41,-21.29424089678986,7.155406103401731,65.13803666241506,-0.5745650143049437,0.1632733695351782,0.8020080118910211
,21,0,-0.48124999999999996,0.337037037037037,0.48124999999999996,-0.337037037037037,1811,2636,2808,1623,1844,2637,2807,1644,-125,0,20,-60,5000,4900,5000,5000,-41.01,57.35,-230.29,22.16646971261332,-15.595775404431905,62.04299654582213,0.5986314796368786,-0.4063442448763381,0.6903076895440471
,22,0,0.21875,-0.4407407407407407,-0.21875,0.4407407407407407,2268,2129,2351,2130,2268,2161,2367,2131,0,-113,-53,0,5000,4900,5000,5000,-43.04,21.03,-196.85,-8.756962663288135,22.90231896579754,63.81357835809685,-0.2017492494571331,0.5583340006517316,0.8047113669258783
,23,0,-0.13124999999999998,0.025925925925925908,0.13124999999999998,-0.025925925925925908,2039,2433,2580,1826,2051,2433,2579,1832,-32,0,20,-13,5000,5000,5000,4900,-48.63,43.57,-214.43,7.235437068008395,-0.7558561994424053,69.54855862704733,0.21211016451486792,-0.050785669409311854,0.9759252501560369
,24,0,0.5687499999999999,0.49259259259259247,-0.5687499999999999,-0.49259259259259247,2496,2737,2123,1522,2496,2738,2164,1553,0,0,-173,-110,5000,4900,4900,4700,-35.78,66.61,-182.03,-26.58238683767712,-21.595052007220517,56.59453205732275,-0.6335463987151403,-0.5586309268113894,0.5353040708652645
,25,0,-0.56875,-0.2851851851851852,0.56875,0.2851851851851852,1754,2230,2865,2029,1791,2249,2864,2030,-149,-55,21,-1,5000,5000,5000,5000,-39.42,30.77,-233.69,27.359221259392342,10.689771918525452,60.40292541748831,0.7387350412610731,0.24152804012565757,0.6292334579836486
,26,0,0.13124999999999998,0.18148148148148147,-0.13124999999999998,-0.18148148148148147,2211,2534,2408,1725,2211,2534,2421,1737,0,0,-42,-31,5000,5000,5000,4900,-47.82,53.01,-200.95000000000002,-6.846531315468013,-9.267579219960567,68.69483872640579,-0.15818189835796773,-0.26991796561505066,0.9498014418130254
,27,0,-0.21875,0.6481481481481481,0.21875,-0.6481481481481481,1982,2839,2637,1420,1993,2840,2636,1471,-28,0,19,-218,4900,5000,4900,4900,-37.37,74.96000000000001,-215.76,6.499501650185067,-32.19614509801342,58.37469479061252,0.17732978655834897,-0.8253457272839566,0.5360583711250921
,28,0,0.48124999999999996,-0.682716049382716,-0.48124999999999996,0.682716049382716,2439,1971,2180,2288,2440,2023,2210,2288,0,-227,-118,0,4900,4700,4900,4800,-33.44,14.02,-184.91,-20.150415962625345,30.67410027267972,54.13616459026512,-0.4833257780338219,0.7390545756850389,0.46924889605305165
,29,0,-0.39375,-0.2160493827160494,0.39375,0.2160493827160494,1868,2275,2751,1984,1897,2280,2750,1985,-104,-18,21,0,4900,4900,5000,5000,-44.03,30.98,-225.58,19.231348396156477,11.040349458359302,64.97272608137268,0.5450847954093786,0.2629232261699019,0.7960866428686812
,30,0,0.3062499999999999,0.2506172839506171,-0.3062499999999999,-0.2506172839506171,2325,2579,2294,1680,2325,2580,2317,1697,0,0,-79,-45,5000,5000,4900,5000,-45.09,55.58,-191.81,-16.125768478863506,-11.223138757479816,65.92555279666183,-0.3978561987208651,-0.32033687231481667,0.8597061901457635
,31,0,-0.043749999999999956,-0.5271604938271605,0.043749999999999956,0.5271604938271605,2096,2072,2523,2187,2098,2112,2523,2188,-13,-165,22,0,5000,4800,4900,5000,-41.46,15.610000000000001,-205.77,0.5158374643423826,27.703895515544563,62.264630189198094,0.05146494738110192,0.71699438905603,0.6951765281230594
,32,0,0.65625,-0.060493827160493896,-0.65625,0.060493827160493896,2553,2377,2066,1882,2553,2379,2120,1882,0,-1,-258,0,5100,4900,5100,4800,-36.69,42.39,-173.05,-33.91255933410878,3.1779049661924716,57.398319321457734,-0.8473294964857743,0.07465077819566042,0.5257946231181387
,33,0,-0.678125,0.4061728395061728,0.678125,-0.4061728395061728,1683,2681,2936,1578,1734,2682,2935,1602,-235,0,20,-77,4900,4800,4900,4700,-35.25,59.06,-237.67000000000002,29.442063500095458,-17.816031587391606,56.324404278351004,0.7583205483492125,-0.44732836608826987,0.47418063946575073
,34,0,0.021874999999999978,-0.37160493827160496,-0.021874999999999978,0.37160493827160496,2139,2174,2480,2085,2140,2204,2483,2085,0,-105,-22,0,5000,5000,5000,5000,-45.230000000000004,22.98,-206.72,0.9483330418786693,20.297413716244954,66.05794996639264,0.056557976231377906,0.5042127589129682,0.8617254139654833
,35,0,-0.328125,0.09506172839506188,0.328125,-0.09506172839506188,1911,2478,2708,1781,1937,2478,2707,1789,-83,0,22,-22,5000,5000,5000,5000,-46.12,45.7,-224.04,16.69189445974922,-3.5362513968066267,67.09215553621229,0.4895601630216422,-0.11532557793483933,0.8643094687993523
,36,0,0.37187499999999996,0.5617283950617284,-0.37187499999999996,-0.5617283950617284,2367,2782,2252,1477,2367,2782,2277,1515,0,0,-91,-145,5100,5000,5000,4800,-38.28,71.06,-193.06,-15.88987222981629,-26.77159759628151,59.16102911071207,-0.3744840888665972,-0.6985510162249079,0.6097443274987498
,37,0,-0.5031249999999999,-0.6308641975308642,0.5031249999999999,0.6308641975308642,1797,2005,2822,2254,1830,2051,2821,2254,-122,-193,20,0,5000,4800,5000,4700,-34.57,13.43,-226.05,20.92974620814448,28.491588571958435,55.47090003201658,0.5681849149251125,0.6640422167623465,0.4860183502799999
,38,0,0.19687500000000002,-0.16419753086419753,-0.19687500000000002,0.16419753086419753,2253,2309,2366,1950,2253,2314,2386,1951,0,-17,-63,0,5000,5000,5000,5000,-47.35,33.8,-196.3,-10.187878792041829,10.210852926958225,68.15301021232162,-0.252699016753176,0.2383590424937997,0.9377249990233898
,39,0,-0.15312499999999996,0.30246913580246915,0.15312499999999996,-0.30246913580246915,2025,2613,2594,1646,2033,2614,2593,1668,-25,0,22,-66,5000,5000,5000,4900,-46.12,58.59,-214.59,6.394080851683725,-15.7595658171212,67.07734082490506,0.18465490673115809,-0.43425972451653017,0.8816581293692778
,40,0,0.546875,-0.47530864197530864,-0.546875,0.47530864197530864,2482,2106,2137,2153,2483,2138,2176,2154,0,-120,-163,0,5000,4900,5000,4800,-37.15,24.18,-179.96,-25.79231349025494,20.881693644173914,57.8469548982349,-0.6296739485686077,0.4996779164814513,0.5948383799611232
,41,0,-0.590625,-0.00864197530864197,0.590625,0.00864197530864197,1740,2410,2879,1849,1785,2411,2878,1850,-197,0,21,0,5000,5000,5000,5000,-39.79,39.86,-235.8,28.849472277852072,1.4792663570368774,60.80645881606627,0.7916888737614795,0.007981548774634547,0.6108723451273912
,42,0,0.109375,0.4580246913580246,-0.109375,-0.4580246913580246,2196,2715,2423,1544,2196,2716,2432,1579,0,0,-32,-126,5000,4900,4900,5000,-43.13,67.1,-205.61,-3.124926458335892,-23.65311170031046,64.06386555177298,-0.05848748125415828,-0.6490351652283565,0.7585068021010385
,43,0,-0.24062499999999998,-0.3197530864197531,0.24062499999999998,0.3197530864197531,1968,2208,2651,2051,1980,2234,2650,2052,-32,-86,22,-10,5000,4900,5000,4900,-45.11,26.48,-218.06,12.026875001473996,16.04030686181848,66.0036426972568,0.34766782455222184,0.3845166482282819,0.8551456197668403
,44,0,0.45937499999999987,0.1469135802469136,-0.45937499999999987,-0.1469135802469136,2424,2512,2195,1747,2425,2512,2231,1754,0,0,-150,-21,5000,5000,5000,4900,-42.95,49.72,-183.26,-24.250593251021883,-4.806025879363162,63.72792117802527,-0.6223746700613676,-0.16387484534855337,0.7653723310441727
,45,0,-0.41562499999999997,0.61358024691358,0.41562499999999997,-0.61358024691358,1854,2816,2765,1443,1879,2817,2764,1486,-81,0,18,-175,5000,5000,4900,5000,-36.36,71.93,-224.81,15.738041935518567,-29.786255522064437,57.402426500477205,0.40769103191507106,-0.7460328445414125,0.526519721721299
,46,0,0.28437499999999993,-0.5790123456790123,-0.28437499999999993,0.5790123456790123,2310,2039,2309,2220,2310,2083,2326,2221,0,-182,-56,0,5000,5000,5000,4900,-39.08,15.82,-193.63,-11.599038527003785,28.306267901512886,59.824337743009046,-0.27215871260790553,0.6972622775868764,0.6631402200183374
,47,0,-0.06562500000000004,-0.11234567901234571,0.06562500000000004,0.11234567901234571,2082,2343,2537,1916,2089,2347,2539,1916,-23,-17,-4,0,5000,5000,5000,5000,-48.56,35.07,-210.09,3.4790451627820573,8.017239003743178,69.43533137682653,0.11428876851558159,0.1939827075395465,0.9743247849494638
,48,0,0.6343749999999999,0.35432098765432096,-0.6343749999999999,-0.35432098765432096,2539,2647,2080,1612,2539,2648,2126,1634,0,0,-208,-62,5000,4800,4800,4900,-36.08,59.06,-177.17000000000002,-30.923454657728882,-13.733664898292389,56.851091807263444,-0.7586656860048205,-0.367561632336904,0.5378892295934776
,49,0,-0.6343749999999999,-0.42345679012345677,0.6343749999999999,0.42345679012345677,1711,2140,2908,2119,1757,2165,2907,2120,-202,-80,22,0,5100,5000,5000,5000,-35.92,23.38,-234.33,28.513130513811745,18.009753569106067,56.88752187483089,0.7549888688434138,0.40730908451154146,0.5138979641883329
,50,0,0.06562500000000004,0.043209876543209735,-0.06562500000000004,-0.043209876543209735,2168,2444,2451,1815,2169,2444,2459,1821,0,0,-32,-15,5000,5000,5000,5000,-49.08,45.27,-202.98000000000002,-4.305193640271256,-1.6785286766173826,69.9454444481295,-0.09064432601250992,-0.07602747777143819,0.9929770535039824
,51,0,-0.284375,0.5098765432098762,0.284375,-0.5098765432098762,1940,2748,2679,1511,1956,2749,2678,1547,-45,0,19,-134,4900,5000,4800,5000,-40.730000000000004,68.12,-220.02,11.1948825055498,-25.649425991043174,61.73872028955057,0.3015182704751754,-0.6720200793878813,0.6763695332206832
,52,0,0.4156249999999999,-0.2679012345679012,-0.4156249999999999,0.2679012345679012,2396,2241,2223,2018,2397,2260,2252,2019,0,-56,-112,-2,5000,5000,5000,4900,-43.050000000000004,32.980000000000004,-184.64000000000001,-21.745102489584497,11.803018007213048,63.79255258012572,-0.5424783328414442,0.2651597108036223,0.79712457380519
,53,0,-0.459375,0.1987654320987654,0.459375,-0.1987654320987654,1826,2546,2793,1713,1861,2546,2792,1724,-134,0,19,-26,5000,5000,5000,5000,-42.99,50.53,-229.63,21.958431404086582,-8.74116065651117,64.00242930041543,0.6114669646779028,-0.24223662748869643,0.7532792094638582
,54,0,0.24062499999999998,0.6654320987654319,-0.24062499999999998,-0.6654320987654319,2282,2850,2337,1409,2282,2851,2353,1456,0,0,-52,-193,5000,5100,5100,5000,-36.42,76.39,-201.32,-7.999308755749439,-32.65179567036779,57.35593114349982,-0.17272950313851754,-0.8406875556832178,0.5132338185124764
,55,0,-0.109375,-0.6654320987654321,0.109375,0.6654320987654321,2054,1982,2565,2277,2057,2038,2565,2277,-14,-261,0,0,5000,4900,5000,5000,-37.39,10.07,-208.11,3.243824427420094,33.06182258258292,58.19243119190242,0.123462134773296,0.8258042220343084,0.5502767377852087
,56,0,0.590625,-0.1987654320987654,-0.590625,0.1987654320987654,2510,2286,2109,1973,2510,2290,2153,1974,0,-16,-189,0,5000,5000,5000,4900,-38.63,37.15,-176.06,-30.56537834380589,8.208511591238953,59.340142279966926,-0.776265652011376,0.2043930083761597,0.5963515201911501
,57,0,-0.546875,0.26790123456790116,0.546875,-0.26790123456790116,1768,2591,2851,1668,1808,2591,2850,1683,-163,-3,21,-37,5000,4900,4900,4900,-40.31,53.31,-233.24,25.385601603630477,-11.765931843051462,61.347591510185296,0.6877610338598336,-0.3090075147443098,0.6568859232283777
,58,0,0.15312499999999996,-0.5098765432098765,-0.15312499999999996,0.5098765432098765,2225,2084,2394,2175,2225,2123,2405,2175,0,-157,-36,0,5000,4900,4800,5000,-41.77,17.25,-200.66,-4.694582810865086,26.413129608055513,62.553150427259304,-0.09528396346167331,0.6579042235550495,0.7470495291046382
,59,0,-0.19687500000000002,-0.04320987654320996,0.19687500000000002,0.04320987654320996,1997,2388,2622,1871,2011,2390,2621,1872,-43,-15,21,-12,5000,5000,5000,5000,-48.01,39.160000000000004,-217.66,10.758498429822197,3.424489582932459,68.93362141019071,0.3308873037273762,0.07052722108988807,0.9410310852024844
,60,0,0.503125,0.4234567901234567,-0.503125,-0.4234567901234567,2453,2692,2166,1567,2454,2693,2204,1594,0,0,-152,-89,5000,4800,5000,4900,-38.62,63.95,-184.19,-24.261632447540507,-19.07866661401343,59.43859668625011,-0.5892714047878372,-0.49397671028660567,0.6393326373600765
,61,0,-0.37187499999999996,-0.35432098765432096,0.37187499999999996,0.35432098765432096,1883,2185,2736,2074,1907,2210,2736,2074,-78,-77,1,-8,5000,5000,4900,5000,-42.9,25.07,-223.47,17.530274486555527,17.075935040949894,63.81723734092576,0.4828385400683878,0.40627785711649994,0.7757610760030774
,62,0,0.328125,0.11234567901234571,-0.328125,-0.11234567901234571,2339,2489,2280,1770,2339,2489,2307,1776,0,0,-97,-17,5000,5000,5000,5000,-45.82,48.4,-189.38,-18.069433322665162,-3.893552870000377,66.62522249947281,-0.45809792107383157,-0.13814015926218243,0.8781022668840184
,63,0,-0.021874999999999978,0.5790123456790122,0.021874999999999978,-0.5790123456790122,2111,2793,2508,1466,2111,2793,2508,1510,0,0,20,-185,5000,5000,5000,4700,-39.730000000000004,73.06,-207.67000000000002,-1.4552242668316637,-29.748159752926043,60.68930130909022,-0.01822632344384753,-0.7901859627563446,0.61259607034044
,64,0,0.6781249999999999,-0.6135802469135803,-0.6781249999999999,0.6135802469135803,2567,2016,2052,2243,2568,2060,2098,2243,0,-182,-209,0,5100,4800,4900,4800,-30.94,20.48,-175.70000000000002,-29.762989239631963,24.842790434815974,51.60635025537583,-0.7157644319144977,0.5904735078354452,0.37285696258836387
,65,0,-0.6890624999999999,-0.1469135802469136,0.6890624999999999,0.1469135802469136,1676,2320,2943,1939,1732,2323,2942,1940,-272,-16,21,0,4800,4800,5100,4900,-36.76,36.92,-239.01,32.26506992532532,4.1874247510699405,57.785172529829346,0.8562363453053101,0.07745516242145761,0.5107445729447082
,66,0,0.010937500000000044,0.3197530864197531,-0.010937500000000044,-0.3197530864197531,2132,2624,2487,1635,2133,2625,2490,1659,0,-3,-22,-71,5000,5000,5000,4900,-46.14,60.45,-209.14000000000001,0.8310007319486772,-17.24773002049976,67.07471686014287,0.04400423437077759,-0.489732606760401,0.8707615065177747
,67,0,-0.3390625,-0.4580246913580247,0.3390625,0.4580246913580247,1904,2117,2715,2142,1924,2153,2714,2143,-55,-136,21,-10,5000,4900,5000,5000,-41.39,20.1,-221.09,15.498250467014941,22.190786468333002,62.282775461370896,0.43763723885713146,0.5350852739164982,0.7226045922931937
,68,0,0.3609374999999999,0.00864197530864197,-0.3609374999999999,-0.00864197530864197,2360,2422,2259,1837,2360,2423,2288,1839,0,0,-113,-10,4900,5000,4900,5000,-45.35,43.11,-187.14000000000001,-19.945218127979018,1.5341001496910422,66.13063776255896,-0.5280702158667459,0.001209664573249798,0.8491998491674781
,69,0,-0.5140625,0.4753086419753083,0.5140625,-0.4753086419753083,1790,2726,2829,1533,1824,2727,2828,1563,-134,0,20,-105,5000,4900,5100,5000,-37.95,64.22,-230.55,21.97726905698235,-22.476387987766543,59.00170182318085,0.5778809366647343,-0.5668734102841944,0.5871185227466915
,70,0,0.18593749999999998,-0.30246913580246915,-0.18593749999999998,0.30246913580246915,2246,2219,2373,2040,2246,2242,2387,2041,0,-75,-47,0,5000,4900,5000,4900,-45.910000000000004,27.94,-197.34,-8.748038254137782,15.983236994810127,66.70344427776826,-0.19861802137464452,0.3760880220380377,0.9050462315620883
,71,0,-0.1640625,0.16419753086419753,0.1640625,-0.16419753086419753,2018,2523,2601,1736,2029,2523,2600,1748,-33,-2,21,-31,5000,5000,5000,4900,-47.69,51.21,-215.63,7.92190458684081,-8.462044614119137,68.6338879414506,0.22903247472908778,-0.24710866570358733,0.9415314295623183
,72,0,0.5359375,0.630864197530864,-0.5359375,-0.630864197530864,2474,2827,2145,1432,2475,2828,2181,1475,0,0,-140,-177,5100,4900,5000,5000,-33.56,73.04,-185.87,-23.17416243263932,-28.275694795756507,54.410059961623894,-0.5400071263476836,-0.7061064464310924,0.4580458381015723
,73,0,-0.6015625,-0.5617283950617283,0.6015625,0.5617283950617283,1733,2050,2886,2209,1772,2087,2885,2210,-154,-144,22,0,5000,4900,4900,4900,-33.96,17.29,-231.45000000000002,26.059970530929007,24.27448339551823,54.897731358106924,0.6873161430678667,0.5567950685641838,0.4664501807277151
,74,0,0.09843749999999996,-0.09506172839506177,-0.09843749999999996,0.09506172839506177,2189,2354,2430,1905,2189,2358,2442,1905,0,-17,-39,0,5000,5000,5000,5000,-48.61,36.72,-201.4,-5.302598392407759,6.957180486018721,69.44593366868777,-0.11677715485123939,0.1454718789144589,0.982446450728968
,75,0,-0.25156249999999997,0.3716049382716049,0.25156249999999997,-0.3716049382716049,1961,2658,2658,1601,1976,2659,2657,1628,-42,0,19,-86,5000,5000,5000,4900,-44.15,61.300000000000004,-219.18,10.800298977614858,-18.778556370471662,65.13722797625512,0.30331384413827134,-0.5078934722432121,0.806253640492121
,76,0,0.44843750000000004,-0.40617283950617283,-0.44843750000000004,0.40617283950617283,2417,2151,2202,2108,2418,2178,2234,2108,0,-86,-131,0,5000,5000,4900,4800,-40.62,25.810000000000002,-184.29,-21.598935896848474,18.973323388352362,61.34272481712431,-0.5293051851114855,0.4498255905590212,0.7193698347111334
,77,0,-0.42656249999999996,0.060493827160493785,0.42656249999999996,-0.060493827160493785,1847,2455,2772,1804,1879,2455,2771,1808,-117,0,21,-14,5000,5000,5000,5000,-44.28,43.18,-228.57,21.390391562356427,-1.332751742304339,65.26852886131417,0.6126125160374821,-0.0612506600887889,0.7880065112883987
,78,0,0.2734375,0.5271604938271603,-0.2734375,-0.5271604938271603,2303,2760,2316,1499,2303,2760,2334,1535,0,-2,-61,-129,5000,4900,4900,4900,-40.24,70.18,-197.66,-11.250514754918214,-26.198216585435418,61.14183612718498,-0.26160399993559874,-0.6879859278037138,0.6769333130831708
,79,0,-0.07656249999999998,-0.2506172839506173,0.07656249999999998,0.2506172839506173,2075,2253,2544,2006,2078,2274,2545,2008,-15,-65,0,-11,5000,4900,5000,5000,-47.27,29.2,-209.87,3.661719792578168,13.88500080122585,68.12942117025344,0.12318302759157343,0.3268536716529356,0.9370126034586562
,80,0,0.6234374999999999,0.21604938271604934,-0.6234374999999999,-0.21604938271604934,2531,2557,2088,1702,2531,2557,2137,1714,0,0,-222,-31,4900,4800,5000,4800,-37.910000000000004,52.33,-176.3,-31.346358142680373,-6.955111685736448,58.65970149068424,-0.7817531290620651,-0.21268336505711638,0.5861977750125386
,81,0,-0.6453125,0.682716049382716,0.6453125,-0.682716049382716,1704,2861,2915,1398,1750,2862,2914,1441,-204,0,19,-170,5100,5000,5000,4700,-30.38,72.63,-233.58,24.469642457539436,-31.09318268486311,51.468254804698276,0.6019386898742198,-0.7343705688522955,0.31363941275940393
,82,0,0.0546875,-0.694238683127572,-0.0546875,0.694238683127572,2161,1963,2458,2296,2162,2020,2460,2296,0,-266,-24,0,5000,5000,5000,4800,-36.230000000000004,8.8,-205.52,0.7510207254687771,34.500274704268904,57.01625722638755,0.0564819073839556,0.8569259636410296,0.5123355218762051
,83,0,-0.2953125,-0.2275720164609054,0.2953125,0.2275720164609054,1932,2268,2687,1991,1954,2274,2686,1992,-69,-19,20,0,5000,5000,5000,4900,-45.27,29.36,-221.45000000000002,15.214082423429858,12.93871783918567,66.1879098514467,0.4559921997925355,0.345517931516473,0.8201758791435786
,84,0,0.40468749999999987,0.23909465020576126,-0.40468749999999987,-0.23909465020576126,2389,2572,2230,1687,2390,2573,2259,1702,0,0,-112,-38,5000,5000,5000,5000,-43.44,54.63,-186.58,-21.271745875384056,-9.927321323363756,64.24695998959385,-0.5380460186028664,-0.28116563943021555,0.7946397706315743
,85,0,-0.47031249999999997,-0.5386831275720164,0.47031249999999997,0.5386831275720164,1818,2065,2801,2194,1847,2101,2800,2195,-107,-141,18,0,4900,5000,5000,4800,-37.34,16.85,-225.8,20.4362523589121,25.1041654541653,58.2482420062449,0.553299675868643,0.5945156687455306,0.5834471598180163
,86,0,0.22968749999999993,-0.07201646090534986,-0.22968749999999993,0.07201646090534986,2275,2369,2344,1890,2275,2371,2363,1890,0,-16,-63,0,5000,5000,5000,5000,-47.51,38.9,-193.82,-13.006975857435691,5.290187484676352,68.31345752772704,-0.3530108489357218,0.11066255492167504,0.9290517420853844
,87,0,-0.12031250000000004,0.3946502057613166,0.12031250000000004,-0.3946502057613166,2047,2673,2572,1586,2054,2674,2571,1615,-20,-1,20,-101,5000,5000,5000,5000,-44.550000000000004,63.65,-212.28,3.7556510596291446,-20.656731903825445,65.50856660544818,0.11398375959605886,-0.5690637789875649,0.8143550319073
,88,0,0.5796874999999999,-0.38312757201646086,-0.5796874999999999,0.38312757201646086,2503,2166,2116,2093,2503,2191,2158,2093,0,-79,-181,0,4900,5000,4800,4900,-37.71,29.26,-177.73,-28.36256638522775,15.965266455423894,58.40859869425109,-0.7009536297041412,0.37279526090178094,0.6080194918370315
,89,0,-0.5578124999999999,0.08353909465020581,0.5578124999999999,-0.08353909465020581,1761,2470,2858,1789,1803,2470,2857,1792,-179,0,20,-13,5000,5000,5100,5000,-40.89,43.67,-234.32,27.110556576986937,-2.2190921456325228,61.90864599210204,0.7502411297949063,-0.08052694742479866,0.656242072639744
,90,0,0.14218750000000002,0.5502057613168723,-0.14218750000000002,-0.5502057613168723,2218,2775,2401,1484,2218,2775,2412,1524,0,0,-35,-154,5000,5000,4900,5000,-40.57,71.46000000000001,-205.06,-3.9553861573648987,-27.973394746531753,61.51216198575641,-0.08138984665796538,-0.7467183175771862,0.6601419900715976
,91,0,-0.2078125,-0.6423868312757202,0.2078125,0.6423868312757202,1990,1997,2629,2262,1998,2049,2629,2262,-23,-234,0,0,5100,5000,5000,5000,-37.74,11.24,-212.54,7.58307472183256,31.59674134693789,58.567589632300454,0.24276495730014735,0.7818909674834437,0.574205268588562
,92,0,0.4921875,-0.1757201646090535,-0.4921875,0.1757201646090535,2446,2301,2173,1958,2447,2305,2213,1959,0,-17,-168,0,5000,5000,4900,4900,-41.9,36.550000000000004,-180.74,-25.871419506895847,8.500880601873888,62.63203699259282,-0.6789185508280975,0.2009465656759788,0.7061799197686839
,93,0,-0.3828125,0.2909465020576132,0.3828125,-0.2909465020576132,1875,2606,2744,1653,1900,2607,2743,1670,-81,0,21,-50,5000,5000,5000,5000,-43.56,55.910000000000004,-225.79,17.76158032600776,-13.84830002141797,64.56675946605255,0.48808352968869523,-0.3692617591370899,0.7908351416607678
,94,0,0.31718749999999996,-0.4868312757201646,-0.31718749999999996,0.4868312757201646,2332,2099,2287,2160,2332,2133,2310,2161,0,-132,-79,0,4900,5000,4900,5000,-41.050000000000004,20.0,-191.89000000000001,-13.626519341149248,24.258773866960183,61.796142395740205,-0.3243668308607247,0.5924762302002352,0.7373995359946247
,95,0,-0.03281250000000002,-0.02016460905349804,0.03281250000000002,0.02016460905349804,2104,2403,2515,1856,2109,2406,2516,1858,-17,-16,0,-12,5000,5000,5000,4900,-48.97,40.97,-208.35,1.3430853378690415,2.249208588968976,69.85150533155857,0.049146357951668836,0.03452231050605182,0.9981947934032764
,96,0,0.6671875,0.4465020576131684,-0.6671875,-0.4465020576131684,2560,2707,2059,1552,2561,2708,2109,1581,0,0,-232,-93,5100,5100,4800,5000,-34.09,63.14,-177.19,-31.169086740023346,-17.811396865458534,54.87152951117396,-0.7501502592430838,-0.46053866945797006,0.47453000167683407
,97,0,-0.6671874999999999,-0.3312757201646091,0.6671874999999999,0.3312757201646091,1690,2200,2929,2059,1739,2219,2928,2059,-224,-54,21,0,5100,5000,4900,5000,-36.13,28.52,-236.93,30.759465085392037,12.70673762923473,57.12353656503822,0.8106986546576692,0.2782810095066836,0.5150993798134365
,98,0,0.03281250000000002,0.13539094650205752,-0.03281250000000002,-0.13539094650205752,2146,2504,2473,1755,2147,2504,2478,1765,0,0,-27,-25,5000,5000,5000,5000,-48.660000000000004,50.660000000000004,-206.25,-1.4042117761692907,-7.277958638716356,69.55545941803271,-0.018780746068075376,-0.21674515923468002,0.9760475498281111
,99,0,-0.31718749999999996,0.6020576131687241,0.31718749999999996,-0.6020576131687241,1918,2808,2701,1451,1937,2809,2700,1496,-52,0,17,-192,5000,4800,5100,4900,-38.1,72.07000000000001,-220.79,11.709394351865882,-29.6498622343085,59.122599607401206,0.3124557941734387,-0.7584333661317924,0.5719704588747956
,100,0,0.3828125,-0.5905349794238683,-0.3828125,0.5905349794238683,2375,2031,2244,2228,2376,2075,2268,2229,0,-182,-91,0,5000,4800,5000,5000,-37.61,16.490000000000002,-188.91,-16.346323959084287,27.95190110979594,58.33239096001568,-0.39253809028698644,0.6828426093554313,0.6161491852810579
,101,0,-0.4921875,-0.12386831275720167,0.4921875,0.12386831275720167,1804,2335,2815,1924,1842,2338,2814,1925,-155,-16,22,0,5000,5000,5000,4900,-42.54,36.31,-231.03,24.31655667564337,5.350709538799734,63.52353515537566,0.6858552939332735,0.10764462336843529,0.7197326940215869
,102,0,0.20781249999999996,0.342798353909465,-0.20781249999999996,-0.342798353909465,2260,2639,2359,1620,2260,2640,2375,1642,0,0,-50,-68,4900,5000,5000,4900,-44.980000000000004,61.2,-198.88,-9.450496798599062,-17.307422184394042,65.86519407205222,-0.2261137476214021,-0.4803955980277762,0.8474034709228774
,103,0,-0.14218750000000002,-0.43497942386831273,0.14218750000000002,0.43497942386831273,2032,2132,2587,2127,2038,2165,2586,2128,-20,-118,20,0,4900,5000,5000,4800,-43.58,19.91,-211.3,5.7328958699684165,23.046830221881514,64.42318165785618,0.17958335664855932,0.5713096694348582,0.8008464769386635
,104,0,0.5578125,0.03168724279835389,-0.5578125,-0.03168724279835389,2489,2437,2130,1822,2490,2437,2175,1825,0,0,-198,-10,5000,4900,4800,4900,-40.24,43.9,-177.73,-29.362275305606858,1.3658864324587228,60.97553948428885,-0.7533223785250134,0.0023510115303183652,0.6576472205964226
,105,0,-0.5796874999999999,0.49835390946502045,0.5796874999999999,-0.49835390946502045,1747,2741,2872,1518,1785,2743,2871,1547,-152,0,20,-100,4900,4900,4800,5000,-36.01,64.95,-232.97,24.351862989541274,-23.373468132967517,57.075708347454515,0.6288889299686822,-0.581639910189336,0.5159396560042538
,106,0,0.12031250000000004,-0.27942386831275723,-0.12031250000000004,0.27942386831275723,2203,2234,2416,2025,2203,2257,2426,2027,0,-73,-34,-1,5000,5000,5000,4900,-46.71,28.61,-201.05,-5.09558834131272,15.066857016021537,67.52372311376224,-0.10560103238937786,0.35395448477707364,0.9292817896980946
,107,0,-0.2296875,0.18724279835390945,0.2296875,-0.18724279835390945,1975,2538,2644,1721,1990,2538,2643,1734,-43,0,21,-36,5000,5000,5000,4900,-46.93,51.74,-219.01,11.262090109881768,-9.2209484166695,67.89218335730527,0.32113220346687205,-0.26263412679899745,0.9098886873332582
,108,0,0.4703124999999999,0.6539094650205759,-0.4703124999999999,-0.6539094650205759,2432,2842,2187,1417,2433,2843,2219,1462,0,0,-125,-185,5000,5000,5000,4900,-34.13,74.58,-189.33,-19.828711543762296,-30.043888576872007,55.001286739211245,-0.45595467511716475,-0.7506713349748214,0.47811910763524185
,109,0,-0.4046875,-0.676954732510288,0.4046875,0.676954732510288,1861,1975,2758,2284,1884,2030,2758,2284,-69,-253,0,0,5000,5100,4900,5000,-35.06,11.05,-220.98000000000002,16.029518487767604,31.209471551538947,55.9294634384899,0.45097658234166377,0.7391220671454891,0.500318590538081
,110,0,0.2953125,-0.21028806584362142,-0.2953125,0.21028806584362142,2318,2279,2301,1980,2318,2286,2326,1981,0,-22,-89,0,5000,5000,5000,4900,-45.74,32.42,-191.01,-15.364908087438806,11.939850303373596,66.51302980178298,-0.4036067019258681,0.29550725863791594,0.8658966972178762
,111,0,-0.0546875,0.2563786008230451,0.0546875,-0.2563786008230451,2089,2583,2530,1676,2093,2584,2530,1697,-16,0,20,-59,5000,5000,4900,5000,-47.230000000000004,56.63,-209.52,1.4625281445752591,-13.458952789330525,68.15695538268525,0.052148319955856934,-0.38531332647957084,0.9213111272328305
,112,0,0.6453125,-0.5213991769547325,-0.6453125,0.5213991769547325,2546,2076,2073,2183,2546,2108,2120,2184,0,-120,-214,0,5000,5000,5000,4700,-33.63,23.5,-176.20000000000002,-29.480832941081815,21.80364795774934,54.30644299957515,-0.7140554106079031,0.5173758413184467,0.47164298934851984
,113,0,-0.6234375,-0.054732510288065916,0.6234375,0.054732510288065916,1719,2380,2900,1879,1766,2381,2899,1879,-207,0,21,0,5000,5000,4900,4800,-38.75,39.52,-237.37,30.443836447963406,1.7096407083495393,59.773487107197916,0.818791756061508,0.013693238658890347,0.573927308481434
,114,0,0.07656249999999998,0.41193415637860076,-0.07656249999999998,-0.41193415637860076,2175,2685,2444,1574,2175,2686,2450,1605,0,0,-29,-109,4900,5000,5000,5000,-44.26,64.85,-206.69,-1.9010930547585474,-21.477846102377384,65.19357851475834,-0.02717436934207843,-0.6020715280254344,0.7979795917139605
,115,0,-0.2734375,-0.3658436213991769,0.2734375,0.3658436213991769,1947,2178,2672,2081,1962,2206,2672,2081,-43,-94,17,0,5000,5000,5000,4900,-43.95,24.19,-218.96,13.084882473076817,18.26107440295823,64.84238832449746,0.3765154685669299,0.43871359011746763,0.8159451499801122
,116,0,0.42656249999999996,0.10082304526748975,-0.42656249999999996,-0.10082304526748975,2403,2482,2216,1777,2404,2482,2250,1782,0,0,-138,-15,5000,5000,5000,5000,-43.79,47.39,-184.49,-22.87030600562747,-2.5618873455224715,64.56818861231801,-0.5934959823988685,-0.10644749096564948,0.7977665388718175
,117,0,-0.4484375,0.5674897119341564,0.4484375,-0.5674897119341564,1833,2786,2786,1473,1863,2786,2785,1511,-107,0,19,-142,5000,5000,5000,5000,-37.2,69.52,-226.65,17.732328911068066,-27.50343657007491,58.24554991468842,0.45656871696429413,-0.6930274545425469,0.5579049685563455
,118,0,0.2515625,-0.6251028806584362,-0.2515625,0.6251028806584362,2289,2008,2330,2251,2289,2056,2343,2251,0,-207,-46,0,4900,5000,5000,4900,-37.97,13.34,-195.59,-9.470883371367961,30.645260845996763,58.71791664812906,-0.2180393695408523,0.7582779776697918,0.6143885919442503
,119,0,-0.09843749999999996,-0.15843621399176955,0.09843749999999996,0.15843621399176955,2061,2313,2558,1946,2070,2318,2558,1947,-27,-18,20,0,5000,5000,5000,4900,-48.050000000000004,32.47,-211.61,5.173402816102481,10.507345978462844,68.92639189409107,0.1655962579083806,0.27086444637128315,0.9482670146423526
,120,0,0.6015625,0.3082304526748971,-0.6015625,-0.3082304526748971,2517,2617,2102,1642,2517,2618,2146,1661,0,0,-188,-52,5000,4900,5100,4900,-37.81,57.03,-178.07,-29.89694733246074,-11.764043718085333,58.58044865813332,-0.7391860993377325,-0.3248819236063966,0.5899624108870619
,121,0,-0.5359375,-0.46954732510288066,0.5359375,0.46954732510288066,1776,2110,2843,2149,1814,2140,2842,2150,-153,-110,20,0,4900,5000,5000,5000,-37.71,20.42,-229.15,23.535995425135894,21.317447834648114,58.64404826369382,0.6361241608290727,0.4969532008580911,0.5902402630847933
,122,0,0.1640625,-0.0028806584362141008,-0.1640625,0.0028806584362141008,2232,2414,2387,1845,2232,2415,2402,1848,0,0,-50,-11,5000,5000,5000,5000,-48.34,42.49,-197.41,-9.671353662995841,1.468645224749757,69.1705102282976,-0.24299505565792776,0.0053219323247857735,0.9700129277293835
,123,0,-0.18593749999999998,0.4637860082304526,0.18593749999999998,-0.4637860082304526,2004,2718,2615,1541,2012,2719,2614,1577,-24,0,19,-130,5000,5000,5000,5000,-42.79,66.39,-215.42000000000002,6.712150277354397,-23.607268795632137,63.77125706892975,0.1879378566242835,-0.6357216128039008,0.7486904520971787
,124,0,0.5140624999999999,-0.3139917695473251,-0.5140624999999999,0.3139917695473251,2460,2211,2159,2048,2461,2232,2198,2048,0,-61,-167,-1,4900,5000,5100,5000,-40.54,31.79,-180.46,-25.82314014866003,13.265020079862772,61.2586309572791,-0.6429583166164238,0.3041283693007849,0.7029299666966967
,125,0,-0.36093749999999997,0.15267489711934157,0.36093749999999997,-0.15267489711934157,1890,2516,2729,1743,1917,2516,2728,1751,-93,0,20,-20,5000,5000,5000,4900,-45.37,48.93,-224.93,17.365613375564266,-6.8210485109850225,66.35478809649292,0.4945540126625636,-0.1966638823188237,0.8466047755302618
,126,0,0.33906250000000004,0.619341563786008,-0.33906250000000004,-0.619341563786008,2346,2820,2273,1439,2346,2821,2295,1482,0,0,-76,-176,5100,5000,5100,4700,-37.04,74.10000000000001,-195.29,-13.864037611288751,-29.95859544266,57.939907157116004,-0.3164322678387158,-0.7665089006843212,0.5588691484078905
,127,0,-0.010937500000000044,-0.5732510288065844,0.010937500000000044,0.5732510288065844,2118,2042,2501,2217,2119,2088,2502,2218,0,-194,0,0,5000,5000,5000,4900,-40.230000000000004,13.82,-205.31,0.18357074898042924,29.517318855381745,61.02782195006143,0.04131950985100171,0.759156572073126,0.6495952564357698
,128,0,0.6890624999999999,-0.10658436213991773,-0.6890624999999999,0.10658436213991773,2574,2347,2045,1912,2575,2348,2101,1912,0,-7,-275,0,5100,4800,4800,5000,-35.71,42.550000000000004,-171.97,-34.99614446863771,3.0883016223827724,56.41332465294116,-0.8671827283665923,0.07220635400157883,0.4927274683478394
,129,0,-0.6945312499999999,0.36008230452674894,0.6945312499999999,-0.36008230452674894,1672,2651,2947,1608,1726,2652,2946,1627,-257,0,21,-52,5000,5000,5100,5000,-35.43,56.79,-238.47,30.392476741857195,-15.604644431449785,56.50267799043291,0.7853898293670927,-0.39489009252844803,0.47668084789469306
,130,0,0.005468750000000022,-0.4176954732510288,-0.005468750000000022,0.4176954732510288,2129,2144,2490,2115,2130,2177,2492,2116,0,-119,-24,0,5000,5000,5000,5000,-44.28,20.830000000000002,-207.55,1.926042985062793,22.383821455839744,65.10669499996256,0.0807821858653408,0.568168209596259,0.8189378023091859
,131,0,-0.34453124999999996,0.048971193415637715,0.34453124999999996,-0.048971193415637715,1900,2448,2719,1811,1927,2448,2718,1817,-85,0,20,-14,5000,5000,5000,5000,-45.93,43.12,-224.84,17.665005199614825,-1.0166288291566374,66.89965201794027,0.527755349243269,-0.04819709705531612,0.8480279070765044
,132,0,0.35546875,0.5156378600823042,-0.35546875,-0.5156378600823042,2357,2752,2262,1507,2357,2752,2286,1540,0,0,-89,-119,5000,5000,5000,5000,-39.480000000000004,69.42,-193.17000000000002,-15.675301802253074,-25.139325949325,60.357419014613484,-0.36932221386521946,-0.6532557298972935,0.6609523838386903
,133,0,-0.51953125,-0.2621399176954733,0.51953125,0.2621399176954733,1786,2245,2833,2014,1822,2262,2832,2016,-135,-51,21,-12,5000,5000,4900,5000,-40.99,31.51,-231.48000000000002,25.096780993765123,10.104985019754821,61.96369071934983,0.6893217147822184,0.22740538541499689,0.6878389086217489
,134,0,0.18046874999999996,0.20452674897119327,-0.18046874999999996,-0.20452674897119327,2243,2549,2376,1710,2243,2549,2392,1723,0,0,-54,-32,5000,4900,5000,4900,-47.160000000000004,54.19,-198.62,-9.247601316774961,-10.289644250122265,68.02614902038029,-0.2208170082758858,-0.3010783791710982,0.9276807955605157
,135,0,-0.16953125000000002,0.6711934156378598,0.16953125000000002,-0.6711934156378598,2014,2854,2605,1405,2020,2855,2604,1455,-20,0,19,-221,4900,4700,4900,5000,-36.62,76.41,-213.48000000000002,4.130540200709703,-33.49122350913089,57.61693918360139,0.11588575682041848,-0.8561750506271046,0.5035223669806875
,136,0,0.53046875,-0.6596707818930041,-0.53046875,0.6596707818930041,2471,1986,2148,2273,2472,2038,2181,2273,0,-234,-129,0,4900,5100,5000,5000,-33.45,16.09,-182.33,-22.864182300095592,28.782839581886307,54.13845916489678,-0.5517668594892206,0.6924479220312404,0.4648324515823091
,137,0,-0.6070312499999999,-0.19300411522633754,0.6070312499999999,0.19300411522633754,1729,2290,2890,1969,1774,2294,2889,1970,-199,-17,20,0,5100,5000,5100,4800,-39.0,34.01,-235.46,28.908656862813956,7.3365955004518995,59.99998966563088,0.787323070623154,0.1574985371127611,0.5960843843549908
,138,0,0.09296875000000004,0.27366255144032914,-0.09296875000000004,-0.27366255144032914,2186,2594,2433,1665,2186,2595,2441,1685,0,0,-32,-57,5000,5000,5000,4900,-46.84,57.800000000000004,-204.24,-3.8824189190723644,-14.271326998774526,67.7434471836917,-0.0800588233763527,-0.40121557470299285,0.9124782996955821
,139,0,-0.25703125,-0.5041152263374485,0.25703125,0.5041152263374485,1957,2087,2662,2172,1970,2127,2662,2173,-33,-163,0,0,4900,4800,4900,5000,-41.28,17.37,-216.22,10.824071696985015,25.242668626303296,62.141466864095094,0.31671408580365984,0.6172427953128212,0.7202107465790598
,140,0,0.4429687499999999,-0.03744855967078198,-0.4429687499999999,0.03744855967078198,2414,2392,2205,1867,2415,2393,2240,1866,0,0,-146,1,5000,5000,5100,4900,-43.43,41.7,-182.86,-24.111038157969944,3.2240307134010777,64.18564980178256,-0.6382431465810269,0.04497380826514614,0.7685200338393781
,141,0,-0.43203125,0.4292181069958845,0.43203125,-0.4292181069958845,1843,2696,2776,1563,1872,2697,2775,1592,-103,0,19,-92,4900,5000,4900,4900,-40.46,62.83,-227.05,18.56691124540359,-20.84635082967995,61.49060488683373,0.49783288490032335,-0.5352810835163462,0.6823756885626773
,142,0,0.26796875,-0.34855967078189304,-0.26796875,0.34855967078189304,2300,2189,2319,2070,2300,2215,2337,2070,0,-82,-61,-2,4900,4900,5000,5000,-44.35,26.55,-192.87,-13.106511689940646,17.66705538773506,65.11754865413837,-0.3097871994796797,0.41767050369012537,0.8541564501809804
,143,0,-0.08203125,0.11810699588477369,0.08203125,-0.11810699588477369,2072,2493,2547,1766,2079,2493,2547,1775,-23,-2,20,-23,5000,5000,5000,5000,-48.47,49.38,-211.19,3.6117354502943044,-6.334564256634607,69.38699440330001,0.11145539033158944,-0.19078193284599232,0.9752845482553183
,144,0,0.61796875,0.5847736625514401,-0.61796875,-0.5847736625514401,2528,2797,2091,1462,2528,2797,2136,1500,0,0,-194,-143,4900,4900,5000,4800,-32.71,70.21000000000001,-181.4,-27.43893647356458,-25.15313105930302,53.530515709391054,-0.6438964278909647,-0.6312880411882208,0.4322878661285724
,145,0,-0.65078125,-0.6078189300411523,0.65078125,0.6078189300411523,1701,2020,2918,2239,1746,2063,2917,2239,-192,-173,20,0,5000,4800,5100,4800,-31.86,15.76,-232.75,27.470340995920253,25.707322177212365,52.800416842552885,0.7122454641000479,0.5802252033691695,0.395025457716479
,146,0,0.04921874999999998,-0.1411522633744856,-0.04921874999999998,0.1411522633744856,2157,2324,2462,1935,2158,2330,2469,1936,0,-20,-30,0,5000,5000,5000,5000,-48.45,33.65,-204.22,-2.2812055412562415,9.829546698429446,69.29231862771948,-0.0327632656451909,0.2299516797279287,0.9726503962958974
,147,0,-0.30078125,0.32551440329218106,0.30078125,-0.32551440329218106,1929,2628,2690,1631,1949,2629,2689,1655,-61,0,21,-70,5000,5000,4900,5000,-44.4,58.35,-221.72,13.532257753585924,-16.005861935390456,65.3925058955202,0.3804572591486669,-0.431704179293548,0.8178531503525365
,148,0,0.39921874999999996,-0.45226337448559667,-0.39921874999999996,0.45226337448559667,2385,2121,2234,2138,2386,2153,2260,2140,0,-116,-97,-11,4900,5000,5000,5000,-40.65,23.13,-186.9,-18.81428626539318,21.47128409649153,61.37903914802622,-0.4543180248898821,0.5168867239966249,0.7255503061926117
,149,0,-0.47578124999999993,0.014403292181069949,0.47578124999999993,-0.014403292181069949,1815,2425,2804,1834,1851,2426,2803,1836,-141,0,20,-9,5000,4900,4900,5000,-43.08,40.67,-230.68,23.67066171406691,1.0257998423717964,64.07278538646685,0.6757044465718189,-0.0067816802320819075,0.7371414448369474
,150,0,0.22421875000000002,0.4810699588477363,-0.22421875000000002,-0.4810699588477363,2271,2730,2348,1529,2271,2731,2363,1561,-1,0,-49,-117,5000,4900,5000,5000,-41.83,68.24,-199.61,-9.181805215139917,-24.389600137914627,62.736686397833545,-0.2117806225360958,-0.6566056138784795,0.7238909004411429
,151,0,-0.12578124999999996,-0.29670781893004117,0.12578124999999996,0.29670781893004117,2043,2223,2576,2036,2047,2249,2576,2038,-17,-85,3,-4,4900,4900,5000,5000,-46.42,27.05,-212.21,6.1454900171482905,15.869863116070775,67.28573457995623,0.1866446792409129,0.38192911462866463,0.9051485596906295
,152,0,0.57421875,0.1699588477366254,-0.57421875,-0.1699588477366254,2499,2527,2120,1732,2499,2527,2166,1740,0,-2,-206,-23,5000,4800,4800,5000,-39.61,50.480000000000004,-178.05,-29.483792842773084,-5.2224879776785755,60.36377472557087,-0.7428990342873143,-0.16379471859990694,0.6490549399039747
,153,0,-0.56328125,0.636625514403292,0.56328125,-0.636625514403292,1758,2831,2861,1428,1794,2832,2860,1471,-135,0,19,-169,5000,4800,4800,5000,-33.33,71.39,-230.70000000000002,21.665621881644512,-29.653357263731337,54.400638027713384,0.5513014198214007,-0.7231597372796204,0.4160609797620759
,154,0,0.13671875,-0.5559670781893004,-0.13671875,0.5559670781893004,2214,2054,2405,2205,2214,2098,2413,2206,0,-188,-30,0,5000,5000,4900,4700,-40.72,15.43,-201.0,-4.227526946517315,28.203048697941146,61.50027414238945,-0.0808264712665214,0.713101837397763,0.6963855620577846
,155,0,-0.21328124999999998,-0.0893004115226338,0.21328124999999998,0.0893004115226338,1986,2358,2633,1901,2002,2361,2633,1901,-49,-16,0,4,5000,5000,5000,4900,-47.69,36.62,-218.05,11.32047774861502,5.9314813356983365,68.60916556294328,0.34058756727448863,0.13478381924382296,0.9305017093418444
,156,0,0.48671874999999987,0.3773662551440329,-0.48671874999999987,-0.3773662551440329,2442,2662,2177,1597,2443,2663,2212,1619,0,0,-146,-65,4900,5000,5000,4800,-39.86,61.76,-184.54,-23.77070651308881,-16.913720075865655,60.67479983049652,-0.5829167286835101,-0.4506748281043393,0.6760919218080029
,157,0,-0.38828124999999997,-0.40041152263374485,0.38828124999999997,0.40041152263374485,1872,2155,2747,2104,1896,2182,2747,2104,-78,-91,0,0,5000,4900,5000,5000,-41.82,23.16,-223.75,17.94368324817799,18.959609399132134,62.7338333958801,0.4980305891576485,0.4535546695055352,0.7390897740011094
,158,0,0.31171875000000004,0.06625514403292176,-0.31171875000000004,-0.06625514403292176,2328,2459,2291,1800,2328,2459,2316,1805,0,0,-90,-13,4900,5000,5000,4800,-46.300000000000004,45.94,-189.94,-17.347104395110705,-1.4755564214203787,67.10180837323801,-0.4423966429562066,-0.07955239071790923,0.8932841806682479
,159,0,-0.038281250000000044,0.5329218106995883,0.038281250000000044,-0.5329218106995883,2100,2763,2519,1496,2102,2763,2519,1535,-13,0,19,-150,4900,5000,5000,4800,-41.1,70.85000000000001,-207.97,-1.0134629385798064,-27.559515343597013,62.0552012243014,-0.00943913807907078,-0.7464744056304163,0.6653471758496019
,160,0,0.6617187499999999,-0.24485596707818935,-0.6617187499999999,0.24485596707818935,2556,2256,2063,2003,2556,2271,2114,2004,0,-40,-233,-2,5100,4900,5100,5000,-36.61,37.730000000000004,-173.87,-32.77972736227093,7.771749501128021,57.31066025219114,-0.8178673097910415,0.1670442771510399,0.5506262553186603
,161,0,-0.67265625,0.22181069958847732,0.67265625,-0.22181069958847732,1686,2561,2933,1698,1739,2562,2932,1708,-243,0,21,-24,5100,5000,4800,4700,-37.1,50.4,-238.52,30.865306888910112,-9.227816033520867,58.15676119130442,0.8167361276813845,-0.2411682859300663,0.5241945779971128
,162,0,0.02734375,0.688477366255144,-0.02734375,-0.688477366255144,2143,2865,2476,1394,2144,2866,2477,1445,-1,0,-20,-234,5000,5000,5000,4900,-35.92,77.78,-211.51,2.076023646653965,-34.72724720738424,56.910534804745154,0.0754593421583322,-0.8824131592061721,0.4643844357219724
,163,0,-0.32265625,-0.688477366255144,0.32265625,0.688477366255144,1915,1967,2704,2292,1931,2021,2704,2292,-41,-247,0,0,4900,5100,4900,4900,-35.43,9.84,-217.37,12.507610529424426,32.66122049012918,56.27830344803769,0.3678683174939727,0.7847915268361438,0.4987736564718992
,164,0,0.37734374999999987,-0.22181069958847738,-0.37734374999999987,0.22181069958847738,2371,2271,2248,1988,2372,2278,2278,1989,0,-21,-117,0,5000,5000,5000,4900,-44.26,32.67,-186.8,-19.57498315870501,11.970103726682943,65.01257899463171,-0.5223281000743962,0.2968520452446346,0.7994074174704335
,165,0,-0.49765624999999997,0.24485596707818913,0.49765624999999997,-0.24485596707818913,1801,2576,2818,1683,1837,2577,2817,1698,-140,0,20,-38,5000,4900,5000,4900,-41.81,52.2,-231.14000000000001,23.358032433275724,-10.512556150168336,62.83423626664752,0.6411450769269992,-0.28056429305211367,0.7142945245460309
,166,0,0.20234374999999993,-0.5329218106995884,-0.20234374999999993,0.5329218106995884,2257,2069,2362,2190,2257,2107,2377,2191,0,-151,-45,0,4900,5000,5000,4900,-40.88,16.52,-198.61,-6.686350767416172,27.27716854703234,61.651043383063325,-0.1455036685138146,0.6752981306591697,0.7230498718465088
,167,0,-0.14765625000000004,-0.06625514403292176,0.14765625000000004,0.06625514403292176,2029,2373,2590,1886,2040,2376,2589,1886,-33,-17,22,0,5000,5000,5000,4900,-48.28,37.78,-214.83,8.026754800873533,4.99296340043508,69.18594388145945,0.2425048032321997,0.1084632182191346,0.9640680218235955
,168,0,0.5523437499999999,0.4004115226337446,-0.5523437499999999,-0.4004115226337446,2485,2677,2134,1582,2486,2678,2175,1607,0,0,-168,-80,5100,5000,4800,4900,-37.980000000000004,62.15,-181.68,-26.641382493892678,-17.115331905663965,58.781476803825946,-0.6510769938190957,-0.45226512030751276,0.6095531224370192
,169,0,-0.5851562499999999,-0.37736625514403294,0.5851562499999999,0.37736625514403294,1744,2170,2875,2089,1785,2191,2874,2089,-170,-62,22,-6,4800,4800,5100,5000,-37.9,25.28,-232.81,26.858886487919136,16.222251956499527,58.86466999465593,0.7215853416899296,0.3721896548284891,0.583771749485086
,170,0,0.11484375000000002,0.08930041152263368,-0.11484375000000002,-0.08930041152263368,2200,2474,2419,1785,2200,2474,2430,1792,0,-8,-36,-20,5000,5000,5000,4900,-48.63,47.83,-200.83,-6.620772924337047,-4.0889850169395885,69.49113969292,-0.15265273412250518,-0.1365168581527176,0.9788055425900664
,171,0,-0.23515625,0.5559670781893002,0.23515625,-0.5559670781893002,1972,2778,2647,1481,1984,2778,2646,1523,-32,0,20,-166,5000,4900,5000,5000,-40.01,70.65,-217.11,8.124370977011296,-27.979469688537264,61.01053396663566,0.22551751540218995,-0.7328413555394364,0.6419387804595891
,172,0,0.46484375,-0.6366255144032922,-0.46484375,0.6366255144032922,2428,2001,2191,2258,2429,2050,2221,2258,0,-211,-114,0,4900,4900,4900,4700,-35.2,15.73,-185.29,-19.895130681116882,28.947404450656407,55.902361341267785,-0.47418837330055147,0.6987836945765588,0.5355807453788004
,173,0,-0.41015625,-0.1699588477366255,0.41015625,0.1699588477366255,1858,2305,2761,1954,1889,2310,2760,1955,-114,-17,20,0,5000,5000,4900,4900,-44.160000000000004,33.63,-226.64000000000001,20.109548190559167,8.325280498497946,65.11473194149278,0.5752757286348308,0.18983547344722032,0.7956257468588698
,174,0,0.28984374999999996,0.29670781893004106,-0.28984374999999996,-0.29670781893004106,2314,2609,2305,1650,2314,2610,2327,1668,0,0,-77,-53,5000,5000,5000,4900,-44.77,58.38,-193.58,-14.547137495699587,-14.137032812812663,65.62150402871349,-0.35548991477082864,-0.3868154342400685,0.8508823304840074
,175,0,-0.06015625000000002,-0.4810699588477366,0.06015625000000002,0.4810699588477366,2086,2102,2533,2157,2088,2141,2534,2158,-13,-155,0,-1,5000,5000,5000,4900,-42.84,18.01,-206.65,1.2252728084463627,25.253968183233855,63.65508247494293,0.06919559612831219,0.6481167332015147,0.758390842257898
,176,0,0.63984375,-0.014403292181069949,-0.63984375,0.014403292181069949,2542,2407,2077,1852,2542,2408,2129,1853,0,0,-241,0,5000,5000,4800,4700,-37.47,42.86,-173.92000000000002,-33.08002144616893,2.652535392425108,58.18385574715941,-0.8307133302083176,0.05201136324954512,0.5542654428224167
,177,0,-0.62890625,0.4522633744855964,0.62890625,-0.4522633744855964,1715,2711,2904,1548,1761,2712,2903,1576,-207,0,20,-90,4800,5100,5000,5000,-35.9,61.9,-235.37,26.95262667692711,-20.492589462824583,56.97003748916909,0.6952498757676686,-0.5126311348244035,0.5038223197256012
,178,0,0.07109374999999996,-0.32551440329218106,-0.07109374999999996,0.32551440329218106,2171,2204,2448,2055,2173,2232,2453,2056,0,-90,-28,0,5000,5000,5000,4900,-46.15,25.76,-204.03,-1.9274684386202807,17.707791551595072,66.97147220975296,-0.023161924900326602,0.42915217766217767,0.9029351768774557
,179,0,-0.27890624999999997,0.1411522633744855,0.27890624999999997,-0.1411522633744855,1943,2508,2676,1751,1962,2508,2675,1761,-59,0,22,-26,5000,5000,4900,5000,-46.660000000000004,48.69,-221.49,13.943443696499514,-6.345922118772513,67.62691607712733,0.40677216224738666,-0.1881852497287071,0.8939366419412117
,180,0,0.42109375000000004,0.6078189300411521,-0.42109375000000004,-0.6078189300411521,2400,2812,2219,1447,2401,2812,2247,1489,0,0,-107,-173,5000,4900,4900,4900,-36.27,72.97,-191.04,-18.02436879406963,-28.546762321623447,57.145758752895944,-0.41957759696102587,-0.7209175956554956,0.551572715426271
,181,0,-0.45390624999999996,-0.5847736625514403,0.45390624999999996,0.5847736625514403,1829,2035,2790,2224,1858,2078,2790,2225,-98,-174,0,0,5000,5000,5000,4900,-36.730000000000004,15.14,-224.46,19.217608488958717,26.898888801450223,57.627214450547534,0.5288388984826203,0.636076073512635,0.5619044831254144
,182,0,0.24609375,-0.11810699588477369,-0.24609375,0.11810699588477369,2285,2339,2334,1920,2285,2343,2356,1921,0,-16,-78,0,5000,5000,5000,5000,-47.14,37.1,-193.34,-13.36267730963985,7.117394971332686,67.93651021362744,-0.3432450957257278,0.15088542799649599,0.9270471357372015
,183,0,-0.10390624999999998,0.348559670781893,0.10390624999999998,-0.348559670781893,2057,2643,2562,1616,2062,2644,2561,1642,-19,0,20,-82,5000,4900,5000,5000,-45.52,61.42,-211.70000000000002,3.3227084123711563,-18.389931082433108,66.47001067575088,0.10423040626428198,-0.5099753251877056,0.8538508008485303
,184,0,0.5960937499999999,-0.42921810699588475,-0.5960937499999999,0.42921810699588475,2514,2136,2105,2123,2514,2164,2147,2124,0,-92,-183,-6,5000,4800,4800,4800,-36.71,27.39,-177.36,-28.600754255839718,17.853095356685536,57.402035940194196,-0.7021236380968298,0.4214346104376512,0.5739470933378239
,185,0,-0.54140625,0.037448559670781756,0.54140625,-0.037448559670781756,1772,2440,2847,1819,1814,2440,2846,1821,-178,0,22,-13,5000,4900,5000,5000,-41.410000000000004,41.61,-233.45000000000002,26.37898521753857,-0.1036328858517237,62.4190727412468,0.7387971310863332,-0.03091315542720704,0.673218520185041
,186,0,0.15859374999999998,0.5041152263374484,-0.15859374999999998,-0.5041152263374484,2228,2745,2391,1514,2228,2746,2402,1549,0,0,-34,-130,4900,5000,4900,4900,-41.67,69.42,-203.62,-5.259803970908621,-25.837792406916464,62.59977258461044,-0.11382070333083982,-0.6952936245654046,0.7096559892877501
,187,0,-0.19140625,-0.2736625514403292,0.19140625,0.2736625514403292,2000,2238,2619,2021,2008,2261,2619,2022,-26,-71,0,0,5000,4900,5000,5000,-46.35,28.77,-216.09,9.900930376756406,13.891926565856629,67.2395316714601,0.2875060451188045,0.33058310233370086,0.898918843095176
,188,0,0.50859375,0.19300411522633742,-0.50859375,-0.19300411522633742,2457,2542,2162,1717,2458,2542,2203,1727,0,0,-170,-25,5000,4800,4900,5000,-41.37,51.9,-181.4,-26.24574541138955,-6.860135806784186,62.14412817922443,-0.6639437799938306,-0.2127049928525957,0.7168927695430332
,189,0,-0.36640625,0.6596707818930039,0.36640625,-0.6596707818930039,1886,2846,2733,1413,1907,2847,2732,1460,-63,0,17,-191,5000,5000,5000,4600,-35.69,74.61,-221.73000000000002,12.487560308016128,-32.254349761271484,56.723766043649206,0.33016257158935075,-0.8024845290570441,0.4970022705638286
,190,0,0.3335937499999999,-0.6711934156378601,-0.3335937499999999,0.6711934156378601,2342,1978,2277,2281,2342,2032,2297,2281,0,-241,-72,0,5100,5000,5000,4700,-36.02,12.56,-191.96,-13.030540636943641,31.662707801906198,56.74777912918656,-0.30575279207791767,0.7772954746644948,0.5498426822307043
,191,0,-0.016406249999999956,-0.20452674897119338,0.016406249999999956,0.20452674897119338,2114,2283,2505,1976,2118,2290,2506,1977,-16,-21,-16,0,5000,5000,5000,5000,-47.68,29.98,-206.51,0.2548184313185402,13.334543032610547,68.52454059475482,0.028513947167558396,0.3462284112096061,0.9377168240402841
,192,0,0.68359375,0.26213991769547307,-0.68359375,-0.26213991769547307,2571,2587,2048,1672,2572,2588,2100,1689,0,0,-246,-40,4800,5000,5000,5000,-35.53,54.09,-174.15,-33.598651813010264,-8.572909170007563,56.273406344966084,-0.8288769069255144,-0.22928961234943715,0.5102835945180251
,193,0,-0.68359375,-0.5156378600823045,0.68359375,0.5156378600823045,1679,2080,2940,2179,1732,2109,2939,2180,-249,-105,22,0,5000,4800,4900,4800,-33.08,19.27,-234.59,29.06348099203558,22.08472859264228,54.03848819502385,0.7552912532588494,0.5008357753202006,0.4227276296980005
,194,0,0.016406249999999956,-0.048971193415637826,-0.016406249999999956,0.048971193415637826,2136,2384,2483,1875,2138,2386,2488,1876,-15,-16,-26,-12,5000,5000,5000,4900,-49.160000000000004,39.02,-205.96,-0.9108318131931412,4.356481097033239,70.0245950565687,-0.0012574602989414384,0.08884643371508942,0.9960445421815765
,195,0,-0.33359374999999997,0.41769547325102874,0.33359374999999997,-0.41769547325102874,1908,2688,2711,1571,1929,2689,2710,1602,-60,0,20,-111,5000,5000,4900,5000,-42.39,62.800000000000004,-222.8,14.319338890024,-20.524291436293993,63.39919254081953,0.39828818436000146,-0.5427415278384042,0.739458015142745
,196,0,0.36640625000000004,-0.360082304526749,-0.36640625000000004,0.360082304526749,2364,2181,2255,2078,2364,2205,2282,2078,-1,-77,-103,-1,5000,5000,5000,4900,-42.87,26.91,-188.22,-17.762999177893278,17.61723236492653,63.615169893326424,-0.43240832954489816,0.41761317765065015,0.7991384550831706
,197,0,-0.50859375,0.10658436213991773,0.50859375,-0.10658436213991773,1793,2485,2826,1774,1833,2485,2825,1779,-161,0,22,-16,4900,4900,5000,5000,-42.300000000000004,44.96,-231.94,24.642180337666957,-3.341617593993,63.30995086933028,0.6912521377588375,-0.11007567161113477,0.7141805293923903
,198,0,0.19140625,0.5732510288065842,-0.19140625,-0.5732510288065842,2250,2790,2369,1469,2250,2790,2383,1510,0,0,-43,-165,5100,4800,5000,4700,-39.660000000000004,72.54,-202.77,-6.3085947468409245,-28.899099947244594,60.593424147312085,-0.13848616665117416,-0.7652733665239241,0.6286320514700181
,199,0,-0.15859374999999998,-0.6193415637860082,0.15859374999999998,0.6193415637860082,2022,2012,2597,2247,2027,2062,2597,2247,-18,-221,0,0,4900,4800,5000,4900,-38.65,11.99,-210.57,5.562599299706335,30.98390563180353,59.46959376468538,0.18865809348379983,0.7750973274372549,0.6030192839061476
,200,0,0.5414062499999999,-0.15267489711934157,-0.5414062499999999,0.15267489711934157,2478,2316,2141,1943,2479,2319,2185,1944,0,-14,-190,0,5100,5000,4800,5000,-40.7,38.37,-178.41,-28.313049295720873,6.838731652479673,61.42497243576499,-0.7340235041267983,0.1595087223800121,0.6601260961923195
,201,0,-0.59609375,0.3139917695473251,0.59609375,-0.3139917695473251,1736,2621,2883,1638,1778,2622,2882,1655,-177,0,19,-45,5000,4900,4900,4800,-38.52,55.2,-235.15,27.17239489552213,-13.785544371509317,59.571969093412235,0.7240027156111173,-0.35148759631931153,0.593528885077551
,202,0,0.10390624999999998,-0.4637860082304527,-0.10390624999999998,0.4637860082304527,2193,2114,2426,2145,2193,2151,2434,2146,0,-138,-30,0,5000,5000,4900,5000,-43.160000000000004,19.2,-203.22,-2.278688472622008,24.298908871363963,63.960888053022174,-0.032791713241183844,0.6058039418769688,0.794937914273205
,203,0,-0.24609375,0.0028806584362138787,0.24609375,-0.0028806584362138787,1965,2418,2654,1841,1983,2419,2653,1844,-55,0,22,-14,5000,5000,5000,4900,-47.54,41.35,-220.18,13.127282510548582,1.068197152020467,68.48179405497174,0.3933206944695965,0.005702098801284326,0.9193836616838555
,204,0,0.45390624999999996,0.46954732510288033,-0.45390624999999996,-0.46954732510288033,2421,2722,2198,1537,2422,2723,2230,1567,0,0,-127,-102,5100,5000,4800,4800,-38.96,66.33,-187.36,-21.261065482046348,-21.666045099270434,59.800495096877206,-0.5117980739204758,-0.5674775955305572,0.6450053566460886
,205,0,-0.42109375,-0.30823045267489707,0.42109375,0.30823045267489707,1850,2215,2769,2044,1878,2237,2769,2046,-94,-67,0,0,5000,5000,5000,5000,-42.62,28.13,-226.58,20.4281074788926,13.81238146737342,63.56056240853239,0.5640080806388894,0.32428254619856484,0.7594311787153671
,206,0,0.27890625,0.15843621399176955,-0.27890625,-0.15843621399176955,2307,2519,2312,1740,2307,2519,2334,1749,0,0,-78,-24,5000,5000,5000,4900,-46.37,51.09,-192.61,-15.03092817358663,-6.793670380783233,67.19820145429915,-0.37573966494615674,-0.2124326669001996,0.9020488158740735
,207,0,-0.07109374999999996,0.625102880658436,0.07109374999999996,-0.625102880658436,2079,2824,2540,1435,2081,2825,2540,1484,-14,0,19,-212,5000,5000,5000,5000,-38.39,74.83,-209.08,-0.1613664151452383,-31.61304073073798,59.36086207516775,0.011305871797784264,-0.8269088753262908,0.5622222773685701
,208,0,0.62890625,-0.5674897119341563,-0.62890625,0.5674897119341563,2535,2046,2084,2213,2535,2087,2127,2214,0,-161,-184,0,4900,4900,5100,4800,-33.37,21.69,-177.27,-28.289939479244538,23.536618280233924,54.04723917255683,-0.6927908619543746,0.5650481870743175,0.44806402207334317
,209,0,-0.6398437499999999,-0.10082304526748975,0.6398437499999999,0.10082304526748975,1708,2350,2911,1909,1758,2352,2910,1909,-226,-17,20,0,5100,5000,4800,5000,-38.31,38.94,-237.49,30.604809272414172,2.2789677158403947,59.332630545116935,0.8267157163403385,0.029887997686101186,0.5618254461576099
,210,0,0.06015625000000002,0.3658436213991769,-0.06015625000000002,-0.3658436213991769,2164,2654,2455,1605,2165,2655,2461,1632,0,0,-27,-85,5000,4900,5000,4900,-45.27,62.65,-207.13,-1.3185874002063827,-19.30964920752156,66.20021121219682,-0.012944299543351493,-0.5442680568888465,0.838811496916781
,211,0,-0.28984374999999996,-0.4119341563786008,0.28984374999999996,0.4119341563786008,1936,2147,2683,2112,1952,2179,2683,2113,-44,-114,1,-1,4900,5000,5000,4900,-42.97,21.97,-219.16,13.438901089772799,20.45972263850218,63.85779868643896,0.38413618294517854,0.4924406557910872,0.780987575750314
,212,0,0.41015625,0.054732510288065694,-0.41015625,-0.054732510288065694,2392,2452,2227,1807,2393,2452,2258,1811,0,0,-128,-11,5000,4900,4900,4900,-44.230000000000004,45.14,-184.91,-22.301628093181733,-0.3440849918804574,65.00460372671748,-0.5841587187290223,-0.05091270354917567,0.8100410409048296
,213,0,-0.46484375,0.5213991769547321,0.46484375,-0.5213991769547321,1822,2756,2797,1503,1853,2756,2796,1535,-117,0,20,-114,5000,4900,5000,5000,-37.980000000000004,67.34,-227.6,18.823429318485182,-25.39024482683321,59.024793494854,0.4941092917756552,-0.6388384149836658,0.5896960974282585
,214,0,0.23515624999999996,-0.25637860082304526,-0.23515624999999996,0.25637860082304526,2278,2249,2341,2010,2278,2268,2357,2011,0,-55,-56,0,5000,5000,5000,5000,-46.09,31.400000000000002,-194.09,-12.224849374592537,12.750815698647337,66.87588846234772,-0.2905079935066966,0.2905955644732185,0.9116793973855085
,215,0,-0.11484375000000002,0.21028806584362125,0.11484375000000002,-0.21028806584362125,2050,2553,2569,1706,2058,2553,2568,1722,-23,0,21,-41,5000,5000,5000,4900,-47.550000000000004,54.160000000000004,-212.61,4.710513132344914,-11.202054426680931,68.48620194666526,0.14265658935197126,-0.31683108550135936,0.9376924659900461
,216,0,0.58515625,0.6769547325102878,-0.58515625,-0.6769547325102878,2506,2857,2113,1402,2506,2858,2153,1447,0,0,-158,-189,5100,5100,4800,5000,-31.14,74.67,-184.31,-24.828844773672643,-29.803691469202235,51.986394861777946,-0.5695834651738224,-0.7303968372973607,0.37695508521121396
,217,0,-0.5523437499999999,-0.6539094650205761,0.5523437499999999,0.6539094650205761,1765,1990,2854,2269,1797,2042,2854,2269,-119,-233,0,0,4900,4800,4900,5000,-33.12,13.370000000000001,-228.31,23.195625437714995,28.394897401769086,54.0321011806797,0.6191625193957051,0.6534201972049866,0.435522468375812
,218,0,0.14765625000000004,-0.18724279835390945,-0.14765625000000004,0.18724279835390945,2221,2294,2398,1965,2221,2301,2413,1966,0,-24,-50,0,5000,5000,5000,5000,-47.53,32.13,-199.24,-7.142834986157482,11.679291304498598,68.34352780104204,-0.16514857236487612,0.2799465574036289,0.9457039040015112
,219,0,-0.20234375,0.2794238683127571,0.20234375,-0.2794238683127571,1993,2598,2626,1661,2004,2599,2625,1682,-34,0,21,-64,5000,5000,4900,5000,-46.160000000000004,56.7,-217.22,9.1453499475179,-14.051123592080444,67.12575080327356,0.262392216910106,-0.3889928921623991,0.8830825863712476
,220,0,0.4976562499999999,-0.49835390946502056,-0.4976562499999999,0.49835390946502056,2449,2091,2170,2168,2450,2124,2207,2169,0,-123,-147,0,5000,5000,5000,4700,-37.93,21.87,-183.0,-22.607228695030614,22.98364365075541,58.63634771367151,-0.5480498013546846,0.5521222064485556,0.628333099861426
,221,0,-0.37734375,-0.03168724279835389,0.37734375,0.03168724279835389,1879,2395,2740,1864,1908,2396,2740,1864,-103,0,0,0,5000,5000,4900,5000,-45.39,39.480000000000004,-226.13,19.20018353008402,2.5265312692491975,66.35693292787384,0.5636434423057033,0.03633456362550763,0.8252186797642921
,222,0,0.3226562500000001,0.43497942386831245,-0.3226562500000001,-0.43497942386831245,2335,2700,2284,1559,2335,2701,2308,1589,0,0,-81,-103,5000,5000,5000,4900,-41.88,65.36,-193.70000000000002,-14.884258648235317,-21.117467296497693,62.749782637719264,-0.35747888865722743,-0.5637409591812058,0.7445837596307395
,223,0,-0.02734375,-0.342798353909465,0.02734375,0.342798353909465,2107,2193,2512,2066,2109,2222,2513,2067,-1,-93,0,-11,4900,5000,5000,5000,-45.83,24.54,-206.20000000000002,0.32140067284962015,18.77775422577372,66.6592742031271,0.039284858012324265,0.4651199683971481,0.8843755508431851
,224,0,0.67265625,0.12386831275720167,-0.67265625,-0.12386831275720167,2564,2497,2055,1762,2565,2497,2109,1767,0,0,-262,-17,4900,5000,4800,5000,-36.64,47.72,-173.51,-33.812885593281806,-2.17110367872192,57.364089772517644,-0.839483375455816,-0.08597773442880294,0.5365402981284807
,225,0,-0.6617187499999999,0.5905349794238681,0.6617187499999999,-0.5905349794238681,1694,2801,2925,1458,1742,2801,2924,1496,-218,0,18,-144,5000,4900,5100,4800,-32.5,68.16,-235.24,26.4171066908751,-26.739264280835968,53.58525211007022,0.6628996445162209,-0.6420299651690036,0.38517734243508656
,226,0,0.038281250000000044,-0.6020576131687242,-0.038281250000000044,0.6020576131687242,2150,2024,2469,2235,2151,2072,2471,2236,0,-207,-22,0,4800,4800,4900,5000,-39.4,12.66,-206.03,0.9841760473495071,30.62374558637697,60.19851438036092,0.05988330343280224,0.7800002864820076,0.6229073310356537
,227,0,-0.31171875,-0.13539094650205763,0.31171875,0.13539094650205763,1922,2328,2697,1931,1948,2332,2696,1932,-90,-16,21,0,5000,5000,5000,5000,-46.1,34.27,-222.48000000000002,15.906529203571239,7.972827079602332,67.03546304774574,0.48697947930282365,0.19660676817698916,0.8509975120086725
,228,0,0.3882812499999999,0.33127572016460904,-0.3882812499999999,-0.33127572016460904,2378,2632,2241,1627,2379,2633,2269,1647,0,0,-109,-54,5000,5000,5000,5000,-42.59,59.910000000000004,-188.88,-19.32904641583275,-15.352816467460443,63.421841058019524,-0.47913718036300595,-0.4163218802113995,0.772724824533956
,229,0,-0.48671875,-0.44650205761316875,0.48671875,0.44650205761316875,1808,2125,2811,2134,1840,2156,2810,2135,-121,-109,21,0,4900,5000,5000,5000,-39.18,21.66,-227.68,21.97861875757704,20.183611348633626,60.109787919405434,0.6005303038991339,0.47536063645692206,0.6429584896446148
,230,0,0.21328124999999998,0.02016460905349793,-0.21328124999999998,-0.02016460905349793,2264,2429,2355,1830,2264,2430,2374,1833,0,0,-61,-13,5000,5000,5000,4900,-47.85,43.78,-194.98000000000002,-12.180435726120152,0.34406077738116636,68.67159438244352,-0.30803885652705854,-0.02904674856773096,0.9509302546807229
,231,0,-0.13671875,0.48683127572016427,0.13671875,-0.48683127572016427,2036,2733,2583,1526,2041,2734,2582,1562,-17,0,18,-136,4900,5000,5000,4800,-42.300000000000004,68.19,-212.62,3.7995150835799905,-25.215738094669902,63.27177459472279,0.11594611554390981,-0.6791378950463777,0.724795293722478
,232,0,0.56328125,-0.29094650205761313,-0.56328125,0.29094650205761313,2492,2226,2127,2033,2493,2245,2169,2035,0,-55,-180,-12,4800,4800,5100,4900,-39.4,33.89,-178.11,-28.3039003736817,11.32502996510999,60.11217247106515,-0.7084835439813109,0.256383210600014,0.6575094807150009
,233,0,-0.57421875,0.17572016460905338,0.57421875,-0.17572016460905338,1751,2531,2868,1728,1791,2531,2867,1735,-165,0,21,-19,5000,5000,5000,4900,-40.08,48.6,-234.93,27.390539312779794,-7.181301085737914,61.114169999767384,0.7473140834725285,-0.19762149531860337,0.6344031882262685
,234,0,0.12578124999999996,0.6423868312757199,-0.12578124999999996,-0.6423868312757199,2207,2835,2412,1424,2207,2836,2420,1472,0,0,-30,-208,5000,4800,5100,4900,-37.83,75.42,-206.82,-2.4532835970446456,-32.0508861460132,58.79103137782264,-0.04284465680259316,-0.835389298392206,0.5479863643515651
,235,0,-0.22421874999999997,-0.5502057613168724,0.22421874999999997,0.5502057613168724,1979,2057,2640,2202,1989,2100,2640,2203,-26,-181,0,0,5000,4800,4900,4900,-40.34,15.16,-214.14000000000001,8.902441744554608,27.585212463524787,61.18547172989311,0.27608188061800015,0.6837717212546345,0.6754517217439774
,236,0,0.47578125000000004,-0.08353909465020581,-0.47578125000000004,0.08353909465020581,2435,2362,2184,1897,2436,2364,2222,1897,0,-15,-165,0,5000,5000,5000,5000,-42.7,41.0,-181.36,-25.556861696779976,4.02150455280502,63.446373283767,-0.6763761207754106,0.0777003135152769,0.7324465881717479
,237,0,-0.39921874999999996,0.38312757201646086,0.39921874999999996,-0.38312757201646086,1865,2666,2754,1593,1891,2667,2753,1616,-86,0,20,-72,4900,4900,5000,4900,-41.87,60.88,-225.78,17.424535930225176,-18.81112158728402,62.889290187452666,0.4740425830477063,-0.48836442027081867,0.7326553231028939
,238,0,0.30078125,-0.3946502057613169,-0.30078125,0.3946502057613169,2321,2159,2298,2100,2321,2186,2320,2101,0,-86,-77,-10,5000,5000,5000,4900,-43.27,24.48,-191.85,-13.979334878509917,19.79803414417458,64.02722337189493,-0.3353165397286709,0.47644980686695904,0.8127474390736814
,239,0,-0.04921874999999998,0.07201646090534974,0.04921874999999998,-0.07201646090534974,2093,2463,2526,1796,2098,2463,2527,1804,-17,-13,-7,-19,5000,5000,5000,4900,-48.85,46.980000000000004,-209.59,2.1754449549886488,-3.8310508970444417,69.75290487247,0.07247712941468366,-0.1273487902228775,0.9892064250400803
,240,0,0.6507812499999999,0.5386831275720163,-0.6507812499999999,-0.5386831275720163,2549,2767,2070,1492,2549,2767,2118,1526,0,0,-218,-120,5100,4900,5000,4800,-32.86,68.0,-179.3,-29.385786903991146,-22.806122844897573,53.66440313621388,-0.695083370430852,-0.5737441883515183,0.433216706145255
,241,0,-0.61796875,-0.23909465020576132,0.61796875,0.23909465020576132,1722,2260,2897,1999,1766,2273,2896,2000,-189,-35,22,0,5000,5000,5000,5000,-38.46,33.1,-235.9,29.411639203301462,8.213303931125864,59.45990532708465,0.7906444813826532,0.17290962075906668,0.5873530174504182
,242,0,0.08203125,0.2275720164609053,-0.08203125,-0.2275720164609053,2178,2564,2441,1695,2178,2565,2449,1712,0,0,-31,-43,5000,5000,5000,4900,-47.5,55.67,-204.55,-3.4326462606804284,-12.16520395861005,68.39961049831038,-0.07379878732288452,-0.34631717494881514,0.9352102187878097
,243,0,-0.26796875,0.6942386831275718,0.26796875,-0.6942386831275718,1950,2869,2669,1390,1963,2870,2668,1441,-33,0,19,-227,4900,5000,5100,5000,-35.39,76.79,-217.9,8.520733487139353,-34.171948275246194,56.41007684655331,0.22407161547794752,-0.8560668220878497,0.4657698007143794
,244,0,0.43203124999999987,-0.698079561042524,-0.43203124999999987,0.698079561042524,2407,1961,2212,2298,2408,2018,2237,2298,0,-262,-91,0,5100,4900,5000,5000,-34.05,12.96,-187.3,-17.697335879716917,31.572249783949403,54.75545899702508,-0.422497083034694,0.7659758391019698,0.48453816025077745
,245,0,-0.44296874999999997,-0.23141289437585733,0.44296874999999997,0.23141289437585733,1836,2265,2783,1994,1870,2271,2783,1995,-125,-19,22,0,5000,5000,5000,5000,-42.94,30.490000000000002,-227.51,21.195247731896615,11.395961146316544,63.89118101690813,0.5948253367489791,0.2664896763076117,0.7583970405947852
,246,0,0.25703124999999993,0.23525377229080924,-0.25703124999999993,-0.23525377229080924,2293,2569,2326,1690,2293,2570,2344,1706,0,-5,-61,-46,5000,5000,5000,5000,-46.01,54.980000000000004,-194.37,-13.53560283730377,-10.794518513152937,66.85685652554761,-0.33290079171270087,-0.3049285739699022,0.8922979478031643
,247,0,-0.09296875000000004,-0.5425240054869684,0.09296875000000004,0.5425240054869684,2064,2062,2555,2197,2068,2103,2556,2198,-15,-171,0,0,5000,5000,5000,4800,-41.050000000000004,15.06,-207.66,2.440590062806848,28.124011571781192,61.8627223216508,0.10059956698277753,0.7181457475035716,0.688582901665017
,248,0,0.6070312499999999,-0.07585733882030177,-0.6070312499999999,0.07585733882030177,2521,2367,2098,1892,2521,2367,2147,1892,0,0,-221,0,5000,4800,5100,4800,-38.51,42.08,-175.18,-31.77531850282554,3.348757426461603,59.228185728033814,-0.8067386794660916,0.07104321450599571,0.5866221652187726
,249,0,-0.5304687499999999,0.3908093278463647,0.5304687499999999,-0.3908093278463647,1779,2671,2840,1588,1816,2672,2839,1610,-147,0,21,-67,5000,5000,4900,4800,-39.230000000000004,60.08,-231.52,23.218112295434764,-18.407585839880923,60.276086827388106,0.6183343305168889,-0.46978252940819665,0.6300531967755325
,250,0,0.16953125000000002,-0.3869684499314129,-0.16953125000000002,0.3869684499314129,2236,2164,2383,2095,2236,2192,2395,2095,0,-93,-38,0,5000,5000,5000,4900,-44.56,23.39,-198.9,-6.878183945768143,20.41379821175572,65.34979285721377,-0.1539820841569452,0.49502849036261026,0.8551235650407477
,251,0,-0.18046874999999996,0.07969821673525379,0.18046874999999996,-0.07969821673525379,2007,2468,2612,1791,2020,2468,2611,1798,-39,-6,19,-18,5000,5000,5000,5000,-48.13,46.12,-216.64000000000001,9.270793291926395,-3.450507601638577,69.06608700881424,0.2699938947707044,-0.1186245293759263,0.9555268273663935
,252,0,0.51953125,0.5463648834019204,-0.51953125,-0.5463648834019204,2464,2772,2155,1487,2465,2772,2194,1523,0,0,-157,-130,4900,5000,5000,5000,-35.96,69.56,-185.36,-23.45986028017353,-24.76237794368612,56.79867492366204,-0.5546420669260889,-0.6287061855685112,0.5450694541284152
,253,0,-0.35546875,-0.6462277091906721,0.35546875,0.6462277091906721,1893,1995,2726,2264,1913,2046,2727,2264,-59,-223,-9,0,5000,4900,4900,4800,-36.54,11.76,-218.88,13.879284783127702,30.646940809817085,57.4007058318597,0.39126880477685894,0.7348824788759196,0.5539462651283712
,254,0,0.34453124999999996,-0.1795610425240055,-0.34453124999999996,0.1795610425240055,2350,2299,2269,1960,2350,2305,2297,1961,0,-19,-110,0,5000,5000,5000,4900,-45.230000000000004,34.61,-188.31,-18.20398152834497,9.935469487601893,65.99503410439968,-0.48472334823980956,0.23606847867528546,0.8422083762627417
,255,0,-0.005468750000000022,0.28710562414266116,0.005468750000000022,-0.28710562414266116,2121,2603,2498,1656,2123,2604,2498,1678,-13,0,19,-67,5000,5000,5000,4900,-46.81,58.51,-206.87,-1.3061847129074522,-15.157155241182465,67.72842586755945,-0.022169246987153876,-0.44050543786140367,0.8974761744484114
,256,0,0.69453125,-0.49067215363511657,-0.69453125,0.49067215363511657,2578,2096,2041,2163,2579,2128,2094,2164,0,-118,-244,0,5000,4900,5100,4600,-32.96,25.900000000000002,-174.07,-31.76460290250364,19.550849118937037,53.63183781492759,-0.7685163720797348,0.4590835139823215,0.4456735498490411
,257,0,-0.697265625,-0.02400548696844995,0.697265625,0.02400548696844995,1670,2400,2949,1859,1728,2401,2948,1859,-285,0,21,0,4800,5000,4900,4900,-36.62,39.94,-240.28,33.32913655075666,1.088265899214143,57.659170039349945,0.8674853144124849,-0.0016945692519505248,0.49745990563433645
,258,0,0.0027343749999999556,0.4426611796982165,-0.0027343749999999556,-0.4426611796982165,2127,2705,2492,1554,2128,2706,2494,1588,0,0,-22,-120,5000,4800,5000,5000,-43.51,66.53,-210.6,1.89026205219497,-23.419840703893698,64.46743567711633,0.06883830391312676,-0.6537411264198542,0.7535806708917531
,259,0,-0.34726562499999997,-0.335116598079561,0.34726562499999997,0.335116598079561,1899,2198,2720,2061,1921,2223,2720,2061,-64,-77,0,0,5000,5000,5000,4900,-43.49,26.25,-222.89000000000001,16.869159230809657,15.939426605604872,64.40730106206922,0.4807394638703252,0.37720479105184107,0.7915845586450067
,260,0,0.35273437500000004,0.1315500685871055,-0.35273437500000004,-0.1315500685871055,2355,2502,2264,1757,2355,2502,2292,1765,-1,0,-108,-21,4900,5000,5000,5000,-45.33,49.410000000000004,-188.6,-18.913406105680565,-4.85004846196302,66.1338711749755,-0.4835713801276602,-0.16748979502750733,0.8591308915893275
,261,0,-0.522265625,0.598216735253772,0.522265625,-0.598216735253772,1785,2806,2834,1453,1818,2806,2833,1494,-126,0,21,-165,5000,4900,4900,5000,-35.04,70.02,-229.64000000000001,20.692194731910917,-28.210109714108725,56.101836456665716,0.5328875099579348,-0.6932524605918051,0.48521328054190754
,262,0,0.177734375,-0.5943758573388203,-0.177734375,0.5943758573388203,2241,2029,2378,2230,2241,2075,2388,2231,0,-193,-35,0,5000,5000,4900,5000,-39.37,14.0,-199.3,-5.820657805623426,29.74057308048303,60.13816077014284,-0.1247312396561107,0.7465996974323615,0.6534760972275541
,263,0,-0.17226562499999998,-0.1277091906721537,0.17226562499999998,0.1277091906721537,2013,2333,2606,1926,2026,2337,2605,1927,-38,-16,22,0,5000,5000,5000,4900,-47.83,34.410000000000004,-215.64000000000001,9.064385260577723,8.299366722083363,68.73149905126849,0.27279201861212976,0.20403382831325126,0.9401886573902909
,264,0,0.5277343749999999,0.33895747599451287,-0.5277343749999999,-0.33895747599451287,2469,2637,2150,1622,2470,2639,2191,1642,0,0,-173,-55,5000,4900,4800,5000,-39.58,59.18,-182.09,-26.03972129522421,-14.175181516549657,60.376004787715786,-0.6425077524480455,-0.3838562328706316,0.6632029708396426
,265,0,-0.609765625,-0.4388203017832647,0.609765625,0.4388203017832647,1727,2130,2892,2129,1771,2157,2891,2130,-189,-86,20,0,5000,5100,5000,4800,-36.4,22.54,-233.03,27.270446284571193,18.93687915975125,57.35887529379347,0.7247755745065784,0.4361298660135388,0.5333770772817975
,266,0,0.09023437499999998,0.027846364883401864,-0.09023437499999998,-0.027846364883401864,2184,2434,2435,1825,2184,2434,2444,1830,0,0,-34,-13,5000,5000,5000,5000,-48.980000000000004,44.32,-201.63,-5.5875415523127,-0.6399399105441077,69.83627848516745,-0.12672474585322493,-0.048198796362560636,0.9907662261187727
,267,0,-0.259765625,0.4945130315500683,0.259765625,-0.4945130315500683,1956,2738,2663,1521,1970,2739,2662,1556,-37,0,20,-131,5000,5000,5000,4800,-41.39,67.53,-218.73000000000002,9.944442930287693,-24.971890118170293,62.39075250469694,0.2754380964199646,-0.6596925200796444,0.6992421855062199
,268,0,0.44023437499999996,-0.2832647462277092,-0.44023437499999996,0.2832647462277092,2412,2231,2207,2028,2413,2251,2238,2029,0,-60,-122,-5,5000,4900,4900,5000,-42.4,32.45,-183.71,-22.634084044959394,12.392668606481038,63.136561753218714,-0.5623096544774945,0.27802127880928434,0.7787888166959323
,269,0,-0.434765625,0.18340192043895742,0.434765625,-0.18340192043895742,1842,2536,2777,1723,1873,2536,2777,1732,-109,0,19,-25,5000,5000,5000,4900,-43.63,49.82,-228.58,20.955633210590577,-7.9601407267782065,64.63536188172327,0.5868702984982959,-0.2247066077439926,0.7778754355143943
,270,0,0.265234375,0.650068587105624,-0.265234375,-0.650068587105624,2298,2840,2321,1419,2299,2841,2338,1467,-9,0,-54,-195,4800,4800,4800,5000,-36.97,75.48,-199.95000000000002,-9.307449363416168,-31.649908983181405,57.89675571451326,-0.20774098069761793,-0.8179399480336277,0.536486650672259
,271,0,-0.08476562499999996,-0.6807956104252401,0.08476562499999996,0.6807956104252401,2070,1972,2549,2287,2072,2031,2550,2287,-12,-280,0,0,5000,4900,5000,4800,-36.94,9.52,-206.93,2.105797890196129,33.68885872292285,57.735133390375154,0.09300071091031901,0.8402522966157232,0.5341600376312126
,272,0,0.615234375,-0.2141289437585734,-0.615234375,0.2141289437585734,2526,2276,2093,1983,2526,2281,2142,1983,0,-17,-220,0,5000,4900,5000,4900,-38.0,36.63,-175.38,-31.205703320401284,8.771382683694114,58.70542970121457,-0.7889169465566044,0.21875731656911418,0.5742432305942172
,273,0,-0.6535156249999999,0.25253772290809307,0.6535156249999999,-0.25253772290809307,1699,2581,2920,1678,1749,2582,2919,1691,-230,0,19,-34,4800,4900,5100,4700,-37.480000000000004,51.480000000000004,-237.61,29.88270676317299,-10.242898273861158,58.53492126091403,0.7960196180535151,-0.26288143734938635,0.5452028224166283
,274,0,0.04648437500000002,-0.5252400548696845,-0.04648437500000002,0.5252400548696845,2155,2074,2464,2185,2156,2113,2467,2186,0,-158,-23,-3,5000,4800,4900,5000,-41.53,15.85,-206.01,0.7387615894339774,27.448457849382283,62.336438497615134,0.05050283890250723,0.7062421458311514,0.7061667612643618
,275,0,-0.30351562499999996,-0.05857338820301783,0.30351562499999996,0.05857338820301783,1927,2378,2692,1881,1951,2380,2691,1881,-77,-16,20,0,5000,4900,5000,5000,-46.62,38.2,-222.78,15.93824695181496,4.0330448993209345,67.5668860020707,0.49805750573028346,0.09125580168501214,0.8623288813698372
,276,0,0.396484375,0.4080932784636486,-0.396484375,-0.4080932784636486,2383,2682,2236,1577,2384,2683,2263,1603,0,0,-101,-84,4900,4900,5000,4800,-41.29,63.51,-189.39000000000001,-19.056757285677037,-18.982715442432536,62.13351188381923,-0.4657622582663781,-0.511596065801145,0.7220353067761947
,277,0,-0.478515625,-0.36968449931412894,0.478515625,0.36968449931412894,1813,2175,2806,2084,1845,2200,2805,2085,-122,-82,20,-9,4900,5000,5000,4900,-40.6,25.36,-228.45000000000002,22.49042610298565,16.44418133139127,61.542971922711594,0.6124107216945275,0.38772699010837586,0.6889273467464386
,278,0,0.22148437499999996,0.09698216735253773,-0.22148437499999996,-0.09698216735253773,2269,2479,2350,1780,2269,2479,2369,1786,0,-5,-60,-16,5000,5000,5000,4900,-47.56,47.9,-195.14000000000001,-12.297299766878837,-3.778162051975407,68.39280818997868,-0.3078278602623302,-0.13211382127252477,0.9422249979039434
,279,0,-0.12851562500000002,0.5636488340192043,0.12851562500000002,-0.5636488340192043,2041,2783,2578,1476,2046,2783,2577,1520,-17,0,19,-175,5000,5000,4800,4900,-40.34,71.69,-211.68,2.635057305522679,-28.649966667279088,61.315934060784414,0.08453930165632036,-0.7594193490731526,0.6450855437294896
,280,0,0.571484375,-0.6289437585733881,-0.571484375,0.6289437585733881,2498,2006,2121,2253,2498,2051,2159,2253,0,-187,-154,0,5000,4700,5000,4800,-33.27,17.76,-180.35,-24.951423663884015,27.24966079978988,53.952754260761,-0.6026300704125344,0.6540610697882366,0.45721014339365984
,281,0,-0.5660156249999999,-0.16227709190672157,0.5660156249999999,0.16227709190672157,1756,2310,2863,1949,1797,2314,2862,1950,-173,-17,22,0,5000,5000,5000,5000,-40.33,35.18,-234.19,27.556220354305992,6.258711615372732,61.326557349822465,0.7573035199807548,0.13026653281400058,0.6399390666722713
,282,0,0.13398437500000004,0.3043895747599452,-0.13398437500000004,-0.3043895747599452,2212,2614,2407,1645,2212,2615,2419,1665,0,-1,-39,-61,5000,5000,5000,4900,-46.19,59.27,-202.46,-5.754357096885229,-15.619792921567807,67.08824712759284,-0.1309979633950219,-0.4421282246756178,0.8873343037049467
,283,0,-0.216015625,-0.4733882030178326,0.216015625,0.4733882030178326,1984,2107,2635,2152,1994,2145,2635,2154,-28,-149,0,-10,5000,5000,5000,4900,-42.33,18.56,-214.51,9.032646179598231,24.173702696660378,63.1858836663911,0.26917842326980373,0.5917763999186385,0.7598313424341735
,284,0,0.4839843749999999,-0.006721536351166013,-0.4839843749999999,0.006721536351166013,2441,2412,2178,1847,2442,2413,2217,1848,0,-7,-165,0,5000,4900,5100,4800,-42.410000000000004,42.38,-181.08,-25.927902267239233,2.6627055035788274,63.158460034861584,-0.6790334247049095,0.031301840675751945,0.7334397063861697
,285,0,-0.391015625,0.45994513031550044,0.391015625,-0.45994513031550044,1870,2716,2749,1543,1895,2717,2748,1574,-83,0,20,-106,4900,4800,5000,5000,-40.660000000000004,64.76,-224.66,16.05123516897089,-22.610200923165536,61.683495338062244,0.43086220698130073,-0.5842039222292467,0.6877961441060623
,286,0,0.3089843750000001,-0.3178326474622771,-0.3089843750000001,0.3178326474622771,2326,2209,2293,2050,2326,2233,2314,2050,0,-77,-72,0,5000,5000,4900,5000,-44.37,28.990000000000002,-190.46,-15.6756724323198,15.395202664236365,65.13162993779329,-0.3791906208631434,0.35941244185414667,0.8526647463627558
,287,0,-0.041015625,0.14883401920438954,0.041015625,-0.14883401920438954,2098,2513,2521,1746,2102,2513,2521,1757,-16,0,20,-30,5000,5000,5000,4900,-48.27,51.230000000000004,-208.59,0.8938687573695177,-8.005578182745452,69.17863630234457,0.04015138429397561,-0.23745905320487407,0.9705673930182912
,288,0,0.658984375,0.6155006858710561,-0.658984375,-0.6155006858710561,2555,2817,2064,1442,2555,2818,2113,1482,0,0,-217,-158,4900,4900,5100,4800,-30.990000000000002,71.11,-180.1,-28.788356621111973,-25.96832559056375,51.8062990346092,-0.6692131573820116,-0.6417212616588217,0.3746299138106954
,289,0,-0.6753906249999999,-0.5770919067215363,0.6753906249999999,0.5770919067215363,1685,2040,2934,2219,1733,2078,2933,2220,-213,-146,21,0,5100,5100,4900,5000,-32.01,17.36,-234.06,28.668695628823485,24.023056250827004,52.961023389793716,0.7422547514647393,0.5405662211809106,0.3960379330900131
,290,0,0.024609375000000044,-0.11042524005486964,-0.024609375000000044,0.11042524005486964,2141,2344,2478,1915,2142,2349,2484,1915,0,-18,-29,0,5000,5000,5000,5000,-48.730000000000004,35.39,-205.61,-1.0131052906655782,8.000576613020762,69.58367782378534,0.0016373831804312993,0.1752684123650537,0.9845193256627083
,291,0,-0.325390625,0.3562414266117968,0.325390625,-0.3562414266117968,1913,2648,2706,1611,1935,2649,2705,1637,-63,0,22,-81,5000,5000,4900,4900,-43.6,59.65,-222.75,14.476078557430071,-17.37464487803038,64.60096591158447,0.4067387485749915,-0.4669448140248068,0.785191779798406
,292,0,0.3746093749999999,-0.42153635116598076,-0.3746093749999999,0.42153635116598076,2369,2141,2250,2118,2370,2171,2275,2120,0,-104,-98,-11,5000,5000,5000,4800,-41.730000000000004,24.17,-188.07,-17.722331721177852,20.357840610800018,62.46751463123136,-0.42648971159532606,0.48887146900690365,0.7609935694172236
,293,0,-0.500390625,0.04513031550068569,0.500390625,-0.04513031550068569,1799,2445,2820,1814,1838,2445,2819,1817,-161,0,21,-11,5000,4900,5000,4900,-42.6,41.77,-231.61,24.526655609761434,-0.13578075553479607,63.60023383890754,0.6952160967769861,-0.0317443008078598,0.7180994904248249
,294,0,0.19960937499999998,0.5117969821673523,-0.19960937499999998,-0.5117969821673523,2255,2750,2364,1509,2255,2751,2379,1544,0,-7,-45,-129,4900,5000,5000,4800,-41.32,69.68,-201.34,-7.550431078812011,-25.944441412320728,62.23900473379161,-0.16856266768106531,-0.6957875956069862,0.6981878320793707
,295,0,-0.150390625,-0.2659807956104252,0.150390625,0.2659807956104252,2027,2243,2592,2016,2033,2265,2592,2018,-19,-67,20,-11,5000,4900,5000,4900,-46.74,28.71,-213.82,7.6382894985282235,14.105988572795042,67.61799397256331,0.22563513438482613,0.33366084460274514,0.915291880719
,296,0,0.549609375,0.20068587105624125,-0.549609375,-0.20068587105624125,2483,2547,2136,1712,2484,2547,2179,1722,0,0,-183,-23,4900,5000,5100,4900,-40.22,52.160000000000004,-179.43,-28.223217002079906,-6.989977260491074,60.98492702976334,-0.7085097316288409,-0.2148037456004277,0.672215226741595
,297,0,-0.587890625,0.6673525377229079,0.587890625,-0.6673525377229079,1742,2851,2877,1408,1781,2852,2876,1451,-159,0,19,-166,5100,5000,5000,5000,-32.04,72.55,-231.24,22.132374923534883,-30.850815511267925,53.116295649960215,0.558627059592976,-0.7410763240011172,0.37248045625978454
,298,0,0.11210937499999996,-0.663511659807956,-0.11210937499999996,0.663511659807956,2198,1983,2421,2276,2198,2039,2426,2276,0,-260,-25,0,5000,4900,4900,5000,-37.52,10.72,-202.73000000000002,-2.1683314504055318,32.776492591880356,58.2970999576497,-0.02385843281925566,0.8246473331279223,0.5651438322661005
,299,0,-0.23789062499999997,-0.19684499314128945,0.23789062499999997,0.19684499314128945,1970,2288,2649,1971,1988,2294,2648,1972,-55,-21,21,0,5000,5000,5000,4900,-46.480000000000004,30.84,-218.70000000000002,12.364703720074544,11.65100606683177,67.38784293133344,0.38035261464476156,0.3122174492845585,0.8705470423217451
,300,0,0.46210937500000004,0.2698216735253771,-0.46210937500000004,-0.2698216735253771,2426,2592,2193,1667,2427,2593,2227,1684,0,0,-140,-44,5000,5000,4900,5000,-41.95,55.93,-184.27,-23.656945713522788,-11.072833880909087,62.74868674594004,-0.5953517414851042,-0.3067737794886066,0.7425942042117814
,301,0,-0.41289062499999996,-0.5079561042524006,0.41289062499999996,0.5079561042524006,1856,2085,2763,2174,1884,2119,2762,2175,-93,-130,15,0,5000,4900,5000,4900,-39.160000000000004,17.52,-223.03,17.6186077273494,24.627698739277605,60.05601914954273,0.4820275273941094,0.5879120210252473,0.6496221350664789
,302,0,0.287109375,-0.04128943758573389,-0.287109375,0.04128943758573389,2312,2389,2307,1870,2312,2390,2331,1870,0,0,-84,0,4900,5000,5000,4800,-46.67,40.84,-190.86,-16.086996956874913,3.5518271121554577,67.4635320943753,-0.42752797769577716,0.055918163999068814,0.9022710165035401
,303,0,-0.06289062499999998,0.42537722908093256,0.06289062499999998,-0.42537722908093256,2084,2693,2535,1566,2087,2694,2535,1599,-14,0,17,-119,4900,5000,5000,5000,-44.1,65.25,-209.26,0.6368164532933349,-22.050706649993003,65.04747539389746,0.030080444490033626,-0.6121361434679984,0.7901800482924182
,304,0,0.6371093749999999,-0.35240054869684495,-0.6371093749999999,0.35240054869684495,2540,2186,2079,2073,2540,2209,2125,2073,0,-66,-209,0,5000,4800,5000,4900,-36.52,31.78,-175.22,-31.031048278153094,13.616881351200568,57.212399802180244,-0.7686188971348424,0.31547717275081194,0.5565061944312679
,305,0,-0.631640625,0.11426611796982167,0.631640625,-0.11426611796982167,1713,2490,2906,1769,1761,2490,2905,1772,-218,0,21,-12,5000,5000,5000,5000,-38.7,44.78,-237.3,30.01944500707239,-3.533785481782033,59.73642373524177,0.8096304885028756,-0.10769311557436995,0.5769754457032649
,306,0,0.068359375,0.5809327846364882,-0.068359375,-0.5809327846364882,2170,2795,2449,1464,2171,2795,2453,1507,0,0,-24,-175,5000,4800,4800,5000,-39.83,72.82000000000001,-208.9,-0.21233474583712564,-29.591369909048964,60.79485974531846,0.012990220254948724,-0.7902456551751946,0.6126524778815932
,307,0,-0.281640625,-0.6116598079561042,0.281640625,0.6116598079561042,1941,2017,2678,2242,1955,2066,2678,2242,-36,-210,20,0,4800,4900,4800,5000,-38.19,12.81,-216.39000000000001,11.316189088951575,29.771972191242842,59.04084923382367,0.3369496157025439,0.7268760071899028,0.5984281298949545
,308,0,0.41835937499999987,-0.14499314128943763,-0.41835937499999987,0.14499314128943763,2398,2321,2221,1938,2399,2325,2253,1939,0,-16,-126,0,5000,5000,5000,5000,-43.9,37.18,-184.24,-22.431588548671982,7.642001400684279,64.65114310585398,-0.6013088523754765,0.17800721825202173,0.7789358730377383
,309,0,-0.45664062499999997,0.32167352537722893,0.45664062499999997,-0.32167352537722893,1827,2626,2792,1633,1860,2627,2791,1653,-121,0,20,-55,5000,5000,5000,4900,-41.82,56.64,-228.96,20.883491130132654,-14.795386934512166,62.84452274883449,0.5689818097046301,-0.38839031555676456,0.7248535459021783
,310,0,0.24335937499999993,-0.45610425240054864,-0.24335937499999993,0.45610425240054864,2284,2119,2335,2140,2284,2152,2352,2141,0,-119,-55,0,5000,5000,5000,4900,-42.58,20.740000000000002,-195.68,-9.902501086412343,23.26924510508099,63.346987606520464,-0.23133813001126308,0.5684142120677167,0.7895492088035606
,311,0,-0.10664062500000004,0.010562414266117925,0.10664062500000004,-0.010562414266117925,2055,2423,2564,1836,2064,2424,2563,1841,-26,0,22,-12,5000,5000,5000,5000,-48.76,42.74,-212.96,5.824158478825268,0.17175621602578417,69.66909057460722,0.17658538600964246,-0.02243791509940103,0.9840295429578412
,312,0,0.5933593749999999,0.4772290809327844,-0.5933593749999999,-0.4772290809327844,2512,2727,2107,1532,2512,2728,2150,1560,0,0,-180,-96,5100,5000,4700,4800,-35.47,65.69,-180.67000000000002,-27.875720793505167,-20.586320700086517,56.27539505114852,-0.667070711551326,-0.528061433867984,0.5255166865587579
,313,0,-0.5441406249999999,-0.30054869684499314,0.5441406249999999,0.30054869684499314,1770,2220,2849,2039,1808,2239,2848,2041,-151,-58,21,-11,5000,5000,4900,5000,-40.03,29.5,-231.96,25.715897277872898,12.075286735317363,61.00103492603433,0.7019155872282675,0.27257312335754735,0.6580413367176169
,314,0,0.15585937500000002,0.16611796982167337,-0.15585937500000002,-0.16611796982167337,2227,2524,2392,1735,2227,2524,2406,1745,0,0,-48,-27,5000,5000,5000,5000,-47.77,51.95,-199.4,-8.321243343800717,-8.10561081977383,68.63439147288378,-0.19681567861411775,-0.23920214531095527,0.9508132952006406
,315,0,-0.19414062499999996,0.63278463648834,0.19414062499999996,-0.63278463648834,1998,2829,2621,1430,2006,2830,2620,1478,-24,-2,20,-206,5000,4800,5100,4700,-38.04,74.31,-214.77,5.5523740950668525,-31.478948855248134,59.03807925206691,0.15068331346114755,-0.8139720034570204,0.5610206026809839
,316,0,0.505859375,-0.5598079561042524,-0.505859375,0.5598079561042524,2455,2051,2164,2208,2456,2092,2199,2209,0,-171,-138,0,4800,5000,4900,4900,-36.57,20.0,-182.72,-22.753883271317278,24.86437412739079,57.270241821176704,-0.552925123571559,0.5998985299383303,0.5782694540620369
,317,0,-0.369140625,-0.0931412894375857,0.369140625,0.0931412894375857,1884,2355,2735,1904,1913,2358,2735,1904,-103,-16,0,0,5000,5000,5000,5000,-45.480000000000004,37.65,-225.32,18.515038565522275,4.407239699582831,66.43824822537499,0.5378920389147074,0.08610802530744698,0.8386045328102104
,318,0,0.33085937499999996,0.37352537722908075,-0.33085937499999996,-0.37352537722908075,2341,2660,2278,1599,2341,2661,2302,1622,0,0,-87,-72,4900,5000,4900,4900,-42.96,62.300000000000004,-192.49,-15.890306119210322,-17.979759080940354,63.8159700697258,-0.38539434871475836,-0.4878435667202873,0.7832495454121601
,319,0,-0.019140625000000022,-0.4042524005486968,0.019140625000000022,0.4042524005486968,2113,2152,2506,2107,2114,2185,2507,2107,-6,-118,0,0,5000,5000,5000,4800,-44.62,21.56,-205.52,-0.15019214990971363,21.793357135019136,65.43835680081338,0.026124994546526073,0.5553120295391457,0.8312316370958571
,320,0,0.680859375,0.06241426611796974,-0.680859375,-0.06241426611796974,2569,2457,2050,1802,2570,2457,2105,1805,0,0,-268,-11,5000,5000,4800,4700,-36.18,45.29,-172.74,-34.41499412232227,0.3039667601267766,56.894098664097505,-0.8546845954452292,-0.011987554850543971,0.5190091914767303
,321,0,-0.686328125,0.5290809327846362,0.686328125,-0.5290809327846362,1678,2761,2941,1498,1730,2761,2940,1530,-237,0,20,-108,4700,5000,4900,5000,-32.980000000000004,65.13,-236.53,27.906211736170548,-23.801797469637478,54.064057808849014,0.707347436489957,-0.579366506708685,0.40496179448839587
,322,0,0.013671875,-0.24869684499314126,-0.013671875,0.24869684499314126,2134,2254,2485,2005,2135,2275,2488,2006,0,-64,-23,0,5000,5000,5000,4900,-47.410000000000004,29.34,-206.65,0.43897120124461253,13.962870366522267,68.25363005825254,0.04127491675076319,0.330001634267379,0.9430775697831418
,323,0,-0.336328125,0.2179698216735253,0.336328125,-0.2179698216735253,1906,2558,2713,1701,1930,2558,2712,1717,-73,0,21,-41,5000,4900,5000,4900,-45.17,52.4,-223.82,16.025064964408557,-10.208850331762733,66.15799180465007,0.46575789814253743,-0.28575155944415725,0.8375055979473081
,324,0,0.36367187499999987,0.6846364883401919,-0.36367187499999987,-0.6846364883401919,2362,2862,2257,1397,2362,2863,2281,1444,0,0,-84,-199,4900,5000,4900,4600,-34.800000000000004,76.71000000000001,-194.83,-14.488209809757592,-32.538024313888315,55.70422923645473,-0.3181505695200369,-0.8201033579613116,0.475616123964124
,325,0,-0.5113281249999999,-0.692318244170096,0.5113281249999999,0.692318244170096,1792,1965,2827,2294,1821,2019,2827,2294,-103,-242,0,0,5100,5000,5000,5000,-32.86,11.27,-225.67000000000002,20.704572389842895,30.667401032207227,53.7535657927441,0.5643394117061262,0.7084929101996518,0.423743819532523
,326,0,0.18867187499999993,-0.2256515775034294,-0.18867187499999993,0.2256515775034294,2248,2269,2371,1990,2248,2276,2388,1991,-2,-22,-56,0,5000,5000,5000,5000,-46.81,30.46,-196.92000000000002,-9.34140210581026,13.499880619421184,67.60769006976479,-0.23993584347891236,0.3539419117809885,0.9039667660367176
,327,0,-0.16132812500000004,0.2410150891632371,0.16132812500000004,-0.2410150891632371,2020,2573,2599,1686,2029,2574,2598,1706,-27,0,22,-55,5000,5000,5000,5000,-47.04,54.89,-215.27,7.317648728228733,-12.1112322098827,67.99138911012216,0.21222140357518676,-0.34060767125847946,0.9159413137010761
,328,0,0.5386718749999999,-0.5367626886145405,-0.5386718749999999,0.5367626886145405,2476,2066,2143,2193,2477,2101,2180,2194,0,-133,-146,0,5000,5000,4900,5000,-36.09,20.900000000000002,-181.09,-24.438538983528815,24.074978483826534,56.784351247863256,-0.5898902539824604,0.5783833967184159,0.5634732776778107
,329,0,-0.5988281249999999,-0.07009602194787379,0.5988281249999999,0.07009602194787379,1735,2370,2884,1889,1780,2371,2883,1889,-192,0,20,0,5000,5000,4900,5000,-39.54,39.31,-235.87,28.957618050785698,2.0225767687772986,60.55542437960179,0.7959179936698714,0.022990413209261745,0.6049677580276437
,330,0,0.10117187500000002,0.39657064471879266,-0.10117187500000002,-0.39657064471879266,2191,2675,2428,1584,2191,2676,2437,1612,0,0,-32,-96,5000,5000,5000,5000,-44.5,64.25,-205.46,-3.088966264230237,-20.795579824661957,65.42589288046084,-0.058819949554304425,-0.5738125735764475,0.8168716814408511
,331,0,-0.248828125,-0.38120713305898485,0.248828125,0.38120713305898485,1963,2167,2656,2092,1976,2196,2656,2093,-35,-101,0,-11,5000,4900,5000,4900,-43.99,23.26,-217.48000000000002,11.67080672280818,19.288875882478848,64.8726189579243,0.33746874286880146,0.46533887454477274,0.8182753689461483
,332,0,0.451171875,0.08545953360768166,-0.451171875,-0.08545953360768166,2419,2472,2200,1787,2420,2472,2235,1791,0,0,-142,-13,5000,5000,4900,5000,-43.26,46.43,-183.20000000000002,-24.090039237562365,-1.518596758264934,64.02930495747825,-0.6275938309665193,-0.07964019444026756,0.7744568566177741
,333,0,-0.423828125,0.5521262002743483,0.423828125,-0.5521262002743483,1849,2776,2770,1483,1875,2776,2769,1521,-84,0,19,-140,5000,5000,4800,4900,-38.0,68.9,-225.61,16.73266419032919,-26.812428425009927,59.03875744715634,0.4401373932153802,-0.6774765801126532,0.5893255114895625
,334,0,0.27617187499999996,-0.6404663923182441,-0.27617187499999996,0.6404663923182441,2305,1998,2314,2261,2305,2048,2330,2261,0,-219,-53,0,5000,5000,5100,5000,-37.38,13.0,-194.72,-10.313107885807398,31.041469990179973,58.122705608796885,-0.2355851186524477,0.7668838030412876,0.5969831526119008
,335,0,-0.07382812500000002,-0.17379972565157753,0.07382812500000002,0.17379972565157753,2077,2303,2542,1956,2084,2309,2543,1957,-22,-20,0,0,5000,5000,5000,5000,-47.82,31.650000000000002,-209.75,3.374081788312509,11.450252977806478,68.68499962093048,0.11104343245198886,0.28976211371711297,0.9506351947847669
,336,0,0.626171875,0.29286694101508903,-0.626171875,-0.29286694101508903,2533,2607,2086,1652,2533,2608,2133,1669,0,0,-209,-47,5000,4800,5000,4800,-37.050000000000004,55.94,-177.05,-30.837418743792256,-10.609915274658263,57.812593814728196,-0.7674700128226003,-0.2890657413524047,0.5722156731464646
,337,0,-0.642578125,-0.48491083676268854,0.642578125,0.48491083676268854,1706,2100,2913,2159,1754,2129,2912,2160,-216,-105,22,0,5100,4800,5000,4900,-34.68,20.650000000000002,-233.57,27.945002966721972,20.781235916681815,55.636835388410816,0.7352614522402248,0.48158812679617286,0.4769313084486586
,338,0,0.057421874999999956,-0.018244170096021972,-0.057421874999999956,0.018244170096021972,2162,2404,2457,1855,2163,2406,2464,1857,-1,-15,-30,-11,5000,5000,5000,4900,-49.06,41.29,-203.52,-3.4978774080641415,2.255920801474481,69.91809841445863,-0.07405533873516815,0.03150956439245131,0.9967562160110248
,339,0,-0.29257812499999997,0.4484224965706445,0.29257812499999997,-0.4484224965706445,1934,2708,2685,1551,1951,2709,2683,1585,-50,0,19,-118,5000,4900,5000,5000,-42.26,64.65,-220.75,12.149874979337483,-22.232196133573566,63.26359060411081,0.3316627483277307,-0.587603722352893,0.7380526314895985
,340,0,0.40742187500000004,-0.3293552812071331,-0.40742187500000004,0.3293552812071331,2391,2201,2228,2058,2392,2224,2256,2059,0,-69,-107,-10,4900,5000,5000,5000,-42.58,29.54,-185.55,-20.602882730340724,15.172460725837631,63.31843256630973,-0.5067787735271997,0.35304146356759925,0.7864712325980613
,341,0,-0.46757812499999996,0.13731138545953347,0.46757812499999996,-0.13731138545953347,1820,2506,2799,1753,1855,2506,2798,1760,-138,0,21,-20,5000,5000,5000,5000,-43.230000000000004,46.89,-230.13,22.701649624926887,-5.1424950748412925,64.23573748183128,0.6396652255919728,-0.15442793042187627,0.7529810180037658
,342,0,0.232421875,0.6039780521261999,-0.232421875,-0.6039780521261999,2277,2810,2342,1449,2277,2810,2357,1494,-6,0,-45,-188,5000,4900,5000,5000,-38.67,73.44,-200.92000000000002,-8.210282821912813,-29.67511701467184,59.596438702989545,-0.18446913374958207,-0.7803023579690332,0.597577918636261
,343,0,-0.11757812499999998,-0.5886145404663923,0.11757812499999998,0.5886145404663923,2048,2032,2571,2227,2052,2078,2571,2228,-14,-194,0,0,4900,5000,4900,5000,-39.67,13.13,-209.1,4.014141895212589,29.948554818928216,60.48508791077731,0.14319263989232825,0.7594491139132256,0.6346124102608481
,344,0,0.5824218749999999,-0.12194787379972571,-0.5824218749999999,0.12194787379972571,2505,2337,2114,1922,2505,2339,2161,1923,0,-14,-213,0,5000,4900,4800,5000,-39.300000000000004,40.61,-176.45000000000002,-30.412889272801237,4.73201686039161,60.020826839520645,-0.7788319521687554,0.10701126524745913,0.6180367136272266
,345,0,-0.555078125,0.34471879286694085,0.555078125,-0.34471879286694085,1763,2641,2856,1618,1802,2642,2855,1637,-167,0,21,-52,5000,5000,4900,5000,-39.26,57.4,-232.89000000000001,24.765600439182748,-15.826002109190199,60.30618477403484,0.665561398066803,-0.4071522374636912,0.6255038616440932
,346,0,0.14492187499999998,-0.4330589849108367,-0.14492187499999998,0.4330589849108367,2219,2134,2400,2125,2219,2166,2411,2127,0,-114,-37,-10,5000,4900,5000,4900,-43.69,20.830000000000002,-200.94,-4.665975368470271,22.827899680536483,64.48356695771628,-0.09725973310370004,0.5612889412309272,0.8218851919632459
,347,0,-0.205078125,0.03360768175582973,0.205078125,-0.03360768175582973,1991,2438,2628,1821,2005,2438,2627,1826,-43,0,20,-13,5000,5000,5000,5000,-48.01,43.24,-218.06,10.882381931957923,-0.673180646366923,68.94593277941397,0.3255816710850197,-0.043946708262186746,0.9444920657614886
,348,0,0.49492187499999996,0.5002743484224963,-0.49492187499999996,-0.5002743484224963,2448,2742,2171,1517,2449,2743,2206,1548,0,-9,-138,-110,5000,5000,5000,4800,-37.51,67.44,-185.88,-22.805542823588212,-22.67785011520506,58.34590224965384,-0.5487495811070618,-0.5852670787394861,0.5969391457917397
,349,0,-0.380078125,-0.2775034293552812,0.380078125,0.2775034293552812,1877,2235,2742,2024,1902,2255,2742,2026,-82,-62,0,-11,4900,4900,5000,5000,-43.89,29.64,-224.79,18.534217796084306,12.430169211084397,64.82538300763596,0.5155793345279949,0.29245099915692985,0.8053883304964032
,350,0,0.3199218749999999,0.1891632373113854,-0.3199218749999999,-0.1891632373113854,2334,2539,2285,1720,2334,2539,2311,1730,-2,0,-88,-26,5000,5000,5000,4900,-45.52,52.59,-190.73,-17.003694688448746,-8.165895765930372,66.34257900824215,-0.42591124850882,-0.24609786777195364,0.8706523117018384
,351,0,-0.030078124999999956,0.655829903978052,0.030078124999999956,-0.655829903978052,2105,2844,2514,1415,2106,2845,2514,1467,0,0,19,-231,5100,5000,4900,5000,-37.4,76.17,-207.97,-1.3544269640045457,-32.877958386168174,58.36869784897505,-0.016914871025531977,-0.8509633399475176,0.5249526466297273
,352,0,0.669921875,-0.6750342935528121,-0.669921875,0.6750342935528121,2562,1976,2057,2283,2563,2025,2102,2283,0,-213,-208,0,5000,4800,4900,4800,-29.810000000000002,17.490000000000002,-176.89000000000001,-28.36857472470294,27.742490294062698,50.474781041036806,-0.6830826167698995,0.6522830324054929,0.328519381928496
,353,0,-0.664453125,-0.2083676268861454,0.664453125,0.2083676268861454,1692,2280,2927,1979,1744,2285,2926,1980,-241,-18,19,0,4800,5000,5100,4700,-37.4,33.8,-237.66,31.12551583275706,7.393179757317313,58.410513484853766,0.828351323358861,0.1565918826387268,0.5378783016457186
,354,0,0.03554687499999998,0.25829903978052104,-0.03554687499999998,-0.25829903978052104,2148,2584,2471,1675,2149,2585,2476,1695,0,0,-25,-58,5000,5000,5000,5000,-47.230000000000004,57.01,-207.38,-0.698204584195139,-13.69376900100741,68.14718698700261,0.0007180354972743324,-0.38905040842307476,0.9212161875102192
,355,0,-0.314453125,-0.5194787379972565,0.314453125,0.5194787379972565,1920,2077,2699,2182,1938,2115,2698,2183,-53,-149,20,0,5000,4800,5100,5000,-40.21,16.8,-218.72,13.361965699160777,25.63971541658248,61.0825769358923,0.3824083066322722,0.6206875144790986,0.6844785580194582
,356,0,0.38554687499999996,-0.05281207133058985,-0.38554687499999996,0.05281207133058985,2376,2382,2243,1877,2377,2383,2274,1877,0,0,-127,0,5000,4900,5000,5000,-44.84,41.06,-185.9,-21.041640649313393,3.661590129812332,65.60925111217911,-0.5642353584965959,0.05788605935479138,0.8235822146905497
,357,0,-0.48945312499999993,0.4138545953360766,0.48945312499999993,-0.4138545953360766,1806,2686,2813,1573,1840,2687,2812,1599,-132,0,20,-84,5000,5000,5000,4900,-39.74,61.42,-229.67000000000002,21.279498550048118,-19.618311884719432,60.780189188568585,0.5677486949702663,-0.49986360003622865,0.6540625357856703
,358,0,0.21054687500000002,-0.3639231824417009,-0.21054687500000002,0.3639231824417009,2262,2179,2357,2080,2262,2206,2373,2080,0,-88,-52,0,5000,5000,4900,4900,-44.730000000000004,24.95,-196.84,-9.039513550068165,18.99676402295252,65.51340352110586,-0.20987573477356006,0.45804903382855966,0.8637958431029756
,359,0,-0.13945312499999996,0.10274348422496571,0.13945312499999996,-0.10274348422496571,2034,2483,2585,1776,2043,2483,2584,1784,-28,0,20,-21,5000,5000,5000,5000,-48.32,47.79,-214.47,6.992199231778272,-4.969815583309185,69.24942376423928,0.20501412106304517,-0.15455655300731116,0.966478909282166
,360,0,0.560546875,0.5694101508916323,-0.560546875,-0.5694101508916323,2490,2787,2129,1472,2491,2787,2169,1509,0,0,-166,-138,5000,4800,5000,5000,-34.63,70.14,-183.76,-25.08889356890981,-25.236956135007105,55.46213981955456,-0.5931004014029176,-0.6334312225495166,0.4969877263626563
,361,0,-0.576953125,-0.6231824417009602,0.576953125,0.6231824417009602,1749,2010,2870,2249,1785,2053,2869,2249,-140,-175,14,0,4900,5000,4900,5000,-33.2,14.31,-229.44,24.259248097292385,27.38106500486626,54.12013929188037,0.6399214482154443,0.6276603329207149,0.4433317568048852
,362,0,0.123046875,-0.1565157750342936,-0.123046875,0.1565157750342936,2205,2314,2414,1945,2205,2320,2427,1946,0,-18,-43,0,5000,5000,5000,4900,-47.94,33.53,-200.47,-6.012063157963723,10.200707462468472,68.76322399431854,-0.13654722296422697,0.23725070271531604,0.9618040132801725
,363,0,-0.22695312499999998,0.3101508916323732,0.22695312499999998,-0.3101508916323732,1977,2618,2642,1641,1990,2619,2641,1663,-35,-12,20,-67,5000,4900,5000,4900,-45.52,58.1,-218.13,9.961927298201175,-15.511128583381023,66.49385931280348,0.28434533276492396,-0.4249030360495284,0.859421399367445
,364,0,0.47304687499999987,-0.4676268861454046,-0.47304687499999987,0.4676268861454046,2433,2111,2186,2148,2434,2143,2219,2149,0,-116,-133,0,5000,4900,5000,5000,-39.06,23.37,-183.56,-22.155146904148893,21.45252930170686,59.77292630949797,-0.5382638810979327,0.5148248457223064,0.6672536043607359
,365,0,-0.40195312499999997,-0.0009602194787380336,0.40195312499999997,0.0009602194787380336,1863,2415,2756,1844,1894,2416,2756,1845,-109,-5,0,0,5000,5000,5000,5000,-44.88,40.300000000000004,-227.17000000000002,20.18495689797345,1.6368081747489711,65.85422602618195,0.5899588826968925,0.013226100858229155,0.8073249574880753
,366,0,0.29804687499999993,0.4657064471879284,-0.29804687499999993,-0.4657064471879284,2319,2720,2300,1539,2319,2721,2320,1571,0,0,-68,-110,5000,4900,4800,5000,-41.59,66.88,-195.45000000000002,-13.239389304390727,-22.75284603905972,62.472399851561704,-0.3145162682333172,-0.604601126137277,0.7318039322729307
,367,0,-0.051953125000000044,-0.3120713305898491,0.051953125000000044,0.3120713305898491,2091,2213,2528,2046,2093,2240,2529,2047,-13,-90,0,0,5000,5000,5000,4900,-46.35,26.080000000000002,-207.5,1.5120376385910674,17.15508343661778,67.18967322822986,0.06691812007220548,0.4175147587979532,0.9062027319490316
,368,0,0.6480468749999999,0.15459533607681752,-0.6480468749999999,-0.15459533607681752,2547,2517,2072,1742,2547,2517,2123,1749,0,0,-234,-18,5000,4800,5000,4700,-37.22,49.36,-174.78,-32.65921495859388,-3.8913517660487216,57.95459005592763,-0.8124874506427838,-0.12588494899705835,0.5692250189195808
,369,0,-0.6207031249999999,0.6212620027434841,0.6207031249999999,-0.6212620027434841,1720,2821,2899,1438,1762,2822,2898,1478,-172,0,18,-154,5100,4900,5100,5000,-32.660000000000004,69.93,-233.32,24.381340174129434,-28.375289431597736,53.740095241568596,0.6145227903000873,-0.6836883272820101,0.3936140385455304
,370,0,0.07929687500000004,-0.5713305898491083,-0.07929687500000004,0.5713305898491083,2177,2044,2442,2215,2177,2089,2446,2216,0,-188,-25,0,4900,4800,5000,5000,-40.35,14.26,-204.17000000000002,-0.9840779457045414,29.15554456353414,61.14321643675224,0.004497610874330152,0.7444013442627706,0.6677173130571076
,371,0,-0.270703125,-0.10466392318244178,0.270703125,0.10466392318244178,1949,2348,2670,1911,1970,2351,2669,1911,-64,-16,22,0,5000,4900,5000,5000,-46.87,35.77,-220.70000000000002,14.025706857222843,6.598488454960034,67.80031639727937,0.4459010377433645,0.16476717513485903,0.8797863618728522
,372,0,0.4292968749999999,0.3620027434842248,-0.4292968749999999,-0.3620027434842248,2405,2652,2214,1607,2406,2653,2244,1630,0,0,-117,-66,5000,5000,4900,4900,-41.410000000000004,60.99,-187.08,-21.19207218895488,-16.31233800843978,62.23556394828532,-0.5235319105669545,-0.44246118122901307,0.7281088117332055
,373,0,-0.445703125,-0.4157750342935528,0.445703125,0.4157750342935528,1834,2145,2785,2114,1864,2174,2784,2115,-106,-94,7,0,5000,4900,5000,4900,-40.56,22.89,-226.3,20.512145409693574,19.053425390543524,61.48595492238268,0.5628938132188247,0.45049507531281124,0.69296806719998
,374,0,0.254296875,0.05089163237311367,-0.254296875,-0.05089163237311367,2291,2449,2328,1810,2291,2449,2349,1814,0,0,-69,-11,5000,5000,5000,4900,-47.19,45.27,-193.05,-14.203331244962754,-1.0142724284111608,68.00569302196399,-0.36709049616744,-0.06312347911416404,0.9280409441442041
,375,0,-0.095703125,0.5175582990397802,0.095703125,-0.5175582990397802,2063,2753,2556,1506,2067,2753,2556,1544,-15,0,18,-147,5000,5000,5100,4800,-41.62,69.8,-210.25,1.3296292647989674,-26.664182107673028,62.583970855724694,0.05080218636695987,-0.7193106037723002,0.6928285452845216
,376,0,0.604296875,-0.2602194787379973,-0.604296875,0.2602194787379973,2519,2246,2100,2013,2519,2263,2145,2015,0,-49,-189,-9,5000,5000,5000,5000,-38.34,36.24,-176.22,-30.342962906831673,9.104817231366155,59.04865030259581,-0.7635993645118765,0.2036061845591354,0.6127483432260987
,377,0,-0.533203125,0.20644718792866923,0.533203125,-0.20644718792866923,1777,2551,2842,1708,1816,2551,2842,1718,-160,0,10,-25,4900,5000,4900,5000,-41.15,50.910000000000004,-232.59,24.894913983109376,-9.325169660520999,62.17825728376482,0.6909170340761658,-0.25245696258603934,0.6774209430370647
,378,0,0.16679687499999996,0.6731138545953359,-0.16679687499999996,-0.6731138545953359,2234,2855,2385,1404,2234,2856,2395,1452,0,0,-31,-209,5000,5000,5000,5000,-36.56,76.8,-205.08,-4.27624724521587,-33.31402702849135,57.51581427926316,-0.08426883229266548,-0.8567102906687947,0.5088676073068717
,379,0,-0.18320312500000002,-0.657750342935528,0.18320312500000002,0.657750342935528,2006,1987,2613,2272,2012,2042,2613,2272,-18,-253,0,0,4900,4800,5000,4800,-37.550000000000004,10.72,-211.12,6.202317866214145,32.21077418220395,58.369160342935764,0.20763539655294136,0.7990614401400866,0.5642591221943634
,380,0,0.516796875,-0.19108367626886147,-0.516796875,0.19108367626886147,2462,2291,2157,1968,2463,2295,2200,1969,0,-17,-182,0,4900,4900,4800,4900,-41.26,36.17,-179.89000000000001,-26.690750184674556,8.935506844442543,61.98682596531468,-0.6964074372129074,0.21575988977431962,0.6844445568189749
,381,0,-0.35820312499999996,0.2755829903978051,0.35820312499999996,-0.2755829903978051,1891,2596,2728,1663,1917,2597,2727,1678,-88,-1,2,-43,5000,5000,5000,5000,-44.27,55.620000000000005,-224.15,16.141465015626267,-13.44633377104843,65.26779406907252,0.44820841061208755,-0.3587298152404721,0.8187930998207812
,382,0,0.341796875,-0.5021947873799725,-0.341796875,0.5021947873799725,2348,2089,2271,2170,2348,2124,2294,2171,0,-135,-82,0,5000,5000,5000,4800,-40.480000000000004,19.69,-190.75,-14.740245956712812,24.643316835912472,61.2196532537655,-0.3531020631693386,0.6025910523607534,0.7156835589842174
,383,0,-0.008203124999999978,-0.03552812071330591,0.008203124999999978,0.03552812071330591,2120,2393,2499,1866,2124,2396,2501,1868,-17,-17,-21,-10,5000,5000,5000,5000,-48.870000000000005,40.07,-206.52,-0.4215363546411197,3.2702815884387206,69.74005932635296,0.0002353064536864384,0.06343944470284672,0.9979856619644728
,384,0,0.6917968749999999,0.43113854595336054,-0.6917968749999999,-0.43113854595336054,2576,2697,2043,1562,2577,2698,2095,1589,0,0,-246,-85,5000,4900,4900,5000,-33.68,62.4,-175.99,-32.31444502625621,-16.993330950307225,54.4536508749345,-0.77587526789604,-0.4333662064700401,0.45848805846719093
,385,0,-0.691796875,-0.346639231824417,0.691796875,0.346639231824417,1674,2190,2945,2069,1728,2209,2944,2069,-257,-54,20,0,4800,4900,5100,4800,-35.47,27.72,-237.62,31.50503528624253,13.456494444116437,56.46498528067062,0.8208941286576322,0.29339291835224823,0.48995247218090326
,386,0,0.008203124999999978,0.12002743484224965,-0.008203124999999978,-0.12002743484224965,2130,2494,2489,1765,2131,2494,2493,1774,0,0,-25,-23,5000,5000,5000,4900,-48.83,49.81,-207.47,-0.1304923392252988,-6.511685509662094,69.72942575857164,0.016524616743648374,-0.1969458066080627,0.9802751074575825
,387,0,-0.341796875,0.5866941015089162,0.341796875,-0.5866941015089162,1902,2798,2717,1461,1923,2798,2716,1504,-59,0,19,-176,4900,4800,5000,4900,-38.19,71.21000000000001,-221.83,12.804586857329667,-28.861701754890134,59.21563957010015,0.34487976473472587,-0.7372359421849816,0.5809828856576957
,388,0,0.35820312499999996,-0.6058984910836762,-0.35820312499999996,0.6058984910836762,2359,2021,2260,2238,2359,2067,2282,2239,0,-193,-80,0,5100,4800,4900,4800,-37.58,15.52,-190.38,-14.81411637391301,28.8204694106466,58.3073106350383,-0.3541364583246205,0.7054025041529409,0.6139989218394886
,389,0,-0.5167968749999999,-0.13923182441700965,0.5167968749999999,0.13923182441700965,1788,2325,2831,1934,1829,2328,2830,1935,-171,-16,22,0,5100,5000,5000,5000,-41.980000000000004,35.76,-231.69,25.01484960991357,5.853345483499176,62.96546339919691,0.704441268554007,0.11724211098755283,0.7000119903038837
,390,0,0.18320312500000002,0.3274348422496569,-0.18320312500000002,-0.3274348422496569,2244,2629,2375,1630,2244,2630,2389,1652,0,0,-46,-63,5000,5000,5000,4900,-45.51,60.370000000000005,-200.07,-8.20979702711773,-16.55805129355089,66.3990548638351,-0.19362558924774037,-0.4631377220243327,0.8648772060972453
,391,0,-0.16679687499999996,-0.45034293552812066,0.16679687499999996,0.45034293552812066,2016,2122,2603,2137,2023,2157,2603,2138,-23,-133,4,-3,4900,4900,4900,5000,-43.2,19.48,-212.22,6.681629832006905,23.41272048754753,64.04671362101168,0.20563022681032458,0.5785319330088439,0.7893142671401457
,392,0,0.533203125,0.016323731138545905,-0.533203125,-0.016323731138545905,2473,2427,2146,1832,2474,2428,2192,1834,0,0,-207,-11,5000,5000,4800,4900,-41.12,43.24,-179.07,-27.985076605641467,1.9365297689335463,61.86057616338781,-0.7243179150192721,0.013222181276643923,0.68933934452084
,393,0,-0.604296875,0.48299039780521236,0.604296875,-0.48299039780521236,1731,2731,2888,1528,1773,2732,2887,1556,-174,0,19,-95,5000,5000,4900,5000,-35.89,63.78,-234.18,25.63859081317284,-22.28807934994819,56.9588208049693,0.6609786199023961,-0.5500149629358566,0.5104809541781089
,394,0,0.095703125,-0.29478737997256516,-0.095703125,0.29478737997256516,2187,2224,2432,2035,2187,2247,2439,2037,0,-77,-30,-9,4900,4900,5000,4900,-46.64,27.37,-202.49,-3.5749070043202664,16.206718351841694,67.45781100239293,-0.06866072325043307,0.3855440450735405,0.9201312375911705
,395,0,-0.254296875,0.17187928669410135,0.254296875,-0.17187928669410135,1959,2528,2660,1731,1977,2528,2659,1743,-54,0,21,-30,5000,4900,5000,5000,-46.82,50.56,-220.17000000000002,12.499558587222253,-8.122181960144914,67.78501973658865,0.36092250833033335,-0.23548091901616808,0.9023766839628788
,396,0,0.44570312499999987,0.6385459533607678,-0.44570312499999987,-0.6385459533607678,2416,2832,2203,1427,2417,2833,2232,1471,0,0,-113,-180,5000,4800,4800,4900,-35.08,73.69,-190.78,-18.3265890741836,-29.250987869289276,55.95629278856463,-0.4338896781267741,-0.7422556760146475,0.5106821503039666
,397,0,-0.42929687499999997,-0.5540466392318244,0.42929687499999997,0.5540466392318244,1845,2055,2774,2204,1871,2096,2774,2205,-84,-170,0,0,4900,4900,5100,4900,-38.01,16.44,-223.65,18.315591901041387,25.66013703513771,58.90641738072693,0.5101363152380028,0.6088519768241701,0.6075032594091108
,398,0,0.27070312499999993,-0.08737997256515784,-0.27070312499999993,0.08737997256515784,2301,2359,2318,1900,2301,2362,2341,1900,0,-15,-81,0,5000,5000,5000,5000,-46.95,39.0,-191.98000000000002,-14.846803388594196,5.3129006374470436,67.74449463940977,-0.3884334271429371,0.10130019538449565,0.915891774770936
,399,0,-0.07929687500000004,0.3792866941015087,0.07929687500000004,-0.3792866941015087,2073,2663,2546,1596,2077,2664,2546,1624,-14,0,20,-95,5000,5000,4900,5000,-45.0,63.13,-210.02,1.533724950947743,-19.984221860441068,65.94591613283674,0.05765822910458022,-0.5538290572513616,0.8306316295209278
,400,0,0.6207031249999999,-0.39849108367626884,-0.6207031249999999,0.39849108367626884,2530,2156,2089,2103,2530,2181,2134,2103,0,-80,-201,0,4800,4900,4900,4900,-36.54,29.43,-176.24,-29.854969519280502,15.892792376109163,57.231576862126886,-0.7353692381127541,0.3741807507727907,0.5649963268806069
,401,0,-0.6480468749999999,0.06817558299039772,0.6480468749999999,-0.06817558299039772,1703,2460,2916,1799,1754,2460,2915,1801,-237,0,21,-9,5000,5000,5000,4900,-38.25,42.410000000000004,-237.99,30.869898973098486,-1.2170089871952143,59.28390332045313,0.8275945106382053,-0.05746917539480266,0.5583767722971212
,402,0,0.051953125000000044,0.5348422496570642,-0.051953125000000044,-0.5348422496570642,2159,2765,2460,1494,2160,2765,2463,1533,-4,0,-23,-147,5000,4900,5000,4800,-41.02,70.96000000000001,-209.27,0.27652808556135255,-27.757162442239206,61.9819975219798,0.025816348700325783,-0.7500684479615499,0.6608561413139284
,403,0,-0.298046875,-0.24293552812071334,0.298046875,0.24293552812071334,1931,2258,2688,2001,1950,2277,2687,2003,-59,-57,20,-11,4900,5000,5000,4900,-45.49,31.150000000000002,-221.59,15.231961404017,11.14398768471127,66.4131297765721,0.43526803566664785,0.25688353433896105,0.8628746067143372
,404,0,0.4019531249999999,0.22373113854595328,-0.4019531249999999,-0.22373113854595328,2387,2562,2232,1697,2388,2563,2261,1710,-6,0,-115,-30,5000,5000,5000,5000,-43.660000000000004,54.1,-186.85,-20.967677723637763,-9.41610945151794,64.46697131016049,-0.5262623641727135,-0.28246401379013614,0.8020361618835595
,405,0,-0.473046875,0.6903978052126198,0.473046875,-0.6903978052126198,1817,2866,2802,1393,1846,2867,2801,1439,-105,0,20,-191,5000,5000,4800,4700,-33.37,74.87,-226.46,17.200404369435034,-32.83936957646465,54.42817185726089,0.43609734097494185,-0.7984828414496292,0.41502320550194755
,406,0,0.22695312499999998,-0.686556927297668,-0.22695312499999998,0.686556927297668,2273,1968,2346,2291,2273,2023,2358,2291,0,-242,-37,0,4900,4800,4900,5000,-36.32,10.72,-197.20000000000002,-7.679874883299874,33.14599425829468,57.0693957970978,-0.1670502637138143,0.823587373279396,0.5420314086544155
,407,0,-0.123046875,-0.21989026063100137,0.123046875,0.21989026063100137,2045,2273,2574,1986,2056,2280,2573,1987,-29,-20,21,0,5000,5000,5000,5000,-47.14,29.45,-212.04,5.81051768507092,13.488859079794842,68.01093339130409,0.185807337299376,0.35752818967185673,0.915231788671963
,408,0,0.576953125,0.24677640603566509,-0.576953125,-0.24677640603566509,2501,2577,2118,1682,2501,2578,2161,1697,0,0,-185,-37,4800,5000,4700,4800,-39.01,54.02,-178.76,-29.011296468001206,-8.804010518193664,59.776285604301655,-0.7366620641246477,-0.24306090068529504,0.6310708374165819
,409,0,-0.560546875,-0.5310013717421125,0.560546875,0.5310013717421125,1760,2070,2859,2189,1798,2101,2858,2190,-153,-111,21,0,4900,5000,5000,4800,-35.78,17.57,-229.22,23.807395736527553,24.150710760343834,56.70723049610321,0.6376618308326337,0.5661037045520804,0.5224117008563116
,410,0,0.13945312499999996,-0.06433470507544581,-0.13945312499999996,0.06433470507544581,2216,2374,2403,1885,2216,2376,2417,1886,0,-16,-46,-6,5000,5000,5000,5000,-48.49,38.83,-199.02,-7.81889251586901,5.012151848279537,69.31933397434052,-0.2079751920935029,0.10706709603944353,0.9722566309464549
,411,0,-0.21054687499999997,0.40233196159122064,0.21054687499999997,-0.40233196159122064,1988,2678,2631,1581,1999,2679,2630,1610,-32,0,21,-102,5000,4900,5000,5000,-43.96,63.22,-216.71,8.207364801218716,-20.52814899914199,64.93969825550595,0.2330837921188339,-0.5521711563890537,0.8004867018904683
,412,0,0.48945312500000004,-0.3754458161865569,-0.48945312500000004,0.3754458161865569,2444,2171,2175,2088,2445,2195,2209,2088,0,-75,-137,0,5000,4900,5000,4900,-40.27,28.38,-181.94,-24.115215011395833,16.566663275119453,60.987441103641025,-0.5963871874802213,0.391437013499611,0.7007848365025716
,413,0,-0.38554687499999996,0.09122085048010964,0.38554687499999996,-0.09122085048010964,1874,2475,2745,1784,1901,2475,2745,1789,-90,0,19,-12,5000,5000,5000,5000,-45.14,45.15,-226.44,19.128233521593614,-3.1521579490140255,66.12281338862252,0.5498698850905384,-0.10694664525239293,0.8283752317276131
,414,0,0.314453125,0.5578875171467761,-0.314453125,-0.5578875171467761,2330,2780,2289,1479,2330,2780,2310,1518,0,0,-69,-147,4900,5000,4900,5000,-39.11,71.32000000000001,-195.88,-13.097874953382018,-27.218807129209296,60.00581005394061,-0.30323115244114635,-0.7034114980925028,0.6428554522911625
,415,0,-0.03554687499999998,-0.6347050754458161,0.03554687499999998,0.6347050754458161,2102,2002,2517,2257,2103,2052,2518,2257,0,-216,0,0,4900,5000,5000,4900,-38.2,11.11,-205.39000000000001,0.45598814592648296,32.209940852411904,58.99140953040021,0.05032535395457581,0.8138295346465325,0.5789204153304276
,416,0,0.6644531249999999,-0.16803840877914955,-0.6644531249999999,0.16803840877914955,2558,2306,2061,1953,2558,2309,2116,1954,0,-14,-261,0,5100,4900,5100,4900,-36.58,39.71,-173.21,-33.57162495132752,5.840688410576064,57.282353486169015,-0.8380315798969072,0.14512056140578133,0.5259687193671916
,417,0,-0.669921875,0.298628257887517,0.669921875,-0.298628257887517,1688,2611,2931,1648,1738,2612,2930,1663,-235,0,19,-36,5000,5000,5000,4800,-36.67,53.95,-237.96,30.06921459440173,-12.733183685427093,57.73292787077155,0.7920591294577395,-0.3212317662828929,0.519088131027305
,418,0,0.030078124999999956,-0.4791495198902606,-0.030078124999999956,0.4791495198902606,2145,2104,2474,2155,2146,2142,2476,2156,0,-151,-23,-6,5000,5000,5000,5000,-42.85,18.14,-206.57,1.1366389694615293,25.129688281513143,63.665009640454834,0.0599897737612509,0.6435822284341527,0.7630223733861307
,419,0,-0.31992187499999997,-0.012482853223593993,0.31992187499999997,0.012482853223593993,1916,2408,2703,1851,1943,2409,2702,1853,-85,-5,21,-10,5000,5000,5000,4800,-46.46,40.050000000000004,-223.39000000000001,16.422838917384297,2.145669580109022,67.41461968493047,0.4927915844289283,0.03435694361031042,0.8694688348306598
,420,0,0.38007812500000004,0.45418381344307224,-0.38007812500000004,-0.45418381344307224,2373,2712,2246,1547,2374,2713,2272,1578,0,0,-94,-107,4900,5000,4900,5000,-40.72,65.83,-190.98,-17.624129832064455,-21.40627996210597,61.57735219619743,-0.42723277207496063,-0.562087568195286,0.7081876334316027
,421,0,-0.49492187499999996,-0.32359396433470505,0.49492187499999996,0.32359396433470505,1802,2205,2817,2054,1836,2228,2816,2055,-131,-67,21,0,5000,5000,4900,4900,-41.0,28.1,-229.75,23.60070141442074,13.623904285178462,61.95640403977894,0.6442084135045401,0.3150526653501205,0.696948590662001
,422,0,0.205078125,0.14307270233196145,-0.205078125,-0.14307270233196145,2259,2509,2360,1750,2259,2509,2378,1758,0,0,-56,-21,5000,5000,5000,4900,-47.46,50.620000000000005,-196.55,-11.073511519381327,-6.587332064906448,68.30674911877722,-0.2711651343702942,-0.2032521626571774,0.9408283734439133
,423,0,-0.14492187499999998,0.6097393689986279,0.14492187499999998,-0.6097393689986279,2031,2813,2588,1446,2036,2813,2587,1494,-17,0,18,-208,5000,4900,4900,5000,-39.01,73.5,-212.41,3.2477253988717223,-30.508870049977432,59.99418672442066,0.0964530100657229,-0.7989774747115226,0.5935754473972626
,424,0,0.5550781249999999,-0.5828532235939643,-0.5550781249999999,0.5828532235939643,2487,2036,2132,2223,2488,2077,2170,2224,0,-161,-152,0,4800,4900,5000,5000,-34.82,19.62,-180.66,-24.775081221403155,25.37742746879631,55.50898229588201,-0.5991360630947634,0.6097655900925201,0.518865977915712
,425,0,-0.582421875,-0.11618655692729762,0.582421875,0.11618655692729762,1745,2340,2874,1919,1788,2343,2873,1919,-183,-17,21,0,5000,5000,4900,5000,-40.050000000000004,37.81,-235.13,28.31802475417419,3.5705176636428178,61.057917564563134,0.7773811101101885,0.059450931211788016,0.626214177755425
,426,0,0.11757812499999998,0.35048010973936883,-0.11757812499999998,-0.35048010973936883,2202,2644,2417,1615,2202,2645,2427,1638,0,0,-34,-67,5000,5000,5000,4900,-45.38,61.82,-203.86,-4.525648939687272,-18.2607057008274,66.29171969129285,-0.09465968746340146,-0.5074306820242117,0.8564774640991869
,427,0,-0.232421875,-0.42729766803840874,0.232421875,0.42729766803840874,1973,2137,2646,2122,1985,2170,2646,2124,-33,-121,0,-10,5000,4900,5000,4800,-43.27,20.96,-215.99,10.342833879919652,21.68205493053653,64.13935081291302,0.301462243388071,0.527153264389388,0.7944998122435544
,428,0,0.46757812499999996,0.03936899862825771,-0.46757812499999996,-0.03936899862825771,2430,2442,2189,1817,2431,2442,2227,1820,0,0,-163,-10,5000,5000,5000,4900,-42.94,44.19,-182.19,-24.945090503350997,0.7834922711892318,63.698588412170814,-0.6535758843017583,-0.019534326486111076,0.7566088643069864
,429,0,-0.407421875,0.5060356652949243,0.407421875,-0.5060356652949243,1859,2746,2760,1513,1886,2747,2759,1545,-89,0,21,-113,5000,5000,4900,5000,-39.31,67.02,-225.02,16.26449383160707,-24.893183162191775,60.34103012841944,0.4324779948829864,-0.6369519907474722,0.6381652963181434
,430,0,0.292578125,-0.2717421124828532,-0.292578125,0.2717421124828532,2316,2239,2303,2020,2316,2259,2323,2022,0,-63,-67,-10,4900,4900,5000,5000,-45.19,31.44,-191.03,-15.276194417863081,12.914694433816685,65.96066325122885,-0.37090484096277676,0.29389854643922303,0.8809388420039658
,431,0,-0.057421874999999956,0.19492455418381338,0.057421874999999956,-0.19492455418381338,2088,2543,2531,1716,2092,2543,2531,1730,-16,0,21,-39,5000,5000,5000,4900,-47.82,53.69,-209.41,1.548235897379783,-10.516553211899833,68.73896818997127,0.058667146598158575,-0.30271365577907905,0.9512742025908696
,432,0,0.642578125,0.6615912208504799,-0.642578125,-0.6615912208504799,2544,2847,2075,1412,2544,2847,2121,1455,0,0,-197,-164,5100,5100,4800,4700,-30.310000000000002,73.37,-181.46,-27.580624140469695,-28.316830645895863,51.138836481141716,-0.6329977063996084,-0.6915936211485088,0.34786803083860385
,433,0,-0.6261718749999999,-0.6692729766803841,0.6261718749999999,0.6692729766803841,1717,1980,2902,2279,1758,2030,2902,2279,-170,-212,3,0,5100,5100,4800,4700,-31.04,13.16,-230.92000000000002,25.823864954475,28.422460095256508,51.964687980453654,0.6703394892941104,0.6418344874347676,0.37241570835863047
,434,0,0.07382812500000002,-0.20260631001371737,-0.07382812500000002,0.20260631001371737,2173,2284,2446,1975,2174,2291,2454,1976,0,-21,-33,0,5000,5000,5000,4900,-47.65,30.68,-203.57,-2.7255224365434003,12.834321206246855,68.48157042159565,-0.04471545452334033,0.3111511410681216,0.949307903442701
,435,0,-0.27617187499999996,0.264060356652949,0.27617187499999996,-0.264060356652949,1945,2588,2674,1671,1962,2589,2673,1692,-51,0,21,-58,5000,5000,5000,4900,-45.660000000000004,54.84,-221.06,13.104434642159589,-12.455756350826505,66.64031105810665,0.3707603950092715,-0.3450956936093545,0.8622329683704095
,436,0,0.423828125,-0.5137174211248285,-0.423828125,0.5137174211248285,2401,2081,2218,2178,2402,2116,2247,2180,0,-127,-116,-11,4900,4800,5000,4800,-38.92,20.1,-186.71,-18.791115854475805,24.50224204289426,59.64046011352821,-0.4506624687848271,0.5937067093545441,0.6666450948564488
,437,0,-0.451171875,-0.04705075445816187,0.451171875,0.04705075445816187,1831,2385,2788,1874,1867,2386,2787,1874,-137,0,21,0,5000,4900,5000,5000,-43.72,38.89,-229.44,22.550471225511245,2.887192711238285,64.7020626362403,0.6503617768876727,0.04204532959378445,0.7584601172262517
,438,0,0.24882812499999996,0.4196159122085046,-0.24882812499999996,-0.4196159122085046,2287,2690,2332,1569,2287,2691,2350,1599,-9,0,-58,-98,4900,5000,5000,5000,-43.25,64.65,-197.47,-11.081617358781529,-20.659411540916693,64.13686740388181,-0.2629784567582964,-0.567706135082054,0.7800974781854004
,439,0,-0.10117187500000002,-0.358161865569273,0.10117187500000002,0.358161865569273,2059,2183,2560,2076,2063,2212,2560,2077,-16,-94,0,-10,5000,5000,5000,5000,-45.39,23.7,-209.74,3.9120820062554174,19.375850580217687,66.23490606962534,0.1296154867619219,0.4731220331637381,0.8714099880805137
,440,0,0.598828125,0.10850480109739369,-0.598828125,-0.10850480109739369,2515,2487,2104,1772,2515,2488,2151,1776,0,0,-209,-14,5000,5000,5100,4800,-38.910000000000004,47.34,-176.46,-30.854974403742602,-1.9844236929530084,59.64788310329699,-0.7790896536830245,-0.0824960773854268,0.621460947075584
,441,0,-0.5386718749999999,0.5751714677640603,0.5386718749999999,-0.5751714677640603,1774,2791,2845,1468,1810,2791,2844,1505,-136,0,19,-138,5000,5000,4800,4800,-35.49,68.96000000000001,-230.22,21.340191156174768,-27.190354903615273,56.55205946875717,0.5497832900225986,-0.6692189039451596,0.4998843792462081
,442,0,0.16132812500000004,-0.6174211248285322,-0.16132812500000004,0.6174211248285322,2230,2014,2389,2245,2230,2062,2397,2245,0,-207,-30,0,4900,4800,4900,4700,-38.800000000000004,12.91,-200.09,-4.9561905012586465,30.77318197566125,59.569376848707726,-0.10044911205581457,0.7752594446856305,0.6236046578666058
,443,0,-0.18867187499999993,-0.1507544581618655,0.18867187499999993,0.1507544581618655,2002,2318,2617,1941,2015,2322,2616,1941,-37,-18,20,10,5000,5000,5000,5000,-47.46,33.24,-216.42000000000002,9.92330526492239,9.413039219852365,68.36245976630076,0.31048695826290146,0.2476085151148985,0.9177624267702652
,444,0,0.5113281249999999,0.3159122085048012,-0.5113281249999999,-0.3159122085048012,2458,2622,2161,1637,2459,2623,2200,1656,0,0,-158,-52,5000,5000,4900,4800,-40.31,58.09,-182.61,-25.450916788789044,-13.12064850700986,61.10584681513856,-0.633497624631697,-0.3582069210669176,0.6858342083082148
,445,0,-0.363671875,-0.4618655692729767,0.363671875,0.4618655692729767,1888,2115,2731,2144,1913,2147,2731,2145,-81,-116,0,0,5000,4900,4800,4900,-41.1,19.55,-221.13,15.57665817089736,22.736005683082574,61.991591258777845,0.43040665542597106,0.5460728061982265,0.7187173305937624
,446,0,0.3363281250000001,0.004801097393689835,-0.3363281250000001,-0.004801097393689835,2344,2419,2275,1840,2344,2420,2303,1842,0,0,-108,-9,5000,5000,4900,5000,-45.88,42.87,-188.54,-18.534795273454705,1.6806546442352968,66.66704166967024,-0.4938695757933296,0.008138411032820028,0.8694979059040778
,447,0,-0.013671875,0.4714677640603564,0.013671875,-0.4714677640603564,2116,2723,2503,1536,2117,2724,2503,1574,-1,0,18,-140,4900,5000,5000,5000,-42.96,67.78,-207.26,-1.5237489757330707,-24.44331936962149,63.90385771269108,-0.02351003200535737,-0.6750083514077775,0.737435423562539
,448,0,0.686328125,-0.30631001371742106,-0.686328125,0.30631001371742106,2572,2216,2047,2043,2573,2236,2098,2044,0,-58,-239,0,5000,4800,4800,5000,-35.47,34.89,-173.17000000000002,-33.28105576916468,10.649220541541517,56.15999512278857,-0.823628949328787,0.2394200289077631,0.5141141931374426
,449,0,-0.6808593749999999,0.1603566529492455,0.6808593749999999,-0.1603566529492455,1681,2521,2938,1738,1734,2521,2937,1743,-254,0,22,-16,5100,5000,5100,4900,-37.24,46.97,-239.17000000000002,31.74450013492134,-5.849073045948472,58.291353390553205,0.83570190019752,-0.1647504701839324,0.5238889353483502
,450,0,0.019140625000000022,0.6270233196159121,-0.019140625000000022,-0.6270233196159121,2137,2825,2482,1434,2138,2826,2483,1482,0,0,-18,-207,5000,5000,5000,4700,-38.18,74.98,-211.5,2.243990830013587,-31.926498664025516,59.163376259927524,0.07733903769322881,-0.8340361300615883,0.5462622145092734
,451,0,-0.33085937499999996,-0.5655692729766804,0.33085937499999996,0.5655692729766804,1909,2047,2710,2212,1927,2090,2710,2214,-49,-182,0,-9,5000,5000,5000,4800,-38.910000000000004,15.08,-219.26,14.023026478005505,27.315660392964773,59.78095983289614,0.4074961241153303,0.6633255261900706,0.6276513005926535
,452,0,0.369140625,-0.09890260631001369,-0.369140625,0.09890260631001369,2366,2352,2253,1907,2366,2355,2283,1907,0,-15,-120,0,5000,5000,4900,4900,-45.22,39.12,-186.75,-20.064567042191356,5.540929668231499,65.98860591391485,-0.5459881327883054,0.11968390960465466,0.829200048622818
,453,0,-0.505859375,0.36776406035665277,0.505859375,-0.36776406035665277,1795,2656,2824,1603,1831,2657,2823,1625,-141,0,20,-62,5000,4900,4900,5000,-40.14,58.84,-230.77,22.549072008420126,-17.117234257652967,61.179180337824974,0.6036406178725285,-0.43922484938534645,0.6653566984234042
,454,0,0.19414062499999996,-0.4100137174211248,-0.19414062499999996,0.4100137174211248,2252,2149,2367,2110,2252,2179,2381,2111,0,-105,-45,0,5000,4900,5000,5000,-43.96,22.490000000000002,-198.01,-7.7025416979221575,21.370050382182207,64.74306715063935,-0.17456925559157438,0.5204009781113512,0.835887789708016
,455,0,-0.15585937500000002,0.05665294924554165,0.15585937500000002,-0.05665294924554165,2023,2453,2596,1806,2034,2453,2595,1813,-34,0,21,-17,5000,5000,5000,5000,-48.38,44.94,-215.56,8.271650088997433,-2.1996511894507407,69.30768811835117,0.2427219642300475,-0.08770788561367097,0.9661228570329381
,456,0,0.544140625,0.5233196159122082,-0.544140625,-0.5233196159122082,2480,2757,2139,1502,2481,2757,2178,1535,0,0,-154,-116,4900,4900,5000,5000,-35.910000000000004,68.2,-183.89000000000001,-24.834520081806716,-23.3064887639231,56.73787092689613,-0.5925619998544353,-0.5975370003668511,0.5402034889938216
,457,0,-0.5933593749999999,-0.25445816186556924,0.5933593749999999,0.25445816186556924,1738,2250,2881,2009,1780,2265,2880,2011,-173,-43,22,-9,5000,5000,4900,5000,-39.14,32.36,-234.74,28.300923091703424,9.031787948176373,60.13221004465654,0.7633591474936765,0.1952625885425843,0.615755904115728
,458,0,0.10664062500000004,0.2122085048010972,-0.10664062500000004,-0.2122085048010972,2195,2554,2424,1705,2195,2554,2435,1720,0,0,-36,-38,5000,5000,5000,4900,-47.61,54.69,-203.05,-4.863641869284464,-11.085967666171456,68.49961346446305,-0.1082615958317345,-0.31798486367386536,0.9418943960669258
,459,0,-0.243359375,0.6788751714677637,0.243359375,-0.6788751714677637,1966,2859,2653,1400,1978,2860,2652,1450,-31,0,19,-216,5100,5000,5000,4700,-36.17,76.22,-216.75,7.408044639121641,-33.523465095023965,57.182859540760376,0.19530256534458998,-0.8480353955492724,0.49263868693537627
,460,0,0.4566406249999999,-0.6519890260631,-0.4566406249999999,0.6519890260631,2423,1991,2196,2268,2424,2043,2225,2268,0,-232,-111,0,4900,4800,4800,5000,-35.13,15.27,-185.95000000000002,-19.20527575529192,29.361646250626205,55.83450920443427,-0.4638431004024181,0.7138549372249182,0.5246529393882018
,461,0,-0.418359375,-0.1853223593964335,0.418359375,0.1853223593964335,1852,2295,2767,1964,1885,2299,2766,1965,-122,-17,20,0,5000,5000,5000,5000,-43.94,32.95,-226.77,20.286180327669655,8.994333905020568,64.89366944498951,0.5744355359354548,0.20627428495343444,0.7921330282354703
,462,0,0.281640625,0.28134430727023296,-0.281640625,-0.28134430727023296,2309,2599,2310,1660,2309,2600,2331,1677,0,0,-68,-50,5000,5000,5000,5000,-45.1,57.51,-193.87,-14.200713179825016,-13.287630690759158,65.95075503998274,-0.3468773950476019,-0.3674664886234818,0.862927837390658
,463,0,-0.068359375,-0.49643347050754455,0.068359375,0.49643347050754455,2080,2092,2539,2167,2082,2131,2540,2169,-15,-158,0,0,5000,5000,5000,5000,-42.47,17.36,-206.86,1.4804229948202021,25.887266219839912,63.284499179010254,0.07294161613158648,0.6649132864643196,0.7433504167748411
,464,0,0.631640625,-0.02976680384087793,-0.631640625,0.02976680384087793,2537,2397,2082,1862,2537,2398,2133,1862,0,0,-237,0,5000,5000,5100,4800,-37.76,42.65,-174.3,-32.68812767843818,2.837258977681806,58.47522573851695,-0.8236412662743525,0.058287687464144866,0.5641077999638566
,465,0,-0.637109375,0.4368998628257885,0.637109375,-0.4368998628257885,1710,2701,2909,1558,1756,2702,2908,1585,-209,0,19,-83,5100,5100,5000,4900,-35.96,61.0,-235.69,27.33231034130378,-19.616050655858885,57.029367371089066,0.7083900162790175,-0.49193021851231866,0.5061504173174571
,466,0,0.06289062499999998,-0.340877914951989,-0.06289062499999998,0.340877914951989,2166,2194,2453,2065,2167,2222,2458,2066,0,-89,-27,-9,5000,4900,5000,5000,-45.87,24.95,-204.64000000000001,-1.262876540071261,18.474006772981845,66.69248862081226,-0.006836934733068709,0.4495987167187406,0.8932044840059397
,467,0,-0.287109375,0.12578875171467752,0.287109375,-0.12578875171467752,1938,2498,2681,1761,1958,2498,2680,1770,-61,0,21,-23,5000,5000,5000,4900,-46.68,47.69,-221.85,14.36997417206942,-5.372423225533446,67.64619451773883,0.4191002300596624,-0.16379322236295182,0.8930435473547185
,468,0,0.41289062499999996,0.5924554183813442,-0.41289062499999996,-0.5924554183813442,2394,2802,2225,1457,2395,2802,2252,1498,0,0,-97,-164,5000,4900,4900,4700,-36.86,72.2,-191.37,-17.646037334167346,-27.799086479073495,57.73545879606656,-0.4138461664821981,-0.707848116185449,0.5724354940957974
,469,0,-0.46210937499999993,-0.6001371742112482,0.46210937499999993,0.6001371742112482,1824,2025,2795,2234,1851,2070,2795,2235,-93,-190,0,0,4900,4800,5100,4800,-36.230000000000004,14.57,-224.62,19.418105122509104,27.45536959635841,57.12658462239771,0.5326625982785369,0.646146312400926,0.5465944560328466
,470,0,0.23789062500000002,-0.13347050754458156,-0.23789062500000002,0.13347050754458156,2280,2329,2339,1930,2280,2333,2359,1931,-3,-16,-67,0,5000,5000,5000,5000,-47.15,36.17,-193.9,-12.741277927506331,8.00753734019677,67.94696827449519,-0.3262738198559785,0.17556013380963087,0.928829389012499
,471,0,-0.11210937499999996,0.3331961591220849,0.11210937499999996,-0.3331961591220849,2052,2633,2567,1626,2058,2634,2566,1651,-17,0,20,-76,5000,5000,5000,5000,-45.82,60.5,-212.06,3.742489992017596,-17.495449396971864,66.76948678458751,0.11431700868190466,-0.4852739406337235,0.8668568648097786
,472,0,0.587890625,-0.44458161865569273,-0.587890625,0.44458161865569273,2508,2126,2111,2133,2508,2155,2152,2134,0,-103,-170,0,5000,4800,5000,4900,-36.77,26.580000000000002,-177.93,-27.977713479124674,18.62297993931132,57.46284646547921,-0.6857278282005869,0.44112151827003776,0.5789552243053364
,473,0,-0.549609375,0.022085048010973884,0.549609375,-0.022085048010973884,1767,2430,2852,1829,1809,2431,2851,1830,-178,0,20,0,5000,5000,5000,5000,-41.25,40.84,-233.96,26.940528209039655,0.6297603564707686,62.259686980240126,0.746905149501638,-0.014927343143260718,0.6647630194848536
,474,0,0.150390625,0.48875171467764034,-0.150390625,-0.48875171467764034,2223,2735,2396,1524,2223,2736,2408,1558,0,0,-38,-125,5000,4900,5100,5000,-42.22,68.59,-203.89000000000001,-4.937094835068052,-25.026321461057165,63.14902090520069,-0.1066993833075362,-0.6839090590524984,0.7217226895059609
,475,0,-0.19960937499999998,-0.2890260631001371,0.19960937499999998,0.2890260631001371,1995,2228,2624,2031,2004,2253,2624,2032,-28,-82,8,-2,5000,4900,5000,4900,-46.09,28.14,-216.12,9.974612123992046,14.517723461005723,66.97809478395939,0.2910535944004637,0.3448634243763464,0.89238838165565
,476,0,0.5003906249999999,0.17764060356652933,-0.5003906249999999,-0.17764060356652933,2451,2532,2168,1727,2452,2532,2207,1736,0,0,-158,-23,5000,5000,4900,4800,-41.660000000000004,51.1,-181.63,-25.9637120740708,-6.076642100513325,62.433255848040126,-0.6593184447966547,-0.1935010188019912,0.7265373659169301
,477,0,-0.37460937499999997,0.6443072702331958,0.37460937499999997,-0.6443072702331958,1881,2836,2738,1423,1902,2837,2737,1469,-64,0,18,-188,4900,4900,5000,5000,-36.22,73.58,-222.35,13.17305511718618,-31.26699537969698,57.254264103764896,0.3448330238548632,-0.7849484093177345,0.5147292301479196
,478,0,0.32539062500000004,-0.5482853223593964,-0.32539062500000004,0.5482853223593964,2337,2059,2282,2200,2337,2100,2301,2201,0,-167,-66,0,5000,4900,5000,5000,-39.59,17.89,-191.29,-14.075769969753964,26.400251292495923,60.32782761047816,-0.33479251726613857,0.6466806127433136,0.6853598729751651
,479,0,-0.024609375000000044,-0.08161865569272975,0.024609375000000044,0.08161865569272975,2109,2363,2510,1896,2115,2366,2511,1897,-17,-15,0,-10,5000,5000,5000,5000,-48.75,37.160000000000004,-207.35,0.6034264035047272,6.11732849867272,69.61687152118911,0.03258243174698191,0.13424608368584814,0.9904122243573457
,480,0,0.6753906249999999,0.3850480109739367,-0.6753906249999999,-0.3850480109739367,2565,2667,2054,1592,2566,2668,2105,1614,0,0,-243,-66,5000,4900,5000,4700,-34.82,60.32,-176.09,-32.07988329866532,-14.921559899928809,55.58888015167269,-0.774419273475015,-0.3976236389040689,0.49210794614100256
,481,0,-0.658984375,-0.39272976680384086,0.658984375,0.39272976680384086,1695,2160,2924,2099,1745,2181,2923,2100,-226,-66,20,-10,5000,4800,5100,4800,-35.86,25.38,-235.43,29.47599998777767,15.93996159834046,56.83808935659865,0.7803346370867068,0.3645855070829099,0.5080898170479857
,482,0,0.041015625,0.07393689986282559,-0.041015625,-0.07393689986282559,2152,2464,2467,1795,2153,2465,2473,1802,0,0,-27,-16,5000,5000,5000,4900,-49.050000000000004,47.19,-204.89000000000001,-2.5289272036617945,-3.723042062541758,69.929870079739,-0.043211324857899934,-0.1259330062537116,0.9910971997437622
,483,0,-0.308984375,0.5406035665294922,0.308984375,-0.5406035665294922,1924,2768,2695,1491,1943,2768,2694,1530,-55,0,21,-144,5000,4800,4900,4900,-39.79,69.39,-220.42000000000002,11.512845392846032,-26.946191633080602,60.803948407253316,0.31399294045282167,-0.6991803150475622,0.6423046943591354
,484,0,0.39101562499999987,-0.2371742112482853,-0.39101562499999987,0.2371742112482853,2380,2261,2239,1998,2381,2277,2267,2000,0,-44,-107,-11,5000,5000,5000,5000,-43.97,34.46,-185.96,-20.532396807637497,10.24000496861909,64.72289400678517,-0.5110798826293297,0.22470542285627015,0.8296413842803254
,485,0,-0.48398437499999997,0.22949245541838126,0.48398437499999997,-0.22949245541838126,1809,2566,2810,1693,1844,2567,2809,1706,-136,0,20,-31,5000,5000,4900,5000,-42.27,51.84,-230.58,22.821374311343277,-10.11429708994794,63.29051225891131,0.6309795342980209,-0.2754728037282592,0.7252444840901204
,486,0,0.21601562499999993,0.6961591220850478,-0.21601562499999993,-0.6961591220850478,2266,2870,2353,1389,2266,2871,2366,1439,0,0,-37,-215,4900,4900,5000,4900,-35.660000000000004,77.56,-203.03,-6.368469158190862,-33.936618545843004,56.6074711340867,-0.13203841857222684,-0.8675544913141506,0.479494588730249
,487,0,-0.13398437500000004,-0.6961591220850479,0.13398437500000004,0.6961591220850479,2038,1962,2581,2297,2041,2019,2581,2297,-16,-266,0,0,5000,5100,4900,5000,-36.300000000000004,8.94,-208.63,3.8441201869180475,34.151062141415686,57.102200856329915,0.14317881964799642,0.844964551236002,0.5153006236739368
,488,0,0.5660156249999999,-0.2294924554183813,-0.5660156249999999,0.2294924554183813,2494,2266,2125,1993,2495,2271,2170,1994,0,-16,-200,0,5000,5000,5100,4800,-39.45,35.03,-177.77,-28.720257998298734,10.210701686182496,60.16334683188918,-0.7378134972235961,0.25049552227591554,0.6268039858156631
,489,0,-0.5714843749999999,0.2371742112482853,0.5714843749999999,-0.2371742112482853,1752,2571,2867,1688,1790,2572,2866,1701,-157,0,22,-30,5000,4900,5000,5000,-39.910000000000004,51.2,-234.69,26.97653695574732,-9.759672288630682,60.94953710978224,0.7296955577396429,-0.25820872168015396,0.6331450458333638
,490,0,0.12851562500000002,-0.5406035665294924,-0.12851562500000002,0.5406035665294924,2209,2064,2410,2195,2209,2103,2419,2197,0,-157,-32,-10,5000,5000,4900,4900,-41.01,15.71,-202.36,-2.8909276014707643,27.83280062517436,61.797794823071754,-0.04711822239158719,0.7051217034368348,0.7075190855807308
,491,0,-0.221484375,-0.07393689986282581,0.221484375,0.07393689986282581,1981,2368,2638,1891,1998,2370,2637,1891,-50,-16,22,0,5000,5000,5000,4900,-47.65,37.31,-218.53,11.75303090692023,5.2105704282217005,68.57331547617333,0.36113156439319555,0.11868877166829303,0.9249307912913245
,492,0,0.478515625,0.39272976680384075,-0.478515625,-0.39272976680384075,2437,2672,2182,1587,2438,2673,2217,1611,0,0,-140,-76,4900,4900,5000,4900,-39.94,62.21,-185.1,-23.242727971182006,-17.400230362524155,60.7587426697471,-0.5706665520009052,-0.4636227929394789,0.6777858011897229
,493,0,-0.396484375,-0.38504801097393687,0.396484375,0.38504801097393687,1867,2165,2752,2094,1893,2191,2752,2095,-87,-85,0,-10,5000,4900,5000,5000,-42.04,24.0,-224.09,18.225183033197084,18.099225069124657,62.95765626270065,0.5057696299973324,0.43500824758279666,0.7449596673024024
,494,0,0.30351562499999996,0.08161865569272986,-0.30351562499999996,-0.08161865569272986,2323,2469,2296,1790,2323,2469,2321,1795,0,0,-90,-15,5000,5000,5000,5000,-46.36,46.800000000000004,-190.67000000000002,-16.67707336270118,-2.382653266864331,67.16763943424938,-0.4297524877045127,-0.09743567580257756,0.8976742663085966
,495,0,-0.04648437500000002,0.5482853223593964,0.04648437500000002,-0.5482853223593964,2095,2773,2524,1486,2097,2773,2524,1529,-12,0,19,-166,4900,4900,5000,4700,-40.77,71.42,-208.04,-0.980475982143588,-28.133879304069737,61.726997169458755,-0.006126533131439331,-0.7571140980437275,0.6532539384766254
,496,0,0.653515625,-0.6443072702331961,-0.653515625,0.6443072702331961,2551,1996,2068,2263,2551,2045,2113,2263,0,-207,-197,0,4900,5100,4700,4800,-31.080000000000002,18.76,-177.11,-28.24087725915294,26.46418046636587,51.74907195825539,-0.67753643244243,0.6289928976962519,0.3811985274904096
,497,0,-0.615234375,-0.17764060356652944,0.615234375,0.17764060356652944,1724,2300,2895,1959,1771,2303,2894,1960,-209,-16,21,0,4800,4900,5000,4900,-39.050000000000004,34.800000000000004,-235.77,29.1644192243117,6.527634354777085,60.053538514634376,0.7926909785956687,0.13425653905956214,0.5946563664611607
,498,0,0.08476562499999996,0.28902606310013723,-0.08476562499999996,-0.28902606310013723,2180,2604,2439,1655,2180,2605,2446,1675,0,0,-29,-59,5000,5000,5000,5000,-46.64,58.61,-205.01,-3.1678507199366948,-15.13197856730946,67.5493565698992,-0.06482690729785717,-0.42953357718727564,0.900721032372897
,499,0,-0.26523437499999997,-0.48875171467764056,0.26523437499999997,0.48875171467764056,1952,2097,2667,2162,1965,2135,2667,2163,-33,-153,0,0,4900,5000,4900,4800,-41.57,18.16,-216.72,11.268239581561687,24.421580283359518,62.43596444200111,0.3289694905229797,0.5954919129437195,0.7329177688688415
,500,0,0.43476562500000004,-0.022085048010973884,-0.43476562500000004,0.022085048010973884,2408,2402,2211,1857,2409,2403,2245,1857,0,-2,-137,0,5000,5000,5000,5000,-43.660000000000004,41.81,-183.47,-23.51096538288371,3.073801873941129,64.41898209786436,-0.6244984422179651,0.04040746522721398,0.7799800846311689
,501,0,-0.44023437499999996,0.44458161865569257,0.44023437499999996,-0.44458161865569257,1838,2706,2781,1553,1868,2707,2780,1582,-107,0,19,-96,5000,4900,5000,5000,-40.14,63.53,-227.02,18.49131014531133,-21.54364593344515,61.172227733240824,0.4964119652989413,-0.5515985582542335,0.6703090266734401
,502,0,0.259765625,-0.333196159122085,-0.259765625,0.333196159122085,2294,2199,2325,2060,2294,2225,2342,2060,0,-81,-56,0,5000,4900,4900,4900,-44.75,27.580000000000002,-193.26,-12.788811744550856,16.61424698575663,65.52209928560856,-0.3032082280039211,0.39040984478144897,0.8692783924430924
,503,0,-0.09023437499999998,0.13347050754458156,0.09023437499999998,-0.13347050754458156,2066,2503,2553,1756,2073,2503,2553,1766,-22,0,21,-26,5000,5000,5000,4900,-48.31,50.050000000000004,-211.48000000000002,3.8566523374959445,-7.023050575389959,69.23014317681393,0.11984432234326918,-0.20896351569138238,0.9705522075148664
,504,0,0.6097656249999999,0.6001371742112482,-0.6097656249999999,-0.6001371742112482,2523,2807,2096,1452,2523,2807,2140,1492,0,0,-190,-154,5000,4800,4900,4800,-32.730000000000004,70.63,-182.3,-26.569422811866502,-25.632810159862714,53.556088206466484,-0.629049370164889,-0.6467100248587234,0.4313502447459437
,505,0,-0.527734375,-0.5924554183813443,0.527734375,0.5924554183813443,1781,2030,2838,2229,1814,2072,2838,2230,-125,-170,0,0,5000,5000,5000,5000,-35.14,15.19,-227.52,22.274913189975194,26.638097991375094,56.05270623573159,0.593897365424305,0.621301499510022,0.5111461298382959
,506,0,0.17226562499999998,-0.12578875171467763,-0.17226562499999998,0.12578875171467763,2237,2334,2382,1925,2237,2338,2398,1926,-4,-17,-55,0,5000,5000,5000,4900,-47.85,35.84,-197.4,-9.230412967312901,8.102752865952688,68.66366991042264,-0.22670399229651678,0.17794946187230903,0.9575694694883373
,507,0,-0.177734375,0.34087791495198894,0.177734375,-0.34087791495198894,2009,2638,2610,1621,2018,2639,2609,1646,-28,0,21,-76,5000,5000,5000,4900,-45.35,60.32,-215.28,6.969531003318394,-17.53435344788724,66.31518205623317,0.20327646900671778,-0.47935654550441015,0.8537540509012181
,508,0,0.522265625,-0.43689986282578874,-0.522265625,0.43689986282578874,2465,2131,2154,2128,2466,2159,2193,2129,0,-92,-159,0,5000,5000,5100,4900,-38.65,25.68,-181.15,-24.713461476442603,19.3091509999929,59.35668598837157,-0.6066054533009385,0.4599511913452923,0.6484402251600441
,509,0,-0.352734375,0.02976680384087793,0.352734375,-0.02976680384087793,1895,2435,2724,1824,1924,2435,2724,1826,-96,-2,0,-11,5000,5000,5000,5000,-45.980000000000004,42.22,-224.68,17.565835957259594,-0.10774840357121462,66.94657571513409,0.5136321835593043,-0.03147756948778309,0.8574328793737984
,510,0,0.3472656249999999,0.4964334705075444,-0.3472656249999999,-0.4964334705075444,2351,2740,2268,1519,2351,2741,2291,1552,0,0,-83,-121,5000,5000,5000,4900,-40.09,68.33,-193.17000000000002,-15.604727180160296,-24.050068224550373,60.96465606201365,-0.3681612962205251,-0.6325439611264955,0.6814289377533251
,511,0,-0.0027343749999999556,-0.2813443072702332,0.0027343749999999556,0.2813443072702332,2123,2233,2496,2026,2124,2259,2498,2027,0,-85,-21,0,5000,5000,4900,5000,-46.85,27.88,-205.53,-0.5772806444128662,15.493470444980233,67.68433612185211,0.012142747525523048,0.3746904261280951,0.9270704602404705
,512,0,0.697265625,0.1853223593964335,-0.697265625,-0.1853223593964335,2580,2537,2039,1722,2581,2537,2095,1730,0,0,-272,-20,5100,4900,4800,5000,-35.410000000000004,50.63,-173.12,-34.392333132796495,-5.051682068249178,56.139504662883,-0.8459998181810185,-0.14777425755197351,0.5122958875909953
,513,0,-0.6986328125,0.6519890260631,0.6986328125,-0.6519890260631,1670,2841,2949,1418,1722,2842,2948,1460,-239,0,19,-168,4900,5000,4800,4500,-30.16,70.60000000000001,-235.33,26.353625320048593,-29.186457551227022,51.251903612114816,0.6579872453150226,-0.6886283825787278,0.3047027005291438
,514,0,0.0013671874999999778,-0.678875171467764,-0.0013671874999999778,0.678875171467764,2126,1973,2493,2286,2127,2031,2493,2286,0,-272,0,0,4900,4900,4900,4900,-36.910000000000004,9.5,-206.83,2.0075207691943717,33.7154711516418,57.70458202174328,0.09327653258476265,0.8423926671323889,0.5307297644098586
,515,0,-0.3486328125,-0.21220850480109738,0.3486328125,0.21220850480109738,1898,2278,2721,1981,1925,2283,2720,1982,-85,-19,21,0,4900,5000,5000,4900,-44.69,30.51,-223.69,17.374188151974437,11.638621758763996,65.6220534887707,0.5222275470952529,0.308647224369471,0.7949938867336638
,516,0,0.35136718749999996,0.25445816186556913,-0.35136718749999996,-0.25445816186556913,2354,2582,2265,1677,2354,2583,2290,1694,0,0,-93,-45,5000,4900,5000,4900,-44.43,55.69,-189.87,-18.065558466463756,-11.203944842927285,65.25611542270516,-0.46454103129268,-0.31645225363696206,0.8270789571822152
,517,0,-0.5236328124999999,-0.5233196159122084,0.5236328124999999,0.5233196159122084,1784,2075,2835,2184,1818,2108,2834,2185,-132,-123,21,0,5100,5100,5000,4800,-36.72,17.72,-228.12,22.695254547652212,24.077921431134065,57.64208005060921,0.607272894928615,0.5639069290151204,0.559668300418878
,518,0,0.17636718750000002,-0.05665294924554187,-0.17636718750000002,0.05665294924554187,2240,2379,2379,1880,2240,2381,2396,1880,0,-16,-55,0,5000,5000,5000,5000,-48.03,39.49,-197.05,-9.82667826973514,4.485194915943609,68.85113235320355,-0.2546576124662304,0.08880070081292583,0.9629454480644956
,519,0,-0.17363281249999996,0.4100137174211247,0.17363281249999996,-0.4100137174211247,2012,2683,2607,1576,2020,2684,2606,1607,-25,0,19,-110,4900,4900,5000,4900,-44.050000000000004,63.82,-214.88,6.340648354078894,-21.00311197661081,65.02203825800613,0.18320371077865455,-0.5693883688819478,0.8013945880394291
,520,0,0.5263671875,-0.36776406035665293,-0.5263671875,0.36776406035665293,2468,2176,2151,2083,2469,2200,2191,2083,0,-74,-162,0,5000,5000,4900,5000,-39.660000000000004,29.330000000000002,-180.39000000000001,-25.722798326744453,15.721615041402629,60.37207993578534,-0.6386006754591977,0.37124185069261,0.6740687395194807
,521,0,-0.6111328125,0.09890260631001391,0.6111328125,-0.09890260631001391,1727,2480,2892,1779,1772,2480,2891,1782,-196,0,21,-12,4800,5000,5000,5000,-39.34,43.87,-236.45000000000002,29.22967922669625,-2.566709260805382,60.36985375897634,0.794421474845139,-0.08841679928566785,0.6008968213503482
,522,0,0.0888671875,0.5655692729766804,-0.0888671875,-0.5655692729766804,2183,2785,2436,1474,2183,2785,2442,1516,0,0,-27,-167,5000,4800,5000,5000,-40.25,72.16,-207.71,-1.3571221066059138,-28.85142347968258,61.207220243295644,-0.013717152787816364,-0.7700429048262799,0.6378446240630243
,523,0,-0.2611328125,-0.6270233196159122,0.2611328125,0.6270233196159122,1955,2007,2664,2252,1967,2054,2664,2252,-32,-199,0,0,5000,4800,5000,5000,-37.78,11.89,-215.02,10.013361167512414,30.78109204100786,58.6216636711801,0.3023714936865565,0.7539903519631018,0.5831552357240042
,524,0,0.43886718749999987,-0.1603566529492455,-0.43886718749999987,0.1603566529492455,2411,2311,2208,1948,2412,2315,2242,1949,0,-17,-137,0,5000,5000,5000,5000,-43.45,36.64,-183.36,-23.27097633462509,8.238828970824137,64.19537452826918,-0.6200669917613008,0.1939376872535074,0.7602006966524372
,525,0,-0.43613281249999997,0.3063100137174213,0.43613281249999997,-0.3063100137174213,1841,2616,2778,1643,1871,2617,2777,1662,-107,0,19,-50,5000,5000,5000,4900,-42.5,56.11,-228.02,19.978106661947578,-14.20126032947492,63.5184608334952,0.5431934279095596,-0.3746140824648802,0.7514021487158911
,526,0,0.26386718749999993,-0.4714677640603566,-0.26386718749999993,0.4714677640603566,2297,2109,2322,2150,2297,2143,2340,2152,0,-131,-61,-12,5000,5000,5000,5000,-42.04,20.2,-194.74,-10.801316696151758,23.869861697580824,62.800919654244694,-0.25264436748956426,0.5833110308144228,0.7719579424463573
,527,0,-0.08613281250000004,-0.004801097393689946,0.08613281250000004,0.004801097393689946,2069,2413,2550,1846,2077,2415,2550,1850,-24,-15,21,-12,5000,5000,5000,4900,-48.83,41.86,-211.66,4.586153184080558,1.1376186517855231,69.73034941374394,0.14193797811821962,0.002041589699180267,0.9898734476079313
,528,0,0.6138671874999999,0.4618655692729765,-0.6138671874999999,-0.4618655692729765,2525,2717,2094,1542,2525,2718,2139,1570,0,0,-196,-92,4900,4900,4800,5000,-35.42,64.75,-179.68,-28.799808873225146,-19.581843861206522,56.218058317084605,-0.6917608317502909,-0.4992329937140564,0.5217598773798597
,529,0,-0.6548828124999999,-0.31591220850480106,0.6548828124999999,0.31591220850480106,1698,2210,2921,2049,1746,2229,2920,2050,-213,-57,21,-11,5000,4900,5000,5000,-36.85,29.62,-236.63,30.382476884221745,11.631535713662693,57.8447998574139,0.8039817203667267,0.25306466612393924,0.5381186375472775
,530,0,0.045117187500000044,0.1507544581618656,-0.045117187500000044,-0.1507544581618656,2154,2514,2465,1745,2155,2514,2471,1755,0,0,-28,-27,5000,5000,5000,4900,-48.49,51.43,-205.92000000000002,-1.7845724373468101,-8.024433967617313,69.38575275708276,-0.029785120678616623,-0.23670593843355356,0.9711246806133856
,531,0,-0.3048828125,0.6174211248285322,0.3048828125,-0.6174211248285322,1926,2818,2693,1441,1944,2819,2692,1488,-53,0,18,-200,4900,4800,5000,4600,-37.800000000000004,72.79,-219.89000000000001,10.764339136223697,-30.308383566680774,58.81991116329062,0.2881837321413191,-0.7749549672658879,0.5624899423447741
,532,0,0.3951171874999999,-0.5751714677640604,-0.3951171874999999,0.5751714677640604,2383,2041,2236,2218,2384,2083,2259,2220,0,-170,-80,-11,5000,5000,4900,4900,-37.97,17.54,-188.12,-17.20707861527478,26.958600732898468,58.69107715030145,-0.4151278230846942,0.6591388548028451,0.6270604919703973
,533,0,-0.4798828125,-0.10850480109739369,0.4798828125,0.10850480109739369,1812,2345,2807,1914,1849,2348,2806,1914,-146,-17,20,0,5000,5000,5000,5000,-43.0,37.24,-230.44,23.66295519433868,4.463933739518566,63.982919292504455,0.6717804448267027,0.08316372574228877,0.7360671359795238
,534,0,0.22011718749999998,0.3581618655692731,-0.22011718749999998,-0.3581618655692731,2268,2649,2351,1610,2268,2650,2367,1634,0,0,-52,-71,5000,5000,5000,4900,-44.65,61.78,-198.36,-10.006833771585121,-17.85197496500969,65.53405748148501,-0.23621415446324726,-0.4920407497441773,0.8379133450556809
,535,0,-0.1298828125,-0.4196159122085048,0.1298828125,0.4196159122085048,2040,2142,2579,2117,2044,2175,2579,2118,-17,-121,0,-6,5000,4900,4900,4900,-44.08,20.91,-210.8,5.164173527156805,22.084258987872282,64.92319317396834,0.16246367297950495,0.545383189611205,0.8222911476183585
,536,0,0.5701171875,0.04705075445816176,-0.5701171875,-0.04705075445816176,2497,2447,2122,1812,2497,2447,2169,1815,0,0,-213,-10,4900,5000,4800,4900,-39.99,44.480000000000004,-177.44,-29.689525291369392,0.8060515991846628,60.72555467220734,-0.7577278587791695,-0.007876524140967527,0.6525231431891063
,537,0,-0.5673828125,0.5137174211248283,0.5673828125,-0.5137174211248283,1755,2751,2864,1508,1791,2751,2863,1537,-141,0,21,-106,4900,4800,5000,5000,-36.050000000000004,65.76,-232.36,23.68843063457814,-24.14036936215372,57.114695717983416,0.610720135367138,-0.5994399649977032,0.5173902247053934
,538,0,0.13261718749999996,-0.2640603566529492,-0.13261718749999996,0.2640603566529492,2211,2244,2408,2015,2211,2264,2419,2016,0,-62,-35,0,5000,4900,5000,5000,-46.910000000000004,29.47,-200.36,-5.842983154928561,14.255922190199747,67.7224332062324,-0.125349506345972,0.3306841362781616,0.9353798711073418
,539,0,-0.21738281249999997,0.20260631001371743,0.21738281249999997,-0.20260631001371743,1983,2548,2636,1711,1996,2548,2635,1725,-40,0,21,-34,5000,5000,5000,5000,-46.92,52.65,-218.20000000000002,10.392612032220768,-10.074276917627813,67.88042147314076,0.29903469009344935,-0.2873162146257604,0.9099602446996454
,540,0,0.48261718750000004,0.669272976680384,-0.48261718750000004,-0.669272976680384,2440,2852,2179,1407,2441,2853,2212,1452,0,0,-128,-186,5100,5100,5100,5000,-33.45,75.06,-189.28,-19.907688284567882,-30.521365670829283,54.32225927352385,-0.45962484078386845,-0.7660934691338045,0.44927252562886133
,541,0,-0.39238281249999996,-0.66159122085048,0.39238281249999996,0.66159122085048,1869,1985,2750,2274,1890,2038,2750,2274,-64,-238,0,0,4900,5000,4900,4900,-35.69,11.620000000000001,-220.51,15.51910339618135,30.674268099826673,56.558537122215654,0.4385707363978334,0.7298962364518774,0.5243159287956523
,542,0,0.3076171875,-0.19492455418381338,-0.3076171875,0.19492455418381338,2326,2289,2293,1970,2326,2295,2318,1971,0,-18,-88,0,5000,4900,5000,5000,-45.67,33.56,-190.37,-16.079999203417913,10.845410396970152,66.4427020894684,-0.4250217961916544,0.264535413017893,0.8656659217166123
,543,0,-0.04238281249999998,0.2717421124828532,0.04238281249999998,-0.2717421124828532,2097,2593,2522,1666,2100,2594,2522,1688,-13,0,21,-63,4900,5000,5000,5000,-47.04,57.39,-208.62,0.5142434239195381,-14.157068476566636,67.96436624538575,0.02883551396896314,-0.4048111344299891,0.9139455446445652
,544,0,0.6576171874999999,-0.5060356652949245,-0.6576171874999999,0.5060356652949245,2554,2086,2065,2173,2554,2119,2114,2174,0,-120,-216,0,4800,5000,4700,4900,-33.81,24.48,-175.66,-30.08656863709797,20.86281395108334,54.486208509261026,-0.7282413519160871,0.4928203651873177,0.4762274887236856
,545,0,-0.6767578125,-0.039368998628257934,0.6767578125,0.039368998628257934,1684,2390,2935,1869,1737,2392,2934,1869,-246,-1,23,0,4800,5000,5100,5000,-37.2,39.96,-239.12,32.167640679123195,1.1481973526820113,58.233396093324885,0.8542837701419171,-0.0019520515271962285,0.5198032604427827
,546,0,0.023242187499999956,0.42729766803840863,-0.023242187499999956,-0.42729766803840863,2140,2695,2479,1564,2141,2696,2482,1597,0,0,-22,-115,5000,4900,5000,5000,-43.97,65.63,-209.62,0.9709890035902617,-22.454489252759302,64.92024207934762,0.04416950737113198,-0.6278460216563982,0.7770832823506276
,547,0,-0.32675781249999997,-0.350480109739369,0.32675781249999997,0.350480109739369,1912,2188,2707,2071,1932,2215,2706,2072,-57,-85,20,-12,4900,4900,5000,4900,-43.6,25.39,-221.72,15.759314069066164,16.876682058661594,64.5092615086649,0.4467261426180775,0.4035236453633043,0.7985013595068471
,548,0,0.37324218750000004,0.11618655692729773,-0.37324218750000004,-0.11618655692729773,2368,2492,2251,1767,2369,2492,2281,1773,0,0,-116,-17,4900,5000,5000,5000,-44.9,48.49,-187.47,-19.97668678796356,-3.8571708806536336,65.69588909861045,-0.5098566018962817,-0.13955806767453893,0.8488638237371907
,549,0,-0.5017578125,0.5828532235939643,0.5017578125,-0.5828532235939643,1798,2796,2821,1463,1832,2796,2820,1502,-131,0,18,-150,4900,4900,5000,5000,-35.92,69.57000000000001,-228.74,19.820356317418344,-27.69792650297228,56.97617399860534,0.5135298840587332,-0.6850890965275889,0.5166623539582079
,550,0,0.1982421875,-0.6097393689986282,-0.1982421875,0.6097393689986282,2254,2019,2365,2240,2254,2067,2376,2240,0,-207,-33,0,5000,4800,5000,5000,-38.9,13.67,-198.53,-6.56436551602161,30.120404242648387,59.66347442133722,-0.14786459536190094,0.7545444454978915,0.6393737101310474
,551,0,-0.15175781249999998,-0.14307270233196157,0.15175781249999998,0.14307270233196157,2026,2323,2593,1936,2037,2328,2592,1937,-34,-17,21,0,5000,5000,5000,5000,-47.86,33.63,-214.64000000000001,8.11914136741072,9.145111509023003,68.75451508470016,0.2533779259792995,0.23672644052035932,0.9379553395471393
,552,0,0.5482421874999999,0.3235939643347052,-0.5482421874999999,-0.3235939643347052,2482,2627,2137,1632,2483,2628,2177,1652,0,0,-167,-55,5000,5000,5000,5000,-39.27,58.160000000000004,-180.98,-27.07688241291487,-13.083537752005725,60.05786848472128,-0.6775741810309361,-0.35681267191507887,0.6431002615153237
,553,0,-0.5892578125,-0.4541838134430727,0.5892578125,0.4541838134430727,1741,2120,2878,2139,1782,2148,2877,2140,-172,-94,20,0,5000,5000,4800,4800,-36.64,21.740000000000002,-231.81,26.10604042155458,19.818014933778755,57.59073459143197,0.6993313104579183,0.4582529155875817,0.5485799700760975
,554,0,0.11074218749999998,0.012482853223593993,-0.11074218749999998,-0.012482853223593993,2197,2424,2422,1835,2197,2425,2433,1839,0,-3,-38,-13,5000,5000,5000,4900,-48.86,43.26,-200.56,-6.583014159384845,0.48945820175644883,69.70823867690098,-0.15470294630125123,-0.020481270114037824,0.9877487109484008
,555,0,-0.2392578125,0.47914951989026044,0.2392578125,-0.47914951989026044,1969,2728,2650,1531,1982,2729,2649,1565,-34,0,21,-127,4900,5000,5000,4900,-41.97,66.91,-217.75,9.005703777133505,-24.285557088872864,62.96426429640725,0.2511430820094117,-0.6449757435523141,0.7217571908806683
,556,0,0.46074218749999996,-0.2986282578875171,-0.46074218749999996,0.2986282578875171,2425,2221,2194,2038,2426,2241,2227,2040,0,-61,-134,-10,5000,5000,4900,5000,-41.96,31.91,-182.91,-23.39370327505395,12.984129726566202,62.691194075116464,-0.5822395995877232,0.29508755737842324,0.7575753310083181
,557,0,-0.4142578125,0.16803840877914955,0.4142578125,-0.16803840877914955,1855,2526,2764,1733,1885,2526,2764,1741,-108,0,3,-20,5000,5000,4900,5000,-44.230000000000004,49.2,-227.52,19.936980558629557,-7.26835549645115,65.22847230125251,0.5603544701011718,-0.20716926524357282,0.8019250360077762
,558,0,0.2857421875,0.6347050754458161,-0.2857421875,-0.6347050754458161,2311,2830,2308,1429,2311,2831,2327,1475,0,0,-60,-196,4800,4900,5000,5000,-37.37,74.39,-198.6,-10.582769824883258,-30.47021032132433,58.287228233105935,-0.24309931561321016,-0.7876580646896062,0.5661249825593401
,559,0,-0.06425781249999996,-0.5578875171467764,0.06425781249999996,0.5578875171467764,2083,2052,2536,2207,2085,2097,2537,2208,-13,-193,0,0,5000,4800,5100,4700,-40.77,14.61,-206.89000000000001,1.7040585230131455,28.624112148770138,61.57772985897081,0.0806654586297786,0.737946738482879,0.6700206675517775
,560,0,0.6357421875,-0.09122085048010975,-0.6357421875,0.09122085048010975,2539,2357,2080,1902,2539,2358,2130,1902,0,-9,-228,0,5000,5000,5000,5000,-37.57,42.6,-174.11,-32.87340221367671,2.8994150621238717,58.28414992173478,-0.8277872987941541,0.06663273173808594,0.5570711507663965
,561,0,-0.6330078124999999,0.3754458161865568,0.6330078124999999,-0.3754458161865568,1712,2661,2907,1598,1758,2662,2906,1617,-202,0,18,-53,5100,4800,5100,5000,-36.89,58.28,-236.02,27.84052893187078,-16.921850182546038,57.95413635510773,0.7300933378812581,-0.4244348028343299,0.5355546807977571
,562,0,0.06699218750000002,-0.40233196159122087,-0.06699218750000002,0.40233196159122087,2169,2154,2450,2105,2170,2185,2455,2105,0,-108,-26,0,5000,5000,5000,5000,-44.61,21.94,-204.77,-0.9240584450792255,21.46477362892047,65.42555692891844,0.003697962327574756,0.5339546480682228,0.8455050318484003
,563,0,-0.28300781249999996,0.06433470507544581,0.28300781249999996,-0.06433470507544581,1941,2458,2678,1801,1962,2458,2677,1808,-65,0,20,-17,5000,5000,5000,5000,-46.95,44.29,-221.68,14.428392877028841,-1.967941136173664,67.90674961390724,0.4294966682367564,-0.07396879717567244,0.9000340154782539
,564,0,0.4169921875,0.5310013717421123,-0.4169921875,-0.5310013717421123,2397,2762,2222,1497,2398,2762,2250,1531,0,0,-106,-125,5100,5000,5000,5000,-38.35,69.32000000000001,-190.43,-18.396824969176947,-24.858004060280436,59.21344801557495,-0.4407005910221467,-0.6467726679147531,0.6224693607810451
,565,0,-0.4580078125,-0.24677640603566525,0.4580078125,0.24677640603566525,1826,2255,2793,2004,1858,2272,2792,2006,-118,-50,20,-11,5000,5000,5000,5000,-42.67,32.08,-228.83,22.406283186731116,9.719797520844388,63.63181905404962,0.6212755379338701,0.22053290843721265,0.7519188402089715
,566,0,0.24199218749999996,0.21989026063100137,-0.24199218749999996,-0.21989026063100137,2283,2559,2336,1700,2283,2559,2355,1714,0,0,-64,-34,5000,5000,5000,5000,-46.33,54.75,-195.46,-12.434130265952746,-10.637635713571612,67.18173490549451,-0.3022935470144814,-0.30772002423309747,0.9021790277541288
,567,0,-0.10800781250000002,0.6865569272976679,0.10800781250000002,-0.6865569272976679,2055,2864,2564,1395,2058,2865,2563,1447,-14,0,19,-233,4800,5000,4900,4700,-36.26,77.58,-209.88,0.4616024677817734,-34.416807675573054,57.24185270993245,0.034692445491901716,-0.8728204993956354,0.48680674816660563
,568,0,0.5919921875,-0.69039780521262,-0.5919921875,0.69039780521262,2511,1966,2108,2293,2511,2019,2146,2293,0,-239,-155,0,5100,4800,4700,4900,-31.34,15.8,-180.07,-25.08925371719681,29.218556751888425,52.01643000945034,-0.6002736219032555,0.694733028545015,0.39625446104216727
,569,0,-0.5455078124999999,-0.2237311385459534,0.5455078124999999,0.2237311385459534,1769,2270,2850,1989,1809,2275,2849,1990,-168,-20,20,0,4900,5000,5000,4800,-40.72,31.95,-232.31,25.896506985458274,9.609243260050427,61.69896738094618,0.7158573055104156,0.21647044988598016,0.6638440046227198
,570,0,0.15449218750000004,0.24293552812071328,-0.15449218750000004,-0.24293552812071328,2226,2574,2393,1685,2226,2575,2406,1702,0,0,-41,-43,5000,5000,5000,4900,-47.04,55.75,-200.47,-7.506480276122005,-11.971189637739514,67.91936591694767,-0.17858063993509182,-0.3432524101974411,0.9221099380952471
,571,0,-0.19550781249999993,-0.5348422496570644,0.19550781249999993,0.5348422496570644,1998,2067,2621,2192,2005,2107,2621,2193,-24,-163,0,0,5000,5000,4900,5000,-40.910000000000004,15.63,-212.70000000000002,7.431282106838665,27.215024231395933,61.749430942202636,0.22671930403434054,0.6753958620102077,0.7017398283963032
,572,0,0.5044921874999999,-0.06817558299039783,-0.5044921874999999,0.06817558299039783,2454,2372,2165,1887,2455,2373,2206,1887,0,0,-173,0,5000,5000,4800,4700,-41.87,41.33,-180.03,-26.902065967376615,3.779577150025837,62.61055236864637,-0.7047350347647542,0.06776507027146285,0.7062268941538714
,573,0,-0.3705078125,0.39849108367626873,0.3705078125,-0.39849108367626873,1883,2676,2736,1583,1907,2677,2735,1608,-75,0,20,-83,5000,5000,5000,4900,-42.21,61.75,-224.19,15.777850414835058,-19.57093930639448,63.223511442208014,0.4280387428017925,-0.5114335666259677,0.745129882362064
,574,0,0.3294921875000001,-0.3792866941015089,-0.3294921875000001,0.3792866941015089,2340,2169,2279,2090,2340,2195,2301,2090,0,-83,-79,0,5000,5000,5000,4900,-43.13,25.97,-189.85,-16.074582503191408,18.44590794311322,63.880962893056704,-0.38752930513860817,0.43715606866836554,0.8116129676669824
,575,0,-0.0205078125,0.08737997256515784,0.0205078125,-0.08737997256515784,2112,2473,2507,1786,2116,2474,2508,1794,-16,-1,-2,-19,5000,5000,5000,5000,-48.7,47.92,-207.53,0.05748114562109663,-4.630413748782331,69.59495445787493,0.016287021120599633,-0.15061502253830758,0.9884583187614954
,576,0,0.6794921875,0.5540466392318244,-0.6794921875,-0.5540466392318244,2568,2777,2051,1482,2569,2777,2100,1518,0,0,-223,-128,5100,4900,4800,5000,-32.0,67.85,-178.51,-30.159705787520863,-22.6056471749516,52.800077348402446,-0.7129344256700646,-0.5758106226625731,0.4002082352019191
,577,0,-0.6876953124999999,-0.6385459533607681,0.6876953124999999,0.6385459533607681,1677,2000,2942,2259,1726,2045,2942,2259,-221,-186,0,0,4900,5000,5000,4800,-30.43,14.89,-233.6,28.383986722647165,26.51392833941242,51.372502984809884,0.727957503534953,0.59087093376476,0.34777782085567255
,578,0,0.012304687500000022,-0.17187928669410157,-0.012304687500000022,0.17187928669410157,2133,2304,2486,1955,2134,2310,2491,1956,0,-20,-26,0,5000,5000,5000,5000,-48.11,31.89,-206.4,0.014160949362320707,11.437546289998075,68.95880702783035,0.03265183197962366,0.2817617620946847,0.9589286559956756
,579,0,-0.33769531249999996,0.2947873799725652,0.33769531249999996,-0.2947873799725652,1905,2608,2714,1651,1927,2609,2713,1672,-64,0,20,-63,5000,5000,5000,5000,-44.410000000000004,56.06,-223.62,15.582323327390952,-13.849188027641077,65.40624630062749,0.446007317840554,-0.3770096859390723,0.8117519135430463
,580,0,0.3623046875,-0.4829903978052126,-0.3623046875,0.4829903978052126,2361,2101,2258,2158,2361,2134,2283,2159,0,-125,-93,0,4900,5000,5000,4800,-40.61,20.69,-189.71,-15.845944543508523,23.716104484108577,61.34696346474727,-0.37671838196664986,0.5745248263585537,0.726639170831096
,581,0,-0.5126953125,-0.016323731138546016,0.5126953125,0.016323731138546016,1791,2405,2828,1854,1832,2406,2827,1855,-173,-12,19,2,5000,4900,5000,4900,-42.21,39.09,-232.13,25.228118709178858,2.5019246947076255,63.20607717219095,0.7116362768519183,0.03150884030564875,0.7018411518648174
,582,0,0.18730468749999996,0.45034293552812055,-0.18730468749999996,-0.45034293552812055,2247,2710,2372,1549,2247,2711,2385,1582,0,0,-40,-117,5000,4800,5000,5000,-43.050000000000004,66.48,-201.31,-7.372876978877514,-22.744771293371755,63.96074387532888,-0.16890156486273533,-0.6149195933166188,0.770289656650174
,583,0,-0.16269531250000002,-0.3274348422496571,0.16269531250000002,0.3274348422496571,2019,2203,2600,2056,2026,2231,2600,2056,-23,-88,0,0,4900,5000,5000,4900,-45.72,25.66,-213.62,7.649401508000551,17.159604725704476,66.58930309871633,0.22522999869858434,0.4145630628668797,0.8817079531186431
,584,0,0.5373046875,0.13923182441700954,-0.5373046875,-0.13923182441700954,2475,2507,2144,1752,2476,2507,2188,1758,0,0,-190,-16,5000,4800,5100,5000,-40.93,48.9,-179.75,-27.68748896358636,-3.7569627845261593,61.688285307580024,-0.7066045700259641,-0.1315377035965397,0.695275351318433
,585,0,-0.6001953124999999,0.605898491083676,0.6001953124999999,-0.605898491083676,1734,2811,2885,1448,1774,2811,2884,1488,-162,0,19,-159,5000,4900,5000,5000,-33.51,69.44,-232.54,23.632070055383736,-27.831375746900463,54.584933801740796,0.6012832523789462,-0.6763034175795813,0.42552571929176664
,586,0,0.09980468750000004,-0.5866941015089163,-0.09980468750000004,0.5866941015089163,2190,2034,2429,2225,2190,2079,2435,2226,0,-188,-25,0,4900,5000,5100,5000,-39.88,13.71,-203.53,-1.5832439806173682,29.746107058994674,60.66862608543621,-0.011245812497252613,0.7576285465460278,0.6525890875273891
,587,0,-0.2501953125,-0.12002743484224965,0.2501953125,0.12002743484224965,1962,2338,2657,1921,1981,2341,2656,1922,-56,-16,20,0,5000,5000,5000,5000,-47.06,35.04,-219.65,13.026431831718611,7.398176507621699,67.98320554904555,0.3955238490625674,0.18048627530757133,0.9005473831222492
,588,0,0.4498046874999999,0.3466392318244169,-0.4498046874999999,-0.3466392318244169,2418,2642,2201,1617,2419,2643,2232,1639,0,0,-122,-63,5100,5000,5100,5000,-41.22,60.1,-185.92000000000002,-22.28846727679172,-15.346682863017534,62.03750347396806,-0.5558239123818209,-0.417722713508765,0.7187263130312117
,589,0,-0.4251953125,-0.43113854595336076,0.4251953125,0.43113854595336076,1848,2135,2771,2124,1876,2163,2771,2126,-95,-96,0,-12,5000,5000,4900,4900,-40.67,21.5,-224.8,19.10880478834011,20.54172662781081,61.58492222813544,0.523438992723168,0.4864734888912922,0.6995392522960308
,590,0,0.2748046875,0.03552812071330591,-0.2748046875,-0.03552812071330591,2304,2439,2315,1820,2304,2439,2337,1824,0,0,-74,-11,5000,5000,5000,5000,-46.95,44.35,-191.86,-15.327392551882241,-0.016805482309145248,67.75740715905508,-0.3944004968150206,-0.037943645727660666,0.918154958523319
,591,0,-0.0751953125,0.5021947873799724,0.0751953125,-0.5021947873799724,2076,2743,2543,1516,2079,2744,2543,1554,-14,0,19,-148,5000,5000,5000,4900,-42.1,69.12,-209.36,0.4852143050570419,-25.924341165227958,63.05778385221803,0.030486195250325435,-0.704846363913236,0.7087045894993553
,592,0,0.6248046875,-0.2755829903978052,-0.6248046875,0.2755829903978052,2532,2236,2087,2023,2532,2255,2133,2024,0,-53,-207,0,4800,5000,5000,5000,-37.72,35.77,-175.47,-31.056548518566785,9.622551593096958,58.42371294140842,-0.7787386444008453,0.2159099065002927,0.5890237991726378
,593,0,-0.6439453125,0.19108367626886147,0.6439453125,-0.19108367626886147,1705,2541,2914,1718,1754,2541,2913,1726,-222,0,22,-18,5000,5000,5000,5000,-38.18,48.980000000000004,-237.4,29.838433447879225,-7.7324370102054445,59.227542454090425,0.7996032183938935,-0.20907034446390196,0.5629602865210597
,594,0,0.05605468749999998,0.657750342935528,-0.05605468749999998,-0.657750342935528,2162,2845,2457,1414,2163,2846,2460,1465,0,0,-23,-218,5000,5000,5100,5000,-37.28,76.12,-210.42000000000002,1.0939170163082963,-32.993638328647094,58.260855811837445,0.04476805734182483,-0.8546567488255432,0.5172597632996326
,595,0,-0.2939453125,-0.673113854595336,0.2939453125,0.673113854595336,1933,1977,2686,2282,1948,2032,2685,2282,-40,-253,9,0,4800,5000,5100,4900,-36.35,10.48,-216.1,11.192904037736184,32.110955945203756,57.193538811925464,0.33262433412066,0.7786652163004273,0.5320164783863341
,596,0,0.40605468749999996,-0.2064471879286694,-0.40605468749999996,0.2064471879286694,2390,2281,2229,1978,2391,2287,2259,1979,0,-19,-116,0,5000,5000,5000,5000,-43.800000000000004,33.89,-185.13,-21.321228314929158,10.864192566449908,64.54729589797367,-0.5694753093112772,0.26617036916083014,0.777721805445631
,597,0,-0.46894531249999993,0.2602194787379971,0.46894531249999993,-0.2602194787379971,1819,2586,2800,1673,1852,2587,2799,1689,-128,0,20,-42,5000,5000,5000,4900,-42.29,53.14,-229.67000000000002,21.825674239533413,-11.349906605066153,63.309233721117785,0.6015964136068876,-0.303801320596166,0.7387736546056285
,598,0,0.23105468750000002,-0.5175582990397805,-0.23105468750000002,0.5175582990397805,2276,2079,2343,2180,2276,2116,2358,2181,0,-144,-50,0,5000,5000,5000,5000,-41.15,17.56,-197.0,-8.364119002168138,26.348887206544692,61.91559489668551,-0.19048698225818125,0.6483262956142644,0.7371483731279996
,599,0,-0.11894531249999996,-0.05089163237311389,0.11894531249999996,0.05089163237311389,2047,2383,2572,1876,2058,2385,2571,1876,-30,-15,20,-1,5000,5000,5000,5000,-48.550000000000004,38.730000000000004,-213.32,6.45482826079737,4.147733011792958,69.45076937630478,0.19499917562338517,0.08210337044268864,0.9773609149480815
,600,0,0.5810546875,0.41577503429355267,-0.5810546875,-0.41577503429355267,2504,2687,2115,1572,2504,2687,2156,1599,0,0,-170,-82,5000,4900,5000,4700,-37.17,62.17,-180.54,-27.776208458047677,-17.060722339129313,57.9658250237613,-0.6779550488224769,-0.4582059390786422,0.5748254249501947
,601,0,-0.5564453125,-0.36200274348422495,0.5564453125,0.36200274348422495,1762,2180,2857,2079,1801,2202,2856,2080,-158,-68,22,-10,5000,5000,5100,5000,-39.01,26.32,-231.77,25.745755050611137,15.257932028104698,59.97206580419162,0.695566621619721,0.34926217148730276,0.6278558835087097
,602,0,0.1435546875,0.10466392318244178,-0.1435546875,-0.10466392318244178,2219,2484,2400,1775,2219,2484,2413,1782,0,0,-42,-20,5000,5000,5000,4900,-48.33,48.49,-199.42000000000002,-8.070613616037775,-4.653249846733608,69.1857429500653,-0.1909123169784793,-0.15165540428798926,0.9698211822682338
,603,0,-0.20644531249999998,0.5713305898491083,0.20644531249999998,-0.5713305898491083,1990,2788,2629,1471,1999,2788,2628,1513,-27,0,19,-169,5000,5000,4900,5000,-39.79,71.54,-215.51,6.4690649307814,-28.760168100851544,60.78476443298519,0.18155224123186653,-0.7548902261438326,0.630221810298723
,604,0,0.49355468749999987,-0.6212620027434842,-0.49355468749999987,0.6212620027434842,2447,2011,2172,2248,2448,2057,2205,2248,0,-195,-130,0,5000,5000,5100,4800,-35.24,16.95,-184.01,-21.254684311043434,27.816621683987933,55.93902551941355,-0.5146930047297826,0.674248450666524,0.5296037553265834
,605,0,-0.38144531249999997,-0.15459533607681752,0.38144531249999997,0.15459533607681752,1876,2315,2743,1944,1903,2319,2742,1945,-92,-18,21,0,5000,5000,5000,4900,-44.83,34.4,-225.41,18.827189337366093,7.641900326166258,65.78050015318607,0.540206553896835,0.17189164307038082,0.823790108079401
,606,0,0.31855468750000004,0.31207133058984926,-0.31855468750000004,-0.31207133058984926,2333,2619,2286,1640,2333,2620,2310,1660,0,0,-82,-55,5000,5000,5000,4900,-44.18,58.88,-192.34,-15.815174032966326,-14.553955914916827,65.0265599413503,-0.38659154895445574,-0.40220994732766874,0.8299241727698189
,607,0,-0.031445312500000044,-0.46570644718792864,0.031445312500000044,0.46570644718792864,2105,2112,2514,2147,2106,2150,2515,2148,0,-146,0,0,5000,5000,4900,4900,-43.28,18.81,-205.68,0.20140647693827418,24.522465145864864,64.09223352609584,0.038799896250513166,0.6365452500758382,0.7702627555950232
,608,0,0.6685546874999999,0.0009602194787379226,-0.6685546874999999,-0.0009602194787379226,2561,2417,2058,1842,2562,2418,2113,1843,0,0,-259,0,4900,4800,4800,4700,-36.6,43.13,-172.96,-34.05183236363848,2.4454047867479005,57.30973879109529,-0.8497526789244447,0.04892055468212323,0.5249068145779041
,609,0,-0.6658203125,0.4676268861454045,0.6658203125,-0.4676268861454045,1691,2721,2928,1538,1738,2722,2927,1564,-211,0,18,-85,4800,4800,4900,4900,-34.660000000000004,62.35,-236.6,28.155448996269,-21.028056199726322,55.73735997993772,0.7211315886687804,-0.5177785127266873,0.4602984288291464
,610,0,0.0341796875,-0.3101508916323731,-0.0341796875,0.3101508916323731,2147,2214,2472,2045,2148,2240,2475,2046,0,-87,-23,0,5000,4900,5000,5000,-46.51,26.36,-205.98000000000002,-0.02414225654126767,16.97868498996114,67.3427579035185,0.025270055475437658,0.4113134500767267,0.9111436056309941
,611,0,-0.3158203125,0.1565157750342936,0.3158203125,-0.1565157750342936,1919,2518,2700,1741,1944,2518,2698,1751,-82,0,21,-27,5000,5000,4900,5000,-46.13,49.22,-222.84,15.257164909588568,-6.967269516714268,67.10503104634871,0.4432785155453725,-0.20365412864101318,0.8729428122983547
,612,0,0.38417968749999987,0.6231824417009602,-0.38417968749999987,-0.6231824417009602,2375,2822,2244,1437,2376,2823,2269,1480,0,0,-90,-177,5000,4900,5000,4900,-36.5,73.62,-193.58,-15.535137667764275,-29.365914813330363,57.39013059080482,-0.362025285485305,-0.7496485074976424,0.5540440486782984
,613,0,-0.49082031249999997,-0.5694101508916324,0.49082031249999997,0.5694101508916324,1805,2045,2814,2214,1837,2086,2814,2215,-119,-162,0,0,5000,5000,5000,4900,-36.54,16.26,-226.27,20.94883781763997,25.65883737123894,57.4491204811246,0.57121654753903,0.6024298567679883,0.557485357199714
,614,0,0.20917968749999993,-0.10274348422496571,-0.20917968749999993,0.10274348422496571,2261,2349,2358,1910,2261,2353,2378,1910,0,-16,-65,0,5000,5000,5000,5000,-47.730000000000004,37.660000000000004,-195.43,-11.318084786488356,6.419413299947344,68.53839309316722,-0.28653502508844453,0.1334190142005159,0.9487344444296972
,615,0,-0.14082031250000004,0.36392318244170085,0.14082031250000004,-0.36392318244170085,2033,2653,2586,1606,2039,2654,2585,1633,-19,0,20,-84,5000,5000,5000,5000,-45.160000000000004,61.74,-213.46,5.058834491299422,-18.828921036660248,66.11964792351715,0.14791514829277594,-0.5163778252281376,0.8434898046320329
,616,0,0.5591796874999999,-0.4138545953360768,-0.5591796874999999,0.4138545953360768,2490,2146,2129,2113,2491,2173,2170,2114,0,-90,-173,0,5000,4800,4900,5000,-38.1,27.62,-179.06,-26.92687522789862,17.512948561934046,58.80111748100561,-0.6625427237911418,0.41501798059879486,0.623536057442641
,617,0,-0.5783203124999999,0.05281207133058974,0.5783203124999999,-0.05281207133058974,1748,2450,2871,1809,1790,2450,2870,1811,-179,0,20,-10,5000,4900,5000,5000,-40.26,41.95,-235.14000000000001,28.047739342265828,-0.5601146821390373,61.278422031842716,0.7741290425590011,-0.041269740915073946,0.6316811172985046
,618,0,0.12167968750000002,0.5194787379972563,-0.12167968750000002,-0.5194787379972563,2204,2755,2415,1504,2204,2755,2424,1540,0,0,-31,-134,4900,5000,5000,5000,-41.51,70.0,-205.88,-3.0433260486984466,-26.569336686867757,62.45257004786132,-0.05981483698121023,-0.721886403829323,0.6894216454705194
,619,0,-0.2283203125,-0.25829903978052127,0.2283203125,0.25829903978052127,1976,2248,2643,2011,1987,2269,2643,2012,-31,-65,0,-3,5000,5000,5000,5000,-46.19,29.88,-217.98000000000002,11.712506144548257,12.656543046683574,67.0918130263776,0.3381005828372629,0.29636914526148744,0.8932263574380677
,620,0,0.4716796875,0.2083676268861453,-0.4716796875,-0.2083676268861453,2432,2552,2187,1707,2433,2552,2223,1719,0,0,-148,-27,5000,5000,4900,4800,-42.28,52.88,-183.38,-24.34077664197747,-7.968826768353253,63.066515483614296,-0.613837087410295,-0.23922355925891214,0.7523138432962289
,621,0,-0.4033203125,0.675034293552812,0.4033203125,-0.675034293552812,1862,2856,2757,1403,1887,2857,2756,1449,-80,-2,18,-192,4900,5000,5000,5000,-34.93,74.77,-223.4,14.146617170787579,-32.52877854848289,55.972554244726574,0.3625762711704548,-0.8068509083626524,0.46640117844886714
,622,0,0.29667968749999996,-0.6558299039780521,-0.29667968749999996,0.6558299039780521,2318,1988,2301,2271,2318,2042,2317,2271,0,-245,-53,0,5000,4800,4900,5000,-36.980000000000004,12.99,-193.61,-11.417959874953567,31.12515993039185,57.71712198488311,-0.26667410293924326,0.7689181889515089,0.5810763646209346
,623,0,-0.05332031250000002,-0.1891632373113855,0.05332031250000002,0.1891632373113855,2090,2293,2529,1966,2095,2299,2530,1967,-19,-19,-15,0,5000,5000,5000,4900,-47.93,31.02,-208.67000000000002,2.3385168321798346,12.151963561080954,68.78799223693034,0.08516662361558454,0.3166456875576228,0.9447127366417167
,624,0,0.6466796875,0.27750342935528116,-0.6466796875,-0.27750342935528116,2547,2597,2072,1662,2547,2598,2120,1677,0,0,-216,-43,5000,5100,5000,4800,-36.68,55.22,-175.82,-32.014250637373294,-9.809666274783964,57.43461467185028,-0.7907116606227464,-0.2681611891716779,0.5503313968666965
,625,0,-0.6220703125,-0.5002743484224965,0.6220703125,0.5002743484224965,1719,2090,2900,2169,1763,2120,2899,2170,-189,-110,20,0,4900,4900,5000,4900,-34.99,19.84,-232.49,26.920612938182614,21.66310766109605,55.93937017291161,0.7140616052062565,0.5026497907602802,0.4872978676527435
,626,0,0.07792968749999996,-0.033607681755829955,-0.07792968749999996,0.033607681755829955,2176,2394,2443,1865,2176,2396,2451,1866,0,-17,-31,-11,5000,5000,5000,4900,-49.04,40.45,-202.27,-4.688260377641598,3.178245313133573,69.88971037238537,-0.10462082817398034,0.05191896188182436,0.9931560319050095
,627,0,-0.27207031249999997,0.4330589849108366,0.27207031249999997,-0.4330589849108366,1948,2698,2671,1561,1963,2699,2670,1594,-43,0,20,-115,5000,4800,4900,5000,-42.83,64.07000000000001,-219.68,11.118692114016255,-21.579731050112542,63.8267524042465,0.30782967724298865,-0.5731976595703842,0.7593980068919802
,628,0,0.42792968750000004,-0.344718792866941,-0.42792968750000004,0.344718792866941,2404,2191,2215,2068,2405,2215,2244,2068,0,-70,-112,0,5000,4900,5100,4900,-42.04,29.2,-184.71,-21.41541749004503,15.56678965067001,62.77337113553994,-0.5277246875901288,0.36708666317191563,0.7659987179031101
,629,0,-0.44707031249999996,0.12194787379972571,0.44707031249999996,-0.12194787379972571,1834,2495,2785,1764,1868,2495,2784,1769,-124,0,21,-16,5000,5000,5000,5000,-43.81,46.33,-228.96,21.569298333802948,-4.503212003133328,64.80844832310939,0.6132734765567306,-0.13924752511629288,0.7774996911259894
,630,0,0.2529296875,0.5886145404663923,-0.2529296875,-0.5886145404663923,2290,2800,2329,1459,2290,2800,2345,1501,0,0,-52,-169,5000,4900,4900,5000,-38.92,72.8,-199.59,-9.495277385882275,-28.94616958605158,59.83815054977594,-0.21728036167297193,-0.7588594288973326,0.6139394201424738
,631,0,-0.09707031249999998,-0.6039780521262003,0.09707031249999998,0.6039780521262003,2062,2022,2557,2237,2064,2071,2558,2238,-13,-214,0,0,5000,5000,4900,4800,-39.35,12.64,-207.81,2.761692004084523,30.523517555523693,60.15738816750632,0.11090800342505865,0.7752392603336719,0.6218548898365026
,632,0,0.6029296874999999,-0.13731138545953359,-0.6029296874999999,0.13731138545953359,2518,2326,2101,1933,2518,2329,2148,1934,0,-14,-212,0,5000,5000,5000,4900,-38.62,40.29,-175.56,-31.275982199707954,5.109363122525679,59.33556747404135,-0.7949712355582141,0.12214973424185248,0.5942223296542216
,633,0,-0.5345703125,0.329355281207133,0.5345703125,-0.329355281207133,1777,2631,2842,1628,1814,2632,2841,1645,-146,0,19,-43,4900,5000,5000,4800,-40.050000000000004,56.81,-232.08,23.993433998859587,-15.180464851037328,61.090621283113286,0.644329419973326,-0.3960785742858594,0.6541875583871327
,634,0,0.16542968749999998,-0.4484224965706447,-0.16542968749999998,0.4484224965706447,2233,2124,2386,2135,2233,2158,2398,2136,0,-123,-37,0,4900,5000,4900,4700,-43.29,20.400000000000002,-199.88,-5.692612314622551,23.32725986328274,64.07717307404829,-0.12419838775910724,0.573770545033172,0.8095443916984262
,635,0,-0.1845703125,0.018244170096021972,0.1845703125,-0.018244170096021972,2005,2428,2614,1831,2018,2429,2613,1835,-39,0,20,-13,5000,5000,5000,5000,-48.2,42.58,-216.83,9.698797365371604,0.06880587571483687,69.1280963728888,0.2920283179129279,-0.02635357637340902,0.9560465211218945
,636,0,0.5154296875,0.4849108367626884,-0.5154296875,-0.4849108367626884,2461,2732,2158,1527,2462,2733,2197,1556,0,0,-158,-102,5000,5000,5000,4900,-37.550000000000004,66.55,-184.9,-23.723461182801827,-21.72367637149594,58.37874052967422,-0.5713080687673957,-0.5652142095968522,0.5950966205844846
,637,0,-0.3595703125,-0.29286694101508914,0.3595703125,0.29286694101508914,1891,2225,2728,2034,1916,2245,2728,2036,-82,-62,0,-11,4900,5000,5000,4900,-44.19,28.53,-223.1,16.921507803304024,13.652465317191265,65.11410208941382,0.47325412620322216,0.32287642513837117,0.8196226852164906
,638,0,0.3404296874999999,0.17379972565157742,-0.3404296874999999,-0.17379972565157742,2347,2529,2272,1730,2347,2529,2298,1739,0,0,-99,-24,5000,5000,5000,5000,-45.27,51.63,-189.55,-18.11503252474364,-7.129223007595556,66.08424239499149,-0.4549852857803192,-0.21965249970257955,0.8629838753405586
,639,0,-0.009570312499999956,0.6404663923182441,0.009570312499999956,-0.6404663923182441,2119,2834,2500,1425,2120,2835,2500,1475,-4,0,19,-220,4900,4900,5100,4700,-37.93,75.62,-207.5,-1.7888135814039856,-32.296001971516844,58.8949439872701,-0.030575800658631618,-0.8389092793078852,0.5434117605510658
,640,0,0.6904296875,-0.5521262002743484,-0.6904296875,0.5521262002743484,2575,2056,2044,2203,2576,2094,2094,2204,0,-150,-231,0,5100,4900,5000,5000,-32.19,23.53,-174.8,-30.87269444327572,21.864013419601463,52.85952297078089,-0.7472155132930968,0.5198124572378765,0.41408210054825384
,641,0,-0.6931640625,-0.08545953360768177,0.6931640625,0.08545953360768177,1673,2360,2946,1899,1729,2362,2945,1899,-267,-13,22,0,5100,4800,5100,5000,-36.76,40.0,-239.55,32.596084138682784,1.0780325904037724,57.79565974791245,0.8628758500706147,-0.0019033792444159753,0.505412350969351
,642,0,0.0068359375,0.3812071330589848,-0.0068359375,-0.3812071330589848,2129,2665,2490,1594,2130,2667,2492,1621,0,0,-21,-90,5000,5000,5000,5000,-44.86,63.59,-210.08,1.5632364573324367,-20.447619220652385,65.80738109199842,0.06164800172973709,-0.5797955981632891,0.8124263586524039
,643,0,-0.3431640625,-0.39657064471879283,0.3431640625,0.39657064471879283,1901,2157,2718,2102,1921,2186,2718,2102,-55,-100,0,0,5000,5000,5000,4900,-42.57,23.25,-221.94,16.12813237981291,18.994021067275263,63.47497500277749,0.4572434639859004,0.4542816149467385,0.764563031386921
,644,0,0.35683593749999987,0.07009602194787379,-0.35683593749999987,-0.07009602194787379,2358,2462,2261,1797,2358,2462,2289,1802,0,0,-111,-14,5000,5000,5000,5000,-45.47,46.04,-187.9,-19.385169615171776,-1.4401274431415274,66.26184709658564,-0.5064902907933494,-0.07831414590766379,0.8586818269200883
,645,0,-0.5181640624999999,0.5367626886145402,0.5181640624999999,-0.5367626886145402,1787,2766,2832,1493,1820,2766,2831,1528,-122,0,19,-125,5000,5000,4900,5000,-36.62,67.21000000000001,-230.07,21.303114586608615,-25.43100035116025,57.67686918010616,0.5539350418192969,-0.6329431027973986,0.5408687438425849
,646,0,0.18183593749999993,-0.24101508916323733,-0.18183593749999993,0.24101508916323733,2244,2259,2375,2000,2244,2278,2388,2001,0,-57,-42,0,5000,5000,5000,4900,-46.79,31.71,-197.01,-9.335825483751734,12.246604817138717,67.59129907529619,-0.21516715993159222,0.27693938323102646,0.9364868772719619
,647,0,-0.16816406250000004,0.22565157750342935,0.16816406250000004,-0.22565157750342935,2015,2563,2604,1696,2025,2564,2603,1713,-30,0,21,-45,5000,5000,5000,4900,-47.08,54.46,-215.39000000000001,7.466184787245311,-11.690191093437647,68.03090388501113,0.21937060647183404,-0.32893880493796507,0.9185182630858049
,648,0,0.5318359374999999,0.6923182441700959,-0.5318359374999999,-0.6923182441700959,2472,2867,2147,1392,2473,2868,2181,1438,0,0,-130,-186,4800,4900,5000,4900,-31.87,75.78,-186.79,-22.432919562473614,-31.076319416419167,52.731619989040254,-0.5068886135001078,-0.7628191105358719,0.40146100446394506
,649,0,-0.6056640624999999,-0.684636488340192,0.6056640624999999,0.684636488340192,1730,1970,2889,2289,1766,2022,2888,2289,-138,-233,21,0,4900,5100,5100,4900,-31.07,12.55,-230.03,24.976902555767424,29.0911744166435,51.988684887493115,0.6563835255542508,0.657820000710601,0.3693690756493805
,650,0,0.09433593750000002,-0.21796982167352535,-0.09433593750000002,0.21796982167352535,2186,2274,2433,1985,2186,2282,2443,1986,0,-22,-37,0,5000,5000,5000,5000,-47.42,30.1,-202.64000000000001,-3.613160633772736,13.475058288045382,68.24544667686052,-0.06790605152850998,0.3310072793850602,0.9411816770209182
,651,0,-0.2556640625,0.24869684499314115,0.2556640625,-0.24869684499314115,1958,2578,2661,1681,1975,2579,2660,1701,-51,0,20,-55,5000,5000,5000,4900,-46.11,54.26,-220.02,12.103762874946796,-11.805657408907578,67.08362514542968,0.34469542716877877,-0.3290510849630261,0.8791532551117518
,652,0,0.4443359375,-0.5290809327846364,-0.4443359375,0.5290809327846364,2415,2071,2204,2188,2416,2105,2235,2189,0,-131,-123,0,4900,5000,4900,4900,-38.22,19.580000000000002,-185.98,-19.480988174717822,25.068284945811886,58.935497977083635,-0.4661191726101359,0.6099584588682029,0.6408459997381343
,653,0,-0.4306640625,-0.06241426611796974,0.4306640625,0.06241426611796974,1844,2375,2775,1884,1876,2376,2774,1884,-116,-12,8,0,5000,4900,5000,5000,-44.13,38.61,-228.43,21.55968868535342,3.235838367592308,65.10628555051395,0.6271391309148721,0.05128438392618652,0.777217101227611
,654,0,0.26933593749999996,0.4042524005486967,-0.26933593749999996,-0.4042524005486967,2301,2680,2318,1579,2301,2681,2337,1606,0,0,-63,-90,5000,5000,5000,5000,-43.25,63.99,-196.24,-12.264283953362366,-19.917968108342805,64.12903399111396,-0.2929110236631051,-0.5394943127872759,0.7893978836346196
,655,0,-0.08066406250000002,-0.37352537722908097,0.08066406250000002,0.37352537722908097,2072,2172,2547,2087,2076,2202,2548,2087,-15,-105,0,0,5000,4900,5000,4900,-45.21,23.0,-208.38,2.6032807028667833,20.165455211830874,66.04632273530544,0.09649331956458147,0.4957490544865361,0.8630885900387707
,656,0,0.6193359375,0.0931412894375857,-0.6193359375,-0.0931412894375857,2529,2477,2090,1782,2529,2477,2140,1786,0,0,-233,-14,4900,5000,5000,5000,-38.34,46.54,-175.53,-31.726130652773776,-1.125160192458175,59.07120899559723,-0.7981424669989454,-0.05687526394167154,0.5997781312488824
,657,0,-0.6494140625,0.5598079561042524,0.6494140625,-0.5598079561042524,1702,2781,2917,1478,1749,2781,2916,1512,-209,0,19,-118,4800,4900,4800,4800,-33.5,66.85,-235.09,26.350979684514897,-25.41927784209659,54.58117531020866,0.663485619158791,-0.6158559665776974,0.42486263850817263
,658,0,0.050585937499999956,-0.6327846364883402,-0.050585937499999956,0.6327846364883402,2158,2003,2461,2256,2159,2054,2463,2256,0,-226,-20,0,5000,5000,5100,5000,-38.44,11.450000000000001,-205.75,0.7910711140651188,31.847124620108275,59.2340693458629,0.054746662020923695,0.8053267323987867,0.5902979392488678
,659,0,-0.29941406249999997,-0.16611796982167348,0.29941406249999997,0.16611796982167348,1930,2308,2689,1951,1953,2312,2688,1952,-71,-17,21,0,5000,5000,5000,5000,-45.99,32.71,-221.81,15.343818227264336,9.574138295811657,66.918165366669,0.4746359487084485,0.25178722739165327,0.8434002064951462
,660,0,0.40058593750000004,0.3005486968449931,-0.40058593750000004,-0.3005486968449931,2386,2612,2233,1647,2387,2613,2260,1665,0,-12,-103,-52,5000,5000,5000,4900,-42.86,57.94,-187.8,-20.274999808545147,-13.313704579627526,63.68144631165353,-0.5082156217530766,-0.36928221152435214,0.7780408280147109
,661,0,-0.47441406249999996,-0.4772290809327846,0.47441406249999996,0.4772290809327846,1816,2105,2803,2154,1846,2137,2802,2155,-111,-119,16,0,5000,5000,5000,4900,-38.82,20.09,-226.75,21.158385322988607,21.811719026728795,59.74116548206496,0.5763912910297936,0.5165513228330354,0.633204398677433
,662,0,0.2255859375,-0.010562414266117925,-0.2255859375,0.010562414266117925,2272,2409,2347,1850,2273,2410,2366,1852,0,0,-63,-11,5000,5000,5000,4900,-47.72,42.29,-194.38,-12.677931895581196,1.8707538153408265,68.53482476148503,-0.3383834653927632,0.01674087788433099,0.9408593802245083
,663,0,-0.12441406249999998,0.4561042524005485,0.12441406249999998,-0.4561042524005485,2044,2713,2575,1546,2051,2714,2574,1582,-18,0,21,-132,4900,5000,4900,4800,-43.300000000000004,66.46000000000001,-211.9,3.1930223763600623,-23.438269902120368,64.26377934297943,0.09918777684505178,-0.6357020029241589,0.7655355957777199
,664,0,0.5755859374999999,-0.32167352537722904,-0.5755859374999999,0.32167352537722904,2500,2206,2119,2053,2500,2228,2162,2053,0,-63,-185,0,5000,5000,4800,5000,-38.81,32.63,-177.8,-28.525351703555657,12.601375700722656,59.51744491017664,-0.7109924143349684,0.290641608586639,0.6403258874325657
,665,0,-0.5619140625,0.14499314128943752,0.5619140625,-0.14499314128943752,1759,2511,2860,1748,1801,2511,2859,1753,-177,0,22,-15,5000,5000,4900,5000,-40.85,46.96,-233.99,26.55959083489188,-5.479448718605511,61.87530280524983,0.7349568731938623,-0.1589195393324785,0.6592290759390499
,666,0,0.13808593749999998,0.611659807956104,-0.13808593749999998,-0.611659807956104,2215,2815,2404,1444,2215,2815,2414,1490,0,0,-31,-194,4800,5000,4800,4900,-38.87,73.98,-206.06,-3.11943884125688,-30.559944721486914,59.82356750757308,-0.060024417260109424,-0.8049847512595188,0.5902513189923719
,667,0,-0.2119140625,-0.5809327846364883,0.2119140625,0.5809327846364883,1987,2037,2632,2222,1995,2082,2632,2224,-24,-188,0,-11,5000,4800,5000,5000,-39.62,13.86,-213.18,8.035804478157132,28.94493003560284,60.45738658880499,0.2534343606405616,0.7201657076176554,0.6458578623956444
,668,0,0.48808593749999996,-0.11426611796982167,-0.48808593749999996,0.11426611796982167,2443,2342,2176,1917,2444,2344,2215,1917,0,-14,-166,0,5000,4900,4900,4900,-42.42,39.78,-180.97,-25.86232568816368,5.26422264043304,63.161340821317374,-0.6824499340887353,0.11499685726930713,0.7218294883699767
,669,0,-0.3869140625,0.3524005486968449,0.3869140625,-0.3524005486968449,1873,2646,2746,1613,1898,2647,2745,1634,-84,0,19,-60,5000,4900,5000,5000,-42.72,59.42,-225.32,17.059960944941707,-17.32100024113673,63.73328275487361,0.46272914052375025,-0.45229110780969695,0.7624398312696083
,670,0,0.3130859374999999,-0.4253772290809328,-0.3130859374999999,0.4253772290809328,2329,2139,2290,2120,2329,2168,2312,2121,0,-100,-78,0,4900,5000,5000,5000,-42.51,23.1,-191.46,-14.27168759257529,21.199015316624717,63.26179431246562,-0.34317067599299206,0.5117672919565563,0.787609120072873
,671,0,-0.036914062499999956,0.04128943758573378,0.036914062499999956,-0.04128943758573378,2101,2443,2518,1816,2106,2443,2520,1822,-17,0,-21,-17,5000,5000,5000,5000,-48.97,45.230000000000004,-208.76,1.4648047348617013,-2.0287255075181108,69.86432151308847,0.05346391890193693,-0.08170042899211415,0.995221909564973
,672,0,0.6630859375,0.5079561042524003,-0.6630859375,-0.5079561042524003,2557,2747,2062,1512,2557,2748,2111,1541,0,0,-226,-99,5000,4900,5100,4900,-33.21,66.49,-178.47,-30.113726638607744,-21.242592681861566,54.00642239304444,-0.7139913882777684,-0.5398219190704886,0.4458795724814487
,673,0,-0.6712890625,-0.26982167352537717,0.6712890625,0.26982167352537717,1687,2240,2932,2019,1737,2255,2931,2021,-225,-42,21,0,4800,5000,5000,5000,-36.78,32.05,-237.53,31.116848486048184,9.146183411139972,57.78545103454547,0.8260657261637017,0.19724163789137375,0.5279310109659828
,674,0,0.028710937499999978,0.19684499314128945,-0.028710937499999978,-0.19684499314128945,2144,2544,2475,1715,2146,2544,2479,1729,0,0,-25,-37,5000,5000,5000,4900,-47.99,54.01,-207.24,-0.639202429774457,-10.688997201085243,68.8988951592119,0.003781174975897352,-0.30609932119318456,0.9519920736439315
,675,0,-0.3212890625,0.663511659807956,0.3212890625,-0.663511659807956,1916,2849,2703,1410,1934,2850,2702,1460,-46,-2,17,-215,5000,5000,4900,4900,-36.21,74.84,-220.38,11.12262450604689,-32.391297673987566,57.23757099273533,0.2925952893663424,-0.8154085841074039,0.49949658417709475
,676,0,0.37871093749999996,-0.667352537722908,-0.37871093749999996,0.667352537722908,2372,1981,2247,2278,2373,2036,2268,2278,0,-250,-79,0,5000,5100,5000,4800,-35.85,13.6,-189.81,-15.244946915467153,30.769585258015727,56.56963044064157,-0.3630014545209267,0.7512225276366343,0.5512664128957228
,677,0,-0.49628906249999993,-0.20068587105624136,0.49628906249999993,0.20068587105624136,1801,2285,2818,1974,1839,2290,2817,1975,-154,-19,21,0,5000,4900,4900,5000,-42.04,32.68,-230.24,23.77562861242285,9.024277654600624,63.01041321178755,0.6706850804103066,0.2028106084727631,0.7134769652945557
,678,0,0.20371093750000002,0.2659807956104251,-0.20371093750000002,-0.2659807956104251,2258,2589,2361,1670,2258,2590,2377,1688,0,0,-51,-49,5000,5000,4900,4900,-46.34,56.78,-198.01,-10.026941755936065,-12.834944166106183,67.20964622333638,-0.23894901238637203,-0.3598879379370359,0.9018780636022837
,679,0,-0.14628906249999996,-0.5117969821673525,0.14628906249999996,0.5117969821673525,2030,2082,2589,2177,2035,2123,2589,2178,-17,-170,0,0,4900,5000,5000,5000,-41.87,16.71,-210.59,5.248626698149025,26.28252534893266,62.70156601724331,0.17008819979537693,0.6591547538383595,0.7325196344007849
,680,0,0.5537109375,-0.0451303155006858,-0.5537109375,0.0451303155006858,2486,2387,2133,1872,2487,2388,2178,1871,0,-8,-201,12,5000,5000,5000,5000,-40.410000000000004,42.08,-177.8,-29.17049572466007,3.177500967439464,61.14129040880629,-0.7522533278252881,0.05391878957398142,0.6566640654906096
,681,0,-0.5837890625,0.42153635116598065,0.5837890625,-0.42153635116598065,1744,2691,2875,1568,1784,2692,2874,1593,-166,0,19,-76,5000,5000,4900,4800,-37.480000000000004,60.76,-233.77,25.42554996628786,-19.242772480052338,58.539111811627166,0.6679238245944998,-0.4829840294587383,0.5662192082814363
,682,0,0.1162109375,-0.356241426611797,-0.1162109375,0.356241426611797,2201,2184,2418,2075,2202,2212,2427,2075,0,-88,-32,0,4900,5000,5000,5000,-45.5,24.47,-201.95000000000002,-3.9125545995597406,19.133262487487038,66.30779642702929,-0.07570990640974441,0.4639512312585883,0.8826195471918052
,683,0,-0.23378906249999998,0.11042524005486976,0.23378906249999998,-0.11042524005486976,1973,2488,2646,1771,1989,2488,2645,1779,-48,0,22,-22,5000,5000,5000,4900,-47.47,47.28,-219.29,11.83967248276059,-4.788459092882178,68.42231258405208,0.3450994505092773,-0.15162091181979687,0.926238343169364
,684,0,0.46621093749999987,0.5770919067215363,-0.46621093749999987,-0.5770919067215363,2429,2792,2190,1467,2430,2792,2222,1505,0,0,-124,-147,4800,4900,4900,5000,-36.39,71.16,-188.49,-20.44702465164687,-26.56858054460966,57.24840110690839,-0.48020718162621623,-0.6769246199466518,0.5578298321394144
,685,0,-0.40878906249999997,-0.6155006858710562,0.40878906249999997,0.6155006858710562,1859,2015,2760,2244,1883,2061,2760,2244,-75,-192,0,0,5000,5000,5100,4900,-36.72,13.41,-221.78,16.660482208383343,28.80564837047914,57.5994092152941,0.4620339996480239,0.6838936409901039,0.564636228896578
,686,0,0.29121093749999993,-0.14883401920438954,-0.29121093749999993,0.14883401920438954,2315,2319,2304,1940,2315,2324,2329,1941,0,-18,-82,0,4900,4900,5000,5000,-46.38,35.71,-191.1,-15.500120634610198,8.65311349217236,67.16178144993671,-0.41888115224950934,0.20706311730221685,0.8841173257793397
,687,0,-0.058789062500000044,0.31783264746227724,0.058789062500000044,-0.31783264746227724,2087,2623,2532,1636,2090,2623,2532,1660,-15,0,19,-74,5000,4900,5000,4900,-46.28,59.88,-209.14000000000001,0.8687715089207586,-16.678629804033775,67.21327483366045,0.037536304370149966,-0.4711525015516312,0.881252714115464
,688,0,0.6412109374999999,-0.45994513031550066,-0.6412109374999999,0.45994513031550066,2543,2116,2076,2143,2543,2147,2123,2144,0,-108,-209,0,5100,4900,4800,4800,-35.15,26.72,-175.89000000000001,-30.014659915752247,18.616242033478507,55.83299867659363,-0.7336371360433394,0.43890927398449114,0.5187824224359697
,689,0,-0.6275390624999999,0.006721536351165902,0.6275390624999999,-0.006721536351165902,1716,2420,2903,1839,1763,2421,2902,1840,-209,0,20,0,5000,5000,5000,4900,-38.800000000000004,40.25,-237.42000000000002,30.44424105269846,0.9780765848998527,59.82558096073454,0.8180412472995168,-0.006197756098335951,0.5751261648855813
,690,0,0.07246093750000004,0.47338820301783247,-0.07246093750000004,-0.47338820301783247,2172,2725,2447,1534,2173,2726,2452,1568,0,-1,-25,-124,5000,5000,5000,5000,-42.82,67.91,-207.72,-1.0728942262977341,-24.604444503779632,63.76649437677447,-0.007580741791966344,-0.6782251134085389,0.7348150977598776
,691,0,-0.2775390625,-0.30438957475994505,0.2775390625,0.30438957475994505,1944,2218,2675,2041,1959,2242,2675,2043,-39,-78,0,0,5000,5000,5000,4900,-44.99,27.78,-219.99,13.865350221289788,14.612773478672274,65.8966038906193,0.3945781114239142,0.34555475986367645,0.8514106071224943
,692,0,0.4224609374999999,0.16227709190672157,-0.4224609374999999,-0.16227709190672157,2400,2522,2219,1737,2401,2522,2251,1745,0,-9,-126,-21,5000,5000,5000,4900,-43.730000000000004,50.7,-185.31,-22.275156634097925,-5.91980908298914,64.52066145569302,-0.5637738578048734,-0.19339758375248958,0.8029672545343979
,693,0,-0.4525390625,0.6289437585733881,0.4525390625,-0.6289437585733881,1830,2826,2789,1433,1860,2827,2788,1477,-106,0,19,-177,5000,4900,4800,4900,-35.67,72.05,-226.18,17.100145382459147,-30.000344072138674,56.71960859461963,0.43884819942781167,-0.7452324323044602,0.5020367314256461
,694,0,0.24746093749999998,-0.5636488340192043,-0.24746093749999998,0.5636488340192043,2286,2049,2333,2210,2286,2092,2346,2211,0,-182,-42,0,5000,4800,5000,5000,-39.92,16.21,-195.64000000000001,-9.624004029898117,27.78400814949554,60.67538620617992,-0.22606075273821916,0.6868079581838225,0.6907903912525117
,695,0,-0.1025390625,-0.09698216735253773,0.1025390625,0.09698216735253773,2058,2353,2561,1906,2067,2357,2560,1906,-26,-16,9,0,5000,5000,5000,5000,-48.4,36.15,-211.89000000000001,5.202850487279903,6.8178564788261795,69.28708576253496,0.1590659539919018,0.15386586466545016,0.9752042442336886
,696,0,0.5974609375,0.36968449931412883,-0.5974609375,-0.36968449931412883,2514,2657,2105,1602,2514,2658,2148,1624,0,0,-184,-64,5000,5000,5000,5000,-37.25,60.120000000000005,-179.15,-29.02513815560809,-14.921430234955906,58.03367709501081,-0.7091872710368995,-0.40082014924519477,0.5799970884050147
,697,0,-0.5400390625,-0.40809327846364885,0.5400390625,0.40809327846364885,1773,2150,2846,2109,1812,2174,2846,2109,-159,-80,0,-4,5000,4900,4900,4900,-38.83,23.48,-230.0,24.172237830787765,18.21030567562731,59.77602141040967,0.6570515813353709,0.42481032104985256,0.6227514838153418
,698,0,0.15996093749999996,0.05857338820301772,-0.15996093749999996,-0.05857338820301772,2229,2454,2390,1805,2229,2454,2404,1811,0,0,-45,-15,5000,5000,5000,5000,-48.4,45.7,-198.12,-9.179787140907763,-1.781743399698719,69.24217712733899,-0.2230790603597874,-0.08420432745443283,0.9711567144734885
,699,0,-0.19003906250000002,0.5252400548696843,0.19003906250000002,-0.5252400548696843,2001,2758,2618,1501,2009,2758,2617,1538,-24,0,18,-141,4900,5000,4800,4900,-41.12,69.61,-214.85,5.934330741445109,-26.786259047336358,62.10655957414953,0.17196768449974673,-0.7101232778711986,0.6827532831947865
,700,0,0.5099609375,-0.25253772290809323,-0.5099609375,0.25253772290809323,2457,2251,2162,2008,2458,2267,2201,2010,0,-45,-160,-12,5000,4800,5000,4900,-41.25,35.26,-180.57,-25.950877892415207,9.797545107867876,61.97793644690736,-0.6536391790124488,0.21397830530369608,0.7259263795449847
,701,0,-0.36503906249999996,0.21412894375857328,0.36503906249999996,-0.21412894375857328,1887,2556,2732,1703,1914,2556,2731,1716,-87,0,7,-31,5000,5000,5000,4900,-44.86,52.22,-224.9,17.116231669479845,-10.10297989232231,65.85295627918362,0.4797938844062911,-0.2797609700032675,0.8315838070508309
,702,0,0.3349609375,0.68079561042524,-0.3349609375,-0.68079561042524,2343,2860,2276,1399,2343,2861,2297,1446,0,0,-73,-205,5000,5000,5000,5000,-35.300000000000004,76.17,-196.64000000000001,-12.648345196115002,-32.11988930480885,56.2119312333466,-0.2834929586251493,-0.8255562849527144,0.48794319626882016
,703,0,-0.015039062499999978,-0.6500685871056241,0.015039062499999978,0.6500685871056241,2115,1992,2504,2267,2116,2046,2505,2267,0,-243,0,0,5000,4800,5100,4800,-37.92,10.76,-205.18,0.27142957851378924,32.57250425564672,58.70947706715881,0.04495155683054492,0.8220327007424665,0.5676632773471939
,704,0,0.6849609374999999,-0.18340192043895742,-0.6849609374999999,0.18340192043895742,2572,2296,2047,1963,2573,2300,2102,1964,0,-15,-268,0,5000,5000,4700,5000,-35.800000000000004,39.44,-172.42000000000002,-34.337836206775904,6.161119075104224,56.49772331771115,-0.850535270664207,0.15545251837096163,0.5024184191371663
,705,0,-0.6822265624999999,0.28326474622770914,0.6822265624999999,-0.28326474622770914,1680,2601,2939,1658,1733,2602,2938,1670,-248,0,22,-32,5000,5100,5000,4800,-36.480000000000004,53.09,-238.38,30.547179156862,-11.9040120371656,57.54286405319581,0.8039779989785429,-0.30370009143465154,0.5112588694790952
,706,0,0.017773437500000044,-0.4945130315500686,-0.017773437500000044,0.4945130315500686,2137,2094,2482,2165,2138,2133,2484,2167,0,-158,-23,0,5000,4900,4900,5000,-42.52,17.46,-207.20000000000002,1.812658002640518,25.76470830708809,63.33645548373399,0.07944136459209145,0.665859658389244,0.7418355511307787
,707,0,-0.3322265625,-0.027846364883401864,0.3322265625,0.027846364883401864,1908,2398,2711,1861,1935,2399,2710,1862,-87,-2,22,-10,5000,4900,5000,4900,-46.17,39.31,-224.06,17.142620199691237,2.837969586118575,67.12611386641078,0.5158084256088786,0.05199625817143355,0.8551245857809607
,708,0,0.3677734374999999,0.4388203017832646,-0.3677734374999999,-0.4388203017832646,2365,2702,2254,1557,2365,2703,2279,1587,0,0,-92,-99,5000,5000,5000,5000,-41.22,65.19,-191.47,-17.094498457462237,-20.799354958998848,62.078184151687864,-0.41467623798197806,-0.5496632719375222,0.7251992175506337
,709,0,-0.5072265625,-0.338957475994513,0.5072265625,0.338957475994513,1794,2195,2825,2064,1829,2217,2824,2064,-135,-64,20,-6,5000,4900,5000,4900,-40.49,27.240000000000002,-229.95000000000002,23.860715642015236,14.466997599084813,61.44524235743678,0.6508428262775144,0.3352771470989135,0.6811702064215014
