sample_index,phase,capture_accepted,accept_reject_reason,target_label,command_target_id,command_target_index,commanded_cable_displacement_mm,target_cable_deltas_ticks,resolved_servo_goal_ticks,servo_positions_before_command,servo_positions_after_command,raw_tracker_translation_mm,robot_tip_translation_mm,tracker_stale_age_s,tracker_frame_number,runtime_tip_mode,runtime_tip_trust_level,runtime_telemetry_ok,runtime_telemetry_failure_code
0,approach,True,ok,T11,T11,11,"[0.0,-8.0,0.0,8.0]","[0,-522,0,522]","{""5"":2131,""6"":1902,""7"":2632,""8"":2384}","{""5"":2132,""6"":2428,""7"":2632,""8"":1863}","{""5"":2132,""6"":1965,""7"":2632,""8"":2385}","[-31.95,4.22,-207.64000000000001]","[3.1284182012712165,37.74115986863931,51.69812819453384]",0.03806835299837985,2209088,coil_as_tip,thesis_trusted,True,
1,repeat,True,ok,T00,T00,0,"[0.0,0.0,0.0,0.0]","[0,0,0,0]","{""5"":2131,""6"":2424,""7"":2632,""8"":1862}","{""5"":2132,""6"":1965,""7"":2631,""8"":2385}","{""5"":2132,""6"":2426,""7"":2633,""8"":1869}","[-49.56,41.43,-210.22]","[2.9214352886994277,0.4822199209885838,69.39222755141722]",0.0,2210272,coil_as_tip,thesis_trusted,True,
2,approach,True,ok,T15,T15,15,"[0.0,8.0,0.0,-8.0]","[0,522,0,-522]","{""5"":2131,""6"":2946,""7"":2632,""8"":1340}","{""5"":2132,""6"":2426,""7"":2633,""8"":1869}","{""5"":2132,""6"":2947,""7"":2633,""8"":1402}","[-33.32,79.5,-216.55]","[6.4890216210982885,-37.986260715001315,53.24974554525251]",0.039591901999301626,2211432,coil_as_tip,thesis_trusted,True,
3,repeat,True,ok,T00,T00,0,"[0.0,0.0,0.0,0.0]","[0,0,0,0]","{""5"":2131,""6"":2424,""7"":2632,""8"":1862}","{""5"":2132,""6"":2947,""7"":2633,""8"":1402}","{""5"":2132,""6"":2430,""7"":2631,""8"":1863}","[-49.5,42.99,-210.09]","[2.677541196547196,-1.0641773327704342,69.3350330990656]",0.0,2212600,coil_as_tip,thesis_trusted,True,
4,approach,True,ok,T06,T06,6,"[2.8284271247461907,2.82842712474619,-2.8284271247461907,-2.82842712474619]","[184,184,-184,-184]","{""5"":2315,""6"":2608,""7"":2448,""8"":1678}","{""5"":2132,""6"":2430,""7"":2631,""8"":1863}","{""5"":2314,""6"":2609,""7"":2457,""8"":1697}","[-47.04,58.03,-204.34]","[-4.152950655269251,-15.647525264695922,66.88839373890774]",0.0,2213784,coil_as_tip,thesis_trusted,True,
5,repeat,True,ok,T00,T00,0,"[0.0,0.0,0.0,0.0]","[0,0,0,0]","{""5"":2131,""6"":2424,""7"":2632,""8"":1862}","{""5"":2314,""6"":2609,""7"":2457,""8"":1697}","{""5"":2133,""6"":2430,""7"":2631,""8"":1862}","[-49.52,43.2,-209.74]","[2.3130251452879804,-1.2478974120801283,69.35439752089589]",0.03716962699945725,2214936,coil_as_tip,thesis_trusted,True,
6,approach,True,ok,T02,T02,2,"[-2.8284271247461903,-2.82842712474619,2.8284271247461903,2.82842712474619]","[-184,-184,184,184]","{""5"":1947,""6"":2240,""7"":2816,""8"":2046}","{""5"":2133,""6"":2430,""7"":2631,""8"":1862}","{""5"":1966,""6"":2262,""7"":2815,""8"":2047}","[-45.38,28.78,-220.58]","[14.19337399950848,12.328846818404038,65.21786186868206]",0.03794084400033171,2216120,coil_as_tip,thesis_trusted,True,
7,repeat,True,ok,T00,T00,0,"[0.0,0.0,0.0,0.0]","[0,0,0,0]","{""5"":2131,""6"":2424,""7"":2632,""8"":1862}","{""5"":1966,""6"":2262,""7"":2815,""8"":2047}","{""5"":2132,""6"":2426,""7"":2632,""8"":1865}","[-49.44,42.18,-210.79]","[3.435235575337515,-0.30783380982634156,69.27550408387101]",0.0,2217296,coil_as_tip,thesis_trusted,True,
8,approach,True,ok,T10,T10,10,"[-5.6568542494923815,-5.656854249492379,5.6568542494923815,5.656854249492379]","[-369,-369,369,369]","{""5"":1762,""6"":2055,""7"":3001,""8"":2231}","{""5"":2131,""6"":2426,""7"":2632,""8"":1865}","{""5"":1796,""6"":2093,""7"":2999,""8"":2232}","[-34.93,16.69,-229.99]","[24.49491052167062,23.67242185164116,54.77179319439702]",0.03811903200039524,2218480,coil_as_tip,thesis_trusted,True,
9,repeat,True,ok,T00,T00,0,"[0.0,0.0,0.0,0.0]","[0,0,0,0]","{""5"":2131,""6"":2424,""7"":2632,""8"":1862}","{""5"":1796,""6"":2093,""7"":3000,""8"":2232}","{""5"":2132,""6"":2425,""7"":2632,""8"":1866}","[-49.42,41.75,-211.52]","[4.194862438851288,0.06742463938002885,69.25684598837633]",0.037132595000002766,2219648,coil_as_tip,thesis_trusted,True,
10,approach,True,ok,T03,T03,3,"[0.0,-4.0,0.0,4.0]","[0,-261,0,261]","{""5"":2131,""6"":2163,""7"":2632,""8"":2123}","{""5"":2132,""6"":2425,""7"":2632,""8"":1866}","{""5"":2132,""6"":2193,""7"":2631,""8"":2125}","[-44.57,20.92,-209.96]","[4.18085228067477,20.944676416836785,64.35938114050384]",0.03893939999943541,2220800,coil_as_tip,thesis_trusted,True,
11,repeat,True,ok,T00,T00,0,"[0.0,0.0,0.0,0.0]","[0,0,0,0]","{""5"":2131,""6"":2424,""7"":2632,""8"":1862}","{""5"":2132,""6"":2193,""7"":2631,""8"":2124}","{""5"":2132,""6"":2425,""7"":2632,""8"":1867}","[-49.5,41.64,-210.68]","[3.364965271351508,0.23891406665843817,69.33406041518622]",0.0,2221976,coil_as_tip,thesis_trusted,True,
12,approach,True,ok,T04,T04,4,"[2.82842712474619,-2.8284271247461903,-2.82842712474619,2.8284271247461903]","[184,-184,-184,184]","{""5"":2315,""6"":2240,""7"":2448,""8"":2046}","{""5"":2132,""6"":2425,""7"":2632,""8"":1867}","{""5"":2314,""6"":2261,""7"":2459,""8"":2047}","[-46.980000000000004,27.46,-203.35]","[-2.8979529254589806,14.912542932715091,66.76264610370528]",0.0,2223152,coil_as_tip,thesis_trusted,True,
13,repeat,True,ok,T00,T00,0,"[0.0,0.0,0.0,0.0]","[0,0,0,0]","{""5"":2131,""6"":2424,""7"":2632,""8"":1862}","{""5"":2314,""6"":2261,""7"":2459,""8"":2047}","{""5"":2133,""6"":2425,""7"":2631,""8"":1867}","[-49.52,41.62,-210.03]","[2.7181278132263174,0.30657557416829917,69.35203882355943]",0.0,2224328,coil_as_tip,thesis_trusted,True,
14,approach,True,ok,T12,T12,12,"[5.6568542494923735,-5.656854249492387,-5.6568542494923735,5.656854249492387]","[369,-369,-369,369]","{""5"":2500,""6"":2055,""7"":2263,""8"":2231}","{""5"":2133,""6"":2425,""7"":2631,""8"":1867}","{""5"":2499,""6"":2092,""7"":2290,""8"":2232}","[-38.49,16.53,-190.53]","[-14.85719067977493,26.73400849960712,58.211214399801506]",0.0,2225488,coil_as_tip,thesis_trusted,True,
15,repeat,True,ok,T00,T00,0,"[0.0,0.0,0.0,0.0]","[0,0,0,0]","{""5"":2131,""6"":2424,""7"":2632,""8"":1862}","{""5"":2499,""6"":2092,""7"":2290,""8"":2232}","{""5"":2134,""6"":2425,""7"":2631,""8"":1866}","[-49.53,41.39,-208.91]","[1.6179895138456288,0.6181174209507958,69.3581543725246]",0.039005519000056665,2226672,coil_as_tip,thesis_trusted,True,
16,approach,True,ok,T14,T14,14,"[5.656854249492377,5.656854249492383,-5.656854249492377,-5.656854249492383]","[369,369,-369,-369]","{""5"":2500,""6"":2793,""7"":2263,""8"":1493}","{""5"":2134,""6"":2425,""7"":2631,""8"":1866}","{""5"":2499,""6"":2793,""7"":2286,""8"":1531}","[-38.18,71.74,-191.71]","[-17.728850914174473,-28.414417378098413,58.01810637462248]",0.03844583899990539,2227848,coil_as_tip,thesis_trusted,True,
17,repeat,True,ok,T00,T00,0,"[0.0,0.0,0.0,0.0]","[0,0,0,0]","{""5"":2131,""6"":2424,""7"":2632,""8"":1862}","{""5"":2499,""6"":2793,""7"":2286,""8"":1531}","{""5"":2134,""6"":2428,""7"":2631,""8"":1863}","[-49.4,43.12,-208.36]","[0.942961922696611,-1.0671783369361876,69.23002959101986]",0.0,2229016,coil_as_tip,thesis_trusted,True,
18,approach,True,ok,T08,T08,8,"[-2.8284271247461894,2.8284271247461907,2.8284271247461894,-2.8284271247461907]","[-184,184,184,-184]","{""5"":1947,""6"":2608,""7"":2816,""8"":1678}","{""5"":2134,""6"":2428,""7"":2631,""8"":1862}","{""5"":1967,""6"":2608,""7"":2815,""8"":1697}","[-45.54,55.72,-221.38]","[13.014842015411489,-14.59684464480386,65.43558093214145]",0.038038972999856924,2230184,coil_as_tip,thesis_trusted,True,
19,repeat,True,ok,T00,T00,0,"[0.0,0.0,0.0,0.0]","[0,0,0,0]","{""5"":2131,""6"":2424,""7"":2632,""8"":1862}","{""5"":1967,""6"":2608,""7"":2815,""8"":1697}","{""5"":2131,""6"":2429,""7"":2633,""8"":1862}","[-49.39,42.93,-209.89000000000001]","[2.4827990897641996,-0.9899210636827291,69.22430135859842]",0.03698599900053523,2231352,coil_as_tip,thesis_trusted,True,
20,approach,True,ok,T09,T09,9,"[-8.0,0.0,8.0,0.0]","[-522,0,522,0]","{""5"":1609,""6"":2424,""7"":3154,""8"":1862}","{""5"":2131,""6"":2429,""7"":2633,""8"":1862}","{""5"":1670,""6"":2425,""7"":3152,""8"":1862}","[-32.82,41.56,-246.59]","[39.232137213239014,-2.3527502518530383,52.76341911947192]",0.0,2232536,coil_as_tip,thesis_trusted,True,
21,repeat,True,ok,T00,T00,0,"[0.0,0.0,0.0,0.0]","[0,0,0,0]","{""5"":2131,""6"":2424,""7"":2632,""8"":1862}","{""5"":1670,""6"":2425,""7"":3152,""8"":1862}","{""5"":2132,""6"":2426,""7"":2633,""8"":1863}","[-49.2,42.44,-213.04]","[5.660789559100635,-0.7326893832930494,69.04289452462974]",0.03906632299913326,2233712,coil_as_tip,thesis_trusted,True,
22,approach,True,ok,T05,T05,5,"[4.0,0.0,-4.0,0.0]","[261,0,-261,0]","{""5"":2392,""6"":2424,""7"":2371,""8"":1862}","{""5"":2132,""6"":2426,""7"":2633,""8"":1863}","{""5"":2392,""6"":2425,""7"":2392,""8"":1862}","[-48.22,43.44,-195.81]","[-11.593246296619498,-0.4685963619544964,68.01245696436506]",0.0,2234888,coil_as_tip,thesis_trusted,True,
23,repeat,True,ok,T00,T00,0,"[0.0,0.0,0.0,0.0]","[0,0,0,0]","{""5"":2131,""6"":2424,""7"":2632,""8"":1862}","{""5"":2392,""6"":2425,""7"":2392,""8"":1862}","{""5"":2134,""6"":2426,""7"":2631,""8"":1863}","[-49.550000000000004,42.54,-208.97]","[1.5934232537967148,-0.5331376907752983,69.38069692321737]",0.036538877999191754,2236032,coil_as_tip,thesis_trusted,True,
24,approach,True,ok,T01,T01,1,"[-4.0,0.0,4.0,0.0]","[-261,0,261,0]","{""5"":1870,""6"":2424,""7"":2893,""8"":1862}","{""5"":2134,""6"":2426,""7"":2631,""8"":1863}","{""5"":1899,""6"":2425,""7"":2892,""8"":1862}","[-44.92,41.94,-227.89000000000001]","[20.519764447023164,-1.3328292608003522,64.80714224108978]",0.03693833900069876,2237200,coil_as_tip,thesis_trusted,True,
25,repeat,True,ok,T00,T00,0,"[0.0,0.0,0.0,0.0]","[0,0,0,0]","{""5"":2131,""6"":2424,""7"":2632,""8"":1862}","{""5"":1899,""6"":2426,""7"":2892,""8"":1862}","{""5"":2133,""6"":2426,""7"":2632,""8"":1863}","[-49.38,42.44,-212.12]","[4.742751446861291,-0.6648093747103303,69.2200902607827]",0.038859737000166206,2238384,coil_as_tip,thesis_trusted,True,
26,approach,True,ok,T07,T07,7,"[0.0,4.0,0.0,-4.0]","[0,261,0,-261]","{""5"":2131,""6"":2685,""7"":2632,""8"":1601}","{""5"":2132,""6"":2426,""7"":2632,""8"":1863}","{""5"":2132,""6"":2686,""7"":2633,""8"":1632}","[-45.06,63.47,-211.73000000000002]","[2.8238365760758484,-21.6193278973006,64.94208614611662]",0.0,2239568,coil_as_tip,thesis_trusted,True,
27,repeat,True,ok,T00,T00,0,"[0.0,0.0,0.0,0.0]","[0,0,0,0]","{""5"":2131,""6"":2424,""7"":2632,""8"":1862}","{""5"":2132,""6"":2686,""7"":2633,""8"":1632}","{""5"":2132,""6"":2430,""7"":2631,""8"":1863}","[-49.45,42.86,-210.55]","[3.1459795674714144,-0.9683769489967418,69.28616819228505]",0.0,2240736,coil_as_tip,thesis_trusted,True,
28,approach,True,ok,T16,T16,16,"[-5.656854249492373,5.656854249492388,5.656854249492373,-5.656854249492388]","[-369,369,369,-369]","{""5"":1762,""6"":2793,""7"":3001,""8"":1493}","{""5"":2132,""6"":2430,""7"":2631,""8"":1863}","{""5"":1794,""6"":2793,""7"":3000,""8"":1530}","[-35.64,66.58,-234.71]","[25.540950042197352,-26.427646806771456,55.59854693272506]",0.0,2241912,coil_as_tip,thesis_trusted,True,
29,repeat,True,ok,T00,T00,0,"[0.0,0.0,0.0,0.0]","[0,0,0,0]","{""5"":2131,""6"":2424,""7"":2632,""8"":1862}","{""5"":1794,""6"":2793,""7"":3000,""8"":1530}","{""5"":2132,""6"":2430,""7"":2632,""8"":1863}","[-49.38,42.78,-211.66]","[4.259055049245603,-0.9701572084487751,69.21938643916772]",0.0,2243072,coil_as_tip,thesis_trusted,True,
30,approach,True,ok,T13,T13,13,"[8.0,0.0,-8.0,0.0]","[522,0,-522,0]","{""5"":2653,""6"":2424,""7"":2110,""8"":1862}","{""5"":2132,""6"":2430,""7"":2632,""8"":1863}","{""5"":2653,""6"":2425,""7"":2160,""8"":1862}","[-39.01,45.99,-176.01]","[-31.50026512932334,-1.5805275314150364,58.74742537948869]",0.0,2244240,coil_as_tip,thesis_trusted,True,
31,repeat,True,ok,T00,T00,0,"[0.0,0.0,0.0,0.0]","[0,0,0,0]","{""5"":2131,""6"":2424,""7"":2632,""8"":1862}","{""5"":2653,""6"":2425,""7"":2160,""8"":1862}","{""5"":2135,""6"":2426,""7"":2631,""8"":1863}","[-49.56,42.89,-207.69]","[0.2911765145746017,-0.7882983097894325,69.38751518470345]",0.038125008999486454,2245392,coil_as_tip,thesis_trusted,True,
32,approach,True,ok,T04,T04,4,"[2.82842712474619,-2.8284271247461903,-2.82842712474619,2.8284271247461903]","[184,-184,-184,184]","{""5"":2315,""6"":2240,""7"":2448,""8"":2046}","{""5"":2135,""6"":2426,""7"":2631,""8"":1863}","{""5"":2315,""6"":2264,""7"":2454,""8"":2047}","[-47.03,28.07,-201.83]","[-4.458737453235187,14.415775174524853,66.80926640268555]",0.0,2246576,coil_as_tip,thesis_trusted,True,
33,repeat,True,ok,T01,T01,1,"[-4.0,0.0,4.0,0.0]","[-261,0,261,0]","{""5"":1870,""6"":2424,""7"":2893,""8"":1862}","{""5"":2314,""6"":2263,""7"":2454,""8"":2047}","{""5"":1899,""6"":2425,""7"":2892,""8"":1862}","[-44.96,40.74,-227.76]","[20.478013495720916,-0.12643902879271707,64.84428340668669]",0.0,2247744,coil_as_tip,thesis_trusted,True,
34,approach,True,ok,T08,T08,8,"[-2.8284271247461894,2.8284271247461907,2.8284271247461894,-2.8284271247461907]","[-184,184,184,-184]","{""5"":1947,""6"":2608,""7"":2816,""8"":1678}","{""5"":1899,""6"":2425,""7"":2892,""8"":1862}","{""5"":1955,""6"":2608,""7"":2817,""8"":1700}","[-45.26,55.32,-222.26]","[13.922614801660501,-14.263096304238395,65.15744317182207]",0.03792045800037158,2248904,coil_as_tip,thesis_trusted,True,
35,repeat,True,ok,T01,T01,1,"[-4.0,0.0,4.0,0.0]","[-261,0,261,0]","{""5"":1870,""6"":2424,""7"":2893,""8"":1862}","{""5"":1954,""6"":2608,""7"":2817,""8"":1700}","{""5"":1896,""6"":2426,""7"":2892,""8"":1862}","[-44.78,43.57,-228.39000000000001]","[20.899267803554466,-2.9954226784513978,64.67201145272197]",0.0,2250096,coil_as_tip,thesis_trusted,True,
36,approach,True,ok,T14,T14,14,"[5.656854249492377,5.656854249492383,-5.656854249492377,-5.656854249492383]","[369,369,-369,-369]","{""5"":2500,""6"":2793,""7"":2263,""8"":1493}","{""5"":1896,""6"":2426,""7"":2892,""8"":1862}","{""5"":2500,""6"":2793,""7"":2290,""8"":1529}","[-38.27,72.03,-191.84]","[-17.620731546535183,-28.712965393511915,58.109096950145116]",0.0371400750009343,2251248,coil_as_tip,thesis_trusted,True,
37,repeat,True,ok,T01,T01,1,"[-4.0,0.0,4.0,0.0]","[-261,0,261,0]","{""5"":1870,""6"":2424,""7"":2893,""8"":1862}","{""5"":2500,""6"":2793,""7"":2289,""8"":1529}","{""5"":1898,""6"":2426,""7"":2892,""8"":1862}","[-44.9,44.43,-228.11]","[20.556599924589676,-3.8322973925079182,64.79292231947348]",0.03711387300063507,2252408,coil_as_tip,thesis_trusted,True,
38,approach,True,ok,T12,T12,12,"[5.6568542494923735,-5.656854249492387,-5.6568542494923735,5.656854249492387]","[369,-369,-369,369]","{""5"":2500,""6"":2055,""7"":2263,""8"":2231}","{""5"":1898,""6"":2426,""7"":2892,""8"":1862}","{""5"":2500,""6"":2094,""7"":2290,""8"":2232}","[-38.86,16.94,-190.31]","[-15.107737223591698,26.342088011790917,58.581382956828406]",0.0,2253600,coil_as_tip,thesis_trusted,True,
39,repeat,True,ok,T01,T01,1,"[-4.0,0.0,4.0,0.0]","[-261,0,261,0]","{""5"":1870,""6"":2424,""7"":2893,""8"":1862}","{""5"":2500,""6"":2094,""7"":2289,""8"":2232}","{""5"":1899,""6"":2425,""7"":2892,""8"":1862}","[-45.03,39.660000000000004,-227.61]","[20.40742846371171,0.9618095300791509,64.91160968216346]",0.0,2254784,coil_as_tip,thesis_trusted,True,
40,approach,True,ok,T07,T07,7,"[0.0,4.0,0.0,-4.0]","[0,261,0,-261]","{""5"":2131,""6"":2685,""7"":2632,""8"":1601}","{""5"":1899,""6"":2425,""7"":2892,""8"":1862}","{""5"":2132,""6"":2686,""7"":2633,""8"":1631}","[-44.99,63.29,-211.63]","[2.737510580330934,-21.43263813416356,64.87141256690562]",0.0,2255944,coil_as_tip,thesis_trusted,True,
41,repeat,True,ok,T01,T01,1,"[-4.0,0.0,4.0,0.0]","[-261,0,261,0]","{""5"":1870,""6"":2424,""7"":2893,""8"":1862}","{""5"":null,""6"":2686,""7"":2633,""8"":1631}","{""5"":1897,""6"":2426,""7"":2892,""8"":1862}","[-44.87,43.79,-228.12]","[20.613600333534606,-3.19482398208617,64.76163966636712]",0.0,2257136,coil_as_tip,thesis_trusted,True,
42,approach,True,ok,T06,T06,6,"[2.8284271247461907,2.82842712474619,-2.8284271247461907,-2.82842712474619]","[184,184,-184,-184]","{""5"":2315,""6"":2608,""7"":2448,""8"":1678}","{""5"":1897,""6"":2426,""7"":2892,""8"":1862}","{""5"":2315,""6"":2609,""7"":2458,""8"":1697}","[-47.12,57.660000000000004,-205.03]","[-3.4379053929062593,-15.328944547502978,66.96973622107461]",0.0,2258312,coil_as_tip,thesis_trusted,True,
43,repeat,True,ok,T01,T01,1,"[-4.0,0.0,4.0,0.0]","[-261,0,261,0]","{""5"":1870,""6"":2424,""7"":2893,""8"":1862}","{""5"":2315,""6"":2609,""7"":2458,""8"":1697}","{""5"":1898,""6"":2425,""7"":2891,""8"":1862}","[-44.93,43.83,-228.29]","[20.780034669138587,-3.247047506017225,64.8222392990416]",0.037116213999979664,2259488,coil_as_tip,thesis_trusted,True,
44,approach,True,ok,T00,T00,0,"[0.0,0.0,0.0,0.0]","[0,0,0,0]","{""5"":2131,""6"":2424,""7"":2632,""8"":1862}","{""5"":1898,""6"":2425,""7"":2892,""8"":1862}","{""5"":2132,""6"":2427,""7"":2633,""8"":1863}","[-49.410000000000004,42.480000000000004,-212.0]","[4.620054713562865,-0.6958328371600615,69.2498065259506]",0.0,2260664,coil_as_tip,thesis_trusted,True,
45,repeat,True,ok,T01,T01,1,"[-4.0,0.0,4.0,0.0]","[-261,0,261,0]","{""5"":1870,""6"":2424,""7"":2893,""8"":1862}","{""5"":2132,""6"":2427,""7"":2632,""8"":1863}","{""5"":1898,""6"":2425,""7"":2892,""8"":1862}","[-44.980000000000004,42.82,-227.97]","[20.534831838128184,-2.21618812087614,64.86919139943136]",0.0,2261832,coil_as_tip,thesis_trusted,True,
46,approach,True,ok,T11,T11,11,"[0.0,-8.0,0.0,8.0]","[0,-522,0,522]","{""5"":2131,""6"":1902,""7"":2632,""8"":2384}","{""5"":1898,""6"":2425,""7"":2892,""8"":1862}","{""5"":2132,""6"":1964,""7"":2633,""8"":2385}","[-31.810000000000002,4.11,-208.28]","[3.7751640432207125,37.803608934220264,51.55985335904637]",0.03638214700004028,2262976,coil_as_tip,thesis_trusted,True,
47,repeat,True,ok,T01,T01,1,"[-4.0,0.0,4.0,0.0]","[-261,0,261,0]","{""5"":1870,""6"":2424,""7"":2893,""8"":1862}","{""5"":2132,""6"":1964,""7"":2633,""8"":2385}","{""5"":1897,""6"":2425,""7"":2892,""8"":1865}","[-44.78,38.9,-227.95000000000002]","[20.802975449965572,1.6942583826035076,64.66108770687731]",0.03805949100024009,2264144,coil_as_tip,thesis_trusted,True,
48,approach,True,ok,T15,T15,15,"[0.0,8.0,0.0,-8.0]","[0,522,0,-522]","{""5"":2131,""6"":2946,""7"":2632,""8"":1340}","{""5"":1897,""6"":2425,""7"":2892,""8"":1865}","{""5"":2132,""6"":2947,""7"":2633,""8"":1401}","[-31.64,81.64,-209.79]","[-0.4048490862270171,-39.62853781717974,51.55355198603145]",0.0,2265336,coil_as_tip,thesis_trusted,True,
49,repeat,True,ok,T01,T01,1,"[-4.0,0.0,4.0,0.0]","[-261,0,261,0]","{""5"":1870,""6"":2424,""7"":2893,""8"":1862}","{""5"":2132,""6"":2947,""7"":2633,""8"":1401}","{""5"":1895,""6"":2427,""7"":2892,""8"":1862}","[-44.62,44.75,-228.29]","[20.7134526589561,-4.165271367683438,64.51412929305857]",0.03960857899983239,2266488,coil_as_tip,thesis_trusted,True,
50,approach,True,ok,T09,T09,9,"[-8.0,0.0,8.0,0.0]","[-522,0,522,0]","{""5"":1609,""6"":2424,""7"":3154,""8"":1862}","{""5"":1895,""6"":2427,""7"":2892,""8"":1862}","{""5"":1670,""6"":2425,""7"":3152,""8"":1862}","[-33.160000000000004,42.56,-246.99]","[39.55673133656768,-3.3786183711380744,53.10668761050347]",0.0,2267680,coil_as_tip,thesis_trusted,True,
51,repeat,True,ok,T01,T01,1,"[-4.0,0.0,4.0,0.0]","[-261,0,261,0]","{""5"":1870,""6"":2424,""7"":2893,""8"":1862}","{""5"":1670,""6"":2425,""7"":3152,""8"":1862}","{""5"":1880,""6"":2426,""7"":2894,""8"":1862}","[-44.1,42.910000000000004,-229.96]","[22.51540419281426,-2.4538867178736368,63.995445140590334]",0.03821404999871447,2268832,coil_as_tip,thesis_trusted,True,
52,approach,True,ok,T05,T05,5,"[4.0,0.0,-4.0,0.0]","[261,0,-261,0]","{""5"":2392,""6"":2424,""7"":2371,""8"":1862}","{""5"":1880,""6"":2426,""7"":2894,""8"":1862}","{""5"":2393,""6"":2426,""7"":2392,""8"":1862}","[-48.24,43.910000000000004,-196.13]","[-11.308639380584253,-0.9607524042748707,68.03439627503022]",0.0,2270008,coil_as_tip,thesis_trusted,True,
53,repeat,True,ok,T01,T01,1,"[-4.0,0.0,4.0,0.0]","[-261,0,261,0]","{""5"":1870,""6"":2424,""7"":2893,""8"":1862}","{""5"":2393,""6"":2426,""7"":2392,""8"":1862}","{""5"":1898,""6"":2425,""7"":2892,""8"":1862}","[-44.88,42.78,-227.73000000000002]","[20.29870185418457,-2.158921702764097,64.76837876113935]",0.03974404499967932,2271184,coil_as_tip,thesis_trusted,True,
54,approach,True,ok,T16,T16,16,"[-5.656854249492373,5.656854249492388,5.656854249492373,-5.656854249492388]","[-369,369,369,-369]","{""5"":1762,""6"":2793,""7"":3001,""8"":1493}","{""5"":1898,""6"":2425,""7"":2892,""8"":1862}","{""5"":1791,""6"":2792,""7"":3000,""8"":1531}","[-34.38,67.54,-231.88]","[22.651811973407945,-27.180371428121212,54.3319029954302]",0.0,2272360,coil_as_tip,thesis_trusted,True,
55,repeat,True,ok,T01,T01,1,"[-4.0,0.0,4.0,0.0]","[-261,0,261,0]","{""5"":1870,""6"":2424,""7"":2893,""8"":1862}","{""5"":1791,""6"":2792,""7"":3000,""8"":1531}","{""5"":1880,""6"":2427,""7"":2894,""8"":1862}","[-44.03,44.65,-229.78]","[22.20847177519505,-4.176154561530012,63.928467788286525]",0.035961585001132335,2273544,coil_as_tip,thesis_trusted,True,
56,approach,True,ok,T02,T02,2,"[-2.8284271247461903,-2.82842712474619,2.8284271247461903,2.82842712474619]","[-184,-184,184,184]","{""5"":1947,""6"":2240,""7"":2816,""8"":2046}","{""5"":1880,""6"":2427,""7"":2894,""8"":1862}","{""5"":1953,""6"":2263,""7"":2817,""8"":2047}","[-45.1,28.88,-221.61]","[15.214069699158529,12.152942123872847,64.94120716122558]",0.03714717199909501,2274704,coil_as_tip,thesis_trusted,True,
57,repeat,True,ok,T01,T01,1,"[-4.0,0.0,4.0,0.0]","[-261,0,261,0]","{""5"":1870,""6"":2424,""7"":2893,""8"":1862}","{""5"":1953,""6"":2263,""7"":2817,""8"":2047}","{""5"":1896,""6"":2425,""7"":2892,""8"":1862}","[-44.78,40.58,-228.09]","[20.819378346008705,0.008519394227356258,64.66496173191214]",0.03703056300037133,2275888,coil_as_tip,thesis_trusted,True,
58,approach,True,ok,T13,T13,13,"[8.0,0.0,-8.0,0.0]","[522,0,-522,0]","{""5"":2653,""6"":2424,""7"":2110,""8"":1862}","{""5"":1896,""6"":2425,""7"":2892,""8"":1862}","{""5"":2653,""6"":2425,""7"":2161,""8"":1862}","[-39.87,44.58,-176.29]","[-31.120087873320756,-0.19291073014125004,59.60537926335486]",0.0,2277072,coil_as_tip,thesis_trusted,True,
59,repeat,True,ok,T01,T01,1,"[-4.0,0.0,4.0,0.0]","[-261,0,261,0]","{""5"":1870,""6"":2424,""7"":2893,""8"":1862}","{""5"":2653,""6"":2425,""7"":2161,""8"":1862}","{""5"":1899,""6"":2425,""7"":2892,""8"":1862}","[-45.07,41.93,-227.81]","[20.440280487149323,-1.3166486366788632,64.9568769649377]",0.0,2278224,coil_as_tip,thesis_trusted,True,
60,approach,True,ok,T03,T03,3,"[0.0,-4.0,0.0,4.0]","[0,-261,0,261]","{""5"":2131,""6"":2163,""7"":2632,""8"":2123}","{""5"":1899,""6"":2425,""7"":2892,""8"":1862}","{""5"":2132,""6"":2193,""7"":2632,""8"":2124}","[-44.75,21.28,-209.9]","[4.09409011093058,20.59045569734615,64.53993586291458]",0.0,2279400,coil_as_tip,thesis_trusted,True,
61,repeat,True,ok,T01,T01,1,"[-4.0,0.0,4.0,0.0]","[-261,0,261,0]","{""5"":1870,""6"":2424,""7"":2893,""8"":1862}","{""5"":2132,""6"":2193,""7"":2632,""8"":2125}","{""5"":1898,""6"":2425,""7"":2892,""8"":1863}","[-44.89,40.17,-227.82]","[20.57986040707442,0.4374653406071616,64.77329700785225]",0.0,2280592,coil_as_tip,thesis_trusted,True,
62,approach,True,ok,T10,T10,10,"[-5.6568542494923815,-5.656854249492379,5.6568542494923815,5.656854249492379]","[-369,-369,369,369]","{""5"":1762,""6"":2055,""7"":3001,""8"":2231}","{""5"":1898,""6"":2425,""7"":2892,""8"":1864}","{""5"":1794,""6"":2094,""7"":3000,""8"":2232}","[-34.54,16.57,-231.0]","[25.512113741591065,23.717141222216824,54.38462683831894]",0.0,2281752,coil_as_tip,thesis_trusted,True,
63,repeat,True,ok,T01,T01,1,"[-4.0,0.0,4.0,0.0]","[-261,0,261,0]","{""5"":1870,""6"":2424,""7"":2893,""8"":1862}","{""5"":1793,""6"":2094,""7"":3000,""8"":2232}","{""5"":1881,""6"":2425,""7"":2894,""8"":1864}","[-44.160000000000004,38.95,-229.22]","[22.067672932653693,1.54984587751499,64.0450639202779]",0.0,2282920,coil_as_tip,thesis_trusted,True,
64,approach,True,ok,T01,T01,1,"[-4.0,0.0,4.0,0.0]","[-261,0,261,0]","{""5"":1870,""6"":2424,""7"":2893,""8"":1862}","{""5"":1881,""6"":2425,""7"":2894,""8"":1864}","{""5"":1881,""6"":2425,""7"":2894,""8"":1864}","[-44.15,39.160000000000004,-229.35]","[22.181948701497106,1.3308552241029972,64.03589100506876]",0.03883157999916875,2284072,coil_as_tip,thesis_trusted,True,
65,repeat,True,ok,T02,T02,2,"[-2.8284271247461903,-2.82842712474619,2.8284271247461903,2.82842712474619]","[-184,-184,184,184]","{""5"":1947,""6"":2240,""7"":2816,""8"":2046}","{""5"":1881,""6"":2425,""7"":2894,""8"":1864}","{""5"":1953,""6"":2261,""7"":2817,""8"":2047}","[-44.86,27.89,-221.72]","[15.397077569427069,13.131661569063539,64.6995123805095]",0.0,2285264,coil_as_tip,thesis_trusted,True,
66,approach,True,ok,T16,T16,16,"[-5.656854249492373,5.656854249492388,5.656854249492373,-5.656854249492388]","[-369,369,369,-369]","{""5"":1762,""6"":2793,""7"":3001,""8"":1493}","{""5"":1952,""6"":2261,""7"":2817,""8"":2047}","{""5"":1791,""6"":2793,""7"":3000,""8"":1532}","[-35.67,66.18,-234.3]","[25.161307357492035,-25.998588117268305,55.62647671810892]",0.0,2286432,coil_as_tip,thesis_trusted,True,
67,repeat,True,ok,T02,T02,2,"[-2.8284271247461903,-2.82842712474619,2.8284271247461903,2.82842712474619]","[-184,-184,184,184]","{""5"":1947,""6"":2240,""7"":2816,""8"":2046}","{""5"":1791,""6"":2793,""7"":3000,""8"":1532}","{""5"":1953,""6"":2262,""7"":2817,""8"":2047}","[-45.04,28.86,-221.74]","[15.345359201347037,12.163218010995386,64.88156260775307]",0.0,2287608,coil_as_tip,thesis_trusted,True,
68,approach,True,ok,T14,T14,14,"[5.656854249492377,5.656854249492383,-5.656854249492377,-5.656854249492383]","[369,369,-369,-369]","{""5"":2500,""6"":2793,""7"":2263,""8"":1493}","{""5"":1953,""6"":2262,""7"":2817,""8"":2047}","{""5"":2500,""6"":2793,""7"":2288,""8"":1529}","[-38.730000000000004,69.95,-194.72]","[-14.597271589046727,-26.84874262908493,58.57360030864332]",0.0,2288808,coil_as_tip,thesis_trusted,True,
69,repeat,True,ok,T02,T02,2,"[-2.8284271247461903,-2.82842712474619,2.8284271247461903,2.82842712474619]","[-184,-184,184,184]","{""5"":1947,""6"":2240,""7"":2816,""8"":2046}","{""5"":2500,""6"":2793,""7"":2288,""8"":1529}","{""5"":1963,""6"":2261,""7"":2815,""8"":2047}","[-45.49,29.1,-220.57]","[14.159612914723056,12.010692455544117,65.32848732030737]",0.037393554999653134,2289960,coil_as_tip,thesis_trusted,True,
70,approach,True,ok,T00,T00,0,"[0.0,0.0,0.0,0.0]","[0,0,0,0]","{""5"":2131,""6"":2424,""7"":2632,""8"":1862}","{""5"":1963,""6"":2261,""7"":2815,""8"":2047}","{""5"":2132,""6"":2426,""7"":2632,""8"":1865}","[-49.42,42.14,-211.03]","[3.677579722179331,-0.2855882659183848,69.256153366371]",0.037023464999947464,2291136,coil_as_tip,thesis_trusted,True,
71,repeat,True,ok,T02,T02,2,"[-2.8284271247461903,-2.82842712474619,2.8284271247461903,2.82842712474619]","[-184,-184,184,184]","{""5"":1947,""6"":2240,""7"":2816,""8"":2046}","{""5"":2132,""6"":2426,""7"":2632,""8"":1865}","{""5"":1965,""6"":2261,""7"":2815,""8"":2047}","[-45.480000000000004,28.69,-220.56]","[14.179740183798884,12.420297995214511,65.31761557201773]",0.037167223999858834,2292328,coil_as_tip,thesis_trusted,True,
72,approach,True,ok,T03,T03,3,"[0.0,-4.0,0.0,4.0]","[0,-261,0,261]","{""5"":2131,""6"":2163,""7"":2632,""8"":2123}","{""5"":1965,""6"":2261,""7"":2815,""8"":2047}","{""5"":2132,""6"":2196,""7"":2633,""8"":2124}","[-44.74,21.59,-210.71]","[4.879197057068836,20.221864419863692,64.53303997360743]",0.0,2293520,coil_as_tip,thesis_trusted,True,
73,repeat,True,ok,T02,T02,2,"[-2.8284271247461903,-2.82842712474619,2.8284271247461903,2.82842712474619]","[-184,-184,184,184]","{""5"":1947,""6"":2240,""7"":2816,""8"":2046}","{""5"":2132,""6"":2196,""7"":2633,""8"":2124}","{""5"":1966,""6"":2247,""7"":2815,""8"":2047}","[-45.06,27.09,-220.11]","[13.849518930088124,14.048034153279339,64.89296404037557]",0.0,2294696,coil_as_tip,thesis_trusted,True,
74,approach,True,ok,T05,T05,5,"[4.0,0.0,-4.0,0.0]","[261,0,-261,0]","{""5"":2392,""6"":2424,""7"":2371,""8"":1862}","{""5"":1966,""6"":2247,""7"":2815,""8"":2047}","{""5"":2393,""6"":2425,""7"":2391,""8"":1864}","[-48.26,42.32,-196.01]","[-11.311755031082043,0.6338078071797639,68.05076773702126]",0.0364275819993054,2295872,coil_as_tip,thesis_trusted,True,
75,repeat,True,ok,T02,T02,2,"[-2.8284271247461903,-2.82842712474619,2.8284271247461903,2.82842712474619]","[-184,-184,184,184]","{""5"":1947,""6"":2240,""7"":2816,""8"":2046}","{""5"":2393,""6"":2426,""7"":2391,""8"":1864}","{""5"":1967,""6"":2259,""7"":2815,""8"":2047}","[-45.33,27.82,-220.06]","[13.745332240858914,13.324281674998765,65.16430788860173]",0.03708902399921499,2297032,coil_as_tip,thesis_trusted,True,
76,approach,True,ok,T15,T15,15,"[0.0,8.0,0.0,-8.0]","[0,522,0,-522]","{""5"":2131,""6"":2946,""7"":2632,""8"":1340}","{""5"":1967,""6"":2259,""7"":2815,""8"":2047}","{""5"":2132,""6"":2947,""7"":2633,""8"":1401}","[-31.87,79.7,-212.61]","[2.549168696263365,-37.90005947661435,51.788161378271255]",0.0,2298224,coil_as_tip,thesis_trusted,True,
77,repeat,True,ok,T02,T02,2,"[-2.8284271247461903,-2.82842712474619,2.8284271247461903,2.82842712474619]","[-184,-184,184,184]","{""5"":1947,""6"":2240,""7"":2816,""8"":2046}","{""5"":2132,""6"":2947,""7"":2633,""8"":1401}","{""5"":1963,""6"":2262,""7"":2815,""8"":2047}","[-45.4,29.14,-220.54]","[14.127019972381675,11.972796129306047,65.23847860646705]",0.03899601800003438,2299392,coil_as_tip,thesis_trusted,True,
78,approach,True,ok,T13,T13,13,"[8.0,0.0,-8.0,0.0]","[522,0,-522,0]","{""5"":2653,""6"":2424,""7"":2110,""8"":1862}","{""5"":1963,""6"":2262,""7"":2815,""8"":2047}","{""5"":2653,""6"":2425,""7"":2159,""8"":1862}","[-39.44,44.69,-176.12]","[-31.296455353961107,-0.29112278444710427,59.17508993724789]",0.03838778099998308,2300560,coil_as_tip,thesis_trusted,True,
79,repeat,True,ok,T02,T02,2,"[-2.8284271247461903,-2.82842712474619,2.8284271247461903,2.82842712474619]","[-184,-184,184,184]","{""5"":1947,""6"":2240,""7"":2816,""8"":2046}","{""5"":2653,""6"":2425,""7"":2159,""8"":1862}","{""5"":1968,""6"":2259,""7"":2815,""8"":2047}","[-45.62,28.35,-219.47]","[13.117213447013683,12.8396382848684,65.45359592019202]",0.03906077800093044,2301720,coil_as_tip,thesis_trusted,True,
80,approach,True,ok,T08,T08,8,"[-2.8284271247461894,2.8284271247461907,2.8284271247461894,-2.8284271247461907]","[-184,184,184,-184]","{""5"":1947,""6"":2608,""7"":2816,""8"":1678}","{""5"":1968,""6"":2259,""7"":2815,""8"":2047}","{""5"":1964,""6"":2609,""7"":2816,""8"":1698}","[-45.65,55.25,-221.56]","[13.228510874991656,-14.141062746489276,65.54516414077519]",0.038076580998676945,2302904,coil_as_tip,thesis_trusted,True,
81,repeat,True,ok,T02,T02,2,"[-2.8284271247461903,-2.82842712474619,2.8284271247461903,2.82842712474619]","[-184,-184,184,184]","{""5"":1947,""6"":2240,""7"":2816,""8"":2046}","{""5"":1964,""6"":2609,""7"":2817,""8"":1698}","{""5"":1961,""6"":2262,""7"":2815,""8"":2047}","[-45.42,29.13,-220.63]","[14.217452880572182,11.97621411062677,65.25873216220181]",0.0,2304096,coil_as_tip,thesis_trusted,True,
82,approach,True,ok,T09,T09,9,"[-8.0,0.0,8.0,0.0]","[-522,0,522,0]","{""5"":1609,""6"":2424,""7"":3154,""8"":1862}","{""5"":1961,""6"":2262,""7"":2815,""8"":2047}","{""5"":1671,""6"":2425,""7"":3152,""8"":1862}","[-33.65,39.29,-246.45000000000002]","[39.25661070330594,-0.07671749516634208,53.58832877438759]",0.0,2305280,coil_as_tip,thesis_trusted,True,
83,repeat,True,ok,T02,T02,2,"[-2.8284271247461903,-2.82842712474619,2.8284271247461903,2.82842712474619]","[-184,-184,184,184]","{""5"":1947,""6"":2240,""7"":2816,""8"":2046}","{""5"":1671,""6"":2425,""7"":3152,""8"":1862}","{""5"":1954,""6"":2261,""7"":2816,""8"":2047}","[-45.01,28.330000000000002,-221.83]","[15.474075866543103,12.68512084477063,64.85074942553884]",0.0,2306464,coil_as_tip,thesis_trusted,True,
84,approach,True,ok,T04,T04,4,"[2.82842712474619,-2.8284271247461903,-2.82842712474619,2.8284271247461903]","[184,-184,-184,184]","{""5"":2315,""6"":2240,""7"":2448,""8"":2046}","{""5"":1954,""6"":2261,""7"":2816,""8"":2047}","{""5"":2315,""6"":2261,""7"":2460,""8"":2047}","[-47.11,27.900000000000002,-204.34]","[-1.9432707077860414,14.401418939202244,66.8965644613511]",0.0,2307640,coil_as_tip,thesis_trusted,True,
85,repeat,True,ok,T02,T02,2,"[-2.8284271247461903,-2.82842712474619,2.8284271247461903,2.82842712474619]","[-184,-184,184,184]","{""5"":1947,""6"":2240,""7"":2816,""8"":2046}","{""5"":2315,""6"":2260,""7"":2460,""8"":2047}","{""5"":1966,""6"":2259,""7"":2815,""8"":2047}","[-45.300000000000004,28.060000000000002,-220.31]","[13.977141718511518,13.066525867356894,65.13556228550652]",0.0,2308840,coil_as_tip,thesis_trusted,True,
86,approach,True,ok,T11,T11,11,"[0.0,-8.0,0.0,8.0]","[0,-522,0,522]","{""5"":2131,""6"":1902,""7"":2632,""8"":2384}","{""5"":1965,""6"":2259,""7"":2815,""8"":2047}","{""5"":2131,""6"":1964,""7"":2633,""8"":2385}","[-31.62,4.13,-208.77]","[4.2629240832247035,37.747295684911066,51.37138861081068]",0.038067252999098855,2310016,coil_as_tip,thesis_trusted,True,
87,repeat,True,ok,T02,T02,2,"[-2.8284271247461903,-2.82842712474619,2.8284271247461903,2.82842712474619]","[-184,-184,184,184]","{""5"":1947,""6"":2240,""7"":2816,""8"":2046}","{""5"":2131,""6"":1964,""7"":2633,""8"":2384}","{""5"":1965,""6"":2246,""7"":2815,""8"":2047}","[-44.68,26.150000000000002,-220.69]","[14.497996039785278,14.942101483154126,64.5128048002546]",0.0,2311192,coil_as_tip,thesis_trusted,True,
88,approach,True,ok,T10,T10,10,"[-5.6568542494923815,-5.656854249492379,5.6568542494923815,5.656854249492379]","[-369,-369,369,369]","{""5"":1762,""6"":2055,""7"":3001,""8"":2231}","{""5"":1965,""6"":2246,""7"":2815,""8"":2047}","{""5"":1799,""6"":2088,""7"":3000,""8"":2231}","[-34.25,15.99,-230.22]","[24.777595419937967,24.352123566786503,54.09106209717872]",0.0,2312376,coil_as_tip,thesis_trusted,True,
89,repeat,True,ok,T02,T02,2,"[-2.8284271247461903,-2.82842712474619,2.8284271247461903,2.82842712474619]","[-184,-184,184,184]","{""5"":1947,""6"":2240,""7"":2816,""8"":2046}","{""5"":1798,""6"":2088,""7"":3000,""8"":2231}","{""5"":1954,""6"":2246,""7"":2817,""8"":2047}","[-44.480000000000004,26.32,-221.38]","[15.174243714910858,14.721502157720685,64.3152572882339]",0.03711746199951449,2313544,coil_as_tip,thesis_trusted,True,
90,approach,True,ok,T06,T06,6,"[2.8284271247461907,2.82842712474619,-2.8284271247461907,-2.82842712474619]","[184,184,-184,-184]","{""5"":2315,""6"":2608,""7"":2448,""8"":1678}","{""5"":1954,""6"":2246,""7"":2817,""8"":2047}","{""5"":2315,""6"":2609,""7"":2456,""8"":1700}","[-47.28,56.74,-205.23000000000002]","[-3.171429679367833,-14.425728883252155,67.12845659766863]",0.0,2314752,coil_as_tip,thesis_trusted,True,
91,repeat,True,ok,T02,T02,2,"[-2.8284271247461903,-2.82842712474619,2.8284271247461903,2.82842712474619]","[-184,-184,184,184]","{""5"":1947,""6"":2240,""7"":2816,""8"":2046}","{""5"":2315,""6"":2609,""7"":2456,""8"":1700}","{""5"":1962,""6"":2260,""7"":2815,""8"":2047}","[-45.27,28.52,-220.79]","[14.422194880394102,12.572495212278056,65.10796889969254]",0.0,2315920,coil_as_tip,thesis_trusted,True,
92,approach,True,ok,T07,T07,7,"[0.0,4.0,0.0,-4.0]","[0,261,0,-261]","{""5"":2131,""6"":2685,""7"":2632,""8"":1601}","{""5"":1962,""6"":2260,""7"":2815,""8"":2047}","{""5"":2132,""6"":2686,""7"":2633,""8"":1632}","[-45.29,62.92,-212.31]","[3.4419474395269845,-21.112824632296473,65.17272309680715]",0.0,2317080,coil_as_tip,thesis_trusted,True,
93,repeat,True,ok,T02,T02,2,"[-2.8284271247461903,-2.82842712474619,2.8284271247461903,2.82842712474619]","[-184,-184,184,184]","{""5"":1947,""6"":2240,""7"":2816,""8"":2046}","{""5"":2132,""6"":2686,""7"":2633,""8"":1632}","{""5"":1962,""6"":2261,""7"":2815,""8"":2047}","[-45.33,28.84,-220.92000000000002]","[14.528200543299278,12.243959961176465,65.16902123966125]",0.0,2318256,coil_as_tip,thesis_trusted,True,
94,approach,True,ok,T12,T12,12,"[5.6568542494923735,-5.656854249492387,-5.6568542494923735,5.656854249492387]","[369,-369,-369,369]","{""5"":2500,""6"":2055,""7"":2263,""8"":2231}","{""5"":1962,""6"":2261,""7"":2815,""8"":2047}","{""5"":2500,""6"":2092,""7"":2291,""8"":2232}","[-38.95,16.92,-190.73]","[-14.687663222665009,26.33143623732107,58.67262096122401]",0.0,2319448,coil_as_tip,thesis_trusted,True,
95,repeat,True,ok,T02,T02,2,"[-2.8284271247461903,-2.82842712474619,2.8284271247461903,2.82842712474619]","[-184,-184,184,184]","{""5"":1947,""6"":2240,""7"":2816,""8"":2046}","{""5"":2500,""6"":2092,""7"":2291,""8"":2232}","{""5"":1967,""6"":2247,""7"":2815,""8"":2047}","[-45.1,26.740000000000002,-219.66]","[13.426288020946942,14.43018385609097,64.93087448997106]",0.0,2320640,coil_as_tip,thesis_trusted,True,
96,approach,True,ok,T13,T13,13,"[8.0,0.0,-8.0,0.0]","[522,0,-522,0]","{""5"":2653,""6"":2424,""7"":2110,""8"":1862}","{""5"":1967,""6"":2247,""7"":2815,""8"":2047}","{""5"":2653,""6"":2425,""7"":2159,""8"":1863}","[-38.230000000000004,43.22,-176.01]","[-31.294847024843875,1.1802354004045696,57.96174641410721]",0.03916845999992802,2321808,coil_as_tip,thesis_trusted,True,
97,repeat,True,ok,T03,T03,3,"[0.0,-4.0,0.0,4.0]","[0,-261,0,261]","{""5"":2131,""6"":2163,""7"":2632,""8"":2123}","{""5"":2653,""6"":2425,""7"":2159,""8"":1863}","{""5"":2133,""6"":2191,""7"":2631,""8"":2124}","[-44.79,21.3,-204.6]","[-1.1931953128833754,20.959294392018016,64.56382863247592]",0.0,2322976,coil_as_tip,thesis_trusted,True,
98,approach,True,ok,T05,T05,5,"[4.0,0.0,-4.0,0.0]","[261,0,-261,0]","{""5"":2392,""6"":2424,""7"":2371,""8"":1862}","{""5"":2133,""6"":2191,""7"":2631,""8"":2124}","{""5"":2393,""6"":2425,""7"":2388,""8"":1866}","[-48.18,41.89,-194.98000000000002]","[-12.307207200211934,1.1380057949185627,67.9667476909923]",0.03670700800103077,2324128,coil_as_tip,thesis_trusted,True,
99,repeat,True,ok,T03,T03,3,"[0.0,-4.0,0.0,4.0]","[0,-261,0,261]","{""5"":2131,""6"":2163,""7"":2632,""8"":2123}","{""5"":2393,""6"":2425,""7"":2388,""8"":1866}","{""5"":2132,""6"":2193,""7"":2631,""8"":2124}","[-44.86,21.38,-204.91]","[-0.8901013110379097,20.85693399883528,64.63493683138981]",0.03904935200080217,2325320,coil_as_tip,thesis_trusted,True,
100,approach,True,ok,T04,T04,4,"[2.82842712474619,-2.8284271247461903,-2.82842712474619,2.8284271247461903]","[184,-184,-184,184]","{""5"":2315,""6"":2240,""7"":2448,""8"":2046}","{""5"":2132,""6"":2193,""7"":2631,""8"":2124}","{""5"":2315,""6"":2248,""7"":2455,""8"":2047}","[-46.550000000000004,26.47,-201.52]","[-4.649163078408407,16.033107744357274,66.32504182685668]",0.03996786800053087,2326496,coil_as_tip,thesis_trusted,True,
101,repeat,True,ok,T03,T03,3,"[0.0,-4.0,0.0,4.0]","[0,-261,0,261]","{""5"":2131,""6"":2163,""7"":2632,""8"":2123}","{""5"":2315,""6"":2248,""7"":2455,""8"":2047}","{""5"":2132,""6"":2192,""7"":2631,""8"":2124}","[-44.83,21.25,-205.14000000000001]","[-0.6511002660559484,20.96964763477778,64.60537102732218]",0.0,2327688,coil_as_tip,thesis_trusted,False,stale_telemetry
102,approach,True,ok,T10,T10,10,"[-5.6568542494923815,-5.656854249492379,5.6568542494923815,5.656854249492379]","[-369,-369,369,369]","{""5"":1762,""6"":2055,""7"":3001,""8"":2231}","{""5"":2132,""6"":2192,""7"":2631,""8"":2124}","{""5"":1802,""6"":2087,""7"":3000,""8"":2231}","[-34.52,15.69,-230.09]","[24.669169790897712,24.66146182710549,54.36004857206183]",0.03641175300072064,2328856,coil_as_tip,thesis_trusted,True,
103,repeat,True,ok,T03,T03,3,"[0.0,-4.0,0.0,4.0]","[0,-261,0,261]","{""5"":2131,""6"":2163,""7"":2632,""8"":2123}","{""5"":1802,""6"":2087,""7"":3000,""8"":2231}","{""5"":2132,""6"":2173,""7"":2632,""8"":2124}","[-43.86,19.51,-210.28]","[4.605455927789507,22.325795780052545,63.64746748885263]",0.03833702399970207,2330024,coil_as_tip,thesis_trusted,True,
104,approach,True,ok,T16,T16,16,"[-5.656854249492373,5.656854249492388,5.656854249492373,-5.656854249492388]","[-369,369,369,-369]","{""5"":1762,""6"":2793,""7"":3001,""8"":1493}","{""5"":2132,""6"":2174,""7"":2632,""8"":2124}","{""5"":1791,""6"":2793,""7"":3000,""8"":1533}","[-34.72,67.12,-231.98000000000002]","[22.78136513178771,-26.76806557719089,54.67134351222576]",0.0,2331200,coil_as_tip,thesis_trusted,True,
105,repeat,True,ok,T03,T03,3,"[0.0,-4.0,0.0,4.0]","[0,-261,0,261]","{""5"":2131,""6"":2163,""7"":2632,""8"":2123}","{""5"":1791,""6"":2793,""7"":3000,""8"":1533}","{""5"":2132,""6"":2193,""7"":2632,""8"":2124}","[-44.61,21.23,-210.23000000000002]","[4.4272714978211525,20.61580142270438,64.4008396457275]",0.0,2332368,coil_as_tip,thesis_trusted,True,
106,approach,True,ok,T09,T09,9,"[-8.0,0.0,8.0,0.0]","[-522,0,522,0]","{""5"":1609,""6"":2424,""7"":3154,""8"":1862}","{""5"":2132,""6"":2193,""7"":2632,""8"":2124}","{""5"":1670,""6"":2425,""7"":3152,""8"":1862}","[-32.83,38.68,-245.87]","[38.72528390447073,0.5723131880554462,52.765315405677086]",0.0,2333536,coil_as_tip,thesis_trusted,True,
107,repeat,True,ok,T03,T03,3,"[0.0,-4.0,0.0,4.0]","[0,-261,0,261]","{""5"":2131,""6"":2163,""7"":2632,""8"":2123}","{""5"":1671,""6"":2425,""7"":3152,""8"":1862}","{""5"":2132,""6"":2191,""7"":2632,""8"":2124}","[-44.43,21.06,-212.06]","[6.265323477080557,20.65072515930663,64.22606763949588]",0.036620681999920635,2334688,coil_as_tip,thesis_trusted,True,
108,approach,True,ok,T01,T01,1,"[-4.0,0.0,4.0,0.0]","[-261,0,261,0]","{""5"":1870,""6"":2424,""7"":2893,""8"":1862}","{""5"":2132,""6"":2191,""7"":2633,""8"":2124}","{""5"":1897,""6"":2425,""7"":2892,""8"":1865}","[-44.64,39.27,-228.52]","[21.344704563783807,1.2831349708746487,64.52358458847593]",0.0,2335856,coil_as_tip,thesis_trusted,True,
109,repeat,True,ok,T03,T03,3,"[0.0,-4.0,0.0,4.0]","[0,-261,0,261]","{""5"":2131,""6"":2163,""7"":2632,""8"":2123}","{""5"":1897,""6"":2426,""7"":2892,""8"":1865}","{""5"":2132,""6"":2192,""7"":2632,""8"":2125}","[-44.480000000000004,21.02,-211.52]","[5.729569544455671,20.73033362361116,64.27433995131145]",0.0,2337040,coil_as_tip,thesis_trusted,True,
110,approach,True,ok,T06,T06,6,"[2.8284271247461907,2.82842712474619,-2.8284271247461907,-2.82842712474619]","[184,184,-184,-184]","{""5"":2315,""6"":2608,""7"":2448,""8"":1678}","{""5"":2132,""6"":2192,""7"":2632,""8"":2124}","{""5"":2315,""6"":2609,""7"":2455,""8"":1701}","[-47.36,56.800000000000004,-204.98000000000002]","[-3.4253870340077412,-14.467050932815162,67.20781748377891]",0.0,2338208,coil_as_tip,thesis_trusted,True,
111,repeat,True,ok,T03,T03,3,"[0.0,-4.0,0.0,4.0]","[0,-261,0,261]","{""5"":2131,""6"":2163,""7"":2632,""8"":2123}","{""5"":2315,""6"":2609,""7"":2455,""8"":1701}","{""5"":2132,""6"":2193,""7"":2631,""8"":2124}","[-44.730000000000004,21.29,-209.41]","[3.6047362214387704,20.61637311113381,64.51846359005404]",0.03701407200060203,2339384,coil_as_tip,thesis_trusted,True,
112,approach,True,ok,T08,T08,8,"[-2.8284271247461894,2.8284271247461907,2.8284271247461894,-2.8284271247461907]","[-184,184,184,-184]","{""5"":1947,""6"":2608,""7"":2816,""8"":1678}","{""5"":2132,""6"":2193,""7"":2631,""8"":2124}","{""5"":1964,""6"":2609,""7"":2815,""8"":1700}","[-45.68,54.75,-221.95000000000002]","[13.654044643806373,-13.670944394816694,65.5753261536225]",0.0,2340552,coil_as_tip,thesis_trusted,True,
113,repeat,True,ok,T03,T03,3,"[0.0,-4.0,0.0,4.0]","[0,-261,0,261]","{""5"":2131,""6"":2163,""7"":2632,""8"":2123}","{""5"":1964,""6"":2609,""7"":2815,""8"":1700}","{""5"":2132,""6"":2192,""7"":2632,""8"":2124}","[-44.69,21.27,-209.93]","[4.124915918702044,20.598092388007167,64.48000715083943]",0.03794060800100851,2341704,coil_as_tip,thesis_trusted,True,
114,approach,True,ok,T00,T00,0,"[0.0,0.0,0.0,0.0]","[0,0,0,0]","{""5"":2131,""6"":2424,""7"":2632,""8"":1862}","{""5"":2132,""6"":2192,""7"":2632,""8"":2124}","{""5"":2132,""6"":2426,""7"":2632,""8"":1867}","[-49.51,41.89,-210.64000000000001]","[3.306708065080869,-0.007455824805489897,69.34445149297413]",0.037971015999573865,2342896,coil_as_tip,thesis_trusted,True,
115,repeat,True,ok,T03,T03,3,"[0.0,-4.0,0.0,4.0]","[0,-261,0,261]","{""5"":2131,""6"":2163,""7"":2632,""8"":2123}","{""5"":2132,""6"":2426,""7"":2632,""8"":1867}","{""5"":2132,""6"":2192,""7"":2631,""8"":2125}","[-44.75,21.17,-209.54]","[3.7431291677685294,20.72656105056852,64.53861329003439]",0.039236362999872654,2344088,coil_as_tip,thesis_trusted,True,
116,approach,True,ok,T11,T11,11,"[0.0,-8.0,0.0,8.0]","[0,-522,0,522]","{""5"":2131,""6"":1902,""7"":2632,""8"":2384}","{""5"":2133,""6"":2192,""7"":2631,""8"":2124}","{""5"":2132,""6"":1964,""7"":2631,""8"":2384}","[-31.720000000000002,3.99,-207.84]","[3.345412280513301,37.95535011178622,51.46826712929108]",0.0,2345256,coil_as_tip,thesis_trusted,True,
117,repeat,True,ok,T03,T03,3,"[0.0,-4.0,0.0,4.0]","[0,-261,0,261]","{""5"":2131,""6"":2163,""7"":2632,""8"":2123}","{""5"":2132,""6"":1964,""7"":2632,""8"":2384}","{""5"":2132,""6"":2173,""7"":2632,""8"":2124}","[-43.9,19.3,-208.73000000000002]","[3.074924032785418,22.648995186071552,63.682313755855574]",0.022540236999702756,2346416,coil_as_tip,thesis_trusted,True,
118,approach,True,ok,T15,T15,15,"[0.0,8.0,0.0,-8.0]","[0,522,0,-522]","{""5"":2131,""6"":2946,""7"":2632,""8"":1340}","{""5"":2132,""6"":2174,""7"":2632,""8"":2124}","{""5"":2132,""6"":2947,""7"":2632,""8"":1402}","[-32.29,81.39,-208.43]","[-1.7447214504142323,-39.277995843447194,52.19889094529165]",0.03889570100000128,2347592,coil_as_tip,thesis_trusted,False,stale_telemetry
119,repeat,True,ok,T03,T03,3,"[0.0,-4.0,0.0,4.0]","[0,-261,0,261]","{""5"":2131,""6"":2163,""7"":2632,""8"":2123}","{""5"":2132,""6"":2947,""7"":2632,""8"":1402}","{""5"":2132,""6"":2192,""7"":2631,""8"":2124}","[-44.86,21.47,-208.98000000000002]","[3.162318631877298,20.468688946459864,64.64752196425411]",0.0,2348792,coil_as_tip,thesis_trusted,True,
120,approach,True,ok,T07,T07,7,"[0.0,4.0,0.0,-4.0]","[0,261,0,-261]","{""5"":2131,""6"":2685,""7"":2632,""8"":1601}","{""5"":2132,""6"":2192,""7"":2631,""8"":2125}","{""5"":2132,""6"":2686,""7"":2633,""8"":1631}","[-45.19,63.27,-211.07]","[2.1799104877522097,-21.371168490719647,65.06966397217441]",0.0,2349952,coil_as_tip,thesis_trusted,True,
121,repeat,True,ok,T03,T03,3,"[0.0,-4.0,0.0,4.0]","[0,-261,0,261]","{""5"":2131,""6"":2163,""7"":2632,""8"":2123}","{""5"":2132,""6"":2686,""7"":2633,""8"":1631}","{""5"":2132,""6"":2194,""7"":2631,""8"":2124}","[-44.910000000000004,21.57,-208.97]","[3.144866712192254,20.369805378905106,64.69769636576476]",0.0369810790016345,2351120,coil_as_tip,thesis_trusted,True,
122,approach,True,ok,T14,T14,14,"[5.656854249492377,5.656854249492383,-5.656854249492377,-5.656854249492383]","[369,369,-369,-369]","{""5"":2500,""6"":2793,""7"":2263,""8"":1493}","{""5"":2132,""6"":2194,""7"":2631,""8"":2124}","{""5"":2500,""6"":2793,""7"":2286,""8"":1532}","[-39.21,69.81,-194.02]","[-15.286501299696567,-26.65669345474874,59.051177025615885]",0.0,2352304,coil_as_tip,thesis_trusted,True,
123,repeat,True,ok,T03,T03,3,"[0.0,-4.0,0.0,4.0]","[0,-261,0,261]","{""5"":2131,""6"":2163,""7"":2632,""8"":2123}","{""5"":2500,""6"":2793,""7"":2286,""8"":1532}","{""5"":2132,""6"":2194,""7"":2632,""8"":2124}","[-45.03,21.8,-206.86]","[1.0233426365535934,20.295441947502532,64.81173879890042]",0.03818661299919768,2353488,coil_as_tip,thesis_trusted,True,
124,approach,True,ok,T12,T12,12,"[5.6568542494923735,-5.656854249492387,-5.6568542494923735,5.656854249492387]","[369,-369,-369,369]","{""5"":2500,""6"":2055,""7"":2263,""8"":2231}","{""5"":2132,""6"":2194,""7"":2632,""8"":2124}","{""5"":2500,""6"":2093,""7"":2289,""8"":2231}","[-38.84,17.14,-190.04]","[-15.39162010611085,26.16238309873518,58.560970871284525]",0.0,2354680,coil_as_tip,thesis_trusted,True,
125,repeat,True,ok,T03,T03,3,"[0.0,-4.0,0.0,4.0]","[0,-261,0,261]","{""5"":2131,""6"":2163,""7"":2632,""8"":2123}","{""5"":2500,""6"":2093,""7"":2290,""8"":2232}","{""5"":2133,""6"":2174,""7"":2631,""8"":2124}","[-44.13,20.05,-204.88]","[-0.8203633536016923,22.18389207088041,63.902121102623795]",0.0,2355848,coil_as_tip,thesis_trusted,True,
126,approach,True,ok,T02,T02,2,"[-2.8284271247461903,-2.82842712474619,2.8284271247461903,2.82842712474619]","[-184,-184,184,184]","{""5"":1947,""6"":2240,""7"":2816,""8"":2046}","{""5"":2133,""6"":2174,""7"":2631,""8"":2124}","{""5"":1969,""6"":2246,""7"":2815,""8"":2047}","[-45.18,26.85,-219.38]","[13.138744347250736,14.341196734967987,65.01024657569097]",0.03722606299925246,2357032,coil_as_tip,thesis_trusted,True,
127,repeat,True,ok,T03,T03,3,"[0.0,-4.0,0.0,4.0]","[0,-261,0,261]","{""5"":2131,""6"":2163,""7"":2632,""8"":2123}","{""5"":1969,""6"":2246,""7"":2815,""8"":2047}","{""5"":2132,""6"":2190,""7"":2632,""8"":2124}","[-44.75,21.05,-208.91]","[3.1236300113198467,20.892440840727673,64.5364475624155]",0.03901876200143306,2358216,coil_as_tip,thesis_trusted,True,
128,approach,True,ok,T07,T07,7,"[0.0,4.0,0.0,-4.0]","[0,261,0,-261]","{""5"":2131,""6"":2685,""7"":2632,""8"":1601}","{""5"":2132,""6"":2190,""7"":2632,""8"":2124}","{""5"":2132,""6"":2686,""7"":2632,""8"":1632}","[-45.300000000000004,63.0,-210.52]","[1.650879574622678,-21.06131040110467,65.17743343562987]",0.0,2359408,coil_as_tip,thesis_trusted,True,
129,repeat,True,ok,T04,T04,4,"[2.82842712474619,-2.8284271247461903,-2.82842712474619,2.8284271247461903]","[184,-184,-184,184]","{""5"":2315,""6"":2240,""7"":2448,""8"":2046}","{""5"":2132,""6"":2686,""7"":2632,""8"":1632}","{""5"":2314,""6"":2262,""7"":2455,""8"":2047}","[-47.050000000000004,28.26,-202.9]","[-3.405617122691268,14.147860533057624,66.83291622895479]",0.0,2360584,coil_as_tip,thesis_trusted,True,
130,approach,True,ok,T12,T12,12,"[5.6568542494923735,-5.656854249492387,-5.6568542494923735,5.656854249492387]","[369,-369,-369,369]","{""5"":2500,""6"":2055,""7"":2263,""8"":2231}","{""5"":2314,""6"":2262,""7"":2455,""8"":2047}","{""5"":2500,""6"":2093,""7"":2288,""8"":2232}","[-38.74,17.01,-190.16]","[-15.262120165057638,26.283005068397262,58.461070392296406]",0.03710534400124743,2361776,coil_as_tip,thesis_trusted,True,
131,repeat,True,ok,T04,T04,4,"[2.82842712474619,-2.8284271247461903,-2.82842712474619,2.8284271247461903]","[184,-184,-184,184]","{""5"":2315,""6"":2240,""7"":2448,""8"":2046}","{""5"":2499,""6"":2093,""7"":2288,""8"":2232}","{""5"":2315,""6"":2248,""7"":2449,""8"":2047}","[-46.49,26.6,-201.76]","[-4.419172042738126,15.885720719245697,66.26604023077597]",0.03889743099898624,2362952,coil_as_tip,thesis_trusted,True,
132,approach,True,ok,T11,T11,11,"[0.0,-8.0,0.0,8.0]","[0,-522,0,522]","{""5"":2131,""6"":1902,""7"":2632,""8"":2384}","{""5"":2315,""6"":2248,""7"":2449,""8"":2047}","{""5"":2132,""6"":1963,""7"":2631,""8"":2384}","[-32.01,4.28,-205.37]","[0.8599676527536815,37.84793616439216,51.75133469409859]",0.0,2364120,coil_as_tip,thesis_trusted,True,
133,repeat,True,ok,T04,T04,4,"[2.82842712474619,-2.8284271247461903,-2.82842712474619,2.8284271247461903]","[184,-184,-184,184]","{""5"":2315,""6"":2240,""7"":2448,""8"":2046}","{""5"":2132,""6"":1963,""7"":2631,""8"":2384}","{""5"":2315,""6"":2247,""7"":2456,""8"":2047}","[-46.52,26.09,-201.45000000000002]","[-4.69101654210894,16.417149057596568,66.29404896797433]",0.0,2365304,coil_as_tip,thesis_trusted,True,
134,approach,True,ok,T14,T14,14,"[5.656854249492377,5.656854249492383,-5.656854249492377,-5.656854249492383]","[369,369,-369,-369]","{""5"":2500,""6"":2793,""7"":2263,""8"":1493}","{""5"":2315,""6"":2247,""7"":2456,""8"":2047}","{""5"":2500,""6"":2793,""7"":2284,""8"":1534}","[-39.56,68.89,-192.89000000000001]","[-16.346986585078383,-25.655506301938352,59.39584388583904]",0.0373810670007515,2366456,coil_as_tip,thesis_trusted,True,
135,repeat,True,ok,T04,T04,4,"[2.82842712474619,-2.8284271247461903,-2.82842712474619,2.8284271247461903]","[184,-184,-184,184]","{""5"":2315,""6"":2240,""7"":2448,""8"":2046}","{""5"":2500,""6"":2793,""7"":2285,""8"":1534}","{""5"":2315,""6"":2262,""7"":2449,""8"":2047}","[-46.980000000000004,28.39,-201.51]","[-4.801200204976851,14.11999254302198,66.75894842805634]",0.03796921499997552,2367616,coil_as_tip,thesis_trusted,True,
136,approach,True,ok,T00,T00,0,"[0.0,0.0,0.0,0.0]","[0,0,0,0]","{""5"":2131,""6"":2424,""7"":2632,""8"":1862}","{""5"":2315,""6"":2262,""7"":2450,""8"":2047}","{""5"":2134,""6"":2425,""7"":2632,""8"":1865}","[-49.52,41.96,-208.12]","[0.7883428583934062,0.10756854769775259,69.34691715236345]",0.0,2368808,coil_as_tip,thesis_trusted,True,
137,repeat,True,ok,T04,T04,4,"[2.82842712474619,-2.8284271247461903,-2.82842712474619,2.8284271247461903]","[184,-184,-184,184]","{""5"":2315,""6"":2240,""7"":2448,""8"":2046}","{""5"":2134,""6"":2425,""7"":2631,""8"":1865}","{""5"":2315,""6"":2262,""7"":2455,""8"":2047}","[-47.03,27.94,-202.23000000000002]","[-4.050281633741264,14.516089367518525,66.81021835098676]",0.0,2369976,coil_as_tip,thesis_trusted,True,
138,approach,True,ok,T03,T03,3,"[0.0,-4.0,0.0,4.0]","[0,-261,0,261]","{""5"":2131,""6"":2163,""7"":2632,""8"":2123}","{""5"":2315,""6"":2262,""7"":2455,""8"":2047}","{""5"":2132,""6"":2194,""7"":2631,""8"":2124}","[-44.95,21.63,-206.21]","[0.38779572327470646,20.512472133684234,64.72941007179016]",0.0,2371168,coil_as_tip,thesis_trusted,True,
139,repeat,True,ok,T04,T04,4,"[2.82842712474619,-2.8284271247461903,-2.82842712474619,2.8284271247461903]","[184,-184,-184,184]","{""5"":2315,""6"":2240,""7"":2448,""8"":2046}","{""5"":2132,""6"":2194,""7"":2631,""8"":2124}","{""5"":2315,""6"":2248,""7"":2456,""8"":2047}","[-46.72,26.71,-202.17000000000002]","[-4.019010236394848,15.746470541421942,66.49751359148979]",0.0,2372344,coil_as_tip,thesis_trusted,True,
140,approach,True,ok,T05,T05,5,"[4.0,0.0,-4.0,0.0]","[261,0,-261,0]","{""5"":2392,""6"":2424,""7"":2371,""8"":1862}","{""5"":2315,""6"":2248,""7"":2456,""8"":2047}","{""5"":2393,""6"":2426,""7"":2390,""8"":1866}","[-48.14,41.61,-195.3]","[-11.967418317214111,1.3936919455502306,67.92714835556562]",0.0,2373528,coil_as_tip,thesis_trusted,True,
141,repeat,True,ok,T04,T04,4,"[2.82842712474619,-2.8284271247461903,-2.82842712474619,2.8284271247461903]","[184,-184,-184,184]","{""5"":2315,""6"":2240,""7"":2448,""8"":2046}","{""5"":2393,""6"":2426,""7"":2390,""8"":1865}","{""5"":2315,""6"":2262,""7"":2449,""8"":2047}","[-46.96,27.97,-201.47]","[-4.810229679559853,14.541748582573376,66.73796482277329]",0.0,2374720,coil_as_tip,thesis_trusted,True,
142,approach,True,ok,T06,T06,6,"[2.8284271247461907,2.82842712474619,-2.8284271247461907,-2.82842712474619]","[184,184,-184,-184]","{""5"":2315,""6"":2608,""7"":2448,""8"":1678}","{""5"":2315,""6"":2262,""7"":2449,""8"":2047}","{""5"":2315,""6"":2609,""7"":2450,""8"":1701}","[-47.29,56.85,-203.39000000000001]","[-5.014563014210012,-14.400466863387656,67.13307615888705]",0.0,2375888,coil_as_tip,thesis_trusted,True,
143,repeat,True,ok,T04,T04,4,"[2.82842712474619,-2.8284271247461903,-2.82842712474619,2.8284271247461903]","[184,-184,-184,184]","{""5"":2315,""6"":2240,""7"":2448,""8"":2046}","{""5"":2315,""6"":2609,""7"":2450,""8"":1701}","{""5"":2315,""6"":2262,""7"":2450,""8"":2047}","[-46.99,28.27,-201.63]","[-4.67275140233258,14.230891167343657,66.76906772757843]",0.0,2377048,coil_as_tip,thesis_trusted,True,
144,approach,True,ok,T10,T10,10,"[-5.6568542494923815,-5.656854249492379,5.6568542494923815,5.656854249492379]","[-369,-369,369,369]","{""5"":1762,""6"":2055,""7"":3001,""8"":2231}","{""5"":2315,""6"":2262,""7"":2450,""8"":2047}","{""5"":1802,""6"":2088,""7"":3000,""8"":2232}","[-34.89,15.94,-229.19]","[23.75219276433654,24.47898023479147,54.727816979113854]",0.036134263000349165,2378224,coil_as_tip,thesis_trusted,True,
145,repeat,True,ok,T04,T04,4,"[2.82842712474619,-2.8284271247461903,-2.82842712474619,2.8284271247461903]","[184,-184,-184,184]","{""5"":2315,""6"":2240,""7"":2448,""8"":2046}","{""5"":1802,""6"":2088,""7"":3000,""8"":2231}","{""5"":2315,""6"":2248,""7"":2458,""8"":2047}","[-46.61,26.43,-203.73000000000002]","[-2.4423641454337996,15.91105806728239,66.39169275144219]",0.0,2379408,coil_as_tip,thesis_trusted,True,
146,approach,True,ok,T01,T01,1,"[-4.0,0.0,4.0,0.0]","[-261,0,261,0]","{""5"":1870,""6"":2424,""7"":2893,""8"":1862}","{""5"":2315,""6"":2249,""7"":2458,""8"":2047}","{""5"":1898,""6"":2425,""7"":2892,""8"":1864}","[-44.92,38.6,-227.22]","[20.096543799984573,2.047304635705366,64.79824698318009]",0.03891671800010954,2380584,coil_as_tip,thesis_trusted,True,
147,repeat,True,ok,T04,T04,4,"[2.82842712474619,-2.8284271247461903,-2.82842712474619,2.8284271247461903]","[184,-184,-184,184]","{""5"":2315,""6"":2240,""7"":2448,""8"":2046}","{""5"":1898,""6"":2425,""7"":2892,""8"":1864}","{""5"":2315,""6"":2261,""7"":2458,""8"":2047}","[-46.94,27.490000000000002,-203.86]","[-2.3914134981869495,14.845130368273047,66.72426179995658]",0.0,2381784,coil_as_tip,thesis_trusted,True,
148,approach,True,ok,T16,T16,16,"[-5.656854249492373,5.656854249492388,5.656854249492373,-5.656854249492388]","[-369,369,369,-369]","{""5"":1762,""6"":2793,""7"":3001,""8"":1493}","{""5"":2315,""6"":2261,""7"":2458,""8"":2047}","{""5"":1794,""6"":2793,""7"":3000,""8"":1532}","[-34.83,67.16,-230.63]","[21.4317553342116,-26.708701099756347,54.777311682472856]",0.0,2382936,coil_as_tip,thesis_trusted,True,
149,repeat,True,ok,T04,T04,4,"[2.82842712474619,-2.8284271247461903,-2.82842712474619,2.8284271247461903]","[184,-184,-184,184]","{""5"":2315,""6"":2240,""7"":2448,""8"":2046}","{""5"":1794,""6"":2793,""7"":3000,""8"":1532}","{""5"":2315,""6"":2261,""7"":2457,""8"":2047}","[-47.09,28.17,-203.95000000000002]","[-2.3519640283377328,14.16070332800868,66.87593040542119]",0.03796120500010147,2384104,coil_as_tip,thesis_trusted,True,
150,approach,True,ok,T09,T09,9,"[-8.0,0.0,8.0,0.0]","[-522,0,522,0]","{""5"":1609,""6"":2424,""7"":3154,""8"":1862}","{""5"":2315,""6"":2261,""7"":2457,""8"":2047}","{""5"":1671,""6"":2425,""7"":3152,""8"":1862}","[-32.88,40.59,-242.48000000000002]","[35.2041954071847,-1.0838074790237329,52.80890589034014]",0.0,2385288,coil_as_tip,thesis_trusted,True,
151,repeat,True,ok,T04,T04,4,"[2.82842712474619,-2.8284271247461903,-2.82842712474619,2.8284271247461903]","[184,-184,-184,184]","{""5"":2315,""6"":2240,""7"":2448,""8"":2046}","{""5"":null,""6"":2425,""7"":3152,""8"":1862}","{""5"":2315,""6"":2260,""7"":2459,""8"":2047}","[-47.08,27.87,-204.36]","[-1.9210376689046882,14.429803205190446,66.86656403758056]",0.0,2386464,coil_as_tip,thesis_trusted,True,
152,approach,True,ok,T15,T15,15,"[0.0,8.0,0.0,-8.0]","[0,522,0,-522]","{""5"":2131,""6"":2946,""7"":2632,""8"":1340}","{""5"":2315,""6"":2260,""7"":2459,""8"":2047}","{""5"":2132,""6"":2947,""7"":2632,""8"":1402}","[-32.06,81.78,-208.58]","[-1.62306633752263,-39.678467480706196,51.97014982249466]",0.0,2387632,coil_as_tip,thesis_trusted,True,
153,repeat,True,ok,T04,T04,4,"[2.82842712474619,-2.8284271247461903,-2.82842712474619,2.8284271247461903]","[184,-184,-184,184]","{""5"":2315,""6"":2240,""7"":2448,""8"":2046}","{""5"":2132,""6"":2948,""7"":2632,""8"":1402}","{""5"":2315,""6"":2262,""7"":2454,""8"":2047}","[-47.160000000000004,28.54,-202.92000000000002]","[-3.406525337512136,13.867398196519048,66.94355100164928]",0.037016856998889125,2388784,coil_as_tip,thesis_trusted,True,
154,approach,True,ok,T02,T02,2,"[-2.8284271247461903,-2.82842712474619,2.8284271247461903,2.82842712474619]","[-184,-184,184,184]","{""5"":1947,""6"":2240,""7"":2816,""8"":2046}","{""5"":2315,""6"":2262,""7"":2454,""8"":2047}","{""5"":1967,""6"":2259,""7"":2815,""8"":2047}","[-45.42,28.34,-219.96]","[13.607202715139948,12.813221471284322,65.25506967738977]",0.0,2389944,coil_as_tip,thesis_trusted,True,
155,repeat,True,ok,T04,T04,4,"[2.82842712474619,-2.8284271247461903,-2.82842712474619,2.8284271247461903]","[184,-184,-184,184]","{""5"":2315,""6"":2240,""7"":2448,""8"":2046}","{""5"":1967,""6"":2259,""7"":2815,""8"":2047}","{""5"":2315,""6"":2259,""7"":2458,""8"":2047}","[-47.02,27.810000000000002,-203.92000000000002]","[-2.355276768703561,14.521774211296915,66.80510072948854]",0.0,2391128,coil_as_tip,thesis_trusted,True,
156,approach,True,ok,T13,T13,13,"[8.0,0.0,-8.0,0.0]","[522,0,-522,0]","{""5"":2653,""6"":2424,""7"":2110,""8"":1862}","{""5"":2315,""6"":2259,""7"":2458,""8"":2047}","{""5"":2653,""6"":2425,""7"":2159,""8"":1862}","[-39.51,42.95,-175.94]","[-31.34855181951312,1.4575469148068194,59.24097044413847]",0.0,2392304,coil_as_tip,thesis_trusted,True,
157,repeat,True,ok,T04,T04,4,"[2.82842712474619,-2.8284271247461903,-2.82842712474619,2.8284271247461903]","[184,-184,-184,184]","{""5"":2315,""6"":2240,""7"":2448,""8"":2046}","{""5"":2653,""6"":2425,""7"":2159,""8"":1862}","{""5"":2315,""6"":2261,""7"":2449,""8"":2047}","[-46.89,27.900000000000002,-200.79]","[-5.483059038200764,14.661271170992748,66.66574983119686]",0.0,2393472,coil_as_tip,thesis_trusted,True,
158,approach,True,ok,T08,T08,8,"[-2.8284271247461894,2.8284271247461907,2.8284271247461894,-2.8284271247461907]","[-184,184,184,-184]","{""5"":1947,""6"":2608,""7"":2816,""8"":1678}","{""5"":2315,""6"":2261,""7"":2449,""8"":2047}","{""5"":1966,""6"":2609,""7"":2815,""8"":1698}","[-45.69,55.34,-220.99]","[12.65333191142355,-14.188926415644424,65.58361188510077]",0.0,2394632,coil_as_tip,thesis_trusted,True,
159,repeat,True,ok,T04,T04,4,"[2.82842712474619,-2.8284271247461903,-2.82842712474619,2.8284271247461903]","[184,-184,-184,184]","{""5"":2315,""6"":2240,""7"":2448,""8"":2046}","{""5"":1966,""6"":2609,""7"":2815,""8"":1698}","{""5"":2315,""6"":2262,""7"":2456,""8"":2047}","[-47.11,28.16,-202.94]","[-3.3585638187258837,14.244793645877472,66.89283248905998]",0.0,2395808,coil_as_tip,thesis_trusted,True,
160,approach,True,ok,T01,T01,1,"[-4.0,0.0,4.0,0.0]","[-261,0,261,0]","{""5"":1870,""6"":2424,""7"":2893,""8"":1862}","{""5"":2315,""6"":2262,""7"":2456,""8"":2047}","{""5"":1900,""6"":2425,""7"":2891,""8"":1862}","[-45.0,40.300000000000004,-227.59]","[20.340628315316337,0.32493330459062975,64.88286227216089]",0.0,2396984,coil_as_tip,thesis_trusted,True,
161,repeat,True,ok,T05,T05,5,"[4.0,0.0,-4.0,0.0]","[261,0,-261,0]","{""5"":2392,""6"":2424,""7"":2371,""8"":1862}","{""5"":1900,""6"":2425,""7"":2892,""8"":1862}","{""5"":2393,""6"":2425,""7"":2391,""8"":1863}","[-48.19,42.47,-195.59]","[-11.741421631895378,0.5148553935290394,67.9797963665105]",0.0,2398144,coil_as_tip,thesis_trusted,True,
162,approach,True,ok,T07,T07,7,"[0.0,4.0,0.0,-4.0]","[0,261,0,-261]","{""5"":2131,""6"":2685,""7"":2632,""8"":1601}","{""5"":2393,""6"":2425,""7"":2391,""8"":1863}","{""5"":2132,""6"":2686,""7"":2631,""8"":1632}","[-45.28,63.57,-209.07]","[0.16304218087026356,-21.523478572419613,65.15418539968101]",0.0,2399320,coil_as_tip,thesis_trusted,True,
163,repeat,True,ok,T05,T05,5,"[4.0,0.0,-4.0,0.0]","[261,0,-261,0]","{""5"":2392,""6"":2424,""7"":2371,""8"":1862}","{""5"":2132,""6"":2686,""7"":2631,""8"":1632}","{""5"":2393,""6"":2426,""7"":2389,""8"":1862}","[-48.1,44.56,-195.46]","[-12.024101883368758,-1.5601813578490962,67.89368971254565]",0.03706726899872592,2400464,coil_as_tip,thesis_trusted,True,
164,approach,True,ok,T14,T14,14,"[5.656854249492377,5.656854249492383,-5.656854249492377,-5.656854249492383]","[369,369,-369,-369]","{""5"":2500,""6"":2793,""7"":2263,""8"":1493}","{""5"":2393,""6"":2426,""7"":2389,""8"":1862}","{""5"":2500,""6"":2793,""7"":2285,""8"":1532}","[-39.42,69.02,-193.42000000000002]","[-15.827546791188496,-25.82434308842948,59.25772639943354]",0.0,2401656,coil_as_tip,thesis_trusted,True,
165,repeat,True,ok,T05,T05,5,"[4.0,0.0,-4.0,0.0]","[261,0,-261,0]","{""5"":2392,""6"":2424,""7"":2371,""8"":1862}","{""5"":2500,""6"":2793,""7"":2285,""8"":1532}","{""5"":2393,""6"":2427,""7"":2378,""8"":1863}","[-47.76,45.74,-194.19]","[-13.376241043027107,-2.6446326162225446,67.55224401974702]",0.0,2402856,coil_as_tip,thesis_trusted,True,
166,approach,True,ok,T02,T02,2,"[-2.8284271247461903,-2.82842712474619,2.8284271247461903,2.82842712474619]","[-184,-184,184,184]","{""5"":1947,""6"":2240,""7"":2816,""8"":2046}","{""5"":2393,""6"":2427,""7"":2378,""8"":1862}","{""5"":1968,""6"":2260,""7"":2815,""8"":2047}","[-45.550000000000004,28.51,-219.77]","[13.404871163450991,12.657909114783962,65.38483876118651]",0.0,2404016,coil_as_tip,thesis_trusted,True,
167,repeat,True,ok,T05,T05,5,"[4.0,0.0,-4.0,0.0]","[261,0,-261,0]","{""5"":2392,""6"":2424,""7"":2371,""8"":1862}","{""5"":1968,""6"":2260,""7"":2815,""8"":2047}","{""5"":2393,""6"":2425,""7"":2391,""8"":1863}","[-48.14,42.74,-195.70000000000002]","[-11.651377083279385,0.23740243847775133,67.93068590939744]",0.036114200000156416,2405176,coil_as_tip,thesis_trusted,True,
168,approach,True,ok,T12,T12,12,"[5.6568542494923735,-5.656854249492387,-5.6568542494923735,5.656854249492387]","[369,-369,-369,369]","{""5"":2500,""6"":2055,""7"":2263,""8"":2231}","{""5"":2393,""6"":2425,""7"":2390,""8"":1863}","{""5"":2499,""6"":2096,""7"":2286,""8"":2232}","[-38.69,17.35,-189.43]","[-16.014943820816598,25.997345126403246,58.40954427397088]",0.0,2406376,coil_as_tip,thesis_trusted,True,
169,repeat,True,ok,T05,T05,5,"[4.0,0.0,-4.0,0.0]","[261,0,-261,0]","{""5"":2392,""6"":2424,""7"":2371,""8"":1862}","{""5"":2500,""6"":2096,""7"":2285,""8"":2232}","{""5"":2393,""6"":2425,""7"":2378,""8"":1864}","[-47.82,41.4,-194.08]","[-13.167800692151957,1.6918724509379501,67.60300249311278]",0.03893415699894831,2407552,coil_as_tip,thesis_trusted,True,
170,approach,True,ok,T11,T11,11,"[0.0,-8.0,0.0,8.0]","[0,-522,0,522]","{""5"":2131,""6"":1902,""7"":2632,""8"":2384}","{""5"":2393,""6"":2425,""7"":2378,""8"":1864}","{""5"":2132,""6"":1965,""7"":2631,""8"":2385}","[-31.970000000000002,4.48,-204.79]","[0.26697877142004245,37.69092078256392,51.70997823772197]",0.0,2408744,coil_as_tip,thesis_trusted,True,
171,repeat,True,ok,T05,T05,5,"[4.0,0.0,-4.0,0.0]","[261,0,-261,0]","{""5"":2392,""6"":2424,""7"":2371,""8"":1862}","{""5"":2132,""6"":1965,""7"":2631,""8"":2385}","{""5"":2393,""6"":2426,""7"":2388,""8"":1867}","[-48.25,41.32,-195.12]","[-12.125980424456458,1.6963608851672092,68.0360040910048]",0.0,2409912,coil_as_tip,thesis_trusted,True,
172,approach,True,ok,T00,T00,0,"[0.0,0.0,0.0,0.0]","[0,0,0,0]","{""5"":2131,""6"":2424,""7"":2632,""8"":1862}","{""5"":2393,""6"":2425,""7"":2388,""8"":1867}","{""5"":2135,""6"":2425,""7"":2631,""8"":1867}","[-49.58,41.46,-207.84]","[0.5455973409873707,0.6268917861491161,69.40503761161543]",0.0,2411072,coil_as_tip,thesis_trusted,True,
173,repeat,True,ok,T05,T05,5,"[4.0,0.0,-4.0,0.0]","[261,0,-261,0]","{""5"":2392,""6"":2424,""7"":2371,""8"":1862}","{""5"":2135,""6"":2425,""7"":2631,""8"":1866}","{""5"":2393,""6"":2425,""7"":2390,""8"":1864}","[-48.14,41.730000000000004,-195.15]","[-12.125815074302977,1.2850161758524337,67.92693758478923]",0.03887323299932177,2412240,coil_as_tip,thesis_trusted,True,
174,approach,True,ok,T08,T08,8,"[-2.8284271247461894,2.8284271247461907,2.8284271247461894,-2.8284271247461907]","[-184,184,184,-184]","{""5"":1947,""6"":2608,""7"":2816,""8"":1678}","{""5"":2393,""6"":2425,""7"":2390,""8"":1864}","{""5"":1967,""6"":2609,""7"":2815,""8"":1698}","[-45.77,55.01,-221.21]","[12.896711224390515,-13.875768790153593,65.6636044573601]",0.0,2413416,coil_as_tip,thesis_trusted,True,
175,repeat,True,ok,T05,T05,5,"[4.0,0.0,-4.0,0.0]","[261,0,-261,0]","{""5"":2392,""6"":2424,""7"":2371,""8"":1862}","{""5"":1967,""6"":2609,""7"":2815,""8"":1698}","{""5"":2393,""6"":2425,""7"":2390,""8"":1862}","[-48.1,43.29,-195.47]","[-11.920980824185278,-0.2943379974220264,67.89111405426439]",0.0,2414600,coil_as_tip,thesis_trusted,True,
176,approach,True,ok,T04,T04,4,"[2.82842712474619,-2.8284271247461903,-2.82842712474619,2.8284271247461903]","[184,-184,-184,184]","{""5"":2315,""6"":2240,""7"":2448,""8"":2046}","{""5"":2393,""6"":2425,""7"":2390,""8"":1862}","{""5"":2315,""6"":2264,""7"":2449,""8"":2047}","[-46.97,27.98,-201.83]","[-4.451963126327428,14.505396381727955,66.74908212139546]",0.0,2415776,coil_as_tip,thesis_trusted,True,
177,repeat,True,ok,T05,T05,5,"[4.0,0.0,-4.0,0.0]","[261,0,-261,0]","{""5"":2392,""6"":2424,""7"":2371,""8"":1862}","{""5"":2315,""6"":2264,""7"":2449,""8"":2047}","{""5"":2393,""6"":2425,""7"":2390,""8"":1864}","[-48.1,41.56,-195.4]","[-11.863905303042003,1.436132523003252,67.8873507013325]",0.0,2416952,coil_as_tip,thesis_trusted,True,
178,approach,True,ok,T13,T13,13,"[8.0,0.0,-8.0,0.0]","[522,0,-522,0]","{""5"":2653,""6"":2424,""7"":2110,""8"":1862}","{""5"":2393,""6"":2425,""7"":2390,""8"":1864}","{""5"":2653,""6"":2425,""7"":2159,""8"":1862}","[-39.27,43.230000000000004,-175.91]","[-31.39831432735096,1.1799570029806645,59.0014552386378]",0.03795764399910695,2418120,coil_as_tip,thesis_trusted,True,
179,repeat,True,ok,T05,T05,5,"[4.0,0.0,-4.0,0.0]","[261,0,-261,0]","{""5"":2392,""6"":2424,""7"":2371,""8"":1862}","{""5"":2653,""6"":2425,""7"":2159,""8"":1862}","{""5"":2393,""6"":2425,""7"":2377,""8"":1863}","[-47.84,42.95,-193.75]","[-13.610652872639264,0.17029753989771024,67.62517762176047]",0.0,2419320,coil_as_tip,thesis_trusted,True,
180,approach,True,ok,T10,T10,10,"[-5.6568542494923815,-5.656854249492379,5.6568542494923815,5.656854249492379]","[-369,-369,369,369]","{""5"":1762,""6"":2055,""7"":3001,""8"":2231}","{""5"":2393,""6"":2425,""7"":2377,""8"":1863}","{""5"":1802,""6"":2089,""7"":3000,""8"":2232}","[-35.03,15.780000000000001,-229.16]","[23.73360454434851,24.641066913112972,54.86739629989016]",0.037079665999044664,2420472,coil_as_tip,thesis_trusted,True,
181,repeat,True,ok,T05,T05,5,"[4.0,0.0,-4.0,0.0]","[261,0,-261,0]","{""5"":2392,""6"":2424,""7"":2371,""8"":1862}","{""5"":1801,""6"":2089,""7"":3000,""8"":2232}","{""5"":2393,""6"":2425,""7"":2389,""8"":1864}","[-48.22,41.4,-195.62]","[-11.633110148022666,1.5798391794005227,68.00769185525218]",0.0,2421680,coil_as_tip,thesis_trusted,True,
182,approach,True,ok,T16,T16,16,"[-5.656854249492373,5.656854249492388,5.656854249492373,-5.656854249492388]","[-369,369,369,-369]","{""5"":1762,""6"":2793,""7"":3001,""8"":1493}","{""5"":2393,""6"":2425,""7"":2389,""8"":1864}","{""5"":1798,""6"":2793,""7"":3000,""8"":1530}","[-36.31,67.19,-233.33]","[24.11799724536138,-26.933274553823345,56.26558959956725]",0.03876777299956302,2422848,coil_as_tip,thesis_trusted,True,
183,repeat,True,ok,T05,T05,5,"[4.0,0.0,-4.0,0.0]","[261,0,-261,0]","{""5"":2392,""6"":2424,""7"":2371,""8"":1862}","{""5"":1798,""6"":2793,""7"":3000,""8"":1530}","{""5"":2393,""6"":2426,""7"":2390,""8"":1862}","[-48.09,44.29,-195.87]","[-11.595375871210933,-1.3210006163831878,67.88438490674149]",0.0,2424032,coil_as_tip,thesis_trusted,True,
184,approach,True,ok,T15,T15,15,"[0.0,8.0,0.0,-8.0]","[0,522,0,-522]","{""5"":2131,""6"":2946,""7"":2632,""8"":1340}","{""5"":2393,""6"":2426,""7"":2390,""8"":1862}","{""5"":2132,""6"":2947,""7"":2631,""8"":1401}","[-32.65,79.21000000000001,-214.09]","[4.058862626505942,-37.51815062254477,52.57165985572472]",0.0,2425184,coil_as_tip,thesis_trusted,True,
185,repeat,True,ok,T05,T05,5,"[4.0,0.0,-4.0,0.0]","[261,0,-261,0]","{""5"":2392,""6"":2424,""7"":2371,""8"":1862}","{""5"":2132,""6"":2947,""7"":2631,""8"":1401}","{""5"":2393,""6"":2428,""7"":2387,""8"":1862}","[-48.07,45.6,-195.3]","[-12.259862338889178,-2.585712004594498,67.86533657870164]",0.0,2426368,coil_as_tip,thesis_trusted,True,
186,approach,True,ok,T06,T06,6,"[2.8284271247461907,2.82842712474619,-2.8284271247461907,-2.82842712474619]","[184,184,-184,-184]","{""5"":2315,""6"":2608,""7"":2448,""8"":1678}","{""5"":2393,""6"":2427,""7"":2387,""8"":1862}","{""5"":2315,""6"":2609,""7"":2449,""8"":1698}","[-46.95,58.29,-203.39000000000001]","[-5.119197734621906,-15.837357177434363,66.796033430612]",0.0,2427536,coil_as_tip,thesis_trusted,True,
187,repeat,True,ok,T05,T05,5,"[4.0,0.0,-4.0,0.0]","[261,0,-261,0]","{""5"":2392,""6"":2424,""7"":2371,""8"":1862}","{""5"":2315,""6"":2609,""7"":2449,""8"":1698}","{""5"":2393,""6"":2427,""7"":2389,""8"":1862}","[-48.09,45.56,-195.47]","[-12.08744488716323,-2.5582419665795797,67.88577231582512]",0.0,2428720,coil_as_tip,thesis_trusted,True,
188,approach,True,ok,T09,T09,9,"[-8.0,0.0,8.0,0.0]","[-522,0,522,0]","{""5"":1609,""6"":2424,""7"":3154,""8"":1862}","{""5"":2392,""6"":2427,""7"":2389,""8"":1862}","{""5"":1673,""6"":2425,""7"":3152,""8"":1862}","[-32.12,44.7,-241.59]","[34.01734359145763,-5.119183017277237,52.05463337143826]",0.03868761000012455,2429888,coil_as_tip,thesis_trusted,True,
189,repeat,True,ok,T05,T05,5,"[4.0,0.0,-4.0,0.0]","[261,0,-261,0]","{""5"":2392,""6"":2424,""7"":2371,""8"":1862}","{""5"":1673,""6"":2425,""7"":3152,""8"":1862}","{""5"":2393,""6"":2426,""7"":2391,""8"":1862}","[-48.31,44.02,-196.07]","[-11.376747633717741,-1.0658966926982174,68.1044387226392]",0.03886242500084336,2431056,coil_as_tip,thesis_trusted,True,
190,approach,True,ok,T03,T03,3,"[0.0,-4.0,0.0,4.0]","[0,-261,0,261]","{""5"":2131,""6"":2163,""7"":2632,""8"":2123}","{""5"":2393,""6"":2426,""7"":2391,""8"":1862}","{""5"":2132,""6"":2195,""7"":2631,""8"":2124}","[-44.93,21.59,-206.89000000000001]","[1.0689529495479348,20.502448742972966,64.71139994312848]",0.0,2432232,coil_as_tip,thesis_trusted,True,
191,repeat,True,ok,T05,T05,5,"[4.0,0.0,-4.0,0.0]","[261,0,-261,0]","{""5"":2392,""6"":2424,""7"":2371,""8"":1862}","{""5"":2132,""6"":2194,""7"":2631,""8"":2124}","{""5"":2393,""6"":2425,""7"":2390,""8"":1864}","[-48.4,42.31,-195.52]","[-11.800104115942673,0.6800345112966042,68.18925334328512]",0.03743596599997545,2433384,coil_as_tip,thesis_trusted,True,
192,approach,True,ok,T14,T14,14,"[5.656854249492377,5.656854249492383,-5.656854249492377,-5.656854249492383]","[369,369,-369,-369]","{""5"":2500,""6"":2793,""7"":2263,""8"":1493}","{""5"":2393,""6"":2425,""7"":2390,""8"":1864}","{""5"":2500,""6"":2793,""7"":2285,""8"":1532}","[-39.27,69.69,-194.13]","[-15.168169925819967,-26.54494794559563,59.11126551986047]",0.0,2434552,coil_as_tip,thesis_trusted,True,
193,repeat,True,ok,T06,T06,6,"[2.8284271247461907,2.82842712474619,-2.8284271247461907,-2.82842712474619]","[184,184,-184,-184]","{""5"":2315,""6"":2608,""7"":2448,""8"":1678}","{""5"":2500,""6"":2793,""7"":2285,""8"":1532}","{""5"":2315,""6"":2609,""7"":2449,""8"":1687}","[-46.69,59.06,-203.38]","[-5.184895437195934,-16.60513847568982,66.53758480916923]",0.0,2435736,coil_as_tip,thesis_trusted,True,
194,approach,True,ok,T13,T13,13,"[8.0,0.0,-8.0,0.0]","[522,0,-522,0]","{""5"":2653,""6"":2424,""7"":2110,""8"":1862}","{""5"":2315,""6"":2609,""7"":2449,""8"":1687}","{""5"":2653,""6"":2425,""7"":2159,""8"":1863}","[-39.43,47.62,-176.17000000000002]","[-31.461461934331226,-3.216914663742145,59.17125490325107]",0.0,2436912,coil_as_tip,thesis_trusted,True,
195,repeat,True,ok,T06,T06,6,"[2.8284271247461907,2.82842712474619,-2.8284271247461907,-2.82842712474619]","[184,184,-184,-184]","{""5"":2315,""6"":2608,""7"":2448,""8"":1678}","{""5"":2653,""6"":2425,""7"":2158,""8"":1862}","{""5"":2315,""6"":2609,""7"":2449,""8"":1698}","[-46.92,58.36,-202.55]","[-5.96197929645578,-15.845632264349327,66.76361797180914]",0.0,2438096,coil_as_tip,thesis_trusted,True,
196,approach,True,ok,T07,T07,7,"[0.0,4.0,0.0,-4.0]","[0,261,0,-261]","{""5"":2131,""6"":2685,""7"":2632,""8"":1601}","{""5"":null,""6"":2609,""7"":2449,""8"":1698}","{""5"":2133,""6"":2685,""7"":2631,""8"":1632}","[-45.03,64.07000000000001,-206.67000000000002]","[-2.266434140349105,-21.84668596346898,64.89790081761377]",0.0,2439288,coil_as_tip,thesis_trusted,True,
197,repeat,True,ok,T06,T06,6,"[2.8284271247461907,2.82842712474619,-2.8284271247461907,-2.82842712474619]","[184,184,-184,-184]","{""5"":2315,""6"":2608,""7"":2448,""8"":1678}","{""5"":2133,""6"":2685,""7"":2631,""8"":1632}","{""5"":2315,""6"":2609,""7"":2453,""8"":1686}","[-46.71,59.120000000000005,-203.0]","[-5.5683288256766446,-16.637062721787082,66.55655001703288]",0.0,2440488,coil_as_tip,thesis_trusted,True,
198,approach,True,ok,T11,T11,11,"[0.0,-8.0,0.0,8.0]","[0,-522,0,522]","{""5"":2131,""6"":1902,""7"":2632,""8"":2384}","{""5"":2315,""6"":2609,""7"":2453,""8"":1686}","{""5"":2132,""6"":1966,""7"":2631,""8"":2385}","[-32.17,4.5,-205.24]","[0.7137203602601687,37.63842637240468,51.91138898644866]",0.0,2441680,coil_as_tip,thesis_trusted,True,
199,repeat,True,ok,T06,T06,6,"[2.8284271247461907,2.82842712474619,-2.8284271247461907,-2.82842712474619]","[184,184,-184,-184]","{""5"":2315,""6"":2608,""7"":2448,""8"":1678}","{""5"":2132,""6"":1966,""7"":2631,""8"":2385}","{""5"":2315,""6"":2609,""7"":2453,""8"":1700}","[-47.28,57.050000000000004,-203.66]","[-4.759931452819444,-14.619751859848968,67.12430927399312]",0.0,2442848,coil_as_tip,thesis_trusted,True,
200,approach,True,ok,T09,T09,9,"[-8.0,0.0,8.0,0.0]","[-522,0,522,0]","{""5"":1609,""6"":2424,""7"":3154,""8"":1862}","{""5"":2315,""6"":2609,""7"":2453,""8"":1700}","{""5"":1672,""6"":2425,""7"":3152,""8"":1862}","[-33.4,41.31,-246.8]","[39.45823186658859,-2.1175086038561375,53.343542015739985]",0.03800626399970497,2444000,coil_as_tip,thesis_trusted,True,
201,repeat,True,ok,T06,T06,6,"[2.8284271247461907,2.82842712474619,-2.8284271247461907,-2.82842712474619]","[184,184,-184,-184]","{""5"":2315,""6"":2608,""7"":2448,""8"":1678}","{""5"":1672,""6"":2425,""7"":3152,""8"":1862}","{""5"":2315,""6"":2609,""7"":2458,""8"":1698}","[-47.230000000000004,57.22,-205.46]","[-2.977111267287995,-14.92141640684698,67.08014268994842]",0.03795985799843038,2445192,coil_as_tip,thesis_trusted,True,
202,approach,True,ok,T05,T05,5,"[4.0,0.0,-4.0,0.0]","[261,0,-261,0]","{""5"":2392,""6"":2424,""7"":2371,""8"":1862}","{""5"":2315,""6"":2609,""7"":2458,""8"":1698}","{""5"":2392,""6"":2426,""7"":2391,""8"":1862}","[-48.33,44.36,-195.79]","[-11.680987351441843,-1.3844000542539376,68.12428318879108]",0.0,2446360,coil_as_tip,thesis_trusted,True,
203,repeat,True,ok,T06,T06,6,"[2.8284271247461907,2.82842712474619,-2.8284271247461907,-2.82842712474619]","[184,184,-184,-184]","{""5"":2315,""6"":2608,""7"":2448,""8"":1678}","{""5"":2392,""6"":2427,""7"":2391,""8"":1862}","{""5"":2315,""6"":2609,""7"":2449,""8"":1699}","[-47.14,57.45,-203.83]","[-4.6193236675776745,-15.031459012185302,66.98564900050238]",0.038075469001341844,2447528,coil_as_tip,thesis_trusted,True,
204,approach,True,ok,T12,T12,12,"[5.6568542494923735,-5.656854249492387,-5.6568542494923735,5.656854249492387]","[369,-369,-369,369]","{""5"":2500,""6"":2055,""7"":2263,""8"":2231}","{""5"":2315,""6"":2609,""7"":2449,""8"":1699}","{""5"":2499,""6"":2096,""7"":2285,""8"":2232}","[-38.71,17.39,-189.54]","[-15.908232109019735,25.949431111775453,58.429961368955986]",0.0,2448688,coil_as_tip,thesis_trusted,True,
205,repeat,True,ok,T06,T06,6,"[2.8284271247461907,2.82842712474619,-2.8284271247461907,-2.82842712474619]","[184,184,-184,-184]","{""5"":2315,""6"":2608,""7"":2448,""8"":1678}","{""5"":2499,""6"":2096,""7"":2285,""8"":2232}","{""5"":2315,""6"":2609,""7"":2450,""8"":1700}","[-47.26,57.01,-203.62]","[-4.7968319928885705,-14.57697153936514,67.10410545450503]",0.0,2449880,coil_as_tip,thesis_trusted,True,
206,approach,True,ok,T01,T01,1,"[-4.0,0.0,4.0,0.0]","[-261,0,261,0]","{""5"":1870,""6"":2424,""7"":2893,""8"":1862}","{""5"":2315,""6"":2609,""7"":2450,""8"":1700}","{""5"":1899,""6"":2425,""7"":2892,""8"":1862}","[-45.03,42.94,-227.73000000000002]","[20.286533456011426,-2.318149926720821,64.91870607995229]",0.037990859998899396,2451032,coil_as_tip,thesis_trusted,True,
207,repeat,True,ok,T06,T06,6,"[2.8284271247461907,2.82842712474619,-2.8284271247461907,-2.82842712474619]","[184,184,-184,-184]","{""5"":2315,""6"":2608,""7"":2448,""8"":1678}","{""5"":1899,""6"":2425,""7"":2892,""8"":1862}","{""5"":2315,""6"":2609,""7"":2456,""8"":1698}","[-47.18,57.27,-205.05]","[-3.3895281143454383,-14.941326353007732,67.0289964456379]",0.03915461600081471,2452208,coil_as_tip,thesis_trusted,True,
208,approach,True,ok,T08,T08,8,"[-2.8284271247461894,2.8284271247461907,2.8284271247461894,-2.8284271247461907]","[-184,184,184,-184]","{""5"":1947,""6"":2608,""7"":2816,""8"":1678}","{""5"":2315,""6"":2609,""7"":2456,""8"":1698}","{""5"":1967,""6"":2609,""7"":2815,""8"":1696}","[-45.65,55.57,-221.21]","[12.855984645417323,-14.434531723405279,65.54475442501217]",0.0,2453392,coil_as_tip,thesis_trusted,True,
209,repeat,True,ok,T06,T06,6,"[2.8284271247461907,2.82842712474619,-2.8284271247461907,-2.82842712474619]","[184,184,-184,-184]","{""5"":2315,""6"":2608,""7"":2448,""8"":1678}","{""5"":1967,""6"":2609,""7"":2815,""8"":1696}","{""5"":2315,""6"":2609,""7"":2457,""8"":1696}","[-47.1,57.47,-205.31]","[-3.144667411558231,-15.160036864526553,66.95019956510494]",0.0,2454568,coil_as_tip,thesis_trusted,True,
210,approach,True,ok,T04,T04,4,"[2.82842712474619,-2.8284271247461903,-2.82842712474619,2.8284271247461903]","[184,-184,-184,184]","{""5"":2315,""6"":2240,""7"":2448,""8"":2046}","{""5"":2315,""6"":2609,""7"":2457,""8"":1696}","{""5"":2315,""6"":2264,""7"":2453,""8"":2047}","[-47.12,28.46,-202.66]","[-3.6598408592359988,13.966159765285475,66.90259493996648]",0.03690269700018689,2455744,coil_as_tip,thesis_trusted,True,
211,repeat,True,ok,T06,T06,6,"[2.8284271247461907,2.82842712474619,-2.8284271247461907,-2.82842712474619]","[184,184,-184,-184]","{""5"":2315,""6"":2608,""7"":2448,""8"":1678}","{""5"":2315,""6"":2264,""7"":2453,""8"":2047}","{""5"":2315,""6"":2609,""7"":2453,""8"":1699}","[-47.25,56.870000000000005,-204.32]","[-4.088423107479883,-14.488708547454884,67.09595098744165]",0.0,2456920,coil_as_tip,thesis_trusted,True,
212,approach,True,ok,T16,T16,16,"[-5.656854249492373,5.656854249492388,5.656854249492373,-5.656854249492388]","[-369,369,369,-369]","{""5"":1762,""6"":2793,""7"":3001,""8"":1493}","{""5"":2315,""6"":2609,""7"":2453,""8"":1699}","{""5"":1800,""6"":2793,""7"":3000,""8"":1529}","[-35.67,66.79,-234.49]","[25.30605442901401,-26.620878189500637,55.62830737015135]",0.0,2458096,coil_as_tip,thesis_trusted,True,
213,repeat,True,ok,T06,T06,6,"[2.8284271247461907,2.82842712474619,-2.8284271247461907,-2.82842712474619]","[184,184,-184,-184]","{""5"":2315,""6"":2608,""7"":2448,""8"":1678}","{""5"":1800,""6"":2793,""7"":3000,""8"":1528}","{""5"":2315,""6"":2609,""7"":2458,""8"":1686}","[-46.910000000000004,58.5,-205.53]","[-3.000257392198364,-16.203826291238236,66.76298477136959]",0.03534751599909214,2459248,coil_as_tip,thesis_trusted,True,
214,approach,True,ok,T00,T00,0,"[0.0,0.0,0.0,0.0]","[0,0,0,0]","{""5"":2131,""6"":2424,""7"":2632,""8"":1862}","{""5"":2315,""6"":2609,""7"":2458,""8"":1687}","{""5"":2132,""6"":2430,""7"":2631,""8"":1862}","[-49.44,43.06,-209.78]","[2.3634165774786027,-1.1113899181762577,69.27423264286405]",0.03685956799927226,2460440,coil_as_tip,thesis_trusted,True,
215,repeat,True,ok,T06,T06,6,"[2.8284271247461907,2.82842712474619,-2.8284271247461907,-2.82842712474619]","[184,184,-184,-184]","{""5"":2315,""6"":2608,""7"":2448,""8"":1678}","{""5"":2132,""6"":2430,""7"":2632,""8"":1862}","{""5"":2315,""6"":2609,""7"":2456,""8"":1697}","[-47.06,57.69,-205.04]","[-3.4299594305668393,-15.359733268041019,66.90982865585845]",0.0,2461624,coil_as_tip,thesis_trusted,True,
216,approach,True,ok,T15,T15,15,"[0.0,8.0,0.0,-8.0]","[0,522,0,-522]","{""5"":2131,""6"":2946,""7"":2632,""8"":1340}","{""5"":2315,""6"":2609,""7"":2456,""8"":1697}","{""5"":2132,""6"":2947,""7"":2630,""8"":1401}","[-31.810000000000002,79.78,-211.62]","[1.556144959890787,-37.90737493557453,51.72530962363467]",0.03888113900029566,2462784,coil_as_tip,thesis_trusted,True,
217,repeat,True,ok,T06,T06,6,"[2.8284271247461907,2.82842712474619,-2.8284271247461907,-2.82842712474619]","[184,184,-184,-184]","{""5"":2315,""6"":2608,""7"":2448,""8"":1678}","{""5"":2132,""6"":2947,""7"":2631,""8"":1401}","{""5"":2315,""6"":2609,""7"":2456,""8"":1686}","[-46.7,59.19,-204.08]","[-4.496347438958253,-16.78610230524081,66.5499842654941]",0.03709655099919473,2463960,coil_as_tip,thesis_trusted,True,
218,approach,True,ok,T03,T03,3,"[0.0,-4.0,0.0,4.0]","[0,-261,0,261]","{""5"":2131,""6"":2163,""7"":2632,""8"":2123}","{""5"":2315,""6"":2609,""7"":2456,""8"":1686}","{""5"":2132,""6"":2197,""7"":2631,""8"":2124}","[-45.09,21.990000000000002,-207.94]","[2.0863204682419507,20.02688472112058,64.87541882321831]",0.0,2465136,coil_as_tip,thesis_trusted,True,
219,repeat,True,ok,T06,T06,6,"[2.8284271247461907,2.82842712474619,-2.8284271247461907,-2.82842712474619]","[184,184,-184,-184]","{""5"":2315,""6"":2608,""7"":2448,""8"":1678}","{""5"":2132,""6"":2197,""7"":2631,""8"":2124}","{""5"":2315,""6"":2609,""7"":2454,""8"":1698}","[-47.17,57.4,-204.44]","[-4.007388568175543,-15.02626216356024,67.01740473831553]",0.0,2466312,coil_as_tip,thesis_trusted,True,
220,approach,True,ok,T02,T02,2,"[-2.8284271247461903,-2.82842712474619,2.8284271247461903,2.82842712474619]","[-184,-184,184,184]","{""5"":1947,""6"":2240,""7"":2816,""8"":2046}","{""5"":2315,""6"":2609,""7"":2454,""8"":1698}","{""5"":1964,""6"":2262,""7"":2815,""8"":2047}","[-45.52,29.27,-220.59]","[14.16700368668748,11.839752016704388,65.3588969052939]",0.0,2467480,coil_as_tip,thesis_trusted,True,
221,repeat,True,ok,T06,T06,6,"[2.8284271247461907,2.82842712474619,-2.8284271247461907,-2.82842712474619]","[184,184,-184,-184]","{""5"":2315,""6"":2608,""7"":2448,""8"":1678}","{""5"":1964,""6"":2262,""7"":2815,""8"":2047}","{""5"":2315,""6"":2609,""7"":2456,""8"":1697}","[-47.14,57.19,-205.05]","[-3.3835449982234422,-14.861632791061744,66.98883255008688]",0.0,2468648,coil_as_tip,thesis_trusted,True,
222,approach,True,ok,T10,T10,10,"[-5.6568542494923815,-5.656854249492379,5.6568542494923815,5.656854249492379]","[-369,-369,369,369]","{""5"":1762,""6"":2055,""7"":3001,""8"":2231}","{""5"":2315,""6"":2609,""7"":2456,""8"":1697}","{""5"":1797,""6"":2094,""7"":3000,""8"":2232}","[-35.050000000000004,17.04,-230.38]","[24.85784119006425,23.295035657947736,54.89369885771471]",0.03683142200134171,2469792,coil_as_tip,thesis_trusted,True,
223,repeat,True,ok,T06,T06,6,"[2.8284271247461907,2.82842712474619,-2.8284271247461907,-2.82842712474619]","[184,184,-184,-184]","{""5"":2315,""6"":2608,""7"":2448,""8"":1678}","{""5"":1797,""6"":2094,""7"":3000,""8"":2232}","{""5"":2315,""6"":2609,""7"":2456,""8"":1697}","[-47.230000000000004,57.02,-205.33]","[-3.0920916043761224,-14.712421498664348,67.07933619330625]",0.037187460000495776,2470968,coil_as_tip,thesis_trusted,True,
224,approach,True,ok,T00,T00,0,"[0.0,0.0,0.0,0.0]","[0,0,0,0]","{""5"":2131,""6"":2424,""7"":2632,""8"":1862}","{""5"":2315,""6"":2609,""7"":2456,""8"":1697}","{""5"":2132,""6"":2428,""7"":2631,""8"":1862}","[-49.45,42.83,-209.49]","[2.091039314298172,-0.8607190162436567,69.28287702986525]",0.0,2472152,coil_as_tip,thesis_trusted,True,
225,repeat,True,ok,T07,T07,7,"[0.0,4.0,0.0,-4.0]","[0,261,0,-261]","{""5"":2131,""6"":2685,""7"":2632,""8"":1601}","{""5"":2132,""6"":2428,""7"":2631,""8"":1862}","{""5"":2132,""6"":2686,""7"":2633,""8"":1631}","[-45.160000000000004,63.53,-210.31]","[1.4029775894355225,-21.574798516190093,65.0378821496942]",0.03798288500001945,2473328,coil_as_tip,thesis_trusted,True,
226,approach,True,ok,T01,T01,1,"[-4.0,0.0,4.0,0.0]","[-261,0,261,0]","{""5"":1870,""6"":2424,""7"":2893,""8"":1862}","{""5"":2132,""6"":2686,""7"":2633,""8"":1631}","{""5"":1898,""6"":2426,""7"":2892,""8"":1863}","[-44.88,44.12,-228.03]","[20.499610411867394,-3.5173113110705003,64.77204256994482]",0.0,2474496,coil_as_tip,thesis_trusted,True,
227,repeat,True,ok,T07,T07,7,"[0.0,4.0,0.0,-4.0]","[0,261,0,-261]","{""5"":2131,""6"":2685,""7"":2632,""8"":1601}","{""5"":1898,""6"":2426,""7"":2891,""8"":1863}","{""5"":2132,""6"":2686,""7"":2633,""8"":1630}","[-44.87,63.57,-211.61]","[2.6973745268614095,-21.710689030978465,64.7519270196946]",0.0358873160002986,2475664,coil_as_tip,thesis_trusted,True,
228,approach,True,ok,T05,T05,5,"[4.0,0.0,-4.0,0.0]","[261,0,-261,0]","{""5"":2392,""6"":2424,""7"":2371,""8"":1862}","{""5"":2132,""6"":2686,""7"":2633,""8"":1630}","{""5"":2393,""6"":2427,""7"":2391,""8"":1862}","[-48.15,45.06,-195.9]","[-11.622105662759424,-2.0909890544456076,67.94605599797539]",0.036938979999831645,2476832,coil_as_tip,thesis_trusted,True,
229,repeat,True,ok,T07,T07,7,"[0.0,4.0,0.0,-4.0]","[0,261,0,-261]","{""5"":2131,""6"":2685,""7"":2632,""8"":1601}","{""5"":2393,""6"":2427,""7"":2391,""8"":1862}","{""5"":2132,""6"":2686,""7"":2631,""8"":1630}","[-45.13,63.64,-209.68]","[0.766695746417895,-21.638366866491445,65.00618860009764]",0.0,2478000,coil_as_tip,thesis_trusted,True,
230,approach,True,ok,T08,T08,8,"[-2.8284271247461894,2.8284271247461907,2.8284271247461894,-2.8284271247461907]","[-184,184,184,-184]","{""5"":1947,""6"":2608,""7"":2816,""8"":1678}","{""5"":2132,""6"":2686,""7"":2631,""8"":1630}","{""5"":1968,""6"":2609,""7"":2815,""8"":1685}","[-45.36,56.83,-221.39000000000001]","[12.943922046007259,-15.704994651001861,65.2578904098757]",0.03892519799956062,2479160,coil_as_tip,thesis_trusted,True,
231,repeat,True,ok,T07,T07,7,"[0.0,4.0,0.0,-4.0]","[0,261,0,-261]","{""5"":2131,""6"":2685,""7"":2632,""8"":1601}","{""5"":1968,""6"":2609,""7"":2815,""8"":1685}","{""5"":2132,""6"":2686,""7"":2633,""8"":1631}","[-45.06,63.370000000000005,-211.9]","[3.0007124840462893,-21.53206498783546,64.94239889410694]",0.0,2480352,coil_as_tip,thesis_trusted,True,
232,approach,True,ok,T11,T11,11,"[0.0,-8.0,0.0,8.0]","[0,-522,0,522]","{""5"":2131,""6"":1902,""7"":2632,""8"":2384}","{""5"":2132,""6"":2686,""7"":2633,""8"":1631}","{""5"":2132,""6"":1967,""7"":2631,""8"":2385}","[-32.410000000000004,4.64,-207.8]","[3.255853212975751,37.311602010148235,52.159474446280214]",0.03645096400032344,2481504,coil_as_tip,thesis_trusted,True,
233,repeat,True,ok,T07,T07,7,"[0.0,4.0,0.0,-4.0]","[0,261,0,-261]","{""5"":2131,""6"":2685,""7"":2632,""8"":1601}","{""5"":2131,""6"":1967,""7"":2631,""8"":2385}","{""5"":2132,""6"":2686,""7"":2633,""8"":1631}","[-45.29,63.1,-210.99]","[2.1123061175813405,-21.195532642733973,65.16907070251068]",0.03790155400020012,2482672,coil_as_tip,thesis_trusted,True,
234,approach,True,ok,T02,T02,2,"[-2.8284271247461903,-2.82842712474619,2.8284271247461903,2.82842712474619]","[-184,-184,184,184]","{""5"":1947,""6"":2240,""7"":2816,""8"":2046}","{""5"":2132,""6"":2686,""7"":2633,""8"":1631}","{""5"":1965,""6"":2262,""7"":2815,""8"":2047}","[-45.46,28.84,-220.34]","[13.949389669401114,12.286791383963326,65.2972532227205]",0.03809266400094202,2483856,coil_as_tip,thesis_trusted,True,
235,repeat,True,ok,T07,T07,7,"[0.0,4.0,0.0,-4.0]","[0,261,0,-261]","{""5"":2131,""6"":2685,""7"":2632,""8"":1601}","{""5"":1965,""6"":2262,""7"":2815,""8"":2047}","{""5"":2132,""6"":2686,""7"":2633,""8"":1630}","[-45.22,63.24,-211.5]","[2.6108642473852797,-21.37271680477307,65.10091232863859]",0.0,2485056,coil_as_tip,thesis_trusted,True,
236,approach,True,ok,T15,T15,15,"[0.0,8.0,0.0,-8.0]","[0,522,0,-522]","{""5"":2131,""6"":2946,""7"":2632,""8"":1340}","{""5"":2132,""6"":2686,""7"":2633,""8"":1630}","{""5"":2132,""6"":2947,""7"":2633,""8"":1401}","[-33.55,80.78,-213.39000000000001]","[3.243000125593767,-39.030538784401294,53.47274277503986]",0.03902899700005946,2486216,coil_as_tip,thesis_trusted,True,
237,repeat,True,ok,T07,T07,7,"[0.0,4.0,0.0,-4.0]","[0,261,0,-261]","{""5"":2131,""6"":2685,""7"":2632,""8"":1601}","{""5"":2132,""6"":2947,""7"":2633,""8"":1401}","{""5"":2132,""6"":2686,""7"":2631,""8"":1613}","[-44.42,65.22,-210.68]","[1.650163783314639,-23.289058201307405,64.30248245052577]",0.037677184998756275,2487392,coil_as_tip,thesis_trusted,True,
238,approach,True,ok,T06,T06,6,"[2.8284271247461907,2.82842712474619,-2.8284271247461907,-2.82842712474619]","[184,184,-184,-184]","{""5"":2315,""6"":2608,""7"":2448,""8"":1678}","{""5"":2132,""6"":2686,""7"":2631,""8"":1612}","{""5"":2315,""6"":2609,""7"":2458,""8"":1684}","[-46.69,59.18,-204.14000000000001]","[-4.435746961824293,-16.780552269259196,66.54014661985401]",0.0,2488576,coil_as_tip,thesis_trusted,True,
239,repeat,True,ok,T07,T07,7,"[0.0,4.0,0.0,-4.0]","[0,261,0,-261]","{""5"":2131,""6"":2685,""7"":2632,""8"":1601}","{""5"":2315,""6"":2609,""7"":2458,""8"":1684}","{""5"":2132,""6"":2686,""7"":2631,""8"":1627}","[-45.01,64.11,-209.81]","[0.8622195281932648,-22.11690639600578,64.88754996470627]",0.0,2489768,coil_as_tip,thesis_trusted,True,
240,approach,True,ok,T10,T10,10,"[-5.6568542494923815,-5.656854249492379,5.6568542494923815,5.656854249492379]","[-369,-369,369,369]","{""5"":1762,""6"":2055,""7"":3001,""8"":2231}","{""5"":2132,""6"":2686,""7"":2631,""8"":1627}","{""5"":1795,""6"":2096,""7"":3000,""8"":2232}","[-35.06,17.26,-230.98000000000002]","[25.440057901150936,23.031648270026253,54.90597832086745]",0.0,2490952,coil_as_tip,thesis_trusted,True,
241,repeat,True,ok,T07,T07,7,"[0.0,4.0,0.0,-4.0]","[0,261,0,-261]","{""5"":2131,""6"":2685,""7"":2632,""8"":1601}","{""5"":1795,""6"":2096,""7"":3000,""8"":2232}","{""5"":2132,""6"":2686,""7"":2632,""8"":1629}","[-45.1,63.36,-211.92000000000002]","[3.021276458815038,-21.523467912389272,64.98243903940492]",0.03614917100094317,2492104,coil_as_tip,thesis_trusted,True,
242,approach,True,ok,T03,T03,3,"[0.0,-4.0,0.0,4.0]","[0,-261,0,261]","{""5"":2131,""6"":2163,""7"":2632,""8"":2123}","{""5"":2132,""6"":2686,""7"":2632,""8"":1629}","{""5"":2132,""6"":2196,""7"":2631,""8"":2124}","[-44.97,21.81,-209.53]","[3.685580022730221,20.089518939970958,64.75989466121317]",0.0,2493288,coil_as_tip,thesis_trusted,True,
243,repeat,True,ok,T07,T07,7,"[0.0,4.0,0.0,-4.0]","[0,261,0,-261]","{""5"":2131,""6"":2685,""7"":2632,""8"":1601}","{""5"":2132,""6"":2196,""7"":2631,""8"":2124}","{""5"":2132,""6"":2686,""7"":2633,""8"":1630}","[-45.07,63.32,-210.96]","[2.066886542599889,-21.41323888314691,64.94943223799737]",0.0,2494448,coil_as_tip,thesis_trusted,True,
244,approach,True,ok,T16,T16,16,"[-5.656854249492373,5.656854249492388,5.656854249492373,-5.656854249492388]","[-369,369,369,-369]","{""5"":1762,""6"":2793,""7"":3001,""8"":1493}","{""5"":2132,""6"":2686,""7"":2633,""8"":1630}","{""5"":1798,""6"":2793,""7"":3000,""8"":1528}","[-35.800000000000004,67.39,-233.18]","[23.955205818736573,-27.12289238495817,55.75554643518488]",0.039066258001184906,2495632,coil_as_tip,thesis_trusted,True,
245,repeat,True,ok,T07,T07,7,"[0.0,4.0,0.0,-4.0]","[0,261,0,-261]","{""5"":2131,""6"":2685,""7"":2632,""8"":1601}","{""5"":1798,""6"":2793,""7"":3000,""8"":1529}","{""5"":2132,""6"":2686,""7"":2633,""8"":1612}","[-44.2,64.89,-213.65]","[4.636991268138729,-23.178262416909142,64.09085572712114]",0.03594341300049564,2496800,coil_as_tip,thesis_trusted,True,
246,approach,True,ok,T04,T04,4,"[2.82842712474619,-2.8284271247461903,-2.82842712474619,2.8284271247461903]","[184,-184,-184,184]","{""5"":2315,""6"":2240,""7"":2448,""8"":2046}","{""5"":2132,""6"":2686,""7"":2633,""8"":1612}","{""5"":2315,""6"":2264,""7"":2456,""8"":2047}","[-47.19,28.51,-203.44]","[-2.885814357086275,13.85924941856625,66.97507356946674]",0.0,2497968,coil_as_tip,thesis_trusted,True,
247,repeat,True,ok,T07,T07,7,"[0.0,4.0,0.0,-4.0]","[0,261,0,-261]","{""5"":2131,""6"":2685,""7"":2632,""8"":1601}","{""5"":2315,""6"":2264,""7"":2456,""8"":2047}","{""5"":2132,""6"":2686,""7"":2631,""8"":1629}","[-45.160000000000004,63.300000000000004,-211.11]","[2.2176888811481774,-21.404089265918593,65.03984760833306]",0.037997020001057535,2499136,coil_as_tip,thesis_trusted,True,
248,approach,True,ok,T09,T09,9,"[-8.0,0.0,8.0,0.0]","[-522,0,522,0]","{""5"":1609,""6"":2424,""7"":3154,""8"":1862}","{""5"":2132,""6"":2686,""7"":2631,""8"":1629}","{""5"":1671,""6"":2425,""7"":3152,""8"":1862}","[-32.480000000000004,45.24,-242.22]","[34.60499817556055,-5.703113507791571,52.41765853865195]",0.0,2500320,coil_as_tip,thesis_trusted,True,
249,repeat,True,ok,T07,T07,7,"[0.0,4.0,0.0,-4.0]","[0,261,0,-261]","{""5"":2131,""6"":2685,""7"":2632,""8"":1601}","{""5"":1671,""6"":2425,""7"":3152,""8"":1862}","{""5"":2132,""6"":2686,""7"":2633,""8"":1628}","[-44.74,63.54,-213.85]","[4.933907820435223,-21.845343207749274,64.62869115067096]",0.0,2501504,coil_as_tip,thesis_trusted,True,
250,approach,True,ok,T12,T12,12,"[5.6568542494923735,-5.656854249492387,-5.6568542494923735,5.656854249492387]","[369,-369,-369,369]","{""5"":2500,""6"":2055,""7"":2263,""8"":2231}","{""5"":2132,""6"":2686,""7"":2633,""8"":1628}","{""5"":2500,""6"":2096,""7"":2286,""8"":2232}","[-38.910000000000004,17.580000000000002,-189.84]","[-15.623554522727176,25.738395705725306,58.63126395030035]",0.03641972799960058,2502672,coil_as_tip,thesis_trusted,True,
251,repeat,True,ok,T07,T07,7,"[0.0,4.0,0.0,-4.0]","[0,261,0,-261]","{""5"":2131,""6"":2685,""7"":2632,""8"":1601}","{""5"":2500,""6"":2096,""7"":2287,""8"":2232}","{""5"":2132,""6"":2686,""7"":2631,""8"":1630}","[-45.15,63.34,-209.45000000000002]","[0.5592618932278128,-21.32226225716402,65.02487208244614]",0.0,2503840,coil_as_tip,thesis_trusted,True,
252,approach,True,ok,T14,T14,14,"[5.656854249492377,5.656854249492383,-5.656854249492377,-5.656854249492383]","[369,369,-369,-369]","{""5"":2500,""6"":2793,""7"":2263,""8"":1493}","{""5"":2132,""6"":2686,""7"":2631,""8"":1630}","{""5"":2500,""6"":2793,""7"":2288,""8"":1529}","[-38.730000000000004,70.10000000000001,-192.28]","[-17.041691311360808,-26.819392397503087,58.56647394435818]",0.0,2505032,coil_as_tip,thesis_trusted,True,
253,repeat,True,ok,T07,T07,7,"[0.0,4.0,0.0,-4.0]","[0,261,0,-261]","{""5"":2131,""6"":2685,""7"":2632,""8"":1601}","{""5"":2500,""6"":2793,""7"":2288,""8"":1529}","{""5"":2132,""6"":2686,""7"":2632,""8"":1612}","[-44.39,65.21000000000001,-207.22]","[-1.7996826133089314,-23.025402088353495,64.26192022911843]",0.0,2506208,coil_as_tip,thesis_trusted,True,
254,approach,True,ok,T13,T13,13,"[8.0,0.0,-8.0,0.0]","[522,0,-522,0]","{""5"":2653,""6"":2424,""7"":2110,""8"":1862}","{""5"":2132,""6"":2686,""7"":2632,""8"":1612}","{""5"":2653,""6"":2425,""7"":2158,""8"":1862}","[-38.57,48.74,-176.29]","[-31.421448185372043,-4.344648548204333,58.31392463682508]",0.0,2507376,coil_as_tip,thesis_trusted,True,
255,repeat,True,ok,T07,T07,7,"[0.0,4.0,0.0,-4.0]","[0,261,0,-261]","{""5"":2131,""6"":2685,""7"":2632,""8"":1601}","{""5"":2653,""6"":2425,""7"":2158,""8"":1862}","{""5"":2133,""6"":2686,""7"":2631,""8"":1627}","[-44.82,64.39,-206.38]","[-2.578515724940843,-22.145031949456914,64.68767532628695]",0.0,2508552,coil_as_tip,thesis_trusted,True,
256,approach,True,ok,T13,T13,13,"[8.0,0.0,-8.0,0.0]","[522,0,-522,0]","{""5"":2653,""6"":2424,""7"":2110,""8"":1862}","{""5"":null,""6"":2686,""7"":2631,""8"":1627}","{""5"":2653,""6"":2425,""7"":2158,""8"":1862}","[-38.44,48.42,-176.1]","[-31.58708982954323,-4.011871887771704,58.182689961576614]",0.038407633001042996,2509696,coil_as_tip,thesis_trusted,True,
257,repeat,True,ok,T08,T08,8,"[-2.8284271247461894,2.8284271247461907,2.8284271247461894,-2.8284271247461907]","[-184,184,184,-184]","{""5"":1947,""6"":2608,""7"":2816,""8"":1678}","{""5"":2653,""6"":2425,""7"":2158,""8"":1862}","{""5"":1969,""6"":2609,""7"":2815,""8"":1693}","[-45.62,56.56,-220.42000000000002]","[11.995590889806039,-15.36399389666186,65.51437920830097]",0.0,2510864,coil_as_tip,thesis_trusted,True,
258,approach,True,ok,T12,T12,12,"[5.6568542494923735,-5.656854249492387,-5.6568542494923735,5.656854249492387]","[369,-369,-369,369]","{""5"":2500,""6"":2055,""7"":2263,""8"":2231}","{""5"":1969,""6"":2609,""7"":2815,""8"":1693}","{""5"":2500,""6"":2095,""7"":2286,""8"":2232}","[-38.800000000000004,17.28,-189.99]","[-15.451637992669788,26.026336589820055,58.521106091026695]",0.0,2512048,coil_as_tip,thesis_trusted,True,
259,repeat,True,ok,T08,T08,8,"[-2.8284271247461894,2.8284271247461907,2.8284271247461894,-2.8284271247461907]","[-184,184,184,-184]","{""5"":1947,""6"":2608,""7"":2816,""8"":1678}","{""5"":2500,""6"":2095,""7"":2286,""8"":2232}","{""5"":1966,""6"":2609,""7"":2815,""8"":1696}","[-45.76,55.17,-221.08]","[12.755355600846798,-14.025826210552033,65.65353677262512]",0.0,2513224,coil_as_tip,thesis_trusted,True,
260,approach,True,ok,T04,T04,4,"[2.82842712474619,-2.8284271247461903,-2.82842712474619,2.8284271247461903]","[184,-184,-184,184]","{""5"":2315,""6"":2240,""7"":2448,""8"":2046}","{""5"":1966,""6"":2609,""7"":2815,""8"":1696}","{""5"":2315,""6"":2263,""7"":2455,""8"":2047}","[-47.09,28.310000000000002,-203.06]","[-3.249831499017546,14.086351948784156,66.87350604931969]",0.0,2514400,coil_as_tip,thesis_trusted,True,
261,repeat,True,ok,T08,T08,8,"[-2.8284271247461894,2.8284271247461907,2.8284271247461894,-2.8284271247461907]","[-184,184,184,-184]","{""5"":1947,""6"":2608,""7"":2816,""8"":1678}","{""5"":2315,""6"":2263,""7"":2455,""8"":2047}","{""5"":1966,""6"":2609,""7"":2815,""8"":1696}","[-45.75,55.18,-220.97]","[12.64494776274418,-14.027754722126595,65.64322221356421]",0.03710663599849795,2515560,coil_as_tip,thesis_trusted,True,
262,approach,True,ok,T06,T06,6,"[2.8284271247461907,2.82842712474619,-2.8284271247461907,-2.82842712474619]","[184,184,-184,-184]","{""5"":2315,""6"":2608,""7"":2448,""8"":1678}","{""5"":1966,""6"":2609,""7"":2815,""8"":1696}","{""5"":2315,""6"":2609,""7"":2456,""8"":1696}","[-47.160000000000004,57.25,-204.84]","[-3.5974369696511133,-14.906024580080064,67.00831571272899]",0.0,2516768,coil_as_tip,thesis_trusted,True,
263,repeat,True,ok,T08,T08,8,"[-2.8284271247461894,2.8284271247461907,2.8284271247461894,-2.8284271247461907]","[-184,184,184,-184]","{""5"":1947,""6"":2608,""7"":2816,""8"":1678}","{""5"":2315,""6"":2609,""7"":2456,""8"":1696}","{""5"":1967,""6"":2609,""7"":2815,""8"":1695}","[-45.730000000000004,55.550000000000004,-221.07]","[12.717598153369181,-14.404136644714136,65.62428629290154]",0.0,2517944,coil_as_tip,thesis_trusted,True,
264,approach,True,ok,T16,T16,16,"[-5.656854249492373,5.656854249492388,5.656854249492373,-5.656854249492388]","[-369,369,369,-369]","{""5"":1762,""6"":2793,""7"":3001,""8"":1493}","{""5"":1967,""6"":2609,""7"":2815,""8"":1695}","{""5"":1797,""6"":2793,""7"":2999,""8"":1529}","[-34.93,66.89,-232.05]","[22.867439134838037,-26.543342531040913,54.88108339524271]",0.0,2519104,coil_as_tip,thesis_trusted,True,
265,repeat,True,ok,T08,T08,8,"[-2.8284271247461894,2.8284271247461907,2.8284271247461894,-2.8284271247461907]","[-184,184,184,-184]","{""5"":1947,""6"":2608,""7"":2816,""8"":1678}","{""5"":1796,""6"":2793,""7"":3000,""8"":1529}","{""5"":1954,""6"":2609,""7"":2817,""8"":1685}","[-44.99,56.67,-222.58]","[14.143515742186224,-15.633538627289006,64.8911902588492]",0.0,2520264,coil_as_tip,thesis_trusted,True,
266,approach,True,ok,T11,T11,11,"[0.0,-8.0,0.0,8.0]","[0,-522,0,522]","{""5"":2131,""6"":1902,""7"":2632,""8"":2384}","{""5"":1954,""6"":2609,""7"":2817,""8"":1685}","{""5"":2132,""6"":1966,""7"":2632,""8"":2385}","[-32.24,4.44,-207.67000000000002]","[3.1413638502869787,37.52021101848818,51.98866909662587]",0.03706602700003714,2521456,coil_as_tip,thesis_trusted,True,
267,repeat,True,ok,T08,T08,8,"[-2.8284271247461894,2.8284271247461907,2.8284271247461894,-2.8284271247461907]","[-184,184,184,-184]","{""5"":1947,""6"":2608,""7"":2816,""8"":1678}","{""5"":2132,""6"":1966,""7"":2632,""8"":2385}","{""5"":1963,""6"":2609,""7"":2816,""8"":1698}","[-45.64,54.75,-221.66]","[13.364942455750992,-13.649767033326093,65.5344428535858]",0.03740806300083932,2522632,coil_as_tip,thesis_trusted,True,
268,approach,True,ok,T00,T00,0,"[0.0,0.0,0.0,0.0]","[0,0,0,0]","{""5"":2131,""6"":2424,""7"":2632,""8"":1862}","{""5"":1963,""6"":2609,""7"":2816,""8"":1698}","{""5"":2132,""6"":2428,""7"":2632,""8"":1862}","[-49.480000000000004,42.15,-210.89000000000001]","[3.537050644550021,-0.28515772292459474,69.31574693123653]",0.03615001099933579,2523792,coil_as_tip,thesis_trusted,True,
269,repeat,True,ok,T08,T08,8,"[-2.8284271247461894,2.8284271247461907,2.8284271247461894,-2.8284271247461907]","[-184,184,184,-184]","{""5"":1947,""6"":2608,""7"":2816,""8"":1678}","{""5"":2132,""6"":2428,""7"":2632,""8"":1862}","{""5"":1966,""6"":2609,""7"":2815,""8"":1697}","[-45.69,55.18,-221.8]","[13.472882084026537,-14.088761866920969,65.58575145641947]",0.03846367400001327,2524960,coil_as_tip,thesis_trusted,True,
270,approach,True,ok,T09,T09,9,"[-8.0,0.0,8.0,0.0]","[-522,0,522,0]","{""5"":1609,""6"":2424,""7"":3154,""8"":1862}","{""5"":1966,""6"":2609,""7"":2815,""8"":1697}","{""5"":1672,""6"":2425,""7"":3152,""8"":1863}","[-31.87,44.61,-241.63]","[34.06455875258891,-5.0329266494091485,51.80457224378833]",0.0,2526136,coil_as_tip,thesis_trusted,True,
271,repeat,True,ok,T08,T08,8,"[-2.8284271247461894,2.8284271247461907,2.8284271247461894,-2.8284271247461907]","[-184,184,184,-184]","{""5"":1947,""6"":2608,""7"":2816,""8"":1678}","{""5"":1671,""6"":2425,""7"":3152,""8"":1862}","{""5"":1955,""6"":2609,""7"":2817,""8"":1697}","[-45.1,55.52,-223.04]","[14.686303826915577,-14.520124429324106,65.00023116331162]",0.0,2527304,coil_as_tip,thesis_trusted,True,
272,approach,True,ok,T03,T03,3,"[0.0,-4.0,0.0,4.0]","[0,-261,0,261]","{""5"":2131,""6"":2163,""7"":2632,""8"":2123}","{""5"":1955,""6"":2609,""7"":2817,""8"":1698}","{""5"":2132,""6"":2194,""7"":2632,""8"":2124}","[-44.7,21.47,-210.63]","[4.808329773297515,20.34731724178583,64.49255025191599]",0.03873545200076478,2528464,coil_as_tip,thesis_trusted,True,
273,repeat,True,ok,T08,T08,8,"[-2.8284271247461894,2.8284271247461907,2.8284271247461894,-2.8284271247461907]","[-184,184,184,-184]","{""5"":1947,""6"":2608,""7"":2816,""8"":1678}","{""5"":2132,""6"":2193,""7"":2632,""8"":2124}","{""5"":1963,""6"":2609,""7"":2815,""8"":1698}","[-45.550000000000004,54.9,-222.33]","[14.022393290677769,-13.84870379862867,65.44679262218257]",0.0,2529632,coil_as_tip,thesis_trusted,True,
274,approach,True,ok,T15,T15,15,"[0.0,8.0,0.0,-8.0]","[0,522,0,-522]","{""5"":2131,""6"":2946,""7"":2632,""8"":1340}","{""5"":1963,""6"":2610,""7"":2815,""8"":1698}","{""5"":2133,""6"":2947,""7"":2633,""8"":1400}","[-33.53,80.19,-215.74]","[5.629992148845645,-38.614519961565954,53.45869215304363]",0.03786352700080897,2530808,coil_as_tip,thesis_trusted,True,
275,repeat,True,ok,T08,T08,8,"[-2.8284271247461894,2.8284271247461907,2.8284271247461894,-2.8284271247461907]","[-184,184,184,-184]","{""5"":1947,""6"":2608,""7"":2816,""8"":1678}","{""5"":2132,""6"":2947,""7"":2633,""8"":1400}","{""5"":1963,""6"":2609,""7"":2815,""8"":1685}","[-45.01,57.230000000000004,-222.57]","[14.092411806822184,-16.191250375792542,64.91230881399493]",0.0,2532000,coil_as_tip,thesis_trusted,True,
276,approach,True,ok,T14,T14,14,"[5.656854249492377,5.656854249492383,-5.656854249492377,-5.656854249492383]","[369,369,-369,-369]","{""5"":2500,""6"":2793,""7"":2263,""8"":1493}","{""5"":1963,""6"":2609,""7"":2815,""8"":1685}","{""5"":2500,""6"":2793,""7"":2291,""8"":1528}","[-39.22,70.02,-193.42000000000002]","[-15.900314083422103,-26.82210161210643,59.05977981671242]",0.039016341001115507,2533184,coil_as_tip,thesis_trusted,True,
277,repeat,True,ok,T08,T08,8,"[-2.8284271247461894,2.8284271247461907,2.8284271247461894,-2.8284271247461907]","[-184,184,184,-184]","{""5"":1947,""6"":2608,""7"":2816,""8"":1678}","{""5"":2500,""6"":2793,""7"":2291,""8"":1528}","{""5"":1967,""6"":2609,""7"":2815,""8"":1685}","[-45.26,57.18,-221.66]","[13.18781179864493,-16.074079625959193,65.15943194239284]",0.0,2534352,coil_as_tip,thesis_trusted,True,
278,approach,True,ok,T07,T07,7,"[0.0,4.0,0.0,-4.0]","[0,261,0,-261]","{""5"":2131,""6"":2685,""7"":2632,""8"":1601}","{""5"":1967,""6"":2609,""7"":2815,""8"":1685}","{""5"":2132,""6"":2686,""7"":2633,""8"":1628}","[-44.93,63.84,-212.3]","[3.365536809047086,-22.030428609038715,64.81458296024535]",0.03855824899983418,2535544,coil_as_tip,thesis_trusted,True,
279,repeat,True,ok,T08,T08,8,"[-2.8284271247461894,2.8284271247461907,2.8284271247461894,-2.8284271247461907]","[-184,184,184,-184]","{""5"":1947,""6"":2608,""7"":2816,""8"":1678}","{""5"":2132,""6"":2686,""7"":2633,""8"":1628}","{""5"":1967,""6"":2609,""7"":2815,""8"":1684}","[-45.21,57.31,-221.67000000000002]","[13.188394389219951,-16.20457609889271,65.10972951649494]",0.03711241900055029,2536736,coil_as_tip,thesis_trusted,True,
280,approach,True,ok,T01,T01,1,"[-4.0,0.0,4.0,0.0]","[-261,0,261,0]","{""5"":1870,""6"":2424,""7"":2893,""8"":1862}","{""5"":1967,""6"":2609,""7"":2815,""8"":1684}","{""5"":1899,""6"":2428,""7"":2892,""8"":1862}","[-44.96,45.1,-228.1]","[20.49731252582845,-4.499621838673285,64.85426633220665]",0.0,2537936,coil_as_tip,thesis_trusted,True,
281,repeat,True,ok,T08,T08,8,"[-2.8284271247461894,2.8284271247461907,2.8284271247461894,-2.8284271247461907]","[-184,184,184,-184]","{""5"":1947,""6"":2608,""7"":2816,""8"":1678}","{""5"":1899,""6"":2428,""7"":2892,""8"":1862}","{""5"":1955,""6"":2609,""7"":2817,""8"":1696}","[-45.18,56.25,-222.59]","[14.183744892478444,-15.214972812320475,65.08035757633957]",0.0,2539128,coil_as_tip,thesis_trusted,True,
282,approach,True,ok,T10,T10,10,"[-5.6568542494923815,-5.656854249492379,5.6568542494923815,5.656854249492379]","[-369,-369,369,369]","{""5"":1762,""6"":2055,""7"":3001,""8"":2231}","{""5"":1955,""6"":2609,""7"":2817,""8"":1696}","{""5"":1793,""6"":2096,""7"":3000,""8"":2232}","[-34.730000000000004,17.01,-230.9]","[25.379563000135818,23.286092380318806,54.57522378697773]",0.0369596790005744,2540320,coil_as_tip,thesis_trusted,True,
283,repeat,True,ok,T08,T08,8,"[-2.8284271247461894,2.8284271247461907,2.8284271247461894,-2.8284271247461907]","[-184,184,184,-184]","{""5"":1947,""6"":2608,""7"":2816,""8"":1678}","{""5"":1793,""6"":2096,""7"":3000,""8"":2232}","{""5"":1956,""6"":2609,""7"":2817,""8"":1697}","[-45.35,55.1,-222.46]","[14.137951244706272,-14.058152706626224,65.2476004682222]",0.0,2541504,coil_as_tip,thesis_trusted,True,
284,approach,True,ok,T05,T05,5,"[4.0,0.0,-4.0,0.0]","[261,0,-261,0]","{""5"":2392,""6"":2424,""7"":2371,""8"":1862}","{""5"":1956,""6"":2609,""7"":2817,""8"":1697}","{""5"":2393,""6"":2426,""7"":2392,""8"":1862}","[-48.24,44.28,-196.22]","[-11.246019776185847,-1.3363555420032114,68.03542975149966]",0.0,2542680,coil_as_tip,thesis_trusted,True,
285,repeat,True,ok,T08,T08,8,"[-2.8284271247461894,2.8284271247461907,2.8284271247461894,-2.8284271247461907]","[-184,184,184,-184]","{""5"":1947,""6"":2608,""7"":2816,""8"":1678}","{""5"":2393,""6"":2426,""7"":2392,""8"":1862}","{""5"":1966,""6"":2609,""7"":2815,""8"":1695}","[-45.56,55.71,-221.45000000000002]","[13.085328874536941,-14.591959893727712,65.4557735520199]",0.0,2543864,coil_as_tip,thesis_trusted,True,
286,approach,True,ok,T02,T02,2,"[-2.8284271247461903,-2.82842712474619,2.8284271247461903,2.82842712474619]","[-184,-184,184,184]","{""5"":1947,""6"":2240,""7"":2816,""8"":2046}","{""5"":1966,""6"":2609,""7"":2815,""8"":1695}","{""5"":1963,""6"":2263,""7"":2815,""8"":2047}","[-45.46,29.19,-220.65]","[14.232882711698721,11.914999869402614,65.29891595225149]",0.0,2545016,coil_as_tip,thesis_trusted,True,
287,repeat,True,ok,T08,T08,8,"[-2.8284271247461894,2.8284271247461907,2.8284271247461894,-2.8284271247461907]","[-184,184,184,-184]","{""5"":1947,""6"":2608,""7"":2816,""8"":1678}","{""5"":1963,""6"":2263,""7"":2815,""8"":2047}","{""5"":1962,""6"":2609,""7"":2817,""8"":1697}","[-45.52,55.01,-221.98000000000002]","[13.665356134571056,-13.932806925505894,65.41595217457407]",0.03541347899954417,2546184,coil_as_tip,thesis_trusted,True,
288,approach,True,ok,T10,T10,10,"[-5.6568542494923815,-5.656854249492379,5.6568542494923815,5.656854249492379]","[-369,-369,369,369]","{""5"":1762,""6"":2055,""7"":3001,""8"":2231}","{""5"":1962,""6"":2609,""7"":2816,""8"":1697}","{""5"":1793,""6"":2095,""7"":3000,""8"":2232}","[-35.18,17.31,-230.87]","[25.326340815670136,22.990122677376917,55.02574496741343]",0.037108180000359425,2547352,coil_as_tip,thesis_trusted,True,
289,repeat,True,ok,T09,T09,9,"[-8.0,0.0,8.0,0.0]","[-522,0,522,0]","{""5"":1609,""6"":2424,""7"":3154,""8"":1862}","{""5"":1793,""6"":2095,""7"":3000,""8"":2232}","{""5"":1670,""6"":2425,""7"":3152,""8"":1862}","[-32.26,39.86,-241.94]","[34.72098447864013,-0.3175797926343975,52.18576679579898]",0.0,2548560,coil_as_tip,thesis_trusted,True,
290,approach,True,ok,T08,T08,8,"[-2.8284271247461894,2.8284271247461907,2.8284271247461894,-2.8284271247461907]","[-184,184,184,-184]","{""5"":1947,""6"":2608,""7"":2816,""8"":1678}","{""5"":1670,""6"":2425,""7"":3152,""8"":1862}","{""5"":1955,""6"":2609,""7"":2817,""8"":1699}","[-45.26,55.160000000000004,-223.06]","[14.732191949730975,-14.162198370637249,65.15955227521263]",0.0371488099990529,2549720,coil_as_tip,thesis_trusted,True,
291,repeat,True,ok,T09,T09,9,"[-8.0,0.0,8.0,0.0]","[-522,0,522,0]","{""5"":1609,""6"":2424,""7"":3154,""8"":1862}","{""5"":1955,""6"":2609,""7"":2817,""8"":1699}","{""5"":1670,""6"":2425,""7"":3152,""8"":1862}","[-32.34,43.95,-242.44]","[34.919423979969,-4.433042939189612,52.2756826100823]",0.03709029099991312,2550912,coil_as_tip,thesis_trusted,True,
292,approach,True,ok,T07,T07,7,"[0.0,4.0,0.0,-4.0]","[0,261,0,-261]","{""5"":2131,""6"":2685,""7"":2632,""8"":1601}","{""5"":1670,""6"":2425,""7"":3152,""8"":1862}","{""5"":2132,""6"":2686,""7"":2633,""8"":1629}","[-44.69,63.28,-214.58]","[5.681152691930464,-21.639694627571693,64.58038210912574]",0.0,2552088,coil_as_tip,thesis_trusted,True,
293,repeat,True,ok,T09,T09,9,"[-8.0,0.0,8.0,0.0]","[-522,0,522,0]","{""5"":1609,""6"":2424,""7"":3154,""8"":1862}","{""5"":2132,""6"":2686,""7"":2633,""8"":1629}","{""5"":1670,""6"":2425,""7"":3152,""8"":1862}","[-31.580000000000002,45.68,-242.36]","[34.714948035211194,-6.154237885745978,51.518994071802354]",0.03704438500062679,2553256,coil_as_tip,thesis_trusted,True,
294,approach,True,ok,T16,T16,16,"[-5.656854249492373,5.656854249492388,5.656854249492373,-5.656854249492388]","[-369,369,369,-369]","{""5"":1762,""6"":2793,""7"":3001,""8"":1493}","{""5"":1670,""6"":2425,""7"":3152,""8"":1862}","{""5"":1776,""6"":2793,""7"":3002,""8"":1531}","[-34.730000000000004,66.66,-234.37]","[25.198627772436055,-26.484561781996213,54.68768132835707]",0.03800695700010692,2554432,coil_as_tip,thesis_trusted,True,
295,repeat,True,ok,T09,T09,9,"[-8.0,0.0,8.0,0.0]","[-522,0,522,0]","{""5"":1609,""6"":2424,""7"":3154,""8"":1862}","{""5"":1776,""6"":2793,""7"":3002,""8"":1531}","{""5"":1667,""6"":2425,""7"":3152,""8"":1862}","[-32.11,46.58,-242.67000000000002]","[34.95657069257112,-7.0733437889212425,52.05178186276487]",0.0,2555600,coil_as_tip,thesis_trusted,True,
296,approach,True,ok,T15,T15,15,"[0.0,8.0,0.0,-8.0]","[0,522,0,-522]","{""5"":2131,""6"":2946,""7"":2632,""8"":1340}","{""5"":1667,""6"":2425,""7"":3152,""8"":1862}","{""5"":2132,""6"":2947,""7"":2633,""8"":1399}","[-31.73,81.55,-212.04]","[1.8454225477953514,-39.7035877076001,51.65022197652587]",0.0364944969987846,2556744,coil_as_tip,thesis_trusted,True,
297,repeat,True,ok,T09,T09,9,"[-8.0,0.0,8.0,0.0]","[-522,0,522,0]","{""5"":1609,""6"":2424,""7"":3154,""8"":1862}","{""5"":2132,""6"":2947,""7"":2633,""8"":1399}","{""5"":1668,""6"":2425,""7"":3152,""8"":1862}","[-33.1,45.78,-246.78]","[39.11130049892637,-6.5746740554863905,53.052655847409866]",0.0,2557920,coil_as_tip,thesis_trusted,True,
298,approach,True,ok,T04,T04,4,"[2.82842712474619,-2.8284271247461903,-2.82842712474619,2.8284271247461903]","[184,-184,-184,184]","{""5"":2315,""6"":2240,""7"":2448,""8"":2046}","{""5"":1668,""6"":2425,""7"":3152,""8"":1862}","{""5"":2315,""6"":2261,""7"":2460,""8"":2047}","[-47.13,28.34,-204.96]","[-1.3572727084996075,13.917180486266446,66.91935624782417]",0.03708073699999659,2559112,coil_as_tip,thesis_trusted,True,
299,repeat,True,ok,T09,T09,9,"[-8.0,0.0,8.0,0.0]","[-522,0,522,0]","{""5"":1609,""6"":2424,""7"":3154,""8"":1862}","{""5"":2315,""6"":2261,""7"":2460,""8"":2047}","{""5"":1670,""6"":2425,""7"":3152,""8"":1862}","[-31.990000000000002,43.01,-241.88]","[34.43088965041636,-3.455301633283682,51.922049823743194]",0.0,2560296,coil_as_tip,thesis_trusted,True,
300,approach,True,ok,T11,T11,11,"[0.0,-8.0,0.0,8.0]","[0,-522,0,522]","{""5"":2131,""6"":1902,""7"":2632,""8"":2384}","{""5"":1670,""6"":2425,""7"":3152,""8"":1862}","{""5"":2132,""6"":1964,""7"":2633,""8"":2385}","[-31.98,4.34,-210.67000000000002]","[6.141356602986718,37.399335807802075,51.7376060224979]",0.0,2561488,coil_as_tip,thesis_trusted,True,
301,repeat,True,ok,T09,T09,9,"[-8.0,0.0,8.0,0.0]","[-522,0,522,0]","{""5"":1609,""6"":2424,""7"":3154,""8"":1862}","{""5"":2132,""6"":1964,""7"":2633,""8"":2385}","{""5"":1669,""6"":2425,""7"":3152,""8"":1862}","[-32.87,37.26,-246.36]","[39.31799635420384,1.9526405528947492,52.80389412788506]",0.0,2562696,coil_as_tip,thesis_trusted,True,
302,approach,True,ok,T03,T03,3,"[0.0,-4.0,0.0,4.0]","[0,-261,0,261]","{""5"":2131,""6"":2163,""7"":2632,""8"":2123}","{""5"":1669,""6"":2425,""7"":3152,""8"":1862}","{""5"":2132,""6"":2192,""7"":2632,""8"":2124}","[-44.26,20.88,-213.08]","[7.2962650374495865,20.755048816232716,64.05880714293585]",0.0,2563880,coil_as_tip,thesis_trusted,True,
303,repeat,True,ok,T09,T09,9,"[-8.0,0.0,8.0,0.0]","[-522,0,522,0]","{""5"":1609,""6"":2424,""7"":3154,""8"":1862}","{""5"":2132,""6"":2192,""7"":2632,""8"":2124}","{""5"":1669,""6"":2425,""7"":3152,""8"":1862}","[-31.91,39.480000000000004,-242.25]","[35.05903013428042,0.037866495548044554,51.83593387722209]",0.0,2565056,coil_as_tip,thesis_trusted,True,
304,approach,True,ok,T14,T14,14,"[5.656854249492377,5.656854249492383,-5.656854249492377,-5.656854249492383]","[369,369,-369,-369]","{""5"":2500,""6"":2793,""7"":2263,""8"":1493}","{""5"":1669,""6"":2425,""7"":3152,""8"":1862}","{""5"":2500,""6"":2793,""7"":2290,""8"":1530}","[-39.35,68.66,-194.82]","[-14.404717023402156,-25.568146242653718,59.191253637225614]",0.0,2566232,coil_as_tip,thesis_trusted,True,
305,repeat,True,ok,T09,T09,9,"[-8.0,0.0,8.0,0.0]","[-522,0,522,0]","{""5"":1609,""6"":2424,""7"":3154,""8"":1862}","{""5"":2500,""6"":2793,""7"":2290,""8"":1530}","{""5"":1670,""6"":2425,""7"":3152,""8"":1862}","[-31.84,44.71,-243.85]","[36.27132235043484,-5.295536644619133,51.78154153303426]",0.0,2567416,coil_as_tip,thesis_trusted,True,
306,approach,True,ok,T01,T01,1,"[-4.0,0.0,4.0,0.0]","[-261,0,261,0]","{""5"":1870,""6"":2424,""7"":2893,""8"":1862}","{""5"":1670,""6"":2425,""7"":3152,""8"":1862}","{""5"":1881,""6"":2426,""7"":2894,""8"":1862}","[-44.25,42.56,-229.59]","[22.171639790616155,-2.0773543941854697,64.14359859144237]",0.0,2568584,coil_as_tip,thesis_trusted,True,
307,repeat,True,ok,T09,T09,9,"[-8.0,0.0,8.0,0.0]","[-522,0,522,0]","{""5"":1609,""6"":2424,""7"":3154,""8"":1862}","{""5"":1881,""6"":2426,""7"":2894,""8"":1862}","{""5"":1668,""6"":2425,""7"":3152,""8"":1862}","[-31.900000000000002,44.11,-243.48000000000002]","[35.94615410315342,-4.669882489882184,51.8391825741448]",0.0,2569784,coil_as_tip,thesis_trusted,True,
308,approach,True,ok,T00,T00,0,"[0.0,0.0,0.0,0.0]","[0,0,0,0]","{""5"":2131,""6"":2424,""7"":2632,""8"":1862}","{""5"":1668,""6"":2425,""7"":3152,""8"":1862}","{""5"":2132,""6"":2427,""7"":2632,""8"":1863}","[-49.11,42.17,-214.85]","[7.485970052589238,-0.5963641246324727,68.95785576852484]",0.0,2570968,coil_as_tip,thesis_trusted,True,
309,repeat,True,ok,T09,T09,9,"[-8.0,0.0,8.0,0.0]","[-522,0,522,0]","{""5"":1609,""6"":2424,""7"":3154,""8"":1862}","{""5"":2132,""6"":2427,""7"":2632,""8"":1863}","{""5"":1669,""6"":2425,""7"":3152,""8"":1862}","[-33.51,41.28,-246.54]","[39.200815886700724,-2.06827176142162,53.452687545403165]",0.0,2572168,coil_as_tip,thesis_trusted,True,
310,approach,True,ok,T06,T06,6,"[2.8284271247461907,2.82842712474619,-2.8284271247461907,-2.82842712474619]","[184,184,-184,-184]","{""5"":2315,""6"":2608,""7"":2448,""8"":1678}","{""5"":1669,""6"":2425,""7"":3152,""8"":1863}","{""5"":2315,""6"":2609,""7"":2460,""8"":1698}","[-47.230000000000004,57.34,-206.17000000000002]","[-2.277827914579035,-15.093163276027816,67.08255216099248]",0.0,2573360,coil_as_tip,thesis_trusted,True,
311,repeat,True,ok,T09,T09,9,"[-8.0,0.0,8.0,0.0]","[-522,0,522,0]","{""5"":1609,""6"":2424,""7"":3154,""8"":1862}","{""5"":2315,""6"":2609,""7"":2460,""8"":1697}","{""5"":1670,""6"":2425,""7"":3152,""8"":1862}","[-32.03,44.44,-242.16]","[34.60513559382042,-4.901891079019272,51.9658371129222]",0.0,2574552,coil_as_tip,thesis_trusted,True,
312,approach,True,ok,T05,T05,5,"[4.0,0.0,-4.0,0.0]","[261,0,-261,0]","{""5"":2392,""6"":2424,""7"":2371,""8"":1862}","{""5"":1670,""6"":2425,""7"":3152,""8"":1862}","{""5"":2393,""6"":2426,""7"":2394,""8"":1862}","[-48.38,43.78,-196.74]","[-10.6911543777654,-0.8755214938426477,68.17598710524426]",0.03809379400081525,2575728,coil_as_tip,thesis_trusted,True,
313,repeat,True,ok,T09,T09,9,"[-8.0,0.0,8.0,0.0]","[-522,0,522,0]","{""5"":1609,""6"":2424,""7"":3154,""8"":1862}","{""5"":2393,""6"":2426,""7"":2393,""8"":1862}","{""5"":1670,""6"":2425,""7"":3152,""8"":1862}","[-31.87,43.480000000000004,-243.55]","[36.06225921020183,-4.046782433965319,51.808103249286134]",0.0,2576912,coil_as_tip,thesis_trusted,True,
314,approach,True,ok,T02,T02,2,"[-2.8284271247461903,-2.82842712474619,2.8284271247461903,2.82842712474619]","[-184,-184,184,184]","{""5"":1947,""6"":2240,""7"":2816,""8"":2046}","{""5"":1670,""6"":2425,""7"":3152,""8"":1862}","{""5"":1954,""6"":2263,""7"":2817,""8"":2047}","[-44.95,28.32,-221.82]","[15.4650095761844,12.695691074942488,64.79069884175111]",0.0,2578080,coil_as_tip,thesis_trusted,True,
315,repeat,True,ok,T09,T09,9,"[-8.0,0.0,8.0,0.0]","[-522,0,522,0]","{""5"":1609,""6"":2424,""7"":3154,""8"":1862}","{""5"":1954,""6"":2263,""7"":2816,""8"":2047}","{""5"":1669,""6"":2425,""7"":3152,""8"":1862}","[-31.68,41.36,-242.78]","[35.45037626473902,-1.8764575076183476,51.61140811683792]",0.03788488699865411,2579256,coil_as_tip,thesis_trusted,True,
316,approach,True,ok,T13,T13,13,"[8.0,0.0,-8.0,0.0]","[522,0,-522,0]","{""5"":2653,""6"":2424,""7"":2110,""8"":1862}","{""5"":1669,""6"":2425,""7"":3152,""8"":1862}","{""5"":2653,""6"":2425,""7"":2163,""8"":1862}","[-39.36,45.06,-176.52]","[-30.92444094227801,-0.6896424533104195,59.0970684592488]",0.03901377500005765,2580408,coil_as_tip,thesis_trusted,True,
317,repeat,True,ok,T09,T09,9,"[-8.0,0.0,8.0,0.0]","[-522,0,522,0]","{""5"":1609,""6"":2424,""7"":3154,""8"":1862}","{""5"":2653,""6"":2425,""7"":2163,""8"":1862}","{""5"":1671,""6"":2425,""7"":3152,""8"":1863}","[-32.13,42.42,-244.05]","[36.637905138530385,-3.0257186827976383,52.06744969952237]",0.0,2581592,coil_as_tip,thesis_trusted,True,
318,approach,True,ok,T12,T12,12,"[5.6568542494923735,-5.656854249492387,-5.6568542494923735,5.656854249492387]","[369,-369,-369,369]","{""5"":2500,""6"":2055,""7"":2263,""8"":2231}","{""5"":1671,""6"":2425,""7"":3152,""8"":1862}","{""5"":2500,""6"":2092,""7"":2290,""8"":2232}","[-39.02,17.1,-190.88]","[-14.55147210425747,26.141079549795485,58.74344688007574]",0.0,2582760,coil_as_tip,thesis_trusted,True,
319,repeat,True,ok,T09,T09,9,"[-8.0,0.0,8.0,0.0]","[-522,0,522,0]","{""5"":1609,""6"":2424,""7"":3154,""8"":1862}","{""5"":2500,""6"":2093,""7"":2290,""8"":2233}","{""5"":1670,""6"":2425,""7"":3152,""8"":1862}","[-32.45,39.72,-244.97]","[37.75253046318855,-0.3997414774155601,52.38471000659591]",0.0,2583944,coil_as_tip,thesis_trusted,True,
320,approach,True,ok,T03,T03,3,"[0.0,-4.0,0.0,4.0]","[0,-261,0,261]","{""5"":2131,""6"":2163,""7"":2632,""8"":2123}","{""5"":1670,""6"":2425,""7"":3152,""8"":1862}","{""5"":2132,""6"":2192,""7"":2632,""8"":2124}","[-44.47,21.16,-212.20000000000002]","[6.39749580623058,20.540818118595475,64.26669912739857]",0.0,2585112,coil_as_tip,thesis_trusted,True,
321,repeat,True,ok,T10,T10,10,"[-5.6568542494923815,-5.656854249492379,5.6568542494923815,5.656854249492379]","[-369,-369,369,369]","{""5"":1762,""6"":2055,""7"":3001,""8"":2231}","{""5"":2132,""6"":2192,""7"":2632,""8"":2125}","{""5"":1797,""6"":2092,""7"":3000,""8"":2232}","[-35.050000000000004,16.37,-230.32]","[24.847144132015643,23.967629998201552,54.892141164665276]",0.0,2586288,coil_as_tip,thesis_trusted,True,
322,approach,True,ok,T02,T02,2,"[-2.8284271247461903,-2.82842712474619,2.8284271247461903,2.82842712474619]","[-184,-184,184,184]","{""5"":1947,""6"":2240,""7"":2816,""8"":2046}","{""5"":1797,""6"":2091,""7"":3000,""8"":2231}","{""5"":1954,""6"":2248,""7"":2817,""8"":2047}","[-44.54,26.67,-221.34]","[15.108507613487717,14.375515313824287,64.37585323546058]",0.0,2587472,coil_as_tip,thesis_trusted,True,
323,repeat,True,ok,T10,T10,10,"[-5.6568542494923815,-5.656854249492379,5.6568542494923815,5.656854249492379]","[-369,-369,369,369]","{""5"":1762,""6"":2055,""7"":3001,""8"":2231}","{""5"":1954,""6"":2248,""7"":2816,""8"":2047}","{""5"":1797,""6"":2091,""7"":3000,""8"":2232}","[-34.52,16.17,-230.03]","[24.57412608729902,24.18715596491797,54.36085075707605]",0.037088778999532224,2588632,coil_as_tip,thesis_trusted,True,
324,approach,True,ok,T08,T08,8,"[-2.8284271247461894,2.8284271247461907,2.8284271247461894,-2.8284271247461907]","[-184,184,184,-184]","{""5"":1947,""6"":2608,""7"":2816,""8"":1678}","{""5"":1797,""6"":2091,""7"":3000,""8"":2232}","{""5"":1955,""6"":2609,""7"":2817,""8"":1701}","[-45.39,54.5,-222.31]","[14.03224729883459,-13.448678419180375,65.28591193869167]",0.0,2589816,coil_as_tip,thesis_trusted,True,
325,repeat,True,ok,T10,T10,10,"[-5.6568542494923815,-5.656854249492379,5.6568542494923815,5.656854249492379]","[-369,-369,369,369]","{""5"":1762,""6"":2055,""7"":3001,""8"":2231}","{""5"":1955,""6"":2609,""7"":2817,""8"":1701}","{""5"":1791,""6"":2094,""7"":3000,""8"":2232}","[-34.550000000000004,16.82,-230.35]","[24.84550203883589,23.515507808293187,54.39315937248999]",0.037128353000298375,2590976,coil_as_tip,thesis_trusted,True,
326,approach,True,ok,T07,T07,7,"[0.0,4.0,0.0,-4.0]","[0,261,0,-261]","{""5"":2131,""6"":2685,""7"":2632,""8"":1601}","{""5"":1791,""6"":2094,""7"":3000,""8"":2232}","{""5"":2133,""6"":2686,""7"":2632,""8"":1632}","[-45.07,62.76,-213.65]","[4.790703290988631,-21.05202888188807,64.95647895265475]",0.0,2592192,coil_as_tip,thesis_trusted,True,
327,repeat,True,ok,T10,T10,10,"[-5.6568542494923815,-5.656854249492379,5.6568542494923815,5.656854249492379]","[-369,-369,369,369]","{""5"":1762,""6"":2055,""7"":3001,""8"":2231}","{""5"":2132,""6"":2686,""7"":2633,""8"":1632}","{""5"":1791,""6"":2095,""7"":3000,""8"":2232}","[-35.21,17.17,-230.25]","[24.718194939396398,23.175283273107837,55.05356846395544]",0.0,2593376,coil_as_tip,thesis_trusted,True,
328,approach,True,ok,T11,T11,11,"[0.0,-8.0,0.0,8.0]","[0,-522,0,522]","{""5"":2131,""6"":1902,""7"":2632,""8"":2384}","{""5"":1791,""6"":2095,""7"":3000,""8"":2232}","{""5"":2132,""6"":1964,""7"":2633,""8"":2384}","[-31.900000000000002,4.39,-211.11]","[6.576733483735609,37.31702004706378,51.65904975448933]",0.038867314000526676,2594512,coil_as_tip,thesis_trusted,True,
329,repeat,True,ok,T10,T10,10,"[-5.6568542494923815,-5.656854249492379,5.6568542494923815,5.656854249492379]","[-369,-369,369,369]","{""5"":1762,""6"":2055,""7"":3001,""8"":2231}","{""5"":2132,""6"":1964,""7"":2633,""8"":2384}","{""5"":1797,""6"":2067,""7"":3000,""8"":2232}","[-33.74,14.88,-229.63]","[24.272072744899646,25.501243596530156,53.576990135033284]",0.0,2595720,coil_as_tip,thesis_trusted,True,
330,approach,True,ok,T04,T04,4,"[2.82842712474619,-2.8284271247461903,-2.82842712474619,2.8284271247461903]","[184,-184,-184,184]","{""5"":2315,""6"":2240,""7"":2448,""8"":2046}","{""5"":1797,""6"":2067,""7"":3000,""8"":2232}","{""5"":2315,""6"":2248,""7"":2460,""8"":2047}","[-46.72,26.44,-203.72]","[-2.4533883083753096,15.902068106819698,66.50168206202426]",0.0,2596920,coil_as_tip,thesis_trusted,True,
331,repeat,True,ok,T10,T10,10,"[-5.6568542494923815,-5.656854249492379,5.6568542494923815,5.656854249492379]","[-369,-369,369,369]","{""5"":1762,""6"":2055,""7"":3001,""8"":2231}","{""5"":2315,""6"":2248,""7"":2460,""8"":2047}","{""5"":1799,""6"":2087,""7"":3000,""8"":2232}","[-34.480000000000004,16.04,-229.72]","[24.274612688371178,24.339449684266057,54.31963975235847]",0.03804983400004858,2598080,coil_as_tip,thesis_trusted,True,
332,approach,True,ok,T00,T00,0,"[0.0,0.0,0.0,0.0]","[0,0,0,0]","{""5"":2131,""6"":2424,""7"":2632,""8"":1862}","{""5"":1799,""6"":2087,""7"":3000,""8"":2232}","{""5"":2132,""6"":2426,""7"":2632,""8"":1868}","[-49.4,41.57,-212.19]","[4.8763149278763365,0.19775726688715878,69.23851810228312]",0.03593135600021924,2599264,coil_as_tip,thesis_trusted,True,
333,repeat,True,ok,T10,T10,10,"[-5.6568542494923815,-5.656854249492379,5.6568542494923815,5.656854249492379]","[-369,-369,369,369]","{""5"":1762,""6"":2055,""7"":3001,""8"":2231}","{""5"":2133,""6"":2426,""7"":2632,""8"":1868}","{""5"":1795,""6"":2092,""7"":3000,""8"":2232}","[-34.54,16.09,-230.44]","[24.988829924172734,24.236916946822333,54.381935641759725]",0.0,2600424,coil_as_tip,thesis_trusted,True,
334,approach,True,ok,T13,T13,13,"[8.0,0.0,-8.0,0.0]","[522,0,-522,0]","{""5"":2653,""6"":2424,""7"":2110,""8"":1862}","{""5"":1796,""6"":2092,""7"":3000,""8"":2232}","{""5"":2653,""6"":2425,""7"":2161,""8"":1863}","[-39.56,41.89,-176.22]","[-30.991705933112854,2.4942684334784317,59.289648016822866]",0.038978980999672785,2601584,coil_as_tip,thesis_trusted,True,
335,repeat,True,ok,T10,T10,10,"[-5.6568542494923815,-5.656854249492379,5.6568542494923815,5.656854249492379]","[-369,-369,369,369]","{""5"":1762,""6"":2055,""7"":3001,""8"":2231}","{""5"":2653,""6"":2425,""7"":2161,""8"":1863}","{""5"":1801,""6"":2087,""7"":3000,""8"":2232}","[-34.95,15.91,-229.14000000000001]","[23.70435470386701,24.51270249484036,54.78760267261745]",0.0,2602760,coil_as_tip,thesis_trusted,True,
336,approach,True,ok,T05,T05,5,"[4.0,0.0,-4.0,0.0]","[261,0,-261,0]","{""5"":2392,""6"":2424,""7"":2371,""8"":1862}","{""5"":1801,""6"":2087,""7"":3000,""8"":2232}","{""5"":2394,""6"":2425,""7"":2390,""8"":1865}","[-48.230000000000004,41.26,-196.12]","[-11.124219514958696,1.6828152688464684,68.01892789468616]",0.0,2603944,coil_as_tip,thesis_trusted,True,
337,repeat,True,ok,T10,T10,10,"[-5.6568542494923815,-5.656854249492379,5.6568542494923815,5.656854249492379]","[-369,-369,369,369]","{""5"":1762,""6"":2055,""7"":3001,""8"":2231}","{""5"":2393,""6"":2425,""7"":2390,""8"":1865}","{""5"":1798,""6"":2088,""7"":3000,""8"":2232}","[-34.72,15.77,-229.3]","[23.874855643153325,24.640068870350518,54.557804421771436]",0.03848550099974091,2605088,coil_as_tip,thesis_trusted,True,
338,approach,True,ok,T12,T12,12,"[5.6568542494923735,-5.656854249492387,-5.6568542494923735,5.656854249492387]","[369,-369,-369,369]","{""5"":2500,""6"":2055,""7"":2263,""8"":2231}","{""5"":1798,""6"":2088,""7"":3000,""8"":2232}","{""5"":2500,""6"":2087,""7"":2291,""8"":2232}","[-38.69,16.42,-191.03]","[-14.35104913007953,26.807496753161388,58.412510719344326]",0.0,2606272,coil_as_tip,thesis_trusted,True,
339,repeat,True,ok,T10,T10,10,"[-5.6568542494923815,-5.656854249492379,5.6568542494923815,5.656854249492379]","[-369,-369,369,369]","{""5"":1762,""6"":2055,""7"":3001,""8"":2231}","{""5"":2500,""6"":2088,""7"":2291,""8"":2232}","{""5"":1801,""6"":2086,""7"":3000,""8"":2232}","[-34.86,15.73,-229.01]","[23.58816739621855,24.701547012629035,54.69683782456177]",0.03712802100017143,2607464,coil_as_tip,thesis_trusted,True,
340,approach,True,ok,T16,T16,16,"[-5.656854249492373,5.656854249492388,5.656854249492373,-5.656854249492388]","[-369,369,369,-369]","{""5"":1762,""6"":2793,""7"":3001,""8"":1493}","{""5"":1801,""6"":2086,""7"":3000,""8"":2232}","{""5"":1791,""6"":2793,""7"":3001,""8"":1533}","[-36.4,65.72,-234.16]","[25.053315370424173,-25.52790354867934,56.355101290588706]",0.0,2608632,coil_as_tip,thesis_trusted,True,
341,repeat,True,ok,T10,T10,10,"[-5.6568542494923815,-5.656854249492379,5.6568542494923815,5.656854249492379]","[-369,-369,369,369]","{""5"":1762,""6"":2055,""7"":3001,""8"":2231}","{""5"":1791,""6"":2794,""7"":3001,""8"":1533}","{""5"":1791,""6"":2094,""7"":3000,""8"":2232}","[-34.96,16.88,-230.52]","[25.00945864661074,23.44413269356101,54.80379768507656]",0.0,2609808,coil_as_tip,thesis_trusted,True,
342,approach,True,ok,T01,T01,1,"[-4.0,0.0,4.0,0.0]","[-261,0,261,0]","{""5"":1870,""6"":2424,""7"":2893,""8"":1862}","{""5"":1791,""6"":2094,""7"":3000,""8"":2233}","{""5"":1880,""6"":2425,""7"":2894,""8"":1864}","[-44.300000000000004,38.86,-228.9]","[21.754732857580052,1.6633894006197423,64.18390331588972]",0.03640831899974728,2610976,coil_as_tip,thesis_trusted,True,
343,repeat,True,ok,T10,T10,10,"[-5.6568542494923815,-5.656854249492379,5.6568542494923815,5.656854249492379]","[-369,-369,369,369]","{""5"":1762,""6"":2055,""7"":3001,""8"":2231}","{""5"":1880,""6"":2425,""7"":2894,""8"":1864}","{""5"":1791,""6"":2094,""7"":3000,""8"":2232}","[-34.65,16.78,-230.03]","[24.529010241691623,23.579095305241843,54.49210164137537]",0.0,2612160,coil_as_tip,thesis_trusted,True,
344,approach,True,ok,T15,T15,15,"[0.0,8.0,0.0,-8.0]","[0,522,0,-522]","{""5"":2131,""6"":2946,""7"":2632,""8"":1340}","{""5"":1791,""6"":2093,""7"":3000,""8"":2232}","{""5"":2132,""6"":2948,""7"":2633,""8"":1402}","[-33.47,81.62,-211.96]","[1.7554789405115514,-39.76358214685889,53.39011013809453]",0.03893200200036517,2613328,coil_as_tip,thesis_trusted,True,
345,repeat,True,ok,T10,T10,10,"[-5.6568542494923815,-5.656854249492379,5.6568542494923815,5.656854249492379]","[-369,-369,369,369]","{""5"":1762,""6"":2055,""7"":3001,""8"":2231}","{""5"":2132,""6"":2947,""7"":2633,""8"":1402}","{""5"":1791,""6"":2095,""7"":3000,""8"":2232}","[-35.04,17.35,-230.63]","[25.08445876238065,22.967513933617013,54.88509676443144]",0.03860044700013532,2614504,coil_as_tip,thesis_trusted,True,
346,approach,True,ok,T14,T14,14,"[5.656854249492377,5.656854249492383,-5.656854249492377,-5.656854249492383]","[369,369,-369,-369]","{""5"":2500,""6"":2793,""7"":2263,""8"":1493}","{""5"":1791,""6"":2094,""7"":3000,""8"":2232}","{""5"":2500,""6"":2793,""7"":2287,""8"":1530}","[-39.36,69.76,-194.31]","[-14.994049555499714,-26.627755890148016,59.20195698008993]",0.0,2615688,coil_as_tip,thesis_trusted,True,
347,repeat,True,ok,T10,T10,10,"[-5.6568542494923815,-5.656854249492379,5.6568542494923815,5.656854249492379]","[-369,-369,369,369]","{""5"":1762,""6"":2055,""7"":3001,""8"":2231}","{""5"":2500,""6"":2793,""7"":2287,""8"":1530}","{""5"":1794,""6"":2093,""7"":3000,""8"":2232}","[-35.2,16.88,-229.87]","[24.36051891166764,23.492347510390047,55.041815650470184]",0.03652370900090318,2616856,coil_as_tip,thesis_trusted,True,
348,approach,True,ok,T09,T09,9,"[-8.0,0.0,8.0,0.0]","[-522,0,522,0]","{""5"":1609,""6"":2424,""7"":3154,""8"":1862}","{""5"":1794,""6"":2093,""7"":3000,""8"":2232}","{""5"":1670,""6"":2425,""7"":3152,""8"":1862}","[-32.71,37.660000000000004,-245.47]","[38.401521300691115,1.6186267976141409,52.64200438895071]",0.03712665199964249,2618016,coil_as_tip,thesis_trusted,True,
349,repeat,True,ok,T10,T10,10,"[-5.6568542494923815,-5.656854249492379,5.6568542494923815,5.656854249492379]","[-369,-369,369,369]","{""5"":1762,""6"":2055,""7"":3001,""8"":2231}","{""5"":1670,""6"":2425,""7"":3152,""8"":1862}","{""5"":1774,""6"":2093,""7"":3002,""8"":2232}","[-34.230000000000004,17.080000000000002,-231.54]","[26.014146468926697,23.16820943193772,54.077320752624345]",0.03891196500080696,2619192,coil_as_tip,thesis_trusted,True,
350,approach,True,ok,T06,T06,6,"[2.8284271247461907,2.82842712474619,-2.8284271247461907,-2.82842712474619]","[184,184,-184,-184]","{""5"":2315,""6"":2608,""7"":2448,""8"":1678}","{""5"":1774,""6"":2093,""7"":3002,""8"":2232}","{""5"":2315,""6"":2609,""7"":2458,""8"":1697}","[-47.22,56.85,-206.19]","[-2.221913979171717,-14.605973529081588,67.07160765105674]",0.0,2620360,coil_as_tip,thesis_trusted,True,
351,repeat,True,ok,T10,T10,10,"[-5.6568542494923815,-5.656854249492379,5.6568542494923815,5.656854249492379]","[-369,-369,369,369]","{""5"":1762,""6"":2055,""7"":3001,""8"":2231}","{""5"":2315,""6"":2609,""7"":2458,""8"":1697}","{""5"":1793,""6"":2094,""7"":3000,""8"":2232}","[-35.09,17.11,-230.45000000000002]","[24.922402694761757,23.220181447096408,54.93405550808393]",0.03612646900000982,2621536,coil_as_tip,thesis_trusted,True,
352,approach,True,ok,T01,T01,1,"[-4.0,0.0,4.0,0.0]","[-261,0,261,0]","{""5"":1870,""6"":2424,""7"":2893,""8"":1862}","{""5"":1793,""6"":2093,""7"":3000,""8"":2232}","{""5"":1880,""6"":2425,""7"":2894,""8"":1863}","[-44.13,38.65,-229.16]","[22.02992490075175,1.8533694439676225,64.01426569475423]",0.0,2622720,coil_as_tip,thesis_trusted,True,
353,repeat,True,ok,T11,T11,11,"[0.0,-8.0,0.0,8.0]","[0,-522,0,522]","{""5"":2131,""6"":1902,""7"":2632,""8"":2384}","{""5"":1880,""6"":2425,""7"":2894,""8"":1863}","{""5"":2132,""6"":1965,""7"":2633,""8"":2385}","[-31.73,4.23,-210.35]","[5.831009779130255,37.53194012174495,51.48640700807712]",0.03797344800113933,2623872,coil_as_tip,thesis_trusted,True,
354,approach,True,ok,T07,T07,7,"[0.0,4.0,0.0,-4.0]","[0,261,0,-261]","{""5"":2131,""6"":2685,""7"":2632,""8"":1601}","{""5"":2132,""6"":1965,""7"":2633,""8"":2385}","{""5"":2132,""6"":2686,""7"":2633,""8"":1632}","[-45.24,62.690000000000005,-212.59]","[3.7382058597830223,-20.90409286833782,65.12310456053186]",0.0,2625064,coil_as_tip,thesis_trusted,True,
355,repeat,True,ok,T11,T11,11,"[0.0,-8.0,0.0,8.0]","[0,-522,0,522]","{""5"":2131,""6"":1902,""7"":2632,""8"":2384}","{""5"":2132,""6"":2686,""7"":2633,""8"":1632}","{""5"":2132,""6"":1965,""7"":2632,""8"":2385}","[-31.86,4.41,-209.13]","[4.600723251498692,37.442193362410066,51.613058415953745]",0.03685761700035073,2626216,coil_as_tip,thesis_trusted,True,
356,approach,True,ok,T15,T15,15,"[0.0,8.0,0.0,-8.0]","[0,522,0,-522]","{""5"":2131,""6"":2946,""7"":2632,""8"":1340}","{""5"":2132,""6"":1965,""7"":2632,""8"":2385}","{""5"":2132,""6"":2947,""7"":2633,""8"":1402}","[-32.8,79.31,-213.75]","[3.7120120887771293,-37.592605489227644,52.72082814090784]",0.03591646999848308,2627384,coil_as_tip,thesis_trusted,True,
357,repeat,True,ok,T11,T11,11,"[0.0,-8.0,0.0,8.0]","[0,-522,0,522]","{""5"":2131,""6"":1902,""7"":2632,""8"":2384}","{""5"":2132,""6"":2947,""7"":2633,""8"":1402}","{""5"":2132,""6"":1964,""7"":2632,""8"":2385}","[-32.11,4.51,-208.61]","[4.074069463714125,37.38116642343343,51.861677603731536]",0.039045707000695984,2628552,coil_as_tip,thesis_trusted,True,
358,approach,True,ok,T05,T05,5,"[4.0,0.0,-4.0,0.0]","[261,0,-261,0]","{""5"":2392,""6"":2424,""7"":2371,""8"":1862}","{""5"":2132,""6"":1964,""7"":2632,""8"":2385}","{""5"":2393,""6"":2425,""7"":2390,""8"":1866}","[-48.26,41.550000000000004,-195.96]","[-11.305144573680735,1.405399214942065,68.04903530511183]",0.0,2629736,coil_as_tip,thesis_trusted,True,
359,repeat,True,ok,T11,T11,11,"[0.0,-8.0,0.0,8.0]","[0,-522,0,522]","{""5"":2131,""6"":1902,""7"":2632,""8"":2384}","{""5"":2393,""6"":2425,""7"":2390,""8"":1866}","{""5"":2132,""6"":1964,""7"":2631,""8"":2385}","[-32.02,4.2700000000000005,-206.83]","[2.3167338027482174,37.75085771747591,51.765762423459066]",0.0,2630920,coil_as_tip,thesis_trusted,True,
360,approach,True,ok,T02,T02,2,"[-2.8284271247461903,-2.82842712474619,2.8284271247461903,2.82842712474619]","[-184,-184,184,184]","{""5"":1947,""6"":2240,""7"":2816,""8"":2046}","{""5"":2132,""6"":1964,""7"":2631,""8"":2385}","{""5"":1967,""6"":2247,""7"":2815,""8"":2047}","[-44.82,26.19,-220.44]","[14.245332298246751,14.92086172401283,64.65212424018802]",0.0,2632088,coil_as_tip,thesis_trusted,True,
361,repeat,True,ok,T11,T11,11,"[0.0,-8.0,0.0,8.0]","[0,-522,0,522]","{""5"":2131,""6"":1902,""7"":2632,""8"":2384}","{""5"":1967,""6"":2247,""7"":2815,""8"":2047}","{""5"":2132,""6"":1964,""7"":2633,""8"":2385}","[-31.990000000000002,4.0600000000000005,-208.59]","[4.087475193941572,37.8311478290378,51.74069404696708]",0.0,2633264,coil_as_tip,thesis_trusted,True,
362,approach,True,ok,T09,T09,9,"[-8.0,0.0,8.0,0.0]","[-522,0,522,0]","{""5"":1609,""6"":2424,""7"":3154,""8"":1862}","{""5"":2132,""6"":1963,""7"":2633,""8"":2385}","{""5"":1671,""6"":2425,""7"":3152,""8"":1862}","[-32.2,36.67,-244.74]","[37.74757489309647,2.658337672782295,52.12775212395704]",0.0,2634440,coil_as_tip,thesis_trusted,True,
363,repeat,True,ok,T11,T11,11,"[0.0,-8.0,0.0,8.0]","[0,-522,0,522]","{""5"":2131,""6"":1902,""7"":2632,""8"":2384}","{""5"":1671,""6"":2425,""7"":3152,""8"":1862}","{""5"":2132,""6"":1963,""7"":2633,""8"":2385}","[-31.63,4.23,-210.39000000000001]","[5.871190685730596,37.52877958232665,51.38652955448843]",0.0,2635624,coil_as_tip,thesis_trusted,True,
364,approach,True,ok,T04,T04,4,"[2.82842712474619,-2.8284271247461903,-2.82842712474619,2.8284271247461903]","[184,-184,-184,184]","{""5"":2315,""6"":2240,""7"":2448,""8"":2046}","{""5"":2132,""6"":1963,""7"":2633,""8"":2385}","{""5"":2315,""6"":2248,""7"":2459,""8"":2047}","[-46.57,25.96,-202.76]","[-3.3751598943896397,16.4508387266724,66.34777316038736]",0.0,2636800,coil_as_tip,thesis_trusted,True,
365,repeat,True,ok,T11,T11,11,"[0.0,-8.0,0.0,8.0]","[0,-522,0,522]","{""5"":2131,""6"":1902,""7"":2632,""8"":2384}","{""5"":2315,""6"":2248,""7"":2460,""8"":2047}","{""5"":2132,""6"":1963,""7"":2631,""8"":2385}","[-31.86,4.07,-208.16]","[3.6582771409621557,37.85241523366099,51.609405323844015]",0.03832058700027119,2637992,coil_as_tip,thesis_trusted,True,
366,approach,True,ok,T06,T06,6,"[2.8284271247461907,2.82842712474619,-2.8284271247461907,-2.82842712474619]","[184,184,-184,-184]","{""5"":2315,""6"":2608,""7"":2448,""8"":1678}","{""5"":2132,""6"":1963,""7"":2631,""8"":2385}","{""5"":2315,""6"":2609,""7"":2455,""8"":1702}","[-47.44,56.13,-204.76]","[-3.595883531353053,-13.78254083459202,67.28577176412018]",0.0,2639168,coil_as_tip,thesis_trusted,True,
367,repeat,True,ok,T11,T11,11,"[0.0,-8.0,0.0,8.0]","[0,-522,0,522]","{""5"":2131,""6"":1902,""7"":2632,""8"":2384}","{""5"":2315,""6"":2609,""7"":2455,""8"":1702}","{""5"":2132,""6"":1964,""7"":2631,""8"":2385}","[-32.21,4.41,-208.03]","[3.5026797232744116,37.52366019863425,51.95970458241227]",0.0,2640328,coil_as_tip,thesis_trusted,True,
368,approach,True,ok,T08,T08,8,"[-2.8284271247461894,2.8284271247461907,2.8284271247461894,-2.8284271247461907]","[-184,184,184,-184]","{""5"":1947,""6"":2608,""7"":2816,""8"":1678}","{""5"":2132,""6"":1964,""7"":2631,""8"":2385}","{""5"":1963,""6"":2609,""7"":2816,""8"":1701}","[-45.85,54.09,-221.92000000000002]","[13.672042235864296,-13.01013735459194,65.74387923804849]",0.03870279300099355,2641496,coil_as_tip,thesis_trusted,True,
369,repeat,True,ok,T11,T11,11,"[0.0,-8.0,0.0,8.0]","[0,-522,0,522]","{""5"":2131,""6"":1902,""7"":2632,""8"":2384}","{""5"":1963,""6"":2609,""7"":2816,""8"":1701}","{""5"":2132,""6"":1964,""7"":2632,""8"":2385}","[-31.91,4.39,-208.56]","[4.033583347092701,37.50405589087049,51.661280365342506]",0.0,2642680,coil_as_tip,thesis_trusted,True,
370,approach,True,ok,T14,T14,14,"[5.656854249492377,5.656854249492383,-5.656854249492377,-5.656854249492383]","[369,369,-369,-369]","{""5"":2500,""6"":2793,""7"":2263,""8"":1493}","{""5"":2132,""6"":1964,""7"":2633,""8"":2385}","{""5"":2500,""6"":2793,""7"":2285,""8"":1534}","[-39.230000000000004,69.01,-193.18]","[-16.06561719478418,-25.797200105950004,59.06697593040683]",0.0,2643856,coil_as_tip,thesis_trusted,True,
371,repeat,True,ok,T11,T11,11,"[0.0,-8.0,0.0,8.0]","[0,-522,0,522]","{""5"":2131,""6"":1902,""7"":2632,""8"":2384}","{""5"":2500,""6"":2793,""7"":2285,""8"":1534}","{""5"":2132,""6"":1964,""7"":2632,""8"":2385}","[-32.4,4.5200000000000005,-206.81]","[2.2773540542029025,37.50386095591419,52.14621194071796]",0.0,2645016,coil_as_tip,thesis_trusted,True,
372,approach,True,ok,T10,T10,10,"[-5.6568542494923815,-5.656854249492379,5.6568542494923815,5.656854249492379]","[-369,-369,369,369]","{""5"":1762,""6"":2055,""7"":3001,""8"":2231}","{""5"":2132,""6"":1964,""7"":2632,""8"":2385}","{""5"":1802,""6"":2067,""7"":3000,""8"":2232}","[-33.87,14.71,-228.67000000000002]","[23.326755573324846,25.74148541372653,53.70371548528318]",0.0,2646192,coil_as_tip,thesis_trusted,True,
373,repeat,True,ok,T11,T11,11,"[0.0,-8.0,0.0,8.0]","[0,-522,0,522]","{""5"":2131,""6"":1902,""7"":2632,""8"":2384}","{""5"":1802,""6"":2067,""7"":3000,""8"":2232}","{""5"":2132,""6"":1963,""7"":2633,""8"":2385}","[-31.82,4.26,-209.92000000000002]","[5.399709449332988,37.53376083568732,51.57515784197447]",0.03901818800113688,2647344,coil_as_tip,thesis_trusted,True,
374,approach,True,ok,T00,T00,0,"[0.0,0.0,0.0,0.0]","[0,0,0,0]","{""5"":2131,""6"":2424,""7"":2632,""8"":1862}","{""5"":2132,""6"":1963,""7"":2633,""8"":2385}","{""5"":2132,""6"":2426,""7"":2632,""8"":1869}","[-49.54,41.09,-210.42000000000002]","[3.14589081016328,0.8065903615659877,69.37213934184017]",0.0,2648536,coil_as_tip,thesis_trusted,True,
375,repeat,True,ok,T11,T11,11,"[0.0,-8.0,0.0,8.0]","[0,-522,0,522]","{""5"":2131,""6"":1902,""7"":2632,""8"":2384}","{""5"":2132,""6"":2426,""7"":2632,""8"":1869}","{""5"":2132,""6"":1964,""7"":2631,""8"":2385}","[-32.08,4.16,-208.33]","[3.8205821375551636,37.75068968338877,51.83010648039459]",0.0,2649712,coil_as_tip,thesis_trusted,True,
376,approach,True,ok,T13,T13,13,"[8.0,0.0,-8.0,0.0]","[522,0,-522,0]","{""5"":2653,""6"":2424,""7"":2110,""8"":1862}","{""5"":2132,""6"":1964,""7"":2631,""8"":2385}","{""5"":2653,""6"":2425,""7"":2159,""8"":1863}","[-39.1,40.88,-175.88]","[-31.25538188999036,3.525436888846876,58.826542622319835]",0.037381389000074705,2650872,coil_as_tip,thesis_trusted,True,
377,repeat,True,ok,T11,T11,11,"[0.0,-8.0,0.0,8.0]","[0,-522,0,522]","{""5"":2131,""6"":1902,""7"":2632,""8"":2384}","{""5"":2653,""6"":2425,""7"":2159,""8"":1863}","{""5"":2132,""6"":1963,""7"":2632,""8"":2385}","[-32.02,4.45,-204.55]","[0.02968212567941464,37.73855465529855,51.75918510806068]",0.038884176001374726,2652040,coil_as_tip,thesis_trusted,True,
378,approach,True,ok,T12,T12,12,"[5.6568542494923735,-5.656854249492387,-5.6568542494923735,5.656854249492387]","[369,-369,-369,369]","{""5"":2500,""6"":2055,""7"":2263,""8"":2231}","{""5"":2132,""6"":1963,""7"":2631,""8"":2385}","{""5"":2500,""6"":2068,""7"":2290,""8"":2232}","[-37.46,15.24,-189.97]","[-15.318090393519327,28.059262789493996,57.17686797765525]",0.0,2653216,coil_as_tip,thesis_trusted,True,
379,repeat,True,ok,T11,T11,11,"[0.0,-8.0,0.0,8.0]","[0,-522,0,522]","{""5"":2131,""6"":1902,""7"":2632,""8"":2384}","{""5"":2500,""6"":2068,""7"":2290,""8"":2232}","{""5"":2132,""6"":1962,""7"":2631,""8"":2384}","[-31.98,4.48,-203.81]","[-0.7104065136151689,37.762815200570216,51.7169923132939]",0.0,2654384,coil_as_tip,thesis_trusted,True,
380,approach,True,ok,T03,T03,3,"[0.0,-4.0,0.0,4.0]","[0,-261,0,261]","{""5"":2131,""6"":2163,""7"":2632,""8"":2123}","{""5"":2132,""6"":1962,""7"":2632,""8"":2384}","{""5"":2132,""6"":2174,""7"":2632,""8"":2124}","[-44.050000000000004,19.41,-206.36]","[0.7028160658607021,22.713444404325116,63.8253175723041]",0.0,2655552,coil_as_tip,thesis_trusted,True,
381,repeat,True,ok,T11,T11,11,"[0.0,-8.0,0.0,8.0]","[0,-522,0,522]","{""5"":2131,""6"":1902,""7"":2632,""8"":2384}","{""5"":2132,""6"":2174,""7"":2632,""8"":2124}","{""5"":2132,""6"":1962,""7"":2631,""8"":2385}","[-31.96,4.23,-205.34]","[0.8338602288498862,37.89988804526466,51.70114102426945]",0.0,2656752,coil_as_tip,thesis_trusted,True,
382,approach,True,ok,T16,T16,16,"[-5.656854249492373,5.656854249492388,5.656854249492373,-5.656854249492388]","[-369,369,369,-369]","{""5"":1762,""6"":2793,""7"":3001,""8"":1493}","{""5"":2132,""6"":1962,""7"":2631,""8"":2385}","{""5"":1791,""6"":2793,""7"":3001,""8"":1534}","[-35.5,66.28,-231.88]","[22.74099190410101,-25.92122532909145,55.44930983327383]",0.039205551000122796,2657952,coil_as_tip,thesis_trusted,True,
383,repeat,True,ok,T11,T11,11,"[0.0,-8.0,0.0,8.0]","[0,-522,0,522]","{""5"":2131,""6"":1902,""7"":2632,""8"":2384}","{""5"":1791,""6"":2793,""7"":3001,""8"":1533}","{""5"":2132,""6"":1964,""7"":2632,""8"":2385}","[-32.35,4.24,-208.48000000000002]","[3.963530129939727,37.66051744806431,52.10072584306073]",0.0,2659136,coil_as_tip,thesis_trusted,True,
384,approach,True,ok,T10,T10,10,"[-5.6568542494923815,-5.656854249492379,5.6568542494923815,5.656854249492379]","[-369,-369,369,369]","{""5"":1762,""6"":2055,""7"":3001,""8"":2231}","{""5"":2132,""6"":1964,""7"":2632,""8"":2385}","{""5"":1800,""6"":2066,""7"":3000,""8"":2232}","[-33.980000000000004,14.870000000000001,-229.27]","[23.913084170491743,25.538163297144237,53.815871149664304]",0.037069013000291307,2660288,coil_as_tip,thesis_trusted,True,
385,repeat,True,ok,T12,T12,12,"[5.6568542494923735,-5.656854249492387,-5.6568542494923735,5.656854249492387]","[369,-369,-369,369]","{""5"":2500,""6"":2055,""7"":2263,""8"":2231}","{""5"":1800,""6"":2066,""7"":3000,""8"":2232}","{""5"":2500,""6"":2067,""7"":2291,""8"":2232}","[-37.660000000000004,15.040000000000001,-190.98]","[-14.296723550839118,28.185105821432654,57.37953347542414]",0.03715195800032234,2661480,coil_as_tip,thesis_trusted,True,
386,approach,True,ok,T14,T14,14,"[5.656854249492377,5.656854249492383,-5.656854249492377,-5.656854249492383]","[369,369,-369,-369]","{""5"":2500,""6"":2793,""7"":2263,""8"":1493}","{""5"":2500,""6"":2067,""7"":2291,""8"":2232}","{""5"":2500,""6"":2793,""7"":2284,""8"":1534}","[-39.27,70.01,-192.8]","[-16.518052559582486,-26.76654520449609,59.10786994713925]",0.0,2662664,coil_as_tip,thesis_trusted,True,
387,repeat,True,ok,T12,T12,12,"[5.6568542494923735,-5.656854249492387,-5.6568542494923735,5.656854249492387]","[369,-369,-369,369]","{""5"":2500,""6"":2055,""7"":2263,""8"":2231}","{""5"":2500,""6"":2793,""7"":2284,""8"":1534}","{""5"":2500,""6"":2094,""7"":2284,""8"":2232}","[-38.9,17.650000000000002,-189.54]","[-15.927850521498328,25.690563235395505,58.620493624677565]",0.0,2663840,coil_as_tip,thesis_trusted,True,
388,approach,True,ok,T04,T04,4,"[2.82842712474619,-2.8284271247461903,-2.82842712474619,2.8284271247461903]","[184,-184,-184,184]","{""5"":2315,""6"":2240,""7"":2448,""8"":2046}","{""5"":2500,""6"":2094,""7"":2284,""8"":2232}","{""5"":2315,""6"":2248,""7"":2449,""8"":2047}","[-46.550000000000004,26.61,-201.27]","[-4.908756979006085,15.911819732959323,66.32456741815645]",0.037131907000002684,2665008,coil_as_tip,thesis_trusted,True,
389,repeat,True,ok,T12,T12,12,"[5.6568542494923735,-5.656854249492387,-5.6568542494923735,5.656854249492387]","[369,-369,-369,369]","{""5"":2500,""6"":2055,""7"":2263,""8"":2231}","{""5"":2315,""6"":2248,""7"":2449,""8"":2047}","{""5"":2499,""6"":2093,""7"":2286,""8"":2232}","[-38.7,17.12,-189.76]","[-15.668993562980006,26.20254616591784,58.42007767251707]",0.0,2666208,coil_as_tip,thesis_trusted,True,
390,approach,True,ok,T13,T13,13,"[8.0,0.0,-8.0,0.0]","[522,0,-522,0]","{""5"":2653,""6"":2424,""7"":2110,""8"":1862}","{""5"":2500,""6"":2093,""7"":2286,""8"":2232}","{""5"":2653,""6"":2425,""7"":2158,""8"":1863}","[-39.08,40.46,-175.99]","[-31.11481599658535,3.936192155232632,58.806016035958976]",0.0,2667400,coil_as_tip,thesis_trusted,True,
391,repeat,True,ok,T12,T12,12,"[5.6568542494923735,-5.656854249492387,-5.6568542494923735,5.656854249492387]","[369,-369,-369,369]","{""5"":2500,""6"":2055,""7"":2263,""8"":2231}","{""5"":2653,""6"":2425,""7"":2158,""8"":1863}","{""5"":2500,""6"":2093,""7"":2270,""8"":2232}","[-38.34,17.61,-188.25]","[-17.209819562395012,25.823790866092732,58.05648495754451]",0.0,2668576,coil_as_tip,thesis_trusted,True,
392,approach,True,ok,T16,T16,16,"[-5.656854249492373,5.656854249492388,5.656854249492373,-5.656854249492388]","[-369,369,369,-369]","{""5"":1762,""6"":2793,""7"":3001,""8"":1493}","{""5"":2500,""6"":2093,""7"":2270,""8"":2232}","{""5"":1796,""6"":2793,""7"":3000,""8"":1531}","[-36.14,66.85,-231.98000000000002]","[22.79706717698795,-26.495569957062138,56.09077987317583]",0.0,2669736,coil_as_tip,thesis_trusted,True,
393,repeat,True,ok,T12,T12,12,"[5.6568542494923735,-5.656854249492387,-5.6568542494923735,5.656854249492387]","[369,-369,-369,369]","{""5"":2500,""6"":2055,""7"":2263,""8"":2231}","{""5"":1796,""6"":2793,""7"":3000,""8"":1531}","{""5"":2500,""6"":2092,""7"":2287,""8"":2232}","[-38.82,17.04,-190.44]","[-14.985306872198095,26.232732756031506,58.541984516561925]",0.03688682199936011,2670888,coil_as_tip,thesis_trusted,True,
394,approach,True,ok,T03,T03,3,"[0.0,-4.0,0.0,4.0]","[0,-261,0,261]","{""5"":2131,""6"":2163,""7"":2632,""8"":2123}","{""5"":2500,""6"":2092,""7"":2287,""8"":2232}","{""5"":2132,""6"":2174,""7"":2631,""8"":2124}","[-44.09,20.06,-204.99]","[-0.7112780094474829,22.165760992024005,63.86247704039168]",0.0,2672080,coil_as_tip,thesis_trusted,True,
395,repeat,True,ok,T12,T12,12,"[5.6568542494923735,-5.656854249492387,-5.6568542494923735,5.656854249492387]","[369,-369,-369,369]","{""5"":2500,""6"":2055,""7"":2263,""8"":2231}","{""5"":2132,""6"":2174,""7"":2631,""8"":2124}","{""5"":2500,""6"":2092,""7"":2288,""8"":2231}","[-38.78,17.05,-190.06]","[-15.364899730138006,26.250537536182865,58.500847525850716]",0.03882338600124058,2673272,coil_as_tip,thesis_trusted,True,
396,approach,True,ok,T15,T15,15,"[0.0,8.0,0.0,-8.0]","[0,522,0,-522]","{""5"":2131,""6"":2946,""7"":2632,""8"":1340}","{""5"":2500,""6"":2092,""7"":2288,""8"":2231}","{""5"":2132,""6"":2947,""7"":2633,""8"":1403}","[-34.64,79.29,-215.04]","[4.994685075805791,-37.663089249677604,54.564705047824305]",0.038969257000644575,2674448,coil_as_tip,thesis_trusted,True,
397,repeat,True,ok,T12,T12,12,"[5.6568542494923735,-5.656854249492387,-5.6568542494923735,5.656854249492387]","[369,-369,-369,369]","{""5"":2500,""6"":2055,""7"":2263,""8"":2231}","{""5"":2132,""6"":2947,""7"":2633,""8"":1403}","{""5"":2500,""6"":2094,""7"":2285,""8"":2232}","[-38.89,17.650000000000002,-189.55]","[-15.91784861611876,25.68980715052705,58.610524160075585]",0.0360317020004004,2675640,coil_as_tip,thesis_trusted,True,
398,approach,True,ok,T01,T01,1,"[-4.0,0.0,4.0,0.0]","[-261,0,261,0]","{""5"":1870,""6"":2424,""7"":2893,""8"":1862}","{""5"":2500,""6"":2094,""7"":2285,""8"":2232}","{""5"":1899,""6"":2426,""7"":2892,""8"":1862}","[-45.04,39.18,-226.65]","[19.48519478414505,1.5109433497838012,64.91769970100859]",0.0,2676816,coil_as_tip,thesis_trusted,True,
399,repeat,True,ok,T12,T12,12,"[5.6568542494923735,-5.656854249492387,-5.6568542494923735,5.656854249492387]","[369,-369,-369,369]","{""5"":2500,""6"":2055,""7"":2263,""8"":2231}","{""5"":1899,""6"":2425,""7"":2892,""8"":1862}","{""5"":2500,""6"":2093,""7"":2289,""8"":2232}","[-38.910000000000004,17.1,-190.52]","[-14.910183298111434,26.16723170549482,58.63235077683112]",0.0,2677992,coil_as_tip,thesis_trusted,True,
400,approach,True,ok,T11,T11,11,"[0.0,-8.0,0.0,8.0]","[0,-522,0,522]","{""5"":2131,""6"":1902,""7"":2632,""8"":2384}","{""5"":2500,""6"":2093,""7"":2289,""8"":2232}","{""5"":2132,""6"":1964,""7"":2631,""8"":2384}","[-32.480000000000004,4.62,-204.77]","[0.23529151187267416,37.55392261850673,52.22020115040557]",0.0,2679160,coil_as_tip,thesis_trusted,True,
401,repeat,True,ok,T12,T12,12,"[5.6568542494923735,-5.656854249492387,-5.6568542494923735,5.656854249492387]","[369,-369,-369,369]","{""5"":2500,""6"":2055,""7"":2263,""8"":2231}","{""5"":2132,""6"":1964,""7"":2631,""8"":2384}","{""5"":2500,""6"":2068,""7"":2290,""8"":2232}","[-37.550000000000004,15.25,-190.4]","[-14.890243715335316,28.017958494430577,57.268198012015446]",0.038513821999003994,2680320,coil_as_tip,thesis_trusted,True,
402,approach,True,ok,T07,T07,7,"[0.0,4.0,0.0,-4.0]","[0,261,0,-261]","{""5"":2131,""6"":2685,""7"":2632,""8"":1601}","{""5"":2500,""6"":2068,""7"":2290,""8"":2232}","{""5"":2132,""6"":2686,""7"":2632,""8"":1632}","[-45.35,62.81,-208.42000000000002]","[-0.42966444870125997,-20.71769821729813,65.2206449404726]",0.0,2681496,coil_as_tip,thesis_trusted,True,
403,repeat,True,ok,T12,T12,12,"[5.6568542494923735,-5.656854249492387,-5.6568542494923735,5.656854249492387]","[369,-369,-369,369]","{""5"":2500,""6"":2055,""7"":2263,""8"":2231}","{""5"":2132,""6"":2686,""7"":2632,""8"":1632}","{""5"":2500,""6"":2093,""7"":2285,""8"":2232}","[-38.69,17.38,-189.54]","[-15.907440898233943,25.959358757032582,58.40994098321691]",0.0,2682680,coil_as_tip,thesis_trusted,True,
404,approach,True,ok,T08,T08,8,"[-2.8284271247461894,2.8284271247461907,2.8284271247461894,-2.8284271247461907]","[-184,184,184,-184]","{""5"":1947,""6"":2608,""7"":2816,""8"":1678}","{""5"":2500,""6"":2093,""7"":2285,""8"":2232}","{""5"":1966,""6"":2609,""7"":2815,""8"":1698}","[-45.86,54.53,-220.58]","[12.3033563076213,-13.350655071487388,65.75069937807503]",0.0,2683856,coil_as_tip,thesis_trusted,True,
405,repeat,True,ok,T12,T12,12,"[5.6568542494923735,-5.656854249492387,-5.6568542494923735,5.656854249492387]","[369,-369,-369,369]","{""5"":2500,""6"":2055,""7"":2263,""8"":2231}","{""5"":1966,""6"":2609,""7"":2815,""8"":1698}","{""5"":2500,""6"":2092,""7"":2287,""8"":2232}","[-38.71,16.97,-190.34]","[-15.079585284564018,26.309628221580734,58.43153693469738]",0.03895882400138362,2685024,coil_as_tip,thesis_trusted,True,
406,approach,True,ok,T00,T00,0,"[0.0,0.0,0.0,0.0]","[0,0,0,0]","{""5"":2131,""6"":2424,""7"":2632,""8"":1862}","{""5"":2500,""6"":2092,""7"":2287,""8"":2232}","{""5"":2134,""6"":2426,""7"":2632,""8"":1865}","[-49.44,41.35,-207.83]","[0.5440965883222475,0.7370108687811978,69.26478236079853]",0.03739970400056336,2686224,coil_as_tip,thesis_trusted,True,
407,repeat,True,ok,T12,T12,12,"[5.6568542494923735,-5.656854249492387,-5.6568542494923735,5.656854249492387]","[369,-369,-369,369]","{""5"":2500,""6"":2055,""7"":2263,""8"":2231}","{""5"":2134,""6"":2426,""7"":2632,""8"":1865}","{""5"":2500,""6"":2092,""7"":2287,""8"":2232}","[-38.63,16.88,-190.15]","[-15.26224066208033,26.413138341478827,58.35077389771227]",0.0,2687384,coil_as_tip,thesis_trusted,True,
408,approach,True,ok,T02,T02,2,"[-2.8284271247461903,-2.82842712474619,2.8284271247461903,2.82842712474619]","[-184,-184,184,184]","{""5"":1947,""6"":2240,""7"":2816,""8"":2046}","{""5"":2500,""6"":2092,""7"":2287,""8"":2232}","{""5"":1968,""6"":2248,""7"":2815,""8"":2047}","[-45.19,26.84,-218.76]","[12.5211213944784,14.396662342615357,65.0183369759973]",0.0,2688552,coil_as_tip,thesis_trusted,True,
409,repeat,True,ok,T12,T12,12,"[5.6568542494923735,-5.656854249492387,-5.6568542494923735,5.656854249492387]","[369,-369,-369,369]","{""5"":2500,""6"":2055,""7"":2263,""8"":2231}","{""5"":1968,""6"":2248,""7"":2815,""8"":2047}","{""5"":2500,""6"":2091,""7"":2290,""8"":2232}","[-38.77,16.990000000000002,-190.36]","[-15.061279418764542,26.288351561292547,58.49163850709206]",0.0,2689736,coil_as_tip,thesis_trusted,True,
410,approach,True,ok,T06,T06,6,"[2.8284271247461907,2.82842712474619,-2.8284271247461907,-2.82842712474619]","[184,184,-184,-184]","{""5"":2315,""6"":2608,""7"":2448,""8"":1678}","{""5"":2500,""6"":2091,""7"":2290,""8"":2232}","{""5"":2315,""6"":2609,""7"":2450,""8"":1702}","[-47.36,56.26,-203.48000000000002]","[-4.881734462933707,-13.818498758273215,67.2021391779012]",0.03814776100080053,2690912,coil_as_tip,thesis_trusted,True,
411,repeat,True,ok,T12,T12,12,"[5.6568542494923735,-5.656854249492387,-5.6568542494923735,5.656854249492387]","[369,-369,-369,369]","{""5"":2500,""6"":2055,""7"":2263,""8"":2231}","{""5"":2315,""6"":2609,""7"":2450,""8"":1701}","{""5"":2499,""6"":2094,""7"":2285,""8"":2232}","[-38.76,17.41,-189.63]","[-15.820086190645526,25.922998057352554,58.480276284317554]",0.0,2692072,coil_as_tip,thesis_trusted,True,
412,approach,True,ok,T05,T05,5,"[4.0,0.0,-4.0,0.0]","[261,0,-261,0]","{""5"":2392,""6"":2424,""7"":2371,""8"":1862}","{""5"":2500,""6"":2094,""7"":2285,""8"":2232}","{""5"":2393,""6"":2425,""7"":2378,""8"":1865}","[-47.81,40.800000000000004,-194.31]","[-12.89438530155229,2.273364613077092,67.59247208220113]",0.03803178199996182,2693264,coil_as_tip,thesis_trusted,True,
413,repeat,True,ok,T12,T12,12,"[5.6568542494923735,-5.656854249492387,-5.6568542494923735,5.656854249492387]","[369,-369,-369,369]","{""5"":2500,""6"":2055,""7"":2263,""8"":2231}","{""5"":2393,""6"":2425,""7"":2378,""8"":1864}","{""5"":2499,""6"":2094,""7"":2285,""8"":2232}","[-38.7,17.37,-189.52]","[-15.926682379054284,25.970821272017364,58.419859459211935]",0.038147782999658375,2694456,coil_as_tip,thesis_trusted,True,
414,approach,True,ok,T09,T09,9,"[-8.0,0.0,8.0,0.0]","[-522,0,522,0]","{""5"":1609,""6"":2424,""7"":3154,""8"":1862}","{""5"":2499,""6"":2094,""7"":2285,""8"":2232}","{""5"":1673,""6"":2425,""7"":3152,""8"":1862}","[-31.85,39.19,-242.96]","[35.78855818483285,0.2748782812061705,51.777502405254]",0.0,2695648,coil_as_tip,thesis_trusted,True,
415,repeat,True,ok,T12,T12,12,"[5.6568542494923735,-5.656854249492387,-5.6568542494923735,5.656854249492387]","[369,-369,-369,369]","{""5"":2500,""6"":2055,""7"":2263,""8"":2231}","{""5"":1673,""6"":2425,""7"":3152,""8"":1862}","{""5"":2500,""6"":2091,""7"":2290,""8"":2232}","[-38.910000000000004,16.94,-190.72]","[-14.698987621992956,26.312132731758556,58.63263180453299]",0.03643308999926376,2696816,coil_as_tip,thesis_trusted,True,
416,approach,True,ok,T01,T01,1,"[-4.0,0.0,4.0,0.0]","[-261,0,261,0]","{""5"":1870,""6"":2424,""7"":2893,""8"":1862}","{""5"":2500,""6"":2091,""7"":2290,""8"":2233}","{""5"":1898,""6"":2425,""7"":2892,""8"":1863}","[-44.910000000000004,38.56,-227.20000000000002]","[20.079560428133505,2.088640886424521,64.78810403207842]",0.0,2697984,coil_as_tip,thesis_trusted,True,
417,repeat,True,ok,T13,T13,13,"[8.0,0.0,-8.0,0.0]","[522,0,-522,0]","{""5"":2653,""6"":2424,""7"":2110,""8"":1862}","{""5"":1898,""6"":2425,""7"":2892,""8"":1863}","{""5"":2653,""6"":2425,""7"":2159,""8"":1863}","[-39.25,42.13,-176.01]","[-31.21784692024022,2.269612730470314,58.97950277818941]",0.0,2699160,coil_as_tip,thesis_trusted,True,
418,approach,True,ok,T06,T06,6,"[2.8284271247461907,2.82842712474619,-2.8284271247461907,-2.82842712474619]","[184,184,-184,-184]","{""5"":2315,""6"":2608,""7"":2448,""8"":1678}","{""5"":2653,""6"":2425,""7"":2159,""8"":1863}","{""5"":2315,""6"":2609,""7"":2449,""8"":1701}","[-47.24,56.88,-202.5]","[-5.9042181406455825,-14.365228244941086,67.08042641266796]",0.0,2700328,coil_as_tip,thesis_trusted,True,
419,repeat,True,ok,T13,T13,13,"[8.0,0.0,-8.0,0.0]","[522,0,-522,0]","{""5"":2653,""6"":2424,""7"":2110,""8"":1862}","{""5"":2315,""6"":2609,""7"":2449,""8"":1701}","{""5"":2653,""6"":2425,""7"":2158,""8"":1862}","[-38.83,45.24,-175.73]","[-31.72398127910742,-0.812422961776079,58.56503444104726]",0.03817302900097275,2701504,coil_as_tip,thesis_trusted,True,
420,approach,True,ok,T07,T07,7,"[0.0,4.0,0.0,-4.0]","[0,261,0,-261]","{""5"":2131,""6"":2685,""7"":2632,""8"":1601}","{""5"":2653,""6"":2425,""7"":2158,""8"":1862}","{""5"":2133,""6"":2686,""7"":2632,""8"":1630}","[-45.19,63.190000000000005,-205.92000000000002]","[-2.950329553768256,-20.913690916790223,65.05380882374928]",0.0,2702680,coil_as_tip,thesis_trusted,True,
421,repeat,True,ok,T13,T13,13,"[8.0,0.0,-8.0,0.0]","[522,0,-522,0]","{""5"":2653,""6"":2424,""7"":2110,""8"":1862}","{""5"":2133,""6"":2686,""7"":2632,""8"":1630}","{""5"":2653,""6"":2425,""7"":2157,""8"":1862}","[-38.75,46.410000000000004,-176.03]","[-31.510373040088837,-2.0014524009519192,58.48834993807188]",0.0,2703872,coil_as_tip,thesis_trusted,True,
422,approach,True,ok,T12,T12,12,"[5.6568542494923735,-5.656854249492387,-5.6568542494923735,5.656854249492387]","[369,-369,-369,369]","{""5"":2500,""6"":2055,""7"":2263,""8"":2231}","{""5"":2653,""6"":2425,""7"":2157,""8"":1862}","{""5"":2500,""6"":2096,""7"":2270,""8"":2232}","[-38.32,17.7,-188.19]","[-17.276200989721843,25.738388368229916,58.036486971024715]",0.03919887899974128,2705040,coil_as_tip,thesis_trusted,True,
423,repeat,True,ok,T13,T13,13,"[8.0,0.0,-8.0,0.0]","[522,0,-522,0]","{""5"":2653,""6"":2424,""7"":2110,""8"":1862}","{""5"":2500,""6"":2096,""7"":2270,""8"":2232}","{""5"":2653,""6"":2425,""7"":2156,""8"":1863}","[-38.95,41.11,-175.70000000000002]","[-31.45133244798066,3.308917276296185,58.67646718727404]",0.0390089739994437,2706224,coil_as_tip,thesis_trusted,True,
424,approach,True,ok,T15,T15,15,"[0.0,8.0,0.0,-8.0]","[0,522,0,-522]","{""5"":2131,""6"":2946,""7"":2632,""8"":1340}","{""5"":2653,""6"":2425,""7"":2156,""8"":1863}","{""5"":2132,""6"":2947,""7"":2631,""8"":1402}","[-32.27,80.78,-205.02]","[-5.100724659717741,-38.41960124057386,52.167249755326324]",0.03643598800044856,2707392,coil_as_tip,thesis_trusted,True,
425,repeat,True,ok,T13,T13,13,"[8.0,0.0,-8.0,0.0]","[522,0,-522,0]","{""5"":2653,""6"":2424,""7"":2110,""8"":1862}","{""5"":2132,""6"":2947,""7"":2631,""8"":1402}","{""5"":2653,""6"":2425,""7"":2155,""8"":1862}","[-38.86,48.03,-175.84]","[-31.818996948386058,-3.60290171703371,58.60109465523644]",0.0,2708576,coil_as_tip,thesis_trusted,True,
426,approach,True,ok,T08,T08,8,"[-2.8284271247461894,2.8284271247461907,2.8284271247461894,-2.8284271247461907]","[-184,184,184,-184]","{""5"":1947,""6"":2608,""7"":2816,""8"":1678}","{""5"":2653,""6"":2425,""7"":2155,""8"":1862}","{""5"":1969,""6"":2609,""7"":2815,""8"":1694}","[-45.63,56.35,-219.75]","[11.342771796205852,-15.105400459853549,65.52190685539028]",0.03765285400004359,2709736,coil_as_tip,thesis_trusted,True,
427,repeat,True,ok,T13,T13,13,"[8.0,0.0,-8.0,0.0]","[522,0,-522,0]","{""5"":2653,""6"":2424,""7"":2110,""8"":1862}","{""5"":1969,""6"":2609,""7"":2815,""8"":1694}","{""5"":2653,""6"":2425,""7"":2157,""8"":1862}","[-38.87,47.08,-175.92000000000002]","[-31.669563969257496,-2.6613067983957137,58.60938886670435]",0.0,2710920,coil_as_tip,thesis_trusted,True,
428,approach,True,ok,T04,T04,4,"[2.82842712474619,-2.8284271247461903,-2.82842712474619,2.8284271247461903]","[184,-184,-184,184]","{""5"":2315,""6"":2240,""7"":2448,""8"":2046}","{""5"":2653,""6"":2425,""7"":2157,""8"":1862}","{""5"":2315,""6"":2263,""7"":2449,""8"":2047}","[-46.980000000000004,28.23,-200.45000000000002]","[-5.846605619957444,14.357300063877126,66.75539049681196]",0.0,2712096,coil_as_tip,thesis_trusted,True,
429,repeat,True,ok,T13,T13,13,"[8.0,0.0,-8.0,0.0]","[522,0,-522,0]","{""5"":2653,""6"":2424,""7"":2110,""8"":1862}","{""5"":2315,""6"":2263,""7"":2449,""8"":2047}","{""5"":2653,""6"":2425,""7"":2156,""8"":1862}","[-39.06,43.39,-175.65]","[-31.66874165287723,1.0389795861775255,58.79099282023439]",0.0,2713272,coil_as_tip,thesis_trusted,True,
430,approach,True,ok,T16,T16,16,"[-5.656854249492373,5.656854249492388,5.656854249492373,-5.656854249492388]","[-369,369,369,-369]","{""5"":1762,""6"":2793,""7"":3001,""8"":1493}","{""5"":2653,""6"":2425,""7"":2157,""8"":1862}","{""5"":1802,""6"":2793,""7"":3000,""8"":1528}","[-35.99,67.56,-231.55]","[22.31658544928078,-27.17246111912386,55.94092773250952]",0.03803498600063904,2714440,coil_as_tip,thesis_trusted,True,
431,repeat,True,ok,T13,T13,13,"[8.0,0.0,-8.0,0.0]","[522,0,-522,0]","{""5"":2653,""6"":2424,""7"":2110,""8"":1862}","{""5"":1802,""6"":2793,""7"":3000,""8"":1528}","{""5"":2653,""6"":2425,""7"":2158,""8"":1862}","[-39.13,46.46,-176.03]","[-31.515137757734266,-2.0504550274966533,58.86844997761078]",0.0,2715640,coil_as_tip,thesis_trusted,True,
432,approach,True,ok,T09,T09,9,"[-8.0,0.0,8.0,0.0]","[-522,0,522,0]","{""5"":1609,""6"":2424,""7"":3154,""8"":1862}","{""5"":2653,""6"":2425,""7"":2158,""8"":1862}","{""5"":1673,""6"":2425,""7"":3152,""8"":1862}","[-33.53,40.89,-246.25]","[38.94014492814111,-1.6580094356803485,53.47100353407346]",0.0,2716808,coil_as_tip,thesis_trusted,True,
433,repeat,True,ok,T13,T13,13,"[8.0,0.0,-8.0,0.0]","[522,0,-522,0]","{""5"":2653,""6"":2424,""7"":2110,""8"":1862}","{""5"":1673,""6"":2425,""7"":3152,""8"":1862}","{""5"":2653,""6"":2425,""7"":2158,""8"":1862}","[-39.06,45.29,-176.22]","[-31.239634581953453,-0.8977019471897876,58.79662842111337]",0.0,2717976,coil_as_tip,thesis_trusted,True,
434,approach,True,ok,T02,T02,2,"[-2.8284271247461903,-2.82842712474619,2.8284271247461903,2.82842712474619]","[-184,-184,184,184]","{""5"":1947,""6"":2240,""7"":2816,""8"":2046}","{""5"":2653,""6"":2425,""7"":2158,""8"":1862}","{""5"":1968,""6"":2259,""7"":2815,""8"":2047}","[-45.61,28.330000000000002,-219.09]","[12.739734293807942,12.887430300707862,65.44239716503476]",0.0,2719144,coil_as_tip,thesis_trusted,True,
435,repeat,True,ok,T13,T13,13,"[8.0,0.0,-8.0,0.0]","[522,0,-522,0]","{""5"":2653,""6"":2424,""7"":2110,""8"":1862}","{""5"":1968,""6"":2259,""7"":2815,""8"":2047}","{""5"":2653,""6"":2425,""7"":2158,""8"":1862}","[-39.18,43.93,-175.98]","[-31.379584664421856,0.476505842216568,58.91310556888067]",0.0,2720296,coil_as_tip,thesis_trusted,True,
436,approach,True,ok,T14,T14,14,"[5.656854249492377,5.656854249492383,-5.656854249492377,-5.656854249492383]","[369,369,-369,-369]","{""5"":2500,""6"":2793,""7"":2263,""8"":1493}","{""5"":2653,""6"":2425,""7"":2158,""8"":1862}","{""5"":2500,""6"":2793,""7"":2271,""8"":1533}","[-38.62,69.84,-192.23000000000002]","[-17.072169068321017,-26.556675996808615,58.45578880923688]",0.03708075599934091,2721464,coil_as_tip,thesis_trusted,True,
437,repeat,True,ok,T13,T13,13,"[8.0,0.0,-8.0,0.0]","[522,0,-522,0]","{""5"":2653,""6"":2424,""7"":2110,""8"":1862}","{""5"":2500,""6"":2793,""7"":2271,""8"":1533}","{""5"":2653,""6"":2425,""7"":2154,""8"":1862}","[-38.94,48.2,-175.94]","[-31.731966384396458,-3.779595734941381,58.68174764629873]",0.0,2722664,coil_as_tip,thesis_trusted,True,
438,approach,True,ok,T00,T00,0,"[0.0,0.0,0.0,0.0]","[0,0,0,0]","{""5"":2131,""6"":2424,""7"":2632,""8"":1862}","{""5"":2653,""6"":2425,""7"":2154,""8"":1862}","{""5"":2136,""6"":2426,""7"":2632,""8"":1863}","[-49.49,43.14,-206.29]","[-1.123180981344376,-0.9351094578108174,69.31376316402263]",0.0,2723840,coil_as_tip,thesis_trusted,True,
439,repeat,True,ok,T13,T13,13,"[8.0,0.0,-8.0,0.0]","[522,0,-522,0]","{""5"":2653,""6"":2424,""7"":2110,""8"":1862}","{""5"":2136,""6"":2426,""7"":2632,""8"":1863}","{""5"":2653,""6"":2425,""7"":2156,""8"":1862}","[-39.24,45.68,-175.9]","[-31.587895736818695,-1.262773795575832,58.97645253942878]",0.0,2725024,coil_as_tip,thesis_trusted,True,
440,approach,True,ok,T03,T03,3,"[0.0,-4.0,0.0,4.0]","[0,-261,0,261]","{""5"":2131,""6"":2163,""7"":2632,""8"":2123}","{""5"":2653,""6"":2425,""7"":2156,""8"":1862}","{""5"":2134,""6"":2194,""7"":2632,""8"":2124}","[-45.07,22.13,-203.79]","[-2.0626952383494768,20.191571412047914,64.84306205748133]",0.03908395300095435,2726192,coil_as_tip,thesis_trusted,True,
441,repeat,True,ok,T13,T13,13,"[8.0,0.0,-8.0,0.0]","[522,0,-522,0]","{""5"":2653,""6"":2424,""7"":2110,""8"":1862}","{""5"":2134,""6"":2194,""7"":2632,""8"":2124}","{""5"":2653,""6"":2425,""7"":2156,""8"":1862}","[-38.93,43.25,-175.61]","[-31.697990012711756,1.1812406591493385,58.66058453612675]",0.0,2727360,coil_as_tip,thesis_trusted,True,
442,approach,True,ok,T10,T10,10,"[-5.6568542494923815,-5.656854249492379,5.6568542494923815,5.656854249492379]","[-369,-369,369,369]","{""5"":1762,""6"":2055,""7"":3001,""8"":2231}","{""5"":2653,""6"":2425,""7"":2156,""8"":1862}","{""5"":1803,""6"":2089,""7"":3000,""8"":2232}","[-35.35,16.22,-228.39000000000001]","[22.932485708202336,24.25944995790121,55.18595102025492]",0.0,2728536,coil_as_tip,thesis_trusted,True,
443,repeat,True,ok,T13,T13,13,"[8.0,0.0,-8.0,0.0]","[522,0,-522,0]","{""5"":2653,""6"":2424,""7"":2110,""8"":1862}","{""5"":1803,""6"":2089,""7"":3000,""8"":2232}","{""5"":2653,""6"":2425,""7"":2158,""8"":1862}","[-39.38,42.58,-175.88]","[-31.380876899302677,1.83065479802233,59.11002924856183]",0.0,2729704,coil_as_tip,thesis_trusted,True,
444,approach,True,ok,T11,T11,11,"[0.0,-8.0,0.0,8.0]","[0,-522,0,522]","{""5"":2131,""6"":1902,""7"":2632,""8"":2384}","{""5"":2653,""6"":2425,""7"":2158,""8"":1862}","{""5"":2132,""6"":1964,""7"":2632,""8"":2385}","[-32.21,4.67,-202.95000000000002]","[-1.5826864156374825,37.63692054030663,51.94476041256384]",0.03893573499954073,2730864,coil_as_tip,thesis_trusted,True,
445,repeat,True,ok,T13,T13,13,"[8.0,0.0,-8.0,0.0]","[522,0,-522,0]","{""5"":2653,""6"":2424,""7"":2110,""8"":1862}","{""5"":2132,""6"":1964,""7"":2632,""8"":2385}","{""5"":2653,""6"":2425,""7"":2156,""8"":1863}","[-38.95,41.31,-175.48]","[-31.685407969531184,3.1255908388333964,58.67620730643115]",0.0,2732048,coil_as_tip,thesis_trusted,True,
446,approach,True,ok,T05,T05,5,"[4.0,0.0,-4.0,0.0]","[261,0,-261,0]","{""5"":2392,""6"":2424,""7"":2371,""8"":1862}","{""5"":2653,""6"":2425,""7"":2156,""8"":1863}","{""5"":2393,""6"":2426,""7"":2377,""8"":1863}","[-47.910000000000004,43.08,-193.66]","[-13.710147097553829,0.04740731563026657,67.69516970694265]",0.0,2733232,coil_as_tip,thesis_trusted,True,
447,repeat,True,ok,T13,T13,13,"[8.0,0.0,-8.0,0.0]","[522,0,-522,0]","{""5"":2653,""6"":2424,""7"":2110,""8"":1862}","{""5"":null,""6"":2426,""7"":2377,""8"":1863}","{""5"":2653,""6"":2425,""7"":2156,""8"":1863}","[-39.21,42.57,-175.49]","[-31.76860043258037,1.8688439536489412,58.9388216256732]",0.0,2734400,coil_as_tip,thesis_trusted,True,
448,approach,True,ok,T03,T03,3,"[0.0,-4.0,0.0,4.0]","[0,-261,0,261]","{""5"":2131,""6"":2163,""7"":2632,""8"":2123}","{""5"":2653,""6"":2425,""7"":2156,""8"":1863}","{""5"":2134,""6"":2192,""7"":2632,""8"":2124}","[-44.84,21.48,-203.89000000000001]","[-1.9146265425795832,20.831963403993967,64.61203444444692]",0.03701593400001002,2735544,coil_as_tip,thesis_trusted,True,
449,repeat,True,ok,T14,T14,14,"[5.656854249492377,5.656854249492383,-5.656854249492377,-5.656854249492383]","[369,369,-369,-369]","{""5"":2500,""6"":2793,""7"":2263,""8"":1493}","{""5"":2134,""6"":2192,""7"":2632,""8"":2124}","{""5"":2500,""6"":2793,""7"":2283,""8"":1534}","[-39.15,69.38,-192.1]","[-17.16961041391596,-26.087178812912292,58.984445199042284]",0.0,2736720,coil_as_tip,thesis_trusted,True,
450,approach,True,ok,T16,T16,16,"[-5.656854249492373,5.656854249492388,5.656854249492373,-5.656854249492388]","[-369,369,369,-369]","{""5"":1762,""6"":2793,""7"":3001,""8"":1493}","{""5"":2500,""6"":2793,""7"":2283,""8"":1534}","{""5"":1802,""6"":2793,""7"":3000,""8"":1529}","[-35.32,67.65,-228.66]","[19.42971533430341,-27.051791195993367,55.262311707866445]",0.038977887999863015,2737888,coil_as_tip,thesis_trusted,True,
451,repeat,True,ok,T14,T14,14,"[5.656854249492377,5.656854249492383,-5.656854249492377,-5.656854249492383]","[369,369,-369,-369]","{""5"":2500,""6"":2793,""7"":2263,""8"":1493}","{""5"":1802,""6"":2793,""7"":3000,""8"":1529}","{""5"":2500,""6"":2793,""7"":2289,""8"":1529}","[-39.480000000000004,70.19,-193.77]","[-15.564477761365538,-27.016721652123415,59.32119329152063]",0.038627150001047994,2739064,coil_as_tip,thesis_trusted,True,
452,approach,True,ok,T11,T11,11,"[0.0,-8.0,0.0,8.0]","[0,-522,0,522]","{""5"":2131,""6"":1902,""7"":2632,""8"":2384}","{""5"":2500,""6"":2793,""7"":2289,""8"":1529}","{""5"":2132,""6"":1967,""7"":2632,""8"":2385}","[-32.55,4.89,-204.87]","[0.3150164657918708,37.277475448222106,52.29105941572588]",0.038856797998960246,2740232,coil_as_tip,thesis_trusted,True,
453,repeat,True,ok,T14,T14,14,"[5.656854249492377,5.656854249492383,-5.656854249492377,-5.656854249492383]","[369,369,-369,-369]","{""5"":2500,""6"":2793,""7"":2263,""8"":1493}","{""5"":2132,""6"":1966,""7"":2632,""8"":2385}","{""5"":2500,""6"":2793,""7"":2283,""8"":1533}","[-39.4,69.16,-192.76]","[-16.495976935925995,-25.91560771982281,59.2360029406191]",0.0,2741424,coil_as_tip,thesis_trusted,True,
454,approach,True,ok,T01,T01,1,"[-4.0,0.0,4.0,0.0]","[-261,0,261,0]","{""5"":1870,""6"":2424,""7"":2893,""8"":1862}","{""5"":2500,""6"":2793,""7"":2283,""8"":1533}","{""5"":1899,""6"":2425,""7"":2892,""8"":1863}","[-45.02,43.47,-227.17000000000002]","[19.689200161174398,-2.8056744712067,64.9080875394232]",0.0,2742608,coil_as_tip,thesis_trusted,True,
455,repeat,True,ok,T14,T14,14,"[5.656854249492377,5.656854249492383,-5.656854249492377,-5.656854249492383]","[369,369,-369,-369]","{""5"":2500,""6"":2793,""7"":2263,""8"":1493}","{""5"":1899,""6"":2425,""7"":2892,""8"":1863}","{""5"":2500,""6"":2793,""7"":2287,""8"":1529}","[-38.95,70.24,-192.23000000000002]","[-17.10246009994225,-26.954848706658787,58.78660740988366]",0.03888272699987283,2743760,coil_as_tip,thesis_trusted,True,
456,approach,True,ok,T02,T02,2,"[-2.8284271247461903,-2.82842712474619,2.8284271247461903,2.82842712474619]","[-184,-184,184,184]","{""5"":1947,""6"":2240,""7"":2816,""8"":2046}","{""5"":2500,""6"":2793,""7"":2287,""8"":1529}","{""5"":1964,""6"":2261,""7"":2815,""8"":2047}","[-45.62,29.1,-219.77]","[13.3613955011092,12.06965834564059,65.45604900894745]",0.0,2744952,coil_as_tip,thesis_trusted,True,
457,repeat,True,ok,T14,T14,14,"[5.656854249492377,5.656854249492383,-5.656854249492377,-5.656854249492383]","[369,369,-369,-369]","{""5"":2500,""6"":2793,""7"":2263,""8"":1493}","{""5"":1964,""6"":2261,""7"":2816,""8"":2047}","{""5"":2500,""6"":2793,""7"":2285,""8"":1530}","[-39.17,70.05,-192.35]","[-16.969483651443255,-26.773662065861096,59.00658164778672]",0.03695642200000293,2746128,coil_as_tip,thesis_trusted,True,
458,approach,True,ok,T13,T13,13,"[8.0,0.0,-8.0,0.0]","[522,0,-522,0]","{""5"":2653,""6"":2424,""7"":2110,""8"":1862}","{""5"":2500,""6"":2793,""7"":2285,""8"":1530}","{""5"":2653,""6"":2425,""7"":2157,""8"":1862}","[-38.58,49.51,-176.34]","[-31.428087523620377,-5.11621725597589,58.32565700126463]",0.0380438439988211,2747296,coil_as_tip,thesis_trusted,True,
459,repeat,True,ok,T14,T14,14,"[5.656854249492377,5.656854249492383,-5.656854249492377,-5.656854249492383]","[369,369,-369,-369]","{""5"":2500,""6"":2793,""7"":2263,""8"":1493}","{""5"":2653,""6"":2425,""7"":2156,""8"":1862}","{""5"":2500,""6"":2793,""7"":2271,""8"":1531}","[-38.64,70.75,-190.52]","[-18.8443578924265,-27.33876889945322,58.47244604035646]",0.038060974000472925,2748472,coil_as_tip,thesis_trusted,True,
460,approach,True,ok,T15,T15,15,"[0.0,8.0,0.0,-8.0]","[0,522,0,-522]","{""5"":2131,""6"":2946,""7"":2632,""8"":1340}","{""5"":2500,""6"":2793,""7"":2271,""8"":1531}","{""5"":2132,""6"":2947,""7"":2631,""8"":1400}","[-32.31,81.10000000000001,-203.83]","[-6.311100473412893,-38.65137508779927,52.20428046371964]",0.03888037899923802,2749656,coil_as_tip,thesis_trusted,True,
461,repeat,True,ok,T14,T14,14,"[5.656854249492377,5.656854249492383,-5.656854249492377,-5.656854249492383]","[369,369,-369,-369]","{""5"":2500,""6"":2793,""7"":2263,""8"":1493}","{""5"":2132,""6"":2947,""7"":2631,""8"":1401}","{""5"":2500,""6"":2793,""7"":2285,""8"":1506}","[-37.86,71.49,-193.08]","[-16.343286138819337,-28.266291375083007,57.7017696228439]",0.0,2750840,coil_as_tip,thesis_trusted,True,
462,approach,True,ok,T12,T12,12,"[5.6568542494923735,-5.656854249492387,-5.6568542494923735,5.656854249492387]","[369,-369,-369,369]","{""5"":2500,""6"":2055,""7"":2263,""8"":2231}","{""5"":2500,""6"":2793,""7"":2285,""8"":1506}","{""5"":2500,""6"":2099,""7"":2283,""8"":2232}","[-39.02,18.1,-189.32]","[-16.18060884050658,25.258183066856162,58.74074595116656]",0.0370987590013101,2752016,coil_as_tip,thesis_trusted,True,
463,repeat,True,ok,T14,T14,14,"[5.656854249492377,5.656854249492383,-5.656854249492377,-5.656854249492383]","[369,369,-369,-369]","{""5"":2500,""6"":2793,""7"":2263,""8"":1493}","{""5"":2500,""6"":2099,""7"":2283,""8"":2232}","{""5"":2500,""6"":2793,""7"":2283,""8"":1531}","[-39.2,70.58,-192.13]","[-17.22784963556225,-27.286030896226116,59.03699874693508]",0.0,2753200,coil_as_tip,thesis_trusted,True,
464,approach,True,ok,T05,T05,5,"[4.0,0.0,-4.0,0.0]","[261,0,-261,0]","{""5"":2392,""6"":2424,""7"":2371,""8"":1862}","{""5"":2500,""6"":2793,""7"":2283,""8"":1531}","{""5"":2393,""6"":2427,""7"":2377,""8"":1863}","[-47.660000000000004,45.53,-193.98000000000002]","[-13.569983318813541,-2.4200245836870806,67.45117393369962]",0.0,2754376,coil_as_tip,thesis_trusted,True,
465,repeat,True,ok,T14,T14,14,"[5.656854249492377,5.656854249492383,-5.656854249492377,-5.656854249492383]","[369,369,-369,-369]","{""5"":2500,""6"":2793,""7"":2263,""8"":1493}","{""5"":2393,""6"":2427,""7"":2377,""8"":1863}","{""5"":2500,""6"":2793,""7"":2283,""8"":1530}","[-38.94,70.47,-192.88]","[-16.471053953590626,-27.231921464188936,58.77905986829566]",0.0,2755560,coil_as_tip,thesis_trusted,True,
466,approach,True,ok,T04,T04,4,"[2.82842712474619,-2.8284271247461903,-2.82842712474619,2.8284271247461903]","[184,-184,-184,184]","{""5"":2315,""6"":2240,""7"":2448,""8"":2046}","{""5"":2500,""6"":2794,""7"":2283,""8"":1530}","{""5"":2315,""6"":2264,""7"":2450,""8"":2047}","[-47.08,28.75,-201.35]","[-4.9874615732701955,13.772924072382466,66.85919901094461]",0.0,2756728,coil_as_tip,thesis_trusted,True,
467,repeat,True,ok,T14,T14,14,"[5.656854249492377,5.656854249492383,-5.656854249492377,-5.656854249492383]","[369,369,-369,-369]","{""5"":2500,""6"":2793,""7"":2263,""8"":1493}","{""5"":2314,""6"":2264,""7"":2450,""8"":2047}","{""5"":2500,""6"":2793,""7"":2283,""8"":1531}","[-38.84,69.8,-193.5]","[-15.803296534956843,-26.609424295526843,58.67957466905884]",0.0,2757920,coil_as_tip,thesis_trusted,True,
468,approach,True,ok,T08,T08,8,"[-2.8284271247461894,2.8284271247461907,2.8284271247461894,-2.8284271247461907]","[-184,184,184,-184]","{""5"":1947,""6"":2608,""7"":2816,""8"":1678}","{""5"":2500,""6"":2794,""7"":2283,""8"":1531}","{""5"":1969,""6"":2609,""7"":2815,""8"":1686}","[-45.51,56.71,-219.99]","[11.556066787848238,-15.482303725397863,65.40337763974155]",0.03890190400124993,2759080,coil_as_tip,thesis_trusted,True,
469,repeat,True,ok,T14,T14,14,"[5.656854249492377,5.656854249492383,-5.656854249492377,-5.656854249492383]","[369,369,-369,-369]","{""5"":2500,""6"":2793,""7"":2263,""8"":1493}","{""5"":null,""6"":2609,""7"":2815,""8"":1686}","{""5"":2500,""6"":2793,""7"":2287,""8"":1529}","[-39.480000000000004,69.56,-192.08]","[-17.203711614583966,-26.264477757757398,59.31475140889884]",0.037810891000845004,2760264,coil_as_tip,thesis_trusted,True,
470,approach,True,ok,T09,T09,9,"[-8.0,0.0,8.0,0.0]","[-522,0,522,0]","{""5"":1609,""6"":2424,""7"":3154,""8"":1862}","{""5"":2500,""6"":2793,""7"":2287,""8"":1530}","{""5"":1673,""6"":2425,""7"":3152,""8"":1862}","[-32.36,44.910000000000004,-241.58]","[33.991274995670096,-5.327338782632637,52.295032218488274]",0.0,2761440,coil_as_tip,thesis_trusted,True,
471,repeat,True,ok,T14,T14,14,"[5.656854249492377,5.656854249492383,-5.656854249492377,-5.656854249492383]","[369,369,-369,-369]","{""5"":2500,""6"":2793,""7"":2263,""8"":1493}","{""5"":1673,""6"":2425,""7"":3152,""8"":1862}","{""5"":2500,""6"":2793,""7"":2288,""8"":1530}","[-39.71,68.51,-194.69]","[-14.524404316441661,-25.408199360997322,59.55054731506209]",0.037344930999097414,2762600,coil_as_tip,thesis_trusted,True,
472,approach,True,ok,T06,T06,6,"[2.8284271247461907,2.82842712474619,-2.8284271247461907,-2.82842712474619]","[184,184,-184,-184]","{""5"":2315,""6"":2608,""7"":2448,""8"":1678}","{""5"":2500,""6"":2793,""7"":2288,""8"":1530}","{""5"":2315,""6"":2609,""7"":2450,""8"":1686}","[-46.71,58.77,-203.38]","[-5.163683175229522,-16.315874763788337,66.55698957454388]",0.038968258999375394,2763776,coil_as_tip,thesis_trusted,True,
473,repeat,True,ok,T14,T14,14,"[5.656854249492377,5.656854249492383,-5.656854249492377,-5.656854249492383]","[369,369,-369,-369]","{""5"":2500,""6"":2793,""7"":2263,""8"":1493}","{""5"":2315,""6"":2609,""7"":2450,""8"":1686}","{""5"":2500,""6"":2793,""7"":2287,""8"":1528}","[-38.75,71.56,-192.28]","[-17.148832640448887,-28.27541160236016,58.589469828525324]",0.0,2764952,coil_as_tip,thesis_trusted,True,
474,approach,True,ok,T10,T10,10,"[-5.6568542494923815,-5.656854249492379,5.6568542494923815,5.656854249492379]","[-369,-369,369,369]","{""5"":1762,""6"":2055,""7"":3001,""8"":2231}","{""5"":2500,""6"":2793,""7"":2287,""8"":1528}","{""5"":1797,""6"":2095,""7"":3000,""8"":2232}","[-35.22,17.2,-229.9]","[24.36690985263553,23.171055308102567,55.06256358103694]",0.0,2766136,coil_as_tip,thesis_trusted,True,
475,repeat,True,ok,T14,T14,14,"[5.656854249492377,5.656854249492383,-5.656854249492377,-5.656854249492383]","[369,369,-369,-369]","{""5"":2500,""6"":2793,""7"":2263,""8"":1493}","{""5"":1797,""6"":2094,""7"":3000,""8"":2232}","{""5"":2500,""6"":2793,""7"":2285,""8"":1530}","[-38.97,70.51,-191.76]","[-17.59105314014235,-27.189606438867692,58.80572934064908]",0.0,2767312,coil_as_tip,thesis_trusted,True,
476,approach,True,ok,T07,T07,7,"[0.0,4.0,0.0,-4.0]","[0,261,0,-261]","{""5"":2131,""6"":2685,""7"":2632,""8"":1601}","{""5"":2500,""6"":2794,""7"":2285,""8"":1530}","{""5"":2132,""6"":2686,""7"":2632,""8"":1612}","[-44.34,65.17,-206.37]","[-2.6443114979721543,-22.92328569274742,64.20924870986023]",0.0,2768480,coil_as_tip,thesis_trusted,True,
477,repeat,True,ok,T14,T14,14,"[5.656854249492377,5.656854249492383,-5.656854249492377,-5.656854249492383]","[369,369,-369,-369]","{""5"":2500,""6"":2793,""7"":2263,""8"":1493}","{""5"":2132,""6"":2686,""7"":2632,""8"":1612}","{""5"":2500,""6"":2793,""7"":2286,""8"":1529}","[-38.74,70.49,-192.1]","[-17.24983914837128,-27.195117534019737,58.576725760655464]",0.0,2769664,coil_as_tip,thesis_trusted,True,
478,approach,True,ok,T00,T00,0,"[0.0,0.0,0.0,0.0]","[0,0,0,0]","{""5"":2131,""6"":2424,""7"":2632,""8"":1862}","{""5"":2500,""6"":2792,""7"":2286,""8"":1529}","{""5"":2133,""6"":2429,""7"":2632,""8"":1862}","[-49.39,43.46,-208.09]","[0.6487818720460723,-1.3864831833418663,69.21990472750949]",0.038904910999917774,2770856,coil_as_tip,thesis_trusted,True,
479,repeat,True,ok,T14,T14,14,"[5.656854249492377,5.656854249492383,-5.656854249492377,-5.656854249492383]","[369,369,-369,-369]","{""5"":2500,""6"":2793,""7"":2263,""8"":1493}","{""5"":2133,""6"":2429,""7"":2632,""8"":1863}","{""5"":2500,""6"":2793,""7"":2285,""8"":1529}","[-38.87,70.54,-193.41]","[-15.947415631079451,-27.34076107931312,58.71081878552816]",0.0,2772040,coil_as_tip,thesis_trusted,True,
480,approach,True,ok,T10,T10,10,"[-5.6568542494923815,-5.656854249492379,5.6568542494923815,5.656854249492379]","[-369,-369,369,369]","{""5"":1762,""6"":2055,""7"":3001,""8"":2231}","{""5"":2500,""6"":2793,""7"":2285,""8"":1529}","{""5"":1796,""6"":2095,""7"":3000,""8"":2232}","[-35.37,17.11,-229.76]","[24.233455338300416,23.271420603399278,55.21195133188549]",0.0,2773216,coil_as_tip,thesis_trusted,True,
481,repeat,True,ok,T15,T15,15,"[0.0,8.0,0.0,-8.0]","[0,522,0,-522]","{""5"":2131,""6"":2946,""7"":2632,""8"":1340}","{""5"":1796,""6"":2095,""7"":3000,""8"":2232}","{""5"":2132,""6"":2947,""7"":2632,""8"":1401}","[-32.35,79.77,-211.34]","[1.2760741563325837,-37.87564131425973,52.26443235759467]",0.0,2774400,coil_as_tip,thesis_trusted,True,
482,approach,True,ok,T06,T06,6,"[2.8284271247461907,2.82842712474619,-2.8284271247461907,-2.82842712474619]","[184,184,-184,-184]","{""5"":2315,""6"":2608,""7"":2448,""8"":1678}","{""5"":2132,""6"":2947,""7"":2632,""8"":1401}","{""5"":2315,""6"":2609,""7"":2455,""8"":1686}","[-46.75,58.910000000000004,-203.75]","[-4.805065078198226,-16.4825418376413,66.59840390750915]",0.03955315199891629,2775576,coil_as_tip,thesis_trusted,True,
483,repeat,True,ok,T15,T15,15,"[0.0,8.0,0.0,-8.0]","[0,522,0,-522]","{""5"":2131,""6"":2946,""7"":2632,""8"":1340}","{""5"":2315,""6"":2609,""7"":2455,""8"":1687}","{""5"":2132,""6"":2947,""7"":2631,""8"":1399}","[-33.32,80.4,-213.74]","[3.620591309199966,-38.67775363584072,53.24303091853707]",0.0,2776760,coil_as_tip,thesis_trusted,True,
484,approach,True,ok,T12,T12,12,"[5.6568542494923735,-5.656854249492387,-5.6568542494923735,5.656854249492387]","[369,-369,-369,369]","{""5"":2500,""6"":2055,""7"":2263,""8"":2231}","{""5"":2132,""6"":2947,""7"":2631,""8"":1398}","{""5"":2500,""6"":2098,""7"":2284,""8"":2232}","[-39.14,18.05,-189.79]","[-15.708556012183067,25.27385160368587,58.862074530756814]",0.03803660400080844,2777936,coil_as_tip,thesis_trusted,True,
485,repeat,True,ok,T15,T15,15,"[0.0,8.0,0.0,-8.0]","[0,522,0,-522]","{""5"":2131,""6"":2946,""7"":2632,""8"":1340}","{""5"":2500,""6"":2098,""7"":2284,""8"":2232}","{""5"":2132,""6"":2947,""7"":2633,""8"":1400}","[-33.51,82.74,-206.5]","[-3.7720542759143143,-40.48004427039189,53.41577269547513]",0.0,2779112,coil_as_tip,thesis_trusted,True,
486,approach,True,ok,T09,T09,9,"[-8.0,0.0,8.0,0.0]","[-522,0,522,0]","{""5"":1609,""6"":2424,""7"":3154,""8"":1862}","{""5"":2132,""6"":2947,""7"":2633,""8"":1400}","{""5"":1670,""6"":2425,""7"":3152,""8"":1862}","[-31.720000000000002,47.12,-241.72]","[33.97065346406026,-7.543101968063418,51.65999815757212]",0.037980402001267066,2780280,coil_as_tip,thesis_trusted,True,
487,repeat,True,ok,T15,T15,15,"[0.0,8.0,0.0,-8.0]","[0,522,0,-522]","{""5"":2131,""6"":2946,""7"":2632,""8"":1340}","{""5"":1670,""6"":2425,""7"":3152,""8"":1862}","{""5"":2132,""6"":2947,""7"":2633,""8"":1398}","[-33.480000000000004,80.12,-216.35]","[6.243625193207407,-38.58955862238964,53.410407389258125]",0.0,2781456,coil_as_tip,thesis_trusted,True,
488,approach,True,ok,T07,T07,7,"[0.0,4.0,0.0,-4.0]","[0,261,0,-261]","{""5"":2131,""6"":2685,""7"":2632,""8"":1601}","{""5"":2132,""6"":2947,""7"":2633,""8"":1398}","{""5"":2132,""6"":2686,""7"":2631,""8"":1613}","[-44.25,65.32000000000001,-211.11]","[2.072160321695492,-23.420710103277834,64.13399892521197]",0.03717816599964863,2782640,coil_as_tip,thesis_trusted,True,
489,repeat,True,ok,T15,T15,15,"[0.0,8.0,0.0,-8.0]","[0,522,0,-522]","{""5"":2131,""6"":2946,""7"":2632,""8"":1340}","{""5"":2132,""6"":2686,""7"":2631,""8"":1612}","{""5"":2132,""6"":2947,""7"":2633,""8"":1397}","[-33.21,80.65,-214.59]","[4.450279856488947,-38.98966718130976,53.13613445156835]",0.0,2783816,coil_as_tip,thesis_trusted,True,
490,approach,True,ok,T03,T03,3,"[0.0,-4.0,0.0,4.0]","[0,-261,0,261]","{""5"":2131,""6"":2163,""7"":2632,""8"":2123}","{""5"":2132,""6"":2947,""7"":2633,""8"":1397}","{""5"":2132,""6"":2197,""7"":2631,""8"":2124}","[-45.19,22.25,-208.65]","[2.7750467251963755,19.715742218506534,64.97811490906705]",0.0,2785008,coil_as_tip,thesis_trusted,True,
491,repeat,True,ok,T15,T15,15,"[0.0,8.0,0.0,-8.0]","[0,522,0,-522]","{""5"":2131,""6"":2946,""7"":2632,""8"":1340}","{""5"":2132,""6"":2196,""7"":2631,""8"":2124}","{""5"":2132,""6"":2947,""7"":2632,""8"":1400}","[-31.990000000000002,81.35000000000001,-208.52]","[-1.6511640078438745,-39.24538512611449,51.89908509802589]",0.0,2786176,coil_as_tip,thesis_trusted,True,
492,approach,True,ok,T13,T13,13,"[8.0,0.0,-8.0,0.0]","[522,0,-522,0]","{""5"":2653,""6"":2424,""7"":2110,""8"":1862}","{""5"":2132,""6"":2947,""7"":2632,""8"":1400}","{""5"":2653,""6"":2426,""7"":2157,""8"":1862}","[-39.35,48.85,-176.35]","[-31.3719306842535,-4.456981755817189,59.09432790921083]",0.0,2787344,coil_as_tip,thesis_trusted,True,
493,repeat,True,ok,T15,T15,15,"[0.0,8.0,0.0,-8.0]","[0,522,0,-522]","{""5"":2131,""6"":2946,""7"":2632,""8"":1340}","{""5"":2653,""6"":2426,""7"":2157,""8"":1862}","{""5"":2132,""6"":2947,""7"":2631,""8"":1398}","[-33.25,83.44,-204.57]","[-5.74743854509245,-41.03720435545677,53.15133058707687]",0.03808211000068695,2788512,coil_as_tip,thesis_trusted,True,
494,approach,True,ok,T02,T02,2,"[-2.8284271247461903,-2.82842712474619,2.8284271247461903,2.82842712474619]","[-184,-184,184,184]","{""5"":1947,""6"":2240,""7"":2816,""8"":2046}","{""5"":2132,""6"":2947,""7"":2631,""8"":1398}","{""5"":1966,""6"":2263,""7"":2815,""8"":2047}","[-45.74,29.66,-219.79]","[13.339921830872584,11.509973442411393,65.57725829317886]",0.03764335300002131,2789664,coil_as_tip,thesis_trusted,True,
495,repeat,True,ok,T15,T15,15,"[0.0,8.0,0.0,-8.0]","[0,522,0,-522]","{""5"":2131,""6"":2946,""7"":2632,""8"":1340}","{""5"":1966,""6"":2263,""7"":2815,""8"":2047}","{""5"":2132,""6"":2947,""7"":2633,""8"":1400}","[-34.04,80.97,-212.52]","[2.35999629701638,-39.15510986002777,53.960478652164966]",0.0,2790848,coil_as_tip,thesis_trusted,True,
496,approach,True,ok,T04,T04,4,"[2.82842712474619,-2.8284271247461903,-2.82842712474619,2.8284271247461903]","[184,-184,-184,184]","{""5"":2315,""6"":2240,""7"":2448,""8"":2046}","{""5"":2132,""6"":2947,""7"":2633,""8"":1400}","{""5"":2315,""6"":2264,""7"":2453,""8"":2047}","[-47.22,29.02,-202.51]","[-3.850798184831632,13.418897004995848,67.00328640435917]",0.0,2792032,coil_as_tip,thesis_trusted,True,
497,repeat,True,ok,T15,T15,15,"[0.0,8.0,0.0,-8.0]","[0,522,0,-522]","{""5"":2131,""6"":2946,""7"":2632,""8"":1340}","{""5"":2315,""6"":2264,""7"":2453,""8"":2047}","{""5"":2132,""6"":2947,""7"":2633,""8"":1399}","[-33.72,79.78,-214.83]","[4.751969593053133,-38.13845578308676,53.645076941823476]",0.0,2793200,coil_as_tip,thesis_trusted,True,
498,approach,True,ok,T08,T08,8,"[-2.8284271247461894,2.8284271247461907,2.8284271247461894,-2.8284271247461907]","[-184,184,184,-184]","{""5"":1947,""6"":2608,""7"":2816,""8"":1678}","{""5"":2132,""6"":2947,""7"":2633,""8"":1400}","{""5"":1966,""6"":2609,""7"":2815,""8"":1686}","[-45.09,57.22,-221.41]","[12.936043363363979,-16.096023084813616,64.98875347389232]",0.03591874999983702,2794368,coil_as_tip,thesis_trusted,True,
499,repeat,True,ok,T15,T15,15,"[0.0,8.0,0.0,-8.0]","[0,522,0,-522]","{""5"":2131,""6"":2946,""7"":2632,""8"":1340}","{""5"":1966,""6"":2609,""7"":2815,""8"":1686}","{""5"":2132,""6"":2947,""7"":2633,""8"":1398}","[-31.96,80.4,-210.56]","[0.4530973030491623,-38.447624443470566,51.8733512932897]",0.0,2795544,coil_as_tip,thesis_trusted,True,
500,approach,True,ok,T00,T00,0,"[0.0,0.0,0.0,0.0]","[0,0,0,0]","{""5"":2131,""6"":2424,""7"":2632,""8"":1862}","{""5"":2132,""6"":2947,""7"":2633,""8"":1398}","{""5"":2132,""6"":2431,""7"":2631,""8"":1863}","[-49.5,43.660000000000004,-209.16]","[1.7009088258750467,-1.6641665701309947,69.33357446722869]",0.0,2796752,coil_as_tip,thesis_trusted,True,
501,repeat,True,ok,T15,T15,15,"[0.0,8.0,0.0,-8.0]","[0,522,0,-522]","{""5"":2131,""6"":2946,""7"":2632,""8"":1340}","{""5"":2132,""6"":2431,""7"":2631,""8"":1863}","{""5"":2132,""6"":2947,""7"":2633,""8"":1399}","[-33.43,82.10000000000001,-210.04]","[-0.1944318027501879,-40.101569221755405,53.3452455583533]",0.0,2797912,coil_as_tip,thesis_trusted,True,
502,approach,True,ok,T16,T16,16,"[-5.656854249492373,5.656854249492388,5.656854249492373,-5.656854249492388]","[-369,369,369,-369]","{""5"":1762,""6"":2793,""7"":3001,""8"":1493}","{""5"":2132,""6"":2947,""7"":2633,""8"":1399}","{""5"":1801,""6"":2793,""7"":3000,""8"":1505}","[-34.63,68.82000000000001,-231.91]","[22.58712754208736,-28.458553873529077,54.58461935935604]",0.0,2799080,coil_as_tip,thesis_trusted,True,
503,repeat,True,ok,T15,T15,15,"[0.0,8.0,0.0,-8.0]","[0,522,0,-522]","{""5"":2131,""6"":2946,""7"":2632,""8"":1340}","{""5"":1801,""6"":2793,""7"":3000,""8"":1505}","{""5"":2132,""6"":2947,""7"":2633,""8"":1398}","[-31.88,81.75,-210.31]","[0.10498710912710862,-39.77583252866754,51.79536042648499]",0.0,2800248,coil_as_tip,thesis_trusted,True,
504,approach,True,ok,T05,T05,5,"[4.0,0.0,-4.0,0.0]","[261,0,-261,0]","{""5"":2392,""6"":2424,""7"":2371,""8"":1862}","{""5"":2132,""6"":2947,""7"":2633,""8"":1398}","{""5"":2393,""6"":2428,""7"":2388,""8"":1862}","[-48.0,46.86,-195.73000000000002]","[-11.923234703620352,-3.874010154337391,67.7992327774316]",0.0,2801432,coil_as_tip,thesis_trusted,True,
505,repeat,True,ok,T15,T15,15,"[0.0,8.0,0.0,-8.0]","[0,522,0,-522]","{""5"":2131,""6"":2946,""7"":2632,""8"":1340}","{""5"":2393,""6"":2428,""7"":2388,""8"":1862}","{""5"":2132,""6"":2947,""7"":2631,""8"":1399}","[-32.6,79.23,-212.95000000000002]","[2.9206153358488507,-37.45460433691684,52.518227890623194]",0.038014357998690684,2802592,coil_as_tip,thesis_trusted,False,stale_telemetry
506,approach,True,ok,T01,T01,1,"[-4.0,0.0,4.0,0.0]","[-261,0,261,0]","{""5"":1870,""6"":2424,""7"":2893,""8"":1862}","{""5"":2132,""6"":2947,""7"":2631,""8"":1398}","{""5"":1897,""6"":2428,""7"":2892,""8"":1863}","[-44.69,45.67,-227.94]","[20.296717317948264,-5.056964158981444,64.58495034573531]",0.03790119199948094,2803784,coil_as_tip,thesis_trusted,True,
507,repeat,True,ok,T15,T15,15,"[0.0,8.0,0.0,-8.0]","[0,522,0,-522]","{""5"":2131,""6"":2946,""7"":2632,""8"":1340}","{""5"":1897,""6"":2428,""7"":2892,""8"":1862}","{""5"":2132,""6"":2947,""7"":2633,""8"":1398}","[-32.96,82.31,-208.75]","[-1.4949969985635505,-40.21746342210697,52.87174930096174]",0.037149732999750995,2804944,coil_as_tip,thesis_trusted,True,
508,approach,True,ok,T11,T11,11,"[0.0,-8.0,0.0,8.0]","[0,-522,0,522]","{""5"":2131,""6"":1902,""7"":2632,""8"":2384}","{""5"":2133,""6"":2947,""7"":2633,""8"":1398}","{""5"":2132,""6"":1967,""7"":2631,""8"":2385}","[-32.57,4.8,-207.13]","[2.5754632902759056,37.201533272988804,52.31776034643757]",0.0,2806144,coil_as_tip,thesis_trusted,True,
509,repeat,True,ok,T15,T15,15,"[0.0,8.0,0.0,-8.0]","[0,522,0,-522]","{""5"":2131,""6"":2946,""7"":2632,""8"":1340}","{""5"":2132,""6"":1966,""7"":2631,""8"":2385}","{""5"":2132,""6"":2947,""7"":2633,""8"":1400}","[-33.54,80.2,-214.39000000000001]","[4.28287150701496,-38.52546334832302,53.464599435953005]",0.0,2807304,coil_as_tip,thesis_trusted,True,
510,approach,True,ok,T14,T14,14,"[5.656854249492377,5.656854249492383,-5.656854249492377,-5.656854249492383]","[369,369,-369,-369]","{""5"":2500,""6"":2793,""7"":2263,""8"":1493}","{""5"":2132,""6"":2947,""7"":2633,""8"":1400}","{""5"":2500,""6"":2793,""7"":2290,""8"":1506}","[-37.92,72.39,-192.32]","[-17.167419706630568,-29.107991995908428,57.76130051657893]",0.0,2808496,coil_as_tip,thesis_trusted,True,
511,repeat,True,ok,T15,T15,15,"[0.0,8.0,0.0,-8.0]","[0,522,0,-522]","{""5"":2131,""6"":2946,""7"":2632,""8"":1340}","{""5"":2500,""6"":2793,""7"":2290,""8"":1506}","{""5"":2132,""6"":2947,""7"":2631,""8"":1398}","[-32.480000000000004,81.91,-205.79]","[-4.416288015866741,-39.602549288315906,52.38191320563217]",0.03712708599960024,2809648,coil_as_tip,thesis_trusted,True,
512,approach,True,ok,T10,T10,10,"[-5.6568542494923815,-5.656854249492379,5.6568542494923815,5.656854249492379]","[-369,-369,369,369]","{""5"":1762,""6"":2055,""7"":3001,""8"":2231}","{""5"":2132,""6"":2947,""7"":2631,""8"":1398}","{""5"":1794,""6"":2097,""7"":3000,""8"":2232}","[-35.28,17.580000000000002,-229.43]","[23.87013334903824,22.826684878231816,55.121910969389845]",0.0,2810840,coil_as_tip,thesis_trusted,True,
513,repeat,True,ok,T16,T16,16,"[-5.656854249492373,5.656854249492388,5.656854249492373,-5.656854249492388]","[-369,369,369,-369]","{""5"":1762,""6"":2793,""7"":3001,""8"":1493}","{""5"":1794,""6"":2097,""7"":3000,""8"":2232}","{""5"":1791,""6"":2793,""7"":3002,""8"":1529}","[-36.08,66.14,-233.92000000000002]","[24.78408210689497,-25.929896611340247,56.035234087859365]",0.0,2812008,coil_as_tip,thesis_trusted,True,
514,approach,True,ok,T07,T07,7,"[0.0,4.0,0.0,-4.0]","[0,261,0,-261]","{""5"":2131,""6"":2685,""7"":2632,""8"":1601}","{""5"":null,""6"":2794,""7"":3002,""8"":1529}","{""5"":2132,""6"":2686,""7"":2633,""8"":1612}","[-44.24,64.72,-213.39000000000001]","[4.390045741464377,-22.98956184106914,64.12971443957004]",0.03962085700004536,2813184,coil_as_tip,thesis_trusted,True,
515,repeat,True,ok,T16,T16,16,"[-5.656854249492373,5.656854249492388,5.656854249492373,-5.656854249492388]","[-369,369,369,-369]","{""5"":1762,""6"":2793,""7"":3001,""8"":1493}","{""5"":2132,""6"":2686,""7"":2632,""8"":1612}","{""5"":1797,""6"":2793,""7"":3000,""8"":1527}","[-34.93,67.59,-231.43]","[22.197770177399207,-27.195985835326333,54.880630831214745]",0.03887048999968101,2814352,coil_as_tip,thesis_trusted,True,
516,approach,True,ok,T08,T08,8,"[-2.8284271247461894,2.8284271247461907,2.8284271247461894,-2.8284271247461907]","[-184,184,184,-184]","{""5"":1947,""6"":2608,""7"":2816,""8"":1678}","{""5"":1797,""6"":2793,""7"":3000,""8"":1527}","{""5"":1954,""6"":2609,""7"":2817,""8"":1685}","[-44.81,56.58,-222.75]","[14.320178056311278,-15.556657362895926,64.71152474197606]",0.0,2815528,coil_as_tip,thesis_trusted,True,
517,repeat,True,ok,T16,T16,16,"[-5.656854249492373,5.656854249492388,5.656854249492373,-5.656854249492388]","[-369,369,369,-369]","{""5"":1762,""6"":2793,""7"":3001,""8"":1493}","{""5"":1954,""6"":2609,""7"":2817,""8"":1685}","{""5"":1795,""6"":2793,""7"":3000,""8"":1527}","[-34.94,66.92,-232.92000000000002]","[23.73286304104616,-26.637043451126765,54.893795599557905]",0.0,2816696,coil_as_tip,thesis_trusted,True,
518,approach,True,ok,T13,T13,13,"[8.0,0.0,-8.0,0.0]","[522,0,-522,0]","{""5"":2653,""6"":2424,""7"":2110,""8"":1862}","{""5"":1795,""6"":2793,""7"":3000,""8"":1527}","{""5"":2653,""6"":2425,""7"":2159,""8"":1862}","[-39.07,48.39,-176.55]","[-31.137922871666262,-4.013524972135748,58.8139952057047]",0.0,2817880,coil_as_tip,thesis_trusted,True,
519,repeat,True,ok,T16,T16,16,"[-5.656854249492373,5.656854249492388,5.656854249492373,-5.656854249492388]","[-369,369,369,-369]","{""5"":1762,""6"":2793,""7"":3001,""8"":1493}","{""5"":2653,""6"":2425,""7"":2159,""8"":1862}","{""5"":1799,""6"":2793,""7"":3000,""8"":1525}","[-34.53,68.09,-230.6]","[21.334491920492752,-27.63467515203731,54.479130725914345]",0.03894115799994324,2819064,coil_as_tip,thesis_trusted,True,
520,approach,True,ok,T09,T09,9,"[-8.0,0.0,8.0,0.0]","[-522,0,522,0]","{""5"":1609,""6"":2424,""7"":3154,""8"":1862}","{""5"":null,""6"":2793,""7"":3000,""8"":1525}","{""5"":1670,""6"":2425,""7"":3152,""8"":1862}","[-32.22,47.7,-241.67000000000002]","[33.87680425172573,-8.116736667977541,52.16103264380898]",0.0,2820272,coil_as_tip,thesis_trusted,True,
521,repeat,True,ok,T16,T16,16,"[-5.656854249492373,5.656854249492388,5.656854249492373,-5.656854249492388]","[-369,369,369,-369]","{""5"":1762,""6"":2793,""7"":3001,""8"":1493}","{""5"":1670,""6"":2425,""7"":3152,""8"":1862}","{""5"":1776,""6"":2793,""7"":3002,""8"":1528}","[-34.71,66.66,-234.38]","[25.20865855866262,-26.485340566855406,54.66771193122496]",0.0,2821440,coil_as_tip,thesis_trusted,True,
522,approach,True,ok,T02,T02,2,"[-2.8284271247461903,-2.82842712474619,2.8284271247461903,2.82842712474619]","[-184,-184,184,184]","{""5"":1947,""6"":2240,""7"":2816,""8"":2046}","{""5"":null,""6"":2793,""7"":3002,""8"":1528}","{""5"":1953,""6"":2264,""7"":2816,""8"":2047}","[-45.22,29.47,-221.44]","[15.000908215528568,11.577272397604268,65.06189911685868]",0.0,2822608,coil_as_tip,thesis_trusted,True,
523,repeat,True,ok,T16,T16,16,"[-5.656854249492373,5.656854249492388,5.656854249492373,-5.656854249492388]","[-369,369,369,-369]","{""5"":1762,""6"":2793,""7"":3001,""8"":1493}","{""5"":1953,""6"":2264,""7"":2816,""8"":2047}","{""5"":1792,""6"":2793,""7"":3000,""8"":1529}","[-35.800000000000004,66.32000000000001,-234.43]","[25.28031293811935,-26.147449654139514,55.757159213569864]",0.0,2823768,coil_as_tip,thesis_trusted,True,
524,approach,True,ok,T05,T05,5,"[4.0,0.0,-4.0,0.0]","[261,0,-261,0]","{""5"":2392,""6"":2424,""7"":2371,""8"":1862}","{""5"":1792,""6"":2793,""7"":3000,""8"":1529}","{""5"":2393,""6"":2427,""7"":2391,""8"":1863}","[-48.31,45.300000000000004,-196.31]","[-11.231276528679643,-2.360047720306646,68.10779659980291]",0.03793970100014121,2824952,coil_as_tip,thesis_trusted,True,
525,repeat,True,ok,T16,T16,16,"[-5.656854249492373,5.656854249492388,5.656854249492373,-5.656854249492388]","[-369,369,369,-369]","{""5"":1762,""6"":2793,""7"":3001,""8"":1493}","{""5"":2393,""6"":2426,""7"":2391,""8"":1863}","{""5"":1796,""6"":2793,""7"":3000,""8"":1526}","[-35.77,66.66,-234.35]","[25.175678115280988,-26.480734213203156,55.72761337563401]",0.036733595001351205,2826120,coil_as_tip,thesis_trusted,True,
526,approach,True,ok,T03,T03,3,"[0.0,-4.0,0.0,4.0]","[0,-261,0,261]","{""5"":2131,""6"":2163,""7"":2632,""8"":2123}","{""5"":1797,""6"":2793,""7"":3000,""8"":1526}","{""5"":2132,""6"":2196,""7"":2632,""8"":2124}","[-45.0,22.14,-210.14000000000001]","[4.269644056646257,19.715740069528437,64.79243018482126]",0.0389413839984627,2827312,coil_as_tip,thesis_trusted,True,
527,repeat,True,ok,T16,T16,16,"[-5.656854249492373,5.656854249492388,5.656854249492373,-5.656854249492388]","[-369,369,369,-369]","{""5"":1762,""6"":2793,""7"":3001,""8"":1493}","{""5"":2132,""6"":2196,""7"":2632,""8"":2125}","{""5"":1793,""6"":2793,""7"":3000,""8"":1530}","[-34.59,67.18,-231.28]","[22.07922817097122,-26.77686200706264,54.53933475843685]",0.0,2828496,coil_as_tip,thesis_trusted,True,
528,approach,True,ok,T00,T00,0,"[0.0,0.0,0.0,0.0]","[0,0,0,0]","{""5"":2131,""6"":2424,""7"":2632,""8"":1862}","{""5"":1793,""6"":2793,""7"":3000,""8"":1530}","{""5"":2132,""6"":2430,""7"":2632,""8"":1863}","[-49.300000000000004,42.82,-211.70000000000002]","[4.29624439778496,-1.013164528840072,69.13959093335454]",0.0,2829680,coil_as_tip,thesis_trusted,True,
529,repeat,True,ok,T16,T16,16,"[-5.656854249492373,5.656854249492388,5.656854249492373,-5.656854249492388]","[-369,369,369,-369]","{""5"":1762,""6"":2793,""7"":3001,""8"":1493}","{""5"":2132,""6"":2430,""7"":2632,""8"":1863}","{""5"":1794,""6"":2793,""7"":3000,""8"":1528}","[-35.57,66.86,-233.49]","[24.303906640588764,-26.617578018307462,55.52540489678728]",0.0,2830848,coil_as_tip,thesis_trusted,True,
530,approach,True,ok,T01,T01,1,"[-4.0,0.0,4.0,0.0]","[-261,0,261,0]","{""5"":1870,""6"":2424,""7"":2893,""8"":1862}","{""5"":1794,""6"":2793,""7"":3000,""8"":1528}","{""5"":1880,""6"":2427,""7"":2894,""8"":1863}","[-43.92,45.050000000000004,-229.23000000000002]","[21.630935151553388,-4.53498990269901,63.81761362155973]",0.03650167300111207,2832008,coil_as_tip,thesis_trusted,True,
531,repeat,True,ok,T16,T16,16,"[-5.656854249492373,5.656854249492388,5.656854249492373,-5.656854249492388]","[-369,369,369,-369]","{""5"":1762,""6"":2793,""7"":3001,""8"":1493}","{""5"":1880,""6"":2427,""7"":2894,""8"":1863}","{""5"":1791,""6"":2794,""7"":3000,""8"":1529}","[-35.95,66.86,-234.57]","[25.379895817915553,-26.695920985451743,55.90869286917176]",0.0,2833184,coil_as_tip,thesis_trusted,True,
532,approach,True,ok,T12,T12,12,"[5.6568542494923735,-5.656854249492387,-5.6568542494923735,5.656854249492387]","[369,-369,-369,369]","{""5"":2500,""6"":2055,""7"":2263,""8"":2231}","{""5"":1791,""6"":2793,""7"":3000,""8"":1529}","{""5"":2500,""6"":2094,""7"":2289,""8"":2232}","[-39.11,17.28,-191.05]","[-14.3953926984789,25.949301492495973,58.83433359984399]",0.0,2834360,coil_as_tip,thesis_trusted,True,
533,repeat,True,ok,T16,T16,16,"[-5.656854249492373,5.656854249492388,5.656854249492373,-5.656854249492388]","[-369,369,369,-369]","{""5"":1762,""6"":2793,""7"":3001,""8"":1493}","{""5"":2500,""6"":2094,""7"":2289,""8"":2232}","{""5"":1795,""6"":2793,""7"":3000,""8"":1529}","[-35.74,66.71000000000001,-232.71]","[23.53652148902796,-26.41039241942412,55.692719441221925]",0.03990929199972015,2835528,coil_as_tip,thesis_trusted,True,
534,approach,True,ok,T14,T14,14,"[5.656854249492377,5.656854249492383,-5.656854249492377,-5.656854249492383]","[369,369,-369,-369]","{""5"":2500,""6"":2793,""7"":2263,""8"":1493}","{""5"":1795,""6"":2793,""7"":3000,""8"":1529}","{""5"":2500,""6"":2793,""7"":2290,""8"":1529}","[-38.92,71.61,-192.3]","[-17.13304481124183,-28.326357698465976,58.75963222078785]",0.0,2836720,coil_as_tip,thesis_trusted,True,
535,repeat,True,ok,T16,T16,16,"[-5.656854249492373,5.656854249492388,5.656854249492373,-5.656854249492388]","[-369,369,369,-369]","{""5"":1762,""6"":2793,""7"":3001,""8"":1493}","{""5"":2500,""6"":2793,""7"":2290,""8"":1529}","{""5"":1800,""6"":2793,""7"":3000,""8"":1527}","[-35.06,67.47,-230.72]","[21.498111373678995,-27.023943866265803,55.008220483062345]",0.0,2837904,coil_as_tip,thesis_trusted,True,
536,approach,True,ok,T06,T06,6,"[2.8284271247461907,2.82842712474619,-2.8284271247461907,-2.82842712474619]","[184,184,-184,-184]","{""5"":2315,""6"":2608,""7"":2448,""8"":1678}","{""5"":null,""6"":2793,""7"":3000,""8"":1527}","{""5"":2315,""6"":2609,""7"":2458,""8"":1686}","[-46.92,58.35,-204.99]","[-3.5278278614260614,-16.014605129271864,66.77103162559767]",0.0,2839088,coil_as_tip,thesis_trusted,True,
537,repeat,True,ok,T16,T16,16,"[-5.656854249492373,5.656854249492388,5.656854249492373,-5.656854249492388]","[-369,369,369,-369]","{""5"":1762,""6"":2793,""7"":3001,""8"":1493}","{""5"":2315,""6"":2609,""7"":2458,""8"":1686}","{""5"":1798,""6"":2793,""7"":3000,""8"":1524}","[-35.35,66.92,-233.65]","[24.45970971719325,-26.68964984757897,55.30601699204769]",0.0,2840264,coil_as_tip,thesis_trusted,True,
538,approach,True,ok,T15,T15,15,"[0.0,8.0,0.0,-8.0]","[0,522,0,-522]","{""5"":2131,""6"":2946,""7"":2632,""8"":1340}","{""5"":1798,""6"":2793,""7"":3000,""8"":1524}","{""5"":2132,""6"":2947,""7"":2633,""8"":1399}","[-31.67,82.14,-209.74]","[-0.4914733060177241,-40.12345505474996,51.584425477921826]",0.0,2841432,coil_as_tip,thesis_trusted,True,
539,repeat,True,ok,T16,T16,16,"[-5.656854249492373,5.656854249492388,5.656854249492373,-5.656854249492388]","[-369,369,369,-369]","{""5"":1762,""6"":2793,""7"":3001,""8"":1493}","{""5"":2132,""6"":2947,""7"":2633,""8"":1399}","{""5"":1798,""6"":2793,""7"":3000,""8"":1505}","[-34.1,68.7,-231.6]","[22.288295855571732,-28.317345498966212,54.05343218134104]",0.03608019599960244,2842600,coil_as_tip,thesis_trusted,True,
540,approach,True,ok,T11,T11,11,"[0.0,-8.0,0.0,8.0]","[0,-522,0,522]","{""5"":2131,""6"":1902,""7"":2632,""8"":2384}","{""5"":1798,""6"":2793,""7"":3000,""8"":1505}","{""5"":2132,""6"":1967,""7"":2632,""8"":2385}","[-32.410000000000004,4.72,-208.42000000000002]","[3.8683131412588807,37.186347785821276,52.16152762325571]",0.03699145300015516,2843768,coil_as_tip,thesis_trusted,True,
541,repeat,True,ok,T16,T16,16,"[-5.656854249492373,5.656854249492388,5.656854249492373,-5.656854249492388]","[-369,369,369,-369]","{""5"":1762,""6"":2793,""7"":3001,""8"":1493}","{""5"":2132,""6"":1967,""7"":2632,""8"":2385}","{""5"":1792,""6"":2793,""7"":3002,""8"":1530}","[-35.74,66.58,-232.55]","[23.386487934700057,-26.269008673278698,55.69196518554703]",0.0,2844952,coil_as_tip,thesis_trusted,True,
542,approach,True,ok,T04,T04,4,"[2.82842712474619,-2.8284271247461903,-2.82842712474619,2.8284271247461903]","[184,-184,-184,184]","{""5"":2315,""6"":2240,""7"":2448,""8"":2046}","{""5"":1792,""6"":2793,""7"":3001,""8"":1530}","{""5"":2315,""6"":2262,""7"":2457,""8"":2047}","[-47.15,28.48,-204.18]","[-2.145494671015541,13.834807273368604,66.93726690399252]",0.0,2846144,coil_as_tip,thesis_trusted,True,
543,repeat,True,ok,T16,T16,16,"[-5.656854249492373,5.656854249492388,5.656854249492373,-5.656854249492388]","[-369,369,369,-369]","{""5"":1762,""6"":2793,""7"":3001,""8"":1493}","{""5"":2315,""6"":2262,""7"":2457,""8"":2047}","{""5"":1795,""6"":2793,""7"":3000,""8"":1529}","[-35.11,66.24,-232.45000000000002]","[23.313514451856122,-25.92402138580554,55.06096705378788]",0.0,2847320,coil_as_tip,thesis_trusted,True,
