DATE: 2026-5-14
TIME: 15-05-30
NUM_CABLES: 4
num_coils: 1
NUM_MEASUREMENTS: 1494
---
,0,0,0.0,0.0,-0.0,-0.0,2133,2407,2547,1891,2134,2409,2548,1892,-15,-8,0,-17,5000,5000,5000,5000,-45.11,42.050000000000004,-208.36,1.2988644891575802,1.1599639898060374,65.9943443652864,0.06234089589122256,0.03954641668893095,0.9972711234296043
,1,0,0.0,0.0,-0.0,-0.0,2133,2407,2547,1891,2135,2409,2548,1892,-16,-8,0,-17,5000,5000,5000,5000,-45.14,42.06,-208.35,1.2880679255533494,1.1507469262187868,66.02431902046655,0.06211635792518665,0.039851255141388695,0.9972729995050332
,2,0,0.0,-0.25,-0.0,0.25,2133,2244,2547,2054,2134,2268,2547,2054,0,-70,15,0,5000,4900,5000,4900,-43.22,29.43,-207.14000000000001,0.9420226225435897,13.82805448821177,64.0663798929908,0.054588994569297736,0.3921069999904059,0.9182985038811926
,3,0,-0.375,0.25,0.375,-0.25,1889,2570,2791,1728,1918,2571,2790,1743,-105,0,14,-49,5000,5000,5000,5000,-40.77,51.08,-224.82,17.13306970937532,-8.971875484358463,61.759740025588265,0.5170375081363839,-0.23962200894401214,0.8217381018364395
,4,0,0.375,-0.5833333333333334,-0.375,0.5833333333333334,2377,2027,2303,2271,2378,2070,2326,2271,3,-175,-73,0,5000,4800,5000,5000,-35.01,17.61,-193.74,-11.590364031134698,26.50129849526622,55.759474867629976,-0.2781662877737953,0.7146392739685665,0.6418054412731526
,5,0,-0.5625,-0.08333333333333337,0.5625,0.08333333333333337,1766,2353,2914,1945,1810,2354,2912,1946,-197,-8,17,0,5000,5000,5000,5000,-36.84,39.0,-232.52,25.64924134597163,2.550069224831475,57.83788959825132,0.7345884977360412,0.06116380471014733,0.6757504924062477
,6,0,0.1875,0.4166666666666665,-0.1875,-0.4166666666666665,2255,2679,2425,1619,2255,2680,2436,1646,0,0,-31,-90,5000,5000,4900,5000,-40.93,61.36,-203.73000000000002,-4.602823936395083,-17.805707585281112,61.83997613008759,-0.10524718593863748,-0.5129892931567376,0.8519184321040063
,7,0,-0.1875,-0.4166666666666667,0.1875,0.4166666666666667,2011,2135,2669,2163,2020,2169,2668,2164,-26,-120,15,0,5000,4900,5000,5000,-39.74,22.61,-213.46,7.724385853334837,20.196345867236047,60.600890906216186,0.24333352564854618,0.5512997371954589,0.7980334548524053
,8,0,0.5625,0.08333333333333337,-0.5625,-0.08333333333333337,2500,2461,2180,1837,2499,2461,2222,1840,13,-1,-181,-18,4900,5000,5000,4900,-38.43,43.57,-182.6,-24.47241955033678,1.3615375076438312,59.18914877128541,-0.6482822141482449,0.02117108275335965,0.7611057456583143
,9,0,-0.65625,0.5833333333333333,0.65625,-0.5833333333333333,1705,2787,2975,1511,1752,2787,2973,1541,-214,0,16,-111,5000,4800,5000,4900,-30.830000000000002,63.690000000000005,-233.46,24.950756632493693,-22.164192633648824,51.89506367992726,0.6780068639324807,-0.5664140978236483,0.46848880696027956
,10,0,0.09375,-0.6944444444444444,-0.09375,0.6944444444444444,2194,1954,2486,2344,2194,2014,2487,2344,0,-284,-15,0,5100,5100,5100,4800,-32.76,11.28,-206.73000000000002,1.8077370072677184,31.93441223340161,53.558642372130954,0.07540447171031332,0.8298192240760464,0.5529142980606642
,11,0,-0.28125,-0.19444444444444442,0.28125,0.19444444444444442,1950,2280,2730,2018,1971,2284,2729,2019,-65,-9,14,0,5000,5000,5000,5000,-41.57,31.54,-219.85,13.488577726138288,10.861014316635838,62.48545369208318,0.41112568055178605,0.2889012580679287,0.8645876114527661
,12,0,0.46875,0.3055555555555556,-0.46875,-0.3055555555555556,2439,2606,2241,1692,2440,2607,2271,1710,0,0,-113,-56,5000,4900,4900,4900,-39.54,54.14,-188.66,-19.14461358524855,-9.589857331603284,60.35621118319065,-0.508641258296228,-0.2875209273910097,0.8115514688983335
,13,0,-0.46875,-0.5277777777777778,0.46875,0.5277777777777778,1827,2063,2853,2235,1860,2097,2852,2236,-124,-125,15,0,5000,5000,4800,5000,-34.28,19.0,-223.95000000000002,18.46025136174825,23.075082347429323,55.1844466793397,0.5260374844961939,0.5980044665703036,0.60471085889612
,14,0,0.28125,-0.02777777777777779,-0.28125,0.02777777777777779,2316,2389,2364,1909,2316,2390,2385,1909,0,0,-62,0,5000,5000,5000,5000,-43.54,40.49,-195.4,-11.518659277584732,3.58591404606252,64.35545729976138,-0.3088368591591156,0.07499982170751347,0.9481533742852858
,15,0,-0.09375,0.4722222222222219,0.09375,-0.4722222222222219,2072,2715,2608,1583,2076,2716,2607,1615,-16,0,14,-125,5000,5000,5000,5000,-40.050000000000004,63.5,-210.62,2.1313101240023116,-20.40798969387511,60.99993667631937,0.08002113210875558,-0.5902006464779134,0.8032806578731284
,16,0,0.65625,-0.36111111111111116,-0.65625,0.36111111111111116,2561,2172,2119,2126,2562,2195,2162,2127,0,-65,-185,0,4900,5000,5000,5000,-34.75,31.7,-179.89000000000001,-26.357790752688004,13.376704500893688,55.46563731653415,-0.694180210485271,0.3461375398529754,0.6311122236774963
,17,0,-0.703125,0.13888888888888884,0.703125,-0.13888888888888884,1675,2498,3005,1800,1733,2498,3004,1803,-290,0,15,-17,4800,4900,5000,5000,-33.21,42.160000000000004,-237.9,30.821318206559255,-0.9759158936481711,54.24290004438136,0.8371914370315707,-0.03644770610016267,0.5456941107260094
,18,0,0.046875,0.6388888888888888,-0.046875,-0.6388888888888888,2164,2823,2516,1475,2165,2824,2518,1521,0,0,-14,-196,5100,5000,5100,5000,-35.9,70.78,-211.39000000000001,2.428553288936712,-27.73517618071456,56.87225152747661,0.08512986518056158,-0.757126529581793,0.6476977105546768
,19,0,-0.328125,-0.6388888888888888,0.328125,0.6388888888888888,1919,1991,2761,2307,1936,2043,2760,2307,-50,-229,15,0,5000,4900,5000,4700,-33.68,14.4,-217.20000000000002,12.038877266439584,28.11808243456798,54.5389973403375,0.35848041024909677,0.728036100787953,0.5843417077507927
,20,0,0.421875,-0.13888888888888895,-0.421875,0.13888888888888895,2408,2316,2272,1982,2409,2320,2303,1983,0,-10,-121,0,5000,5000,5000,5000,-41.24,37.49,-189.31,-17.381252661684897,6.983194878946769,62.017385069221426,-0.468688230048242,0.169612363479793,0.8669273263480877
,21,0,-0.515625,0.36111111111111116,0.515625,-0.36111111111111116,1797,2642,2883,1656,1834,2643,2882,1674,-150,0,14,-59,5000,4900,5000,5000,-37.14,54.35,-229.56,21.659191977839868,-12.564449464673487,58.16181987543584,0.6269630896429839,-0.34884347317606257,0.696581305697896
,22,0,0.234375,-0.4722222222222222,-0.234375,0.4722222222222222,2286,2099,2394,2199,2286,2135,2407,2200,0,-135,-37,0,5000,5000,5000,4800,-38.87,20.94,-200.85,-4.739901477793012,22.710442638619178,59.66346957553982,-0.10819534767010856,0.6225156957308923,0.7750922366475022
,23,0,-0.140625,0.02777777777777768,0.140625,-0.02777777777777768,2041,2425,2639,1873,2053,2426,2638,1876,-34,0,15,-17,5000,5000,5000,4900,-44.28,40.96,-214.68,7.681929116564049,1.8188980044567984,65.19328760906464,0.25021382257006175,0.02852900978923599,0.9677701889370862
,24,0,0.609375,0.5277777777777777,-0.609375,-0.5277777777777777,2530,2751,2150,1547,2530,2751,2191,1578,0,0,-167,-112,5100,5000,4800,4900,-34.08,63.61,-185.57,-22.839923333466743,-18.84548333804061,54.904727615052074,-0.5846942267817831,-0.534368869911535,0.6103954226872292
,25,0,-0.609375,-0.3055555555555556,0.609375,0.3055555555555556,1736,2208,2944,2090,1779,2228,2943,2090,-185,-54,15,-6,5000,5000,5100,4900,-34.79,30.93,-232.59,26.273316632688164,10.591084297861144,55.7678879963632,0.7434779137744661,0.2656715671570778,0.6137256798716101
,26,0,0.140625,0.19444444444444442,-0.140625,-0.19444444444444442,2225,2534,2455,1764,2225,2534,2463,1774,0,0,-26,-31,5000,4900,5000,4900,-44.15,50.49,-204.31,-3.3065144193230367,-6.99040800687618,65.03537542678005,-0.0782666877771858,-0.22592380196889303,0.9709957576057215
,27,0,-0.234375,0.6944444444444444,0.234375,-0.6944444444444444,1980,2860,2700,1438,1990,2861,2699,1488,-26,0,14,-222,4900,4900,5100,4900,-34.29,71.85000000000001,-215.64000000000001,6.604430350249089,-29.093949049770842,55.28628587238765,0.19210690097268399,-0.7849673463955823,0.589000172912835
,28,0,0.515625,-0.7314814814814815,-0.515625,0.7314814814814815,2469,1930,2211,2368,2469,1988,2235,2369,12,-265,-84,0,5000,4800,4900,4800,-29.88,14.120000000000001,-188.92000000000002,-16.139140567438147,30.2937264876942,50.596576268487865,-0.4115107628061928,0.7832258599014079,0.46606452823226685
,29,0,-0.421875,-0.2314814814814815,0.421875,0.2314814814814815,1858,2256,2822,2042,1890,2261,2821,2043,-120,-11,15,-5,5000,4900,5000,5000,-39.43,31.38,-225.07,18.71775995882237,10.662506564405092,60.371252223517466,0.5589667827435736,0.27656712328683924,0.781707593737032
,30,0,0.328125,0.2685185185185184,-0.328125,-0.2685185185185184,2347,2582,2333,1716,2347,2583,2353,1730,0,0,-64,-44,4900,5000,5000,5000,-42.19,52.89,-195.27,-12.478233995307448,-8.780898100649623,63.03614926558574,-0.327941802746413,-0.2799705764810068,0.9022586382608506
,31,0,-0.046875,-0.5648148148148149,0.046875,0.5648148148148149,2102,2039,2578,2259,2103,2084,2577,2259,0,-177,15,0,4900,5000,4800,5000,-36.62,16.19,-205.11,-0.15838927489824073,27.155892814029233,57.42286281114028,0.021553241344419504,0.7256405566264236,0.6877363160154067
,32,0,0.703125,-0.06481481481481488,-0.703125,0.06481481481481488,2591,2365,2089,1933,2592,2366,2140,1934,0,0,-236,0,5100,5000,4800,4900,-34.56,42.300000000000004,-176.93,-30.025079574355544,2.999952255878682,55.28757680982806,-0.7772105371236881,0.05976441713172275,0.6263960372071433
,33,0,-0.7265625,0.4351851851851851,0.7265625,-0.4351851851851851,1659,2691,3021,1607,1715,2692,3020,1628,-270,0,15,-67,4800,4900,5100,5000,-31.29,55.71,-236.95000000000002,28.968805618884176,-14.436435497601266,52.352395057849975,0.7887117746210939,-0.3781669404495489,0.4846890773733945
,34,0,0.0234375,-0.39814814814814814,-0.0234375,0.39814814814814814,2148,2147,2532,2151,2149,2180,2533,2152,0,-109,0,-11,4900,4900,5000,5000,-40.53,23.05,-208.38,2.6225192433704194,20.10219209086062,61.36652277632382,0.091558753870935,0.5524489237538831,0.8285029759951246
,35,0,-0.3515625,0.10185185185185197,0.3515625,-0.10185185185185197,1904,2473,2776,1825,1932,2473,2775,1830,-93,0,14,-20,4900,4900,5000,5000,-41.58,42.32,-223.88,16.782180435745573,-0.16614681386030838,62.542887073861145,0.5085588127837349,-0.024976976491684847,0.86066490841984
,36,0,0.3984375,0.6018518518518519,-0.3984375,-0.6018518518518519,2393,2799,2287,1499,2394,2799,2310,1535,0,0,-73,-144,5000,5000,5000,5000,-35.85,68.54,-196.5,-12.276029438690273,-24.49627704327979,56.741947329929424,-0.3067828764405063,-0.6802499772540755,0.6656907954664228
,37,0,-0.5390625,-0.6759259259259259,0.5390625,0.6759259259259259,1782,1966,2898,2332,1814,2018,2897,2332,-121,-232,14,0,5100,4700,5000,4900,-29.98,14.59,-225.35,20.175281486633253,27.368320739731377,50.88039326684578,0.573614155155273,0.6815629316957927,0.45435533577117726
,38,0,0.2109375,-0.17592592592592593,-0.2109375,0.17592592592592593,2271,2292,2409,2006,2271,2298,2423,2007,0,-10,-38,0,5000,5000,5000,5000,-43.4,33.05,-200.13,-6.296973586267001,10.689564676139234,64.22037855643646,-0.16125108710706434,0.2767610348696846,0.9473127342565658
,39,0,-0.1640625,0.3240740740740742,0.1640625,-0.3240740740740742,2026,2618,2654,1680,2035,2619,2653,1702,-28,0,13,-70,4900,5000,5000,4900,-42.43,55.32,-214.81,6.851970613417365,-12.522407164894773,63.380241850517834,0.2149439717537872,-0.3864332287990803,0.8969216513646131
,40,0,0.5859375,-0.5092592592592593,-0.5859375,0.5092592592592593,2515,2075,2165,2223,2514,2107,2204,2224,12,-112,-157,0,5000,4800,5000,4900,-34.15,23.28,-184.64000000000001,-21.047826220639223,21.455456514338273,54.86819060455952,-0.5481706886523283,0.5679649173936838,0.6139419750370695
,41,0,-0.6328125,-0.0092592592592593,0.6328125,0.0092592592592593,1720,2401,2960,1897,1767,2402,2959,1897,-211,0,14,-2,5000,4800,4900,4900,-34.92,39.77,-235.54,28.61966712867175,1.5726747189943424,55.93500477529707,0.7932697022161539,0.023796100292046766,0.6084052310399591
,42,0,0.1171875,0.4907407407407405,-0.1171875,-0.4907407407407405,2209,2727,2471,1571,2209,2728,2474,1605,0,0,-16,-132,5000,5000,5000,5000,-39.77,64.29,-209.24,0.7025354754908335,-21.10392401308691,60.7150183948524,0.03516016166402116,-0.606719365013299,0.7941381335445484
,43,0,-0.2578125,-0.3425925925925926,0.2578125,0.3425925925925926,1965,2184,2715,2114,1979,2211,2714,2115,-38,-79,16,-4,5000,5000,5000,5000,-40.52,26.71,-217.61,11.584567604485557,15.828058570435076,61.41204005445612,0.3530560078533366,0.4327594346088888,0.8295002875681595
,44,0,0.4921875,0.15740740740740744,-0.4921875,-0.15740740740740744,2454,2510,2226,1788,2455,2510,2258,1793,0,0,-122,-24,5000,5000,4900,4900,-40.06,46.86,-186.43,-20.880976534134305,-2.1745873474677495,60.84663423741557,-0.5615801644682012,-0.0869583877520229,0.8228401774800717
,45,0,-0.4453125,0.6574074074074074,0.4453125,-0.6574074074074074,1843,2836,2837,1462,1871,2837,2836,1503,-97,0,12,-173,4900,5000,5000,5000,-33.230000000000004,68.74,-224.32,15.479455277678397,-26.57943281098025,54.26196140115484,0.43485281979830553,-0.7068730491847068,0.5578830679002351
,46,0,0.3046875,-0.6203703703703703,-0.3046875,0.6203703703703703,2332,2003,2348,2295,2332,2052,2360,2295,0,-208,-35,0,5000,5000,5000,5000,-34.95,15.76,-197.91,-7.304835088814116,28.06569170964331,55.71570780988711,-0.17759768972967502,0.7488984738024136,0.6384435265073161
,47,0,-0.0703125,-0.12037037037037046,0.0703125,0.12037037037037046,2087,2329,2593,1969,2093,2333,2592,1970,-20,-11,15,-11,5000,5000,5000,5000,-44.18,34.550000000000004,-210.0,3.4454874722540296,8.529602850698971,65.0536356811239,0.1250879555764978,0.21722653689214907,0.9680731558304544
,48,0,0.6796875,0.37962962962962976,-0.6796875,-0.37962962962962976,2576,2654,2104,1644,2577,2655,2148,1663,0,0,-188,-59,4900,5000,5000,5000,-34.31,55.980000000000004,-180.31,-27.574341209106024,-10.877503595945157,55.08908110263436,-0.715307114240072,-0.31578941671326427,0.6233881428206957
,49,0,-0.6796875,-0.4537037037037037,0.6796875,0.4537037037037037,1690,2111,2990,2187,1742,2138,2989,2188,-241,-86,16,0,5000,4800,5000,5000,-31.45,24.36,-233.13,27.271371795830788,17.10013718945857,52.41405193213591,0.7488544414090774,0.43497342556335955,0.5000151444062224
,50,0,0.0703125,0.04629629629629617,-0.0703125,-0.04629629629629617,2179,2437,2501,1861,2179,2437,2506,1864,0,0,-19,-17,5000,5000,5000,5000,-45.03,42.93,-206.44,-0.6757109263118934,0.41122307733642316,65.90694313750485,-0.004587394730122796,-0.019112944116019014,0.999806806926622
,51,0,-0.3046875,0.5462962962962961,0.3046875,-0.5462962962962961,1934,2763,2746,1535,1951,2763,2745,1571,-49,0,14,-141,4900,5000,4900,5000,-37.410000000000004,64.9,-219.79,11.198642183435254,-22.430748647705215,58.4094858393646,0.32627241541413476,-0.6291579321648959,0.7054832438363217
,52,0,0.4453125,-0.2870370370370371,-0.4453125,0.2870370370370371,2423,2220,2257,2078,2424,2240,2284,2079,0,-54,-98,-9,5000,4900,5000,4900,-40.01,32.2,-188.94,-17.387646238644095,12.282566627565224,60.772187015850655,-0.4678305499723281,0.3250685468637595,0.8218667874737804
,53,0,-0.4921875,0.2129629629629629,0.4921875,-0.2129629629629629,1812,2546,2868,1752,1849,2546,2867,1759,-149,0,15,-26,5000,5000,5000,4900,-38.65,47.24,-229.28,21.852115420139114,-5.447465939317077,59.65243251633787,0.6392811338976953,-0.16427884193658857,0.7512204030339236
,54,0,0.2578125,0.7129629629629628,-0.2578125,-0.7129629629629628,2301,2872,2379,1426,2301,2873,2390,1476,0,0,-31,-227,4900,5000,4900,4900,-34.06,73.03,-205.42000000000002,-3.6706559876254516,-29.58269978268018,55.00803513958655,-0.08296371508242316,-0.8079785348749651,0.5833418458854355
,55,0,-0.1171875,-0.712962962962963,0.1171875,0.712962962962963,2057,1942,2623,2356,2059,2002,2623,2356,-12,-280,0,0,5000,5100,4900,4700,-32.29,10.8,-207.06,2.171628940033571,32.3897195886578,53.089091657598935,0.08558628809686172,0.8382450838683706,0.5385352046619699
,56,0,0.6328125,-0.21296296296296302,-0.6328125,0.21296296296296302,2546,2268,2134,2030,2546,2272,2178,2031,0,-8,-186,0,5000,5000,4800,5000,-36.34,36.83,-180.20000000000002,-26.402206953592042,8.242043139680078,57.07012474458003,-0.6964932096668698,0.20079851724160253,0.6888956120933813
,57,0,-0.5859375,0.287037037037037,0.5859375,-0.287037037037037,1751,2594,2929,1704,1791,2595,2928,1717,-165,0,15,-37,4800,5000,5000,4900,-36.08,49.79,-232.99,25.394039023260177,-8.24919104090209,57.10751333396639,0.7188519276017364,-0.23503131750282438,0.6542264026895844
,58,0,0.1640625,-0.5462962962962963,-0.1640625,0.5462962962962963,2240,2051,2440,2247,2240,2093,2445,2247,0,-170,-21,0,5000,5000,5000,4800,-37.24,17.330000000000002,-204.72,-0.627386359390897,26.046565699695996,58.043777530036905,0.006882715475077875,0.7011429063744498,0.7129875546378623
,59,0,-0.2109375,-0.04629629629629628,0.2109375,0.04629629629629628,1995,2377,2685,1921,2010,2378,2684,1922,-47,-3,14,0,5000,5000,5000,5000,-43.410000000000004,38.230000000000004,-217.87,11.052971904653447,4.325058157810396,64.3323974844767,0.3441537414998362,0.0922295915856802,0.9343724656942767
,60,0,0.5390625,0.4537037037037035,-0.5390625,-0.4537037037037035,2484,2703,2196,1595,2485,2704,2229,1620,0,0,-129,-86,5000,4900,5000,4900,-36.63,60.88,-187.55,-20.692634202867737,-16.247947688636074,57.457717614970605,-0.5376592437002513,-0.46577227090528256,0.7028362037625902
,61,0,-0.3984375,-0.37962962962962965,0.3984375,0.37962962962962965,1873,2160,2807,2138,1898,2185,2806,2139,-81,-74,14,0,5000,5000,5000,5000,-38.29,25.88,-223.0,17.028987811374236,16.28630110165217,59.206999829560985,0.5076578752025046,0.4310189211685537,0.7459934123969024
,62,0,0.3515625,0.12037037037037046,-0.3515625,-0.12037037037037046,2362,2485,2318,1813,2362,2485,2341,1819,0,0,-71,-20,5000,5000,5000,5000,-42.68,45.47,-192.99,-14.25489437872588,-1.2226612585500405,63.49596849171718,-0.3836064830487177,-0.0645615511727101,0.9212371422566322
,63,0,-0.0234375,0.6203703703703702,0.0234375,-0.6203703703703702,2118,2811,2562,1487,2119,2811,2561,1531,0,0,14,-185,5000,5000,4800,5000,-36.59,69.96000000000001,-207.70000000000002,-1.2010235611778626,-26.66622808862151,57.54167057823851,-0.013080583143147674,-0.7406733786514622,0.6717379284376185
,64,0,0.7265625,-0.6574074074074074,-0.7265625,0.6574074074074074,2607,1978,2073,2320,2608,2026,2117,2320,0,-199,-190,9,4900,5000,5100,4700,-28.2,20.17,-179.73,-25.708066413568957,24.87247669621226,48.885813617034536,-0.6552840161067873,0.633570390187775,0.4113288452227366
,65,0,-0.73828125,-0.15740740740740744,0.73828125,0.15740740740740744,1652,2304,3028,1994,1709,2307,3028,1995,-274,-10,16,-2,5100,4800,4900,5000,-31.85,37.77,-238.41,31.63283221805591,3.3657914567013307,52.874389067784655,0.8612375166512862,0.07086289798675899,0.5032379055687716
,66,0,0.01171875,0.34259259259259256,-0.01171875,-0.34259259259259256,2141,2630,2539,1668,2142,2631,2540,1691,0,0,0,-75,5000,4900,5000,4900,-42.47,57.35,-210.87,2.7838705875661844,-14.281957756486946,63.4056169425837,0.08936439097931159,-0.4304739241147524,0.8981682505422595
,67,0,-0.36328125,-0.49074074074074076,0.36328125,0.49074074074074076,1896,2087,2784,2211,1918,2124,2783,2212,-65,-139,15,0,5000,5000,4900,4900,-36.76,20.62,-220.34,14.737262219495165,21.709316599227158,57.65040202518508,0.4375985102124094,0.5722436988592743,0.6935738554586208
,68,0,0.38671875,0.0092592592592593,-0.38671875,-0.0092592592592593,2385,2413,2295,1885,2386,2414,2323,1885,0,0,-98,-1,5000,5000,5000,5000,-42.17,41.62,-190.92000000000002,-16.05800478897342,2.756697076079412,62.96587407270112,-0.43571483063861016,0.047254099945532285,0.8988434993923603
,69,0,-0.55078125,0.5092592592592591,0.55078125,-0.5092592592592591,1774,2739,2906,1559,1811,2740,2905,1588,-148,0,13,-104,5100,4800,5100,5000,-34.47,60.92,-230.0,21.667930378299673,-19.156770297899044,55.51066358578075,0.6088122438504788,-0.5173645041021973,0.6013997186836997
,70,0,0.19921875,-0.32407407407407407,-0.19921875,0.32407407407407407,2263,2196,2417,2102,2263,2222,2428,2102,0,-74,-31,0,5000,5000,4900,5000,-41.96,27.330000000000002,-201.73000000000002,-4.307858123518486,16.284502795131765,62.773973661360685,-0.10279681242906996,0.45072464269357454,0.8867243719573583
,71,0,-0.17578125,0.17592592592592582,0.17578125,-0.17592592592592582,2018,2522,2662,1776,2030,2522,2661,1786,-37,0,16,-32,5000,4900,5000,4900,-43.7,48.07,-215.86,8.382452232334543,-5.356121369948156,64.63717220630649,0.26049427109318735,-0.17771235560466153,0.948978953082244
,72,0,0.57421875,0.6759259259259258,-0.57421875,-0.6759259259259258,2507,2848,2173,1450,2507,2849,2207,1493,0,0,-127,-183,5100,4900,4900,4600,-31.92,69.97,-189.4,-19.43724433990812,-25.455439888978447,52.78002762175681,-0.4826347417084866,-0.6989836135524548,0.5277173619288407
,73,0,-0.64453125,-0.6018518518518519,0.64453125,0.6018518518518519,1713,2015,2967,2283,1756,2058,2966,2283,-183,-165,15,0,5000,4800,5100,4800,-29.650000000000002,18.6,-230.36,24.90492808820369,23.02865878843008,50.58564392811704,0.6944081640913571,0.567371938514588,0.4425905387934427
,74,0,0.10546875,-0.10185185185185186,-0.10546875,0.10185185185185186,2202,2341,2478,1957,2202,2345,2484,1958,0,-10,-23,0,5000,5000,5000,5000,-44.47,36.02,-205.24,-1.4041706652763821,7.384788797596173,65.32348143873978,-0.02393340524058481,0.17830391241538213,0.9836843533018897
,75,0,-0.26953125,0.39814814814814814,0.26953125,-0.39814814814814814,1957,2667,2723,1631,1973,2668,2722,1657,-47,0,16,-86,5000,5000,4900,4900,-40.47,58.15,-219.23000000000002,11.080435433301346,-15.649631013262507,61.449579718190215,0.33153739838311047,-0.46440690506394955,0.821224195943034
,76,0,0.48046875,-0.43518518518518523,-0.48046875,0.43518518518518523,2446,2123,2234,2175,2447,2152,2262,2175,0,-95,-103,0,5000,5000,4900,5000,-37.410000000000004,25.39,-188.61,-17.244986512820816,19.091858352137884,58.15337155608754,-0.45674537469170773,0.5113335668371441,0.7279571732755541
,77,0,-0.45703125,0.06481481481481477,0.45703125,-0.06481481481481477,1835,2449,2845,1849,1871,2449,2844,1851,-140,0,16,-18,5000,5000,5000,5000,-39.57,40.47,-228.1,21.127016213560523,1.38930069107586,60.54940140217773,0.6228189835412633,0.012547501504277428,0.7822653475302539
,78,0,0.29296875,0.5648148148148147,-0.29296875,-0.5648148148148147,2324,2775,2356,1523,2325,2775,2371,1558,0,0,-37,-137,5000,4800,5000,4900,-37.64,67.17,-201.42000000000002,-7.2835320573963145,-23.45607959443778,58.553123512744236,-0.17581048710426098,-0.67094584691875,0.7203626469540488
,79,0,-0.08203125,-0.26851851851851855,0.08203125,0.26851851851851855,2080,2232,2600,2066,2083,2257,2600,2066,-16,-75,2,0,4900,5000,4900,4900,-42.87,29.41,-209.61,3.4094085140174,13.680436781834558,63.72871752416665,0.12171673637454142,0.37412422803778866,0.919356349889127
,80,0,0.66796875,0.2314814814814815,-0.66796875,-0.2314814814814815,2568,2558,2112,1740,2569,2558,2159,1748,0,0,-208,-27,5100,4800,4800,4800,-35.62,49.45,-179.53,-27.918428608358198,-4.306050022074622,56.378655368871115,-0.7304120963543134,-0.13922544146745028,0.6686661692859076
,81,0,-0.69140625,0.7314814814814814,0.69140625,-0.7314814814814814,1682,2884,2998,1414,1733,2885,2996,1456,-230,0,13,-170,4900,5100,4900,5000,-27.650000000000002,69.04,-233.19,24.335874790140934,-27.49287266853544,48.72727432364968,0.6291752578711987,-0.6932963494633538,0.35139531400332963
,82,0,0.05859375,-0.7438271604938271,-0.05859375,0.7438271604938271,2171,1922,2509,2376,2172,1986,2510,2377,0,-310,0,0,5000,5100,5100,5000,-31.310000000000002,9.75,-206.68,1.8680573575164487,33.460150146792785,52.10454977707843,0.07284162030469823,0.8596205134150117,0.5057140212288942
,83,0,-0.31640625,-0.24382716049382724,0.31640625,0.24382716049382724,1927,2248,2753,2050,1949,2254,2752,2050,-70,-13,15,0,5000,5000,5000,5000,-40.71,29.78,-220.62,14.37968422436444,12.562615027164085,61.62488165515141,0.4351271711678981,0.33063060802873445,0.8374650714781917
,84,0,0.43359375,0.25617283950617287,-0.43359375,-0.25617283950617287,2416,2574,2264,1724,2417,2575,2291,1737,0,0,-97,-40,5000,4900,5000,4900,-40.78,51.550000000000004,-190.23,-17.409499905266784,-7.108097306526446,61.597520047039886,-0.4677838072521323,-0.2327103767070934,0.8526571352223247
,85,0,-0.50390625,-0.5771604938271605,0.50390625,0.5771604938271605,1805,2031,2875,2267,1840,2070,2874,2267,-132,-147,15,0,5100,4900,4900,5000,-32.89,17.490000000000002,-224.58,19.19737619881684,24.5351795886572,53.79381264382376,0.541387994374344,0.6284549558126182,0.5585189415426175
,86,0,0.24609375,-0.07716049382716061,-0.24609375,0.07716049382716061,2293,2357,2387,1941,2293,2359,2405,1942,0,-8,-57,0,5000,5000,5000,5000,-43.86,38.47,-197.87,-8.919608068455972,5.435650200053971,64.68273237205275,-0.23872429983388865,0.12159826523757036,0.9634441190645323
,87,0,-0.12890625,0.4228395061728394,0.12890625,-0.4228395061728394,2049,2683,2631,1615,2056,2684,2630,1643,-21,0,14,-100,5000,5000,5000,4900,-41.050000000000004,60.68,-212.25,3.9429597735366713,-17.70148649502731,62.00096913431899,0.12837964381433312,-0.5270848201153455,0.8400596761290703
,88,0,0.62109375,-0.4104938271604938,-0.62109375,0.4104938271604938,2538,2139,2142,2159,2538,2165,2181,2160,0,-77,-156,0,4900,5000,5100,4900,-35.07,28.86,-181.99,-24.07258259361589,16.06952257546518,55.788986179175346,-0.6382633577854887,0.4169461455568063,0.6471288881001335
,89,0,-0.59765625,0.08950617283950613,0.59765625,-0.08950617283950613,1743,2465,2937,1833,1789,2465,2936,1835,-208,0,15,-18,5000,5000,5000,5000,-36.15,40.660000000000004,-233.93,26.947378397838747,0.7967953163490265,57.15916226242021,0.7571059876727895,-0.0008478970317034441,0.6532915157115037
,90,0,0.15234375,0.5895061728395061,-0.15234375,-0.5895061728395061,2232,2791,2448,1507,2232,2791,2452,1546,0,0,-18,-166,5000,5000,5000,4700,-37.39,68.56,-208.79,-0.022952186551805198,-25.340641601613086,58.3435859738678,0.01570596823775596,-0.7103993476183142,0.703623542432449
,91,0,-0.22265625,-0.6882716049382716,0.22265625,0.6882716049382716,1988,1958,2692,2340,1995,2016,2692,2340,-23,-266,0,0,5000,4900,5000,4900,-33.01,12.11,-211.61,6.619373743634952,30.77792268493237,53.835199493758154,0.2081670938057753,0.7988436186114232,0.5643716276180661
,92,0,0.52734375,-0.18827160493827166,-0.52734375,0.18827160493827166,2477,2284,2203,2014,2478,2289,2239,2015,0,-10,-147,0,5000,4800,5000,5000,-39.04,36.480000000000004,-184.76,-21.84208230303159,8.291445587953149,59.79205835314864,-0.5854132777828014,0.19627037623931975,0.7866188617154255
,93,0,-0.41015625,0.31172839506172845,0.41015625,-0.31172839506172845,1866,2610,2814,1688,1894,2611,2813,1705,-95,0,15,-54,5000,5000,5000,4900,-39.71,52.44,-225.41,17.63510682817187,-10.371592079350762,60.70614988466361,0.524985101996692,-0.3101966240858074,0.7925709413593786
,94,0,0.33984375,-0.5216049382716049,-0.33984375,0.5216049382716049,2355,2067,2325,2231,2355,2103,2343,2232,0,-133,-54,0,4900,4900,5000,4800,-37.13,19.72,-196.20000000000002,-9.288559915830206,24.23627305735154,57.89710382990727,-0.23355896660784017,0.656039240081187,0.7176787056829655
,95,0,-0.03515625,-0.021604938271605034,0.03515625,0.021604938271605034,2110,2393,2570,1905,2116,2395,2570,1905,-19,-9,1,-1,5000,5000,5000,5000,-44.87,39.1,-209.06,2.1974026525991803,4.0553436010292,65.75040569317346,0.08938223072822551,0.08036527406703166,0.9927498373478472
,96,0,0.71484375,0.47839506172839474,-0.71484375,-0.47839506172839474,2599,2719,2081,1579,2600,2720,2127,1605,0,0,-197,-91,5000,5000,5100,4800,-32.3,60.6,-180.08,-28.10572802380881,-15.477201713995498,53.08962985892669,-0.7148985606430275,-0.4241637080194468,0.5558823587682203
,97,0,-0.71484375,-0.3549382716049383,0.71484375,0.3549382716049383,1667,2176,3013,2122,1725,2195,3013,2123,-285,-52,15,0,4800,5000,5000,5000,-31.810000000000002,29.26,-235.33,29.1340855870165,12.063977823658327,52.797452733372936,0.8046609555067322,0.30299008795569365,0.5106052812923049
,98,0,0.03515625,0.1450617283950617,-0.03515625,-0.1450617283950617,2156,2502,2524,1796,2157,2502,2526,1806,0,-1,-16,-29,5000,5000,5000,5000,-44.65,47.870000000000005,-209.51,2.0558885398763493,-4.725631245912865,65.55481813408262,0.07031607981113554,-0.1664209336905452,0.9835444686182527
,99,0,-0.33984375,0.6450617283950615,0.33984375,-0.6450617283950615,1911,2828,2769,1470,1931,2829,2768,1513,-55,0,11,-182,5000,5000,4900,5000,-34.72,69.12,-220.38,11.515644136882486,-26.688601799026486,55.73314574451601,0.32803163134337077,-0.7226666585731966,0.6083980189192417
,100,0,0.41015625,-0.6327160493827161,-0.41015625,0.6327160493827161,2400,1995,2280,2303,2401,2045,2301,2303,0,-212,-68,0,4900,5000,5000,5000,-34.04,16.59,-193.43,-11.82616770221756,27.537105401231713,54.7853595344902,-0.30833528180016556,0.7309136768562492,0.6088469027445989
,101,0,-0.52734375,-0.13271604938271608,0.52734375,0.13271604938271608,1789,2320,2891,1978,1831,2323,2890,1979,-181,-11,15,0,5000,4800,4900,4900,-37.84,37.07,-230.28,23.539718343116277,4.6295869334542985,58.821769062387176,0.6856185275768502,0.10345082046230973,0.7205728015884496
,102,0,0.22265625,0.3672839506172838,-0.22265625,-0.3672839506172838,2278,2646,2402,1652,2278,2647,2415,1673,0,-1,-35,-70,5000,5000,5000,4900,-41.92,58.230000000000004,-202.53,-5.5937378865644405,-14.599090645428504,62.816038292252514,-0.13918992297758973,-0.4463613412936633,0.8839613783079067
,103,0,-0.15234375,-0.4660493827160494,0.15234375,0.4660493827160494,2034,2103,2646,2195,2039,2141,2646,2196,-17,-147,0,0,5000,5000,4900,4900,-39.050000000000004,20.63,-210.95000000000002,5.357018592477942,22.33912714526754,59.89331713144731,0.16978640201134226,0.6046233136105839,0.7782051312672003
,104,0,0.59765625,0.033950617283950546,-0.59765625,-0.033950617283950546,2523,2429,2157,1869,2523,2430,2202,1869,0,0,-192,0,5000,4900,4800,5000,-37.7,42.43,-181.55,-25.439594671511202,2.567660808569748,58.451016758739726,-0.6749659964306731,0.039519907240141386,0.7367897126006024
,105,0,-0.62109375,0.5339506172839505,0.62109375,-0.5339506172839505,1728,2755,2952,1543,1772,2755,2951,1573,-190,0,13,-108,5000,4900,4900,5000,-32.76,61.300000000000004,-232.54,24.18474630279644,-19.71208378735757,53.8143839712641,0.6596933328218669,-0.5259372593371386,0.5368376904347507
,106,0,0.12890625,-0.29938271604938277,-0.12890625,0.29938271604938277,2217,2212,2463,2086,2217,2237,2468,2086,0,-74,-20,-1,5000,5000,5000,5000,-42.49,28.05,-205.08,-1.016652199366149,15.341742740395802,63.32257829497092,-0.011165161637106886,0.425441953238836,0.9049168379414436
,107,0,-0.24609375,0.2006172839506173,0.24609375,-0.2006172839506173,1973,2538,2707,1760,1990,2538,2706,1771,-52,0,13,-35,5000,5000,5000,4900,-42.83,48.52,-219.03,11.519046023717124,-6.021360079032789,63.78421450055814,0.3498581957330639,-0.19337839561306747,0.9166264446264472
,108,0,0.50390625,0.7006172839506171,-0.50390625,-0.7006172839506171,2461,2864,2219,1434,2462,2865,2247,1479,0,-1,-98,-195,4800,5000,4900,4600,-32.38,71.77,-192.88,-16.08884508499878,-27.484703886947656,53.26201315708786,-0.39353363495849886,-0.7430009401349709,0.5413694497428722
,109,0,-0.43359375,-0.7253086419753086,0.43359375,0.7253086419753086,1850,1934,2830,2364,1873,1991,2829,2364,-70,-267,14,0,5100,5000,4800,5000,-30.27,11.91,-220.15,15.166552995068912,30.393714789218627,51.13755030664579,0.44485968974768897,0.7631070064961903,0.46879372123996454
,110,0,0.31640625,-0.22530864197530875,-0.31640625,0.22530864197530875,2339,2260,2341,2038,2339,2268,2361,2039,0,-15,-62,0,5000,5000,5000,5000,-42.12,31.95,-195.27,-11.065467909662175,12.111145581334739,62.91325590812404,-0.29195109281262,0.3114866890555449,0.9042901093934018
,111,0,-0.05859375,0.27469135802469125,0.05859375,-0.27469135802469125,2095,2586,2585,1712,2099,2587,2584,1730,-16,0,14,-59,5000,5000,5000,4900,-43.5,53.82,-209.56,1.709995659008797,-10.668720559593325,64.42011662065177,0.06966173990604847,-0.3422362657461475,0.9370280574248535
,112,0,0.69140625,-0.558641975308642,-0.69140625,0.558641975308642,2584,2043,2096,2255,2585,2079,2140,2255,0,-128,-186,0,5100,4800,4700,5000,-31.080000000000002,23.11,-180.5,-25.152050055111488,21.895486620082593,51.77705485493794,-0.6489447617321462,0.5661445552418065,0.5082824399784678
,113,0,-0.66796875,-0.058641975308642014,0.66796875,0.058641975308642014,1698,2369,2982,1929,1753,2370,2981,1930,-265,0,13,0,5000,5000,4800,4700,-34.17,39.76,-236.06,29.14277487039709,1.5454404192629454,55.18759820356707,0.8110638006856382,0.020294968936596,0.5846055297833149
,114,0,0.08203125,0.441358024691358,-0.08203125,-0.441358024691358,2186,2695,2494,1603,2186,2696,2495,1633,0,0,-14,-106,5000,5000,5000,5000,-40.74,61.89,-210.57,2.186687305683648,-18.796317327395272,61.685608282027495,0.07270272158836931,-0.5536670414718134,0.8295583894226454
,115,0,-0.29296875,-0.39197530864197533,0.29296875,0.39197530864197533,1942,2151,2738,2147,1959,2181,2738,2148,-50,-98,11,0,5000,5000,5000,4900,-39.43,24.61,-218.42000000000002,12.539627171130263,17.86552892836025,60.320813329739075,0.37806736580496353,0.4821163827573954,0.7903346508854466
,116,0,0.45703125,0.10802469135802473,-0.45703125,-0.10802469135802473,2431,2477,2249,1821,2431,2477,2281,1825,0,0,-125,-18,4900,5000,5000,5000,-40.86,44.38,-188.08,-19.07133978479621,0.19077083139107742,61.64862895133249,-0.5173259301687778,-0.023914728937175125,0.8554542464181643
,117,0,-0.48046875,0.6080246913580247,0.48046875,-0.6080246913580247,1820,2803,2860,1495,1851,2803,2859,1531,-118,0,13,-141,5000,4900,5100,4800,-33.910000000000004,66.25,-226.28,17.599636682620428,-24.22534619788273,54.945486841919895,0.49076822190268576,-0.6483895813738457,0.5820116005169705
,118,0,0.26953125,-0.6697530864197531,-0.26953125,0.6697530864197531,2309,1970,2371,2328,2309,2025,2382,2328,0,-244,-31,0,4800,4800,4800,5000,-33.7,13.38,-200.47,-4.584122125284864,30.264049792300227,54.47254944889651,-0.10048715166018533,0.7976271356066699,0.5947211824839621
,119,0,-0.10546875,-0.16975308641975317,0.10546875,0.16975308641975317,2064,2296,2616,2002,2071,2301,2615,2003,-20,-11,16,0,5000,5000,5000,5000,-43.52,32.21,-211.20000000000002,4.803765050628783,10.781454167211976,64.39375109393977,0.16225114202112365,0.2782574676795783,0.9467034111026481
,120,0,0.64453125,0.33024691358024705,-0.64453125,-0.33024691358024705,2553,2622,2127,1676,2553,2623,2170,1693,0,0,-178,-52,5000,5000,5000,5000,-35.76,53.78,-181.44,-26.305540879204784,-8.754581185898374,56.53916598420637,-0.6866141119011983,-0.26869225954993164,0.6755483187722994
,121,0,-0.57421875,-0.5030864197530864,0.57421875,0.5030864197530864,1759,2079,2921,2219,1801,2109,2920,2220,-177,-102,15,0,5000,5000,5000,5000,-33.1,21.05,-228.16,22.52804030773416,20.742471102458495,54.03074920133679,0.63146807855232,0.5338749505724641,0.5623394018923898
,122,0,0.17578125,-0.0030864197530864335,-0.17578125,0.0030864197530864335,2248,2405,2432,1893,2248,2406,2443,1893,0,-1,-33,0,5000,5000,5000,4900,-44.56,40.28,-200.9,-6.022012763749132,3.4274420807435106,65.40248343990632,-0.15460763819784715,0.05984862380017411,0.9861615589953344
,123,0,-0.19921875,0.49691358024691334,0.19921875,-0.49691358024691334,2003,2731,2677,1567,2012,2732,2676,1601,-25,0,14,-133,4900,5000,5000,4800,-39.34,63.45,-215.17000000000002,6.67769749104869,-20.66697570716063,60.31263168311498,0.20390446215944782,-0.5968314721651314,0.7760252342190095
,124,0,0.55078125,-0.3364197530864198,-0.55078125,0.3364197530864198,2492,2188,2188,2110,2493,2211,2222,2110,0,-61,-135,0,5000,5000,4800,5000,-37.61,31.23,-184.51,-21.73048233594386,13.542244337730672,58.347566076713456,-0.5810953922504709,0.34990315474154304,0.7347761069925903
,125,0,-0.38671875,0.1635802469135803,0.38671875,-0.1635802469135803,1881,2514,2799,1784,1911,2514,2798,1790,-105,0,14,-25,5000,5000,5000,5000,-41.050000000000004,45.74,-224.79,17.46197492835151,-3.641230527734045,62.02609637213347,0.5249078888186126,-0.12914961970178723,0.8413038000549334
,126,0,0.36328125,0.6635802469135801,-0.36328125,-0.6635802469135801,2370,2840,2310,1458,2371,2841,2328,1502,0,0,-52,-191,4900,5000,4800,5000,-34.730000000000004,71.08,-199.16,-9.78803332055881,-27.213070503150476,55.64171616668844,-0.23522605314861877,-0.7494396559438169,0.6188771332170359
,127,0,-0.01171875,-0.6141975308641976,0.01171875,0.6141975308641976,2125,2007,2555,2291,2126,2058,2556,2291,0,-218,0,0,5100,4800,5000,4800,-35.410000000000004,14.58,-205.5,0.34516041279854903,28.73246160000879,56.2107701681895,0.034772455363899515,0.7607619003050579,0.6480989179069834
,128,0,0.73828125,-0.1141975308641976,-0.73828125,0.1141975308641976,2614,2333,2066,1965,2615,2334,2120,1966,0,0,-248,0,5100,5000,5100,5000,-33.49,42.37,-175.9,-31.052273729223145,2.9965145070603683,54.21260687997471,-0.8002776221013503,0.05973382703876004,0.5966469621737054
,129,0,-0.744140625,0.3858024691358024,0.744140625,-0.3858024691358024,1648,2659,3032,1639,1705,2660,3032,1656,-276,0,14,-52,5100,5100,5000,4700,-31.34,53.2,-237.89000000000001,30.07571475478045,-11.995408587583782,52.40076642789331,0.8150441859110464,-0.3178952347116185,0.4844023067247356
,130,0,0.005859375,-0.44753086419753085,-0.005859375,0.44753086419753085,2137,2115,2543,2183,2139,2152,2544,2184,0,-133,0,0,5000,5000,5000,4800,-39.54,21.09,-208.45000000000002,2.829346451360493,22.05017163434583,60.37193833838092,0.09748108881612526,0.6016358453599449,0.7927999412848408
,131,0,-0.369140625,0.052469135802468925,0.369140625,-0.052469135802468925,1892,2441,2788,1857,1921,2441,2787,1858,-98,0,15,-16,5000,5000,4900,5000,-41.19,39.85,-224.70000000000002,17.76879204875067,2.2418061906558293,62.150764831282096,0.5322325747671148,0.037969344462838596,0.8457463066652018
,132,0,0.380859375,0.5524691358024689,-0.380859375,-0.5524691358024689,2381,2767,2299,1531,2382,2767,2320,1564,0,0,-64,-127,5000,4900,5000,5000,-37.18,66.43,-196.78,-11.860774189559379,-22.406170147918843,58.06800021124065,-0.2962738032215299,-0.6336056502419251,0.7146787484640615
,133,0,-0.556640625,-0.2808641975308642,0.556640625,0.2808641975308642,1770,2224,2910,2074,1808,2243,2909,2075,-151,-51,15,0,5000,5000,4900,4900,-36.36,31.98,-230.74,24.34914241443795,9.672726740316392,57.33124111524632,0.6993355073828973,0.2431082089405441,0.6721817067275981
,134,0,0.193359375,0.21913580246913567,-0.193359375,-0.21913580246913567,2259,2550,2421,1748,2259,2550,2433,1758,0,0,-33,-32,5000,5000,5000,5000,-43.77,51.51,-202.39000000000001,-5.289083571688423,-7.879687141963416,64.64833256612029,-0.1343412544735945,-0.25465924844669285,0.9576539534336116
,135,0,-0.181640625,0.7191358024691357,0.181640625,-0.7191358024691357,2015,2876,2665,1422,2021,2877,2664,1474,-18,0,13,-241,4900,5000,4800,4900,-33.82,73.08,-213.09,3.9795734245355447,-30.150520616595443,54.806616565769616,0.11448795294078509,-0.812627962858052,0.5714265504967385
,136,0,0.568359375,-0.7067901234567902,-0.568359375,0.7067901234567902,2504,1946,2176,2352,2504,1998,2205,2352,0,-225,-108,0,5100,5000,5100,4600,-29.94,15.73,-186.77,-18.39310525262863,28.832561322695188,50.649863776476835,-0.4731845760550988,0.7451564891618397,0.46993421203776764
,137,0,-0.650390625,-0.20679012345679015,0.650390625,0.20679012345679015,1709,2272,2971,2026,1760,2277,2970,2027,-235,-12,15,0,5000,4900,4800,5000,-34.47,34.81,-234.75,28.16820757446422,6.57335252533597,55.46852246258079,0.7863296152708955,0.15576755138789183,0.5978479790737328
,138,0,0.099609375,0.29320987654320985,-0.099609375,-0.29320987654320985,2198,2598,2482,1700,2198,2599,2486,1720,0,0,-19,-61,5000,5000,5000,4900,-43.28,54.85,-208.14000000000001,0.22483440429368784,-11.60123851063021,64.19560310549747,0.01980892583711778,-0.36299699874384417,0.9315797257133397
,139,0,-0.275390625,-0.5401234567901234,0.275390625,0.5401234567901234,1953,2055,2727,2243,1967,2097,2726,2243,-37,-168,11,0,4900,5000,5000,5000,-36.64,17.94,-215.71,10.299209814884478,24.69509910351858,57.50042305667038,0.3088611232080204,0.6537713431593067,0.6907878382212275
,140,0,0.474609375,-0.040123456790123524,-0.474609375,0.040123456790123524,2442,2381,2238,1917,2443,2382,2272,1917,0,0,-132,0,5000,5000,5000,4900,-40.56,41.43,-186.83,-20.118047945965543,3.2174828874188677,61.334915459054024,-0.541823673431803,0.05482877837025457,0.8387019208105413
,141,0,-0.462890625,0.45987654320987637,0.462890625,-0.45987654320987637,1831,2707,2849,1591,1863,2708,2848,1616,-117,-4,14,-87,5000,4900,5000,5000,-36.93,59.480000000000004,-226.77,18.530568634561604,-17.495198328003838,57.950794704755175,0.5343977658073494,-0.4866319213611779,0.691092179822954
,142,0,0.287109375,-0.37345679012345684,-0.287109375,0.37345679012345684,2320,2164,2360,2134,2320,2191,2376,2135,0,-83,-44,0,5000,4900,5000,4900,-40.6,25.98,-197.81,-8.121254910728766,17.891893229340745,61.39093319365629,-0.20959248958351476,0.49359919085483056,0.8440561753210745
,143,0,-0.087890625,0.12654320987654322,0.087890625,-0.12654320987654322,2076,2489,2604,1809,2083,2489,2603,1818,-22,0,15,-26,5000,5000,5000,5000,-44.550000000000004,46.22,-211.58,4.232927659693132,-3.2192766067288403,65.46102915927061,0.14284865731549978,-0.12322559095299744,0.9820436420228192
,144,0,0.662109375,0.6265432098765431,-0.662109375,-0.6265432098765431,2565,2815,2115,1483,2566,2817,2155,1521,0,0,-158,-142,5000,5000,4900,4700,-31.27,67.29,-184.69,-23.952552955941343,-22.465777284864416,52.09965594720063,-0.5997896902131472,-0.6167760573231178,0.5097446641476167
,145,0,-0.697265625,-0.6512345679012346,0.697265625,0.6512345679012346,1678,1982,3002,2316,1728,2030,3001,2316,-222,-195,15,0,5000,5000,4800,4800,-27.51,16.94,-231.57,26.234466486006824,24.59715616751013,48.44755047352109,0.706809091451696,0.6011876794010099,0.37281936963851103
,146,0,0.052734375,-0.15123456790123457,-0.052734375,0.15123456790123457,2167,2308,2513,1990,2168,2314,2516,1991,0,-13,-16,0,5000,5000,5000,5000,-43.97,33.02,-208.4,1.9533649876749735,10.163413915909956,64.83175306754677,0.07210421390667274,0.2584498563691193,0.9633299819271078
,147,0,-0.322265625,0.3487654320987654,0.322265625,-0.3487654320987654,1923,2634,2757,1664,1946,2635,2756,1687,-75,0,14,-73,5000,5000,4900,5000,-40.63,54.86,-221.56,13.626243157970066,-12.523807279214921,61.61294744046636,0.4097555295327151,-0.3775021471336015,0.8304170849199126
,148,0,0.427734375,-0.4845679012345679,-0.427734375,0.4845679012345679,2412,2091,2268,2207,2413,2124,2293,2208,0,-120,-86,0,5000,4900,4900,4800,-37.24,22.42,-191.83,-13.831206115321521,21.837448874562178,57.99201455802657,-0.36313676127213895,0.5869609945401999,0.7236079625744596
,149,0,-0.509765625,0.015432098765432167,0.509765625,-0.015432098765432167,1801,2417,2879,1881,1842,2418,2878,1881,-168,0,15,0,5000,5000,4900,5000,-38.38,39.42,-230.16,23.258873772008286,2.2945824641397152,59.36709507053286,0.6736902693430117,0.03467092650714251,0.7382000730477319
,150,0,0.240234375,0.515432098765432,-0.240234375,-0.515432098765432,2290,2743,2390,1555,2290,2744,2402,1590,-3,0,-31,-132,5000,5000,5000,5000,-39.15,64.95,-203.45000000000002,-5.11573280015827,-21.373725424159815,60.0676688206978,-0.12098929500434825,-0.6207255993306767,0.7746362506557015
,151,0,-0.134765625,-0.3179012345679013,0.134765625,0.3179012345679013,2045,2200,2635,2098,2051,2228,2635,2098,-20,-83,0,-4,5000,5000,5000,5000,-41.92,27.330000000000002,-211.79,5.729306558209828,15.605962971088232,62.78440721550202,0.18517927357596448,0.4247707020245592,0.8861594028951231
,152,0,0.615234375,0.18209876543209869,-0.615234375,-0.18209876543209869,2534,2526,2146,1772,2534,2526,2192,1777,0,0,-196,-22,5100,4800,5100,5000,-37.46,47.28,-181.68,-25.635870977709516,-2.2807311105235115,58.22392336276278,-0.6791028873434988,-0.09325440223984408,0.7280953817080643
,153,0,-0.603515625,0.6820987654320985,0.603515625,-0.6820987654320985,1740,2852,2940,1446,1781,2853,2939,1487,-173,0,14,-171,4800,4800,4900,4800,-30.17,68.05,-229.97,21.177847234490997,-26.280777295838433,51.22859132979708,0.5770995174840932,-0.6811150457618238,0.4505978710075049
,154,0,0.146484375,-0.595679012345679,-0.146484375,0.595679012345679,2228,2019,2452,2279,2228,2069,2455,2279,0,-213,-17,0,5000,5000,5000,4900,-35.93,15.41,-205.76,0.5460684100447963,27.8883070072399,56.734161990966356,0.03543182791582059,0.7426025024502997,0.6687945192098215
,155,0,-0.228515625,-0.0956790123456791,0.228515625,0.0956790123456791,1984,2345,2696,1953,2000,2348,2695,1954,-51,-10,14,0,5000,5000,5000,5000,-43.050000000000004,36.46,-218.25,11.55322995685836,6.064366034381308,63.96983715611393,0.3537996618723856,0.14092526415566864,0.924643644428296
,156,0,0.521484375,0.4043209876543208,-0.521484375,-0.4043209876543208,2473,2671,2207,1627,2474,2672,2239,1648,0,0,-125,-66,5000,4900,5000,5000,-37.78,58.61,-188.09,-20.006312277833217,-14.016254058270988,58.60467260772525,-0.5255863448859105,-0.4174658674122772,0.7412700207179455
,157,0,-0.416015625,-0.42901234567901236,0.416015625,0.42901234567901236,1862,2127,2818,2171,1889,2157,2817,2172,-90,-99,16,0,4900,4900,4900,5000,-37.27,23.66,-223.04,17.22356594498521,18.495625069988876,58.181608707669746,0.5082256890065587,0.4851643163107789,0.7115632334603188
,158,0,0.333984375,0.07098765432098753,-0.333984375,-0.07098765432098753,2351,2453,2329,1845,2351,2453,2351,1848,0,0,-69,-17,5000,4900,5000,5000,-42.980000000000004,43.21,-193.63,-13.465369160990576,0.989881774941189,63.7934634589173,-0.36073447853340684,-0.006067273879973833,0.9326488214675959
,159,0,-0.041015625,0.5709876543209875,0.041015625,-0.5709876543209875,2106,2779,2574,1519,2107,2779,2573,1558,0,0,14,-159,5000,5000,5000,4800,-37.87,67.81,-208.15,-0.6132178438087692,-24.547819783086993,58.818475453570116,0.001678505359509941,-0.6944101234896684,0.719577489235747
,160,0,0.708984375,-0.26234567901234573,-0.708984375,0.26234567901234573,2595,2236,2085,2062,2596,2254,2133,2062,0,-46,-212,-7,5000,5000,5000,5000,-34.480000000000004,37.85,-177.79,-28.866503916997743,7.381578204655234,55.200648729290656,-0.759765874623259,0.1793264538123805,0.6249782705990903
,161,0,-0.720703125,0.23765432098765427,0.720703125,-0.23765432098765427,1663,2562,3017,1736,1724,2563,3017,1742,-306,0,15,-24,4800,5000,5100,4700,-32.84,46.67,-237.97,30.588740737900423,-5.481408536620172,53.8846490636465,0.8291389586163174,-0.15760115912026193,0.5363678420157183
,162,0,0.029296875,0.7376543209876543,-0.029296875,-0.7376543209876543,2152,2888,2528,1410,2153,2889,2530,1464,0,0,-13,-242,5000,4700,4900,4900,-33.1,74.38,-211.76,2.568410043698435,-31.35992139543525,54.08324413836721,0.07919397395429396,-0.835757173129641,0.5433583182870012
,163,0,-0.345703125,-0.7376543209876543,0.345703125,0.7376543209876543,1908,1926,2772,2372,1925,1987,2771,2373,-43,-286,13,0,5000,4700,5000,4900,-30.79,11.02,-216.38,11.462702201342097,31.5374123492676,51.63639415891565,0.34029482741778466,0.802702061167668,0.48976405689870484
,164,0,0.404296875,-0.23765432098765427,-0.404296875,0.23765432098765427,2397,2252,2283,2046,2398,2259,2311,2047,0,-15,-99,0,5000,5000,5000,5000,-40.84,32.45,-191.09,-15.263440738038469,11.890517695760146,61.61358384628641,-0.4106393200872203,0.3032961038185192,0.8598760504903081
,165,0,-0.533203125,0.2623456790123455,0.533203125,-0.2623456790123455,1785,2578,2895,1720,1825,2579,2894,1731,-164,0,15,-35,4900,4900,5000,5000,-37.58,48.480000000000004,-230.76,23.25025767655478,-6.787504542709151,58.59300117252936,0.6716944133736992,-0.20383428313909602,0.7122346523862297
,166,0,0.216796875,-0.5709876543209876,-0.216796875,0.5709876543209876,2274,2035,2406,2263,2274,2078,2416,2263,0,-169,-29,0,5000,5000,5100,5000,-36.54,16.7,-202.88,-2.417298122580604,26.797213826920963,57.33297286693404,-0.04369253936890161,0.7197993598019875,0.6928057762693284
,167,0,-0.158203125,-0.07098765432098764,0.158203125,0.07098765432098764,2030,2361,2650,1937,2040,2363,2649,1938,-29,-9,14,0,5000,5000,5000,5000,-43.85,37.13,-215.21,8.471131448696127,5.603192025127456,64.75627680362211,0.26929810218713063,0.12652607625362444,0.9547092144659923
,168,0,0.591796875,0.42901234567901225,-0.591796875,-0.42901234567901225,2519,2687,2161,1611,2519,2687,2201,1634,0,-1,-159,-74,5100,4900,4900,4900,-36.18,58.910000000000004,-185.17000000000002,-22.93213310516083,-14.123224526365092,56.99081703632746,-0.5985804036110104,-0.4148660519593752,0.6852646637209016
,169,0,-0.626953125,-0.404320987654321,0.626953125,0.404320987654321,1724,2143,2956,2155,1770,2167,2955,2156,-205,-68,14,0,5000,4900,4900,4900,-33.33,26.09,-232.06,26.078047509862216,15.451614969830551,54.293028153355934,0.7250167207569052,0.3910997972052972,0.5669141939031688
,170,0,0.123046875,0.095679012345679,-0.123046875,-0.095679012345679,2213,2469,2467,1829,2213,2469,2474,1835,0,0,-25,-22,5000,5000,5000,5000,-44.81,45.1,-204.43,-2.826415953359515,-1.618906590566354,65.68235146772821,-0.06554991995658555,-0.08138345270381633,0.9945249829037431
,171,0,-0.251953125,0.5956790123456788,0.251953125,-0.5956790123456788,1969,2795,2711,1503,1982,2795,2710,1542,-35,0,13,-157,5000,4900,5000,4900,-36.75,67.54,-216.88,8.120421138274509,-24.870369974788858,57.74157643115994,0.2381687438672538,-0.6931732906235534,0.6802840866952644
,172,0,0.498046875,-0.6820987654320988,-0.498046875,0.6820987654320988,2458,1962,2222,2336,2459,2016,2247,2336,0,-236,-87,0,5000,5000,5100,5000,-31.740000000000002,15.780000000000001,-189.69,-15.491858627568206,28.590901681784636,52.464600296892534,-0.3976646875949141,0.7477592507372799,0.531713173785323
,173,0,-0.439453125,-0.1820987654320988,0.439453125,0.1820987654320988,1847,2288,2833,2010,1881,2293,2832,2011,-127,-11,15,0,5000,5000,5000,5000,-39.58,34.15,-226.17000000000002,19.627677417070316,7.825070929688131,60.53376141714663,0.5847294412679006,0.18920814393204738,0.7888547133562169
,174,0,0.310546875,0.3179012345679011,-0.310546875,-0.3179012345679011,2335,2614,2345,1684,2335,2615,2362,1702,0,0,-49,-56,5000,5000,5000,5000,-41.95,55.32,-197.22,-10.695444629065207,-11.33754614284679,62.812066995106726,-0.27801726991748005,-0.3554623823591189,0.8923860668764444
,175,0,-0.064453125,-0.5154320987654322,0.064453125,0.5154320987654322,2091,2071,2589,2227,2093,2112,2588,2228,-13,-163,8,0,5100,5000,4900,4900,-37.99,18.330000000000002,-206.17000000000002,0.7482196504030014,24.95320511039001,58.8035608725573,0.04268986308517443,0.6712864915789005,0.7399675815962886
,176,0,0.685546875,-0.015432098765432167,-0.685546875,0.015432098765432167,2580,2397,2100,1901,2581,2398,2150,1901,0,0,-221,0,5000,4900,5000,4800,-35.1,42.35,-177.86,-29.103189991064085,2.8888925376321595,55.83235688949479,-0.7580623433456603,0.050068051194064135,0.6502573904623568
,177,0,-0.673828125,0.4845679012345676,0.673828125,-0.4845679012345676,1694,2723,2986,1575,1745,2724,2985,1600,-233,0,13,-86,5000,5000,4800,4800,-32.33,58.370000000000005,-234.5,26.33996911972619,-16.922173434174738,53.38681546144534,0.7237644835040917,-0.44974023912174116,0.5233533125268002
,178,0,0.076171875,-0.3487654320987654,-0.076171875,0.3487654320987654,2183,2180,2497,2118,2183,2210,2499,2119,0,-92,-16,0,5000,4900,4900,5000,-41.6,25.45,-207.79,1.866817341813345,17.750512409618786,62.439610523349806,0.07159127036081082,0.4886581736703873,0.8695331387090701
,179,0,-0.298828125,0.15123456790123446,0.298828125,-0.15123456790123446,1938,2506,2742,1792,1961,2506,2741,1800,-71,0,15,-27,5000,5000,5000,5000,-42.38,45.27,-221.48000000000002,14.184828179392014,-2.9452812738168177,63.33829445998301,0.4299520244702274,-0.10394392384098936,0.8968483246070608
,180,0,0.451171875,0.6512345679012344,-0.451171875,-0.6512345679012344,2427,2832,2253,1466,2428,2833,2278,1507,0,0,-86,-173,5000,5000,5000,4900,-34.300000000000004,69.98,-195.04,-13.822328311705007,-25.83896404884399,55.18828990295188,-0.3446121890094947,-0.715439518572906,0.6077735881479656
,181,0,-0.486328125,-0.6265432098765432,0.486328125,0.6265432098765432,1816,1999,2864,2299,1844,2048,2863,2299,-102,-209,14,0,4900,5100,5100,5000,-32.28,16.27,-223.68,18.384674032500214,25.811347755481428,53.1762286423723,0.5352395660786592,0.653078828087157,0.535730017087184
,182,0,0.263671875,-0.12654320987654322,-0.263671875,0.12654320987654322,2305,2325,2375,1973,2305,2329,2393,1974,0,-11,-55,0,5000,5000,5000,4900,-43.52,36.63,-197.39000000000001,-9.27275641607173,7.302852212790462,64.33568354521563,-0.24487144859746493,0.17329928119427096,0.9539419965591868
,183,0,-0.111328125,0.3734567901234567,0.111328125,-0.3734567901234567,2060,2650,2620,1648,2066,2651,2619,1672,-19,0,14,-83,5000,5000,5000,4900,-41.97,58.27,-211.75,3.6022167819485844,-15.260634137665946,62.912360369325725,0.12187308194404488,-0.46585769389853743,0.8764265861628093
,184,0,0.638671875,-0.4598765432098766,-0.638671875,0.4598765432098766,2549,2107,2131,2191,2549,2138,2172,2192,0,-107,-157,0,5000,5000,5000,4900,-34.14,27.0,-181.83,-24.10226389211607,17.933412405062036,54.85350035691788,-0.6356692900838145,0.4671477263326365,0.6145710336703047
,185,0,-0.580078125,0.04012345679012341,0.580078125,-0.04012345679012341,1755,2433,2925,1865,1801,2433,2924,1865,-207,0,15,0,5000,5000,5100,5000,-36.64,40.230000000000004,-232.87,25.916441477555566,1.2986994446848072,57.6427543553627,0.7382002310526624,0.010411323309539805,0.6745013144692461
,186,0,0.169921875,0.5401234567901232,-0.169921875,-0.5401234567901232,2244,2759,2436,1539,2244,2759,2442,1577,0,0,-19,-147,5000,5000,4900,4800,-38.78,66.03,-207.47,-1.175994727675885,-22.723420391437173,59.72055584839791,-0.014229509451216937,-0.6541092077839862,0.7562662661741458
,187,0,-0.205078125,-0.29320987654320985,0.205078125,0.29320987654320985,1999,2216,2681,2082,2009,2240,2681,2082,-30,-70,6,-1,5000,5000,5000,5000,-41.84,29.01,-215.51,9.327859539321338,13.678696679747027,62.727301310435614,0.29002015812138254,0.37387179299868206,0.880970028027741
,188,0,0.544921875,0.20679012345679015,-0.544921875,-0.20679012345679015,2488,2542,2192,1756,2489,2542,2229,1763,0,0,-148,-27,5000,5000,5100,5000,-38.9,48.81,-184.8,-22.633170620689413,-4.013532026309541,59.683406679626145,-0.6045117929495083,-0.14142871272331972,0.7839409489256155
,189,0,-0.392578125,0.7067901234567899,0.392578125,-0.7067901234567899,1877,2868,2803,1430,1900,2869,2802,1476,-67,0,13,-204,4900,5000,5000,4700,-32.89,71.09,-221.87,12.878196022548167,-28.759822285334792,53.91562048857989,0.35135487283138295,-0.7633901958176008,0.542019522035146
,190,0,0.357421875,-0.7191358024691358,-0.357421875,0.7191358024691358,2366,1938,2314,2360,2366,1996,2328,2360,0,-265,-39,0,4900,4800,4800,4800,-31.85,12.56,-196.38,-8.600511489988975,31.35271280374777,52.600003236223095,-0.215261403224925,0.8188724523743389,0.5320812297235006
,191,0,-0.017578125,-0.21913580246913578,0.017578125,0.21913580246913578,2122,2264,2558,2034,2124,2272,2558,2035,-15,-17,14,0,5000,5000,5000,5000,-43.15,29.810000000000002,-206.06,-0.1607983761999492,13.521553994229393,63.99192660616694,0.021170785747760518,0.3577749846727326,0.9335678112345391
,192,0,0.732421875,0.2808641975308639,-0.732421875,-0.2808641975308639,2610,2590,2070,1708,2611,2591,2121,1721,0,0,-230,-38,4800,5000,4700,5000,-33.67,50.58,-177.38,-30.130305545577272,-5.2940552011309165,54.42076206719295,-0.7781516708924971,-0.16953238550036304,0.6047633812936846
,193,0,-0.732421875,-0.5524691358024691,0.732421875,0.5524691358024691,1656,2047,3024,2251,1709,2078,3024,2251,-243,-109,13,0,5100,5000,4900,4900,-28.27,20.5,-233.9,28.315334711060785,20.89031718428413,49.22821184850825,0.7583800159055586,0.5171906004410771,0.3967034588839415
,194,0,0.017578125,-0.05246913580246915,-0.017578125,0.05246913580246915,2144,2373,2536,1925,2145,2376,2538,1925,0,-9,-16,15,5000,5000,5000,5000,-44.77,37.51,-209.01,2.255247641482356,5.644803470949981,65.64614026662888,0.0792446053496484,0.12491655670368937,0.9889975461972957
,195,0,-0.357421875,0.44753086419753085,0.357421875,-0.44753086419753085,1900,2699,2780,1599,1924,2700,2779,1627,-72,0,14,-103,5000,5000,4800,5000,-38.75,59.68,-222.5,14.2480597457795,-17.40158005328614,59.74986480793105,0.4219073147410119,-0.49949096067850285,0.7566392786318293
,196,0,0.392578125,-0.3858024691358025,-0.392578125,0.3858024691358025,2389,2155,2291,2143,2390,2181,2315,2145,0,-79,-78,-6,5000,5000,4900,4800,-39.46,26.36,-192.69,-13.249658221472515,17.854783486426008,60.2262433854527,-0.3527155116578557,0.48101900351563537,0.8026284857222311
,197,0,-0.544921875,0.1141975308641976,0.544921875,-0.1141975308641976,1778,2481,2902,1817,1819,2481,2901,1820,-172,-2,15,-16,5000,4900,5000,5000,-37.550000000000004,41.52,-231.43,24.38832917859176,0.11135316728106659,58.54877953122213,0.7054377106049192,-0.020269133668396676,0.708482038358647
,198,0,0.205078125,0.6141975308641974,-0.205078125,-0.6141975308641974,2267,2807,2413,1491,2267,2807,2421,1532,0,0,-23,-166,5000,5000,5000,5000,-36.81,69.39,-206.77,-2.091510414514886,-26.03418193597537,57.75556500303531,-0.039054821359684806,-0.7279454559516089,0.684521828788511
,199,0,-0.169921875,-0.6635802469135803,0.169921875,0.6635802469135803,2022,1974,2658,2324,2026,2032,2658,2324,-16,-265,0,0,4900,4900,4900,5000,-33.97,12.99,-209.67000000000002,4.619819421749725,30.033503231355155,54.78768161483229,0.15143490904908935,0.7861011567384606,0.5992599099687451
,200,0,0.580078125,-0.1635802469135803,-0.580078125,0.1635802469135803,2511,2300,2169,1998,2511,2303,2211,1999,0,-7,-175,0,5000,5000,5000,5000,-38.160000000000004,38.300000000000004,-182.6,-24.11564730084993,6.618746868984694,58.90584100043176,-0.6435626013307906,0.14644161886603144,0.7512536392139748
,201,0,-0.638671875,0.3364197530864197,0.638671875,-0.3364197530864197,1717,2626,2963,1672,1764,2628,2962,1687,-208,0,16,-43,4900,4800,5100,5000,-34.49,51.620000000000005,-234.51,26.794805858033754,-10.182067944185022,55.529781052698794,0.7480503386876127,-0.2839943348815382,0.599806559271021
,202,0,0.111328125,-0.4969135802469136,-0.111328125,0.4969135802469136,2206,2083,2474,2215,2206,2123,2476,2216,0,-153,-17,0,5000,4800,5100,5000,-38.44,19.12,-207.08,1.6006759655676035,24.104924558200032,59.26011134677922,0.06357694931409111,0.651984553496043,0.7555621175776875
,203,0,-0.263671875,0.0030864197530863224,0.263671875,-0.0030864197530863224,1961,2409,2719,1889,1980,2410,2718,1889,-57,0,13,0,5000,5000,5000,5000,-42.77,38.800000000000004,-220.20000000000002,13.34228318732238,3.5973984015376956,63.70552817581183,0.4086631346105791,0.0712911304471473,0.9098967068463455
,204,0,0.486328125,0.5030864197530862,-0.486328125,-0.5030864197530862,2450,2735,2230,1563,2451,2736,2257,1593,0,0,-95,-109,4900,5000,4900,4900,-36.77,63.440000000000005,-190.78,-17.64337951233594,-19.01953361031758,57.620374649883296,-0.4531934125860336,-0.5387449199168874,0.7101898633832865
,205,0,-0.451171875,-0.33024691358024694,0.451171875,0.33024691358024694,1839,2192,2841,2106,1869,2214,2840,2106,-109,-57,16,0,5000,4900,5000,5000,-38.11,28.59,-225.82,19.66060942211297,13.391792144039265,59.04798538936287,0.5772675962066576,0.34972069211580925,0.7378736747410272
,206,0,0.298828125,0.16975308641975306,-0.298828125,-0.16975308641975306,2328,2518,2352,1780,2328,2518,2372,1787,0,0,-55,-26,5000,4900,5000,5000,-43.2,48.39,-196.28,-11.17189540740381,-4.356386252447706,64.03982969225292,-0.296580665539891,-0.15465141347375166,0.9424027000908292
,207,0,-0.076171875,0.669753086419753,0.076171875,-0.669753086419753,2083,2844,2597,1454,2085,2845,2596,1503,-14,-3,13,-223,5000,4900,5000,5000,-35.32,71.83,-208.98000000000002,-0.04395144257941297,-28.62191398880475,56.28283112374618,0.012770922423893797,-0.7799652464863337,0.6256925105944258
,208,0,0.673828125,-0.6080246913580247,-0.673828125,0.6080246913580247,2572,2011,2108,2287,2573,2055,2147,2287,0,-175,-159,0,5000,4700,4900,4800,-30.64,21.53,-181.49,-24.055617579095184,23.40386201357549,51.33803378728639,-0.6253809951595722,0.6049789219683923,0.49284796323733004
,209,0,-0.685546875,-0.10802469135802473,0.685546875,0.10802469135802473,1686,2337,2994,1961,1743,2338,2993,1962,-275,-7,17,0,4800,4800,5000,5000,-33.69,39.58,-236.67000000000002,29.76583880656554,1.6825207595760148,54.71020914656437,0.822769692545967,0.025829419317895865,0.5677877016328511
,210,0,0.064453125,0.3919753086419753,-0.064453125,-0.3919753086419753,2175,2663,2505,1635,2175,2664,2507,1661,0,0,-15,-93,5000,5000,5000,5000,-41.63,59.7,-210.86,2.6194415885671276,-16.628324942003573,62.57151614830346,0.08550856005500326,-0.49475086338598473,0.86481782436311
,211,0,-0.310546875,-0.44135802469135804,0.310546875,0.44135802469135804,1931,2119,2749,2179,1950,2154,2748,2181,-57,-123,15,-8,5000,5000,5000,5000,-38.44,22.580000000000002,-218.44,12.70129041845027,19.886720724350255,59.325801411072455,0.381242727939469,0.5324133155786703,0.755771158346096
,212,0,0.439453125,0.05864197530864179,-0.439453125,-0.05864197530864179,2419,2445,2261,1853,2420,2445,2292,1854,0,0,-117,0,4900,5000,5000,5000,-41.31,42.43,-188.72,-18.303449150211037,2.0944496126913563,62.096904615342375,-0.49603311286798263,0.027231164840709227,0.867876497319703
,213,0,-0.498046875,0.5586419753086416,0.498046875,-0.5586419753086416,1808,2771,2872,1527,1842,2771,2871,1558,-134,0,14,-116,5000,5000,5000,4900,-34.65,63.86,-227.34,18.814843293359417,-21.910165891327125,55.68475204558732,0.5266900673616308,-0.5935424981246731,0.608526807842123
,214,0,0.251953125,-0.27469135802469136,-0.251953125,0.27469135802469136,2297,2228,2383,2070,2297,2250,2397,2070,0,-61,-39,0,4900,5000,5000,4900,-42.410000000000004,30.39,-198.77,-7.469657100757786,13.432384011586073,63.216857023064904,-0.19424975148395063,0.3681899019257739,0.9092322201551768
,215,0,-0.123046875,0.22530864197530853,0.123046875,-0.22530864197530853,2053,2554,2627,1744,2061,2554,2626,1756,-25,0,15,-38,5000,5000,5000,5000,-43.71,51.11,-212.96,5.283990761401981,-8.19358972219159,64.6403127736894,0.16757960035420036,-0.25966254376772974,0.9510480749726576
,216,0,0.626953125,0.7253086419753085,-0.626953125,-0.7253086419753085,2542,2880,2138,1418,2542,2881,2176,1465,0,0,-149,-198,5100,5000,5100,4700,-29.79,71.52,-187.78,-21.147794353665432,-26.89874381083797,50.645855079627225,-0.5218683181916006,-0.7179652313897393,0.4606293357824145
,217,0,-0.591796875,-0.7006172839506173,0.591796875,0.7006172839506173,1747,1950,2933,2348,1784,2002,2932,2348,-141,-226,13,0,5100,5000,4900,5000,-28.490000000000002,14.08,-226.94,21.803240720542505,27.76567236218914,49.39709949255163,0.6044595889592326,0.6858022448466992,0.4053441578195796
,218,0,0.158203125,-0.2006172839506173,-0.158203125,0.2006172839506173,2236,2276,2444,2022,2236,2283,2453,2023,0,-17,-29,0,5000,5000,5000,5000,-43.4,31.46,-203.51,-2.8174634318058622,12.04799831219804,64.23330687519402,-0.06282051645783672,0.3099893793443482,0.948662304197693
,219,0,-0.216796875,0.2993827160493825,0.216796875,-0.2993827160493825,1992,2602,2688,1696,2004,2603,2687,1716,-36,0,14,-62,5000,5000,5000,4900,-42.37,53.31,-217.34,9.5120459073039,-10.687780658980145,63.32784896312011,0.28901065752395505,-0.3385378376517114,0.8954691353227507
,220,0,0.533203125,-0.5339506172839507,-0.533203125,0.5339506172839507,2481,2059,2199,2239,2482,2095,2230,2239,0,-133,-119,0,5000,4900,4900,4900,-34.69,21.81,-187.20000000000002,-18.397142101146528,22.751006438188355,55.41730270011133,-0.4826068049979721,0.6024345968834127,0.6357383331588309
,221,0,-0.404296875,-0.03395061728395066,0.404296875,0.03395061728395066,1869,2385,2811,1913,1900,2387,2810,1913,-112,0,13,0,5000,5000,5000,4900,-40.62,39.38,-225.93,19.0304324022581,2.6261563862813233,61.58575284421968,0.5662241849754485,0.038832474489408846,0.8233360257354944
,222,0,0.345703125,0.46604938271604923,-0.345703125,-0.46604938271604923,2358,2711,2322,1587,2358,2712,2341,1614,-12,0,-57,-98,5000,4900,5000,4900,-39.39,62.34,-197.55,-10.827338917359668,-18.3711081044095,60.27149421922066,-0.2746870417518013,-0.5480552787949555,0.7900521757951351
,223,0,-0.029296875,-0.3672839506172839,0.029296875,0.3672839506172839,2114,2168,2566,2130,2115,2199,2566,2131,-2,-101,0,-8,5000,5000,5000,4900,-41.33,24.76,-206.08,0.2085775483710961,18.553485867025273,62.15929924254708,0.029750324586802702,0.5040433358986097,0.8631658205253389
,224,0,0.720703125,0.13271604938271597,-0.720703125,-0.13271604938271597,2603,2494,2077,1804,2604,2494,2130,1807,0,0,-242,-18,5100,4700,4800,4900,-34.18,44.6,-176.87,-30.238244016332573,0.7081577835964623,54.91309180679956,-0.7844138043071449,-0.006518433220893811,0.62020359047714
,225,0,-0.708984375,0.632716049382716,0.708984375,-0.632716049382716,1671,2819,3009,1479,1726,2820,3009,1516,-261,0,15,-144,5100,5000,4700,5000,-29.32,64.58,-234.43,25.865800087398952,-23.121893795915256,50.39219843000344,0.6875314205795807,-0.5958104817639748,0.41510289752783575
,226,0,0.041015625,-0.6450617283950617,-0.041015625,0.6450617283950617,2160,1986,2520,2312,2161,2042,2521,2312,0,-254,0,0,5000,4800,5000,4900,-34.53,13.39,-207.25,2.175673021899314,29.799215934986464,55.33655121579288,0.08077450144967484,0.7826451293989621,0.617205056155277
,227,0,-0.333984375,-0.1450617283950617,0.333984375,0.1450617283950617,1915,2312,2765,1986,1940,2315,2764,1987,-78,-8,15,0,5000,5000,4900,5000,-41.37,34.74,-222.4,15.817862946345826,7.4957739354485255,62.30632373995593,0.4789420217487632,0.18063986241972158,0.8590598232417759
,228,0,0.416015625,0.3549382716049383,-0.416015625,-0.3549382716049383,2404,2638,2276,1660,2405,2639,2302,1679,0,0,-87,-62,5000,5000,5000,4800,-40.24,56.59,-192.55,-15.432155686750349,-12.29460246501236,61.08189025494223,-0.40903853147100805,-0.37659680541668134,0.8311812834285857
,229,0,-0.521484375,-0.4783950617283951,0.521484375,0.4783950617283951,1793,2095,2887,2203,1829,2127,2886,2204,-143,-113,14,0,4900,5000,5100,4900,-34.61,22.080000000000002,-226.82,21.114337546512218,19.80950309059611,55.53660948428305,0.6029204241062671,0.5073232951968514,0.6157191213094875
,230,0,0.228515625,0.021604938271604923,-0.228515625,-0.021604938271604923,2282,2421,2398,1877,2283,2422,2415,1877,0,-1,-50,0,5000,5000,5000,5000,-44.21,41.29,-198.78,-8.203594522615248,2.5617134746900305,65.04441220391648,-0.21665174924451505,0.03543470033200569,0.9756056588405339
,231,0,-0.146484375,0.5216049382716046,0.146484375,-0.5216049382716046,2038,2747,2642,1551,2043,2748,2641,1588,-18,0,12,-145,5000,5000,4800,5000,-39.08,64.91,-212.51,3.9265639948716284,-21.945004302660493,60.042988594389634,0.12495271971049002,-0.6325928859099449,0.7643383141862506
,232,0,0.603515625,-0.3117283950617284,-0.603515625,0.3117283950617284,2526,2204,2154,2094,2526,2225,2195,2094,0,-52,-165,0,5000,4900,5000,5000,-36.730000000000004,33.4,-182.48,-23.897952835674005,11.511576906807747,57.46288454204214,-0.6393463094962016,0.29065369397499186,0.7118684757118257
,233,0,-0.615234375,0.18827160493827155,0.615234375,-0.18827160493827155,1732,2530,2948,1768,1779,2530,2947,1772,-208,0,15,-21,5000,4800,5100,5000,-35.78,44.82,-234.20000000000002,26.937951020562252,-3.3729831287346386,56.80102982396578,0.7582427797117394,-0.10763380437893004,0.6430263222994319
,234,0,0.134765625,0.6882716049382713,-0.134765625,-0.6882716049382713,2221,2856,2459,1442,2221,2857,2461,1494,0,0,-14,-239,4800,5000,5100,4700,-34.83,72.25,-210.67000000000002,1.6162178422134446,-29.156326813854122,55.80237209505262,0.05893576512467933,-0.79280695573018,0.6066166058846506
,235,0,-0.240234375,-0.5895061728395061,0.240234375,0.5895061728395061,1976,2023,2704,2275,1986,2071,2704,2275,-25,-198,0,0,5000,4800,5100,5000,-35.69,16.12,-213.47,8.191688472938552,26.65929386723169,56.534611106317534,0.255974470441418,0.705615252614894,0.6607451746017183
,236,0,0.509765625,-0.08950617283950613,-0.509765625,0.08950617283950613,2465,2349,2215,1949,2466,2351,2250,1950,0,-8,-142,0,5000,4900,5000,4900,-39.75,40.96,-185.36,-21.54906741726714,3.783229463058831,60.51637157818546,-0.5781066108199899,0.06647811050717041,0.8132486749756314
,237,0,-0.427734375,0.41049382716049365,0.427734375,-0.41049382716049365,1854,2675,2826,1623,1884,2676,2825,1643,-106,0,14,-66,5000,5000,4900,5000,-38.22,57.75,-225.41,17.284139850778075,-15.673740939659282,59.22958642720298,0.5014534458638576,-0.44834953128033517,0.739950768248785
,238,0,0.322265625,-0.42283950617283955,-0.322265625,0.42283950617283955,2343,2131,2337,2167,2343,2162,2354,2168,0,-104,-52,0,5000,4900,4900,5000,-39.5,24.09,-196.52,-9.275504621420254,19.861433569271462,60.279709339181345,-0.24032860516646828,0.5437495491864338,0.8041011063904151
,239,0,-0.052734375,0.07716049382716039,0.052734375,-0.07716049382716039,2099,2457,2581,1841,2104,2457,2580,1847,-18,-3,15,-22,5000,5000,5000,5000,-44.85,44.07,-209.85,2.650458467778236,-0.9566548310292617,65.74692067150968,0.10031641115912206,-0.06353643215778358,0.9929248407814225
,240,0,0.697265625,0.5771604938271602,-0.697265625,-0.5771604938271602,2588,2783,2092,1515,2589,2783,2138,1547,0,0,-198,-119,4900,5000,5000,5000,-31.34,65.17,-182.59,-25.90508747879673,-20.20879248371223,52.153771974640634,-0.6491905059432796,-0.5568982634278565,0.5180888062718069
,241,0,-0.662109375,-0.25617283950617287,0.662109375,0.25617283950617287,1701,2240,2979,2058,1753,2255,2978,2058,-242,-36,14,-1,4800,4900,4900,5000,-34.01,33.79,-234.9,28.388886876765696,7.579595754025455,55.006705171596266,0.7892223660717584,0.18638654016897457,0.5851393975250127
,242,0,0.087890625,0.24382716049382713,-0.087890625,-0.24382716049382713,2190,2566,2490,1732,2190,2567,2493,1746,0,0,-17,-44,5000,5000,5000,5000,-43.79,52.71,-208.31,0.5363267665052831,-9.476125722566294,64.70104167376375,0.027375819363680932,-0.2972999971097005,0.9543915738483544
,243,0,-0.287109375,0.7438271604938271,0.287109375,-0.7438271604938271,1946,2892,2734,1406,1960,2893,2733,1458,-36,0,12,-236,5000,4800,5100,4900,-32.59,73.4,-217.38,8.244111368236332,-30.762615290269252,53.598950950958844,0.2281002990929292,-0.8176459886655385,0.5286069340945789
,244,0,0.462890625,-0.7479423868312757,-0.462890625,0.7479423868312757,2435,1919,2245,2379,2436,1979,2265,2380,0,-284,-65,0,4800,4700,4800,4700,-30.22,12.82,-191.94,-13.040009860150349,31.388071000331063,50.94842701355911,-0.33274961229843686,0.812548228245385,0.47858444635249636
,245,0,-0.474609375,-0.24794238683127579,0.474609375,0.24794238683127579,1824,2245,2856,2053,1861,2252,2855,2053,-143,-15,15,0,5000,5000,5000,5000,-38.39,31.23,-226.99,20.648507210148836,10.679710961473468,59.34051507942259,0.607758268219723,0.2685678551642886,0.747329374896382
,246,0,0.275390625,0.2520576131687242,-0.275390625,-0.2520576131687242,2313,2571,2367,1727,2313,2572,2383,1740,0,0,-48,-41,5000,5000,5000,5000,-42.96,52.050000000000004,-198.11,-9.591796308175333,-8.132136578561457,63.81825281740057,-0.2488559981136705,-0.2714441774011794,0.9297250941852894
,247,0,-0.099609375,-0.581275720164609,0.099609375,0.581275720164609,2068,2028,2612,2270,2071,2074,2612,2270,-14,-187,0,0,5000,5000,5000,5000,-36.25,15.74,-206.9,1.6596538597419794,27.483095059277257,57.06070559211493,0.06762057053639925,0.7305284101867713,0.6795260851139716
,248,0,0.650390625,-0.08127572016460904,-0.650390625,0.08127572016460904,2557,2354,2123,1944,2557,2355,2170,1945,0,0,-206,0,5000,4800,5000,4800,-36.22,41.63,-179.33,-27.593401349345754,3.511318114780636,56.95788994465121,-0.7248564803487761,0.061402316582293545,0.6861580272901509
,249,0,-0.568359375,0.41872427983539073,0.568359375,-0.41872427983539073,1762,2680,2918,1618,1803,2681,2917,1638,-173,0,14,-62,5000,5000,4900,4800,-35.44,56.59,-230.99,22.94304130389321,-14.90063632009938,56.47467379861626,0.6532883459801387,-0.4087729933254079,0.637274647961396
,250,0,0.181640625,-0.4146090534979424,-0.181640625,0.4146090534979424,2251,2137,2429,2161,2251,2170,2437,2163,0,-112,-24,-6,5000,4900,5000,5000,-40.37,23.34,-203.64000000000001,-2.1254181300618598,20.1320518803102,61.183495207528765,-0.042287556336707194,0.554629665941595,0.8310220792714138
,251,0,-0.193359375,0.08539094650205759,0.193359375,-0.08539094650205759,2007,2463,2673,1835,2022,2463,2672,1840,-47,0,15,-20,5000,5000,5000,5000,-43.82,42.78,-216.79,9.666560363043118,-0.14056012529428585,64.74847005854389,0.3013135663747335,-0.03493017328168129,0.95288510205221
,252,0,0.556640625,0.5853909465020575,-0.556640625,-0.5853909465020575,2496,2789,2184,1509,2496,2789,2217,1542,0,0,-126,-126,5000,5000,5000,4900,-34.300000000000004,66.26,-189.17000000000002,-19.42797273986315,-21.731587365365087,55.14946561837349,-0.5000084251972842,-0.6128755171737839,0.6118620556797899
,253,0,-0.380859375,-0.6923868312757202,0.380859375,0.6923868312757202,1885,1956,2795,2342,1905,2012,2795,2342,-58,-252,0,0,5000,5000,5000,5000,-31.970000000000002,12.84,-218.15,13.1001882017421,29.605570832759497,52.82984627508525,0.38877779347882346,0.7551793454298373,0.5277840311471161
,254,0,0.369140625,-0.1923868312757202,-0.369140625,0.1923868312757202,2374,2282,2306,2016,2375,2288,2331,2017,0,-12,-83,0,5000,5000,5000,5000,-41.76,34.42,-192.56,-13.934129506837849,9.828506473915127,62.545914995390156,-0.37405448465647556,0.24257043567655612,0.8951216823672989
,255,0,-0.005859375,0.3076131687242798,0.005859375,-0.3076131687242798,2129,2608,2551,1690,2131,2609,2551,1712,-13,0,16,-70,5000,5000,5000,5000,-43.160000000000004,55.42,-207.04,-0.9105149662122187,-12.096099846225755,64.07153028242764,-0.0017583694519882674,-0.38421752715291685,0.9232409219512356
,256,0,0.744140625,-0.5257201646090535,-0.744140625,0.5257201646090535,2618,2064,2062,2234,2619,2098,2111,2235,0,-122,-222,0,5000,5000,5000,5000,-30.490000000000002,25.3,-178.24,-27.551744195528386,19.861204449622896,51.18126623185199,-0.7097291355728357,0.5043573062116289,0.4918417039963002
,257,0,-0.7470703125,-0.025720164609053464,0.7470703125,0.025720164609053464,1646,2390,3034,1908,1707,2391,3034,1908,-303,0,15,0,4800,5000,5000,4800,-31.71,39.94,-239.12,32.19551426241824,1.1524593118228879,52.74343207713511,0.868179240569849,0.011885038532863901,0.4961084076113128
,258,0,0.0029296875,0.4742798353909463,-0.0029296875,-0.4742798353909463,2135,2716,2545,1582,2136,2717,2546,1614,0,0,0,-124,5000,5000,5000,4900,-40.02,63.39,-211.36,2.8771807467919643,-20.348230375155907,60.973369066611276,0.09066824490948486,-0.5894811077331727,0.8026775772317956
,259,0,-0.3720703125,-0.35905349794238683,0.3720703125,0.35905349794238683,1890,2173,2790,2125,1914,2200,2789,2126,-76,-81,5,-1,5000,5000,5000,5000,-39.02,26.830000000000002,-222.32,16.282938840820634,15.386412086519847,59.93597904324276,0.4826758076628536,0.40985574849220174,0.7739782491290754
,260,0,0.3779296875,0.14094650205761305,-0.3779296875,-0.14094650205761305,2379,2499,2301,1799,2380,2499,2327,1805,0,0,-85,-22,5000,5000,5000,5000,-42.37,46.29,-192.26,-15.037035549772469,-1.9924475589838622,63.18438505149883,-0.40755423180845163,-0.08842454599691572,0.9088897885883973
,261,0,-0.5595703125,0.6409465020576128,0.5595703125,-0.6409465020576128,1768,2825,2912,1473,1805,2826,2911,1512,-145,0,14,-152,5000,4900,5100,5000,-31.96,66.7,-229.28,20.57183757101828,-24.882207495424623,53.01169390708985,0.5588940426709449,-0.654056237927871,0.5097527701686072
,262,0,0.1904296875,-0.6368312757201646,-0.1904296875,0.6368312757201646,2257,1992,2423,2306,2257,2045,2429,2306,0,-231,-19,0,5000,5000,5000,5000,-34.87,14.09,-204.27,-0.8463639107448273,29.30274922083671,55.66337468416088,-0.003006636843308622,0.7735155708324317,0.6337701648189742
,263,0,-0.1845703125,-0.13683127572016462,0.1845703125,0.13683127572016462,2013,2318,2667,1980,2023,2322,2666,1981,-29,-10,15,0,5000,5000,5000,5000,-43.24,34.36,-215.81,9.25954494019939,8.324668345160859,64.14229732032229,0.28816245003121904,0.206769153123841,0.9349914008740694
,264,0,0.5654296875,0.36316872427983515,-0.5654296875,-0.36316872427983515,2502,2644,2178,1654,2502,2645,2215,1671,0,-3,-145,-58,5000,5000,4900,4900,-37.34,56.22,-185.53,-22.39711795320062,-11.460321347882427,58.14580857274665,-0.5872766564672489,-0.3429928679568007,0.7331180132143915
,265,0,-0.6533203125,-0.47016460905349794,0.6533203125,0.47016460905349794,1707,2101,2973,2197,1756,2129,2972,2198,-221,-93,16,0,5000,5100,4900,4900,-31.810000000000002,23.42,-232.17000000000002,26.375234155467155,18.10376282068686,52.766859134252115,0.7254304943990844,0.4564418900607149,0.5151809379176431
,266,0,0.0966796875,0.029835390946501894,-0.0966796875,-0.029835390946501894,2196,2426,2484,1872,2196,2427,2490,1873,0,0,-21,-16,5000,5000,5000,5000,-44.97,41.72,-205.44,-1.5915159796152807,1.6857299437325963,65.83887440861265,-0.03060205434391185,0.009976959615317192,0.9994818530352447
,267,0,-0.2783203125,0.5298353909465019,0.2783203125,-0.5298353909465019,1952,2752,2728,1546,1967,2752,2727,1583,-41,0,14,-140,5000,5000,5000,5000,-38.13,64.12,-218.72,10.18022484105606,-21.57831093384337,59.12214007581258,0.29543498128510376,-0.6132556667201458,0.7325542021370844
,268,0,0.4716796875,-0.30349794238683125,-0.4716796875,0.30349794238683125,2440,2209,2240,2089,2441,2231,2267,2089,0,-60,-99,0,5000,4900,5000,4900,-39.51,31.85,-188.12,-18.179745526184888,12.6856383223789,60.2671999590686,-0.4931687612298431,0.33079015201175865,0.8045883719511854
,269,0,-0.4658203125,0.19650205761316863,0.4658203125,-0.19650205761316863,1829,2535,2851,1763,1866,2535,2850,1770,-141,0,14,-27,5000,4900,5000,4900,-39.36,46.31,-228.15,20.78400141770743,-4.441352627184138,60.354407217419194,0.6105352105120613,-0.14544966063940806,0.7785185630059661
,270,0,0.2841796875,0.6965020576131686,-0.2841796875,-0.6965020576131686,2318,2861,2362,1437,2318,2862,2375,1486,0,0,-32,-221,5000,5000,5000,4900,-34.550000000000004,72.45,-204.12,-4.930925840170261,-28.91495264656075,55.490045161236566,-0.11248792679672807,-0.7886339617544887,0.6044856827852861
,271,0,-0.0908203125,-0.7294238683127572,0.0908203125,0.7294238683127572,2074,1931,2606,2367,2075,1993,2606,2367,0,-293,0,0,5100,5000,4700,4800,-31.8,10.24,-206.5,1.6530509158117468,32.984807076865025,52.59487741845421,0.07182539443835848,0.8493642998365332,0.5228971207388413
,272,0,0.6591796875,-0.22942386831275718,-0.6591796875,0.22942386831275718,2563,2257,2117,2041,2564,2262,2165,2042,0,-10,-210,0,4900,4900,5100,4900,-35.69,36.47,-179.61,-26.96343351275533,8.639152551470545,56.416267830295894,-0.7096942838744064,0.2101559991957353,0.6724347399101528
,273,0,-0.7001953125,0.2705761316872426,0.7001953125,-0.2705761316872426,1677,2583,3003,1715,1733,2584,3002,1725,-270,0,15,-31,5000,5000,5100,5000,-33.31,47.86,-236.85,29.388766868384323,-6.591820692078429,54.35203280051495,0.8095447449310565,-0.18908492459616205,0.555773512543531
,274,0,0.0498046875,-0.5627572016460906,-0.0498046875,0.5627572016460906,2165,2040,2515,2258,2166,2085,2516,2258,0,-183,0,0,4900,5000,4900,4900,-36.62,16.26,-208.23000000000002,2.949747078724556,26.875646142787897,57.43868085610867,0.10033513938730451,0.7170297179771955,0.6897834756948544
,275,0,-0.3251953125,-0.06275720164609055,0.3251953125,0.06275720164609055,1921,2366,2759,1932,1944,2367,2758,1933,-74,0,15,0,5000,5000,5000,5000,-41.77,37.99,-222.89000000000001,16.08559234117027,4.221284722988095,62.71698341490243,0.48542384782876696,0.08620101015279762,0.8700190077278495
,276,0,0.4248046875,0.43724279835390933,-0.4248046875,-0.43724279835390933,2410,2692,2270,1606,2411,2693,2296,1632,0,0,-91,-86,4900,5000,4900,5000,-39.01,60.550000000000004,-193.35,-14.895151030253828,-16.303037327533076,59.86592316993148,-0.38625380875013304,-0.4876414723982379,0.7829519714665095
,277,0,-0.5126953125,-0.39609053497942387,0.5126953125,0.39609053497942387,1799,2149,2881,2149,1835,2175,2880,2150,-142,-80,15,0,5000,5000,5000,5000,-36.04,25.85,-227.59,21.621374994415618,16.000261300577897,56.979970150091305,0.6230906244853014,0.4098707089085496,0.6661561946400559
,278,0,0.2373046875,0.10390946502057619,-0.2373046875,-0.10390946502057619,2288,2475,2392,1823,2288,2475,2408,1828,0,0,-46,-21,5000,5000,5000,4900,-44.08,45.14,-198.97,-8.273088445243332,-1.2926909218156126,64.92509186652275,-0.2181570870442663,-0.07130919711790602,0.9733049284673122
,279,0,-0.1376953125,0.6039094650205761,0.1376953125,-0.6039094650205761,2043,2801,2637,1497,2047,2801,2636,1538,-17,0,13,-170,5000,5000,4900,4700,-37.02,68.8,-211.62,2.7861689403519847,-25.772001165199484,57.98838543714885,0.09097564863583575,-0.7200716648566224,0.6879100441379679
,280,0,0.6123046875,-0.6738683127572016,-0.6123046875,0.6738683127572016,2532,1968,2148,2330,2532,2021,2182,2330,0,-226,-126,0,5000,5100,4900,4800,-30.400000000000002,17.86,-184.71,-20.59428314949207,26.847656014733307,51.10490969150587,-0.5325643322797237,0.6936426323641091,0.48501044375398894
,281,0,-0.6064453125,-0.1738683127572016,0.6064453125,0.1738683127572016,1738,2294,2942,2004,1785,2298,2941,2005,-211,-11,15,0,5000,5000,5000,5000,-35.76,36.06,-233.28,26.6110260527106,5.429024339695594,56.75429021449331,0.7537880329144659,0.12374607193208544,0.645360760440484
,282,0,0.1435546875,0.3261316872427984,-0.1435546875,-0.3261316872427984,2227,2620,2453,1678,2227,2621,2459,1700,0,0,-21,-70,5000,4900,5000,4900,-42.800000000000004,56.22,-206.37,-1.6312028892790806,-12.850120952683241,63.7101979028072,-0.03205856286615386,-0.40024776616480834,0.915846042862575
,283,0,-0.2314453125,-0.507201646090535,0.2314453125,0.507201646090535,1982,2076,2698,2222,1993,2115,2698,2223,-30,-149,0,0,5000,5000,4900,5000,-37.69,19.17,-214.05,8.554971793820243,23.582852502699787,58.545191559660864,0.2609072983974995,0.6308116887749866,0.7307557696985825
,284,0,0.5185546875,-0.007201646090534974,-0.5185546875,0.007201646090534974,2471,2402,2209,1896,2472,2403,2246,1896,0,0,-151,0,5000,5000,5000,5000,-39.6,41.57,-184.96,-21.988572278333123,3.2011670563943255,60.365909517029465,-0.5896656663277262,0.05170511921396605,0.8059906839420338
,285,0,-0.4189453125,0.4927983539094649,0.4189453125,-0.4927983539094649,1860,2728,2820,1570,1889,2729,2819,1599,-101,0,13,-103,4900,5000,5000,4900,-37.18,61.45,-224.38,16.011952939011877,-19.298814278303112,58.193785408191815,0.46144730195076866,-0.5423043281104858,0.7021199350787521
,286,0,0.3310546875,-0.34053497942386834,-0.3310546875,0.34053497942386834,2349,2185,2331,2113,2349,2210,2348,2114,0,-72,-50,0,5000,5000,5000,4900,-40.82,28.01,-194.9,-11.162582390770524,16.063396084543207,61.6014690590333,-0.29295101426088754,0.4321531445968661,0.8528911787904463
,287,0,-0.0439453125,0.15946502057613166,0.0439453125,-0.15946502057613166,2104,2511,2576,1787,2108,2511,2576,1797,-15,0,7,-31,5000,5000,5000,4900,-44.53,48.36,-209.02,1.5345388995256144,-5.181812163359595,65.43360129093125,0.06454105827546669,-0.18171626226020385,0.9812306822693957
,288,0,0.7060546875,0.6594650205761314,-0.7060546875,-0.6594650205761314,2593,2837,2087,1461,2594,2838,2132,1501,0,0,-193,-161,5000,4900,5100,4600,-29.77,68.29,-183.46,-25.239941375881216,-23.384835567904332,50.59603933097811,-0.6286981116515968,-0.6268687306609392,0.4601893946249293
,289,0,-0.7236328125,-0.6183127572016461,0.7236328125,0.6183127572016461,1661,2004,3019,2294,1710,2048,3019,2294,-223,-175,14,0,4900,5100,5000,4800,-27.580000000000002,18.69,-233.36,27.90199117622427,22.73063346293562,48.530943523729945,0.7490379660288586,0.5496634391677006,0.369881371644594
,290,0,0.0263671875,-0.11831275720164613,-0.0263671875,0.11831275720164613,2150,2330,2530,1968,2151,2335,2532,1969,0,-13,-15,0,5000,5000,5000,5000,-44.26,34.71,-209.4,2.83568224126887,8.41065917239203,65.13103065288514,0.09713215704220422,0.20488977956102064,0.973953552434491
,291,0,-0.3486328125,0.38168724279835375,0.3486328125,-0.38168724279835375,1906,2656,2774,1642,1930,2657,2773,1665,-71,0,16,-79,5000,5000,4900,5000,-39.86,56.35,-222.57,14.537149075523246,-14.080722394201558,60.85178665975523,0.4317698564483601,-0.41817466631814515,0.7991900521855055
,292,0,0.4013671875,-0.4516460905349794,-0.4013671875,0.4516460905349794,2395,2113,2285,2185,2396,2146,2309,2186,0,-113,-77,0,5000,5000,5000,5000,-38.33,23.72,-192.88,-12.876562499672445,20.472719484914442,59.090545058346045,-0.34008238243562405,0.5497576192425608,0.7629616853038305
,293,0,-0.5361328125,0.048353909465020384,0.5361328125,-0.048353909465020384,1783,2439,2897,1859,1825,2439,2896,1859,-178,0,15,0,5000,5000,5000,4900,-37.72,39.7,-231.22,24.300749713927217,1.9418503202573234,58.71312675606904,0.6999795448887569,0.025332174338269505,0.7137134702950649
,294,0,0.2138671875,0.5483539094650203,-0.2138671875,-0.5483539094650203,2272,2764,2408,1534,2272,2764,2417,1570,0,0,-24,-140,4900,5000,4800,4800,-38.43,66.62,-205.69,-2.9900252891649473,-23.193035752165926,59.363128184455455,-0.06439333812089035,-0.6621551016526945,0.7465950169676722
,295,0,-0.1611328125,-0.28497942386831276,0.1611328125,0.28497942386831276,2028,2221,2652,2077,2034,2245,2652,2077,-21,-69,0,-1,5000,4900,5000,4900,-42.22,29.09,-213.57,7.38506839850146,13.73079487609266,63.09777176956754,0.23358944196625217,0.37445688689607415,0.8973394076145303
,296,0,0.5888671875,0.21502057613168712,-0.5888671875,-0.21502057613168712,2517,2547,2163,1751,2517,2547,2205,1758,0,0,-175,-25,5000,4900,5100,4900,-37.81,49.04,-183.07,-24.369457951099747,-4.1294554978766485,58.585331975884905,-0.6467973944873634,-0.14144700876075034,0.7494303664764282
,297,0,-0.6298828125,0.715020576131687,0.6298828125,-0.715020576131687,1722,2873,2958,1425,1764,2874,2957,1470,-177,0,13,-185,4900,5000,4900,4700,-29.03,68.9,-231.17000000000002,22.323274608990175,-27.21302280956708,50.09677224890086,0.5927587128159543,-0.6951576705874896,0.40668528545319776
,298,0,0.1201171875,-0.7109053497942387,-0.1201171875,0.7109053497942387,2211,1944,2469,2354,2211,2002,2470,2354,0,-265,-16,0,5100,5000,5000,4900,-32.35,10.9,-206.82,1.9251433247715113,32.30630425398357,53.14814014115327,0.0749734953700802,0.8370939969182429,0.5418972368590131
,299,0,-0.2548828125,-0.2109053497942387,0.2548828125,0.2109053497942387,1967,2270,2713,2028,1983,2276,2712,2029,-48,-13,16,0,5000,5000,5000,4900,-41.82,31.14,-218.24,11.908035831337656,11.369391712620171,62.72636807943316,0.3636277260068095,0.2936687616809266,0.8840438537153619
,300,0,0.4951171875,0.2890946502057612,-0.4951171875,-0.2890946502057612,2456,2595,2224,1703,2457,2596,2255,1718,0,0,-118,-43,5000,5000,5000,5000,-39.51,52.6,-187.75,-19.948510710376354,-7.992086732541097,60.31775959045786,-0.5318575729673262,-0.25771257670603837,0.8066670626006982
,301,0,-0.4423828125,-0.5442386831275721,0.4423828125,0.5442386831275721,1845,2052,2835,2246,1873,2088,2834,2246,-97,-134,15,0,4900,5000,5000,4900,-34.54,18.32,-222.44,16.99831857310636,23.856105960667385,55.43515495016129,0.4876243210887498,0.6167387274550014,0.6179448709552671
,302,0,0.3076171875,-0.044238683127572065,-0.3076171875,0.044238683127572065,2334,2378,2346,1920,2334,2379,2366,1921,0,0,-62,0,5000,5000,5000,5000,-43.28,40.39,-194.76,-12.149192947922415,3.7281030784136178,64.09200033999463,-0.3279016030196347,0.06663208721406297,0.9423591160967513
,303,0,-0.0673828125,0.4557613168724277,0.0673828125,-0.4557613168724277,2089,2704,2591,1594,2091,2705,2590,1625,-13,0,15,-117,5000,4900,5000,4900,-40.56,62.480000000000004,-209.19,0.7709197516946062,-19.292421934497796,61.50018322470369,0.038882764410636456,-0.570174359714847,0.8206030283611874
,304,0,0.6826171875,-0.3775720164609053,-0.6826171875,0.3775720164609053,2578,2161,2102,2137,2579,2185,2146,2138,0,-66,-186,0,5100,5000,5000,4800,-34.07,31.55,-179.42000000000002,-26.81331181320843,13.55611454183721,54.78291292072646,-0.7084801488778886,0.34232002015279944,0.6171489953394972
,305,0,-0.6767578125,0.12242798353909468,0.6767578125,-0.12242798353909468,1692,2487,2988,1811,1748,2487,2987,1813,-266,0,15,-17,5000,5000,4900,5000,-34.04,41.39,-236.44,29.41258765271752,-0.10684016397033247,55.06362265449867,0.8141085746857876,-0.023417482408244226,0.5802403382571186
,306,0,0.0732421875,0.6224279835390945,-0.0732421875,-0.6224279835390945,2181,2813,2499,1485,2181,2813,2501,1530,0,0,-4,-186,5000,5000,4800,4900,-36.410000000000004,69.9,-211.23000000000002,2.3258125642735763,-26.84493529439952,57.37921849664592,0.07904005541901854,-0.7414468338424042,0.6663402000663273
,307,0,-0.3017578125,-0.6553497942386831,0.3017578125,0.6553497942386831,1936,1980,2744,2318,1950,2036,2744,2318,-36,-254,0,0,5100,4900,4800,4900,-33.72,13.85,-215.66,10.53930741194182,28.77079682587359,54.56988706134846,0.31199526287124446,0.7465337466322327,0.5876617403618724
,308,0,0.4482421875,-0.15534979423868311,-0.4482421875,0.15534979423868311,2425,2306,2255,1992,2426,2310,2286,1993,0,-9,-117,0,5000,4900,5000,4900,-40.85,37.22,-188.57,-18.0994626316012,7.301368410078375,61.622999416338196,-0.4892023249553072,0.16829483219522556,0.8557791389807897
,309,0,-0.4892578125,0.3446502057613168,0.4892578125,-0.3446502057613168,1814,2632,2866,1666,1849,2633,2865,1684,-137,0,15,-55,5000,5000,5000,4900,-37.93,53.370000000000005,-228.6,20.763674869421493,-11.51968596103265,58.94451926216752,0.5994482209974461,-0.3335428644239487,0.7276063413239775
,310,0,0.2607421875,-0.4886831275720165,-0.2607421875,0.4886831275720165,2303,2088,2377,2210,2303,2125,2390,2212,0,-139,-39,-17,5000,4900,5000,5000,-38.5,20.59,-200.27,-5.29317824091882,23.09770081985186,59.28968364154366,-0.13150160632779184,0.628475532056229,0.7666327889803893
,311,0,-0.1142578125,0.011316872427983515,0.1142578125,-0.011316872427983515,2059,2414,2621,1884,2069,2415,2620,1885,-28,0,15,-16,5000,5000,5000,5000,-44.49,40.02,-213.07,6.138004120772393,2.8659295297286107,65.39283858615258,0.19881206144657246,0.04521899067582508,0.9789938749071028
,312,0,0.6357421875,0.5113168724279833,-0.6357421875,-0.5113168724279833,2547,2740,2133,1558,2547,2741,2173,1588,0,0,-160,-106,5000,5000,4900,5000,-34.08,62.26,-184.33,-23.98602571681232,-17.414939155687236,54.89510112948012,-0.616596238864445,-0.49602305134322594,0.6113674923925668
,313,0,-0.5830078125,-0.3220164609053498,0.5830078125,0.3220164609053498,1753,2197,2927,2101,1794,2216,2926,2102,-164,-46,14,-9,5100,5000,4900,5000,-35.300000000000004,29.63,-231.25,25.02160657208347,11.979944070047999,56.26787845365422,0.709045259897513,0.3042995792492412,0.6361262339234275
,314,0,0.1669921875,0.17798353909465003,-0.1669921875,-0.17798353909465003,2242,2523,2438,1775,2242,2523,2447,1784,0,0,-28,-30,5000,5000,5000,5000,-44.230000000000004,49.18,-203.21,-4.316021841928233,-5.608985239359328,65.10655057055297,-0.10792766150740789,-0.19302217777068872,0.9752405132941322
,315,0,-0.2080078125,0.67798353909465,0.2080078125,-0.67798353909465,1997,2849,2683,1449,2005,2850,2682,1498,-23,0,14,-220,5100,5000,5100,4900,-34.96,71.16,-214.48000000000002,5.49038999354633,-28.32537958526018,55.94871704757449,0.15479872119789875,-0.7735327989737668,0.6145603020268279
,316,0,0.5419921875,-0.5997942386831276,-0.5419921875,0.5997942386831276,2486,2016,2194,2282,2487,2063,2224,2282,0,-189,-110,0,4800,4800,4900,4900,-33.39,19.94,-187.20000000000002,-18.26472751771834,24.613025798778075,54.11259956189,-0.4816568275275881,0.6496176664917795,0.5882206965738574
,317,0,-0.3955078125,-0.09979423868312765,0.3955078125,0.09979423868312765,1875,2342,2805,1956,1906,2345,2804,1957,-111,-10,16,0,5000,5000,5000,5000,-40.77,38.1,-225.06,18.24803674554005,3.962336936152525,61.728155704073714,0.5482401181611656,0.07951320434406348,0.8325325358048001
,318,0,0.3544921875,0.40020576131687235,-0.3544921875,-0.40020576131687235,2364,2668,2316,1630,2364,2669,2336,1652,0,-1,-61,-69,5000,5000,5000,4900,-40.34,59.33,-196.24,-11.93590194936479,-15.276913653150444,61.20730867832533,-0.3067908518240323,-0.4629797961064507,0.8315822759260286
,319,0,-0.0205078125,-0.4331275720164609,0.0205078125,0.4331275720164609,2120,2125,2560,2173,2121,2160,2560,2174,0,-124,0,0,5000,5000,4900,5000,-40.01,21.92,-205.65,-0.02249926399377955,21.412234162807813,60.82999051687508,0.023517000090907788,0.5806437151222853,0.8138180550932221
,320,0,0.7294921875,0.06687242798353898,-0.7294921875,-0.06687242798353898,2609,2451,2071,1847,2610,2451,2124,1848,0,0,-239,0,4900,5000,4800,4900,-33.89,43.22,-176.3,-30.71245546114659,2.1226212138413914,54.61675296340043,-0.7941273034976752,0.03251437833517087,0.6068810765224006
,321,0,-0.7353515625,0.5668724279835389,0.7353515625,-0.5668724279835389,1654,2777,3026,1521,1708,2777,3026,1552,-255,0,12,-119,4900,5000,5000,5000,-29.61,61.4,-236.52,28.164109484708945,-20.089262504710035,50.684638792880435,0.7425478801818503,-0.5188452044068913,0.4235826949975796
,322,0,0.0146484375,-0.2664609053497943,-0.0146484375,0.2664609053497943,2143,2233,2537,2065,2144,2258,2538,2065,0,-68,0,-11,5000,5000,5000,4900,-42.94,29.3,-208.68,2.4886188287501625,13.853103265895804,63.79377627290475,0.08699543926980542,0.3846107052346643,0.9189702927544217
,323,0,-0.3603515625,0.23353909465020573,0.3603515625,-0.23353909465020573,1898,2559,2782,1739,1926,2559,2781,1750,-91,0,13,-35,5000,4900,5000,4900,-41.1,49.04,-223.70000000000002,16.1516395788683,-6.860054221285019,62.078966985232604,0.485458318423979,-0.2080465109476789,0.8491447876277992
,324,0,0.3896484375,0.7335390946502056,-0.3896484375,-0.7335390946502056,2387,2885,2293,1413,2388,2886,2313,1463,0,0,-58,-218,4900,4800,4700,4700,-32.84,73.68,-199.15,-9.964252113473748,-29.811868817197308,53.75826341710035,-0.24114017726995704,-0.7994041038611351,0.5502767427723884
,325,0,-0.5478515625,-0.7417695473251029,0.5478515625,0.7417695473251029,1776,1923,2904,2375,1808,1983,2904,2376,-118,-287,0,0,5000,4800,5000,5000,-28.400000000000002,12.59,-224.72,19.689259672780224,29.40172916747037,49.29220783609185,0.5571522697854475,0.7254275411269123,0.4041487731609314
,326,0,0.2021484375,-0.24176954732510292,-0.2021484375,0.24176954732510292,2265,2249,2415,2049,2265,2258,2427,2049,0,-18,-33,0,5000,5000,5000,5000,-42.75,29.830000000000002,-201.6,-4.61000533956269,13.801229389844401,63.56962449836724,-0.11152018928374496,0.3583038484029445,0.9269204925999626
,327,0,-0.1728515625,0.25823045267489686,0.1728515625,-0.25823045267489686,2020,2575,2660,1723,2030,2576,2659,1739,-29,0,15,-51,5000,5000,5000,4900,-43.13,51.800000000000004,-215.46,7.734528864685672,-9.052268748470283,64.07459788597308,0.23999606506372043,-0.2974745312399974,0.9240729365247498
,328,0,0.5771484375,-0.5751028806584362,-0.5771484375,0.5751028806584362,2509,2032,2171,2266,2509,2071,2206,2266,0,-145,-128,0,5100,4900,5000,4900,-33.15,20.580000000000002,-185.79,-19.713509071547264,24.068886858486536,53.86715135361874,-0.5133009442519775,0.6291688037447416,0.5836683621924685
,329,0,-0.6416015625,-0.07510288065843629,0.6416015625,0.07510288065843629,1715,2358,2965,1940,1765,2359,2964,1941,-225,0,15,0,5000,5000,5100,5000,-34.79,39.39,-235.16,28.266796533049217,1.97706290507287,55.80214192230525,0.7929592644279105,0.028816595274927755,0.6085928103376743
,330,0,0.1083984375,0.4248971193415636,-0.1083984375,-0.4248971193415636,2204,2684,2476,1614,2204,2685,2479,1642,0,0,-16,-96,5000,5000,5000,4900,-41.12,61.07,-209.46,1.1327022625004304,-17.9022451659542,62.05796630716203,0.04328397528183554,-0.5331650082997699,0.8449032911573421
,331,0,-0.2666015625,-0.40843621399176955,0.2666015625,0.40843621399176955,1959,2141,2721,2157,1972,2173,2721,2158,-34,-108,6,0,5000,5000,5000,4800,-39.43,23.84,-217.3,11.474128403765349,18.709303321118156,60.31325351030593,0.34273708425872573,0.5032301658673632,0.7932784449579693
,332,0,0.4833984375,0.09156378600823034,-0.4833984375,-0.09156378600823034,2448,2467,2232,1831,2449,2467,2266,1833,0,0,-134,-17,4900,5000,4900,4800,-40.51,43.38,-186.88,-20.19945064793737,1.2684152866762943,61.290092609442375,-0.5458376851249115,0.0006530880392459041,0.8378906819946681
,333,0,-0.4541015625,0.5915637860082303,0.4541015625,-0.5915637860082303,1837,2793,2843,1505,1867,2793,2842,1540,-104,0,14,-136,5000,5000,5000,4800,-34.61,65.78,-225.18,16.5304747741489,-23.680235520760718,55.638774057409336,0.46544379039141986,-0.6418010873000993,0.6094698042778481
,334,0,0.2958984375,-0.6862139917695473,-0.2958984375,0.6862139917695473,2326,1960,2354,2338,2326,2017,2365,2338,0,-255,-31,0,5100,4900,5100,5000,-33.26,13.23,-199.23000000000002,-5.809040104822287,30.49607304053084,54.0259610974067,-0.14121045742976396,0.8017607729247824,0.5807230576716689
,335,0,-0.0791015625,-0.18621399176954734,0.0791015625,0.18621399176954734,2081,2286,2599,2012,2086,2293,2598,2013,-17,-15,14,0,5000,5000,5000,5000,-43.480000000000004,31.46,-209.63,3.2881406220273277,11.635506902419678,64.34398647889176,0.11698208363205868,0.2985657565043246,0.9471925259165119
,336,0,0.6708984375,0.31378600823045266,-0.6708984375,-0.31378600823045266,2570,2612,2110,1686,2571,2613,2154,1702,0,0,-185,-48,4900,4800,5000,5000,-35.480000000000004,52.300000000000004,-180.22,-27.42156758966246,-7.196482585313873,56.249315794622675,-0.7164605399300324,-0.23123801013245351,0.6581893932548205
,337,0,-0.6884765625,-0.5195473251028806,0.6884765625,0.5195473251028806,1684,2068,2996,2230,1737,2099,2995,2231,-242,-108,14,0,5000,4900,5100,5000,-30.35,21.830000000000002,-232.87,27.187933049224398,19.638756872018178,51.30637504653899,0.7345604898179975,0.4939594526283911,0.4652149459737991
,338,0,0.0615234375,-0.019547325102880708,-0.0615234375,0.019547325102880708,2173,2394,2507,1904,2174,2396,2511,1904,-3,-9,-17,0,5000,5000,5000,5000,-44.92,39.29,-207.12,0.24878625348412697,3.996749405111217,65.79115921209643,0.022709895009420694,0.07519726896907801,0.9969100417832358
,339,0,-0.3134765625,0.48045267489711896,0.3134765625,-0.48045267489711896,1929,2720,2751,1578,1949,2721,2750,1609,-57,0,14,-119,5000,4900,5000,5000,-38.77,61.57,-220.33,11.95544776755321,-19.14087222022681,59.76375996219566,0.35309146858506363,-0.5491195437429713,0.757492007543284
,340,0,0.4365234375,-0.352880658436214,-0.4365234375,0.352880658436214,2418,2177,2262,2121,2419,2200,2288,2122,0,-65,-93,0,4900,4900,5000,4900,-39.42,28.6,-190.34,-15.745176187640993,15.7782568612189,60.18012120709612,-0.42333530408828346,0.41872281994080257,0.8034042695762218
,341,0,-0.5009765625,0.14711934156378592,0.5009765625,-0.14711934156378592,1806,2503,2874,1795,1844,2503,2873,1799,-152,0,13,-19,5000,5000,5000,4900,-38.62,43.45,-229.67000000000002,22.497007609285816,-1.692496038421524,59.614814598452135,0.6572002312738319,-0.07057736931893761,0.7504043516355969
,342,0,0.2490234375,0.6471193415637857,-0.2490234375,-0.6471193415637857,2295,2829,2385,1469,2296,2830,2395,1513,-3,0,-27,-187,5000,5000,4800,5000,-35.94,70.48,-205.34,-3.587555418761781,-27.027746608246062,56.88116315760978,-0.08131822145664842,-0.7528746159070412,0.6531210910558263
,343,0,-0.1259765625,-0.6306584362139918,0.1259765625,0.6306584362139918,2051,1996,2629,2302,2053,2049,2629,2302,-11,-232,0,0,4900,5000,5000,4800,-34.97,14.040000000000001,-208.08,2.957803947583585,29.095982545719515,55.782347150395694,0.10587508866638538,0.766528027719937,0.6334234352466515
,344,0,0.6240234375,-0.13065843621399176,-0.6240234375,0.13065843621399176,2540,2322,2140,1976,2540,2324,2187,1977,0,-6,-204,0,4800,4800,4800,5000,-37.08,40.44,-180.72,-26.130471347028532,4.607323658012632,57.82183881902101,-0.6911712149472332,0.09163003082702142,0.7168586255873637
,345,0,-0.5947265625,0.369341563786008,0.5947265625,-0.369341563786008,1745,2648,2935,1650,1788,2649,2934,1666,-183,0,14,-52,4800,5000,5000,4800,-35.37,53.77,-232.67000000000002,24.809746129107083,-12.200563468761302,56.40597377685199,0.6958337339690083,-0.3417329924146782,0.631691361794712
,346,0,0.1552734375,-0.4639917695473251,-0.1552734375,0.4639917695473251,2234,2105,2446,2193,2234,2142,2450,2194,0,-139,-17,0,5000,5000,4900,4900,-39.34,20.93,-204.99,-0.6109747072256368,22.44257026968804,60.15419161219118,0.003509384461039426,0.6111022294724322,0.7915439023544603
,347,0,-0.2197265625,0.03600823045267476,0.2197265625,-0.03600823045267476,1990,2430,2690,1868,2006,2431,2689,1869,-51,0,16,-16,5000,5000,5000,5000,-43.44,40.22,-218.04,11.088209945878361,2.32821790065956,64.36827599994774,0.34368094752015393,0.03554769782131288,0.9384134310053612
,348,0,0.5302734375,0.5360082304526745,-0.5302734375,-0.5360082304526745,2479,2756,2201,1542,2480,2756,2232,1574,0,0,-117,-118,4800,4900,4900,4800,-35.660000000000004,64.42,-189.33,-19.15079955981483,-19.902686400420038,56.505598461676485,-0.49031249395093884,-0.5620697092871237,0.6660865560702292
,349,0,-0.4072265625,-0.2973251028806585,0.4072265625,0.2973251028806585,1868,2213,2812,2085,1895,2234,2811,2085,-90,-57,12,0,4900,5000,5000,5000,-39.33,29.85,-224.1,17.853663869391937,12.254146159367558,60.2625262009711,0.5326567249327738,0.3213239616980941,0.7829608706841826
,350,0,0.3427734375,0.2026748971193415,-0.3427734375,-0.2026748971193415,2356,2539,2324,1759,2356,2539,2345,1768,0,0,-65,-28,5000,5000,5000,4900,-42.550000000000004,49.61,-194.48000000000002,-13.046925005656306,-5.454073572404987,63.38389787164804,-0.3481291687483123,-0.18261962711927476,0.9194868969471099
,351,0,-0.0322265625,0.7026748971193415,0.0322265625,-0.7026748971193415,2112,2865,2568,1433,2113,2866,2567,1485,0,0,13,-238,4900,5000,5000,5000,-34.39,73.04,-208.15,-0.9491741772297928,-29.775839241188564,55.351741271700156,-0.009139192563900474,-0.8043523251477894,0.5940823277868355
,352,0,0.7177734375,-0.7232510288065843,-0.7177734375,0.7232510288065843,2601,1936,2079,2362,2602,1992,2121,2362,0,-246,-172,0,4900,4800,5100,5000,-27.19,17.67,-180.98,-24.287420100125757,27.279590789034767,47.87578104516591,-0.6184025902381393,0.6894374823622786,0.3771660036386134
,353,0,-0.7119140625,-0.22325102880658443,0.7119140625,0.22325102880658443,1669,2261,3011,2037,1729,2267,3011,2038,-293,-13,15,0,5100,4900,4800,4900,-32.77,34.68,-236.59,30.02097767670881,6.574111047116332,53.77744518082422,0.8271988720666019,0.15344836917978336,0.5405512224089468
,354,0,0.0380859375,0.27674897119341546,-0.0380859375,-0.27674897119341546,2158,2587,2522,1711,2159,2588,2523,1728,0,0,0,-56,5000,5000,5000,5000,-43.4,54.01,-210.57,2.7053510623256614,-10.926685378552975,64.32566148173893,0.08827786115884634,-0.34375005286744137,0.9349026261503657
,355,0,-0.3369140625,-0.5565843621399177,0.3369140625,0.5565843621399177,1913,2044,2767,2254,1932,2087,2767,2254,-53,-169,0,0,4900,5000,5000,5000,-35.68,17.69,-218.34,12.944690393324066,24.764423183413612,56.55299143325597,0.38170938007077204,0.6494479299659364,0.65765898110567
,356,0,0.4130859375,-0.0565843621399178,-0.4130859375,0.0565843621399178,2402,2370,2278,1928,2403,2371,2309,1929,0,0,-111,0,5000,4900,4900,5000,-41.74,40.81,-189.99,-16.92916292654553,3.6263379415668737,62.52917249906516,-0.4592170842286014,0.06500433266933733,0.885942496038425
,357,0,-0.5244140625,0.4434156378600822,0.5244140625,-0.4434156378600822,1791,2696,2889,1602,1828,2698,2888,1627,-147,-1,15,-83,5000,4900,5000,4900,-36.160000000000004,57.67,-229.23000000000002,21.11074424580363,-15.857424482856473,57.18856727983329,0.6067716120589537,-0.4388006962364818,0.6627836447753953
,358,0,0.2255859375,-0.389917695473251,-0.2255859375,0.389917695473251,2280,2153,2400,2145,2280,2182,2412,2146,0,-93,-34,0,5000,4900,5000,4900,-40.68,24.580000000000002,-201.24,-4.605061452736123,19.057616956845514,61.48459085272523,-0.11105163673098488,0.5230759854418612,0.8450201461701342
,359,0,-0.1494140625,0.11008230452674894,0.1494140625,-0.11008230452674894,2036,2479,2644,1819,2046,2479,2643,1826,-31,0,14,-22,5000,5000,5000,5000,-44.17,44.57,-214.67000000000002,7.428984675087037,-1.7825089898182824,65.09235807368266,0.23446281398482582,-0.0830167329071195,0.9685739057582258
,360,0,0.6005859375,0.6100823045267489,-0.6005859375,-0.6100823045267489,2525,2805,2155,1493,2525,2805,2194,1530,0,0,-152,-141,5000,4800,5000,4900,-32.9,67.48,-187.25,-21.419104069671818,-22.82332590912604,53.7429440296586,-0.5374959418367589,-0.6195494028883654,0.5720635016234519
,361,0,-0.6181640625,-0.6676954732510288,0.6181640625,0.6676954732510288,1730,1972,2950,2326,1770,2022,2950,2326,-161,-211,0,0,4800,5000,4800,5000,-28.86,15.780000000000001,-228.52,23.263169256489903,25.96405509974209,49.779308740973605,0.6448721910798351,0.6395035338712163,0.41853923034539925
,362,0,0.1318359375,-0.16769547325102885,-0.1318359375,0.16769547325102885,2219,2298,2461,2000,2219,2305,2468,2001,0,-15,-25,0,5000,5000,5000,5000,-43.83,32.89,-204.57,-1.858422617017908,10.551004502795742,64.6722262871389,-0.03462021584147606,0.2636359070571269,0.9640008035086151
,363,0,-0.2431640625,0.33230452674897126,0.2431640625,-0.33230452674897126,1974,2624,2706,1674,1989,2625,2705,1696,-43,0,15,-68,5000,4900,5000,5000,-41.77,54.730000000000004,-218.29,10.366989412041875,-12.170323220056602,62.73620789092921,0.3129937363599601,-0.37791655444598765,0.8713288695292408
,364,0,0.5068359375,-0.5010288065843621,-0.5068359375,0.5010288065843621,2463,2080,2217,2218,2464,2114,2247,2219,0,-119,-111,0,5000,4900,4900,4800,-35.9,22.79,-188.19,-17.481356529628272,21.709936528566992,56.634722196538036,-0.4604122276685873,0.5751100808918724,0.676216663111604
,365,0,-0.4306640625,-0.0010288065843622185,0.4306640625,0.0010288065843622185,1852,2406,2828,1892,1886,2407,2827,1892,-127,0,15,0,5000,5000,5000,5000,-40.09,39.38,-226.83,19.930932850475216,2.5639473231196277,61.06027308702503,0.5918342033164508,0.03604530328070334,0.8052533836601894
,366,0,0.3193359375,0.49897119341563756,-0.3193359375,-0.49897119341563756,2341,2732,2339,1566,2341,2733,2356,1599,0,0,-48,-119,5000,5000,5000,4900,-39.160000000000004,63.67,-199.44,-9.03026421080682,-19.826189972269518,60.05433239731599,-0.22510521820334278,-0.5870155063177513,0.7776505873977974
,367,0,-0.0556640625,-0.3343621399176955,0.0556640625,0.3343621399176955,2097,2189,2583,2109,2099,2217,2582,2109,-15,-81,0,0,5000,5000,5000,5000,-41.87,26.17,-207.41,1.437817866290004,17.058552626635603,62.70951996878396,0.06581223036727947,0.4609414855776711,0.8849868344826004
,368,0,0.6943359375,0.16563786008230452,-0.6943359375,-0.16563786008230452,2586,2515,2094,1783,2587,2515,2145,1786,0,0,-230,-20,5000,5000,5100,5000,-34.96,46.02,-178.16,-29.050746188971033,-0.7933691259135998,55.70313348293366,-0.7571186367130956,-0.0469831245028616,0.6515857241788306
,369,0,-0.6650390625,0.6656378600823043,0.6650390625,-0.6656378600823043,1699,2841,2981,1457,1749,2842,2980,1498,-225,0,13,-167,5000,5000,4700,4900,-29.53,66.44,-232.39000000000001,23.703996086853465,-24.83947822180275,50.596666528185644,0.6398722544047754,-0.6411848106656587,0.42361012336179477
,370,0,0.0849609375,-0.6121399176954733,-0.0849609375,0.6121399176954733,2188,2008,2492,2290,2188,2059,2492,2290,0,-222,0,0,5000,5000,5000,5000,-35.45,14.63,-207.27,2.1075428487278884,28.563324844860254,56.25976922517652,0.07755714330331076,0.7557022082304649,0.6503068983166554
,371,0,-0.2900390625,-0.11213991769547327,0.2900390625,0.11213991769547327,1944,2334,2736,1964,1965,2337,2735,1965,-65,-9,15,0,5000,5000,5000,5000,-42.21,36.09,-220.82,14.146362253483943,6.257805718776524,63.141799729001846,0.428417849436125,0.14303423027095333,0.8921879596000623
,372,0,0.4599609375,0.3878600823045266,-0.4599609375,-0.3878600823045266,2433,2660,2247,1638,2434,2661,2275,1659,0,0,-105,-65,4900,5000,5000,4900,-39.12,58.07,-190.89000000000001,-17.182772298329695,-13.66248156409199,59.957324450036396,-0.4509356631055992,-0.4146294918060814,0.7904045877043879
,373,0,-0.4775390625,-0.4454732510288066,0.4775390625,0.4454732510288066,1822,2117,2858,2181,1854,2148,2857,2182,-120,-103,11,0,5000,4900,5000,4900,-36.03,23.46,-225.4,19.597644828014694,18.532471077351104,56.95295422861754,0.5709131760999587,0.4784655167713747,0.6671798068108468
,374,0,0.2724609375,0.05452674897119314,-0.2724609375,-0.05452674897119314,2311,2443,2369,1855,2311,2444,2387,1856,0,0,-55,-17,5000,5000,5000,5000,-43.78,42.59,-196.71,-10.354465067734225,1.403045683786452,64.60732542939435,-0.2749348140243327,0.002797522753620924,0.9614587988592376
,375,0,-0.1025390625,0.5545267489711931,0.1025390625,-0.5545267489711931,2066,2768,2614,1530,2069,2768,2613,1569,-13,0,13,-157,4900,5000,5000,5000,-38.35,66.78,-210.27,1.5690848527166565,-23.66176520192286,59.30649412118018,0.060097181683899735,-0.6728336899179788,0.7373487332768737
,376,0,0.6474609375,-0.27880658436213995,-0.6474609375,0.27880658436213995,2555,2225,2125,2073,2555,2243,2168,2073,0,-43,-179,0,4800,4800,4800,4800,-36.0,35.77,-180.35,-26.179409375546868,9.288538147374517,56.72820452276238,-0.6948187179818105,0.23008243999681757,0.6813875695573139
,377,0,-0.5712890625,0.22119341563785988,0.5712890625,-0.22119341563785988,1761,2551,2919,1747,1806,2551,2918,1753,-192,0,15,-24,4800,5000,5100,4900,-36.87,47.17,-232.16,24.738844277878,-5.576934687730102,57.88672179680258,0.708043852477518,-0.1677545168765515,0.6859535881065937
,378,0,0.1787109375,0.7211934156378599,-0.1787109375,-0.7211934156378599,2250,2877,2430,1421,2250,2878,2435,1474,0,0,-13,-245,4900,4700,4900,4700,-33.92,73.5,-209.16,0.029757034909607682,-30.30424588746601,54.88797398299913,0.01813910288647921,-0.8170536114910516,0.5762762956220769
,379,0,-0.1962890625,-0.7047325102880658,0.1962890625,0.7047325102880658,2005,1948,2675,2350,2010,2008,2675,2350,-17,-278,0,0,5100,5000,4900,5000,-32.76,11.63,-210.18,5.226231617604498,31.352549622357458,53.57682205769843,0.17204985170343423,0.8130212018129359,0.5562332010330524
,380,0,0.5537109375,-0.20473251028806594,-0.5537109375,0.20473251028806594,2494,2274,2186,2024,2495,2279,2225,2025,0,-10,-163,0,5000,5000,5000,4900,-38.52,36.19,-183.93,-22.648109142017006,8.635271332006482,59.26717303942637,-0.6053531333879694,0.20338475355875973,0.7695337717847145
,381,0,-0.3837890625,0.29526748971193406,0.3837890625,-0.29526748971193406,1883,2599,2797,1699,1911,2600,2796,1715,-94,0,14,-47,5000,5000,5000,4900,-40.38,51.77,-224.22,16.489786121385293,-9.620953864750362,61.36848118347669,0.4936071888237261,-0.29503140714059,0.818112713470572
,382,0,0.3662109375,-0.5380658436213992,-0.3662109375,0.5380658436213992,2372,2056,2308,2242,2373,2095,2328,2242,0,-144,-60,0,4900,5000,5000,5000,-36.63,19.48,-195.33,-10.13796437795591,24.532967516696438,57.39214397257707,-0.25779116618700615,0.6621049957029654,0.7036765516209271
,383,0,-0.0087890625,-0.0380658436213992,0.0087890625,0.0380658436213992,2127,2382,2553,1916,2129,2384,2554,1916,-16,-7,-1,0,5000,5000,5000,5000,-44.86,38.28,-207.72,0.9158283659908193,4.9638117217211075,65.73161682437373,0.05419749121384312,0.10190052337141145,0.9933171272472641
,384,0,0.7412109375,0.4619341563786006,-0.7412109375,-0.4619341563786006,2616,2708,2064,1590,2617,2709,2115,1614,0,0,-226,-81,5000,5000,5000,4800,-32.11,59.36,-179.32,-28.77943084482672,-14.18931995496743,52.892690569511664,-0.7315843368871194,-0.4057292524948213,0.5478760185401681
,385,0,-0.7412109375,-0.37139917695473257,0.7412109375,0.37139917695473257,1650,2165,3030,2133,1708,2185,3030,2134,-281,-54,15,0,4800,4900,4800,5000,-30.92,28.89,-236.49,30.320687118394005,12.352362058953702,51.912347463608,0.8218345804563588,0.3103586474318251,0.4777713180282058
,386,0,0.0087890625,0.12860082304526743,-0.0087890625,-0.12860082304526743,2139,2491,2541,1807,2140,2491,2542,1815,0,-6,0,-26,5000,5000,5000,5000,-44.7,46.87,-210.07,2.681816247934705,-3.765534185981373,65.60509874461741,0.08894983133615973,-0.1410897211025662,0.9859927069225556
,387,0,-0.3662109375,0.6286008230452673,0.3662109375,-0.6286008230452673,1894,2817,2786,1481,1914,2818,2785,1524,-59,0,13,-177,4800,5000,5000,4900,-34.980000000000004,67.9,-221.73000000000002,12.943588098729549,-25.561682177107627,55.99682776430265,0.36594719363554007,-0.6943771163732756,0.6196152610510879
,388,0,0.3837890625,-0.6491769547325104,-0.3837890625,0.6491769547325104,2383,1984,2297,2314,2384,2038,2315,2314,0,-237,-55,0,5000,5100,4800,5000,-33.910000000000004,15.700000000000001,-195.04,-10.159193546153148,28.316129006291042,54.66118471508786,-0.2585303758238686,0.7512460077840468,0.6072820436707324
,389,0,-0.5537109375,-0.14917695473251036,0.5537109375,0.14917695473251036,1772,2310,2908,1988,1814,2313,2907,1989,-176,-9,15,0,4800,4800,4900,4900,-37.13,36.54,-231.52,24.816059277125618,5.072725741307188,58.11665785332376,0.7104885243339006,0.11389609454679657,0.6944305123169804
,390,0,0.1962890625,0.35082304526748964,-0.1962890625,-0.35082304526748964,2261,2636,2419,1662,2261,2637,2429,1683,0,0,-29,-70,5000,5000,5000,5000,-42.36,57.35,-203.95000000000002,-4.119757225065399,-13.815601760553477,63.26092724109727,-0.09948312573539142,-0.4258014874163188,0.8993309741179643
,391,0,-0.1787109375,-0.4825102880658436,0.1787109375,0.4825102880658436,2016,2092,2664,2206,2022,2131,2664,2207,-17,-147,0,0,5000,4800,5000,4800,-38.58,20.03,-212.05,6.497242043284899,22.86223362635178,59.42732347089217,0.2007092031980705,0.6154199950110345,0.7622165345177273
,392,0,0.5712890625,0.017489711934156382,-0.5712890625,-0.017489711934156382,2505,2418,2175,1880,2505,2419,2217,1880,0,0,-176,0,5000,5000,5000,4900,-38.58,42.03,-182.88,-24.089910389305857,2.8795714860746457,59.3366600659612,-0.6424631965866889,0.04691089189906253,0.7648793429377257
,393,0,-0.6474609375,0.5174897119341559,0.6474609375,-0.5174897119341559,1711,2744,2969,1554,1758,2745,2968,1582,-208,0,13,-95,5000,5000,5100,4800,-32.35,60.230000000000004,-233.44,25.15683975082584,-18.706390112554416,53.40619950223168,0.6915265734021419,-0.49442279654919846,0.5266280438138126
,394,0,0.1025390625,-0.315843621399177,-0.1025390625,0.315843621399177,2200,2201,2480,2097,2200,2229,2483,2097,0,-81,-16,0,5000,5000,5000,5000,-42.24,27.32,-206.78,0.7299035172911488,15.954718828207334,63.07926071569855,0.03724012688715279,0.44094976542898334,0.896758873564992
,395,0,-0.2724609375,0.1841563786008229,0.2724609375,-0.1841563786008229,1955,2527,2725,1771,1975,2527,2724,1780,-61,-3,14,-30,5000,4900,4900,4900,-42.64,47.230000000000004,-220.20000000000002,12.774297755083836,-4.813747539449409,63.59682441239473,0.38485579262923075,-0.1604352253653163,0.9089260461345066
,396,0,0.4775390625,0.6841563786008229,-0.4775390625,-0.6841563786008229,2444,2853,2236,1445,2445,2854,2261,1490,0,0,-85,-196,5000,4800,5100,4700,-33.35,70.93,-194.07,-14.849596631540692,-26.7240981213626,54.23584175594933,-0.36465809776781793,-0.733491041647846,0.5735986083967729
,397,0,-0.4599609375,-0.5936213991769548,0.4599609375,0.5936213991769548,1833,2020,2847,2278,1862,2066,2847,2278,-101,-187,0,0,4900,5000,5000,5000,-33.54,17.39,-222.88,17.504872395901742,24.75145393061174,54.43502733963957,0.5142510229788776,0.6326359666852401,0.5790661611779865
,398,0,0.2900390625,-0.09362139917695478,-0.2900390625,0.09362139917695478,2322,2346,2358,1952,2322,2349,2379,1953,0,-10,-62,0,5000,5000,5000,5000,-43.410000000000004,38.6,-196.13,-10.662219505025519,5.422002399595868,64.22434485184773,-0.2836112727126375,0.11683981176870338,0.9517946755346823
,399,0,-0.0849609375,0.4063786008230452,0.0849609375,-0.4063786008230452,2078,2672,2602,1626,2082,2673,2601,1653,-15,0,14,-89,5000,5000,5000,5000,-41.47,60.11,-210.11,1.8442764724863139,-16.987268784305797,62.4087944199304,0.07083198708476453,-0.5116636645881109,0.8562611306989759
,400,0,0.6650390625,-0.42695473251028804,-0.6650390625,0.42695473251028804,2567,2129,2113,2169,2568,2157,2155,2170,0,-83,-171,0,5000,4700,5000,5000,-34.07,29.09,-180.47,-25.599785468662418,15.939694393326214,54.78196283209144,-0.6751967737211985,0.4108532780298686,0.6126246001333896
,401,0,-0.6943359375,0.07304526748971174,0.6943359375,-0.07304526748971174,1680,2455,3000,1843,1737,2455,2999,1844,-273,-1,15,0,5100,5000,5100,5000,-33.4,40.65,-236.79,29.814792455388556,0.6060395488504113,54.423518122600186,0.8295640134646874,-0.004026600714039746,0.5583971114279241
,402,0,0.0556640625,0.5730452674897117,-0.0556640625,-0.5730452674897117,2169,2781,2511,1517,2170,2781,2512,1556,0,0,0,-157,5000,5000,5000,5000,-37.68,67.74,-211.54,2.7746615850372223,-24.70713706974925,58.645296419698695,0.0866991095203241,-0.694927261708439,0.7138342702215926
,403,0,-0.3193359375,-0.2602880658436214,0.3193359375,0.2602880658436214,1925,2237,2755,2061,1945,2258,2755,2061,-60,-58,0,0,5000,5000,5000,4900,-40.97,31.470000000000002,-221.23000000000002,14.873039178805072,10.836075322022126,61.8922045600758,0.4439281136337713,0.29154821642848716,0.8473060057753218
,404,0,0.4306640625,0.23971193415637848,-0.4306640625,-0.23971193415637848,2414,2563,2266,1735,2415,2564,2295,1744,0,0,-109,-30,5000,5000,5000,4900,-41.04,51.29,-190.79,-16.83450067727398,-6.885712329217384,61.85966658940679,-0.4545977949104261,-0.21855865685228706,0.8634656671677814
,405,0,-0.5068359375,0.7397119341563785,0.5068359375,-0.7397119341563785,1803,2889,2877,1409,1836,2890,2876,1456,-122,0,12,-199,5000,4800,5000,5000,-30.55,71.39,-226.15,17.139468770330126,-29.354460978314165,51.597871711463874,0.4594885451226386,-0.7597851124520484,0.45999658672354277
,406,0,0.2431640625,-0.73559670781893,-0.2431640625,0.73559670781893,2292,1927,2388,2371,2292,1990,2396,2372,0,-299,-24,0,5000,4700,4700,5000,-31.91,10.950000000000001,-202.12,-2.7653445275034017,32.572118834775424,52.68471127250137,-0.050767817385420265,0.8461007149517288,0.5305998575914755
,407,0,-0.1318359375,-0.23559670781893005,0.1318359375,0.23559670781893005,2047,2253,2633,2045,2055,2261,2632,2046,-23,-16,14,0,5000,5000,5000,4900,-42.64,29.3,-211.77,5.572994868728898,13.643862578981732,63.50927182839682,0.1817755094969378,0.3577965112821134,0.9159363081904098
,408,0,0.6181640625,0.2644032921810697,-0.6181640625,-0.2644032921810697,2536,2579,2144,1719,2536,2580,2188,1730,0,0,-183,-34,5000,4900,5100,4800,-37.050000000000004,50.6,-182.18,-25.358972597700046,-5.62805033495529,57.82482275276877,-0.6670805080328688,-0.18916046693867578,0.720570547240276
,409,0,-0.6005859375,-0.5689300411522633,0.6005859375,0.5689300411522633,1741,2036,2939,2262,1784,2072,2939,2262,-181,-125,1,0,4800,5000,5100,5000,-31.25,18.71,-228.41,22.944241956398002,23.054986988974626,52.17612081207386,0.6402792246302672,0.5819640520329543,0.5013585110958522
,410,0,0.1494140625,-0.06893004115226331,-0.1494140625,0.06893004115226331,2230,2362,2450,1936,2230,2365,2459,1937,0,-10,-28,0,5000,5000,5000,5000,-44.54,37.7,-202.82,-3.9322871848115426,5.87202009860269,65.38559204169144,-0.09487347041114888,0.12606655082357718,0.9874746829036128
,411,0,-0.2255859375,0.43106995884773625,0.2255859375,-0.43106995884773625,1986,2688,2694,1610,1998,2689,2693,1638,-35,0,13,-94,5000,4900,5000,4900,-40.44,59.97,-216.82,8.553335999320524,-17.30304064092155,61.41209566907126,0.25753538004767673,-0.5137226013963829,0.8183914814061983
,412,0,0.5244140625,-0.40226337448559674,-0.5244140625,0.40226337448559674,2475,2145,2205,2153,2476,2171,2238,2154,0,-78,-124,0,5000,4900,5000,4900,-37.33,27.48,-186.63,-19.36104051890476,17.139923268019544,58.06872599669968,-0.5171459922247016,0.44982144167271276,0.7281625459589438
,413,0,-0.4130859375,0.09773662551440321,0.4130859375,-0.09773662551440321,1864,2471,2816,1827,1896,2471,2815,1829,-119,0,14,-17,5000,5000,5000,5000,-40.58,41.85,-226.17000000000002,19.103471834658706,0.14549008776057093,61.55319586803978,0.5673380908980661,-0.02809399884065216,0.823005600129962
,414,0,0.3369140625,0.5977366255144032,-0.3369140625,-0.5977366255144032,2353,2797,2327,1501,2353,2797,2343,1539,0,0,-45,-148,5000,5000,4900,5000,-36.76,68.07000000000001,-199.82,-8.936323870649261,-24.24864172197678,57.66738963847103,-0.21759477099367427,-0.6919883722381197,0.6883346630262404
,415,0,-0.0380859375,-0.6800411522633745,0.0380859375,0.6800411522633745,2108,1964,2572,2334,2109,2022,2572,2334,0,-265,0,0,5100,5000,4700,4900,-33.57,12.24,-205.78,0.7912450734618233,31.042982932540852,54.366292017753665,0.04756579282086399,0.8107184045324589,0.5835007831234394
,416,0,0.7119140625,-0.18004115226337447,-0.7119140625,0.18004115226337447,2597,2290,2083,2008,2598,2293,2135,2009,0,-7,-239,0,5000,4800,5000,5000,-34.43,39.62,-177.28,-29.494483496277297,5.649865327877279,55.1525638001624,-0.7672847088673107,0.12608536465402925,0.6287898348084725
,417,0,-0.7177734375,0.31995884773662553,0.7177734375,-0.31995884773662553,1665,2616,3015,1682,1724,2617,3015,1695,-289,0,16,-35,5000,5000,5100,5000,-32.71,50.120000000000005,-237.17000000000002,29.558493522227337,-8.869961639875001,53.7593552448847,0.8090118713547703,-0.2433414455672923,0.5350558222057523
,418,0,0.0322265625,-0.5133744855967078,-0.0322265625,0.5133744855967078,2154,2072,2526,2226,2155,2112,2527,2227,0,-156,0,0,5000,5000,5000,5000,-37.95,18.26,-208.34,2.9181670943441986,24.876590842725697,58.774263355200276,0.09884631944336497,0.6691638479703353,0.7365114728923331
,419,0,-0.3427734375,-0.013374485596707841,0.3427734375,0.013374485596707841,1910,2398,2770,1900,1937,2400,2769,1900,-87,0,15,0,5000,5000,4900,4900,-41.61,38.44,-223.42000000000002,16.584799100347425,3.7361115661725606,62.56077963934791,0.5002241696508513,0.07360602441231763,0.8627618056377608
,420,0,0.4072265625,0.4866255144032918,-0.4072265625,-0.4866255144032918,2398,2724,2282,1574,2399,2725,2307,1603,0,0,-81,-107,5000,4800,5000,4900,-38.37,62.92,-194.89000000000001,-13.515443479708637,-18.773316005625603,59.23964022466621,-0.34765969156642,-0.545247964503936,0.7627826663370477
,421,0,-0.5302734375,-0.3467078189300411,0.5302734375,0.3467078189300411,1787,2181,2893,2117,1824,2204,2892,2118,-147,-65,14,0,5000,5000,4900,5000,-36.37,28.490000000000002,-228.96,22.808573386307728,13.274835452021136,57.32350169494196,0.6557266782184864,0.338113414063817,0.6750569181207314
,422,0,0.2197265625,0.15329218106995868,-0.2197265625,-0.15329218106995868,2276,2507,2404,1791,2276,2507,2418,1798,0,0,-38,-26,5000,5000,5000,4900,-44.050000000000004,47.74,-200.3,-7.121361125523094,-3.976539490109765,64.90832751519231,-0.18370441583211816,-0.14828860311613493,0.9717320504077475
,423,0,-0.1552734375,0.6532921810699586,0.1552734375,-0.6532921810699586,2032,2833,2648,1465,2036,2834,2647,1511,-16,0,12,-202,4900,5000,5000,5000,-35.75,70.64,-212.12,3.1670501103999413,-27.645153905352018,56.72555989640224,0.09728024758422707,-0.7603928028514657,0.6421365421790319
,424,0,0.5947265625,-0.6244855967078189,-0.5947265625,0.6244855967078189,2521,2000,2159,2298,2521,2048,2195,2298,0,-197,-136,0,4900,4700,5000,4900,-31.98,19.52,-185.20000000000002,-20.225007454383217,25.162913484386596,52.6915344320929,-0.5268822785150916,0.6564072201231289,0.5399302047088783
,425,0,-0.6240234375,-0.12448559670781889,0.6240234375,0.12448559670781889,1726,2326,2954,1972,1776,2328,2953,1973,-227,-10,13,0,5000,4800,4900,5000,-35.49,38.46,-234.29,27.458135673001237,2.9656137739802375,56.49542021636109,0.7724753937748501,0.05824913686786334,0.6323676178193661
,426,0,0.1259765625,0.3755144032921809,-0.1259765625,-0.3755144032921809,2215,2652,2465,1646,2215,2653,2469,1668,0,0,-18,-76,5000,5000,5000,5000,-41.99,58.83,-207.98000000000002,-0.19702251917760805,-15.565058858097345,62.91487480131863,0.007743092979978654,-0.4704671875710731,0.882383516352197
,427,0,-0.2490234375,-0.45781893004115226,0.2490234375,0.45781893004115226,1971,2109,2709,2189,1982,2146,2709,2190,-32,-139,0,0,4900,4900,5000,5000,-38.75,21.650000000000002,-215.65,9.978908932537394,21.00363763969567,59.61946048103979,0.30052813626117303,0.5649041357895233,0.7684830230286662
,428,0,0.5009765625,0.04218106995884763,-0.5009765625,-0.04218106995884763,2460,2434,2220,1864,2461,2434,2255,1864,0,0,-139,0,4900,5000,5000,5000,-40.19,41.92,-185.75,-21.22683914595254,2.8003757521478008,60.96074475932268,-0.5712820166762537,0.04119657693385536,0.8197192808951396
,429,0,-0.4365234375,0.5421810699588474,0.4365234375,-0.5421810699588474,1848,2760,2832,1538,1877,2761,2831,1570,-102,0,14,-115,5100,5000,4900,5000,-36.03,63.6,-224.82,16.311481816226916,-21.476870746336772,57.051440244166955,0.4635856673552936,-0.591765504925221,0.6594709365873116
,430,0,0.3134765625,-0.2911522633744856,-0.3134765625,0.2911522633744856,2337,2217,2343,2081,2337,2240,2359,2081,0,-65,-43,0,5000,5000,5000,5000,-41.72,30.47,-195.47,-10.764165402726604,13.573139329613696,62.510526371949226,-0.2850091519890257,0.3640114377476732,0.8867161081605361
,431,0,-0.0615234375,0.20884773662551437,0.0615234375,-0.20884773662551437,2093,2543,2587,1755,2098,2543,2586,1767,-18,0,15,-37,5000,5000,5000,5000,-44.12,50.72,-209.66,2.015869943220167,-7.580762094263406,65.03277756983611,0.07626924710833112,-0.24704324017661702,0.9659982605722263
,432,0,0.6884765625,0.7088477366255141,-0.6884765625,-0.7088477366255141,2582,2869,2098,1429,2583,2870,2141,1474,0,0,-176,-197,5000,4800,5000,4900,-29.03,70.24,-185.11,-23.721672986550345,-25.44377611533031,49.86924849440691,-0.5819408780713508,-0.6869896437820071,0.43518966413026877
,433,0,-0.6708984375,-0.7170781893004116,0.6708984375,0.7170781893004116,1696,1940,2984,2358,1742,1994,2983,2358,-203,-238,1,0,5000,5000,5100,4700,-26.7,14.43,-229.81,24.65171128469089,27.21780727072692,47.62239971886109,0.6688724591728005,0.6588056448571401,0.34436137365346065
,434,0,0.0791015625,-0.21707818930041145,-0.0791015625,0.21707818930041145,2185,2265,2495,2033,2185,2273,2499,2034,-10,-17,-16,0,5000,5000,5000,5000,-43.2,30.16,-207.68,1.4316437573109795,13.063245697661763,64.05093132391406,0.058601933159595054,0.33729028735670097,0.9395749440490591
,435,0,-0.2958984375,0.2829218106995883,0.2958984375,-0.2829218106995883,1940,2591,2740,1707,1960,2591,2739,1725,-60,0,13,-53,5000,5000,5000,4900,-41.71,51.6,-220.93,13.212358233444604,-9.22566918255066,62.68153733588104,0.3965420105261298,-0.297311588441878,0.8685391489541863
,436,0,0.4541015625,-0.5504115226337449,-0.4541015625,0.5504115226337449,2429,2048,2251,2250,2430,2085,2277,2250,0,-137,-90,0,5000,5000,4900,5000,-35.5,19.84,-191.43,-14.04785970908381,24.43356648086931,56.24351960678077,-0.3656388371028833,0.6513477010305706,0.6648717268498048
,437,0,-0.4833984375,-0.05041152263374482,0.4833984375,0.05041152263374482,1818,2374,2862,1924,1857,2375,2861,1925,-154,0,15,0,5000,4800,5000,5000,-38.96,38.83,-229.21,22.34804240951712,2.948960774465853,59.94083303866571,0.6468237460392979,0.046855234323652406,0.7611988101515696
,438,0,0.2666015625,0.44958847736625485,-0.2666015625,-0.44958847736625485,2307,2700,2373,1598,2307,2701,2387,1625,0,-1,-37,-95,5000,5000,4800,5000,-40.37,61.76,-201.51,-6.842016957408106,-18.056683835662938,61.26986602108151,-0.16956360654972924,-0.542154229384887,0.8229926943138242
,439,0,-0.1083984375,-0.3837448559670782,0.1083984375,0.3837448559670782,2062,2157,2618,2141,2065,2187,2618,2142,-15,-97,0,0,5000,4900,5000,4900,-40.88,24.01,-209.58,3.7533281540482335,19.06445641068064,61.724958078174915,0.12879067751593953,0.5133681178390118,0.8484492542111257
,440,0,0.6416015625,0.11625514403292181,-0.6416015625,-0.11625514403292181,2551,2483,2129,1815,2551,2483,2176,1817,0,0,-208,-17,4900,4900,4800,4800,-36.72,43.92,-180.12,-26.962088693647672,1.174693965005254,57.46762704693228,-0.7104457966063393,-0.002681577713246666,0.7037468147177298
,441,0,-0.5771484375,0.6162551440329218,0.5771484375,-0.6162551440329218,1757,2809,2923,1489,1796,2809,2922,1525,-156,0,14,-138,5000,4900,5000,5000,-32.33,65.42,-229.77,21.145265792315826,-23.63711367819168,53.380911270316304,0.5777500471684253,-0.6282781724128488,0.5210291940634936
,442,0,0.1728515625,-0.661522633744856,-0.1728515625,0.661522633744856,2246,1976,2434,2322,2246,2033,2437,2322,0,-260,-17,0,4800,4900,4900,5000,-34.21,13.200000000000001,-204.99,-0.06479177662137658,30.140277642062827,55.00474645609877,0.022073303261680683,0.7922149752699685,0.6098427684584945
,443,0,-0.2021484375,-0.16152263374485598,0.2021484375,0.16152263374485598,2001,2302,2679,1996,2013,2307,2678,1997,-35,-13,14,0,5000,5000,5000,5000,-42.87,33.29,-216.23000000000002,9.752543909916483,9.362846556875283,63.771705878732845,0.30384096863653137,0.23448694620890945,0.9234156907025319
,444,0,0.5478515625,0.33847736625514413,-0.5478515625,-0.33847736625514413,2490,2628,2190,1670,2491,2629,2225,1688,0,0,-140,-55,5000,5000,5000,4900,-38.13,54.730000000000004,-186.07,-21.761668639751832,-10.00787784376864,58.93473951864439,-0.5730997545132793,-0.3135770594714625,0.7571169653032807
,445,0,-0.3896484375,-0.4948559670781893,0.3896484375,0.4948559670781893,1879,2084,2801,2214,1903,2118,2801,2215,-76,-122,4,0,5000,4900,4900,5000,-36.44,20.400000000000002,-220.93,15.342296956599341,21.88811181160667,57.33280914282239,0.4522645076140204,0.571287408842712,0.6848996361879802
,446,0,0.3603515625,0.005144032921810537,-0.3603515625,-0.005144032921810537,2368,2410,2312,1888,2369,2411,2336,1888,0,0,-79,0,5000,5000,5000,5000,-42.59,41.13,-192.31,-14.64016478864005,3.1530413740041183,63.39159808066538,-0.3924628129588998,0.051009877460428066,0.9183522923398509
,447,0,-0.0146484375,0.5051440329218104,0.0146484375,-0.5051440329218104,2123,2736,2557,1562,2124,2737,2557,1599,0,0,14,-140,5000,5000,5000,4800,-39.6,64.65,-207.57,-0.9871027738617499,-21.35096758246634,60.537558367936455,-0.005744818077997408,-0.6194044586581544,0.7850510261503065
,448,0,0.7353515625,-0.3281893004115226,-0.7353515625,0.3281893004115226,2612,2193,2068,2105,2613,2214,2118,2105,0,-51,-225,0,4900,4900,5100,4900,-33.14,34.660000000000004,-177.20000000000002,-29.233509925134143,10.600261182718,53.84965410431217,-0.7665194346028736,0.2563129148125692,0.5888562185087075
,449,0,-0.7294921875,0.17181069958847728,0.7294921875,-0.17181069958847728,1657,2519,3023,1779,1716,2519,3023,1781,-288,0,15,-18,5000,5000,4800,4900,-32.47,43.13,-238.41,31.26829836054887,-1.9802122205855,53.50791866390999,0.8493194398450515,-0.06841010294980449,0.5234276902454486
,450,0,0.0205078125,0.6718106995884772,-0.0205078125,-0.6718106995884772,2146,2845,2534,1453,2147,2846,2535,1502,0,0,0,-222,5000,5000,5000,4900,-35.160000000000004,71.58,-211.85,2.837114601097909,-28.56648831738397,56.13659006618398,0.08393809101333377,-0.7807210825328925,0.6192164307943601
,451,0,-0.3544921875,-0.6059670781893004,0.3544921875,0.6059670781893004,1902,2012,2778,2286,1921,2061,2777,2286,-52,-208,10,0,5000,4800,5000,5000,-34.54,16.080000000000002,-218.6,13.318199466774473,26.349958984784966,55.4102459696378,0.39096908282472553,0.6843886598734498,0.6154310184836456
,452,0,0.3955078125,-0.1059670781893004,-0.3955078125,0.1059670781893004,2391,2338,2289,1960,2392,2341,2317,1961,0,-8,-94,0,5000,4900,5000,4900,-41.980000000000004,39.18,-190.96,-15.852597482145399,5.1878917511346,62.76991415260282,-0.42870939967357186,0.11011692819668188,0.8967064808263915
,453,0,-0.5419921875,0.3940329218106995,0.5419921875,-0.3940329218106995,1780,2664,2900,1634,1818,2665,2899,1654,-155,0,14,-62,4900,5000,5000,5000,-36.300000000000004,55.370000000000005,-230.4,22.432527305039997,-13.6411721111416,57.32862073100097,0.6384332658750232,-0.3821021351301409,0.6681324145355766
,454,0,0.2080078125,-0.43930041152263377,-0.2080078125,0.43930041152263377,2269,2121,2411,2177,2269,2156,2421,2178,0,-124,-30,0,5000,5000,5000,4900,-39.910000000000004,22.48,-202.56,-3.1427153968424193,21.061608651916174,60.715915824576214,-0.06862069594919677,0.5766358587478788,0.8141144185515597
,455,0,-0.1669921875,0.06069958847736601,0.1669921875,-0.06069958847736601,2024,2447,2656,1851,2035,2447,2655,1855,-32,0,16,-18,5000,5000,5000,5000,-44.04,41.81,-215.77,8.713260006126063,0.8966431913313642,64.96090289377074,0.2718584233244506,-0.008039681737844284,0.9623036740993449
,456,0,0.5830078125,0.560699588477366,-0.5830078125,-0.560699588477366,2513,2773,2167,1525,2513,2773,2204,1556,0,0,-142,-120,4900,4900,4900,5000,-34.17,65.52,-187.38,-21.163333244484363,-20.872932734147696,55.00862477454683,-0.5364334711958072,-0.5744491811839926,0.6182614893537015
,457,0,-0.6357421875,-0.27263374485596703,0.6357421875,0.27263374485596703,1719,2229,2961,2069,1765,2245,2960,2069,-203,-37,16,0,5000,4900,4800,4900,-34.56,32.92,-233.86,27.40729281103276,8.51931915204046,55.54928514297471,0.7670983920969904,0.21145210340835818,0.6056798368828148
,458,0,0.1142578125,0.22736625514403275,-0.1142578125,-0.22736625514403275,2207,2555,2473,1743,2207,2555,2478,1755,0,0,-19,-39,5000,4900,5000,5000,-43.96,51.730000000000004,-206.98000000000002,-0.7253478788740608,-8.408182374817983,64.86189594074791,-0.009404151039935218,-0.26909212228148716,0.963068529061802
,459,0,-0.2607421875,0.7273662551440325,0.2607421875,-0.7273662551440325,1963,2881,2717,1417,1975,2882,2716,1471,-31,0,12,-243,5000,4900,4800,4700,-33.46,72.60000000000001,-216.68,7.595471359442115,-29.91474646490279,54.463407192745045,0.20398927524526142,-0.8036244977583902,0.5590850044380448
,460,0,0.4892578125,-0.6985596707818931,-0.4892578125,0.6985596707818931,2452,1952,2228,2346,2453,2008,2251,2346,0,-251,-79,0,4800,4700,5000,5000,-31.57,15.22,-190.42000000000002,-14.724935678338056,29.099908928435557,52.296848060540846,-0.38009223280197507,0.7610538908440018,0.5256680224198684
,461,0,-0.4482421875,-0.19855967078189296,0.4482421875,0.19855967078189296,1841,2278,2839,2020,1875,2283,2838,2021,-128,-11,15,0,5000,4900,4900,5000,-39.230000000000004,33.61,-226.51,20.005013758120015,8.339910072287765,60.18410738389308,0.5935896212879642,0.2021102158379158,0.7789754952199474
,462,0,0.3017578125,0.30144032921810693,-0.3017578125,-0.30144032921810693,2330,2604,2350,1694,2330,2605,2367,1712,0,-2,-52,-55,5000,5000,4900,4900,-42.29,54.38,-197.73000000000002,-10.124850651337255,-10.43311142341156,63.15224393562551,-0.26298749728012133,-0.3393553395596329,0.9031475681120467
,463,0,-0.0732421875,-0.5318930041152263,0.0732421875,0.5318930041152263,2085,2060,2595,2238,2087,2102,2595,2239,-12,-167,13,0,5000,5000,4900,4700,-37.58,17.69,-206.29,0.9130946032104532,25.582481031513648,58.39255227771927,0.04804498916367919,0.6858386014452968,0.7261660221903949
,464,0,0.6767578125,-0.03189300411522633,-0.6767578125,0.03189300411522633,2574,2386,2106,1912,2575,2387,2154,1912,0,0,-212,0,5000,4900,5100,5000,-35.44,42.14,-178.31,-28.641698033510863,3.0690383866815267,56.17407701793907,-0.7478244553901561,0.05368512011328528,0.6617223676126097
,465,0,-0.6826171875,0.46810699588477345,0.6826171875,-0.46810699588477345,1688,2712,2992,1586,1739,2713,2991,1609,-236,0,15,-80,4800,5000,5000,5000,-32.14,57.660000000000004,-234.86,26.74795335129309,-16.238613417273143,53.19682975122936,0.7386592339973319,-0.429812179704013,0.519272593353973
,466,0,0.0673828125,-0.36522633744855965,-0.0673828125,0.36522633744855965,2177,2169,2503,2129,2177,2199,2505,2130,0,-99,-16,-4,5000,5000,5000,4900,-41.27,24.86,-208.27,2.387109136457383,18.305853379418828,62.1105317247504,0.08721030431900828,0.5027385586152948,0.8600280835542533
,467,0,-0.3076171875,0.1347736625514402,0.3076171875,-0.1347736625514402,1932,2495,2748,1803,1955,2495,2747,1810,-74,0,16,-24,5000,5000,5000,5000,-42.300000000000004,44.14,-221.83,14.610633343844967,-1.8416903188546812,63.25719596399836,0.4427350564453429,-0.07645475775029406,0.8933870045012317
,468,0,0.4423828125,0.6347736625514402,-0.4423828125,-0.6347736625514402,2421,2821,2259,1477,2422,2822,2283,1518,0,0,-80,-164,5000,5000,4900,4700,-34.84,69.31,-195.18,-13.640065465728753,-25.178389857280294,55.7272908235602,-0.3417833601363285,-0.6949755921036489,0.6326081418335551
,469,0,-0.4951171875,-0.6430041152263375,0.4951171875,0.6430041152263375,1810,1988,2870,2310,1841,2040,2870,2310,-115,-227,0,0,5100,4700,4800,4800,-31.86,15.860000000000001,-223.76,18.49417509120073,26.21381715294813,52.75560065680043,0.5346537899491287,0.6643534929330065,0.5222832194516182
,470,0,0.2548828125,-0.1430041152263375,-0.2548828125,0.1430041152263375,2299,2314,2381,1984,2299,2319,2398,1985,0,-11,-51,0,5000,5000,5000,4900,-43.47,35.67,-198.20000000000002,-8.399615893093426,8.205895180680486,64.2873200747284,-0.22083823952699091,0.19682492238511956,0.9552436453024488
,471,0,-0.1201171875,0.3569958847736625,0.1201171875,-0.3569958847736625,2055,2640,2625,1658,2061,2641,2624,1681,-19,0,15,-79,5000,4900,5000,5000,-42.24,57.31,-212.18,4.09468111348275,-14.331050082573256,63.18208683573951,0.13449357277208226,-0.44141237130836614,0.8871677391220473
,472,0,0.6298828125,-0.4763374485596708,-0.6298828125,0.4763374485596708,2544,2096,2136,2202,2544,2128,2176,2203,0,-111,-163,0,5000,4900,4900,4900,-34.18,25.95,-182.46,-23.403075548917997,18.93864619571788,54.894005749887675,-0.6173135073118908,0.49044278565667915,0.615134056680012
,473,0,-0.5888671875,0.023662551440329138,0.5888671875,-0.023662551440329138,1749,2422,2931,1876,1793,2423,2930,1876,-191,0,14,0,5000,5000,4900,5000,-36.24,40.09,-233.28,26.336878676222085,1.4095872634416224,57.24446243524781,0.7500597373586225,0.013880082227446567,0.6612244200805607
,474,0,0.1611328125,0.5236625514403288,-0.1611328125,-0.5236625514403288,2238,2748,2442,1550,2238,2749,2447,1587,-1,0,-19,-144,5000,5000,4900,5000,-39.17,65.33,-208.0,-0.6018763892045058,-22.059644162770084,60.1114385055821,-0.001077364136341688,-0.6355245535103982,0.7720799059501077
,475,0,-0.2138671875,-0.3096707818930041,0.2138671875,0.3096707818930041,1994,2205,2686,2093,2003,2232,2685,2093,-28,-77,0,-4,5000,5000,5000,4900,-41.550000000000004,28.37,-215.81,9.671742678228867,14.296176778916113,62.437193203163105,0.2982240382530929,0.3890152242130704,0.8716246774492291
,476,0,0.5361328125,0.19032921810699577,-0.5361328125,-0.19032921810699577,2483,2531,2197,1767,2484,2531,2233,1773,0,0,-145,-22,5000,5000,4900,5000,-39.230000000000004,47.77,-185.15,-22.2154169501531,-2.998563885343529,60.012529063516126,-0.5954465463998737,-0.11392941667256824,0.7952757373371268
,477,0,-0.4013671875,0.6903292181069955,0.4013671875,-0.6903292181069955,1871,2857,2809,1441,1895,2858,2808,1486,-74,0,13,-192,5000,5000,4900,4600,-33.230000000000004,70.24,-222.06,13.123451912620027,-27.923602175034333,54.25442054099159,0.36293963186000805,-0.7471411776603064,0.556825721630829
,478,0,0.3486328125,-0.5874485596707819,-0.3486328125,0.5874485596707819,2360,2024,2320,2274,2360,2071,2335,2274,0,-192,-45,0,4800,5000,5000,4900,-35.77,17.8,-195.96,-9.391933497608733,26.164191986011964,56.53107216588806,-0.2398527222218977,0.7021203612033493,0.6704458740468339
,479,0,-0.0263671875,-0.08744855967078191,0.0263671875,0.08744855967078191,2116,2350,2564,1948,2119,2354,2563,1949,-16,-11,14,0,5000,5000,5000,5000,-44.550000000000004,36.27,-207.91,1.2424680651703852,6.955528372283389,65.4174969574553,0.0630518577962461,0.16243454982895042,0.9847027369974697
,480,0,0.7236328125,0.41255144032921787,-0.7236328125,-0.41255144032921787,2605,2676,2075,1622,2606,2677,2124,1642,0,0,-216,-62,4800,4900,4700,5000,-33.04,57.18,-179.3,-28.656834703018546,-12.010284673080903,53.81706896946889,-0.7355835125911636,-0.34636967516045813,0.5821897836043529
,481,0,-0.7060546875,-0.4207818930041152,0.7060546875,0.4207818930041152,1673,2133,3007,2165,1729,2157,3007,2167,-264,-69,10,0,5000,5000,5000,5000,-31.25,26.29,-234.3,28.309479014813803,15.095064749411925,52.224795724679474,0.7799987785142964,0.37904839455862016,0.4979198932546667
,482,0,0.0439453125,0.07921810699588461,-0.0439453125,-0.07921810699588461,2162,2459,2518,1839,2164,2459,2521,1844,-1,0,-16,-19,5000,5000,5000,5000,-44.94,44.39,-208.67000000000002,1.4511404235641123,-1.196091031679579,65.83181198225759,0.05436789552167261,-0.07015997511513643,0.9960530657692829
,483,0,-0.3310546875,0.5792181069958846,0.3310546875,-0.5792181069958846,1917,2785,2763,1513,1937,2785,2762,1551,-56,0,13,-153,5000,4900,5000,5000,-36.56,66.11,-220.38,11.709782379856563,-23.680207079228367,57.56551348940396,0.33836762453621144,-0.654826485360541,0.6758029481558092
,484,0,0.4189453125,-0.25411522633744854,-0.4189453125,0.25411522633744854,2406,2241,2274,2057,2407,2259,2300,2058,0,-47,-89,-16,4900,5000,4900,4900,-40.87,33.61,-190.49,-15.940455585859326,10.773711721530688,61.64350560685394,-0.43103046054265176,0.2796590572572365,0.8579064947757317
,485,0,-0.5185546875,0.24588477366255135,0.5185546875,-0.24588477366255135,1795,2567,2885,1731,1835,2568,2884,1739,-164,0,15,-29,4900,5000,5000,5000,-38.12,48.300000000000004,-230.11,22.611277847232373,-6.562536888268717,59.129279395259516,0.6534964773666486,-0.19634749249035266,0.7310198466951033
,486,0,0.2314453125,0.7458847736625511,-0.2314453125,-0.7458847736625511,2284,2893,2396,1405,2284,2894,2404,1457,-4,0,-21,-236,5000,5000,4900,4900,-33.06,74.71000000000001,-206.96,-2.2426678016944095,-31.36558110190647,54.02001492603055,-0.03532630257301246,-0.835992519875689,0.5476025557449635
,487,0,-0.1435546875,-0.7458847736625515,0.1435546875,0.7458847736625515,2039,1921,2641,2377,2040,1985,2641,2378,-13,-305,0,0,5000,4900,5100,5000,-31.45,10.02,-207.71,2.8768113397178183,33.12170502699382,52.25039320091763,0.10679496912203765,0.8520983839984659,0.5123701577545541
,488,0,0.6064453125,-0.24588477366255146,-0.6064453125,0.24588477366255146,2528,2247,2152,2051,2528,2253,2197,2051,0,-12,-195,4,4800,5000,5000,5000,-37.09,34.88,-182.13,-24.348718716922775,10.059584512107428,57.824862726515306,-0.647358266002937,0.243679291348609,0.7221825796884814
,489,0,-0.6123046875,0.25411522633744843,0.6123046875,-0.25411522633744843,1734,2573,2946,1725,1779,2574,2945,1734,-197,0,15,-31,5100,5000,5000,4800,-35.730000000000004,47.53,-233.77,26.326384194346247,-6.047947254198718,56.75572039280312,0.7434981008939914,-0.17973099544272197,0.6441330167319453
,490,0,0.1376953125,-0.5792181069958848,-0.1376953125,0.5792181069958848,2223,2029,2457,2269,2223,2074,2460,2269,0,-183,-16,0,5000,4800,4900,4900,-36.29,15.89,-206.64000000000001,1.389938096147631,27.351085346833113,57.09978042658819,0.060053606214232454,0.7297105814724647,0.6811138169702502
,491,0,-0.2373046875,-0.07921810699588483,0.2373046875,0.07921810699588483,1978,2355,2702,1943,1995,2357,2701,1944,-48,-10,15,0,5000,5000,5000,4900,-42.99,37.18,-218.77,12.023764643230578,5.310768861402629,63.91426369302995,0.37108861558836365,0.11720483744987799,0.9211711379863461
,492,0,0.5126953125,0.42078189300411517,-0.5126953125,-0.42078189300411517,2467,2681,2213,1617,2468,2682,2244,1640,0,0,-116,-72,5000,4900,4800,5000,-37.86,59.1,-188.73,-19.401214913288413,-14.548068153747721,58.68911754406357,-0.5073745796260261,-0.43096337343991725,0.7462182031434232
,493,0,-0.4248046875,-0.41255144032921814,0.4248046875,0.41255144032921814,1856,2138,2824,2160,1884,2166,2823,2161,-95,-88,11,0,4900,4800,5000,5000,-37.36,24.34,-223.45000000000002,17.586325767662743,17.78978359834545,58.27538038761214,0.5190924734299607,0.46468871121773236,0.7173614191571561
,494,0,0.3251953125,0.08744855967078191,-0.3251953125,-0.08744855967078191,2345,2464,2335,1834,2345,2464,2356,1837,0,0,-64,-17,5000,5000,5000,5000,-43.11,43.77,-194.44,-12.695624102094115,0.37690579468169005,63.928936673721566,-0.33909600849590454,-0.02403554139255552,0.940444676614266
,495,0,-0.0498046875,0.5874485596707819,0.0498046875,-0.5874485596707819,2101,2790,2579,1508,2102,2790,2578,1549,0,0,14,-171,5000,5000,5100,5000,-37.550000000000004,68.29,-208.38,-0.41457485438183994,-25.04315048334064,58.500846015170964,0.004956635102933772,-0.7053568915813927,0.7088350211911737
,496,0,0.7001953125,-0.6903292181069959,-0.7001953125,0.6903292181069959,2589,1957,2091,2341,2590,2008,2133,2341,0,-218,-175,0,4700,4700,5000,4900,-28.330000000000002,18.51,-181.57,-23.760937512889996,26.40497667523859,49.02084271917569,-0.6086125221505613,0.6755631003552113,0.41617940280603405
,497,0,-0.6591796875,-0.19032921810699588,0.6591796875,0.19032921810699588,1703,2283,2977,2015,1756,2287,2976,2016,-248,-12,16,0,5000,4800,4800,5000,-34.38,35.79,-235.03,28.381899284272464,5.576447664337323,55.38240306130278,0.7932256557553504,0.12730009708313447,0.5954727066240054
,498,0,0.0908203125,0.30967078189300423,-0.0908203125,-0.30967078189300423,2192,2609,2488,1689,2192,2610,2491,1710,0,0,-16,-65,5000,5000,5000,5000,-43.06,55.5,-208.88,0.920360095892562,-12.300289008418432,63.980958250288,0.03923256853572994,-0.3821658033962525,0.9232605830861549
,499,0,-0.2841796875,-0.5236625514403292,0.2841796875,0.5236625514403292,1948,2066,2732,2232,1962,2105,2732,2233,-37,-150,0,0,5000,4800,5000,4800,-36.93,18.67,-216.24,10.77735609708165,23.931850785590278,57.79491947091115,0.32194546147137093,0.6342639964874117,0.7028942328670814
,500,0,0.4658203125,-0.02366255144032925,-0.4658203125,0.02366255144032925,2437,2392,2243,1906,2438,2393,2276,1906,0,0,-129,0,5000,4900,5000,5000,-40.69,41.230000000000004,-187.49,-19.446696615450378,3.3728893223707814,61.46771693115062,-0.5248488331549119,0.05837055221901773,0.8491917221508777
,501,0,-0.4716796875,0.47633744855967053,0.4716796875,-0.47633744855967053,1826,2718,2854,1580,1859,2719,2853,1608,-118,0,15,-103,4800,5000,5000,4800,-36.68,59.92,-226.9,18.63180038359431,-17.943676375402816,57.70256180204287,0.5354569231648937,-0.49760296752250455,0.6824054294534758
,502,0,0.2783203125,-0.3569958847736625,-0.2783203125,0.3569958847736625,2314,2174,2366,2124,2314,2200,2381,2126,0,-79,-40,-17,5000,5000,5000,4900,-41.02,26.69,-198.22,-7.762112996134306,17.15706343709259,61.8147754539442,-0.1987775461097853,0.46923670531523426,0.8604094383184528
,503,0,-0.0966796875,0.1430041152263375,0.0966796875,-0.1430041152263375,2070,2500,2610,1798,2078,2500,2609,1807,-24,-1,16,-28,5000,5000,5000,5000,-44.44,46.79,-211.78,4.394554115209473,-3.8017786565024068,65.3534733556763,0.14705595311121417,-0.14134421291210078,0.9789772010270776
,504,0,0.6533203125,0.6430041152263373,-0.6533203125,-0.6430041152263373,2559,2826,2121,1472,2559,2827,2163,1511,0,0,-164,-152,5000,4900,4700,5000,-31.32,68.23,-185.45000000000002,-23.257938377973517,-23.454743401819528,52.15583964224948,-0.5779480363856689,-0.6343339492098204,0.5134165054980432
,505,0,-0.5654296875,-0.6347736625514403,0.5654296875,0.6347736625514403,1764,1993,2916,2305,1801,2042,2916,2305,-143,-206,0,0,5000,4800,5000,5000,-30.85,16.67,-226.68,21.35773513588282,25.205858777053155,51.76230121405243,0.6062081390212041,0.629263221652906,0.4863532564499338
,506,0,0.1845703125,-0.1347736625514403,-0.1845703125,0.1347736625514403,2253,2319,2427,1979,2253,2325,2439,1980,0,-12,-34,0,5000,5000,5000,5000,-44.02,35.12,-201.70000000000002,-4.873186956707286,8.52018021464059,64.85346835393386,-0.11854118165686632,0.20280749970283735,0.9720170298485913
,507,0,-0.1904296875,0.3652263374485596,0.1904296875,-0.3652263374485596,2009,2645,2671,1653,2019,2646,2670,1676,-28,0,14,-78,5000,5000,5000,4900,-41.75,57.04,-215.39000000000001,7.317912251601342,-14.279542177604355,62.70750495029861,0.2273874108257419,-0.43750310277094906,0.8699919542523127
,508,0,0.5595703125,-0.46810699588477367,-0.5595703125,0.46810699588477367,2498,2102,2182,2196,2498,2134,2216,2197,0,-111,-133,0,5000,5000,4800,4800,-35.69,25.42,-185.45000000000002,-20.391466358007165,19.270114213243446,56.41763268407432,-0.5410208365107254,0.5070954462572741,0.6709326813074248
,509,0,-0.3779296875,0.03189300411522633,0.3779296875,-0.03189300411522633,1887,2428,2793,1870,1918,2429,2792,1870,-111,0,13,0,5000,4900,5000,4900,-41.28,39.77,-224.4,17.474440051824246,2.3421123702148563,62.23905736917579,0.5265235743010489,0.028692845205524904,0.849676200878464
,510,0,0.3720703125,0.5318930041152261,-0.3720703125,-0.5318930041152261,2376,2754,2304,1544,2377,2754,2324,1578,0,0,-61,-131,4900,5000,5000,5000,-37.94,65.09,-197.01,-11.54458798335159,-21.082564545786724,58.82575643391943,-0.28620165742527054,-0.6113169496530043,0.7378212509503733
,511,0,-0.0029296875,-0.301440329218107,0.0029296875,0.301440329218107,2131,2210,2549,2088,2132,2237,2550,2088,0,-80,0,0,5000,5000,5000,4900,-42.5,27.86,-205.87,-0.21569319490836847,15.47806204788808,63.336058635575526,0.02225435507941759,0.41906277365597316,0.9076844911177901
,512,0,0.7470703125,0.19855967078189307,-0.7470703125,-0.19855967078189307,2620,2536,2060,1762,2621,2536,2115,1767,0,-1,-255,-21,5000,4700,5000,4700,-33.54,47.32,-176.45000000000002,-30.83765770101229,-1.9791443506982986,54.27786706418203,-0.7954460129200832,-0.07495719669348778,0.6013709829991764
,513,0,-0.74853515625,0.6985596707818931,0.74853515625,-0.6985596707818931,1645,2862,3035,1436,1702,2863,3035,1478,-271,0,13,-175,4700,4800,4900,5100,-27.21,66.8,-235.19,26.48451303646698,-25.39411478643278,48.29164944059447,0.6907646152350857,-0.6388905879251099,0.33861934823608625
,514,0,0.00146484375,-0.727366255144033,-0.00146484375,0.727366255144033,2134,1933,2546,2365,2135,1994,2547,2365,0,-285,0,0,4900,5000,4800,4700,-31.96,10.42,-206.98000000000002,2.119037893887622,32.773304725146374,52.75773591986332,0.0800769087738174,0.8462401984409388,0.526749670359527
,515,0,-0.37353515625,-0.22736625514403297,0.37353515625,0.22736625514403297,1889,2259,2791,2039,1914,2265,2790,2040,-81,-14,15,0,4900,4900,5000,5000,-40.1,31.28,-223.4,17.055090853590656,10.876814936033867,61.03261700059419,0.5110963858632993,0.2755838159551345,0.8141462059980875
,516,0,0.37646484375,0.27263374485596703,-0.37646484375,-0.27263374485596703,2378,2585,2302,1713,2379,2586,2325,1727,0,0,-74,-45,5000,5000,5000,5000,-41.730000000000004,52.56,-193.66,-14.060067156855695,-8.34439050083941,62.56725166020238,-0.37563218689418454,-0.2729578356064308,0.8856604767912727
,517,0,-0.56103515625,-0.5606995884773662,0.56103515625,0.5606995884773662,1767,2041,2913,2257,1804,2078,2912,2257,-142,-134,15,0,5000,4900,5000,5000,-32.13,19.01,-227.49,22.0018609330497,22.820229425316093,53.052252590482844,0.622649282320501,0.5745786378809269,0.5311941830598902
,518,0,0.18896484375,-0.06069958847736623,-0.18896484375,0.06069958847736623,2256,2367,2424,1931,2256,2368,2437,1932,0,-9,-36,0,5000,5000,5000,5000,-44.39,38.480000000000004,-201.02,-5.780053975964847,5.214758487718491,65.22854090234864,-0.14657395428200862,0.10486648292776503,0.9836254859876781
,519,0,-0.18603515625,0.43930041152263377,0.18603515625,-0.43930041152263377,2012,2693,2668,1605,2021,2694,2667,1635,-27,0,13,-107,4900,4900,5000,5000,-40.59,60.660000000000004,-214.81,6.500671101433824,-17.855488034573057,61.55375968790257,0.20031147708730623,-0.5312241837077736,0.8232108956950891
,520,0,0.56396484375,-0.3940329218106996,-0.56396484375,0.3940329218106996,2501,2150,2179,2148,2501,2175,2214,2149,0,-77,-136,0,4900,4800,4900,5000,-36.85,28.92,-184.66,-21.421341571103284,15.83468805381483,57.58249497145589,-0.5735239106957641,0.41405959039794876,0.7068415518768825
,521,0,-0.65478515625,0.10596707818930051,0.65478515625,-0.10596707818930051,1706,2476,2974,1822,1758,2476,2973,1823,-238,0,15,0,5000,5000,5000,5000,-34.51,40.76,-235.73000000000002,28.744436405763878,0.5709474000806267,55.52846448696657,0.8005229276486028,-0.007562722000245112,0.5992544096999686
,522,0,0.09521484375,0.6059670781893005,-0.09521484375,-0.6059670781893005,2195,2802,2485,1496,2195,2802,2486,1537,0,0,-14,-173,4900,5000,5000,4800,-36.9,69.14,-211.4,2.5443189151031333,-26.096732414782963,57.86814326139059,0.08157241329809416,-0.7254597741143661,0.6834135333241931
,523,0,-0.27978515625,-0.6718106995884774,0.27978515625,0.6718106995884774,1951,1969,2729,2329,1963,2025,2729,2329,-31,-252,0,0,5000,4800,4700,4700,-33.34,13.13,-214.21,9.143027439696567,29.58585358480034,54.180805169152734,0.2794288080505551,0.7679354766848774,0.5763632924468879
,524,0,0.47021484375,-0.1718106995884774,-0.47021484375,0.1718106995884774,2440,2295,2240,2003,2441,2299,2273,2004,0,-9,-127,0,4900,5000,4900,4900,-40.42,36.730000000000004,-187.71,-18.922365388063582,7.847018420225048,61.187457087932,-0.5098715344495128,0.18328207394248885,0.8404990777683451
,525,0,-0.46728515625,0.32818930041152283,0.46728515625,-0.32818930041152283,1828,2621,2852,1677,1862,2622,2851,1694,-127,0,15,-53,5000,5000,4900,5000,-38.54,52.7,-227.61,19.81818622396807,-10.782706832664616,59.547854148999434,0.5792992235219315,-0.31765830978034487,0.750670105874999
,526,0,0.28271484375,-0.5051440329218106,-0.28271484375,0.5051440329218106,2317,2078,2363,2220,2317,2115,2378,2221,0,-137,-38,0,5000,5000,5000,4900,-38.09,20.09,-199.37,-6.155411549216552,23.656082707947967,58.873915209471,-0.1506634205574372,0.641592945253342,0.7521030689387423
,527,0,-0.09228515625,-0.005144032921810648,0.09228515625,0.005144032921810648,2073,2404,2607,1894,2080,2405,2606,1894,-21,-2,16,0,5000,5000,5000,4900,-44.59,39.45,-212.11,5.218165712912821,3.4996558161174036,65.48658450535021,0.17327250113532025,0.06172555601691882,0.9829377376440039
,528,0,0.65771484375,0.49485596707818913,-0.65771484375,-0.49485596707818913,2562,2730,2118,1568,2563,2731,2161,1597,0,0,-180,-99,5000,5000,4900,4800,-33.79,61.44,-183.16,-25.096636353449355,-16.518735824068102,54.597168918761795,-0.6432834608177879,-0.46831670727551006,0.6056945193122629
,529,0,-0.70166015625,-0.338477366255144,0.70166015625,0.338477366255144,1676,2186,3004,2112,1731,2205,3003,2113,-260,-51,14,0,5000,4800,5000,4800,-32.35,30.16,-235.52,29.26033561103864,11.154760696270763,53.340670136168086,0.803019177305617,0.27210870062593706,0.5302047301968125
,530,0,0.04833984375,0.1615226337448561,-0.04833984375,-0.1615226337448561,2165,2512,2515,1786,2166,2512,2518,1795,-5,0,-15,-30,5000,5000,5000,5000,-44.52,48.43,-209.46,1.968858416613216,-5.281353788873595,65.42598408233368,0.06909053958048096,-0.18516811285275447,0.9802750977776735
,531,0,-0.32666015625,0.6615226337448559,0.32666015625,-0.6615226337448559,1920,2838,2760,1460,1938,2839,2759,1506,-51,0,13,-200,5000,5000,5000,5000,-34.65,69.64,-219.6,10.702693234915671,-27.155014382300976,55.66055006176141,0.3043539755752149,-0.7352129652651532,0.6056653806001975
,532,0,0.42333984375,-0.6162551440329218,-0.42333984375,0.6162551440329218,2409,2005,2271,2293,2410,2053,2291,2293,0,-198,-64,0,5100,4800,5000,4800,-34.44,17.490000000000002,-192.84,-12.477455761973317,26.680089681329612,55.18466883698676,-0.3257345101794873,0.7097407613687639,0.6246319560587792
,533,0,-0.51416015625,-0.11625514403292181,0.51416015625,0.11625514403292181,1798,2331,2882,1967,1838,2333,2881,1968,-167,-8,13,0,5000,4900,4900,5000,-38.28,37.97,-229.94,23.137664745392044,3.7558260678322952,59.2623310378963,0.6724044962389639,0.07560497508606726,0.7363124888115511
,534,0,0.23583984375,0.3837448559670782,-0.23583984375,-0.3837448559670782,2287,2657,2393,1641,2287,2658,2406,1663,0,0,-35,-75,5000,5000,5000,4900,-41.660000000000004,58.800000000000004,-202.39000000000001,-5.77060841454923,-15.159092556796438,62.55678035969376,-0.14285572191404933,-0.4635745757111638,0.8744660402043236
,535,0,-0.13916015625,-0.4495884773662552,0.13916015625,0.4495884773662552,2042,2114,2638,2184,2046,2151,2638,2185,-16,-132,0,0,4900,5000,5000,4900,-39.56,21.490000000000002,-210.39000000000001,4.737828449097492,21.520311483069705,60.402674057070215,0.1543494422708921,0.5823298418996115,0.7981655247527533
,536,0,0.61083984375,0.05041152263374471,-0.61083984375,-0.05041152263374471,2531,2440,2149,1858,2531,2440,2196,1858,0,0,-205,0,5100,4800,4800,4800,-37.38,42.49,-181.43,-25.561820989963678,2.5149755194155006,58.13057177534275,-0.6767426209949117,0.038167886876287624,0.735229649388771
,537,0,-0.60791015625,0.5504115226337447,0.60791015625,-0.5504115226337447,1737,2766,2943,1532,1779,2766,2942,1561,-177,0,13,-107,5000,4800,4800,4800,-32.76,62.300000000000004,-231.49,23.069698693337926,-20.638993347505362,53.81164609847504,0.6362363507321998,-0.5511587935476026,0.5398400599271278
,538,0,0.14208984375,-0.28292181069958844,-0.14208984375,0.28292181069958844,2226,2223,2454,2075,2226,2246,2459,2075,0,-65,-19,0,5000,5000,5000,4900,-42.77,29.1,-204.6,-1.567729969101208,14.327307938593968,63.60281984184988,-0.026688507635288346,0.3926859315576228,0.9192853108349567
,539,0,-0.23291015625,0.21707818930041145,0.23291015625,-0.21707818930041145,1981,2549,2699,1749,1997,2549,2698,1760,-47,0,14,-37,5000,5000,5000,5000,-42.9,49.46,-218.17000000000002,10.597272352015864,-6.901019595982945,63.85227647523806,0.3223350126024741,-0.21991486543745958,0.920726664982712
,540,0,0.51708984375,0.7170781893004115,-0.51708984375,-0.7170781893004115,2470,2874,2210,1424,2471,2875,2239,1471,0,0,-105,-205,4800,5000,5000,4600,-31.93,72.10000000000001,-192.72,-16.26856357330189,-27.804447478763805,52.812051713790154,-0.4007208105536666,-0.7471650842725652,0.5302519861661841
,541,0,-0.42041015625,-0.7088477366255144,0.42041015625,0.7088477366255144,1859,1945,2821,2353,1883,2001,2821,2353,-73,-251,0,0,5100,4900,5000,4700,-31.12,12.540000000000001,-219.58,14.55125682950569,29.80602080747255,51.98627076266334,0.4279031897977242,0.7543609300438842,0.49783375476584496
,542,0,0.32958984375,-0.20884773662551437,-0.32958984375,0.20884773662551437,2348,2271,2332,2027,2348,2278,2353,2028,0,-16,-68,0,5000,5000,5000,4900,-42.21,33.15,-194.75,-11.665653820741511,10.949207300236885,63.003678820382284,-0.3085206549863027,0.27427053302307824,0.910818686765955
,543,0,-0.04541015625,0.29115226337448563,0.04541015625,-0.29115226337448563,2103,2597,2577,1701,2106,2598,2576,1721,-14,0,15,-63,5000,5000,5000,5000,-43.32,54.57,-208.68,0.7822913534648421,-11.358179227823072,64.23760233003853,0.04393836184564175,-0.36402261716131085,0.9303531343276868
,544,0,0.70458984375,-0.5421810699588477,-0.70458984375,0.5421810699588477,2592,2054,2088,2244,2593,2089,2133,2244,0,-125,-189,0,4800,5000,4800,4900,-31.3,24.32,-180.06,-25.673721694009316,20.718547699053445,51.99790203589437,-0.6671081503642046,0.5335587457849149,0.5198863149901889
,545,0,-0.72509765625,-0.04218106995884774,0.72509765625,0.04218106995884774,1660,2380,3020,1918,1722,2381,3020,1918,-309,0,16,0,5000,5000,4800,5000,-32.55,39.87,-238.13,31.208443674645366,1.291464237753459,53.57827894053027,0.850115084123306,0.013645169295059704,0.5264201298401632
,546,0,0.02490234375,0.45781893004115215,-0.02490234375,-0.45781893004115215,2149,2705,2531,1593,2150,2706,2532,1624,0,0,0,-117,5000,4900,5000,4900,-40.39,62.6,-211.34,2.908725338402121,-19.55762571304176,61.341267431630065,0.09411643354105725,-0.5683467832513557,0.8173885434145427
,547,0,-0.35009765625,-0.3755144032921811,0.35009765625,0.3755144032921811,1905,2162,2775,2136,1927,2190,2775,2137,-64,-87,12,0,5000,4900,5000,4900,-39.11,26.02,-221.12,15.139886421973017,16.275747541020785,60.017915708626305,0.4495981020747705,0.43665755655156563,0.7792250797537129
,548,0,0.39990234375,0.124485596707819,-0.39990234375,-0.124485596707819,2394,2488,2286,1810,2395,2488,2314,1814,0,0,-95,-18,5000,5000,4900,4800,-42.04,45.19,-191.17000000000002,-16.048749726213998,-0.8223921699743144,62.84614724782082,-0.4360403214835989,-0.056300736682402555,0.8981642751131321
,549,0,-0.53759765625,0.6244855967078189,0.53759765625,-0.6244855967078189,1783,2814,2897,1484,1818,2814,2896,1522,-131,0,14,-147,5000,4800,5000,4700,-32.69,66.11,-228.44,19.770029690276118,-24.23481860157922,53.73598096517207,0.5425571468975957,-0.6436684485211823,0.5397431525537633
,550,0,0.21240234375,-0.6532921810699589,-0.21240234375,0.6532921810699589,2271,1981,2409,2317,2271,2037,2416,2317,3,-249,-20,0,5100,4800,4900,5000,-34.57,13.82,-203.43,-1.6647797972241278,29.62792379703434,55.35848629187118,-0.021803427841447006,0.7818596143353682,0.6230731530131214
,551,0,-0.16259765625,-0.1532921810699588,0.16259765625,0.1532921810699588,2027,2307,2653,1991,2036,2312,2652,1992,-27,-12,14,10,5000,5000,5000,4900,-43.34,33.51,-214.34,7.84976031773283,9.272149397206732,64.23277922056121,0.24976980408316338,0.23171980422437397,0.9401707171032695
,552,0,0.58740234375,0.3467078189300412,-0.58740234375,-0.3467078189300412,2516,2633,2164,1665,2516,2634,2204,1683,0,0,-160,-55,5000,4800,5000,5000,-37.11,55.01,-184.45000000000002,-23.39191853330533,-10.180905369964506,57.9073414654307,-0.6117411693667494,-0.3084396077382893,0.7284488657963931
,553,0,-0.63134765625,-0.4866255144032922,0.63134765625,0.4866255144032922,1721,2090,2959,2208,1765,2120,2958,2209,-188,-101,10,0,4800,4900,4800,4800,-32.02,22.55,-231.23000000000002,25.495053864199207,19.035770582178102,52.96994578419138,0.7020303096408296,0.4824218229404414,0.523853633275959
,554,0,0.11865234375,0.013374485596707952,-0.11865234375,-0.013374485596707952,2210,2416,2470,1882,2210,2417,2477,1882,0,0,-24,-17,5000,5000,5000,5000,-44.89,40.78,-204.36,-2.605253095333495,2.6961904445647917,65.75108695806745,-0.05900134746881187,0.03668327640934846,0.9975836697885242
,555,0,-0.25634765625,0.5133744855967075,0.25634765625,-0.5133744855967075,1966,2742,2714,1556,1979,2743,2712,1592,-34,0,13,-135,5000,5000,4900,5000,-38.660000000000004,63.58,-217.61,9.106628750375165,-20.963171443264315,59.645203017727624,0.2694630427482323,-0.5998108160643261,0.7534033803515298
,556,0,0.49365234375,-0.31995884773662553,-0.49365234375,0.31995884773662553,2455,2198,2225,2100,2456,2220,2254,2101,0,-57,-110,-1,4900,5000,4900,4900,-38.96,31.240000000000002,-187.31,-18.94408882438526,13.34729975787095,59.711607061994904,-0.5096184465221367,0.3463259893130371,0.7876213227755515
,557,0,-0.44384765625,0.18004115226337447,0.44384765625,-0.18004115226337447,1844,2524,2836,1774,1877,2524,2835,1779,-120,0,15,-23,5000,5000,5000,5000,-39.87,45.75,-227.28,19.951301589950987,-3.8225010175081024,60.858623125593226,0.5882632772233479,-0.13148841769288358,0.7979079600324013
,558,0,0.30615234375,0.6800411522633745,-0.30615234375,-0.6800411522633745,2333,2850,2347,1448,2333,2851,2361,1496,0,0,-37,-215,5000,5000,5000,4700,-34.95,71.64,-202.57,-6.424674809830464,-28.001127826157827,55.88022231748055,-0.1444213561301217,-0.7693878426250614,0.6222417693423434
,559,0,-0.06884765625,-0.5977366255144033,0.06884765625,0.5977366255144033,2088,2017,2592,2281,2089,2068,2592,2281,0,-219,0,0,5100,4800,5100,5000,-35.97,15.31,-206.83,1.6201709102082589,27.916034703724797,56.77927289863076,0.06842205215684348,0.740037434833924,0.6690762421600933
,560,0,0.68115234375,-0.09773662551440332,-0.68115234375,0.09773662551440332,2577,2343,2103,1955,2578,2344,2152,1956,0,0,-215,0,5000,4900,5000,5000,-35.38,42.18,-178.24,-28.713945956553857,3.0336787641253125,56.11382807845751,-0.7499810972970571,0.05112839941972232,0.6594802805769695
,561,0,-0.67822265625,0.4022633744855968,0.67822265625,-0.4022633744855968,1691,2669,2989,1629,1743,2670,2988,1646,-240,0,14,-52,5000,4900,5000,5000,-33.1,54.58,-235.26,27.350149188144457,-13.189868871537072,54.15103982711598,0.7556489678778144,-0.3538808054248274,0.5511469975397395
,562,0,0.07177734375,-0.43106995884773663,-0.07177734375,0.43106995884773663,2180,2126,2500,2172,2180,2160,2502,2173,0,-117,-2,0,5000,5000,4800,5000,-39.92,21.91,-208.36,2.682406553901842,21.239197336631314,60.75355248248631,0.09436503155943943,0.5787932834185732,0.8099960344892643
,563,0,-0.30322265625,0.06893004115226331,0.30322265625,-0.06893004115226331,1935,2452,2745,1846,1958,2452,2744,1849,-73,0,13,-17,5000,5000,5000,5000,-42.39,40.99,-221.79,14.782761323423557,1.304080490464166,63.33903711430591,0.4475181518761395,0.01025790344621492,0.8942160137004108
,564,0,0.44677734375,0.5689300411522633,-0.44677734375,-0.5689300411522633,2424,2778,2256,1520,2425,2778,2281,1554,0,0,-86,-135,5000,5000,5000,4900,-36.300000000000004,66.48,-194.20000000000002,-14.433989152298238,-22.284581641487208,57.17520628729153,-0.3637461829900516,-0.6340656895010067,0.6823850934463478
,565,0,-0.49072265625,-0.26440329218106995,0.49072265625,0.26440329218106995,1813,2235,2867,2063,1847,2253,2866,2063,-126,-47,13,0,5000,4900,5000,4900,-38.06,32.57,-228.07,21.63724473745981,9.268990779598212,59.01931939057111,0.6364128490255628,0.23637848207580556,0.7342369500418139
,566,0,0.25927734375,0.23559670781893005,-0.25927734375,-0.23559670781893005,2302,2561,2378,1737,2302,2562,2394,1747,0,0,-47,-32,5000,5000,5000,5000,-43.2,51.89,-199.37,-8.325047956363676,-8.056787251320898,64.06416152417367,-0.21753000130466585,-0.26134778055856367,0.940413757943547
,567,0,-0.11572265625,0.73559670781893,0.11572265625,-0.73559670781893,2058,2887,2622,1411,2060,2888,2621,1467,-11,0,13,-260,4800,5000,5000,4900,-33.46,73.98,-210.03,0.8676113861589556,-30.84313702864003,54.43355520691619,0.03540954705918092,-0.8282253464378182,0.5592753700057067
,568,0,0.63427734375,-0.7397119341563786,-0.63427734375,0.7397119341563786,2546,1925,2134,2373,2546,1983,2169,2374,0,-266,-134,0,5100,4600,4800,5100,-28.48,15.75,-184.63,-20.522501663421878,28.95275087285229,49.17920902510453,-0.5247962878823255,0.739994231601175,0.42071058154260593
,569,0,-0.58447265625,-0.2397119341563786,0.58447265625,0.2397119341563786,1752,2251,2928,2047,1796,2258,2927,2047,-190,-16,15,0,4800,5000,5100,5000,-36.08,32.95,-231.73000000000002,25.272801330936034,8.63737505938326,57.05865882902327,0.7210767288046861,0.2107912177868183,0.660011676927222
,570,0,0.16552734375,0.2602880658436213,-0.16552734375,-0.2602880658436213,2241,2577,2439,1721,2241,2578,2447,1736,0,0,-26,-49,5000,5000,5000,5000,-43.57,52.94,-204.4,-3.3791736216634263,-9.442547747181123,64.46202445718771,-0.07962736274112234,-0.307756700258746,0.9481272575708083
,571,0,-0.20947265625,-0.573045267489712,0.20947265625,0.573045267489712,1996,2033,2684,2265,2004,2078,2684,2265,-23,-179,0,0,5000,5000,4800,4900,-36.24,16.39,-212.15,6.853841006799968,26.480499792742904,57.07866701913742,0.21469467284201108,0.7020450100383671,0.6789985282263074
,572,0,0.54052734375,-0.07304526748971196,-0.54052734375,0.07304526748971196,2485,2359,2195,1939,2486,2360,2233,1940,0,0,-157,4,5000,5000,5000,4800,-39.14,41.02,-184.07,-22.83721434685785,3.8086176158663037,59.900065704869995,-0.6106443782579501,0.06505745887486324,0.7892280851228661
,573,0,-0.39697265625,0.4269547325102878,0.39697265625,-0.4269547325102878,1874,2685,2806,1613,1900,2686,2805,1636,-87,0,15,-75,5000,5000,5000,4900,-38.58,58.550000000000004,-223.95000000000002,15.771781703978803,-16.372428064802605,59.58428226446187,0.4589660475656175,-0.4693645169972372,0.7543521176254135
,574,0,0.35302734375,-0.4063786008230453,-0.35302734375,0.4063786008230453,2363,2142,2317,2156,2363,2171,2336,2157,0,-94,-58,0,5000,4900,5000,4900,-39.53,25.23,-194.65,-11.218263259495615,18.85022814278856,60.30321379908093,-0.2922302543312139,0.5107241448923228,0.8085557038803939
,575,0,-0.02197265625,0.09362139917695478,0.02197265625,-0.09362139917695478,2119,2468,2561,1830,2123,2468,2560,1836,-17,0,14,-22,5000,5000,5000,5000,-44.88,44.87,-208.1,0.8503585390263595,-1.6367282196871358,65.7701678766507,0.04819510549406131,-0.08485967041922424,0.9952266415961526
,576,0,0.72802734375,0.5936213991769548,-0.72802734375,-0.5936213991769548,2608,2794,2072,1504,2609,2794,2119,1536,0,0,-204,-122,5000,5100,5100,4700,-30.400000000000002,65.35,-181.82,-26.680924522431468,-20.33914163607919,51.21038129194267,-0.6680354395813454,-0.5625606570583748,0.48708742397377475
,577,0,-0.73681640625,-0.684156378600823,0.73681640625,0.684156378600823,1653,1961,3027,2337,1705,2008,3027,2337,-241,-186,15,0,4800,5100,5000,4900,-25.77,16.05,-232.38,27.111050545213175,25.425528140711727,46.709390451785616,0.7249202033838128,0.6117674791427019,0.3165931935297336
,578,0,0.01318359375,-0.18415637860082312,-0.01318359375,0.18415637860082312,2142,2287,2538,2011,2143,2294,2539,2012,0,-13,0,0,5000,5000,5000,5000,-43.54,31.44,-209.45000000000002,3.1096118020062136,11.66777161777641,64.40303263511558,0.10600298031656694,0.29735136815303653,0.9488653919400386
,579,0,-0.36181640625,0.3158436213991771,0.36181640625,-0.3158436213991771,1897,2613,2783,1685,1922,2614,2782,1706,-74,0,14,-67,5000,4900,5000,5000,-40.45,52.38,-223.45000000000002,15.680065320807813,-10.177435400009415,61.43616076701453,0.47086060606812086,-0.3174427061479592,0.8231162845956957
,580,0,0.38818359375,-0.5174897119341564,-0.38818359375,0.5174897119341564,2386,2070,2294,2228,2387,2105,2316,2229,0,-128,-68,-3,5000,5000,5000,5000,-36.99,20.41,-194.46,-11.070441761711152,23.664788498827683,57.750125985697075,-0.28569856244933084,0.6363078071168093,0.7165812626747807
,581,0,-0.54931640625,-0.017489711934156382,0.54931640625,0.017489711934156382,1775,2396,2905,1902,1817,2397,2904,1902,-179,0,15,0,5000,5000,5000,5000,-37.34,38.89,-231.71,24.84609945037502,2.715872255630515,58.33354315721701,0.7118614908078399,0.04515769762742992,0.7008666066020195
,582,0,0.20068359375,0.4825102880658434,-0.20068359375,-0.4825102880658434,2264,2722,2416,1576,2264,2723,2425,1608,0,0,-26,-121,4900,5000,5000,5000,-40.050000000000004,63.370000000000005,-205.42000000000002,-3.0480177828567605,-19.927608983437793,60.97353958802573,-0.06700144964147252,-0.5865162641270637,0.8071613702726198
,583,0,-0.17431640625,-0.35082304526748975,0.17431640625,0.35082304526748975,2019,2178,2661,2120,2025,2206,2661,2121,-19,-88,0,0,5000,5000,5000,4900,-41.18,25.97,-213.43,7.4608612724260865,16.850147942834887,62.04920518357116,0.23224113259364546,0.45543193689935774,0.8594450576876457
,584,0,0.57568359375,0.14917695473251025,-0.57568359375,-0.14917695473251025,2508,2504,2172,1794,2508,2504,2214,1798,0,0,-171,-17,5000,5000,5000,4800,-38.47,45.49,-183.31,-23.893744366559815,-0.6018502869773101,59.23755744420089,-0.6371265828670125,-0.05045841444332425,0.7691057572376302
,585,0,-0.64306640625,0.6491769547325101,0.64306640625,-0.6491769547325101,1714,2830,2966,1468,1759,2831,2965,1506,-197,0,13,-148,4900,5100,4900,4800,-30.16,66.07000000000001,-231.89000000000001,23.227053786062868,-24.434802320899536,51.22321537460125,0.6289951442340008,-0.6324693685952625,0.45204823450463605
,586,0,0.10693359375,-0.6286008230452675,-0.10693359375,0.6286008230452675,2203,1997,2477,2301,2203,2050,2478,2301,0,-234,-13,0,5000,5000,4800,4700,-34.99,14.040000000000001,-207.39000000000001,2.2692868136949755,29.142571878810795,55.79888771821813,0.08179771509870978,0.7687306525295209,0.6343203588614884
,587,0,-0.26806640625,-0.12860082304526754,0.26806640625,0.12860082304526754,1958,2323,2722,1975,1977,2326,2721,1976,-58,-10,14,0,5000,5000,5000,5000,-42.38,35.14,-219.81,13.201931553150757,7.274237350343888,63.304334004210155,0.39879411435698714,0.17154053221867704,0.9008535397945435
,588,0,0.48193359375,0.37139917695473246,-0.48193359375,-0.37139917695473246,2447,2649,2233,1649,2448,2650,2261,1667,0,0,-105,-58,5000,5000,5000,5000,-39.02,56.86,-189.56,-18.42762868383926,-12.3658345182629,59.847601991082925,-0.4871990361850714,-0.37589871546114323,0.7882494876972641
,589,0,-0.45556640625,-0.4619341563786008,0.45556640625,0.4619341563786008,1836,2106,2844,2192,1866,2137,2844,2193,-108,-108,0,0,4900,5000,5000,4900,-36.050000000000004,22.45,-224.26,18.5282834996938,19.617104046485316,56.96468758955577,0.5398138768036499,0.5091046938927342,0.6703830166901602
,590,0,0.29443359375,0.0380658436213992,-0.29443359375,-0.0380658436213992,2325,2432,2355,1866,2325,2432,2375,1866,0,0,-60,0,5000,4900,5000,5000,-43.550000000000004,41.61,-195.67000000000002,-11.32487098608732,2.450288687992753,64.36963983082711,-0.3016309869905707,0.03116794089403068,0.9529151626181207
,591,0,-0.08056640625,0.538065843621399,0.08056640625,-0.538065843621399,2080,2758,2600,1540,2082,2758,2599,1579,-12,0,13,-156,5000,4900,5000,5000,-38.86,65.95,-209.28,0.6348715405705434,-22.76543680971696,59.809426423517785,0.034537626539603565,-0.6509903196503545,0.7582999116936121
,592,0,0.66943359375,-0.2952674897119342,-0.66943359375,0.2952674897119342,2569,2215,2111,2083,2570,2234,2154,2083,0,-51,-181,0,5000,4800,4700,4900,-35.39,35.53,-179.61,-26.89857996616189,9.57615125669438,56.11389811636425,-0.7141526756212165,0.237402356391554,0.6585029059030753
,593,0,-0.68994140625,0.20473251028806594,0.68994140625,-0.20473251028806594,1683,2540,2997,1758,1739,2540,2996,1762,-267,0,15,-21,5100,5000,4800,5000,-33.7,44.9,-236.69,29.42690438741957,-3.6266665041906876,54.73374757844952,0.8147099549068209,-0.10924650855284587,0.5694847581320676
,594,0,0.06005859375,0.7047325102880657,-0.06005859375,-0.7047325102880657,2172,2866,2508,1432,2173,2867,2509,1483,0,0,0,-234,5000,4900,5100,4700,-34.27,72.9,-211.73000000000002,2.6326537012576523,-29.877929290876878,55.24933682528794,0.0818017168555183,-0.805093038388135,0.5874807900335558
,595,0,-0.31494140625,-0.7211934156378601,0.31494140625,0.7211934156378601,1928,1937,2752,2361,1944,1995,2752,2361,-40,-263,0,0,4900,4900,5100,4700,-31.63,11.38,-215.08,10.137337230623501,31.268303698454744,52.470773106666435,0.30312304980589927,0.800998581359972,0.5162535126618345
,596,0,0.43505859375,-0.2211934156378601,-0.43505859375,0.2211934156378601,2417,2263,2263,2035,2418,2270,2293,2036,0,-14,-111,-1,5000,5000,5000,4900,-40.68,33.76,-189.73,-16.707915558775596,10.674763545651714,61.45007745879472,-0.4499221039425774,0.2638113790850884,0.8532137227266728
,597,0,-0.50244140625,0.2788065843621399,0.50244140625,-0.2788065843621399,1805,2589,2875,1709,1842,2590,2874,1723,-146,0,13,-40,5000,5000,5000,5000,-38.26,49.42,-229.31,21.736887414034612,-7.625632082869032,59.26809573993832,0.6340946677969727,-0.23040243504975919,0.7381318785925647
,598,0,0.24755859375,-0.5545267489711934,-0.24755859375,0.5545267489711934,2294,2046,2386,2252,2294,2088,2397,2252,0,-164,-30,0,5000,5000,5000,4800,-37.01,17.72,-201.56,-3.8053474655026207,25.86990154994248,57.798924541014856,-0.0835516116971074,0.6967425985777138,0.7124386847371431
,599,0,-0.12744140625,-0.05452674897119347,0.12744140625,0.05452674897119347,2050,2371,2630,1927,2060,2373,2630,1928,-28,-9,13,0,5000,5000,5000,5000,-44.2,37.74,-213.49,6.712232513944315,5.111576857642987,65.09918942285353,0.21783491794565904,0.10800924417562777,0.9699906967060136
,600,0,0.62255859375,0.4454732510288064,-0.62255859375,-0.4454732510288064,2539,2697,2141,1601,2539,2698,2181,1625,0,0,-157,-75,5000,4900,4800,5000,-35.34,59.42,-184.1,-24.030025447288637,-14.562303860343434,56.14675439435694,-0.6221461447092833,-0.4232752274905384,0.6586138902393479
,601,0,-0.59619140625,-0.38786008230452673,0.59619140625,0.38786008230452673,1744,2154,2936,2144,1786,2177,2935,2145,-175,-66,14,0,5000,4800,4900,5000,-34.37,26.66,-231.03,25.006933440094144,14.955348684099988,55.3292879775275,0.701556351235128,0.38021053472390287,0.6027094120109772
,602,0,0.15380859375,0.11213991769547338,-0.15380859375,-0.11213991769547338,2233,2480,2447,1818,2233,2480,2455,1824,0,0,-25,-21,5000,5000,5000,5000,-44.63,45.54,-203.24,-4.0425007624213265,-1.978166496092605,65.4975000207488,-0.0994177168774682,-0.09424343403152374,0.9905727094528786
,603,0,-0.22119140625,0.6121399176954734,0.22119140625,-0.6121399176954734,1989,2806,2691,1492,1998,2806,2690,1534,-25,0,13,-169,5000,5000,5000,5000,-36.64,68.33,-215.31,6.5012600797248865,-25.553005166741002,57.62570296057728,0.19035072874074857,-0.7104657727028442,0.6774990670736134
,604,0,0.52880859375,-0.6656378600823045,-0.52880859375,0.6656378600823045,2478,1973,2202,2325,2479,2025,2230,2325,0,-222,-104,0,5100,5100,4900,5000,-31.900000000000002,16.96,-188.36,-16.899179525610208,27.503742590191735,52.62091088354973,-0.43618483962468857,0.720365980276825,0.5392732518319385
,605,0,-0.40869140625,-0.16563786008230452,0.40869140625,0.16563786008230452,1867,2299,2813,1999,1897,2303,2812,2000,-107,-11,15,0,4900,5000,5000,5000,-40.24,34.94,-225.12,18.52360581231798,7.109568960291249,61.19048268478522,0.5542173244234394,0.16715142925282492,0.8154161863782581
,606,0,0.34130859375,0.3343621399176957,-0.34130859375,-0.3343621399176957,2355,2625,2325,1673,2355,2626,2344,1692,0,0,-56,-58,5000,4900,5000,4900,-41.5,55.81,-196.12,-11.823803532067217,-11.75353318895607,62.357797291642605,-0.30668708353440277,-0.3691943769158173,0.8772904563751411
,607,0,-0.03369140625,-0.4989711934156379,0.03369140625,0.4989711934156379,2111,2082,2569,2216,2111,2123,2569,2217,0,-162,0,0,4800,5000,5000,5000,-38.52,19.23,-205.67000000000002,0.18609748348475819,24.090491565118803,59.33331931587342,0.029324013097775537,0.6485590099464988,0.7605993116438242
,608,0,0.71630859375,0.0010288065843621075,-0.71630859375,-0.0010288065843621075,2600,2408,2080,1890,2601,2409,2134,1890,0,-1,-247,0,4900,5000,5000,4900,-34.39,42.39,-176.99,-29.97046618530868,2.905625314415893,55.11810762132735,-0.7779826509044868,0.05127648320822671,0.6261898411515657
,609,0,-0.71337890625,0.501028806584362,0.71337890625,-0.501028806584362,1668,2734,3012,1564,1725,2735,3012,1591,-270,0,14,-89,4800,5000,4900,4700,-31.330000000000002,58.63,-235.73000000000002,27.55444762128127,-17.26738748152715,52.39365423044046,0.7468959716174313,-0.45371212858668175,0.48609845911604743
,610,0,0.03662109375,-0.3323045267489712,-0.03662109375,0.3323045267489712,2157,2190,2523,2108,2158,2217,2524,2109,0,-79,0,-15,4900,4900,5000,4900,-41.84,26.21,-208.51,2.5327467266032215,16.944376387001626,62.68513601594142,0.09014094603917915,0.4665901103659316,0.8798683303516894
,611,0,-0.33837890625,0.16769547325102885,0.33837890625,-0.16769547325102885,1912,2516,2768,1782,1939,2516,2767,1790,-84,0,15,-27,5000,5000,5000,5000,-41.82,45.63,-222.85,15.530115255003693,-3.3984508869644756,62.786080745999264,0.4692075991281395,-0.11710955872735442,0.875288284038517
,612,0,0.41162109375,0.6676954732510287,-0.41162109375,-0.6676954732510287,2401,2842,2279,1456,2402,2843,2301,1500,0,0,-71,-186,4800,5000,5100,5000,-34.550000000000004,70.49,-197.66,-11.243933777478901,-26.52377369407894,55.452708842640575,-0.2818307334327887,-0.7368320436834501,0.6145323238805317
,613,0,-0.52587890625,-0.6100823045267489,0.52587890625,0.6100823045267489,1790,2009,2890,2289,1823,2054,2889,2289,-124,-179,15,0,4900,5000,4900,4900,-32.06,17.26,-225.44,20.07493141476462,24.704285989457865,52.96755610486565,0.5779939468750543,0.623378335561703,0.5266141358984942
,614,0,0.22412109375,-0.11008230452674894,-0.22412109375,0.11008230452674894,2279,2335,2401,1963,2279,2339,2417,1964,-8,-10,-46,0,5000,5000,5000,5000,-43.980000000000004,36.9,-199.64000000000001,-7.048341221821204,6.88304750593408,64.80763804693024,-0.1812743516471877,0.15441422482006123,0.9712341924624106
,615,0,-0.15087890625,0.38991769547325106,0.15087890625,-0.38991769547325106,2035,2661,2645,1637,2041,2662,2644,1662,-20,0,12,-83,5000,5000,5000,4900,-41.58,58.63,-213.48000000000002,5.305858429972972,-15.737595480330882,62.53194873343625,0.1687337396477064,-0.4785686101098867,0.8616849833448367
,616,0,0.59912109375,-0.4434156378600823,-0.59912109375,0.4434156378600823,2524,2118,2156,2180,2524,2149,2196,2181,0,-101,-157,0,5100,5000,4900,4800,-35.46,27.22,-183.72,-22.237807085413436,17.590229513410307,56.18351025117347,-0.5915417563638181,0.45949850607077714,0.6625250737871983
,617,0,-0.61962890625,0.05658436213991758,0.61962890625,-0.05658436213991758,1729,2444,2951,1854,1778,2444,2950,1855,-220,0,13,0,5000,5000,4900,5000,-35.59,40.17,-234.37,27.42212786782366,1.2544044411013644,56.600139159416,0.7717677111998922,0.010150396383207158,0.6358235363703862
,618,0,0.13037109375,0.5565843621399176,-0.13037109375,-0.5565843621399176,2218,2770,2462,1528,2218,2770,2465,1565,0,0,-15,-147,5000,5000,4900,5000,-38.25,66.99,-209.91,1.1962273305240672,-23.84729445609993,59.20522140032752,0.04775812830771965,-0.6745233745528137,0.7367071184415337
,619,0,-0.24462890625,-0.2767489711934157,0.24462890625,0.2767489711934157,1974,2227,2706,2071,1986,2250,2705,2072,-31,-65,2,-16,5000,5000,5000,5000,-41.71,30.27,-217.62,11.348669078882864,12.278904662193497,62.611063999684895,0.3453020306909665,0.334545640376717,0.8768384811957257
,620,0,0.50537109375,0.22325102880658432,-0.50537109375,-0.22325102880658432,2462,2553,2218,1745,2463,2553,2251,1752,0,0,-125,-23,5000,5000,5000,5000,-39.79,49.84,-187.0,-20.511981389085634,-5.18700246678754,60.58702350608111,-0.5510928771526045,-0.17081613719987124,0.8167732170093349
,621,0,-0.43212890625,0.7232510288065841,0.43212890625,-0.7232510288065841,1851,2878,2829,1420,1878,2879,2828,1468,-85,0,12,-210,5000,4900,5100,5000,-32.09,71.19,-223.03,14.03266066652543,-28.94010890460119,53.121701021177834,0.38452244405295005,-0.7657339640007358,0.5155521180203477
,622,0,0.31787109375,-0.7026748971193416,-0.31787109375,0.7026748971193416,2340,1949,2340,2349,2340,2008,2352,2349,0,-274,-33,0,5100,4800,4900,4800,-32.79,12.99,-198.42000000000002,-6.598726857265262,30.788806975565905,53.55130156016451,-0.16214956372453793,0.8086394149854785,0.5655172990421116
,623,0,-0.05712890625,-0.2026748971193416,0.05712890625,0.2026748971193416,2096,2275,2584,2023,2099,2282,2583,2024,-14,-15,14,0,5000,5000,5000,5000,-43.39,30.78,-208.14000000000001,1.8478530519918763,12.414181329188658,64.24480052879164,0.07689169443108958,0.3206098396417178,0.944085270540976
,624,0,0.69287109375,0.2973251028806585,-0.69287109375,-0.2973251028806585,2585,2601,2095,1697,2586,2602,2142,1711,0,0,-203,-40,5000,5000,4800,5000,-34.79,51.51,-179.22,-28.362658340187664,-6.342818627996188,55.55231791280912,-0.7375146934607455,-0.20008407536911407,0.6450104182981764
,625,0,-0.66650390625,-0.5360082304526749,0.66650390625,0.5360082304526749,1699,2058,2981,2240,1750,2091,2981,2240,-234,-119,0,0,4800,5100,5000,5000,-30.68,20.89,-231.34,25.723245151814496,20.680736367476705,51.62632518988157,0.7047923265731707,0.5245616192282544,0.4776011767533758
,626,0,0.08349609375,-0.03600823045267498,-0.08349609375,0.03600823045267498,2187,2384,2493,1914,2187,2386,2498,1914,0,-9,-17,11,5000,5000,5000,5000,-44.88,38.79,-206.15,-0.6850744459113116,4.560909543063644,65.74503402515771,-0.004959127487580675,0.0909544495916124,0.9958427060304494
,627,0,-0.29150390625,0.463991769547325,0.29150390625,-0.463991769547325,1943,2709,2737,1589,1960,2710,2736,1618,-49,-1,14,-105,5000,5000,5000,5000,-39.300000000000004,60.93,-219.61,11.277704037815397,-18.45226158123556,60.288525457125665,0.32884905328786335,-0.5348784486014718,0.7783080016120602
,628,0,0.45849609375,-0.36934156378600824,-0.45849609375,0.36934156378600824,2432,2166,2248,2132,2433,2190,2275,2133,0,-67,-98,-8,5000,5000,5000,5000,-38.87,28.12,-189.58,-16.468402596476295,16.3068428815483,59.62510735080467,-0.44259792913776197,0.4307292048492671,0.7864982042019437
,629,0,-0.47900390625,0.13065843621399176,0.47900390625,-0.13065843621399176,1821,2492,2859,1806,1859,2492,2858,1810,-146,-1,14,-19,5000,4900,4900,5000,-39.25,42.730000000000004,-228.65,21.524863568305506,-0.9035506362129411,60.23787247370968,0.6314154453789496,-0.05213896042967199,0.7736899017967184
,630,0,0.27099609375,0.6306584362139918,-0.27099609375,-0.6306584362139918,2310,2818,2370,1480,2310,2819,2382,1524,0,0,-32,-181,4900,4900,5000,5000,-36.38,69.59,-203.87,-4.99628468043835,-26.03938493671245,57.311538660559755,-0.11327753916113414,-0.7309835620874895,0.672927359437468
,631,0,-0.10400390625,-0.647119341563786,0.10400390625,0.647119341563786,2065,1985,2615,2313,2067,2042,2615,2313,-12,-258,0,0,5000,5000,5000,5000,-34.65,13.57,-207.1,2.0132954046139844,29.630085139124482,55.456252023208,0.08201443846824874,0.7781730450604898,0.6226719391654189
,632,0,0.64599609375,-0.14711934156378603,-0.64599609375,0.14711934156378603,2554,2311,2126,1987,2554,2313,2173,1988,0,-7,-204,0,4900,4900,5100,5000,-36.38,40.18,-179.83,-26.997514716608038,4.924749590172212,57.11673132873259,-0.7105171465986649,0.1023588190750338,0.6961954154882485
,633,0,-0.57275390625,0.3528806584362141,0.57275390625,-0.3528806584362141,1760,2637,2920,1661,1802,2638,2919,1676,-178,0,14,-49,5100,5000,5100,4900,-36.12,53.14,-231.58,23.761111947973546,-11.496349152140908,57.14890617648558,0.6769067237937478,-0.32111190744275164,0.662332567658644
,634,0,0.17724609375,-0.48045267489711935,-0.17724609375,0.48045267489711935,2249,2094,2431,2204,2249,2131,2437,2205,0,-138,-23,0,5000,4900,5000,4900,-38.980000000000004,20.41,-204.21,-1.3523752580734367,23.012956913058808,59.78897345784122,-0.016634558113375362,0.6258931887924566,0.7797313689339318
,635,0,-0.19775390625,0.019547325102880708,0.19775390625,-0.019547325102880708,2004,2420,2676,1878,2017,2421,2675,1879,-38,-2,15,-11,5000,5000,5000,4900,-43.63,39.57,-217.08,10.173332804247394,3.042018990183614,64.55181842097178,0.31881074361519035,0.054067896459754926,0.946274998257878
,636,0,0.55224609375,0.5195473251028804,-0.55224609375,-0.5195473251028804,2493,2746,2187,1552,2494,2747,2221,1583,0,0,-130,-110,4900,5000,5000,4900,-35.51,63.7,-188.1,-20.328694368349574,-19.10180856006295,56.34761585234273,-0.5192102313828498,-0.5324966715959937,0.6684818848454723
,637,0,-0.38525390625,-0.31378600823045266,0.38525390625,0.31378600823045266,1882,2202,2798,2096,1907,2225,2797,2096,-81,-59,14,0,5000,5000,5000,5000,-39.51,28.98,-222.86,16.674315257917243,13.206299546307633,60.43410935967619,0.49908534344461924,0.34914717943147805,0.7931015490174066
,638,0,0.36474609375,0.18621399176954734,-0.36474609375,-0.18621399176954734,2371,2528,2309,1770,2372,2528,2332,1777,0,0,-75,-26,5000,5000,5000,4900,-42.37,48.49,-193.29,-14.157785960789056,-4.256891248826932,63.19510586314699,-0.37749427210637565,-0.15019170263283632,0.9137508013605933
,639,0,-0.01025390625,0.6862139917695471,0.01025390625,-0.6862139917695471,2126,2854,2554,1444,2127,2855,2554,1495,0,0,14,-239,5000,5000,5000,4900,-34.99,72.16,-207.95000000000002,-1.0922581658249442,-28.88264358509224,55.94850629424954,-0.01318115316325504,-0.7872486164415768,0.6164948281308689
,640,0,0.73974609375,-0.5915637860082305,-0.73974609375,0.5915637860082305,2615,2021,2065,2277,2616,2065,2111,2277,0,-170,-201,0,5000,5000,4900,4800,-29.85,23.46,-179.12,-26.546556320692503,21.63583337948905,50.541040101828344,-0.6872452723833063,0.5570744779009548,0.4662209365292096
,641,0,-0.74267578125,-0.09156378600823045,0.74267578125,0.09156378600823045,1649,2347,3031,1951,1709,2348,3031,1952,-291,0,15,0,5100,4900,5000,4800,-31.89,40.300000000000004,-238.58,31.631598303220073,0.8302113192880753,52.921631466216255,0.8631928105755674,0.00452756741952761,0.5048541105150225
,642,0,0.00732421875,0.40843621399176944,-0.00732421875,-0.40843621399176944,2138,2673,2542,1625,2139,2674,2543,1651,0,0,0,-86,5000,5000,5000,5000,-41.33,60.38,-211.14000000000001,2.85438325553784,-17.326514246537428,62.27464225562249,0.08883824701428078,-0.5115112145424084,0.8546718921696089
,643,0,-0.36767578125,-0.4248971193415638,0.36767578125,0.4248971193415638,1893,2130,2787,2168,1915,2161,2786,2169,-67,-105,15,0,4900,5000,5000,5000,-38.04,23.89,-221.26,15.42840660792524,18.388390054937915,58.943254035964614,0.457355539898376,0.49002047250206276,0.7420955778423155
,644,0,0.38232421875,0.07510288065843618,-0.38232421875,-0.07510288065843618,2382,2456,2298,1842,2383,2456,2325,1844,0,0,-91,-15,5000,5000,5000,4900,-42.37,43.08,-191.79,-15.289441347233009,1.241927466275456,63.17392037820655,-0.41554911647928106,0.0020830579538293507,0.909568355134923
,645,0,-0.55517578125,0.5751028806584362,0.55517578125,-0.5751028806584362,1771,2782,2909,1516,1808,2782,2908,1548,-142,0,14,-126,5000,4900,5000,4900,-33.28,63.86,-229.49,20.966540740606177,-22.059073383552473,54.325552040337584,0.5815751421716803,-0.5883037400342895,0.5618443409607841
,646,0,0.19482421875,-0.25823045267489714,-0.19482421875,0.25823045267489714,2260,2239,2420,2059,2260,2259,2430,2059,0,-58,-29,0,5000,5000,5000,4900,-42.94,30.75,-201.94,-4.333756706668652,12.86094175865152,63.76364991796436,-0.1058573582159676,0.35097696828878694,0.9303813129262368
,647,0,-0.18017578125,0.24176954732510292,0.18017578125,-0.24176954732510292,2016,2565,2664,1733,2028,2566,2663,1746,-35,0,16,-39,5000,5000,5000,5000,-43.2,51.32,-215.56,7.866338322631179,-8.579907153740507,64.14388562385255,0.24192573632645903,-0.26977194179815844,0.9320381094790875
,648,0,0.56982421875,0.7417695473251027,-0.56982421875,-0.7417695473251027,2504,2891,2176,1407,2504,2892,2209,1454,0,0,-124,-207,5100,4900,5000,4700,-30.5,72.74,-190.81,-18.210451162109166,-28.31826891368783,51.37411564933913,-0.44069808848170133,-0.7603159492831394,0.4771842957121001
,649,0,-0.64892578125,-0.7335390946502057,0.64892578125,0.7335390946502057,1710,1929,2970,2369,1752,1987,2970,2370,-175,-264,0,0,5100,5100,4800,4900,-26.8,13.84,-228.83,23.71326768305596,27.87283670309659,47.71599485377703,0.6494969600554478,0.6749082734762932,0.35021781975219624
,650,0,0.10107421875,-0.23353909465020573,-0.10107421875,0.23353909465020573,2199,2255,2481,2043,2199,2264,2486,2044,0,-19,-21,0,5000,5000,5000,5000,-43.02,29.63,-206.99,0.7798420396044321,13.638054627731279,63.86613626254302,0.03958322349278496,0.35279560607943106,0.9348627860541712
,651,0,-0.27392578125,0.26646090534979416,0.27392578125,-0.26646090534979416,1954,2581,2726,1717,1972,2582,2725,1733,-56,0,16,-50,5000,5000,5000,5000,-42.09,51.03,-220.01,12.33107545982216,-8.593840070585713,63.055479371750145,0.37182899424436566,-0.2826824367151856,0.884213684022131
,652,0,0.47607421875,-0.5668724279835391,-0.47607421875,0.5668724279835391,2443,2037,2237,2261,2444,2076,2263,2261,0,-142,-90,0,5000,5000,5000,4800,-34.93,19.54,-190.49,-14.96271866109484,24.794644671762775,55.66805836743762,-0.38866658609465565,0.6582703273858725,0.6446847764115587
,653,0,-0.46142578125,-0.0668724279835391,0.46142578125,0.0668724279835391,1832,2363,2848,1935,1868,2364,2847,1936,-138,0,15,0,5000,4900,5000,5000,-39.44,38.89,-228.22,21.353942482628923,2.95723316960526,60.41601395456994,0.6238500401714439,0.04658292646853556,0.7801545733633274
,654,0,0.28857421875,0.4331275720164607,-0.28857421875,-0.4331275720164607,2321,2689,2359,1609,2321,2690,2374,1635,0,0,-39,-85,5000,5000,5000,5000,-40.550000000000004,60.86,-200.20000000000002,-8.089181794633134,-17.069878212895063,61.44102247483971,-0.20259329115065475,-0.5164287286479934,0.8320200277684205
,655,0,-0.08642578125,-0.40020576131687247,0.08642578125,0.40020576131687247,2077,2146,2603,2152,2079,2179,2603,2153,-14,-108,0,0,5000,5000,4900,4900,-40.660000000000004,23.400000000000002,-208.18,2.3987410658791077,19.76684948053031,61.49640218568313,0.09200628600619455,0.5323523253455689,0.8415080778189308
,656,0,0.66357421875,0.09979423868312765,-0.66357421875,-0.09979423868312765,2566,2472,2114,1826,2567,2472,2164,1827,0,0,-218,-16,4900,4700,5000,5000,-36.06,43.19,-179.18,-27.847508805795115,1.9645342353552593,56.80108104526528,-0.73104584798275,0.019664487844899207,0.682044922321821
,657,0,-0.69580078125,0.5997942386831274,0.69580078125,-0.5997942386831274,1679,2798,3001,1500,1732,2798,3000,1534,-243,0,14,-124,5000,5100,5000,4800,-30.18,63.35,-234.43,25.944610017968046,-21.892240766814567,51.2490778981127,0.6922946706243118,-0.5682389642413824,0.44478373232736057
,658,0,0.05419921875,-0.6779835390946503,-0.05419921875,0.6779835390946503,2168,1965,2512,2333,2169,2023,2513,2333,0,-262,0,0,5100,4900,4900,4700,-33.53,12.18,-207.28,2.2920517178060607,31.001574878446643,54.333660907623354,0.08679082973434668,0.8075406197736208,0.583391377455701
,659,0,-0.32080078125,-0.17798353909465014,0.32080078125,0.17798353909465014,1924,2291,2756,2007,1945,2296,2755,2008,-67,-13,14,0,5000,5000,5000,4900,-41.31,33.21,-221.63,15.153115775087741,9.074040280761729,62.238599729766676,0.45726010342551265,0.2227825371068143,0.860976851590994
,660,0,0.42919921875,0.32201646090534974,-0.42919921875,-0.32201646090534974,2413,2617,2267,1681,2414,2618,2294,1699,0,0,-96,-54,5000,5000,5000,4900,-40.58,54.6,-191.70000000000002,-16.147624754154776,-10.25084682594354,61.412596924608586,-0.42938294835445295,-0.3267710060590175,0.8419328911864735
,661,0,-0.50830078125,-0.5113168724279835,0.50830078125,0.5113168724279835,1802,2074,2878,2224,1837,2107,2877,2225,-136,-119,15,0,5000,5000,4900,5000,-34.21,20.48,-225.6,20.006984750457434,21.486985012596612,55.12645806537639,0.5741680836987342,0.5500902416623461,0.6064088865522882
,662,0,0.24169921875,-0.011316872427983515,-0.24169921875,0.011316872427983515,2291,2400,2389,1898,2291,2401,2407,1898,0,-1,-54,0,5000,5000,5000,5000,-44.08,40.44,-198.35,-8.574648603541391,3.4384016643257382,64.91011146981077,-0.2272848169628677,0.05654129361648208,0.9721855245241671
,663,0,-0.13330078125,0.48868312757201626,0.13330078125,-0.48868312757201626,2046,2726,2634,1572,2052,2727,2633,1606,-18,0,14,-132,5000,5000,4800,4900,-39.85,63.440000000000005,-211.94,3.4533018395108,-20.437716260648003,60.806405708888235,0.11128874313540295,-0.5960323756328252,0.795210804031757
,664,0,0.61669921875,-0.34465020576131683,-0.61669921875,0.34465020576131683,2535,2182,2145,2116,2535,2204,2186,2117,0,-63,-165,0,5100,5000,5000,5000,-36.26,32.01,-182.28,-24.001467086356655,12.910550994056777,56.98837816367472,-0.6427145290012469,0.3273853682580445,0.692630388346663
,665,0,-0.60205078125,0.155349794238683,0.60205078125,-0.155349794238683,1741,2508,2939,1790,1786,2508,2938,1793,-195,0,15,-17,5000,5000,5000,4900,-36.160000000000004,43.230000000000004,-233.79,26.634301006487675,-1.7578735915065025,57.17495207752557,0.7507416336466189,-0.06865546788120278,0.6570185889604793
,666,0,0.14794921875,0.655349794238683,-0.14794921875,-0.655349794238683,2229,2834,2451,1464,2229,2835,2453,1511,0,0,-12,-209,5000,4900,5100,4700,-35.74,71.01,-210.09,1.1167884043199479,-27.8774396782663,56.706317851718026,0.04522965403548817,-0.7643730570127591,0.6431859047808798
,667,0,-0.22705078125,-0.6224279835390947,0.22705078125,0.6224279835390947,1985,2001,2695,2297,1993,2051,2695,2297,-23,-210,0,0,4900,5000,5000,4700,-34.94,14.620000000000001,-212.39000000000001,7.21896108191055,28.226562114430514,55.77541965215978,0.22668137884901088,0.7402652074661688,0.632947845480322
,668,0,0.52294921875,-0.12242798353909468,-0.52294921875,0.12242798353909468,2474,2327,2206,1971,2475,2329,2243,1972,0,-7,-148,0,5000,5000,4900,5000,-39.550000000000004,39.72,-185.06,-21.76377492046464,5.0400611945788185,60.31173852436676,-0.5832797180034864,0.10032987602546978,0.8060512927490945
,669,0,-0.41455078125,0.3775720164609053,0.41455078125,-0.3775720164609053,1863,2653,2817,1645,1891,2655,2816,1664,-96,-1,15,-62,5000,4900,5000,5000,-38.99,55.77,-225.13,17.134613955892604,-13.677173012264646,59.993169113005735,0.5036333940943145,-0.39557052133961546,0.7680347433548471
,670,0,0.33544921875,-0.45576131687242805,-0.33544921875,0.45576131687242805,2352,2110,2328,2188,2352,2144,2346,2189,0,-121,-54,0,5000,5000,5000,4900,-38.910000000000004,22.89,-196.24,-9.471071696283701,21.075893004583897,59.68528373474462,-0.24241692916399907,0.5722365349938431,0.7834407319465438
,671,0,-0.03955078125,0.044238683127571954,0.03955078125,-0.044238683127571954,2107,2436,2573,1862,2111,2436,2573,1864,-16,-3,1,-17,5000,5000,5000,5000,-44.93,42.21,-209.22,2.1469733110780282,0.9418177711207321,65.81906272490735,0.08698596382899419,-0.012688752978427944,0.9961287254389328
,672,0,0.71044921875,0.5442386831275718,-0.71044921875,-0.5442386831275718,2596,2762,2084,1536,2597,2762,2129,1567,0,0,-189,-110,5000,4800,4700,5000,-31.76,63.17,-181.61,-26.749970962879473,-18.146064051817007,52.563800406063685,-0.6779750197150715,-0.5038455071037086,0.5352472116823728
,673,0,-0.71923828125,-0.2890946502057613,0.71923828125,0.2890946502057613,1664,2219,3016,2079,1722,2234,3016,2080,-279,-36,14,-17,5100,4800,5000,4900,-32.32,32.69,-236.55,30.11747125079299,8.560983860834547,53.32222500083666,0.8239371878947168,0.20718002027871996,0.5274504238328526
,674,0,0.03076171875,0.2109053497942387,-0.03076171875,-0.2109053497942387,2153,2544,2527,1754,2154,2544,2529,1766,0,0,-15,-36,5000,5000,5000,5000,-44.1,50.85,-210.39000000000001,2.735526857702041,-7.759752463303215,65.01676591066484,0.08790472699283135,-0.25113835266996315,0.9639513923380851
,675,0,-0.34423828125,0.7109053497942386,0.34423828125,-0.7109053497942386,1909,2870,2771,1428,1928,2871,2770,1478,-52,0,11,-224,5000,5000,4900,4700,-33.31,71.3,-220.13,11.125985145406588,-28.850800857730462,54.32742134019573,0.30558321312787895,-0.771966558856565,0.5573926191308917
,676,0,0.40576171875,-0.7150205761316872,-0.40576171875,0.7150205761316872,2398,1941,2282,2357,2399,1997,2302,2357,0,-252,-64,0,5000,5000,4900,4900,-31.830000000000002,13.280000000000001,-194.70000000000002,-10.325133990684321,30.747593392509945,52.573400074034595,-0.2600963826524265,0.8047782003612957,0.53355592017553
,677,0,-0.53173828125,-0.21502057613168724,0.53173828125,0.21502057613168724,1786,2267,2894,2031,1827,2272,2893,2032,-172,-13,14,0,5000,4800,5000,4800,-37.47,33.47,-229.79,23.295451921289214,8.253363679060499,58.44022481440076,0.674954974230916,0.20116821959197723,0.7099064235426655
,678,0,0.21826171875,0.28497942386831254,-0.21826171875,-0.28497942386831254,2275,2593,2405,1705,2275,2594,2417,1722,0,0,-34,-51,5000,5000,5000,5000,-43.09,53.980000000000004,-202.08,-5.76169300550967,-10.325091937839062,63.9730284069656,-0.14524152579354102,-0.3321147822990897,0.931989630072992
,679,0,-0.15673828125,-0.5483539094650206,0.15673828125,0.5483539094650206,2031,2050,2649,2248,2035,2094,2649,2248,-16,-181,0,0,5000,5000,5000,5000,-37.14,17.31,-210.07,4.712199000468871,25.70544137110836,57.97054927581235,0.15020728492647362,0.6869808678947972,0.7109817569400276
,680,0,0.59326171875,-0.048353909465020495,-0.59326171875,0.048353909465020495,2520,2375,2160,1923,2520,2376,2204,1924,0,-2,-186,0,4900,5000,4800,4900,-37.77,41.660000000000004,-182.0,-24.93902556191091,3.305757750318108,58.521326580924494,-0.662026908552918,0.05386579792889628,0.7475418705098389
,681,0,-0.62548828125,0.4516460905349793,0.62548828125,-0.4516460905349793,1725,2701,2955,1597,1770,2702,2954,1619,-198,0,13,-68,5100,5000,4700,5000,-33.75,57.28,-233.16,25.069697706791032,-15.740233618384238,54.79732204041931,0.6967950113275762,-0.42463446021467666,0.5780677186863088
,682,0,0.12451171875,-0.381687242798354,-0.12451171875,0.381687242798354,2214,2158,2466,2140,2214,2188,2469,2141,0,-99,-17,-3,5000,5000,5000,5000,-41.050000000000004,24.3,-206.32,0.48040850641666566,18.99545133716385,61.879344865097444,0.03066113079483599,0.5205827125228952,0.8532605314209059
,683,0,-0.25048828125,0.11831275720164625,0.25048828125,-0.11831275720164625,1970,2484,2710,1814,1988,2484,2709,1821,-54,0,13,-22,5000,5000,5000,5000,-43.11,43.74,-219.36,12.169354492966335,-1.273715625590242,64.05379016436882,0.3692730076266962,-0.06557226521159851,0.9270047054213661
,684,0,0.49951171875,0.618312757201646,-0.49951171875,-0.618312757201646,2459,2810,2221,1488,2460,2810,2249,1527,0,0,-99,-151,5000,5000,5000,4900,-34.550000000000004,68.1,-192.31,-16.42047863009512,-23.778431501983746,55.41985101017617,-0.41264977165027955,-0.6655354894604459,0.6219185462949441
,685,0,-0.43798828125,-0.6594650205761317,0.43798828125,0.6594650205761317,1847,1977,2833,2321,1871,2031,2833,2321,-78,-237,0,0,5100,4700,4800,4900,-32.28,14.8,-221.11,15.91971032511077,27.451310698629218,53.1596314632483,0.47025899969917534,0.6990786184788521,0.538651611329281
,686,0,0.31201171875,-0.15946502057613166,-0.31201171875,0.15946502057613166,2336,2303,2344,1995,2336,2308,2364,1996,-2,-12,-62,0,5000,5000,5000,5000,-42.800000000000004,35.44,-195.41,-11.164478407921933,8.62160733316992,63.60276278686361,-0.296519614359777,0.20500043670344756,0.9327652112141214
,687,0,-0.06298828125,0.34053497942386834,0.06298828125,-0.34053497942386834,2092,2629,2588,1669,2095,2630,2587,1693,-15,0,12,-78,5000,5000,5000,4900,-42.660000000000004,56.76,-209.34,1.2962511746357563,-13.58958021441559,63.58645339219412,0.055795297439190386,-0.42463121746662724,0.903645513426854
,688,0,0.68701171875,-0.492798353909465,-0.68701171875,0.492798353909465,2581,2086,2099,2212,2582,2118,2143,2213,0,-112,-181,0,4900,5000,4900,4900,-32.58,26.3,-180.29,-25.583985777778963,18.731211317682813,53.28403638837042,-0.6684375315544653,0.48439670866078716,0.5644033088563258
,689,0,-0.67236328125,0.007201646090534863,0.67236328125,-0.007201646090534863,1695,2412,2985,1886,1750,2413,2984,1886,-263,0,15,0,5000,5000,4900,4900,-34.15,39.96,-236.21,29.279037892923526,1.3357236882082475,55.16885570086085,0.8115562939255763,0.014094099388800362,0.5841042185707985
,690,0,0.07763671875,0.5072016460905349,-0.07763671875,-0.5072016460905349,2184,2738,2496,1560,2184,2739,2497,1597,0,0,-5,-141,5000,5000,5000,5000,-39.44,64.58,-211.18,2.620128105016363,-21.525035460864444,60.3954817682505,0.08244541331883684,-0.6193316810228008,0.7807887183509752
,691,0,-0.29736328125,-0.3261316872427983,0.29736328125,0.3261316872427983,1939,2194,2741,2104,1956,2220,2741,2104,-49,-75,0,0,5000,4900,4900,4900,-40.49,28.060000000000002,-219.45000000000002,13.32944145708936,14.356965884259239,61.39467494059202,0.397234400231448,0.38734106113431555,0.8319685893302129
,692,0,0.45263671875,0.1738683127572016,-0.45263671875,-0.1738683127572016,2428,2520,2252,1778,2429,2520,2283,1784,0,0,-118,-22,5000,5000,4900,5000,-41.0,47.37,-189.12,-18.236075926314726,-2.862145374778244,61.80139322995587,-0.4945291408227637,-0.1103532191217901,0.8621270764258342
,693,0,-0.48486328125,0.6738683127572016,0.48486328125,-0.6738683127572016,1817,2846,2863,1452,1847,2847,2862,1495,-108,0,12,-181,4800,5000,4900,5000,-32.58,68.69,-225.82,16.98253458341921,-26.63256166200763,53.619365162570915,0.46406774789662214,-0.7062184427639389,0.5346930301231118
,694,0,0.26513671875,-0.6039094650205761,-0.26513671875,0.6039094650205761,2306,2013,2374,2285,2306,2061,2385,2285,0,-201,-29,0,5000,5000,5100,5000,-35.800000000000004,16.17,-200.51,-4.742548512254757,27.48371778009825,56.57976443124562,-0.10810089102492484,0.7349064765413943,0.6694973249365008
,695,0,-0.10986328125,-0.10390946502057608,0.10986328125,0.10390946502057608,2061,2339,2619,1959,2068,2343,2618,1960,-19,-11,14,0,5000,5000,5000,4900,-44.08,35.74,-212.16,5.520759195915616,7.196365044483912,64.96747173826182,0.1837718737961837,0.1692015273538412,0.9682968251226308
,696,0,0.64013671875,0.3960905349794239,-0.64013671875,-0.3960905349794239,2550,2665,2130,1633,2550,2666,2172,1653,0,0,-170,-62,5000,4900,4800,4900,-35.550000000000004,56.84,-182.79,-25.164017230922923,-11.899243932180582,56.34366669377793,-0.6540915681845294,-0.35937861503886603,0.665590888972084
,697,0,-0.57861328125,-0.4372427983539095,0.57861328125,0.4372427983539095,1756,2122,2924,2176,1796,2150,2924,2177,-163,-88,0,0,4900,4900,5000,5000,-34.230000000000004,24.67,-229.64000000000001,23.75501958618247,17.034148785132736,55.177295075291376,0.6719602524670543,0.4309639929410492,0.6022785534059147
,698,0,0.17138671875,0.06275720164609044,-0.17138671875,-0.06275720164609044,2245,2448,2435,1850,2245,2448,2445,1853,0,0,-30,-16,5000,5000,5000,5000,-44.61,43.0,-201.93,-5.178079364322457,0.6443272328238905,65.46451698423081,-0.13006761324825952,-0.021815827145687382,0.9912650935394882
,699,0,-0.20361328125,0.5627572016460902,0.20361328125,-0.5627572016460902,2000,2774,2680,1524,2008,2774,2679,1562,-24,0,12,-153,5000,5000,5000,5000,-37.88,66.34,-214.91,6.230412618605897,-23.537024063060016,58.85865139518701,0.1834396338744586,-0.6647799560261308,0.7241667700121985
,700,0,0.54638671875,-0.27057613168724276,-0.54638671875,0.27057613168724276,2489,2231,2191,2067,2490,2249,2225,2068,0,-44,-134,-17,5000,5000,4900,5000,-38.51,34.88,-184.75,-21.741576851585563,9.886956037486442,59.25797497046414,-0.5853303007192463,0.25053124941966226,0.771117716126493
,701,0,-0.39111328125,0.22942386831275718,0.39111328125,-0.22942386831275718,1878,2557,2802,1741,1907,2557,2801,1749,-95,0,14,-27,4900,5000,5000,5000,-40.68,48.89,-224.82,17.28122264085124,-6.787127300271415,61.6642095015477,0.5168853194928776,-0.2131457857268,0.8290949526559976
,702,0,0.35888671875,0.729423868312757,-0.35888671875,-0.729423868312757,2367,2883,2313,1415,2367,2884,2330,1466,0,0,-46,-224,4900,5000,5000,4700,-33.25,73.24,-201.14000000000001,-7.951109831935071,-29.505901824659986,54.17712181054495,-0.19191202488596912,-0.8051494904245641,0.5611631427430283
,703,0,-0.01611328125,-0.6965020576131687,0.01611328125,0.6965020576131687,2122,1953,2558,2345,2123,2015,2559,2345,0,-292,0,0,4800,5100,4800,4800,-33.24,11.9,-205.78,0.8157728499538734,31.38126426021118,54.035438377105784,0.0497286932340997,0.81785148687572,0.5732765497422714
,704,0,0.73388671875,-0.19650205761316863,-0.73388671875,0.19650205761316863,2611,2279,2069,2019,2612,2283,2123,2020,0,-9,-247,0,4800,5000,5100,4700,-33.76,39.33,-176.61,-30.140151880172226,5.98247224962995,54.47848296403017,-0.7822236632053392,0.13515371316998523,0.6081608459429008
,705,0,-0.73095703125,0.30349794238683114,0.73095703125,-0.30349794238683114,1656,2605,3024,1693,1715,2606,3024,1705,-287,0,14,-33,5000,5000,4900,5000,-32.31,49.07,-237.69,30.150059498842637,-7.858567358829362,53.35931611732419,0.8247409735364919,-0.21691551056464192,0.5222547154852317
,706,0,0.01904296875,-0.5298353909465021,-0.01904296875,0.5298353909465021,2145,2062,2535,2236,2146,2104,2536,2238,0,-163,0,-16,5000,5000,4900,4800,-37.56,17.75,-208.45000000000002,3.064199655253617,25.376894791288056,58.38353269322561,0.1066312942095983,0.6813794173265936,0.724121437839578
,707,0,-0.35595703125,-0.029835390946502005,0.35595703125,0.029835390946502005,1901,2388,2779,1910,1928,2389,2778,1910,-86,0,14,0,5000,5000,4900,4900,-41.37,38.4,-223.99,17.15735189146443,3.73689471827322,62.32353991236923,0.5155393087342222,0.07201231182900207,0.8538345554584232
,708,0,0.39404296875,0.4701646090534979,-0.39404296875,-0.4701646090534979,2390,2713,2290,1585,2391,2714,2313,1612,0,0,-70,-93,5000,4800,5000,4900,-38.84,62.33,-195.36,-13.00899393912266,-18.21501396394669,59.71049868864176,-0.33321158049726124,-0.5308862717690221,0.7791853496246608
,709,0,-0.54345703125,-0.3631687242798354,0.54345703125,0.3631687242798354,1779,2170,2901,2128,1815,2193,2900,2130,-141,-66,14,-17,5000,5000,5000,4900,-35.96,27.82,-229.26,23.15505983266067,13.921904128619445,56.91331969843429,0.663793114221254,0.3526757255441416,0.6595441866352575
,710,0,0.20654296875,0.13683127572016462,-0.20654296875,-0.13683127572016462,2268,2496,2412,1802,2268,2496,2425,1808,0,0,-36,-21,5000,5000,5000,4900,-44.25,46.83,-200.94,-6.422411868988718,-3.1112034530034265,65.10923415937097,-0.16448829058190056,-0.12685177131954928,0.9781882387222495
,711,0,-0.16845703125,0.6368312757201644,0.16845703125,-0.6368312757201644,2023,2822,2657,1476,2028,2823,2656,1522,-18,0,12,-191,4900,5000,4800,4900,-36.230000000000004,69.79,-212.67000000000002,3.7708055158327056,-26.83281127554376,57.206162499606734,0.11762569809420717,-0.7399077299220475,0.6623448847461971
,712,0,0.58154296875,-0.6409465020576132,-0.58154296875,0.6409465020576132,2512,1989,2168,2309,2512,2040,2202,2309,0,-216,-127,0,5100,4900,5000,4900,-31.990000000000002,18.95,-186.15,-19.238783257978014,25.667576087952636,52.7048570064243,-0.5036452428174916,0.6735165224306647,0.5410332368720185
,713,0,-0.63720703125,-0.14094650205761317,0.63720703125,0.14094650205761317,1718,2315,2962,1983,1766,2318,2961,1983,-212,-9,14,0,4800,4900,5000,5000,-35.01,37.9,-234.83,28.036991299364985,3.486548132291965,56.01672035407009,0.7844155428028454,0.07156853186351293,0.6160926890137707
,714,0,0.11279296875,0.3590534979423867,-0.11279296875,-0.3590534979423867,2207,2641,2473,1657,2207,2643,2476,1679,0,-1,-15,-75,5000,5000,5000,4900,-42.33,57.870000000000005,-208.48000000000002,0.3649433735468506,-14.639995371895381,63.25495108968682,0.022373489867432688,-0.44438988915657157,0.8955540482665251
,715,0,-0.26220703125,-0.47427983539094654,0.26220703125,0.47427983539094654,1962,2098,2718,2200,1975,2136,2718,2201,-35,-146,0,0,4900,5000,5000,5000,-38.32,21.01,-215.92000000000002,10.293537145554552,21.622740705290802,59.18920418330046,0.3097956373827033,0.5797880789469526,0.7535731195906917
,716,0,0.48779296875,0.025720164609053464,-0.48779296875,-0.025720164609053464,2451,2424,2229,1874,2452,2425,2262,1874,0,0,-127,0,4900,5000,5000,4800,-40.230000000000004,41.75,-186.47,-20.497213869614143,2.9215470775612644,61.00392422233067,-0.5516707387630675,0.04358011048243,0.8329226674565592
,717,0,-0.44970703125,0.5257201646090532,0.44970703125,-0.5257201646090532,1840,2750,2840,1548,1870,2751,2839,1580,-106,0,13,-116,5000,5000,5000,4900,-36.160000000000004,62.58,-225.54,17.098005773874263,-20.507380697012195,57.18247118825027,0.48447044880014734,-0.566318573262536,0.6667620698699575
,718,0,0.30029296875,-0.3076131687242798,-0.30029296875,0.3076131687242798,2329,2206,2351,2092,2329,2230,2367,2092,0,-64,-47,0,5000,5000,5000,5000,-41.69,29.43,-196.73000000000002,-9.436755518574671,14.525709950395154,62.48421645215068,-0.2470596899009745,0.39465394984199903,0.8849913951559885
,719,0,-0.07470703125,0.1923868312757201,0.07470703125,-0.1923868312757201,2084,2532,2596,1766,2089,2532,2595,1777,-16,-3,15,-35,5000,5000,5000,4900,-44.230000000000004,49.660000000000004,-210.5,2.9249138822983127,-6.579512987719717,65.14430937458584,0.10272007122069807,-0.2196173138390374,0.9701632967859277
,720,0,0.67529296875,0.69238683127572,-0.67529296875,-0.69238683127572,2573,2858,2107,1440,2574,2859,2147,1483,0,0,-160,-181,4900,5100,5100,4600,-29.63,69.58,-185.39000000000001,-23.400695015549076,-24.802448924590834,50.468975579463205,-0.5831464590211337,-0.6693125222634758,0.46039217507731106
,721,0,-0.68408203125,-0.5853909465020576,0.68408203125,0.5853909465020576,1687,2025,2993,2273,1736,2067,2993,2273,-220,-159,4,0,5000,5000,5000,5000,-29.25,19.7,-232.1,26.568681279888068,21.812682143445805,50.197151822646624,0.7260402606784122,0.5357608541019693,0.4310752220737716
,722,0,0.06591796875,-0.08539094650205759,-0.06591796875,0.08539094650205759,2176,2351,2504,1947,2176,2355,2508,1947,0,-10,-16,16,5000,5000,5000,5000,-44.6,36.62,-207.6,0.9093282057175429,6.627375264041994,65.46682617390202,0.042049542883273165,0.15039187560927839,0.9877318055494773
,723,0,-0.30908203125,0.4146090534979423,0.30908203125,-0.4146090534979423,1932,2677,2748,1621,1951,2678,2747,1647,-56,0,14,-87,5000,4900,5000,4900,-39.89,58.550000000000004,-220.51,12.333327111062033,-16.136697155904912,60.87701617019803,0.3669645135100271,-0.4720603104014275,0.8015585500561123
,724,0,0.44091796875,-0.41872427983539096,-0.44091796875,0.41872427983539096,2420,2134,2260,2164,2421,2163,2285,2165,0,-92,-85,0,4900,5000,4900,4800,-38.49,25.92,-190.64000000000001,-15.260600508135639,18.429255136623375,59.24487014206897,-0.4064584322905401,0.4911895226475337,0.7704053450367568
,725,0,-0.49658203125,0.08127572016460904,0.49658203125,-0.08127572016460904,1809,2460,2871,1838,1848,2460,2870,1839,-160,-1,13,0,5000,4900,5000,4900,-38.800000000000004,40.54,-229.52,22.542764278309704,1.2214975445460539,59.78670911745623,0.6562622200904332,0.006225079245406726,0.7545072212181697
,726,0,0.25341796875,0.5812757201646088,-0.25341796875,-0.5812757201646088,2298,2786,2382,1512,2298,2786,2393,1551,0,0,-29,-157,5000,4900,5000,4900,-37.58,67.91,-203.99,-4.769039096566672,-24.367878893864813,58.50787765655323,-0.10744733263396758,-0.6863558623669366,0.719284853798816
,727,0,-0.12158203125,-0.2520576131687242,0.12158203125,0.2520576131687242,2054,2243,2626,2055,2059,2264,2626,2056,-15,-56,0,-16,5000,5000,5000,4900,-42.96,30.52,-211.72,5.439272816887609,12.430931511408474,63.83209784681379,0.17909624248255326,0.33797414461924247,0.9239577985479217
,728,0,0.62841796875,0.24794238683127579,-0.62841796875,-0.24794238683127579,2543,2569,2137,1729,2543,2570,2181,1737,0,0,-184,-27,5000,4800,4800,4800,-36.83,50.26,-181.70000000000002,-25.813877499732854,-5.257084384765534,57.60156103660064,-0.6813569109990307,-0.17099418189297502,0.7116977937247032
,729,0,-0.59033203125,0.7479423868312756,0.59033203125,-0.7479423868312756,1748,2895,2932,1403,1786,2896,2931,1449,-150,0,14,-202,4700,4900,5100,5000,-29.02,70.78,-229.09,20.12127606454274,-28.948492946633493,50.08109380503405,0.535930114504978,-0.7395471823689663,0.40724547562471974
,730,0,0.15966796875,-0.7493141289437586,-0.15966796875,0.7493141289437586,2237,1919,2443,2379,2237,1983,2445,2380,-2,-322,-15,0,4800,4800,4800,4900,-31.42,10.0,-205.8,0.9726775310142557,33.2703800934695,52.21076791655843,0.051263239054398335,0.8576309234255607,0.5117042891220198
,731,0,-0.21533203125,-0.2493141289437586,0.21533203125,0.2493141289437586,1993,2244,2687,2054,2005,2252,2686,2054,-37,-17,14,0,5000,5000,5000,5000,-41.85,29.16,-215.78,9.587075483582339,13.510859117979301,62.739033620555176,0.2963507217192515,0.35459164764964163,0.8868150952445448
,732,0,0.53466796875,0.2506858710562414,-0.53466796875,-0.2506858710562414,2482,2570,2198,1728,2483,2571,2232,1739,0,0,-134,-35,5000,5000,5000,5000,-39.11,50.17,-185.69,-21.837956156879784,-5.4298498731203395,59.90130049173004,-0.5825352448294057,-0.19226123377280258,0.7897393915208378
,733,0,-0.40283203125,-0.5826474622770919,0.40283203125,0.5826474622770919,1870,2027,2810,2271,1896,2067,2810,2271,-84,-151,0,0,5000,4800,4900,5000,-34.4,16.7,-220.0,14.673851358438242,25.636559709459863,55.2788327945216,0.42259220569096256,0.6666443173836727,0.6140042196836311
,734,0,0.34716796875,-0.08264746227709185,-0.34716796875,0.08264746227709185,2359,2353,2321,1945,2359,2355,2344,1946,0,-9,-74,0,5000,5000,5000,4900,-42.7,39.31,-193.11,-13.719766381452985,4.9152547244038445,63.50100959614944,-0.369791993571636,0.09941476532457261,0.9237805940404756
,735,0,-0.02783203125,0.4173525377229079,0.02783203125,-0.4173525377229079,2115,2679,2565,1619,2116,2680,2564,1647,0,0,14,-93,5000,5000,5000,4900,-41.33,60.76,-207.66,-0.6432820486581647,-17.4709636435215,62.25815615437378,0.00294646373702275,-0.5250336371993629,0.8510763762205212
,736,0,0.72216796875,-0.4159807956104253,-0.72216796875,0.4159807956104253,2604,2136,2076,2162,2605,2162,2123,2163,0,-76,-201,0,5000,4900,5000,4700,-32.75,30.46,-178.23,-27.9206884719608,14.72010674703909,53.45421465479856,-0.7313657114420987,0.3727860340639195,0.5710821034962366
,737,0,-0.70751953125,0.08401920438957489,0.70751953125,-0.08401920438957489,1672,2462,3008,1836,1732,2462,3007,1837,-295,0,13,0,5000,5000,4800,4700,-33.12,40.51,-237.36,30.39428362261151,0.7064803040809338,54.14602642578865,0.8364351957489269,-0.0010095512082314102,0.5480649086730625
,738,0,0.04248046875,0.5840192043895747,-0.04248046875,-0.5840192043895747,2161,2788,2519,1510,2162,2788,2520,1551,0,0,0,-170,5000,4800,4900,5000,-37.47,68.16,-211.36,2.567758728647135,-25.114640639324477,58.43545827063841,0.08212335507593344,-0.7015501129728571,0.7078723003048248
,739,0,-0.33251953125,-0.693758573388203,0.33251953125,0.693758573388203,1916,1955,2764,2343,1932,2013,2764,2343,-40,-264,0,0,5100,5100,4800,4800,-32.44,12.68,-216.32,11.282898713787574,29.88996076130596,53.29026052932951,0.33508661447389637,0.7688916672534527,0.544538855205603
,740,0,0.41748046875,-0.19375857338820301,-0.41748046875,0.19375857338820301,2405,2281,2275,2017,2406,2287,2305,2018,0,-13,-107,0,5000,5000,4900,4800,-41.21,35.050000000000004,-190.57,-15.959411113750491,9.332572628411597,61.98753874805732,-0.43149092740578926,0.22624820963242598,0.8732853641305419
,741,0,-0.52001953125,0.306241426611797,0.52001953125,-0.306241426611797,1794,2607,2886,1691,1832,2608,2885,1707,-152,0,15,-48,5000,5000,5000,5000,-37.74,50.64,-229.92000000000002,22.26571294368486,-8.885473205872543,58.75424371456588,0.6431387666074422,-0.2606213852136343,0.7200340411785994
,742,0,0.22998046875,-0.5270919067215364,-0.22998046875,0.5270919067215364,2283,2063,2397,2235,2283,2102,2408,2236,0,-148,-31,0,5000,4900,4900,5000,-37.68,18.61,-202.27,-3.1602413595699943,24.935965484754718,58.47472150625668,-0.06598645563053124,0.6742114129278809,0.7355846371092255
,743,0,-0.14501953125,-0.027091906721536385,0.14501953125,0.027091906721536385,2038,2389,2642,1909,2049,2390,2642,1909,-31,0,0,0,5000,5000,5000,5000,-44.14,38.6,-214.6,7.761973451476422,4.1785105981625605,65.04692739564041,0.24663774293940874,0.0811435282941792,0.9657046917012082
,744,0,0.60498046875,0.4729080932784635,-0.60498046875,-0.4729080932784635,2527,2715,2153,1583,2527,2716,2194,1609,0,0,-161,-92,4900,5000,5000,4800,-35.51,60.74,-185.46,-22.762995566401884,-15.970523089746123,56.32690400684775,-0.590066674565395,-0.46065673146546615,0.6630359683477881
,745,0,-0.61376953125,-0.36042524005486964,0.61376953125,0.36042524005486964,1733,2172,2947,2126,1778,2193,2946,2128,-193,-56,14,-3,5000,4900,5000,4900,-34.33,28.44,-231.92000000000002,25.77502626267099,13.119274107226452,55.298246649195434,0.7265656647247373,0.3293300826853179,0.6030290469633971
,746,0,0.13623046875,0.13957475994513024,-0.13623046875,-0.13957475994513024,2222,2498,2458,1800,2222,2498,2465,1808,0,0,-24,-26,5000,5000,5000,5000,-44.6,47.06,-204.47,-2.917697246930061,-3.577734344404057,65.47750626705403,-0.06782733935112743,-0.1385805428774573,0.9880257512698422
,747,0,-0.23876953125,0.6395747599451302,0.23876953125,-0.6395747599451302,1977,2824,2703,1474,1988,2825,2702,1519,-28,0,13,-186,5000,5000,4900,4900,-35.9,69.34,-215.78,6.905633751090562,-26.59451275192707,56.89062209162058,0.20163012341912662,-0.7314164870961176,0.6514408766219412
,748,0,0.51123046875,-0.6382030178326474,-0.51123046875,0.6382030178326474,2466,1991,2214,2307,2467,2043,2240,2307,0,-221,-88,0,5000,4900,5000,4900,-33.05,18.01,-188.98,-16.35697867594243,26.41761285310899,53.77665325659144,-0.4280361724088599,0.6960809400145443,0.5764168283959454
,749,0,-0.42626953125,-0.13820301783264743,0.42626953125,0.13820301783264743,1855,2317,2825,1981,1888,2321,2824,1982,-120,-12,14,0,5000,5000,5000,5000,-40.07,36.5,-226.05,19.3470744175427,5.489923542082003,61.029088213123195,0.5772495408878918,0.12079971135248821,0.807583059060722
,750,0,0.32373046875,0.36179698216735257,-0.32373046875,-0.36179698216735257,2344,2643,2336,1655,2344,2644,2354,1675,0,0,-55,-66,5000,4900,5000,4900,-41.38,57.24,-197.52,-10.522883731652655,-13.275027992845637,62.248429862184146,-0.2694564997934436,-0.41856059064428797,0.8672947749632589
,752,0,0.69873046875,0.028463648834019195,-0.69873046875,-0.028463648834019195,2589,2426,2091,1872,2590,2427,2143,1872,0,0,-234,0,4800,5000,5100,5000,-34.97,42.34,-177.66,-29.301429568507587,2.9119857281329544,55.7013310352235,-0.764456484259911,0.046152818745930614,0.6430211512810297
,753,0,-0.66064453125,0.5284636488340191,0.66064453125,-0.5284636488340191,1702,2752,2978,1546,1751,2752,2977,1575,-222,0,14,-101,5000,5000,5000,5000,-32.12,60.46,-233.69,25.391864926055746,-18.953382473903773,53.178037409755284,0.6950947414100582,-0.5000563556468528,0.5165142221093948
,754,0,0.08935546875,-0.3048696844993141,-0.08935546875,0.3048696844993141,2191,2208,2489,2090,2191,2234,2491,2090,0,-80,-16,0,5000,5000,5000,5000,-42.42,27.72,-207.37,1.2907028017734774,15.516357209371108,63.263226075631884,0.05592004983352193,0.42608870046990105,0.9029514756389114
,755,0,-0.28564453125,0.19513031550068594,0.28564453125,-0.19513031550068594,1947,2534,2733,1764,1968,2534,2732,1773,-64,0,13,-28,5000,5000,5000,5000,-42.47,47.57,-220.6,13.151270045269001,-5.180433218600207,63.42969121659494,0.39660211255342753,-0.1697698031077817,0.9021557394767843
,756,0,0.46435546875,0.6951303155006858,-0.46435546875,-0.6951303155006858,2436,2860,2244,1438,2437,2861,2268,1484,0,0,-79,-197,4800,5000,4900,4600,-33.3,71.56,-195.12,-13.844252887619945,-27.423614065044845,54.192697798159166,-0.3419891465976406,-0.7456013875350069,0.5719457968333098
,757,0,-0.47314453125,-0.7307956104252401,0.47314453125,0.7307956104252401,1825,1931,2855,2367,1851,1990,2855,2367,-89,-273,0,0,5000,4800,5000,5000,-29.91,12.32,-221.58,16.56736387756925,29.887184605070843,50.78576053417387,0.48068370179937775,0.7484278744879572,0.45694517779913796
,758,0,0.27685546875,-0.23079561042524,-0.27685546875,0.23079561042524,2313,2257,2367,2041,2313,2266,2385,2042,0,-16,-54,0,5000,5000,5000,4900,-42.49,31.470000000000002,-197.83,-8.480739123328078,12.418467399138898,63.29487142326647,-0.2205553942594418,0.31656194268411075,0.9225745793740058
,759,0,-0.09814453125,0.2692043895747598,0.09814453125,-0.2692043895747598,2069,2582,2611,1716,2075,2583,2610,1733,-18,0,14,-55,5000,5000,5000,4900,-43.49,52.94,-211.44,3.645097468235633,-9.91753938319198,64.41731873800452,0.1252003430323447,-0.3260675568305159,0.9370191153264492
,760,0,0.65185546875,-0.5641289437585735,-0.65185546875,0.5641289437585735,2558,2039,2122,2259,2558,2076,2165,2259,0,-131,-175,0,5000,5100,4900,4900,-32.11,22.16,-182.74,-22.858075435781615,22.695203201673735,52.81586852205953,-0.5925240714605384,0.5916635283716674,0.54667128508329
,761,0,-0.56689453125,-0.06412894375857336,0.56689453125,0.06412894375857336,1763,2365,2917,1933,1808,2366,2916,1934,-195,-2,14,0,4800,5000,4800,4900,-37.0,39.34,-232.20000000000002,25.30626743215427,2.232882109821908,57.99714168932928,0.7250101450168314,0.03355113259696669,0.6879204976769732
,762,0,0.18310546875,0.4358710562414265,-0.18310546875,-0.4358710562414265,2252,2691,2428,1607,2252,2692,2436,1636,0,0,-24,-104,4900,5000,5000,5000,-40.99,61.230000000000004,-205.89000000000001,-2.439289673081504,-17.821498474490355,61.91047534487921,-0.05042452248877237,-0.5323118254479917,0.8450452579714329
,763,0,-0.19189453125,-0.39746227709190673,0.19189453125,0.39746227709190673,2008,2148,2672,2150,2016,2179,2672,2151,-26,-103,0,0,5000,5000,5000,5000,-40.26,23.92,-213.48000000000002,7.653466669617387,18.889471074343298,61.12429203831507,0.23695140897183067,0.5107778104204432,0.8264139750563044
,764,0,0.55810546875,0.10253772290809349,-0.55810546875,-0.10253772290809349,2497,2474,2183,1824,2497,2474,2223,1826,0,0,-162,-16,5100,5000,5000,5000,-38.94,43.4,-183.71,-23.355957804752535,1.4577514756469299,59.704275981795696,-0.6246586098931354,0.0038125196566003343,0.7808886513327253
,765,0,-0.37939453125,0.6025377229080933,0.37939453125,-0.6025377229080933,1886,2800,2794,1498,1910,2800,2793,1535,-75,0,13,-149,5000,4900,5000,4800,-35.62,66.85,-221.65,12.931502860162766,-24.5068524427503,56.63376432199459,0.3669926375708,-0.670402699776034,0.6448849696665537
,766,0,0.37060546875,-0.6752400548696845,-0.37060546875,0.6752400548696845,2375,1967,2305,2331,2376,2023,2321,2331,0,-251,-48,0,5100,5100,4900,4800,-33.3,14.68,-195.64000000000001,-9.48881963437799,29.291596415470238,54.05162573349499,-0.23860213885667936,0.7753633259680939,0.5847056798738264
,767,0,-0.00439453125,-0.17524005486968453,0.00439453125,0.17524005486968453,2130,2293,2550,2005,2132,2300,2550,2006,-14,-14,15,0,5000,5000,5000,4900,-43.78,32.04,-206.01,-0.3641438721398913,11.301812448656442,64.62729900101766,0.01610025979749007,0.2867972047425984,0.9578560147466241
,768,0,0.74560546875,0.3247599451303156,-0.74560546875,-0.3247599451303156,2619,2619,2061,1679,2620,2620,2113,1695,0,0,-233,-48,5100,5000,5100,4700,-33.34,52.32,-177.54,-30.08644250064137,-7.041820246359009,54.09596462267135,-0.7755618408247518,-0.21766000323151127,0.5925605066571514
,769,0,-0.74560546875,-0.5085733882030179,0.74560546875,0.5085733882030179,1647,2075,3033,2223,1705,2103,3033,2224,-280,-92,14,0,5000,4900,5000,4900,-28.91,22.7,-234.76,29.021881334694058,18.639167295212985,49.878070329692726,0.7814977481632011,0.46468167411247524,0.4163318524445057
,770,0,0.00439453125,-0.008573388203017895,-0.00439453125,0.008573388203017895,2136,2401,2544,1897,2137,2403,2545,1897,0,-9,0,0,5000,5000,5000,5000,-44.93,39.85,-209.41,2.4957231824048165,3.283622297261431,65.81405387309613,0.08590963600667524,0.05605089606099437,0.9947250029490361
,771,0,-0.37060546875,0.4914266117969821,0.37060546875,-0.4914266117969821,1891,2727,2789,1571,1913,2728,2788,1604,-67,0,14,-125,4900,5000,5000,4900,-37.94,61.29,-222.8,14.442690055186915,-19.03045490401881,58.94544839629426,0.4207854837273531,-0.5385834915956146,0.7299776703879468
,772,0,0.37939453125,-0.34190672153635115,-0.37939453125,0.34190672153635115,2380,2184,2300,2114,2381,2207,2323,2115,0,-64,-72,0,5000,5000,5000,4900,-40.38,28.44,-193.33,-12.755866649059811,15.738996607813995,61.154691427783256,-0.34046236126290946,0.421260639935362,0.8406098106758764
,773,0,-0.55810546875,0.15809327846364885,0.55810546875,-0.15809327846364885,1769,2510,2911,1788,1812,2510,2910,1792,-181,0,13,-20,5000,5000,5100,4900,-37.35,43.19,-231.86,24.705667657447293,-1.5844081727362251,58.35515678581142,0.7094990974915424,-0.06338026751796538,0.7018503917132475
,774,0,0.19189453125,0.6580932784636488,-0.19189453125,-0.6580932784636488,2258,2836,2422,1462,2258,2837,2429,1509,0,0,-17,-205,4900,5000,5000,4900,-35.81,70.79,-208.27,-0.6845443309146617,-27.53500431260848,56.76663698068182,-0.005070529487519935,-0.7619368684301412,0.6476314524925314
,775,0,-0.18310546875,-0.619684499314129,0.18310546875,0.619684499314129,2014,2003,2666,2295,2018,2053,2666,2295,-15,-212,0,0,4800,4800,5000,4900,-35.19,14.64,-210.59,5.420524621310335,28.328710576878226,56.016442449428716,0.1747852254447073,0.7463676890665764,0.6421724049534218
,776,0,0.56689453125,-0.11968449931412894,-0.56689453125,0.11968449931412894,2503,2329,2177,1969,2503,2331,2218,1970,0,-7,-174,0,4900,4800,4800,4900,-38.730000000000004,40.31,-183.15,-23.705237123131866,4.577869331693165,59.483666548330326,-0.6329034690995959,0.08852300637038626,0.7691533502136257
,777,0,-0.65185546875,0.38031550068587117,0.65185546875,-0.38031550068587117,1708,2655,2972,1643,1757,2656,2971,1661,-221,0,14,-54,5000,4900,5100,4800,-33.92,53.59,-234.5,26.654703824098675,-12.148530007427524,54.964716123761185,0.741941940565701,-0.33336496207054717,0.5817129523169526
,778,0,0.09814453125,-0.4530178326474623,-0.09814453125,0.4530178326474623,2197,2112,2483,2186,2197,2150,2485,2187,0,-138,-15,0,5000,5000,5000,5000,-39.64,21.27,-207.88,2.2480268942903194,21.90930759816051,60.469533911422616,0.08176142226003132,0.5950096270201958,0.7995490063675299
,779,0,-0.27685546875,0.046982167352537685,0.27685546875,-0.046982167352537685,1953,2438,2727,1860,1972,2438,2726,1861,-58,-1,16,-17,5000,5000,5000,5000,-42.69,40.01,-220.68,13.739954984915528,2.3575590830597264,63.630992239813786,0.4162410888700852,0.03446029517374905,0.9086010367552877
,780,0,0.47314453125,0.5469821673525375,-0.47314453125,-0.5469821673525375,2441,2764,2239,1534,2442,2764,2265,1566,0,0,-89,-123,4900,4900,5000,4900,-36.44,65.12,-192.67000000000002,-15.869429578567917,-20.824103096931537,57.304098503981756,-0.40964161774026464,-0.5957026815653462,0.6908922203867939
,781,0,-0.46435546875,-0.2863511659807956,0.46435546875,0.2863511659807956,1830,2220,2850,2078,1862,2240,2849,2078,-117,-54,9,0,4900,5000,5000,5000,-38.42,31.12,-226.65,20.316560199684034,10.812474737268076,59.36853225415971,0.6024432479200875,0.277377536217382,0.7484142138130939
,782,0,0.28564453125,0.21364883401920443,-0.28564453125,-0.21364883401920443,2319,2546,2361,1752,2319,2546,2379,1761,0,0,-51,-30,5000,4900,5000,5000,-43.15,50.47,-197.71,-9.885225753356735,-6.528221703831626,64.00225345685851,-0.259527046325724,-0.21541937113210444,0.9414033178008743
,783,0,-0.08935546875,0.7136488340192042,0.08935546875,-0.7136488340192042,2075,2872,2605,1426,2077,2873,2604,1479,-12,0,12,-242,5100,4800,5100,5000,-34.18,72.97,-209.47,0.37354036447894146,-29.795617197843455,55.148185201825434,0.017402168433060458,-0.8096848996936085,0.5866067914216295
,784,0,0.66064453125,-0.7122770919067215,-0.66064453125,0.7122770919067215,2564,1943,2116,2355,2565,1997,2151,2355,0,-237,-130,0,4900,4700,5100,4800,-28.55,17.22,-183.18,-22.068673882521836,27.584088459391136,49.24565198456709,-0.565566207889348,0.7067295975974174,0.42505075035042
,785,0,-0.69873046875,-0.2122770919067215,0.69873046875,0.2122770919067215,1677,2269,3003,2029,1734,2274,3002,2030,-273,-11,14,0,5100,4900,5000,5000,-33.24,35.28,-236.36,29.748762689051347,5.992333574403162,54.247800336784195,0.8201419444128555,0.13888461346927755,0.5550479755446288
,786,0,0.05126953125,0.2877229080932784,-0.05126953125,-0.2877229080932784,2166,2595,2514,1703,2167,2596,2516,1722,0,0,-13,-59,5000,5000,5000,4900,-43.29,54.4,-210.61,2.7194849914075974,-11.318807872926968,64.21684888387162,0.08710191742692291,-0.3545170666516187,0.9309838373641538
,787,0,-0.32373046875,-0.5456104252400549,0.32373046875,0.5456104252400549,1922,2051,2758,2247,1939,2093,2757,2247,-50,-168,14,0,4900,5000,5000,5000,-36.15,18.17,-217.79,12.361302067577867,24.32395217086819,57.02143924090401,0.3663535878772599,0.6406124442071263,0.6748338647225932
,788,0,0.42626953125,-0.045610425240054875,-0.42626953125,0.045610425240054875,2411,2377,2269,1921,2412,2378,2300,1922,0,-1,-116,0,5000,4900,5000,4900,-41.52,40.92,-189.55,-17.37451242827825,3.545632654966191,62.30724801186033,-0.47021513642587304,0.06129576838907827,0.8804206689154846
,789,0,-0.51123046875,0.4543895747599449,0.51123046875,-0.4543895747599449,1800,2703,2880,1595,1836,2704,2879,1619,-140,0,14,-82,5000,5000,4900,4900,-36.33,58.53,-228.67000000000002,20.493196789169843,-16.677211989436813,57.35792956270612,0.5791438373212011,-0.4633985824780133,0.6707116887681637
,790,0,0.23876953125,-0.37894375857338825,-0.23876953125,0.37894375857338825,2289,2160,2391,2138,2289,2187,2403,2139,0,-82,-35,-2,5000,4900,5000,4900,-40.89,25.32,-200.75,-5.144868262621486,18.35294945571524,61.69400031013396,-0.12715650500414172,0.503360586781939,0.8546691423642679
,791,0,-0.13623046875,0.12105624142661187,0.13623046875,-0.12105624142661187,2044,2486,2636,1812,2055,2486,2635,1819,-31,0,14,-26,5000,5000,5000,5000,-44.28,45.12,-213.79,6.513369492060008,-2.271594856430866,65.19933401345529,0.2076409764397589,-0.09906093318711413,0.9731763233963524
,792,0,0.61376953125,0.6210562414266119,-0.61376953125,-0.6210562414266119,2533,2812,2147,1486,2533,2812,2185,1524,0,0,-144,-149,5100,4700,5000,4800,-32.71,67.28,-187.04,-21.614215144191633,-22.61016315961109,53.55138904846795,-0.5451467754055079,-0.6235277793397601,0.5603821032622328
,793,0,-0.60498046875,-0.656721536351166,0.60498046875,0.656721536351166,1739,1979,2941,2319,1779,2031,2941,2319,-161,-225,0,0,4900,5000,5000,5000,-29.63,16.23,-228.05,22.760171907088534,25.54897814456186,50.54807709865587,0.6353214222766069,0.6317089270913354,0.4441964901139397
,794,0,0.14501953125,-0.15672153635116604,-0.14501953125,0.15672153635116604,2228,2305,2452,1993,2228,2311,2460,1994,0,-14,-26,0,5000,5000,5000,5000,-43.97,33.7,-204.08,-2.4026128098798267,9.776296559623127,64.81181366757912,-0.050550367265196725,0.23948995393889488,0.9695819832957393
,795,0,-0.22998046875,0.3432784636488342,0.22998046875,-0.3432784636488342,1983,2631,2697,1667,1996,2632,2696,1690,-38,0,14,-73,5000,5000,5000,4900,-41.800000000000004,55.31,-217.49,9.5295540780657,-12.694964370977587,62.76366192830921,0.28862305695474194,-0.39434114564393263,0.872463060448023
,796,0,0.52001953125,-0.49005486968449935,-0.52001953125,0.49005486968449935,2472,2088,2208,2210,2473,2122,2238,2211,0,-120,-113,0,5100,5000,4800,4900,-36.07,23.740000000000002,-187.53,-18.204745680937833,20.80709807014111,56.80381049818776,-0.4815396755873962,0.5506469609777219,0.6818412316670092
,797,0,-0.41748046875,0.009945130315500705,0.41748046875,-0.009945130315500705,1861,2413,2819,1885,1893,2414,2818,1885,-117,0,15,0,5000,5000,5000,5000,-40.45,39.47,-226.25,19.34445061937265,2.5142955852512614,61.41758709112732,0.5741698757496624,0.0346837157195823,0.8180012186088115
,798,0,0.33251953125,0.5099451303155005,-0.33251953125,-0.5099451303155005,2350,2739,2330,1559,2350,2740,2347,1593,0,-1,-51,-125,4800,4900,4900,5000,-38.84,64.13,-198.96,-9.538646920411708,-20.253685360767633,59.733093057589926,-0.2348184919605213,-0.5943708920619581,0.7691446668233869
,799,0,-0.04248046875,-0.32338820301783266,0.04248046875,0.32338820301783266,2105,2196,2575,2102,2106,2224,2574,2102,-2,-83,1,0,5000,5000,5000,5000,-42.12,26.82,-206.84,0.8240715359231388,16.44918923783836,62.95830039879148,0.049635592201652624,0.4451487050725336,0.8940799395798105
,800,0,0.70751953125,0.17661179698216734,-0.70751953125,-0.17661179698216734,2594,2522,2086,1776,2595,2522,2138,1780,0,0,-236,-19,5100,5000,5000,5000,-34.74,46.37,-177.93,-29.302764691715083,-1.1276890266423507,55.48286801071581,-0.7619372918513665,-0.051392075985095466,0.6456085639241064
,801,0,-0.72216796875,0.6766117969821672,0.72216796875,-0.6766117969821672,1662,2848,3018,1450,1715,2849,3018,1492,-239,0,12,-171,4800,4900,4900,5000,-28.1,66.09,-234.24,25.580278072787337,-24.619124057383345,49.17507940405886,0.6839877367921625,-0.6252136425254631,0.3758572563061378
,802,0,0.02783203125,-0.6011659807956105,-0.02783203125,0.6011659807956105,2151,2015,2529,2283,2152,2066,2530,2283,0,-217,0,0,4900,5000,4900,5000,-35.85,15.200000000000001,-207.67000000000002,2.4662474495609388,27.968792977377944,56.66320802832912,0.08866825460970446,0.7419992942351884,0.6645110894326381
,803,0,-0.34716796875,-0.10116598079561046,0.34716796875,0.10116598079561046,1907,2341,2773,1957,1932,2343,2772,1958,-75,-8,14,0,5000,5000,5000,5000,-41.44,37.1,-223.28,16.536325513392626,5.082010919004553,62.38669562683059,0.5002875636086515,0.10927696416852362,0.8589359107643779
,804,0,0.40283203125,0.39883401920438954,-0.40283203125,-0.39883401920438954,2396,2667,2284,1631,2397,2668,2309,1653,0,0,-80,-68,5000,5000,4900,5000,-39.9,58.82,-194.06,-14.07438572562478,-14.622319782844897,60.7550985461619,-0.3685555568511492,-0.4403894857010132,0.8186720359204508
,805,0,-0.53466796875,-0.43449931412894377,0.53466796875,0.43449931412894377,1784,2124,2896,2174,1819,2154,2895,2175,-134,-96,10,0,4900,5000,5100,4800,-35.17,24.66,-228.14000000000001,22.254586236580337,17.147969724908947,56.109735184397714,0.6392533756844961,0.43567618193624474,0.6336729331204172
,806,0,0.21533203125,0.06550068587105629,-0.21533203125,-0.06550068587105629,2273,2450,2407,1848,2273,2450,2421,1851,0,0,-39,-16,5000,5000,5000,5000,-44.36,42.97,-199.94,-7.160292616362796,0.8077456863060775,65.204468849269,-0.18555198485936383,-0.018604723544085384,0.9824583070932823
,807,0,-0.15966796875,0.5655006858710561,0.15966796875,-0.5655006858710561,2029,2776,2651,1522,2034,2776,2650,1560,-18,0,13,-154,5000,5000,4900,4800,-37.99,66.83,-212.77,4.06172880163291,-23.881274986034924,58.95915912638375,0.12751593076855547,-0.6748648660824594,0.726840491392529
,808,0,0.59033203125,-0.2678326474622771,-0.59033203125,0.2678326474622771,2518,2232,2162,2066,2518,2250,2201,2066,0,-44,-152,0,5000,4900,5000,5000,-37.61,35.61,-182.99,-23.542439074524907,9.274739104254103,58.35100987706002,-0.6336075635126498,0.2278586024961699,0.739338834857236
,809,0,-0.62841796875,0.23216735253772303,0.62841796875,-0.23216735253772303,1723,2558,2957,1740,1772,2558,2956,1746,-220,0,16,-23,5000,4800,5000,5000,-35.34,46.89,-234.3,26.900223978166707,-5.446263713537604,56.36676690020744,0.7601013373367158,-0.1584888536751241,0.6301803235897498
,810,0,0.12158203125,0.7321673525377228,-0.12158203125,-0.7321673525377228,2212,2884,2468,1414,2212,2885,2469,1469,0,0,-12,-260,5000,4700,5000,4700,-33.52,73.84,-211.61,2.4531478525903765,-30.809836729653682,54.50112149809482,0.07628100920054949,-0.8238540992120851,0.561645467218235
,811,0,-0.25341796875,-0.7431412894375857,0.25341796875,0.7431412894375857,1968,1923,2712,2375,1977,1986,2712,2376,-24,-298,0,0,5000,4900,5000,4800,-31.42,10.47,-212.16,7.286416651344496,32.37254680579909,52.243839172390174,0.22696954361494648,0.8294743284919147,0.5103500412894179
,812,0,0.49658203125,-0.24314128943758573,-0.49658203125,0.24314128943758573,2457,2248,2223,2050,2458,2255,2256,2050,0,-14,-126,0,5000,5000,5000,4900,-39.37,33.57,-186.96,-19.45242978736809,11.047388810475866,60.12573155946628,-0.5234552783874216,0.27299762314494413,0.8071349758779861
,813,0,-0.44091796875,0.25685871056241427,0.44091796875,-0.25685871056241427,1846,2574,2834,1724,1878,2575,2833,1735,-116,0,14,-35,5000,4900,5000,5000,-39.660000000000004,49.22,-226.78,19.21940512819316,-7.251468554005783,60.65488505131304,0.5671262527462116,-0.2268855665780546,0.7917643292827706
,814,0,0.30908203125,-0.5764746227709191,-0.30908203125,0.5764746227709191,2334,2031,2346,2267,2334,2074,2361,2267,0,-166,-46,0,5000,4800,4900,4900,-36.19,17.28,-198.87,-6.455549428304238,26.48796222471852,56.96434047774874,-0.15504473951867115,0.7106081387546799,0.6862923588990312
,815,0,-0.06591796875,-0.0764746227709191,0.06591796875,0.0764746227709191,2090,2357,2590,1941,2094,2360,2589,1942,-17,-11,13,0,5000,5000,5000,5000,-44.5,36.65,-210.32,3.6215613991644204,6.4137266998878175,65.38053946924953,0.12931157613062663,0.1432510579963922,0.9812021456670014
,816,0,0.68408203125,0.4235253772290808,-0.68408203125,-0.4235253772290808,2579,2683,2101,1615,2580,2684,2146,1637,0,0,-191,-69,5000,4800,5000,5000,-34.31,57.49,-181.32,-26.66850451765916,-12.452172156794603,55.097958709347324,-0.6900612349605604,-0.3779045467123506,0.6172549275452068
,817,0,-0.67529296875,-0.4098079561042524,0.67529296875,0.4098079561042524,1693,2140,2987,2158,1744,2163,2986,2159,-234,-64,5,0,4800,5000,5000,5000,-32.26,26.62,-233.66,27.643805415315313,14.811864573986966,53.23240493442797,0.7630342678020059,0.37007640730026287,0.5299265599303238
,818,0,0.07470703125,0.09019204389574764,-0.07470703125,-0.09019204389574764,2182,2466,2498,1832,2182,2466,2502,1837,0,-2,-16,-19,5000,5000,5000,5000,-44.910000000000004,44.72,-207.25,0.012277028734729356,-1.4296623288668968,65.79552727266322,0.014824185644575785,-0.07918563858056077,0.9967496567155485
,819,0,-0.30029296875,0.5901920438957475,0.30029296875,-0.5901920438957475,1937,2792,2743,1506,1953,2792,2742,1545,-46,-4,14,-159,5000,4900,5000,5000,-36.64,66.69,-219.13,10.423135579567486,-24.174358247222173,57.64071079305404,0.29570491061597853,-0.6709895752727655,0.6799497008697554
,820,0,0.44970703125,-0.6875857338820301,-0.44970703125,0.6875857338820301,2426,1959,2254,2339,2427,2015,2275,2339,0,-249,-68,0,5000,4800,5000,4700,-32.37,15.02,-192.31,-12.829637028064639,29.17428182515676,53.105805227827844,-0.3262873924765378,0.7657080955139431,0.5542812011743427
,821,0,-0.48779296875,-0.18758573388203015,0.48779296875,0.18758573388203015,1815,2285,2865,2013,1852,2289,2864,2014,-148,-12,16,0,5000,5000,5000,5000,-38.6,34.37,-228.17000000000002,21.61299471296101,7.467895625269904,59.56435900506433,0.6346001027269492,0.17652062724286482,0.7524115747227255
,822,0,0.26220703125,0.31241426611796985,-0.26220703125,-0.31241426611796985,2304,2611,2376,1687,2304,2612,2390,1706,0,0,-38,-58,5000,5000,5000,5000,-42.53,55.03,-199.97,-7.934981102502974,-11.23200395503639,63.405111652035515,-0.2026832924080329,-0.3576610507073295,0.911590947621557
,823,0,-0.11279296875,-0.5209190672153635,0.11279296875,0.5209190672153635,2059,2067,2621,2231,2062,2108,2621,2232,-14,-163,0,0,5000,5000,5000,4800,-37.85,18.19,-208.13,2.7138525364856037,24.960307326073412,58.67303533604085,0.09854683233331288,0.6689970523379256,0.7367031055996959
,824,0,0.63720703125,-0.020919067215363518,-0.63720703125,0.020919067215363518,2548,2393,2132,1905,2548,2394,2178,1905,0,0,-196,0,5000,4900,5100,4700,-36.77,41.9,-180.15,-26.796147538312084,3.188206888468983,57.512674133524364,-0.7059538571014481,0.05485771174649685,0.7061301460110068
,825,0,-0.58154296875,0.47908093278463637,0.58154296875,-0.47908093278463637,1754,2719,2926,1579,1793,2720,2925,1604,-155,0,13,-88,5000,5000,5100,5000,-34.49,58.95,-231.18,22.978011425923484,-17.270782703916225,55.53160264019549,0.6439683543057952,-0.4709430820286951,0.6029240185479422
,826,0,0.16845703125,-0.3542524005486969,-0.16845703125,0.3542524005486969,2243,2176,2437,2122,2243,2204,2443,2123,0,-86,-23,0,5000,5000,5000,4900,-41.550000000000004,25.96,-203.84,-2.108299157572503,17.507912398315028,62.37109737989755,-0.03895117733408736,0.4800952708384743,0.8763511491992354
,827,0,-0.20654296875,0.1457475994513031,0.20654296875,-0.1457475994513031,1998,2502,2682,1796,2011,2502,2681,1805,-37,0,13,-26,5000,5000,5000,4900,-43.56,45.69,-217.23000000000002,9.910526362931023,-3.074339374737974,64.49803063187082,0.30622805245661,-0.11742686590336342,0.9446879437426652
,828,0,0.54345703125,0.6457475994513029,-0.54345703125,-0.6457475994513029,2487,2828,2193,1470,2488,2829,2225,1510,0,0,-121,-166,5000,5000,5100,4700,-33.410000000000004,68.94,-190.70000000000002,-18.07794430859687,-24.51119926276681,54.27391954043387,-0.45074794442926225,-0.6787498037987217,0.5797628777664117
,829,0,-0.39404296875,-0.6320301783264747,0.39404296875,0.6320301783264747,1876,1995,2804,2303,1897,2045,2804,2303,-62,-210,0,0,5000,4800,4800,4800,-33.480000000000004,15.42,-219.44,14.205915705467334,26.948776052254086,54.35280661002008,0.42471546619808176,0.6936435392886279,0.5817863982384703
,830,0,0.35595703125,-0.13203017832647468,-0.35595703125,0.13203017832647468,2365,2321,2315,1977,2365,2325,2338,1978,0,-9,-73,0,5000,5000,5000,5000,-42.44,37.43,-193.08,-13.621633301328217,6.792247116876403,63.23611441464294,-0.3645329511399948,0.1537422455147486,0.9184111549176917
,831,0,-0.01904296875,0.3679698216735252,0.01904296875,-0.3679698216735252,2121,2647,2559,1651,2122,2648,2558,1675,-6,0,14,-82,5000,5000,4900,5000,-42.22,58.35,-207.36,-0.7843379218613222,-15.043684621417583,63.14055050470084,0.001088849929954718,-0.4641852057859998,0.8857374944842513
,832,0,0.73095703125,-0.46536351165980794,-0.73095703125,0.46536351165980794,2610,2104,2070,2194,2611,2135,2118,2195,0,-103,-212,0,4900,4800,5100,5000,-31.91,28.36,-178.34,-27.66523437724632,16.805498241410774,52.60947474175086,-0.7193866683293825,0.43264952688018204,0.5434125581179599
,833,0,-0.73388671875,0.03463648834019195,0.73388671875,-0.03463648834019195,1655,2430,3025,1868,1715,2431,3025,1868,-291,0,15,0,5000,5000,5000,4700,-32.34,40.26,-238.33,31.382694487237387,0.8882658393703764,53.37027003242214,0.8553629228665817,0.004506761544696546,0.518009613120758
,834,0,0.01611328125,0.534636488340192,-0.01611328125,-0.534636488340192,2144,2756,2536,1542,2145,2756,2537,1581,0,0,0,-153,5000,5000,5000,5000,-38.76,65.9,-211.4,2.7538743027807584,-22.858805070813105,59.71992971092185,0.08850757722289082,-0.6474938102376838,0.7569135845511169
,835,0,-0.35888671875,-0.2986968449931413,0.35888671875,0.2986968449931413,1899,2212,2781,2086,1923,2235,2781,2086,-74,-66,9,0,5000,4900,5000,5000,-40.06,29.89,-222.35,16.101444841710844,12.334340353790864,60.983842615738624,0.4780673939937058,0.33205314763249166,0.8131373032566039
,836,0,0.39111328125,0.2013031550068587,-0.39111328125,-0.2013031550068587,2388,2538,2292,1760,2389,2538,2318,1767,0,0,-86,-25,5000,5000,4900,5000,-41.88,49.46,-192.45000000000002,-15.058923348898787,-5.169431790399571,62.703352705824116,-0.40787456337290634,-0.1709245208210666,0.8968963979944669
,837,0,-0.54638671875,0.7013031550068587,0.54638671875,-0.7013031550068587,1777,2864,2903,1434,1812,2865,2902,1479,-136,0,13,-192,5100,4900,5000,5000,-30.96,69.19,-228.1,19.231416708393738,-27.289810364289835,52.012083814667406,0.5207553432047892,-0.7074418967888213,0.4778491761963158
,838,0,0.20361328125,-0.7246227709190672,-0.20361328125,0.7246227709190672,2266,1935,2414,2363,2266,1995,2419,2363,0,-278,-19,0,5000,5100,4800,5000,-32.230000000000004,11.01,-204.02,-0.8752869902745601,32.38503829849961,53.014382895349435,-0.001904348098624242,0.8410876136204506,0.5408955533858407
,839,0,-0.17138671875,-0.22462277091906724,0.17138671875,0.22462277091906724,2021,2261,2659,2037,2030,2268,2658,2038,-28,-15,16,0,5000,5000,5000,5000,-42.51,30.080000000000002,-213.99,7.735929175220292,12.715557691335682,63.39237349061991,0.2426451394298899,0.32789271514592794,0.9130222908917833
,840,0,0.57861328125,0.27537722908093265,-0.57861328125,-0.27537722908093265,2510,2587,2170,1711,2510,2588,2210,1724,0,-3,-154,-36,5000,5000,4900,5000,-37.93,51.31,-184.16,-23.43564706446739,-6.467442815538931,58.7165285095938,-0.618462987157839,-0.20821746050745385,0.757726218799131
,841,0,-0.64013671875,-0.5579561042524006,0.64013671875,0.5579561042524006,1716,2043,2964,2255,1762,2077,2963,2255,-201,-116,15,0,5000,5000,5000,5000,-30.57,19.6,-230.11,24.58360426341264,22.050428587716695,51.50690212972714,0.6781466355514818,0.5573750143384635,0.47900963881889
,842,0,0.10986328125,-0.05795610425240061,-0.10986328125,0.05795610425240061,2205,2369,2475,1929,2205,2371,2481,1930,0,-9,-21,0,5000,5000,5000,5000,-44.730000000000004,37.94,-205.0,-1.77438372977727,5.486095868799772,65.58712409274585,-0.03572140782769283,0.11600382035174045,0.9926062133024397
,843,0,-0.26513671875,0.4420438957475994,0.26513671875,-0.4420438957475994,1960,2695,2720,1603,1975,2696,2719,1632,-43,0,16,-102,4900,4800,5000,4900,-39.99,59.910000000000004,-218.5,10.235711488516955,-17.357759450860698,60.970373397513725,0.3018891711601829,-0.5105890032004531,0.8050849633094546
,844,0,0.48486328125,-0.39128943758573387,-0.48486328125,0.39128943758573387,2449,2152,2231,2146,2450,2177,2259,2147,0,-74,-103,0,5000,4900,4900,4900,-38.27,27.580000000000002,-188.43,-17.576447604527743,16.921449935594907,59.01798756917305,-0.46843787682009747,0.44761131228370754,0.7617152149431806
,845,0,-0.45263671875,0.10871056241426624,0.45263671875,-0.10871056241426624,1838,2478,2842,1820,1873,2478,2841,1823,-133,0,14,-17,5000,5000,4900,5000,-39.800000000000004,41.81,-227.70000000000002,20.636436040939884,0.07998931775647833,60.78077733421916,0.6077151229657874,-0.027545953305942027,0.7936772327433518
,846,0,0.29736328125,0.6087105624142661,-0.29736328125,-0.6087105624142661,2327,2804,2353,1494,2327,2805,2366,1534,0,0,-36,-157,5000,5000,4900,5000,-36.81,68.77,-202.28,-6.529412516249948,-25.11279965470179,57.73148955557111,-0.15566129391056097,-0.7056427552246238,0.6912581743293105
,847,0,-0.07763671875,-0.6690672153635117,0.07763671875,0.6690672153635117,2082,1971,2598,2327,2083,2030,2598,2327,0,-271,0,0,5000,4800,4900,4800,-34.05,12.82,-206.59,1.5579501075272333,30.411052992769562,54.85181023776132,0.07054853507778686,0.7956587028924946,0.6016229157120025
,848,0,0.67236328125,-0.16906721536351166,-0.67236328125,0.16906721536351166,2571,2297,2109,2001,2572,2299,2157,2002,0,-7,-216,0,5100,4900,5000,5000,-35.58,39.49,-178.87,-27.9049106934107,5.675629672628901,56.310188308768865,-0.7322956761958761,0.11914535902980876,0.6704829796844075
,849,0,-0.68701171875,0.33093278463648845,0.68701171875,-0.33093278463648845,1685,2623,2995,1675,1737,2623,2994,1689,-242,0,15,-40,4800,5000,5100,5000,-33.42,50.58,-236.23000000000002,28.586187434562106,-9.263491467717486,54.465793597812535,0.7875319782443179,-0.2528006905543669,0.5620366483582956
,850,0,0.06298828125,-0.502400548696845,-0.06298828125,0.502400548696845,2174,2079,2506,2219,2175,2120,2507,2220,0,-166,0,0,4900,5000,5000,4900,-38.31,18.85,-208.42000000000002,2.956448447974566,24.28357038790955,59.1361490804422,0.10425062640723665,0.652716501052095,0.7503952133029697
,851,0,-0.31201171875,-0.0024005486968450285,0.31201171875,0.0024005486968450285,1930,2405,2750,1893,1952,2406,2749,1893,-68,0,13,0,5000,5000,5000,4900,-42.050000000000004,38.46,-222.09,15.254368780017899,3.8071072950642346,62.99415565302078,0.4649113308852106,0.07501708080540805,0.8821733911210298
,852,0,0.43798828125,0.49759945130315497,-0.43798828125,-0.49759945130315497,2419,2731,2261,1567,2420,2732,2286,1598,0,0,-86,-108,5000,5000,4900,4900,-37.94,63.0,-193.45000000000002,-14.955465722334537,-18.75725204630929,58.802630053212766,-0.3850148981313929,-0.5428836534217766,0.7463517046703231
,853,0,-0.49951171875,-0.33573388203017834,0.49951171875,0.33573388203017834,1807,2188,2873,2110,1841,2211,2873,2110,-131,-62,1,0,5000,4900,5000,5000,-37.21,28.94,-227.68,21.497092026175324,12.914583298793247,58.15820824704271,0.6273695873453194,0.33051489124457073,0.7051009201098477
,854,0,0.25048828125,0.1642661179698217,-0.25048828125,-0.1642661179698217,2296,2514,2384,1784,2296,2514,2399,1791,-5,0,-43,-24,5000,5000,5000,5000,-43.81,47.86,-198.93,-8.495159626288284,-4.004561870889695,64.6617663149382,-0.2210709119114473,-0.1510763843054943,0.9634851208045817
,855,0,-0.12451171875,0.6642661179698215,0.12451171875,-0.6642661179698215,2052,2840,2628,1458,2055,2841,2627,1506,-13,0,12,-212,5000,5000,5000,4700,-35.56,71.13,-210.59,1.608419357991096,-28.031399470137856,56.52913041458072,0.056925591714663645,-0.768203457074568,0.6376699189601293
,856,0,0.62548828125,-0.6135116598079562,-0.62548828125,0.6135116598079562,2541,2007,2139,2291,2541,2053,2175,2291,0,-187,-138,0,5000,5000,4900,4700,-31.720000000000002,20.650000000000002,-183.88,-21.616949482957352,24.12376546881213,52.42777546861174,-0.5663645925793364,0.6290268975607283,0.5325000567301071
,857,0,-0.59326171875,-0.11351165980795619,0.59326171875,0.11351165980795619,1746,2333,2934,1965,1791,2335,2933,1966,-195,-9,15,0,5000,5000,5000,5000,-36.300000000000004,38.79,-233.49,26.633794619474997,2.692631992815109,57.30223046333564,0.7490997611681868,0.050021769806417135,0.660565947020583
,858,0,0.15673828125,0.3864883401920438,-0.15673828125,-0.3864883401920438,2235,2659,2445,1639,2235,2660,2451,1663,0,0,-23,-77,5000,4900,5000,5000,-41.86,59.17,-206.69,-1.5063748686965255,-15.817660115427685,62.77926864509992,-0.029006868975416693,-0.47604542723096005,0.8789421782829265
,859,0,-0.21826171875,-0.44684499314128945,0.21826171875,0.44684499314128945,1991,2116,2689,2182,2000,2152,2689,2183,-26,-127,0,0,5000,4900,4900,4900,-39.24,22.11,-214.31,8.608581408952574,20.636454139935395,60.10389701517986,0.26303601000482724,0.5565899268379474,0.7880480383728323
,860,0,0.53173828125,0.05315500685871044,-0.53173828125,-0.05315500685871044,2480,2442,2200,1856,2481,2442,2238,1856,0,0,-154,0,5000,5000,5000,4900,-39.32,42.21,-184.67000000000002,-22.319724392452372,2.581383309487485,60.08607673770499,-0.5975252179914622,0.03842141722403449,0.800929090845595
,861,0,-0.40576171875,0.5531550068587103,0.40576171875,-0.5531550068587103,1868,2768,2812,1530,1894,2768,2811,1562,-83,0,14,-119,4900,4900,5000,4900,-36.26,64.37,-223.41,14.851660835048278,-22.14936977377981,57.276313010412295,0.4190303744939282,-0.613864123130853,0.6690174762921125
,862,0,0.34423828125,-0.2801783264746228,-0.34423828125,0.2801783264746228,2357,2224,2323,2074,2357,2245,2341,2074,0,-58,-55,0,5000,4900,5000,5000,-41.550000000000004,31.44,-194.11,-12.185658505086167,12.696581184241467,62.33616130169208,-0.3250325531098314,0.3372504594526529,0.883524740467339
,863,0,-0.03076171875,0.21982167352537718,0.03076171875,-0.21982167352537718,2113,2550,2567,1748,2116,2550,2566,1760,-15,0,13,-38,5000,5000,5000,5000,-44.09,51.32,-208.03,0.3492754433099492,-8.069555659914442,64.99612210575219,0.030074309805752666,-0.2634981968588518,0.9641909749327886
,864,0,0.71923828125,0.7198216735253771,-0.71923828125,-0.7198216735253771,2602,2876,2078,1422,2603,2877,2123,1468,0,0,-185,-193,4900,5000,5000,4500,-28.240000000000002,70.35000000000001,-183.83,-25.00234570910058,-25.46946281646808,49.07312188946245,-0.6132349765498645,-0.6753733033440935,0.40965078379758285
,865,0,-0.71044921875,-0.7061042524005487,0.71044921875,0.7061042524005487,1670,1947,3010,2351,1722,1996,3010,2351,-237,-209,15,0,4900,5000,4800,4700,-26.11,15.0,-230.86,25.663711072984796,26.57661097215384,47.03911270958582,0.6926106003990512,0.6423152089176054,0.3282098849943419
,866,0,0.03955078125,-0.20610425240054875,-0.03955078125,0.20610425240054875,2159,2273,2521,2025,2160,2281,2523,2026,0,-16,-15,0,5000,5000,5000,4900,-43.31,30.57,-209.38,3.0995658037951443,12.539850706673128,64.17048771337137,0.10444442807144545,0.32267257427489987,0.9407304455877026
,867,0,-0.33544921875,0.29389574759945125,0.33544921875,-0.29389574759945125,1914,2599,2766,1699,1938,2600,2765,1718,-71,0,14,-59,5000,5000,5000,4900,-41.13,51.67,-222.44,14.716982305134792,-9.398998652499714,62.109293246582034,0.4390785165532816,-0.2975047093465144,0.8477623512624368
,868,0,0.41455078125,-0.539437585733882,-0.41455078125,0.539437585733882,2403,2055,2277,2243,2404,2092,2301,2243,0,-139,-81,0,5000,4900,4900,5000,-36.33,19.900000000000002,-193.55,-11.940769808994617,24.2331073684565,57.08428610063792,-0.3105597474526389,0.6487730963218986,0.6947273657709545
,869,0,-0.52294921875,-0.03943758573388201,0.52294921875,0.03943758573388201,1792,2381,2888,1917,1834,2382,2887,1917,-176,-4,14,0,5000,5000,5000,5000,-38.09,38.83,-230.5,23.63929278658233,2.8594790775707537,59.077313791833504,0.6826003336602837,0.047111864976913206,0.7292717303346314
,870,0,0.22705078125,0.46056241426611777,-0.22705078125,-0.46056241426611777,2281,2707,2399,1591,2281,2708,2410,1619,-2,0,-30,-105,5000,4900,5000,5000,-40.410000000000004,62.35,-203.94,-4.45756898428246,-18.80909808286448,61.3235378392472,-0.10644436588447442,-0.5562368948472197,0.8241784477782557
,871,0,-0.14794921875,-0.3727709190672154,0.14794921875,0.3727709190672154,2037,2164,2643,2134,2042,2193,2643,2135,-18,-94,0,0,5000,5000,5000,5000,-40.95,24.79,-211.56,5.675845563694082,18.152908297339792,61.80685341792834,0.18048142973300477,0.49159660379842623,0.851915038401943
,872,0,0.60205078125,0.12722908093278473,-0.60205078125,-0.12722908093278473,2525,2490,2155,1808,2525,2490,2200,1811,0,0,-189,-17,4800,4800,4800,5000,-37.910000000000004,44.38,-182.17000000000002,-24.95355834570654,0.5808967677380608,58.66904734387968,-0.6636080174346517,-0.01698490128502746,0.7478876334883389
,873,0,-0.61669921875,0.6272290809327845,0.61669921875,-0.6272290809327845,1731,2816,2949,1482,1773,2817,2948,1519,-173,0,13,-143,4900,5000,4800,4800,-31.21,65.4,-231.15,22.528867029997798,-23.713424991919027,52.26779663179876,0.6149612617048549,-0.6191219861484244,0.48837548348581566
,874,0,0.13330078125,-0.6505486968449932,-0.13330078125,0.6505486968449932,2220,1983,2460,2315,2220,2040,2461,2315,0,-259,-16,0,5000,5000,5000,4900,-34.56,13.48,-206.69,1.6107393807709798,29.747272177965634,55.3639706838411,0.06992412911011549,0.7814396975880094,0.620050494074275
,875,0,-0.24169921875,-0.15054869684499317,0.24169921875,0.15054869684499317,1975,2309,2705,1989,1991,2313,2704,1990,-48,-11,14,0,5000,5000,5000,4900,-42.59,34.13,-218.20000000000002,11.662728140548268,8.391109232049871,63.50370816122983,0.358582597090028,0.205272078216616,0.910649161295832
,876,0,0.50830078125,0.34945130315500683,-0.50830078125,-0.34945130315500683,2464,2635,2216,1663,2465,2636,2247,1680,0,0,-116,-54,5000,4900,4800,4900,-38.75,55.82,-188.26,-19.653199101690745,-11.241308826464717,59.5684620273135,-0.5180479258409613,-0.34425925339175767,0.7830146313997118
,877,0,-0.42919921875,-0.4838820301783265,0.42919921875,0.4838820301783265,1853,2092,2827,2206,1882,2124,2826,2207,-104,-114,14,0,5000,5000,4900,4900,-36.15,21.09,-222.62,16.98328813419829,21.084886427763117,57.0530289830687,0.4934576222292544,0.5485053115192253,0.6750122208516288
,878,0,0.32080078125,0.016117969821673572,-0.32080078125,-0.016117969821673572,2342,2418,2338,1880,2342,2419,2359,1880,0,-2,-64,0,5000,5000,5000,5000,-43.12,40.980000000000004,-194.48000000000002,-12.46757516564196,3.1578739250739076,63.93208950195837,-0.33417012376100863,0.05043816934689231,0.941162217398513
,879,0,-0.05419921875,0.5161179698216734,0.05419921875,-0.5161179698216734,2098,2743,2582,1555,2100,2744,2581,1593,-14,0,14,-145,4900,5000,5000,5000,-39.36,65.03,-208.49,-0.0936806748653396,-21.79282984146508,60.303134185955585,0.013948888202516658,-0.6271347204322065,0.7787858954464518
,880,0,0.69580078125,-0.3172153635116598,-0.69580078125,0.3172153635116598,2587,2200,2093,2098,2588,2220,2139,2098,0,-49,-201,0,4800,5000,5100,4900,-34.47,34.800000000000004,-178.75,-27.702927035916645,10.359853318215336,55.1877572684665,-0.7312869037539313,0.2572543588645631,0.6316958597641512
,881,0,-0.66357421875,0.1827846364883401,0.66357421875,-0.1827846364883401,1700,2526,2980,1772,1754,2526,2979,1775,-255,0,15,-18,4800,4900,5000,5000,-34.51,44.24,-235.87,28.64938579288156,-2.9105573430729095,55.53795682019623,0.7970535278872465,-0.09190268761051154,0.5968748358680066
,882,0,0.08642578125,0.6827846364883401,-0.08642578125,-0.6827846364883401,2189,2852,2491,1446,2189,2853,2491,1496,0,0,-1,-234,5000,5000,4900,4700,-34.96,71.98,-211.59,2.551695583985378,-28.94861388203529,55.93630018248928,0.07804592409764206,-0.7858677145188464,0.6134498911962333
,883,0,-0.28857421875,-0.5949931412894376,0.28857421875,0.5949931412894376,1945,2019,2735,2279,1958,2067,2735,2279,-35,-198,0,0,5000,5000,5000,5000,-35.410000000000004,16.16,-215.66,10.375330047283512,26.470895701800302,56.26569549491818,0.3104938864557663,0.6949690096560498,0.6485457748619472
,884,0,0.46142578125,-0.09499314128943759,-0.46142578125,0.09499314128943759,2434,2345,2246,1953,2435,2347,2278,1954,0,-9,-121,0,4900,5000,5000,5000,-40.910000000000004,40.32,-187.9,-18.977317489300304,4.2537932487186225,61.68747022118186,-0.511111428067203,0.0793247790369695,0.8558461821670057
,885,0,-0.47607421875,0.4050068587105624,0.47607421875,-0.4050068587105624,1823,2671,2857,1627,1857,2672,2856,1647,-126,0,13,-65,5000,5000,4900,5000,-37.550000000000004,56.75,-227.33,19.270432982563335,-14.807417476247139,58.56669635233057,0.5569532699769747,-0.41942222383654304,0.7168598560485612
,886,0,0.27392578125,-0.42832647462277096,-0.27392578125,0.42832647462277096,2312,2128,2368,2170,2312,2159,2382,2171,0,-104,-37,0,5000,4900,5000,5000,-39.81,23.43,-199.22,-6.538665212469169,20.338732064101592,60.60157296938049,-0.1624231227094273,0.5539752341771097,0.8165354671584906
,887,0,-0.10107421875,0.07167352537722904,0.10107421875,-0.07167352537722904,2067,2454,2613,1844,2076,2454,2612,1849,-24,0,14,-20,5000,5000,5000,5000,-44.6,42.99,-212.25,5.1190197144094896,-0.04168350603567461,65.50622824107222,0.17081813189586778,-0.03850990109136937,0.9845497211078468
,888,0,0.64892578125,0.5716735253772289,-0.64892578125,-0.5716735253772289,2556,2780,2124,1518,2556,2780,2165,1550,0,-1,-164,-122,4700,4900,5000,4900,-32.79,64.96000000000001,-184.76,-23.732895701572886,-20.141467073420145,53.61409733978707,-0.602052455270412,-0.560530654319343,0.5686283730796391
,889,0,-0.56982421875,-0.2616598079561043,0.56982421875,0.2616598079561043,1762,2236,2918,2062,1803,2251,2917,2062,-174,-37,14,-5,4800,5000,5000,5000,-36.4,32.82,-231.08,24.631511857146478,8.81182790445935,57.375066818258034,0.7040966775513673,0.22324575797859286,0.6740988059666695
,890,0,0.18017578125,0.23834019204389578,-0.18017578125,-0.23834019204389578,2250,2562,2430,1736,2251,2563,2440,1748,0,0,-28,-36,5000,5000,5000,5000,-43.71,52.04,-203.66,-4.0574500016296895,-8.494296074251622,64.59603907268274,-0.10126820468156783,-0.2706380037287436,0.9573399718272984
,891,0,-0.19482421875,0.7383401920438957,0.19482421875,-0.7383401920438957,2006,2888,2674,1410,2012,2889,2673,1465,-19,0,14,-249,5000,5000,5000,5000,-33.35,73.59,-213.27,4.127032049191996,-30.67283975698203,54.33881461023689,0.11813728519195964,-0.8207580091945059,0.5589274301647262
,892,0,0.55517578125,-0.7369684499314129,-0.55517578125,0.7369684499314129,2495,1927,2185,2371,2495,1986,2215,2372,0,-272,-111,0,4800,4800,4800,4500,-29.830000000000002,14.63,-188.17000000000002,-16.921582259837436,29.835325127870277,50.54410540698443,-0.4352780926759453,0.7704975715636607,0.4656892464411139
,893,0,-0.38232421875,-0.23696844993141286,0.38232421875,0.23696844993141286,1884,2253,2796,2045,1913,2260,2795,2046,-104,-16,15,0,4900,5000,5000,4900,-40.27,31.25,-222.93,16.587368933593666,10.938928262617956,61.20018233177874,0.5000934823240298,0.2744982437368277,0.8213143266267934
,894,0,0.36767578125,0.2630315500685869,-0.36767578125,-0.2630315500685869,2373,2578,2307,1720,2374,2579,2329,1733,0,0,-68,-37,5000,4900,5000,4900,-41.89,52.120000000000005,-194.0,-13.691939964767528,-7.927865529429113,62.727842191171476,-0.36007977878361225,-0.2664466403479489,0.8940630518919989
,895,0,-0.00732421875,-0.5703017832647462,0.00732421875,0.5703017832647462,2128,2035,2552,2263,2129,2081,2553,2263,0,-187,0,0,4800,4800,5100,5000,-36.6,16.35,-204.95000000000002,-0.3287185767619576,27.00699061371767,57.40246517233125,0.01788959357626195,0.7204023527301645,0.6933256180342104
,896,0,0.74267578125,-0.07030178326474623,-0.74267578125,0.07030178326474623,2617,2361,2063,1937,2618,2362,2118,1938,0,0,-257,0,5100,5000,5000,4700,-33.69,42.17,-176.02,-30.920024472599493,3.188537505183234,54.41270011402922,-0.7978740115447724,0.059696238465839054,0.5998611679501193
,897,0,-0.73974609375,0.42969821673525366,0.73974609375,-0.42969821673525366,1651,2687,3029,1611,1708,2687,3029,1632,-273,0,13,-65,4800,5000,5000,4800,-31.21,54.96,-237.24,29.309116679108,-13.707931630854148,52.27195564944943,0.7968739774942718,-0.35988667408395,0.48525606210458855
,898,0,0.01025390625,-0.4036351165980796,-0.01025390625,0.4036351165980796,2140,2144,2540,2154,2141,2177,2541,2155,0,-112,0,0,5000,4900,4900,5000,-40.56,23.07,-208.57,2.8105903433186654,20.069510249214545,61.397525334135516,0.09682854903929174,0.5459139482834602,0.8322272485087887
,899,0,-0.36474609375,0.0963648834019204,0.36474609375,-0.0963648834019204,1895,2470,2785,1828,1924,2470,2784,1832,-96,0,13,-18,5000,5000,4900,5000,-41.46,41.68,-224.12,17.065379578648816,0.45586548278478745,62.42247549517715,0.5139586397177629,-0.01383117336744808,0.8577034541744292
,900,0,0.38525390625,0.5963648834019204,-0.38525390625,-0.5963648834019204,2384,2796,2296,1502,2385,2796,2316,1538,0,0,-59,-143,5000,5000,5000,4800,-36.45,67.76,-197.85,-10.879406686492956,-23.807382103136035,57.34673543289531,-0.27116043010380586,-0.6772265857872306,0.6839855061687271
,901,0,-0.55224609375,-0.6814128943758573,0.55224609375,0.6814128943758573,1773,1963,2907,2335,1807,2016,2907,2335,-128,-227,1,0,5100,4900,5000,5000,-29.990000000000002,14.82,-225.61,20.41912422704914,27.121340006967294,50.89227752491229,0.5809587495469114,0.6736788306209776,0.4567753983064783
,902,0,0.19775390625,-0.18141289437585728,-0.19775390625,0.18141289437585728,2262,2289,2418,2009,2262,2296,2431,2010,0,-15,-37,0,5000,5000,5000,5000,-43.54,32.87,-201.65,-4.768988239458565,10.767048694782055,64.36754175426015,-0.11670282759144152,0.26613618400841343,0.9568448053857016
,903,0,-0.17724609375,0.3185871056241427,0.17724609375,-0.3185871056241427,2017,2615,2663,1683,2026,2616,2662,1705,-27,0,15,-68,5000,5000,5000,5000,-42.480000000000004,54.63,-215.22,7.307331821489214,-11.86148742381701,63.43055353938863,0.22628583013552656,-0.37633336499004244,0.8984252453460706
,904,0,0.57275390625,-0.5147462277091908,-0.57275390625,0.5147462277091908,2506,2071,2174,2227,2506,2104,2210,2228,0,-114,-141,0,4800,5000,4900,4800,-34.61,22.93,-185.77,-19.89902747201606,21.72976829359515,55.3329641869873,-0.5226475634351253,0.569607194176301,0.6343399473294488
,905,0,-0.64599609375,-0.014746227709190651,0.64599609375,0.014746227709190651,1712,2397,2968,1901,1763,2398,2967,1901,-235,0,15,0,4800,4800,5000,5000,-34.68,39.52,-235.20000000000002,28.298467771119334,1.8443474488829352,55.692672564184335,0.7949017847167807,0.026976247519720248,0.6061381317190265
,906,0,0.10400390625,0.485253772290809,-0.10400390625,-0.485253772290809,2201,2723,2479,1575,2201,2724,2481,1608,0,0,-16,-127,5000,5000,5000,5000,-39.96,63.620000000000005,-210.44,1.944062852344075,-20.515834446261337,60.909338836172374,0.06598183854937141,-0.5936898664609089,0.801984251368612
,907,0,-0.27099609375,-0.34807956104252397,0.27099609375,0.34807956104252397,1956,2180,2724,2118,1971,2207,2724,2120,-42,-84,0,-1,5000,5000,5000,5000,-40.46,26.78,-217.8,11.76970097385771,15.745233506982672,61.353170330412155,0.35664031671683194,0.4260889104678749,0.8314180205338451
,908,0,0.47900390625,0.15192043895747598,-0.47900390625,-0.15192043895747598,2445,2506,2235,1792,2446,2506,2267,1797,0,0,-123,-21,5000,5000,5000,5000,-40.65,46.11,-187.72,-19.54619165590438,-1.5116062970264679,61.44119748519035,-0.5272004947781818,-0.07344973909642732,0.8465605555022667
,909,0,-0.45849609375,0.6519204389574758,0.45849609375,-0.6519204389574758,1834,2832,2846,1466,1864,2833,2845,1507,-106,0,14,-169,5100,4900,5100,4900,-33.47,68.12,-224.79,15.989039583186667,-25.991856612113537,54.50274770912314,0.44036220309732044,-0.6955097380311979,0.5677564040916221
,910,0,0.29150390625,-0.6258573388203018,-0.29150390625,0.6258573388203018,2323,1999,2357,2299,2323,2050,2369,2299,0,-217,-31,0,5000,4800,5100,4900,-35.1,15.57,-199.5,-5.706383783034767,28.14846085122187,55.87319651505249,-0.13307232449996728,0.7507742530150202,0.6470160565719477
,911,0,-0.08349609375,-0.1258573388203017,0.08349609375,0.1258573388203017,2079,2325,2601,1973,2085,2330,2600,1974,-18,-12,15,0,5000,5000,5000,5000,-44.1,34.61,-210.32,3.7610943961763326,8.44793088392263,64.97539272990669,0.13408818935792854,0.2050956636444402,0.9695133450494422
,912,0,0.66650390625,0.3741426611796981,-0.66650390625,-0.3741426611796981,2567,2651,2113,1647,2568,2652,2157,1665,0,0,-184,-59,5000,4900,5100,5000,-35.11,55.71,-181.32,-26.55230654756477,-10.673944971946739,55.89344982231715,-0.6868880114423416,-0.3170162954802464,0.6539767030535306
,913,0,-0.69287109375,-0.4591906721536352,0.69287109375,0.4591906721536352,1681,2108,2999,2190,1734,2135,2998,2191,-243,-86,14,0,5100,5000,5100,4900,-31.19,24.54,-233.72,27.849136171672086,16.88001615273555,52.157468504766335,0.758292859372613,0.4270738426493119,0.49254428465799643
,914,0,0.05712890625,0.04080932784636482,-0.05712890625,-0.04080932784636482,2170,2434,2510,1864,2171,2434,2514,1866,0,-1,-16,-18,5000,5000,5000,5000,-44.980000000000004,42.300000000000004,-207.93,0.8536141009737435,0.9391608640476719,65.86282223225365,0.037429541377228336,-0.010218865705921272,0.9992470186175059
,915,0,-0.31787109375,0.5408093278463646,0.31787109375,-0.5408093278463646,1926,2760,2754,1538,1945,2760,2753,1576,-56,0,13,-144,5000,5000,5000,4900,-37.660000000000004,64.11,-220.20000000000002,11.659782224027168,-21.669485295698166,58.659541776814365,0.3336587165057192,-0.6105516181751423,0.7182608039169833
,916,0,0.43212890625,-0.29252400548696844,-0.43212890625,0.29252400548696844,2415,2216,2265,2082,2416,2237,2290,2082,0,-55,-84,0,4900,4900,4900,5000,-40.35,31.96,-190.09,-16.225733131410095,12.445437512954733,61.117340613441996,-0.43740969083095094,0.3235624162561084,0.8390352347510085
,917,0,-0.50537109375,0.20747599451303156,0.50537109375,-0.20747599451303156,1804,2542,2876,1756,1842,2542,2875,1763,-153,0,15,-23,5000,5000,5000,4900,-38.52,46.46,-229.52,22.14480604373668,-4.6858015134619535,59.521667455083495,0.6463851204152815,-0.1483086432007444,0.7484589651127687
,918,0,0.24462890625,0.7074759945130316,-0.24462890625,-0.7074759945130316,2292,2868,2388,1430,2292,2869,2397,1481,0,0,-25,-234,5100,5000,4800,5000,-34.38,72.84,-206.04,-3.04080557608728,-29.434029935140188,55.33065834941124,-0.057880099429657585,-0.7976011595656407,0.6004017691092846
,919,0,-0.13037109375,-0.7184499314128944,0.13037109375,0.7184499314128944,2048,1939,2632,2359,2050,1997,2632,2359,-13,-265,0,0,5100,4800,4700,5000,-32.2,10.75,-207.39000000000001,2.5046809177695764,32.41709379054842,53.00062113597171,0.09482846623503607,0.8378177571504656,0.5376513440835745
,920,0,0.61962890625,-0.21844993141289437,-0.61962890625,0.21844993141289437,2537,2265,2143,2033,2537,2270,2189,2034,0,-12,-203,0,5000,5000,5000,4800,-37.08,36.54,-181.51,-25.079220119231024,8.445153272857503,57.81594785357306,-0.665960248005013,0.19894273669143245,0.7189706082969068
,921,0,-0.59912109375,0.2815500685871055,0.59912109375,-0.2815500685871055,1742,2591,2938,1707,1785,2591,2937,1719,-181,0,14,-34,4800,5000,5000,4900,-35.94,49.04,-233.29,25.744617078152316,-7.5215330553189546,56.96712500309398,0.7250414560007143,-0.2187605813764116,0.6530380502820791
,922,0,0.15087890625,-0.5517832647462277,-0.15087890625,0.5517832647462277,2231,2047,2449,2251,2231,2090,2453,2251,0,-175,-20,0,5000,5000,5000,4900,-37.160000000000004,17.22,-206.11,0.7672379051483063,26.06234745120548,57.97046929668054,0.044178427492519,0.7003350344812227,0.7124458618186178
,923,0,-0.22412109375,-0.05178326474622774,0.22412109375,0.05178326474622774,1987,2373,2693,1925,2001,2374,2692,1926,-42,-2,14,0,5000,5000,5000,4900,-43.19,38.17,-218.39000000000001,11.576891547047467,4.349224760850923,64.1148562616907,0.3587485412789683,0.08724723764347497,0.9293478378162806
,924,0,0.52587890625,0.44821673525377226,-0.52587890625,-0.44821673525377226,2476,2699,2204,1599,2477,2700,2236,1623,0,0,-120,-82,5000,4900,5000,4800,-37.39,60.19,-188.76,-19.442534609490792,-15.638948844948388,58.222028687130226,-0.5058093885704964,-0.4677231439824291,0.7248392394297731
,925,0,-0.41162109375,-0.3851165980795611,0.41162109375,0.3851165980795611,1865,2156,2815,2142,1891,2182,2815,2143,-85,-80,0,0,5000,4800,5000,4900,-38.08,25.84,-223.19,17.222265526213363,16.31279641486453,58.99785460890234,0.5166800921898155,0.4265924957873921,0.7423345100913793
,926,0,0.33837890625,0.114883401920439,-0.33837890625,-0.114883401920439,2354,2482,2326,1816,2354,2482,2348,1821,-2,0,-70,-20,5000,4900,5000,4900,-42.96,44.85,-194.13,-13.07703704276912,-0.6801541323965026,63.780113022203814,-0.3480961507846315,-0.056858530556831904,0.9357329626083716
,927,0,-0.03662109375,0.614883401920439,0.03662109375,-0.614883401920439,2109,2808,2571,1490,2110,2808,2570,1534,0,0,14,-181,4900,4900,4900,4900,-36.9,69.34,-208.21,-0.6518690207948339,-26.08114932100311,57.85265631176794,-0.004001568629085857,-0.727508326270732,0.6860871829842512
,929,0,-0.71630859375,-0.1628943758573388,0.71630859375,0.1628943758573388,1666,2301,3014,1997,1727,2303,3014,1997,-297,-9,14,16,5000,5100,4800,4800,-32.910000000000004,37.67,-237.01,30.237660791336623,3.5630063522227857,53.92710126732001,0.8366309637774964,0.07482533218092154,0.5426322881222165
,930,0,0.03369140625,0.3371056241426613,-0.03369140625,-0.3371056241426613,2155,2627,2525,1671,2156,2628,2526,1694,0,0,0,-80,5000,5000,5000,5000,-42.58,56.81,-210.99,2.93948807709603,-13.75096742289432,63.51485275440215,0.09206644357182502,-0.416403425252681,0.9045064717324419
,931,0,-0.34130859375,-0.49622770919067216,0.34130859375,0.49622770919067216,1911,2084,2769,2214,1931,2122,2769,2215,-57,-144,0,0,5000,5000,4800,4800,-37.15,20.490000000000002,-219.04,13.447122475323908,21.92780417882956,58.03355032293577,0.3999559765315406,0.5806965990021651,0.7091027265100738
,932,0,0.40869140625,0.0037722908093278384,-0.40869140625,-0.0037722908093278384,2399,2409,2281,1889,2400,2410,2311,1889,0,0,-108,0,4900,5000,4900,4900,-41.94,41.19,-190.39000000000001,-16.55667631359188,3.220801082668274,62.73213451335594,-0.44872827303692653,0.05327465135294316,0.8920788914106864
,933,0,-0.52880859375,0.5037722908093276,0.52880859375,-0.5037722908093276,1788,2735,2892,1563,1824,2736,2891,1593,-143,0,14,-107,5100,5000,5100,4900,-35.27,60.370000000000005,-229.4,21.102536860332293,-18.565275194689747,56.30625375208493,0.5882363690245146,-0.5055055660905172,0.6312226998519314
,934,0,0.22119140625,-0.3295610425240054,-0.22119140625,0.3295610425240054,2277,2192,2403,2106,2277,2217,2415,2106,0,-69,-33,0,5000,5000,5000,4900,-41.79,27.44,-201.36,-4.683609435428764,16.19921977232375,62.602399311242614,-0.11640232197453186,0.4423865742355025,0.8892382236358901
,935,0,-0.15380859375,0.17043895747599458,0.15380859375,-0.17043895747599458,2033,2518,2647,1780,2043,2518,2646,1789,-29,0,13,-29,5000,5000,5000,5000,-43.94,47.69,-214.51,7.060014456149304,-4.8852608047420105,64.86944070665048,0.22128257870207274,-0.17151667145638055,0.9600083602633287
,936,0,0.59619140625,0.6704389574759944,-0.59619140625,-0.6704389574759944,2522,2844,2158,1454,2522,2845,2196,1497,0,0,-147,-183,4800,4900,4900,4700,-31.970000000000002,69.56,-188.73,-20.07829721195077,-25.00104861851179,52.82563232074299,-0.4982809473080943,-0.6828005557614264,0.5343215311042921
,937,0,-0.62255859375,-0.6073388203017833,0.62255859375,0.6073388203017833,1727,2011,2953,2287,1767,2054,2952,2287,-159,-167,15,0,5000,4600,4900,4900,-30.17,18.080000000000002,-229.52,24.099413224910023,23.605607069016806,51.10011111515719,0.6668691988685953,0.5855474890581897,0.460890019047937
,938,0,0.12744140625,-0.10733882030178321,-0.12744140625,0.10733882030178321,2216,2337,2464,1961,2216,2341,2471,1962,0,-11,-24,0,5000,5000,5000,5000,-44.410000000000004,36.050000000000004,-204.78,-1.8648513185367221,7.385707158167165,65.26125208613595,-0.037919088277370186,0.17156673286095678,0.9844424812652234
,939,0,-0.24755859375,0.3926611796982167,0.24755859375,-0.3926611796982167,1972,2663,2708,1635,1986,2664,2707,1661,-33,0,14,-86,5000,5000,4900,5000,-40.9,57.75,-218.02,9.898108231684603,-15.167714279993646,61.87249655459266,0.29491731541697985,-0.45588101875330483,0.839759652405193
,940,0,0.50244140625,-0.44067215363511664,-0.50244140625,0.44067215363511664,2461,2120,2219,2178,2462,2150,2249,2180,0,-96,-110,-17,5000,4900,4900,4800,-37.24,25.61,-188.16,-17.70797432563154,18.902221231503468,57.98167400902804,-0.4700057702599219,0.502169278245244,0.7258929617436911
,941,0,-0.43505859375,0.0593278463648832,0.43505859375,-0.0593278463648832,1849,2446,2831,1852,1883,2447,2830,1853,-125,0,15,0,5000,4900,5000,4900,-40.1,40.06,-227.1,20.154399664875683,1.8673184912074916,61.07334417766157,0.5932707632421783,0.019447211884477456,0.8047680457324108
,942,0,0.31494140625,0.5593278463648832,-0.31494140625,-0.5593278463648832,2338,2772,2342,1526,2338,2772,2357,1561,0,0,-43,-136,5000,5000,5000,4800,-37.82,66.53,-200.70000000000002,-7.959584786071417,-22.768469383487343,58.72789452249035,-0.1916787355732717,-0.6552876806091307,0.730655403025898
,943,0,-0.06005859375,-0.2740054869684499,0.06005859375,0.2740054869684499,2094,2228,2586,2070,2096,2252,2586,2070,-13,-68,0,0,5000,5000,5000,5000,-42.87,29.16,-208.23000000000002,2.0494303006084635,14.022930957791623,63.721167789832364,0.08459321253720317,0.3797239392393323,0.921224032665887
,944,0,0.68994140625,0.22599451303154994,-0.68994140625,-0.22599451303154994,2583,2554,2097,1744,2584,2554,2146,1750,0,0,-220,-21,5000,4700,5100,5000,-35.28,48.58,-178.95000000000002,-28.43677569645584,-3.3998920134989064,56.03355544166922,-0.7426891032384648,-0.11614815391149128,0.6594865444220956
,945,0,-0.66943359375,0.7259945130315499,0.66943359375,-0.7259945130315499,1697,2880,2983,1418,1745,2881,2982,1462,-209,0,13,-182,5100,5100,4800,4900,-28.21,69.02,-231.92000000000002,23.067425398186117,-27.385671435923555,49.280848199275965,0.6133580863030166,-0.692578565357855,0.37964034134106095
,946,0,0.08056640625,-0.6999314128943759,-0.08056640625,0.6999314128943759,2186,1951,2494,2347,2186,2008,2494,2347,-4,-259,0,0,5000,5000,4900,4900,-32.81,11.42,-207.0,2.0674342061485618,31.776666200043433,53.61034879197608,0.08110224514698011,0.8248472055548716,0.5595082781518418
,947,0,-0.29443359375,-0.19993141289437588,0.29443359375,0.19993141289437588,1941,2277,2739,2021,1960,2282,2738,2022,-55,-12,16,5,5000,5000,5000,5000,-41.54,32.04,-220.20000000000002,13.804195881892667,10.338465604351029,62.45847178985756,0.4176836654044366,0.25821158791379833,0.8711298017639795
,948,0,0.45556640625,0.3000685871056241,-0.45556640625,-0.3000685871056241,2430,2603,2250,1695,2431,2604,2278,1711,0,0,-102,-49,5000,5000,5000,4900,-40.300000000000004,53.29,-190.09,-17.66422540874467,-8.836059730205406,61.121221002078194,-0.4701269047974779,-0.2858408789572788,0.8350303499289546
,949,0,-0.48193359375,-0.5332647462277093,0.48193359375,0.5332647462277093,1819,2059,2861,2239,1851,2094,2861,2239,-114,-127,0,0,4900,5000,4900,4900,-34.300000000000004,19.240000000000002,-224.17000000000002,18.663462840876548,22.82085052140375,55.206155511325434,0.5352212047668178,0.5857828536506064,0.6086022595561967
,950,0,0.26806640625,-0.03326474622770914,-0.26806640625,0.03326474622770914,2308,2385,2372,1913,2308,2386,2390,1913,0,0,-55,0,5000,5000,5000,5000,-43.81,40.36,-197.02,-9.8949034885878,3.607139891240557,64.63324607058448,-0.2634362964049554,0.061152016023138626,0.9627365936084209
,951,0,-0.10693359375,0.46673525377229064,0.10693359375,-0.46673525377229064,2063,2711,2617,1587,2067,2712,2616,1618,-15,0,13,-116,4900,5000,5000,5000,-40.33,62.67,-210.8,2.3655297674304734,-19.591221093863,61.27873806201653,0.08304228116866569,-0.5749122504420593,0.8139901005724526
,952,0,0.64306640625,-0.3665980795610425,-0.64306640625,0.3665980795610425,2552,2168,2128,2130,2552,2191,2170,2131,0,-64,-173,0,4900,5000,5000,5000,-35.46,31.42,-181.22,-25.015379269719233,13.568402930891615,56.18158642249764,-0.6634314168486437,0.34802098405581405,0.6623746294922711
,953,0,-0.57568359375,0.1334019204389575,0.57568359375,-0.1334019204389575,1758,2494,2922,1804,1803,2494,2921,1806,-199,0,15,-17,4800,5000,5000,5000,-36.92,42.29,-232.49,25.397009095238587,-0.7301757206655637,57.92604848453772,0.7258143974085273,-0.04179161909539317,0.6866199247676127
,954,0,0.17431640625,0.6334019204389574,-0.17431640625,-0.6334019204389574,2247,2820,2433,1478,2247,2821,2437,1523,0,0,-17,-189,5000,5000,5000,4900,-36.44,69.94,-208.70000000000002,-0.20123894548507337,-26.71414037735606,57.39663563482061,0.007953420160126347,-0.7402832853176659,0.6722480201436373
,955,0,-0.20068359375,-0.6443758573388203,0.20068359375,0.6443758573388203,2002,1987,2678,2311,2007,2043,2678,2311,-15,-252,0,0,5000,4800,5100,5000,-34.6,13.97,-210.99,5.8676518130710065,28.968520955485708,55.42676461042309,0.19007882824904784,0.759585467313212,0.6220128269561958
,956,0,0.54931640625,-0.1443758573388203,-0.54931640625,0.1443758573388203,2491,2313,2189,1985,2492,2316,2228,1986,0,-9,-159,0,5000,5000,5000,4900,-38.89,39.1,-184.02,-22.756385751056172,5.726896125530665,59.644969061496134,-0.6075164477436901,0.11871972572689996,0.7853848689936781
,957,0,-0.38818359375,0.3556241426611797,0.38818359375,-0.3556241426611797,1880,2639,2800,1659,1907,2640,2799,1676,-90,0,13,-56,4900,4900,5000,4900,-39.67,55.24,-223.84,15.88003068069338,-13.059443134733002,60.66535257307829,0.46936988025451476,-0.3831013506536322,0.795566006461579
,958,0,0.36181640625,-0.47770919067215367,-0.36181640625,0.47770919067215367,2369,2096,2311,2202,2370,2130,2330,2203,0,-120,-57,0,5100,5000,5000,5000,-38.21,22.25,-195.1,-10.561911333560943,21.789311780596385,58.9779630608083,-0.2725974596998754,0.589580589180607,0.7603192446772754
,959,0,-0.01318359375,0.02229080932784644,0.01318359375,-0.02229080932784644,2124,2422,2556,1876,2127,2424,2557,1877,-17,-1,1,-15,5000,5000,5000,5000,-44.99,41.29,-208.07,1.061371009763576,1.9374447101155141,65.87097266353759,0.05473848374980614,0.015194300023580349,0.9983851118899786
,960,0,0.73681640625,0.522290809327846,-0.73681640625,-0.522290809327846,2613,2747,2067,1551,2614,2748,2116,1581,0,0,-214,-108,5100,5000,4800,5000,-31.73,61.68,-180.46,-27.79669125795209,-16.581994320497344,52.52427194223349,-0.7087570462640816,-0.4643587960260285,0.531069070766008
,961,0,-0.72802734375,-0.31104252400548693,0.72802734375,0.31104252400548693,1658,2204,3022,2094,1715,2221,3022,2094,-272,-39,14,0,5000,5000,4700,4900,-31.85,31.79,-236.47,30.100631223048453,9.462982902474899,52.84955794852027,0.8271525579231277,0.23167493381717022,0.5120013388283635
,962,0,0.02197265625,0.18895747599451296,-0.02197265625,-0.18895747599451296,2147,2530,2533,1768,2148,2530,2534,1778,0,0,0,-33,5000,5000,5000,5000,-44.28,49.76,-210.4,2.8181561041579926,-6.672398215050016,65.19405986554162,0.0889585831109224,-0.22072020111826116,0.9712718277131337
,963,0,-0.35302734375,0.688957475994513,0.35302734375,-0.688957475994513,1903,2856,2777,1442,1923,2857,2776,1491,-55,0,13,-221,5100,5000,5100,4700,-33.86,70.27,-220.85,11.911154413662842,-27.87013310098058,54.87842040648996,0.321733945583308,-0.7496430953926476,0.5783791989599277
,964,0,0.39697265625,-0.5888203017832647,-0.39697265625,0.5888203017832647,2392,2023,2288,2275,2393,2069,2309,2275,0,-186,-63,0,4900,5000,5000,4700,-35.53,18.34,-194.04,-11.342802479959516,25.75421832340393,56.28281461883367,-0.2946909788074516,0.6889355545582729,0.662212223290231
,965,0,-0.54052734375,-0.08882030178326472,0.54052734375,0.08882030178326472,1781,2349,2899,1949,1822,2350,2898,1950,-171,0,13,0,5000,5000,5000,4900,-37.660000000000004,39.03,-231.37,24.49588852763995,2.6000351131083406,58.652187262778924,0.7004203284153158,0.04660281914644211,0.712207512449978
,966,0,0.20947265625,0.4111796982167353,-0.20947265625,-0.4111796982167353,2270,2675,2410,1623,2270,2676,2420,1648,0,0,-26,-83,4900,5000,5000,4900,-41.35,60.13,-204.3,-3.9531929759240825,-16.615751852351195,62.25972006258066,-0.0945003939583727,-0.49913473028952166,0.8613560219563793
,967,0,-0.16552734375,-0.4221536351165981,0.16552734375,0.4221536351165981,2025,2132,2655,2166,2031,2165,2655,2167,-20,-111,0,0,4900,5000,4900,5000,-40.02,22.740000000000002,-211.83,6.087995668181776,20.17736650247914,60.87304333712242,0.1925835115695243,0.546193146806728,0.8152206066169547
,968,0,0.58447265625,0.0778463648834018,-0.58447265625,-0.0778463648834018,2514,2458,2166,1840,2514,2458,2209,1841,0,-1,-179,0,4900,5000,5000,5000,-38.300000000000004,42.52,-182.59,-24.410944825162716,2.409445645812454,59.05644838649042,-0.6508187482073001,0.027127534484326005,0.7587483468546629
,969,0,-0.63427734375,0.5778463648834018,0.63427734375,-0.5778463648834018,1720,2784,2960,1514,1764,2784,2959,1545,-187,0,14,-116,5000,5000,5000,4900,-31.720000000000002,63.0,-232.54,24.075103971361216,-21.411179429794373,52.77869455980442,0.652473464772749,-0.5653926281067558,0.5045884995221167
,970,0,0.11572265625,-0.25548696844993135,-0.11572265625,0.25548696844993135,2208,2240,2472,2058,2208,2262,2476,2058,0,-61,-18,0,5000,5000,5000,4900,-43.160000000000004,30.21,-205.96,-0.28759825360077684,13.129238618976572,64.00243552768003,0.01132042217220225,0.3567286345206793,0.934139459264437
,971,0,-0.25927734375,0.24451303155006854,0.25927734375,-0.24451303155006854,1964,2566,2716,1732,1981,2567,2715,1744,-51,0,13,-36,5000,5000,5000,5000,-42.45,50.47,-219.27,11.628802760840728,-7.984184145567951,63.410349361120964,0.35106663891501116,-0.2489781404171699,0.9026417343748988
,972,0,0.49072265625,0.7445130315500685,-0.49072265625,-0.7445130315500685,2453,2892,2227,1406,2454,2893,2252,1454,0,0,-84,-213,5100,5000,4800,5000,-31.45,73.62,-194.45000000000002,-14.64273047499546,-29.439020552405424,52.344571657127716,-0.35550872438718933,-0.7813512013604852,0.5129364941365745
,973,0,-0.44677734375,-0.7472565157750343,0.44677734375,0.7472565157750343,1842,1920,2838,2378,1867,1979,2838,2379,-79,-273,0,0,5000,5000,5100,4900,-29.740000000000002,11.34,-220.16,15.217537939990024,30.960225521363768,50.60616896922815,0.4430625140760713,0.7752519291908783,0.45020001655532293
,974,0,0.30322265625,-0.24725651577503427,-0.30322265625,0.24725651577503427,2331,2246,2349,2052,2331,2255,2367,2052,0,-18,-58,0,5000,5000,5000,4900,-42.1,30.91,-196.55,-9.718152122282675,13.06239602734626,62.89704609502151,-0.25400346659585205,0.3344196410034456,0.9075493059158912
,975,0,-0.07177734375,0.2527434842249656,0.07177734375,-0.2527434842249656,2086,2572,2594,1726,2090,2573,2593,1742,-17,0,15,-52,5000,5000,5000,5000,-43.71,52.4,-210.23000000000002,2.4732280336348254,-9.296542193879262,64.62988524316007,0.09036620968786666,-0.30942213770201954,0.9466213017075839
,976,0,0.67822265625,-0.5805898491083676,-0.67822265625,0.5805898491083676,2575,2029,2105,2269,2576,2068,2148,2269,0,-141,-179,0,5000,5000,5100,4900,-31.29,22.080000000000002,-181.73,-23.856405552745116,22.84078919252954,51.99061601716769,-0.6165421204066235,0.5918286264341802,0.5192443458503287
,977,0,-0.68115234375,-0.08058984910836764,0.68115234375,0.08058984910836764,1689,2354,2991,1944,1745,2355,2990,1945,-267,0,14,5,4800,5000,4800,5000,-33.93,39.39,-236.37,29.478181725623728,1.8930048255490846,54.94822146085816,0.8167339162015009,0.0265072883353858,0.5764053034031384
,978,0,0.06884765625,0.41941015089163214,-0.06884765625,-0.41941015089163214,2178,2680,2502,1618,2178,2681,2503,1645,0,0,0,-90,5000,5000,5000,5000,-41.19,60.64,-211.20000000000002,2.897384999605748,-17.590367731222557,62.135602014589075,0.08914405737327591,-0.5218829019067242,0.8483463760354301
,979,0,-0.30615234375,-0.41392318244170095,0.30615234375,0.41392318244170095,1933,2137,2747,2161,1951,2169,2747,2162,-53,-109,0,0,5000,4900,4800,4900,-39.03,23.91,-218.74,12.908043056363312,18.541209011517545,59.92065565989816,0.38248505443859265,0.49649643772758745,0.7792281247843428
,980,0,0.44384765625,0.0860768175582991,-0.44384765625,-0.0860768175582991,2422,2463,2258,1835,2423,2463,2289,1837,0,0,-119,-16,5000,4900,5000,4800,-41.39,43.09,-188.95000000000002,-18.118879947342094,1.420672770796493,62.17972355447181,-0.4910338628863826,0.005046750306810341,0.8711258668012432
,981,0,-0.49365234375,0.5860768175582989,0.49365234375,-0.5860768175582989,1811,2789,2869,1509,1843,2789,2868,1543,-119,0,13,-133,4900,4900,4900,5000,-34.22,64.95,-226.88,18.284452010072897,-22.96788766640242,55.25520608396586,0.5129669423610521,-0.6164706862588487,0.5973514953762967
,982,0,0.25634765625,-0.6917009602194788,-0.25634765625,0.6917009602194788,2300,1956,2380,2342,2300,2014,2389,2342,0,-265,-27,0,4900,4900,5000,5000,-33.31,12.72,-201.52,-3.490123661560716,30.85062000137943,54.08615230709801,-0.07157951750352537,0.810415313970207,0.5814665867928559
,983,0,-0.11865234375,-0.1917009602194787,0.11865234375,0.1917009602194787,2056,2282,2624,2016,2062,2289,2623,2017,-20,-15,14,0,5000,5000,5000,5000,-43.26,31.53,-211.54,5.1901097292120255,11.436231275604733,64.13374200245408,0.1739237571407096,0.29376283464134956,0.9399222966211295
,984,0,0.63134765625,0.3082990397805212,-0.63134765625,-0.3082990397805212,2545,2608,2135,1690,2545,2609,2177,1706,0,0,-171,-50,5000,5000,5000,4900,-36.43,52.370000000000005,-182.0,-25.654953671492677,-7.383646994323016,57.20840116523842,-0.6721291935750195,-0.23426246441577375,0.7023983520126178
,985,0,-0.58740234375,-0.5250342935528121,0.58740234375,0.5250342935528121,1750,2065,2930,2233,1790,2097,2930,2234,-164,-113,7,0,4800,4900,5100,4900,-32.42,20.490000000000002,-228.6,23.00809113270111,21.269577579745288,53.35155116905838,0.6417259648675774,0.5443986831007964,0.5402016844224903
,986,0,0.16259765625,-0.02503429355281206,-0.16259765625,0.02503429355281206,2239,2391,2441,1907,2239,2392,2450,1907,0,0,-28,0,5000,5000,5000,5000,-44.61,39.49,-202.08,-4.791669061404519,4.13620656009671,65.45640270277352,-0.1200796905733867,0.07513591735103715,0.9899168964289968
,987,0,-0.21240234375,0.4749657064471877,0.21240234375,-0.4749657064471877,1995,2717,2685,1581,2005,2719,2684,1612,-29,0,14,-116,4900,4900,4900,5000,-39.78,62.09,-215.66,7.2561836072069354,-19.34186425410907,60.751645863300176,0.21817563520981298,-0.563380321825658,0.7968701306865585
,988,0,0.53759765625,-0.3583676268861454,-0.53759765625,0.3583676268861454,2483,2173,2197,2125,2484,2196,2230,2126,0,-65,-125,-2,5000,4900,5000,5000,-37.81,29.91,-185.63,-20.52497687111088,14.78427511738768,58.54984340278453,-0.5477520331096574,0.3798114883333806,0.7454602226505573
,989,0,-0.39990234375,0.14163237311385446,0.39990234375,-0.14163237311385446,1872,2499,2808,1799,1901,2499,2807,1804,-103,0,16,-19,5000,5000,5000,4900,-40.84,43.92,-225.39000000000001,18.18437721821641,-1.8664442701177109,61.81451028711331,0.544537886304304,-0.08327846962622903,0.8345916288077389
,990,0,0.35009765625,0.6416323731138545,-0.35009765625,-0.6416323731138545,2361,2825,2319,1473,2361,2826,2336,1516,0,0,-50,-177,5000,5000,5100,4900,-35.75,69.8,-199.95000000000002,-8.918432266651337,-25.98635012455121,56.66242725204626,-0.2146713505926776,-0.724699208934117,0.6547726840705719
,991,0,-0.02490234375,-0.6361454046639232,0.02490234375,0.6361454046639232,2117,1992,2563,2306,2118,2047,2563,2306,0,-243,0,0,5100,4800,5100,4700,-34.9,13.92,-206.07,0.9608374272676201,29.351059007466304,55.70196857489276,0.048253890762778175,0.7727789444371078,0.6328382613756246
,992,0,0.72509765625,-0.13614540466392322,-0.72509765625,0.13614540466392322,2606,2318,2074,1980,2607,2320,2127,1981,0,-6,-239,0,4900,5000,5000,5000,-34.05,41.57,-176.69,-30.212826787215846,3.7430147361145387,54.774537693844735,-0.7825958045951336,0.0744217474036081,0.6180657005072261
,993,0,-0.70458984375,0.3638545953360768,0.70458984375,-0.3638545953360768,1674,2644,3006,1654,1730,2645,3005,1668,-266,0,14,-43,4800,5000,5100,5000,-32.84,52.28,-236.33,28.574093732305613,-10.968016054013319,53.89059825961973,0.7861588562065642,-0.29747210010654757,0.5417237326037944
,994,0,0.04541015625,-0.46947873799725653,-0.04541015625,0.46947873799725653,2163,2101,2517,2197,2164,2139,2518,2198,0,-145,0,0,5000,4900,4900,5000,-39.13,20.38,-208.47,2.8991718996387306,22.756031704044894,59.96025160216372,0.10269604723552224,0.6159420457050202,0.7810690867105894
,995,0,-0.32958984375,0.03052126200274341,0.32958984375,-0.03052126200274341,1918,2427,2762,1871,1943,2428,2761,1871,-77,0,15,0,5000,5000,5000,5000,-41.88,38.980000000000004,-222.71,15.838696249268509,3.2459957852290913,62.828580044280535,0.4816283963164009,0.06055781554132293,0.874280755157378
,996,0,0.42041015625,0.5305212620027433,-0.42041015625,-0.5305212620027433,2407,2753,2273,1545,2408,2753,2297,1579,0,0,-81,-124,5000,5000,5000,4800,-37.61,64.69,-195.15,-13.371755367115526,-20.558985521631186,58.48542665683027,-0.3398479690304165,-0.5935063858210827,0.7295570765440471
,997,0,-0.51708984375,-0.30281207133058985,0.51708984375,0.30281207133058985,1796,2210,2884,2088,1832,2230,2883,2088,-141,-54,16,0,5000,5000,4900,5000,-37.230000000000004,30.830000000000002,-228.71,22.397154854935565,10.959489783332394,58.18814568325616,0.6524606373471449,0.2758195862319291,0.7058460686037753
,998,0,0.23291015625,0.19718792866941015,-0.23291015625,-0.19718792866941015,2285,2536,2395,1762,2285,2536,2410,1771,0,0,-41,-31,5000,5000,5000,4900,-43.730000000000004,49.88,-200.37,-7.194320849216183,-6.117294289804811,64.59408912431488,-0.18574845708167997,-0.2084970858260226,0.9602220971701447
,999,0,-0.14208984375,0.69718792866941,0.14208984375,-0.69718792866941,2040,2861,2640,1437,2043,2862,2639,1489,-14,0,12,-240,5100,4700,5100,4700,-34.72,72.25,-211.20000000000002,2.145536064597451,-29.19238333244418,55.695030831228316,0.07079795653922474,-0.7918132576673187,0.6066460371024758
,1000,0,0.60791015625,-0.7287379972565158,-0.60791015625,0.7287379972565158,2529,1932,2151,2366,2529,1990,2183,2366,0,-265,-117,0,4900,4700,5000,5000,-29.25,15.81,-185.70000000000002,-19.462718298478677,28.822930075972806,49.95471259059426,-0.4986948360683654,0.742096427327223,0.4478798421752397
,1001,0,-0.61083984375,-0.22873799725651578,0.61083984375,0.22873799725651578,1735,2258,2945,2040,1781,2264,2944,2041,-207,-14,16,0,4800,5000,5000,5000,-35.58,33.76,-232.92000000000002,26.407857527971032,7.747542054105786,56.56667849172178,0.74616653276238,0.1858281754277203,0.6392991432831524
,1002,0,0.13916015625,0.271262002743484,-0.13916015625,-0.271262002743484,2224,2584,2456,1714,2224,2585,2462,1730,-1,0,-22,-51,5000,5000,5000,4900,-43.54,53.45,-206.23000000000002,-1.5876178795619467,-10.074881776932827,64.44248737037317,-0.03239566110984474,-0.3236073837632826,0.9456367073644821
,1003,0,-0.23583984375,-0.562071330589849,0.23583984375,0.562071330589849,1979,2041,2701,2257,1989,2085,2701,2257,-27,-175,0,0,5000,5000,5000,5000,-36.51,17.06,-213.5,8.154253908224547,25.72175837459756,57.35712302320139,0.24747673966357464,0.6816916917812509,0.6885141252595357
,1004,0,0.51416015625,-0.06207133058984904,-0.51416015625,0.06207133058984904,2468,2367,2212,1931,2469,2367,2247,1932,0,0,-139,0,5000,4900,5000,4900,-39.63,40.97,-185.41,-21.499276613499234,3.7695373693121823,60.39664938964476,-0.5770345476165445,0.06375340914941724,0.8142276301371724
,1005,0,-0.42333984375,0.43792866941015074,0.42333984375,-0.43792866941015074,1857,2692,2823,1606,1886,2693,2822,1630,-101,0,15,-78,5000,5000,5000,5000,-38.1,58.620000000000005,-225.0,16.816975629003878,-16.514450254318803,59.10973052147098,0.48455428247448334,-0.4694832597590208,0.7381006815751378
,1006,0,0.32666015625,-0.39540466392318246,-0.32666015625,0.39540466392318246,2346,2149,2334,2149,2346,2177,2351,2150,0,-88,-51,0,5000,4900,5000,4900,-40.050000000000004,25.44,-196.27,-9.618648732462077,18.532943991029796,60.83185747108129,-0.24922836124982903,0.5043725306183436,0.8267367019229112
,1007,0,-0.04833984375,0.1045953360768177,0.04833984375,-0.1045953360768177,2101,2475,2579,1823,2105,2475,2578,1830,-16,0,16,-24,5000,5000,5000,5000,-44.78,45.21,-209.49,2.214726397410459,-2.0699773554282075,65.67799665886562,0.08604437358023127,-0.09710439584038322,0.991547831465361
,1008,0,0.70166015625,0.6045953360768175,-0.70166015625,-0.6045953360768175,2590,2801,2090,1497,2591,2801,2135,1532,0,0,-189,-131,5100,5000,5100,5000,-30.990000000000002,65.79,-183.1,-25.436383667188494,-20.86277226580465,51.80790034874709,-0.6411761232119683,-0.575137381427287,0.5080454423649854
,1009,0,-0.65771484375,-0.6731824417009602,0.65771484375,0.6731824417009602,1704,1968,2976,2330,1750,2017,2975,2330,-198,-205,13,0,5100,5000,5000,4800,-28.13,15.8,-229.59,24.332897816381404,25.869855529221468,49.05473490135047,0.6607695626403572,0.6381172408448866,0.3952087701767008
,1010,0,0.09228515625,-0.1731824417009602,-0.09228515625,0.1731824417009602,2193,2294,2487,2004,2193,2301,2491,2005,0,-15,-19,0,5000,5000,5000,5000,-43.800000000000004,32.51,-206.94,0.5319285564528684,10.770224241572826,64.65314819453513,0.03156825725391517,0.2715560878948362,0.9619047438604318
,1011,0,-0.28271484375,0.3268175582990398,0.28271484375,-0.3268175582990398,1949,2620,2731,1678,1967,2621,2730,1700,-54,0,14,-69,5000,5000,5000,4900,-41.480000000000004,53.86,-219.88,12.01343335585159,-11.410362582654585,62.451985848343,0.3592685218390286,-0.35535034734059995,0.8629323611155829
,1012,0,0.46728515625,-0.5065157750342936,-0.46728515625,0.5065157750342936,2438,2077,2242,2221,2439,2111,2269,2222,0,-123,-94,0,5000,4900,5000,5000,-36.43,22.04,-190.38,-15.248341976036897,22.31205194778711,57.17379828150798,-0.40119165425069103,0.5933035311150782,0.6978797722573518
,1013,0,-0.47021484375,-0.006515775034293569,0.47021484375,0.006515775034293569,1826,2403,2854,1895,1863,2404,2853,1895,-141,0,13,0,5000,4900,5000,4900,-39.31,39.03,-228.46,21.584578012883696,2.80099576803989,60.287572814212936,0.630308723393467,0.04411507100961908,0.77509017135035
,1014,0,0.27978515625,0.4934842249657063,-0.27978515625,-0.4934842249657063,2315,2729,2365,1569,2315,2730,2379,1601,0,0,-35,-121,4900,5000,4900,4800,-39.550000000000004,63.51,-201.65,-6.816415240412169,-19.814477915496255,60.45500129305004,-0.1688691399822043,-0.5832694076815621,0.7945313156977956
,1015,0,-0.09521484375,-0.33984910836762683,0.09521484375,0.33984910836762683,2071,2185,2609,2113,2074,2213,2609,2115,-16,-83,0,-16,5000,5000,5000,5000,-41.730000000000004,26.09,-209.29,3.319586810892986,17.01118671337415,62.578744935277314,0.11600166588307655,0.46073749947381226,0.8799230478234844
,1016,0,0.65478515625,0.16015089163237306,-0.65478515625,-0.16015089163237306,2560,2511,2120,1787,2561,2511,2167,1790,0,0,-209,-19,4800,5000,5100,4800,-36.410000000000004,45.65,-179.99,-27.206983919842912,-0.5434797219202778,57.161350195466966,-0.7163544553557923,-0.046968450577694214,0.6961539046376427
,1017,0,-0.56396484375,0.6601508916323731,0.56396484375,-0.6601508916323731,1765,2837,2915,1461,1803,2838,2914,1501,-153,0,14,-164,5100,5100,5000,5000,-31.76,67.24,-228.69,19.947730798056995,-25.38175925887812,52.81010330320574,0.5459863714696046,-0.6693293532976065,0.5038820288357814
,1018,0,0.18603515625,-0.6176268861454046,-0.18603515625,0.6176268861454046,2254,2004,2426,2294,2254,2054,2431,2294,0,-212,-19,0,5100,5000,4800,5000,-35.44,14.86,-204.49,-0.6815588488613002,28.521298225873725,56.236413630523984,0.0069646262498557114,0.7563383682034367,0.6541435368209048
,1019,0,-0.18896484375,-0.11762688614540462,0.18896484375,0.11762688614540462,2010,2330,2670,1968,2021,2333,2669,1969,-32,-9,14,0,5000,5000,5000,4900,-43.36,35.38,-216.03,9.409661349202395,7.292501241166207,64.26597485740709,0.29447343021185307,0.1715905313241843,0.9401287616380797
,1020,0,0.56103515625,0.3823731138545954,-0.56103515625,-0.3823731138545954,2499,2656,2181,1642,2499,2657,2217,1662,0,0,-140,-62,5000,4900,4900,4900,-37.49,56.76,-186.13,-21.83563978337648,-12.039123809776044,58.30017817764616,-0.5724723545018107,-0.3628236167459751,0.7352784686515186
,1021,0,-0.37646484375,-0.450960219478738,0.37646484375,0.450960219478738,1888,2113,2792,2185,1913,2145,2792,2186,-82,-107,10,0,5000,5000,4900,5000,-37.61,22.36,-220.59,14.865218154080395,19.958855012752416,58.50603717703471,0.441452231638734,0.5246713721034592,0.7279010087067165
,1022,0,0.37353515625,0.0490397805212619,-0.37353515625,-0.0490397805212619,2377,2439,2303,1859,2378,2439,2328,1859,0,0,-82,0,5000,5000,5000,5000,-42.49,41.85,-191.92000000000002,-15.077353743240309,2.460698374877623,63.29146322391689,-0.4026804097537654,0.032637430592405495,0.9147585942339459
,1023,0,-0.00146484375,0.5490397805212617,0.00146484375,-0.5490397805212617,2132,2765,2548,1533,2133,2765,2548,1572,0,0,13,-157,5000,5000,4900,5000,-38.53,66.66,-207.43,-1.2571895535633928,-23.350000673945914,59.47195063964241,-0.014027263908854646,-0.6632245153890105,0.7482890337658595
,1024,0,0.74853515625,-0.2842935528120713,-0.74853515625,0.2842935528120713,2621,2222,2059,2076,2622,2239,2110,2076,0,-40,-238,0,4900,5000,4700,4900,-33.25,37.26,-176.63,-29.978109672487307,8.044944836324042,53.96336244214817,-0.780695811793775,0.19933244904615185,0.592267358719794
,1025,0,-0.749267578125,0.21570644718792864,0.749267578125,-0.21570644718792864,1645,2548,3035,1750,1705,2548,3035,1754,-293,0,13,-19,5000,4900,4900,4700,-31.89,45.19,-238.65,31.371601753268266,-4.053357091826236,52.9343345359036,0.8549215471309639,-0.11777638351252426,0.5052107201335996
,1026,0,0.000732421875,0.7157064471879284,-0.000732421875,-0.7157064471879284,2133,2874,2547,1424,2134,2875,2548,1477,0,0,0,-243,5100,5000,5000,5000,-33.910000000000004,73.21000000000001,-211.87,2.753162671033124,-30.197692618639365,54.890827407807855,0.08123100432992075,-0.8126069699200043,0.5771234152007539
,1027,0,-0.374267578125,-0.7102194787379973,0.374267578125,0.7102194787379973,1889,1944,2791,2354,1906,1999,2790,2354,-48,-244,12,0,4800,4900,4900,5000,-31.39,12.09,-217.85,12.854265560231681,30.37243389022456,52.24645694925911,0.3787028245376947,0.7728743341516352,0.5091654292043395
,1028,0,0.375732421875,-0.21021947873799718,-0.375732421875,0.21021947873799718,2378,2270,2302,2028,2379,2277,2327,2029,0,-15,-82,0,5000,5000,4900,4900,-41.67,33.65,-192.65,-13.791963283966282,10.590423728839063,62.45442258191447,-0.3695542891775406,0.2624707154438789,0.8913690318183936
,1029,0,-0.561767578125,0.2897805212620026,0.561767578125,-0.2897805212620026,1767,2596,2913,1702,1808,2597,2912,1716,-167,0,15,-39,5000,5000,5000,4800,-36.9,49.26,-231.63,24.06893958623303,-7.62634033765525,57.91934366319487,0.6915600103489893,-0.22170581024757516,0.687452751677213
,1030,0,0.188232421875,-0.5435528120713307,-0.188232421875,0.5435528120713307,2256,2053,2424,2245,2256,2094,2431,2245,0,-161,-24,0,4900,4800,5000,5000,-37.44,17.78,-204.44,-0.9380647261110084,25.617046270923755,58.243507379481834,-0.0013631496726192436,0.6899308144203177,0.7238740312625449
,1031,0,-0.186767578125,-0.04355281207133055,0.186767578125,0.04355281207133055,2011,2379,2669,1919,2023,2381,2668,1919,-37,0,12,0,5000,5000,5000,5000,-43.69,38.410000000000004,-216.54,9.712522423234589,4.235961447748174,64.6061801793644,0.30467877363730345,0.0854481917776663,0.9486144904105125
,1032,0,0.563232421875,0.45644718792866934,-0.563232421875,-0.45644718792866934,2500,2705,2180,1593,2500,2706,2215,1617,0,0,-135,-82,4900,5000,5000,4900,-36.59,60.25,-187.17000000000002,-21.029076830230935,-15.593872405225028,57.41422184363938,-0.5481331476621749,-0.4580904766190234,0.6997879447839266
,1033,0,-0.655517578125,-0.3768861454046639,0.655517578125,0.3768861454046639,1706,2161,2974,2137,1755,2183,2973,2138,-217,-63,15,0,4800,5000,5000,4800,-33.24,28.0,-233.36,27.24667470917052,13.458044407794297,54.21437141035624,0.7575479540049758,0.331614301435933,0.5622748904815453
,1034,0,0.094482421875,0.12311385459533608,-0.094482421875,-0.12311385459533608,2195,2487,2485,1811,2195,2487,2489,1818,0,0,-19,-25,5000,5000,5000,5000,-44.75,46.31,-206.74,-0.6030298791530697,-2.9821001379126812,65.6369893965873,-0.00448430041647652,-0.1222680199008826,0.9924869885088125
,1035,0,-0.280517578125,0.6231138545953359,0.280517578125,-0.6231138545953359,1950,2813,2730,1485,1964,2813,2729,1528,-36,0,14,-176,5000,5000,4900,4900,-36.02,68.25,-217.81,9.003928855353251,-25.64355460687709,57.018043682374596,0.2602646274113049,-0.7065730218243699,0.6580401876393518
,1036,0,0.469482421875,-0.6546639231824417,-0.469482421875,0.6546639231824417,2439,1980,2241,2318,2440,2033,2263,2318,0,-232,-73,0,5000,4800,5000,4900,-33.04,16.56,-191.08,-14.163933296338058,27.722657732049225,53.7735184602722,-0.36503907268827424,0.729245106105701,0.5787469659806168
,1037,0,-0.468017578125,-0.1546639231824417,0.468017578125,0.1546639231824417,1828,2306,2852,1992,1865,2309,2851,1993,-144,-10,15,0,5000,5000,5000,4900,-39.21,35.97,-227.62,20.9533846557637,5.910379080994119,60.17563372787837,0.6184892327547988,0.13486019113258063,0.7741342246755819
,1038,0,0.281982421875,0.3453360768175582,-0.281982421875,-0.3453360768175582,2317,2632,2363,1666,2317,2633,2379,1687,0,0,-42,-66,5000,5000,5000,4900,-42.02,56.44,-199.59,-8.406753381379332,-12.61461963393306,62.89677632830432,-0.2150842338546935,-0.397357920275668,0.8921017069490088
,1039,0,-0.093017578125,-0.487997256515775,0.093017578125,0.487997256515775,2072,2089,2608,2209,2074,2129,2608,2210,-13,-154,0,0,5000,5000,4900,4900,-38.78,19.7,-207.57,2.0487899193594217,23.49417458206443,59.60402754451844,0.08148490998347194,0.6320601032119499,0.7706232772066288
,1040,0,0.656982421875,0.01200274348422492,-0.656982421875,-0.01200274348422492,2561,2415,2119,1883,2562,2416,2168,1883,0,0,-220,0,5000,4800,5000,5000,-36.19,42.18,-179.48,-27.480697928448905,2.9523710178967946,56.93003169985255,-0.7215198828887579,0.047408472028438474,0.6907687712803184
,1041,0,-0.702392578125,0.5120027434842247,0.702392578125,-0.5120027434842247,1675,2741,3005,1557,1729,2742,3004,1585,-252,-2,13,-96,4800,5000,4900,4800,-31.330000000000002,59.11,-235.29,27.083078264880896,-17.716620097368477,52.392660897140686,0.736625322300933,-0.4649994096977557,0.4910791010883949
,1042,0,0.047607421875,-0.32133058984910834,-0.047607421875,0.32133058984910834,2164,2198,2516,2100,2165,2226,2517,2100,0,-83,0,0,5000,5000,5000,4900,-42.13,26.95,-208.63,2.601157037271065,16.19880042307617,62.97760227281724,0.09400742071547437,0.4434090594806989,0.8913759088178598
,1043,0,-0.327392578125,0.17866941015089155,0.327392578125,-0.17866941015089155,1920,2523,2760,1775,1945,2523,2759,1783,-82,0,16,-28,5000,5000,5000,4900,-41.95,46.21,-222.35,14.991510041021684,-3.9430375777261375,62.91503717165023,0.45387426675821396,-0.13423586549823335,0.880896635473558
,1044,0,0.422607421875,0.6786694101508914,-0.422607421875,-0.6786694101508914,2408,2849,2272,1449,2409,2850,2295,1495,-4,0,-73,-200,5100,5000,4900,5000,-34.19,71.10000000000001,-197.05,-11.891943322115708,-27.09227439407131,55.09119731562134,-0.2906427525718859,-0.7402454977044424,0.6062700664767638
,1045,0,-0.514892578125,-0.5991083676268861,0.514892578125,0.5991083676268861,1797,2016,2883,2282,1830,2061,2883,2282,-121,-179,0,0,5000,5000,5000,5000,-32.58,17.63,-225.04,19.64837777974128,24.363591338531513,53.48647724654187,0.5671857771000854,0.6164172665636759,0.5461959792396306
,1046,0,0.235107421875,-0.09910836762688613,-0.235107421875,0.09910836762688613,2286,2342,2394,1956,2286,2345,2411,1957,-4,-9,-52,17,5000,5000,5000,5000,-43.97,37.67,-199.22,-7.519268891002525,6.143098928493195,64.79747767574167,-0.19475009474362812,0.1348871317051043,0.9715337679657446
,1047,0,-0.139892578125,0.40089163237311376,0.139892578125,-0.40089163237311376,2042,2668,2638,1630,2049,2669,2637,1656,-21,0,14,-86,5000,5000,5000,4900,-41.49,59.24,-212.78,4.566750419855538,-16.29925500862177,62.43998176295052,0.14564716143217019,-0.49357183952788614,0.8574227333070952
,1048,0,0.610107421875,-0.4324417009602195,-0.610107421875,0.4324417009602195,2531,2125,2149,2173,2531,2154,2189,2174,0,-91,-161,0,4900,4800,5000,4900,-35.45,27.69,-183.19,-22.79824759456008,17.157014920614095,56.172040626250315,-0.6057800159351625,0.440729734533416,0.6624106531387447
,1049,0,-0.608642578125,0.0675582990397805,0.608642578125,-0.0675582990397805,1736,2451,2944,1847,1784,2451,2943,1848,-217,0,16,0,5000,5000,5000,4900,-35.88,40.21,-234.09,27.138669659509418,1.2342072100826087,56.88883193036544,0.7620673048888238,0.009365528935899654,0.647430080925528
,1050,0,0.141357421875,0.5675582990397803,-0.141357421875,-0.5675582990397803,2225,2777,2455,1521,2225,2778,2458,1559,0,0,-15,-155,4900,5000,5000,4800,-38.01,67.36,-209.66,0.9230022151001549,-24.200277153269667,58.96490649899935,0.040124881393243425,-0.681952001996602,0.7302954613483538
,1051,0,-0.233642578125,-0.26577503429355276,0.233642578125,0.26577503429355276,1981,2234,2699,2064,1993,2257,2699,2064,-32,-64,0,0,5000,4900,5000,4900,-41.97,30.8,-217.13,10.822785446984483,11.783901148657272,62.8699422090579,0.33085734668089684,0.3228047315032182,0.8867527961424265
,1052,0,0.516357421875,0.23422496570644724,-0.516357421875,-0.23422496570644724,2470,2560,2210,1738,2471,2561,2244,1746,0,0,-131,-28,5000,4800,5000,4900,-39.47,50.15,-186.72,-20.810704244991456,-5.478327532923522,60.266407908830544,-0.5595995366536999,-0.17537629363647808,0.8099947618394179
,1053,0,-0.421142578125,0.734224965706447,0.421142578125,-0.734224965706447,1858,2886,2822,1412,1884,2887,2821,1460,-83,0,14,-209,4900,5000,5100,4900,-31.89,71.93,-222.43,13.385086547109097,-29.63853016436677,52.92056548535771,0.3675674501864426,-0.7773266623672259,0.5105462070532557
,1054,0,0.328857421875,-0.7410836762688614,-0.328857421875,0.7410836762688614,2347,1924,2333,2374,2347,1986,2344,2375,0,-292,-30,0,5100,4900,5000,4700,-31.59,11.620000000000001,-198.22,-6.700063186642552,32.16574006820574,52.34685720414733,-0.16166202957042572,0.8364092576815699,0.5237221991282558
,1055,0,-0.046142578125,-0.2410836762688615,0.046142578125,0.2410836762688615,2103,2250,2577,2048,2105,2259,2576,2048,-15,-20,14,0,5000,5000,5000,5000,-42.89,28.98,-207.13,0.9639929209895399,14.276759326635634,63.73519826010454,0.0526244099145469,0.3730166370949063,0.9263310746874212
,1056,0,0.703857421875,0.2589163237311385,-0.703857421875,-0.2589163237311385,2592,2576,2088,1722,2593,2577,2138,1732,0,0,-220,-32,4800,5000,5000,4800,-34.82,49.51,-178.63,-28.81655032384191,-4.307505748125905,55.57430764242548,-0.7501926813442813,-0.14784241900894957,0.6444792936930239
,1057,0,-0.725830078125,-0.5744170096021948,0.725830078125,0.5744170096021948,1660,2033,3020,2265,1715,2069,3020,2265,-259,-131,14,0,5100,4900,4900,5000,-28.57,20.06,-233.21,27.655143299225045,21.37670338596569,49.52363656404863,0.7412362493077761,0.5352650528313593,0.40504338771245624
,1058,0,0.024169921875,-0.07441700960219477,-0.024169921875,0.07441700960219477,2149,2358,2531,1940,2150,2361,2533,1941,0,-11,-15,0,5000,5000,5000,5000,-44.61,36.64,-209.15,2.454382727267273,6.502920681958216,65.48464701667432,0.08263489430335852,0.14773284865557312,0.9855691146092102
,1059,0,-0.350830078125,0.425582990397805,0.350830078125,-0.425582990397805,1904,2684,2776,1614,1926,2685,2775,1640,-64,0,14,-88,4900,4900,5000,5000,-39.26,58.410000000000004,-222.34,14.171624984598623,-16.12222860969503,60.255846636719944,0.4176065705478085,-0.46637810683117764,0.779805240879968
,1060,0,0.399169921875,-0.40775034293552814,-0.399169921875,0.40775034293552814,2393,2141,2287,2157,2394,2168,2311,2158,0,-83,-79,0,5000,5000,4900,5000,-39.13,25.64,-192.89000000000001,-12.999956817945701,18.55871059331359,59.89543250705596,-0.34574551073082027,0.49653547044730484,0.7961862648885356
,1061,0,-0.538330078125,0.09224965706447186,0.538330078125,-0.09224965706447186,1782,2467,2898,1831,1824,2467,2897,1833,-178,-1,14,-16,4800,5000,5000,5000,-37.86,40.43,-231.01,24.04131466174988,1.2280773092996924,58.85391575610174,0.6947505350904378,0.008625351045763256,0.7191990665392219
,1062,0,0.211669921875,0.5922496570644717,-0.211669921875,-0.5922496570644717,2271,2793,2409,1505,2271,2793,2417,1544,0,-1,-22,-160,4900,4900,4800,5000,-37.47,68.25,-206.5,-2.2871867414211806,-24.87668708524626,58.4113213950164,-0.0433423603064932,-0.6997318085970949,0.713089640816988
,1063,0,-0.163330078125,-0.6855281207133059,0.163330078125,0.6855281207133059,2027,1960,2653,2338,2030,2019,2653,2338,-13,-266,0,0,5100,5000,5000,4900,-33.39,12.13,-209.04,4.052071821494565,30.932369934425765,54.20236006857288,0.1344970047242575,0.8048206618820946,0.5780780725195085
,1064,0,0.586669921875,-0.18552812071330593,-0.586669921875,0.18552812071330593,2515,2286,2165,2012,2515,2290,2206,2013,0,-10,-164,0,5000,4900,4800,4700,-37.9,37.6,-182.63,-24.037243970425152,7.314384120567965,58.64422729286277,-0.640675710212316,0.16424076625568998,0.7500397356431776
,1065,0,-0.632080078125,0.31447187928669407,0.632080078125,-0.31447187928669407,1721,2612,2959,1686,1767,2613,2958,1700,-206,0,14,-40,5000,4900,5000,5000,-34.910000000000004,50.36,-234.17000000000002,26.538543455920433,-8.900812121440737,55.94488718123341,0.7451114957610606,-0.2525851297442861,0.617259759839225
,1066,0,0.117919921875,-0.5188614540466392,-0.117919921875,0.5188614540466392,2210,2069,2470,2229,2210,2109,2472,2230,0,-154,-15,0,5000,5000,5000,5000,-37.910000000000004,18.26,-207.34,1.920649474425204,24.943914429505014,58.72925077235596,0.07506728015227405,0.6702135446997984,0.7383621793885919
,1067,0,-0.257080078125,-0.018861454046639192,0.257080078125,0.018861454046639192,1965,2395,2715,1903,1982,2396,2714,1903,-50,0,14,0,5000,5000,5000,5000,-42.87,38.5,-219.86,13.022813702444097,3.919928944690355,63.8030643074004,0.39817167181113144,0.07776512703861557,0.9140087006061797
,1068,0,0.492919921875,0.48113854595336036,-0.492919921875,-0.48113854595336036,2454,2721,2226,1577,2455,2722,2254,1605,0,0,-104,-103,5000,4800,5000,4900,-37.33,62.03,-190.67000000000002,-17.66072713485977,-17.603730431637217,58.17625271136022,-0.45710077823266015,-0.5096749145785788,0.728896673053468
,1069,0,-0.444580078125,-0.35219478737997256,0.444580078125,0.35219478737997256,1843,2177,2837,2121,1872,2201,2837,2123,-103,-68,1,-6,4900,5000,5000,5000,-38.03,27.650000000000002,-225.04,18.946185569549726,14.382021268447694,58.96170190275036,0.5637916747808183,0.3727597554810558,0.7370136444744723
,1070,0,0.305419921875,0.14780521262002733,-0.305419921875,-0.14780521262002733,2332,2503,2348,1795,2332,2503,2366,1801,0,0,-56,-21,5000,5000,5000,5000,-43.35,46.61,-196.08,-11.252099182201022,-2.5665294211074325,64.1843284044023,-0.2991805186487985,-0.10825448699298709,0.9480358554964683
,1071,0,-0.069580078125,0.6478052126200273,0.069580078125,-0.6478052126200273,2088,2829,2592,1469,2089,2830,2591,1515,0,0,13,-201,5000,4800,5000,5000,-36.01,70.75,-208.83,-0.12409447847690558,-27.532289100328086,56.969340188660354,0.010880533116666894,-0.7552860740443855,0.6553049369215195
,1072,0,0.680419921875,-0.6299725651577504,-0.680419921875,0.6299725651577504,2577,1996,2103,2302,2578,2044,2144,2302,0,-195,-164,0,4900,4900,5100,4700,-30.29,20.830000000000002,-181.69,-23.80716857070456,24.08777756559384,50.98727374404152,-0.6154417830419467,0.6219339898642573,0.4841792270819505
,1073,0,-0.678955078125,-0.12997256515775035,0.678955078125,0.12997256515775035,1690,2322,2990,1976,1745,2324,2989,1977,-263,-10,15,0,5100,4800,4800,4900,-33.97,38.59,-236.19,29.35236146119928,2.703433488141357,54.985297651453514,0.8136147150510543,0.05018806679465698,0.5792341956443932
,1074,0,0.071044921875,0.37002743484224965,-0.071044921875,-0.37002743484224965,2179,2648,2501,1650,2179,2649,2503,1673,0,0,-14,-77,5000,5000,5000,4900,-42.09,58.370000000000005,-210.71,2.5572725790434276,-15.289927633260277,63.027397336995804,0.08137618348990693,-0.4588929032250814,0.8847571531953121
,1075,0,-0.303955078125,-0.46330589849108367,0.303955078125,0.46330589849108367,1935,2105,2745,2193,1951,2142,2745,2194,-44,-138,0,0,5000,5000,5000,4900,-38.15,21.7,-218.02,12.343010011005703,20.792208777567815,59.03147755012737,0.3668191287443664,0.5549297370152638,0.7466570255233621
,1076,0,0.446044921875,0.036694101508916166,-0.446044921875,-0.036694101508916166,2424,2431,2256,1867,2425,2431,2287,1867,0,0,-118,0,5000,5000,5000,5000,-41.22,41.71,-188.6,-18.37417477096878,2.820642862230372,62.004485727162574,-0.49726328220195576,0.04395657792275356,0.8664854571376592
,1077,0,-0.491455078125,0.5366941015089162,0.491455078125,-0.5366941015089162,1813,2757,2867,1541,1845,2757,2866,1573,-121,0,14,-117,5000,5000,4900,4900,-35.26,62.59,-227.05,18.60822297498393,-20.621761681369307,56.290080581010315,0.5263510334391831,-0.564037184118745,0.6362520290960973
,1078,0,0.258544921875,-0.296639231824417,-0.258544921875,0.296639231824417,2302,2214,2378,2084,2302,2236,2392,2085,-1,-62,-37,-1,4900,5000,5000,5000,-42.12,29.48,-198.93,-7.247241663783569,14.328689651713283,62.92536504569377,-0.1860797810840258,0.38762888833473347,0.9028389446629446
,1079,0,-0.116455078125,0.2033607681755829,0.116455078125,-0.2033607681755829,2057,2540,2623,1758,2065,2540,2622,1769,-22,0,15,-34,5000,5000,5000,5000,-43.97,49.77,-212.44,4.85430952552619,-6.820834861915522,64.89431696484515,0.15803858294173473,-0.22656524591049843,0.9610889634405776
,1080,0,0.633544921875,0.7033607681755829,-0.633544921875,-0.7033607681755829,2546,2866,2134,1432,2546,2867,2173,1477,0,0,-145,-191,4800,4900,5100,4900,-30.6,70.21000000000001,-187.76,-21.083300973986354,-25.588067391390112,51.45243299122715,-0.5247917578086371,-0.7010955644821426,0.4827614528932343
,1081,0,-0.585205078125,-0.7225651577503429,0.585205078125,0.7225651577503429,1752,1936,2928,2362,1787,1992,2928,2362,-133,-250,0,0,5000,5000,4800,4600,-28.21,13.540000000000001,-226.42000000000002,21.322207507002048,28.33870820281173,49.113132993061114,0.5955515721371873,0.6962655907267894,0.400665137109282
,1082,0,0.164794921875,-0.2225651577503429,-0.164794921875,0.2225651577503429,2240,2262,2440,2036,2240,2270,2448,2037,0,-18,-25,0,5000,5000,5000,4900,-43.11,30.68,-203.71,-2.5639082142383813,12.811902916376717,63.94234380647407,-0.05556328387421475,0.3293890891234284,0.9425579820104178
,1083,0,-0.210205078125,0.27743484224965687,0.210205078125,-0.27743484224965687,1996,2588,2684,1710,2007,2589,2683,1727,-33,0,15,-55,5000,4900,5000,4900,-42.68,52.160000000000004,-216.97,9.218964005626162,-9.514565250374304,63.63308428859667,0.2824067682633024,-0.31101291554813065,0.9074785857535859
,1084,0,0.539794921875,-0.5558984910836763,-0.539794921875,0.5558984910836763,2485,2045,2195,2253,2486,2082,2228,2253,0,-133,-127,0,4900,4900,5000,4600,-34.43,20.89,-187.6,-17.934746484712434,23.64118992192779,55.1569881611781,-0.46676620825189064,0.6245855938110695,0.6261167166254433
,1085,0,-0.397705078125,-0.05589849108367628,0.397705078125,0.05589849108367628,1874,2371,2806,1927,1905,2372,2805,1928,-110,-7,16,0,4900,5000,5000,5000,-40.81,38.93,-225.39000000000001,18.521103591360884,3.112089673285908,61.77190601494457,0.5513322310246831,0.04777768820189777,0.8329166005930173
,1086,0,0.352294921875,0.4441015089163236,-0.352294921875,-0.4441015089163236,2363,2697,2317,1601,2363,2699,2336,1628,0,0,-58,-93,5000,4900,5000,4900,-39.94,60.79,-197.15,-11.12453121357234,-16.796095799309455,60.815564966325596,-0.2818438998429233,-0.5154886017158951,0.8092190788793376
,1087,0,-0.022705078125,-0.3892318244170096,0.022705078125,0.3892318244170096,2118,2153,2562,2145,2119,2185,2562,2146,0,-108,0,0,4900,4900,5000,5000,-40.92,23.96,-206.04,0.22461095097580142,19.353186955995874,61.74708437345555,0.03126044997941586,0.5234084963943719,0.8515082678220262
,1088,0,0.727294921875,0.11076817558299046,-0.727294921875,-0.11076817558299046,2607,2479,2073,1819,2608,2479,2126,1821,0,0,-242,-17,5100,5000,5000,4900,-34.25,43.35,-176.79,-30.234085101199696,1.9609021249563412,54.97953214556836,-0.7857519885187106,0.020452821961259603,0.6182034411200833
,1089,0,-0.737548828125,0.6107681755829903,0.737548828125,-0.6107681755829903,1652,2805,3028,1493,1707,2805,3028,1528,-261,0,14,-124,4800,5000,4800,5000,-29.0,63.17,-235.72,27.249499352746568,-21.80301906914366,50.075108855656325,0.7230227077616788,-0.5580406885245697,0.4072207681491639
,1090,0,0.012451171875,-0.6670096021947873,-0.012451171875,0.6670096021947873,2141,1972,2539,2326,2142,2030,2540,2326,0,-266,0,0,5100,4800,4900,4800,-34.0,12.77,-207.49,2.4595040279934324,30.400101914088264,54.806196617341534,0.08988599801150426,0.7953040188594267,0.5995098205596973
,1091,0,-0.362548828125,-0.16700960219478733,0.362548828125,0.16700960219478733,1897,2298,2783,2000,1923,2302,2782,2001,-81,-11,15,0,4900,5000,5000,5000,-40.78,34.1,-223.45000000000002,16.91147867262319,8.06181808380893,61.719980269500425,0.5090291987602611,0.19267014104981522,0.8389085120305618
,1092,0,0.387451171875,0.33299039780521267,-0.387451171875,-0.33299039780521267,2386,2624,2294,1674,2387,2625,2318,1692,0,0,-78,-59,5000,4900,5000,4900,-41.03,55.43,-193.99,-13.921025476013881,-11.232100484788077,61.87616667295996,-0.366540661613935,-0.35695613641579366,0.8592032705121226
,1093,0,-0.550048828125,-0.5003429355281207,0.550048828125,0.5003429355281207,1774,2081,2906,2217,1810,2114,2905,2218,-142,-118,15,0,5000,5000,4900,4900,-33.65,21.67,-227.94,22.26406689055159,20.14029353224506,54.581203748917964,0.6335222245962205,0.5094150598434634,0.5823623337299014
,1094,0,0.199951171875,-0.0003429355281207025,-0.199951171875,0.0003429355281207025,2263,2407,2417,1891,2263,2408,2431,1891,0,0,-39,0,5000,5000,5000,5000,-44.5,40.36,-200.53,-6.39627199748378,3.37240505950583,65.34083157653106,-0.16294099512647148,0.04964279833367137,0.985386129738387
,1095,0,-0.175048828125,0.49965706447187896,0.175048828125,-0.49965706447187896,2019,2733,2661,1565,2026,2734,2660,1600,-23,0,15,-137,5000,5000,5000,5000,-39.53,63.49,-213.84,5.347126004852754,-20.616648957279295,60.4960621559617,0.164274332460301,-0.5962316461581766,0.7858255326815451
,1096,0,0.574951171875,-0.3336762688614541,-0.574951171875,0.3336762688614541,2508,2189,2172,2109,2508,2211,2209,2109,0,-56,-142,-1,4900,4900,5000,5000,-37.39,31.93,-183.99,-22.29544490901671,12.878279652040717,58.12673087303539,-0.5984258691343922,0.3282324704303316,0.7308556112570718
,1097,0,-0.643798828125,0.16632373113854593,0.643798828125,-0.16632373113854593,1713,2515,2967,1783,1763,2515,2966,1786,-227,0,15,-17,5000,4800,4900,4900,-34.97,43.230000000000004,-235.15,27.996937203070246,-1.85299061996637,55.99178879772857,0.7851223127037605,-0.06577710698855121,0.6158379058574711
,1098,0,0.106201171875,0.6663237311385459,-0.106201171875,-0.6663237311385459,2202,2841,2478,1457,2202,2842,2479,1505,-7,0,0,-212,5000,5000,4900,4900,-35.43,71.22,-211.68,2.69048169327246,-28.195073136022344,56.404824205317595,0.07912894062667888,-0.7707544113883554,0.6321995318573792
,1099,0,-0.268798828125,-0.6114540466392319,0.268798828125,0.6114540466392319,1958,2008,2722,2290,1970,2058,2722,2290,-31,-212,0,0,4900,5000,5000,5000,-35.17,15.36,-214.39000000000001,9.163357727579466,27.3540313562996,56.017311695077595,0.27901847512797584,0.7166828765222844,0.6391512692915527
,1100,0,0.481201171875,-0.11145404663923186,-0.481201171875,0.11145404663923186,2447,2334,2233,1964,2448,2336,2266,1965,0,-8,-127,0,5000,4900,5000,5000,-40.410000000000004,39.910000000000004,-187.09,-19.755392596764295,4.716053726976035,61.182381736472365,-0.5316758730776115,0.09393471265123149,0.8417226596369431
,1101,0,-0.456298828125,0.38854595336076825,0.456298828125,-0.38854595336076825,1836,2660,2844,1638,1867,2661,2843,1659,-110,0,14,-69,5000,5000,4900,4900,-38.2,55.72,-226.81,18.8179576199515,-13.742840860362605,59.21147745870788,0.5481567912891828,-0.3916010174263566,0.7390350298288908
,1102,0,0.293701171875,-0.4447873799725651,-0.293701171875,0.4447873799725651,2324,2117,2356,2181,2324,2151,2372,2182,0,-118,-44,-1,5000,5000,4900,4900,-39.44,22.990000000000002,-198.55,-7.175665347584015,20.821854402248185,60.22710850611673,-0.17989752041575519,0.5676003229066647,0.8034094569922068
,1103,0,-0.081298828125,0.055212620027434656,0.081298828125,-0.055212620027434656,2080,2443,2600,1855,2086,2443,2599,1858,-19,0,14,-17,5000,5000,5000,5000,-44.730000000000004,42.300000000000004,-211.36,4.276970267614445,0.7071342021448856,65.63002149237192,0.1473092628668195,-0.017965996490218687,0.9889272996756372
,1104,0,0.668701171875,0.5552126200274345,-0.668701171875,-0.5552126200274345,2569,2769,2111,1529,2570,2769,2152,1559,0,0,-164,-113,5000,5000,4800,5000,-32.6,63.940000000000005,-183.71,-24.71077393842546,-19.053526580261234,53.41625993878501,-0.6268331214327415,-0.5407957662681523,0.5609101327853933
,1105,0,-0.690673828125,-0.2781207133058985,0.690673828125,0.2781207133058985,1683,2226,2997,2072,1736,2241,2996,2072,-245,-36,16,0,4800,4900,5000,4800,-33.17,33.12,-235.78,29.316123147476304,8.186321338897187,54.16943761403732,0.8064877454916557,0.19875613029518516,0.5568424526218076
,1106,0,0.059326171875,0.2218792866941014,-0.059326171875,-0.2218792866941014,2172,2552,2508,1746,2173,2552,2511,1758,-1,0,-14,-38,5000,5000,5000,5000,-43.980000000000004,51.410000000000004,-209.86,2.1695471990748274,-8.283076220327615,64.89552535905739,0.07151156010664571,-0.26651586632634333,0.9611739643620357
,1107,0,-0.315673828125,0.7218792866941013,0.315673828125,-0.7218792866941013,1927,2878,2753,1420,1944,2879,2752,1471,-45,0,12,-231,4900,4900,5000,4700,-33.24,71.99,-218.68,9.633101253696253,-29.441642327855803,54.25189622482391,0.2659319235184396,-0.787568387139632,0.5558922985903489
,1108,0,0.434326171875,-0.7040466392318244,-0.434326171875,0.7040466392318244,2416,1948,2264,2350,2417,2001,2284,2350,0,-229,-64,0,4900,5000,5000,4900,-31.82,14.01,-193.46,-11.611486531619306,30.102852685732596,52.559027828057644,-0.30064080200246485,0.787496642800756,0.5380187224891462
,1109,0,-0.503173828125,-0.20404663923182442,0.503173828125,0.20404663923182442,1805,2274,2875,2024,1843,2279,2874,2025,-152,-12,14,0,4900,5000,5000,4900,-38.18,33.84,-228.74,22.219468244091274,7.957046766560168,59.145884373798815,0.6485070711706081,0.1923248879908471,0.7365118574069452
,1110,0,0.246826171875,0.29595336076817547,-0.246826171875,-0.29595336076817547,2294,2600,2386,1698,2294,2601,2400,1715,0,0,-39,-54,5000,5000,5000,4800,-42.86,54.2,-200.68,-7.172216265748062,-10.450834535081398,63.73656925284958,-0.18332740601812011,-0.33630211471248567,0.9237380309603893
,1111,0,-0.128173828125,-0.5373799725651578,0.128173828125,0.5373799725651578,2049,2057,2631,2241,2053,2099,2631,2241,-14,-169,0,0,4900,5000,5000,4800,-37.49,17.71,-208.69,3.3066865135267562,25.400418379646116,58.314635927295974,0.11305977679265304,0.6800420404894351,0.7244034166392102
,1112,0,0.621826171875,-0.03737997256515779,-0.621826171875,0.03737997256515779,2538,2383,2142,1915,2538,2384,2189,1915,0,-1,-208,0,5100,4800,5100,4900,-37.21,41.64,-181.01,-25.922704704853714,3.390874995203845,57.95632180363283,-0.6858612416481649,0.056498595396369936,0.7255358474417885
,1113,0,-0.596923828125,0.462620027434842,0.596923828125,-0.462620027434842,1744,2709,2936,1589,1785,2710,2935,1612,-170,0,14,-77,5100,5000,4900,5000,-34.4,58.050000000000004,-231.96,23.817366808545643,-16.425694095674928,55.443240963638225,0.6634562957419325,-0.44785803938515134,0.5993737733655701
,1114,0,0.153076171875,-0.37071330589849105,-0.153076171875,0.37071330589849105,2233,2165,2447,2133,2233,2193,2452,2134,-2,-88,-19,0,5000,5000,5000,4900,-41.300000000000004,25.05,-204.84,-1.047999841028627,18.34768451908893,62.1238158712733,-0.007524449713137221,0.5018427103795078,0.8649261683493359
,1115,0,-0.221923828125,0.12928669410150895,0.221923828125,-0.12928669410150895,1988,2491,2692,1807,2003,2491,2691,1814,-44,0,17,-22,5000,5000,5000,5000,-43.45,44.5,-217.97,10.729630783738656,-1.937271797443806,64.38873620163866,0.32909870359925797,-0.08563556952064776,0.9404044834655787
,1116,0,0.528076171875,0.6292866941015087,-0.528076171875,-0.6292866941015087,2477,2817,2203,1481,2478,2818,2232,1521,0,0,-107,-157,4900,4900,5100,4700,-33.97,68.21000000000001,-191.06,-17.67223462696751,-23.805541083939403,54.83387149273531,-0.44637197060970013,-0.658938506840067,0.605435469771466
,1117,0,-0.409423828125,-0.6484910836762688,0.409423828125,0.6484910836762688,1866,1984,2814,2314,1890,2037,2814,2314,-71,-230,0,0,4900,4900,5100,5000,-33.0,14.91,-219.85,14.651696358376427,27.428591371467892,53.87358133007369,0.43333760555519135,0.7039185788788012,0.562776291185887
,1118,0,0.340576171875,-0.14849108367626884,-0.340576171875,0.14849108367626884,2355,2310,2325,1988,2355,2315,2347,1989,0,-11,-69,0,4900,5000,5000,4900,-42.57,36.49,-194.05,-12.591077719458326,7.665060135637361,63.36860074208153,-0.3371472206712332,0.17977112693385633,0.9241288295008405
,1119,0,-0.034423828125,0.35150891632373105,0.034423828125,-0.35150891632373105,2111,2636,2569,1662,2113,2637,2568,1686,-14,0,14,-83,5000,5000,5000,5000,-42.52,57.370000000000005,-207.85,-0.23080685687611435,-14.09810670308211,63.44052677118313,0.014993197737242133,-0.4375890654263576,0.899050061921414
,1120,0,0.715576171875,-0.4818244170096022,-0.715576171875,0.4818244170096022,2599,2093,2081,2205,2600,2124,2126,2206,0,-104,-188,0,5000,4900,4900,4700,-32.07,27.38,-179.08,-26.861599192540154,17.733816508176787,52.77070651743684,-0.7005012818571248,0.4555842191085894,0.5493095424400902
,1121,0,-0.714111328125,0.018175582990397787,0.714111328125,-0.018175582990397787,1667,2419,3013,1879,1727,2420,3013,1879,-295,0,14,0,5100,4900,4900,5000,-32.94,40.06,-237.56,30.62504849052479,1.1414519338827844,53.965895204162656,0.8403543113060542,0.009784070976488821,0.5419491705173604
,1122,0,0.035888671875,0.5181755829903976,-0.035888671875,-0.5181755829903976,2156,2745,2524,1553,2157,2746,2525,1590,0,0,0,-140,5000,5000,4900,5000,-39.160000000000004,65.07000000000001,-211.29,2.698178020032799,-22.02213646969166,60.117275374023315,0.08559418964257418,-0.6277802612587465,0.7736701999387927
,1123,0,-0.339111328125,-0.3151577503429355,0.339111328125,0.3151577503429355,1912,2202,2768,2096,1934,2228,2768,2097,-63,-70,5,-16,4900,5000,4900,5000,-40.24,29.04,-221.15,14.96065564155515,13.263841836321816,61.15567682298758,0.4464811301372978,0.3575009927172602,0.8202729061949414
,1124,0,0.410888671875,0.1848422496570643,-0.410888671875,-0.1848422496570643,2401,2527,2279,1771,2402,2527,2308,1777,0,0,-104,-23,4900,4900,4900,4800,-41.79,48.04,-191.37,-16.040235579861218,-3.680094571962819,62.604352932376884,-0.4358484093358189,-0.13332672432736567,0.8900899666098763
,1125,0,-0.526611328125,0.6848422496570643,0.526611328125,-0.6848422496570643,1790,2853,2890,1445,1824,2854,2889,1488,-131,-3,14,-189,4900,5000,4800,4900,-31.76,68.60000000000001,-227.3,18.469179062526365,-26.64491890169279,52.80657029831077,0.5025431999196823,-0.700611051182521,0.5065515641821761
,1126,0,0.223388671875,-0.5929355281207134,-0.223388671875,0.5929355281207134,2279,2020,2401,2278,2279,2068,2410,2278,0,-202,-26,0,4900,4800,5100,4900,-36.19,16.22,-202.76,-2.502955856340151,27.283211250712515,56.98116431570886,-0.04617748825154569,0.7292231088990386,0.6827161174502907
,1127,0,-0.151611328125,-0.09293552812071337,0.151611328125,0.09293552812071337,2034,2346,2646,1952,2044,2349,2645,1953,-28,-10,15,0,5000,5000,5000,5000,-43.88,36.480000000000004,-214.28,7.5869586624378655,6.314512638476195,64.77997214209822,0.24193098525817536,0.14461788775143625,0.9594556086210144
,1128,0,0.598388671875,0.4070644718792866,-0.598388671875,-0.4070644718792866,2523,2672,2157,1626,2523,2673,2198,1647,0,0,-167,-63,4900,5000,4800,4800,-36.56,57.7,-185.04,-22.982055525222165,-12.906130970632233,57.36710286992844,-0.5997811670405298,-0.3879233138530329,0.6998414493531953
,1129,0,-0.620361328125,-0.42626886145404663,0.620361328125,0.42626886145404663,1729,2129,2951,2169,1774,2155,2950,2170,-192,-76,12,0,5100,5000,5100,4900,-33.4,25.32,-231.3,25.37138645807076,16.271311796488106,54.35727198767881,0.7085260337838026,0.41444909102402666,0.5711591813145903
,1130,0,0.129638671875,0.07373113854595326,-0.129638671875,-0.07373113854595326,2218,2455,2462,1843,2218,2455,2469,1847,0,0,-24,-18,5000,5000,5000,5000,-44.83,43.56,-204.25,-2.9022257097238935,-0.0702227558437798,65.69755873273411,-0.06847092056061765,-0.04025202670263149,0.9968407633037044
,1131,0,-0.245361328125,0.5737311385459531,0.245361328125,-0.5737311385459531,1973,2781,2707,1517,1984,2781,2706,1555,-29,0,13,-151,5000,5000,4900,5000,-37.43,66.37,-216.71,8.0264428061069,-23.68963016755545,58.41775804929033,0.23193329153775474,-0.6647725136581891,0.7101298848527897
,1132,0,0.504638671875,-0.25960219478738,-0.504638671875,0.25960219478738,2462,2238,2218,2060,2463,2256,2249,2060,0,-45,-116,0,5000,5000,5000,4900,-39.410000000000004,34.7,-186.66,-19.828156150697566,9.940311624809866,60.16708134637109,-0.5354742241995137,0.2484254071505577,0.8071878172395865
,1133,0,-0.432861328125,0.24039780521262,0.432861328125,-0.24039780521262,1851,2564,2829,1734,1883,2565,2828,1743,-117,-8,14,-30,5000,5000,5000,4900,-39.89,48.99,-226.42000000000002,18.874631756473093,-6.997058021301029,60.88249569034744,0.5591614958525231,-0.2142510388340283,0.8008963190791356
,1134,0,0.317138671875,0.7403978052126199,-0.317138671875,-0.7403978052126199,2340,2890,2340,1408,2340,2891,2354,1459,0,0,-37,-225,5100,5000,5100,4700,-33.2,73.81,-203.35,-5.784374399176755,-30.223782594522945,54.13964161990272,-0.13577435566563434,-0.8189950832782148,0.557505495856043
,1135,0,-0.057861328125,-0.7349108367626886,0.057861328125,0.7349108367626886,2095,1928,2585,2370,2096,1991,2585,2371,0,-299,0,0,5100,4900,4900,5000,-31.84,10.41,-206.3,1.4418487810800684,32.82879670158351,52.63430356573353,0.0679798627654752,0.8471885743027314,0.5269252867620728
,1136,0,0.692138671875,-0.23491083676268854,-0.692138671875,0.23491083676268854,2584,2254,2096,2044,2585,2259,2145,2045,0,-11,-215,0,4900,4700,5000,4900,-34.89,36.99,-178.46,-28.14201049420629,8.195605392062134,55.6118287610217,-0.7368656611950736,0.19794277869414573,0.6464113657063794
,1137,0,-0.667236328125,0.26508916323731135,0.667236328125,-0.26508916323731135,1698,2580,2982,1718,1750,2581,2981,1727,-240,0,14,-30,4800,5000,5000,5000,-34.43,47.45,-235.85,28.413299775050888,-6.112116456106548,55.46596627959449,0.7844245008554064,-0.17477726149463454,0.5950891624976741
,1138,0,0.082763671875,-0.5682441700960219,-0.082763671875,0.5682441700960219,2187,2037,2493,2261,2187,2082,2493,2261,0,-180,-11,0,5100,5000,5000,4800,-36.63,16.31,-208.16,2.8764864435848096,26.830509412063538,57.44845607367363,0.10383019695897876,0.7151660099418858,0.6911995865329077
,1139,0,-0.292236328125,-0.0682441700960219,0.292236328125,0.0682441700960219,1942,2363,2738,1935,1961,2364,2737,1936,-57,-5,14,0,5000,5000,5000,4900,-42.27,37.92,-221.36,14.561400566465068,4.395734282098928,63.20912850046865,0.4446233558356577,0.08891575850242725,0.8912934754251131
,1140,0,0.457763671875,0.4317558299039779,-0.457763671875,-0.4317558299039779,2431,2688,2249,1610,2431,2689,2276,1634,0,0,-97,-77,5000,4900,5000,5000,-38.730000000000004,59.85,-191.83,-16.36310293083099,-15.502928465076977,59.576539297175884,-0.4247141435597357,-0.4657906530732682,0.7763098374810783
,1141,0,-0.479736328125,-0.4015775034293553,0.479736328125,0.4015775034293553,1820,2145,2860,2153,1851,2171,2859,2154,-120,-79,14,0,5000,5000,4900,5000,-36.76,25.52,-226.15,20.20345159269135,16.42867732542846,57.691906198127896,0.5861776002402943,0.4227770976714689,0.6911261438124155
,1142,0,0.270263671875,0.09842249657064461,-0.270263671875,-0.09842249657064461,2309,2471,2371,1827,2309,2471,2388,1831,0,0,-54,-17,5000,4900,5000,5000,-43.83,44.29,-197.48000000000002,-9.701136284190795,-0.34486153938230757,64.66547901731559,-0.2567182594332698,-0.048275232462353095,0.9652798750643554
,1143,0,-0.104736328125,0.5984224965706446,0.104736328125,-0.5984224965706446,2065,2797,2615,1501,2067,2797,2614,1542,-12,0,13,-169,4900,5000,5000,4700,-37.31,68.51,-210.06,1.2478997014204367,-25.37663046219197,58.26982771499687,0.04793162914767654,-0.710816178656445,0.7017427727362062
,1144,0,0.645263671875,-0.6793552812071331,-0.645263671875,0.6793552812071331,2554,1964,2126,2334,2554,2016,2164,2334,0,-222,-148,0,4900,5000,4900,5000,-29.900000000000002,18.17,-183.76,-21.560602635421304,26.600999850094173,50.6009380776634,-0.5577110832132965,0.6848520288057162,0.46897339615563033
,1145,0,-0.573486328125,-0.17935528120713307,0.573486328125,0.17935528120713307,1759,2290,2921,2008,1803,2294,2920,2009,-191,-10,15,0,5000,4900,5000,5000,-36.71,35.76,-231.71,25.060265472030267,5.836933137141976,57.69564670083299,0.7196455782272787,0.133403016436605,0.6814058092968837
,1146,0,0.176513671875,0.32064471879286693,-0.176513671875,-0.32064471879286693,2248,2616,2432,1682,2248,2617,2440,1703,0,0,-25,-64,5000,5000,5000,4900,-42.910000000000004,55.57,-204.78,-3.1742513690069245,-12.09406264193575,63.81058326010195,-0.07449115568207873,-0.3803263859879665,0.921847551304705
,1147,0,-0.198486328125,-0.5126886145404664,0.198486328125,0.5126886145404664,2004,2073,2676,2225,2011,2112,2676,2226,-21,-151,0,0,4900,5000,5000,4900,-37.89,18.96,-212.26,6.782267786907937,23.913659124496952,58.735684296667415,0.2113264702190643,0.640294967515495,0.7384872900457278
,1148,0,0.551513671875,-0.012688614540466325,-0.551513671875,0.012688614540466325,2493,2399,2187,1899,2494,2400,2226,1899,0,0,-161,0,5000,4800,5000,4900,-38.97,41.43,-183.77,-23.163361253890088,3.4192981252701173,59.72960007996217,-0.6189491554734226,0.05647453402636832,0.7833980916145001
,1149,0,-0.385986328125,0.48731138545953323,0.385986328125,-0.48731138545953323,1881,2725,2799,1573,1906,2726,2798,1601,-80,0,13,-105,4800,5000,5000,5000,-37.910000000000004,61.39,-222.96,14.595723619642882,-19.14110266018284,58.91650358318777,0.41929887937550714,-0.5390347884939647,0.7304997922981986
,1150,0,0.364013671875,-0.3460219478737997,-0.364013671875,0.3460219478737997,2370,2181,2310,2117,2371,2205,2329,2118,0,-73,-59,0,5000,4900,5000,4900,-40.480000000000004,28.45,-193.59,-12.497619476037102,15.711771391053517,61.256018547539604,-0.33081300072508163,0.41899976073804746,0.8455778846757557
,1151,0,-0.010986328125,0.1539780521262002,0.010986328125,-0.1539780521262002,2126,2507,2554,1791,2128,2508,2554,1800,-15,-3,15,-30,5000,5000,5000,5000,-44.61,47.97,-207.27,-0.1855356865915212,-4.674456574345072,65.50384176708067,0.018586460776896702,-0.17214676900434162,0.9848959505435863
,1152,0,0.739013671875,0.6539780521262,-0.739013671875,-0.6539780521262,2615,2833,2065,1465,2616,2834,2113,1504,0,0,-204,-160,4800,4900,4800,4800,-29.39,67.74,-182.35,-26.308466351914888,-22.76231999645509,50.20909135140526,-0.6526915214571242,-0.6121498652578086,0.446392562978855
,1153,0,-0.743408203125,-0.6237997256515775,0.743408203125,0.6237997256515775,1648,2000,3032,2298,1703,2044,3032,2298,-261,-170,15,0,4800,4800,5100,4900,-27.19,18.64,-233.64000000000001,28.186607039583436,22.760522051147596,48.142227068432504,0.7499047788187023,0.5545433145837002,0.360727785116973
,1154,0,0.006591796875,-0.12379972565157749,-0.006591796875,0.12379972565157749,2137,2326,2543,1972,2138,2332,2544,1973,0,-14,0,0,5000,5000,5000,4900,-44.2,34.550000000000004,-209.55,2.9964209488894085,8.56000708265124,65.07137942009248,0.10106221628708204,0.20756797303040794,0.9729861073063634
,1155,0,-0.368408203125,0.3762002743484223,0.368408203125,-0.3762002743484223,1893,2652,2787,1646,1917,2653,2786,1668,-77,0,13,-71,4900,4900,5000,4900,-39.7,55.68,-223.32,15.331397558706726,-13.463286190781176,60.69385666999226,0.45341988545389494,-0.3981570446669556,0.7974217047817628
,1156,0,0.381591796875,-0.45713305898491086,-0.381591796875,0.45713305898491086,2382,2109,2298,2189,2383,2141,2320,2190,0,-113,-74,0,5000,4900,4900,4800,-38.47,23.26,-194.4,-11.329690820107515,20.829564929293937,59.23700097589662,-0.29554524768779494,0.5648272273252795,0.7704694736595323
,1157,0,-0.555908203125,0.04286694101508903,0.555908203125,-0.04286694101508903,1771,2435,2909,1863,1814,2435,2908,1863,-181,0,14,0,4800,5000,4800,5000,-37.26,39.21,-231.8,24.91469556355699,2.3903039725949995,58.254803927238335,0.7148807812324509,0.03917461992020849,0.6981481345521079
,1158,0,0.194091796875,0.542866941015089,-0.194091796875,-0.542866941015089,2260,2761,2420,1537,2260,2761,2428,1575,0,0,-22,-147,5000,5000,5000,5000,-38.800000000000004,65.93,-206.77,-1.8677438514947369,-22.576384741368685,59.73679368399171,-0.03551460967127473,-0.6470466013927002,0.7616228778903986
,1159,0,-0.180908203125,-0.2904663923182441,0.180908203125,0.2904663923182441,2015,2218,2665,2080,2022,2242,2664,2080,-22,-70,0,0,5000,4900,4900,4900,-42.06,29.05,-214.36,8.176731068070183,13.71697035474903,62.941633688943426,0.25556059860730157,0.3740626890797138,0.891496430210425
,1160,0,0.569091796875,0.20953360768175577,-0.569091796875,-0.20953360768175577,2504,2544,2176,1754,2504,2544,2215,1761,0,0,-159,-24,4900,5000,4900,4900,-38.52,48.480000000000004,-184.15,-23.257587854670305,-3.6415361617889133,59.29932049829804,-0.6209749586026911,-0.1288795304509016,0.7731624456859894
,1161,0,-0.649658203125,0.7095336076817556,0.649658203125,-0.7095336076817556,1709,2870,2971,1428,1755,2871,2970,1471,-196,0,14,-181,4900,4900,5100,4600,-28.92,68.48,-231.51,22.691357263844083,-26.817223984483732,49.987417554176176,0.6071204916674022,-0.6824508073189326,0.40702039775331905
,1162,0,0.100341796875,-0.7163923182441702,-0.100341796875,0.7163923182441702,2198,1940,2482,2358,2198,1998,2482,2358,0,-266,0,0,4900,5000,5000,5000,-32.18,10.74,-207.13,2.246047230218238,32.44454767657538,52.97929275568596,0.08585751586777332,0.8384786157209989,0.5381283285124587
,1163,0,-0.274658203125,-0.21639231824417005,0.274658203125,0.21639231824417005,1954,2266,2726,2032,1971,2272,2725,2033,-50,-15,15,0,5000,4900,5000,4900,-41.6,31.1,-219.04,12.709965495574636,11.35472131011256,62.510281076337186,0.3855771053934429,0.28912125624377,0.8762072785502516
,1164,0,0.475341796875,0.28360768175582973,-0.475341796875,-0.28360768175582973,2443,2592,2237,1706,2444,2593,2266,1721,0,0,-110,-44,5000,5000,5000,5000,-40.06,52.39,-188.99,-18.699841760485953,-7.86461658458316,60.873436848368605,-0.49717924407696623,-0.25934678694757923,0.8279807022866069
,1165,0,-0.462158203125,-0.5497256515775034,0.462158203125,0.5497256515775034,1832,2049,2848,2249,1862,2086,2847,2249,-104,-137,8,0,5000,5000,4800,5000,-34.24,18.6,-223.31,17.848890132981666,23.517216033552508,55.14022845282448,0.5164312954129984,0.6031776147604586,0.6078449491193757
,1166,0,0.287841796875,-0.049725651577503416,-0.287841796875,0.049725651577503416,2321,2375,2359,1923,2321,2376,2379,1924,0,0,-58,0,4900,5000,5000,5000,-43.550000000000004,40.01,-196.14000000000001,-10.748024972345434,4.014943869138406,64.3679544394277,-0.28721568145867,0.0711534299045225,0.9552195254165678
,1167,0,-0.087158203125,0.4502743484224965,0.087158203125,-0.4502743484224965,2076,2701,2604,1597,2079,2702,2603,1627,-15,0,14,-111,5000,5000,5000,4900,-40.72,61.95,-209.95000000000002,1.564156119157218,-18.814426146093965,61.66265196509079,0.06046462836178719,-0.5570784231312688,0.8282557933384169
,1168,0,0.662841796875,-0.3830589849108368,-0.662841796875,0.3830589849108368,2565,2157,2115,2141,2566,2182,2157,2142,0,-69,-174,0,5000,4800,5000,4800,-34.7,31.080000000000002,-180.54,-25.667217374120497,13.951312947815182,55.417330572281124,-0.6806495417516581,0.35569049972013417,0.6404689451660388
,1169,0,-0.696533203125,0.11694101508916321,0.696533203125,-0.11694101508916321,1679,2483,3001,1815,1736,2483,3000,1816,-274,0,14,0,4800,5000,4800,5000,-33.5,40.910000000000004,-237.09,30.096085266394596,0.3266869708256692,54.525677271124756,0.827737009877829,-0.010917363324129433,0.5610100299072736
,1170,0,0.053466796875,0.6169410150891632,-0.053466796875,-0.6169410150891632,2168,2809,2512,1489,2169,2809,2513,1532,0,0,0,-179,5000,5000,4800,4900,-36.67,69.46000000000001,-211.63,2.7533192658319194,-26.432170761690884,57.64010824473981,0.08604635236598591,-0.7293663951943771,0.6786904204463685
,1171,0,-0.321533203125,-0.6608367626886146,0.321533203125,0.6608367626886146,1923,1976,2757,2322,1939,2032,2757,2322,-43,-250,0,0,5000,4900,5000,4900,-33.5,13.85,-216.23000000000002,11.10906552689002,28.73172837018563,54.35274805927643,0.33072806894254875,0.7430355140119149,0.5818222832881036
,1172,0,0.428466796875,-0.16083676268861447,-0.428466796875,0.16083676268861447,2412,2302,2268,1996,2413,2306,2298,1997,0,-10,-110,0,5000,5000,4900,5000,-41.32,36.76,-189.96,-16.68388773850063,7.667924044965702,62.09879841650085,-0.4499691096692996,0.17641088456117118,0.8754467431841656
,1173,0,-0.509033203125,0.33916323731138553,0.509033203125,-0.33916323731138553,1801,2628,2879,1670,1837,2629,2878,1688,-140,0,14,-54,5000,5000,4900,4800,-37.71,52.63,-229.32,21.533003495375084,-10.83055776548558,58.726263001340044,0.6187422271290147,-0.31257852457335594,0.7207306864168965
,1174,0,0.240966796875,-0.4941700960219479,-0.240966796875,0.4941700960219479,2290,2085,2390,2213,2290,2123,2402,2214,0,-144,-33,0,5000,4900,5000,5000,-38.63,20.37,-201.55,-4.001897142781644,23.23125013108062,59.42554278574834,-0.08945923609553653,0.6303290567960484,0.7711564855694382
,1175,0,-0.134033203125,0.005829903978052053,0.134033203125,-0.005829903978052053,2046,2411,2634,1887,2056,2412,2634,1887,-28,-1,0,-4,5000,5000,5000,5000,-44.300000000000004,39.45,-213.95000000000002,7.055354842096364,3.3747411146273407,65.20581338688984,0.2259278711998931,0.05831181958806602,0.9723972072725287
,1176,0,0.615966796875,0.5058299039780518,-0.615966796875,-0.5058299039780518,2535,2737,2145,1561,2535,2738,2184,1591,0,0,-149,-106,5000,4900,4900,5000,-34.75,62.13,-185.36,-22.95285191799664,-17.352781590543415,55.56992580192191,-0.5918529679515036,-0.49342041168038514,0.6373745850472509
,1177,0,-0.602783203125,-0.32750342935528115,0.602783203125,0.32750342935528115,1740,2194,2940,2104,1783,2213,2939,2104,-184,-47,15,0,5000,4800,5000,5000,-34.93,29.88,-231.91,25.665020583615302,11.68494760215053,55.90182450449846,0.7232195508039765,0.29565024585768884,0.6241349320933598
,1178,0,0.147216796875,0.1724965706447188,-0.147216796875,-0.1724965706447188,2229,2519,2451,1779,2229,2519,2458,1787,0,-1,-23,-28,5000,5000,5000,4900,-44.36,48.77,-204.58,-2.9221310390455244,-5.29193865930781,65.24238096375213,-0.07038648781878154,-0.18407579628602425,0.9803886186376312
,1179,0,-0.227783203125,0.6724965706447186,0.227783203125,-0.6724965706447186,1985,2845,2695,1453,1994,2846,2694,1501,-26,0,13,-212,5000,4800,4700,4900,-35.09,70.83,-214.83,5.861219606628794,-28.019363875578335,56.07963604348049,0.17195476292305523,-0.761696615752262,0.6246997879458798
,1180,0,0.522216796875,-0.605281207133059,-0.522216796875,0.605281207133059,2473,2012,2207,2286,2474,2058,2233,2286,0,-185,-91,0,4800,5000,4700,4900,-33.63,19.39,-188.23,-17.201146704176608,25.0929964052196,54.35637008926762,-0.45046220815143984,0.6626195683825472,0.5983469784530173
,1181,0,-0.415283203125,-0.10528120713305889,0.415283203125,0.10528120713305889,1862,2338,2818,1960,1894,2340,2817,1961,-116,-7,15,0,5000,5000,4900,5000,-40.410000000000004,38.01,-225.76,18.954244281904607,4.003896123451398,61.37144328554451,0.5687860287901203,0.07895843505864765,0.8186867648779079
,1182,0,0.334716796875,0.3947187928669409,-0.334716796875,-0.3947187928669409,2351,2664,2329,1634,2351,2665,2347,1656,0,0,-54,-70,5000,5000,5000,4900,-40.78,58.83,-197.41,-10.736980458759717,-14.855698651422045,61.6519042042635,-0.273318721443284,-0.45551700026459757,0.8472314553760091
,1183,0,-0.040283203125,-0.43861454046639237,0.040283203125,0.43861454046639237,2107,2121,2573,2177,2108,2157,2573,2178,0,-129,0,0,5000,5000,5000,4900,-39.96,22.0,-205.98000000000002,0.3015908019838207,21.310019180239642,60.781847745109964,0.03494396525299037,0.5786419710416008,0.8148327366039542
,1184,0,0.709716796875,0.06138545953360741,-0.709716796875,-0.06138545953360741,2596,2447,2084,1851,2597,2447,2137,1852,0,0,-241,0,5100,4900,5000,5000,-34.64,42.75,-177.4,-29.586895011395256,2.5195113821473285,55.37106845989882,-0.769906890043555,0.03932943910417807,0.636943149647762
,1185,0,-0.719970703125,0.5613854595336074,0.719970703125,-0.5613854595336074,1664,2773,3016,1525,1721,2773,3016,1555,-271,0,13,-111,5100,4800,4900,5000,-30.34,61.42,-235.24,26.882163593072306,-20.020809745798005,51.408260897789674,0.7248300739471412,-0.5190390271719547,0.4530119779588319
,1186,0,0.030029296875,-0.2719478737997256,-0.030029296875,0.2719478737997256,2153,2230,2527,2068,2154,2254,2528,2069,0,-70,0,-18,5000,5000,5000,4800,-42.910000000000004,29.29,-208.70000000000002,2.5093925011262286,13.861645950268937,63.76385174985571,0.09050948303411092,0.37861653082885266,0.9211175582215457
,1187,0,-0.344970703125,0.22805212620027415,0.344970703125,-0.22805212620027415,1908,2556,2772,1742,1933,2556,2771,1752,-78,0,14,-31,5000,5000,4900,5000,-41.39,48.81,-223.01,15.47733173178122,-6.583217672564267,62.36492231854398,0.46587006903957356,-0.20443395528920677,0.8609133735155201
,1188,0,0.405029296875,0.7280521262002742,-0.405029296875,-0.7280521262002742,2397,2882,2283,1416,2398,2883,2305,1466,0,0,-66,-215,4900,5000,4900,4900,-32.97,73.17,-198.53,-10.5490608373442,-29.26084883577171,53.88386491611504,-0.25290279147467726,-0.788725005310636,0.5603151292460816
,1189,0,-0.532470703125,-0.6978737997256516,0.532470703125,0.6978737997256516,1786,1952,2894,2346,1817,2008,2894,2346,-114,-246,0,0,5000,5100,5100,5000,-29.93,14.120000000000001,-224.58,19.438987741338053,27.889033128414052,50.82534666012428,0.5555661499889127,0.6950432087531746,0.45635642972635887
,1190,0,0.217529296875,-0.19787379972565156,-0.217529296875,0.19787379972565156,2275,2278,2405,2020,2275,2285,2419,2021,0,-13,-37,0,5000,5000,5000,4900,-43.25,32.46,-200.84,-5.548077947560188,11.229909429863952,64.07244996066099,-0.13919450263367228,0.28292946244563216,0.948986727892856
,1191,0,-0.157470703125,0.30212620027434833,0.157470703125,-0.30212620027434833,2030,2604,2650,1694,2038,2605,2649,1714,-25,0,14,-63,5000,5000,5000,4900,-42.82,54.02,-214.29,6.4189632438959165,-11.189189492165923,63.76434503335233,0.20084056809723155,-0.3585950935933746,0.9116318473249716
,1192,0,0.592529296875,-0.5312071330589849,-0.592529296875,0.5312071330589849,2519,2061,2161,2237,2519,2095,2200,2238,0,-121,-154,0,4900,4900,5000,4900,-34.1,22.7,-185.24,-20.409836433467547,21.99352808222516,54.81973423969007,-0.5349791351083265,0.5796955536969335,0.6146140171056564
,1193,0,-0.626220703125,-0.031207133058984926,0.626220703125,0.031207133058984926,1725,2387,2955,1911,1774,2388,2954,1911,-220,0,14,0,5100,4800,4900,4900,-35.33,39.63,-234.39000000000001,27.479761899330043,1.7910809714777969,56.33887947987199,0.7777535299567611,0.024925789644548252,0.628074957031717
,1194,0,0.123779296875,0.46879286694101485,-0.123779296875,-0.46879286694101485,2214,2713,2466,1585,2214,2714,2469,1616,0,0,-15,-118,5000,4900,5000,5000,-40.29,62.910000000000004,-209.43,0.9826708377338207,-19.73839812679246,61.23247683055598,0.039306479469843246,-0.5771721261936402,0.815676000270205
,1195,0,-0.251220703125,-0.3645404663923182,0.251220703125,0.3645404663923182,1969,2169,2711,2129,1982,2197,2711,2131,-35,-89,0,-16,5000,5000,5000,4900,-40.43,25.88,-216.77,10.802909782881613,16.712556254930547,61.31573379273053,0.32470439594871764,0.45134842559662214,0.8311748636496589
,1196,0,0.498779296875,0.1354595336076817,-0.498779296875,-0.1354595336076817,2458,2495,2222,1803,2459,2495,2255,1807,0,0,-126,-19,5000,5000,5000,5000,-40.230000000000004,45.1,-186.68,-20.51365606659951,-0.43497480099912167,61.01343910035116,-0.5536779032922907,-0.044939237184565876,0.8315174347944374
,1197,0,-0.438720703125,0.6354595336076816,0.438720703125,-0.6354595336076816,1847,2821,2833,1477,1873,2822,2832,1517,-84,0,14,-159,5100,4900,5000,5000,-34.15,67.44,-224.25,15.492857144137332,-25.27504726899666,55.17831217888114,0.42772344489798647,-0.6830886137370004,0.5919819257945828
,1198,0,0.311279296875,-0.6423182441700961,-0.311279296875,0.6423182441700961,2336,1988,2344,2310,2336,2042,2356,2310,0,-237,-33,0,5000,4800,4900,4800,-34.65,15.33,-198.49,-6.695709339546539,28.45473953785607,55.41753402005614,-0.16609119294983116,0.757129228299353,0.6317982647011053
,1199,0,-0.063720703125,-0.14231824417009598,0.063720703125,0.14231824417009598,2091,2314,2589,1984,2096,2319,2588,1985,-18,-12,15,0,5000,5000,5000,5000,-44.050000000000004,33.77,-209.08,2.580833478318965,9.369495265392658,64.91705529266305,0.10004070723560335,0.22977149165989091,0.9680893132951052
,1200,0,0.686279296875,0.3576817558299039,-0.686279296875,-0.3576817558299039,2580,2640,2100,1658,2581,2641,2146,1674,0,0,-200,-48,5000,4900,5100,5000,-34.82,54.47,-180.4,-27.38515996577121,-9.375558982075745,55.59570999446642,-0.7124380346105044,-0.28442483326431584,0.6415095954565974
,1201,0,-0.673095703125,-0.47565157750342935,0.673095703125,0.47565157750342935,1694,2097,2986,2201,1745,2124,2986,2202,-234,-89,0,0,5000,4700,5000,4700,-31.46,23.490000000000002,-232.66,26.861081903160567,17.999877454719723,52.41949794355991,0.7361424572850619,0.45284617808632405,0.5030155281648075
,1202,0,0.076904296875,0.024348422496570654,-0.076904296875,-0.024348422496570654,2183,2423,2497,1875,2183,2424,2502,1876,0,0,-18,-18,5000,5000,5000,4900,-44.96,41.36,-206.85,-0.16041290064094937,1.949792866829732,65.8350338363114,0.008789984848499547,0.01665016124915164,0.9998227384375393
,1203,0,-0.298095703125,0.5243484224965704,0.298095703125,-0.5243484224965704,1939,2749,2741,1549,1955,2750,2740,1585,-47,0,13,-136,5000,4900,5000,4800,-38.17,63.58,-219.35,10.845013078161912,-21.081914025779312,59.16393372927985,0.31515345357369523,-0.5974597165787886,0.7373738453228232
,1204,0,0.451904296875,-0.3089849108367626,-0.451904296875,0.3089849108367626,2428,2206,2252,2092,2429,2229,2278,2092,0,-62,-91,0,5000,5000,5000,4900,-39.9,31.68,-189.35,-16.94297870354572,12.773416735912782,60.66293064594606,-0.45828906864628244,0.3316599142601002,0.8246046512313069
,1205,0,-0.485595703125,0.19101508916323717,0.485595703125,-0.19101508916323717,1816,2532,2864,1766,1853,2532,2863,1772,-148,0,14,-23,5000,4900,5000,5000,-39.04,45.730000000000004,-228.77,21.443249908956886,-3.9054015764998553,60.03605537109862,0.6287719226894402,-0.1289835487448158,0.7668175228766089
,1206,0,0.264404296875,0.691015089163237,-0.264404296875,-0.691015089163237,2305,2857,2375,1441,2305,2858,2386,1490,0,0,-28,-220,5100,4700,4900,4700,-34.88,72.10000000000001,-205.0,-4.030926724733888,-28.624152974508746,55.82356748874736,-0.08640551882725803,-0.7813078379684809,0.6181360276227318
,1207,0,-0.110595703125,-0.5867626886145405,0.110595703125,0.5867626886145405,2061,2024,2619,2274,2063,2072,2619,2274,-14,-207,0,0,5000,4800,4800,5000,-36.27,15.8,-207.75,2.5035644054106854,27.36596683073535,57.08511806818377,0.09363718210677097,0.7269338031804556,0.6802935571653628
,1208,0,0.639404296875,-0.0867626886145404,-0.639404296875,0.0867626886145404,2550,2350,2130,1948,2550,2352,2176,1949,0,-8,-203,0,5000,4900,4800,5000,-36.87,41.97,-180.11,-26.841260699749313,3.121349885474409,57.61264884940653,-0.7080030737247714,0.04891133966902931,0.7045135402872366
,1209,0,-0.579345703125,0.41323731138545927,0.579345703125,-0.41323731138545927,1755,2676,2925,1622,1795,2677,2924,1641,-164,0,15,-59,5000,4900,4800,4900,-35.31,55.95,-231.41,23.405876719005505,-14.290791432966842,56.34516475585806,0.6678587148080395,-0.38881150665665054,0.6346576631116493
,1210,0,0.170654296875,-0.4200960219478738,-0.170654296875,0.4200960219478738,2244,2133,2436,2165,2244,2165,2442,2166,0,-109,-21,0,4900,5000,4900,4900,-40.36,23.02,-204.27,-1.4752275828271593,20.408807607003894,61.17584536904148,-0.016434779784604343,0.5576139924163225,0.8299376684275518
,1211,0,-0.204345703125,0.07990397805212601,0.204345703125,-0.07990397805212601,2000,2459,2680,1839,2013,2459,2679,1843,-39,0,14,-17,5000,5000,5000,5000,-43.69,42.29,-217.25,10.159186534980336,0.316929338337097,64.61954044445636,0.3157888848965239,-0.023195181064409435,0.9485459207393173
,1212,0,0.545654296875,0.579903978052126,-0.545654296875,-0.579903978052126,2489,2785,2191,1513,2490,2785,2223,1546,0,0,-119,-125,5000,4900,4800,4900,-34.67,66.33,-189.61,-18.995489166786513,-21.830042811863322,55.52184242226129,-0.47795886216362127,-0.6123587851819738,0.6297396639006576
,1213,0,-0.391845703125,-0.2534293552812071,0.391845703125,0.2534293552812071,1878,2242,2802,2056,1903,2260,2801,2056,-82,-46,16,0,4900,5000,5000,5000,-40.08,32.35,-223.8,17.38209906149092,9.782222866087082,61.017325422013826,0.5249627838388173,0.25573026206678706,0.8117980713499212
,1214,0,0.358154296875,0.24657064471879275,-0.358154296875,-0.24657064471879275,2366,2568,2314,1730,2366,2569,2336,1740,0,-1,-69,-31,5000,5000,5000,5000,-42.19,51.870000000000005,-194.65,-13.028014526976705,-7.721412824190253,63.03046455246325,-0.3459564919679803,-0.2465250468656567,0.9052842133457835
,1215,0,-0.016845703125,0.7465706447187928,0.016845703125,-0.7465706447187928,2122,2894,2558,1404,2123,2895,2558,1457,0,0,14,-240,5100,5000,5100,5000,-33.0,74.68,-208.53,-0.6739483029676876,-31.44169855914511,53.96781083597947,-0.006777500759070233,-0.8395383068013176,0.5432582230363735
,1216,0,0.733154296875,-0.74519890260631,-0.733154296875,0.74519890260631,2611,1921,2069,2377,2612,1978,2111,2378,0,-252,-172,0,5100,4800,4800,4800,-26.53,17.09,-180.95000000000002,-24.275040992298756,27.8584046442547,47.21417596757441,-0.6155703524695395,0.7024854425938197,0.3571937066974893
,1217,0,-0.731689453125,-0.24519890260630994,0.731689453125,0.24519890260630994,1656,2247,3024,2051,1715,2254,3024,2051,-288,-16,16,0,4800,5000,5000,4800,-32.13,34.18,-237.24,30.706307457314978,7.027306732881861,53.139450853092534,0.8393891337779107,0.16529558970446817,0.5177868771220656
,1218,0,0.018310546875,0.25480109739369006,-0.018310546875,-0.25480109739369006,2145,2573,2535,1725,2146,2574,2536,1740,-1,0,0,-48,5000,5000,5000,5000,-43.65,52.79,-210.71,2.9261131770970223,-9.718194455383227,64.57327767122985,0.09277855116957298,-0.31046457621972046,0.9460464509502609
,1219,0,-0.356689453125,-0.5785322359396434,0.356689453125,0.5785322359396434,1900,2030,2780,2268,1919,2073,2780,2268,-56,-168,0,0,5000,4800,5000,4700,-35.01,17.080000000000002,-218.67000000000002,13.31831726690558,25.348862384595648,55.88311548992063,0.39450576607624277,0.6629330573040859,0.636305714311961
,1220,0,0.393310546875,-0.07853223593964331,-0.393310546875,0.07853223593964331,2389,2356,2291,1942,2390,2357,2319,1942,0,-1,-100,17,5000,4900,4900,5000,-42.08,40.15,-191.25,-15.629172123686601,4.200832794206015,62.873816629688825,-0.4242962506928632,0.07981365777620138,0.9019991528157671
,1221,0,-0.544189453125,0.4214677640603566,0.544189453125,-0.4214677640603566,1778,2682,2902,1616,1814,2683,2901,1638,-139,0,15,-68,5000,5000,4900,4900,-35.99,56.32,-230.27,22.240244005809302,-14.581124683514972,57.020373598774825,0.6361085403360638,-0.40209359881835277,0.658548906840508
,1222,0,0.205810546875,-0.4118655692729767,-0.205810546875,0.4118655692729767,2267,2139,2413,2159,2267,2171,2423,2160,0,-109,-29,0,4900,5000,4900,4800,-40.5,23.69,-202.74,-3.0475939215814662,19.843915814968675,61.30986536771178,-0.06340100051288762,0.5430614890448929,0.8372959645491599
,1223,0,-0.169189453125,0.08813443072702343,0.169189453125,-0.08813443072702343,2023,2464,2657,1834,2034,2464,2657,1839,-33,0,14,-17,5000,5000,5000,4900,-44.04,43.03,-215.5,8.361587619418941,-0.30236621059702884,64.96263104742128,0.2610995376405676,-0.04165657075207607,0.9644126510768403
,1224,0,0.580810546875,0.5881344307270233,-0.580810546875,-0.5881344307270233,2512,2790,2168,1508,2512,2790,2204,1541,0,0,-139,-124,4900,5000,5100,4800,-33.82,66.38,-188.25,-20.351641802310013,-21.790642818580082,54.66516414560663,-0.5143743408422723,-0.6081570190979935,0.6046189524030158
,1225,0,-0.637939453125,-0.6896433470507545,0.637939453125,0.6896433470507545,1717,1957,2963,2341,1759,2008,2963,2341,-179,-217,0,0,5100,4900,5000,4700,-28.0,15.120000000000001,-228.63,23.421590268517377,26.61267352300856,48.91820658446282,0.651357787658258,0.6499688746955222,0.3915015892483403
,1226,0,0.112060546875,-0.18964334705075436,-0.112060546875,0.18964334705075436,2206,2283,2474,2015,2206,2290,2479,2016,0,-12,-21,0,5000,5000,5000,5000,-43.59,31.68,-206.11,-0.23917238458625434,11.653704542954458,64.43689395573472,0.012413543785542745,0.2925442782919239,0.9561714015642497
,1227,0,-0.262939453125,0.31035665294924564,0.262939453125,-0.31035665294924564,1962,2609,2718,1689,1978,2610,2717,1709,-47,0,14,-61,5000,5000,4900,5000,-41.87,53.160000000000004,-219.12,11.30050466275651,-10.659591435365314,62.836401460616564,0.34106277229401166,-0.3387904710613575,0.8768678361492948
,1228,0,0.487060546875,-0.5229766803840878,-0.487060546875,0.5229766803840878,2451,2066,2229,2232,2452,2101,2256,2233,0,-128,-99,0,4900,5000,5100,5000,-35.77,21.55,-189.57,-16.02024795937035,22.85367263772205,56.50851023777924,-0.4199387759307778,0.6054913068735214,0.6760411982788882
,1229,0,-0.450439453125,-0.022976680384087733,0.450439453125,0.022976680384087733,1839,2392,2841,1906,1873,2393,2840,1906,-127,-2,15,0,5000,4900,5000,5000,-39.660000000000004,38.97,-227.70000000000002,20.828673816466647,2.91311217901211,60.63360569737546,0.6122401375826492,0.045058058214163935,0.789386968047198
,1230,0,0.299560546875,0.47702331961591193,-0.299560546875,-0.47702331961591193,2328,2718,2352,1580,2328,2719,2367,1610,0,0,-42,-111,5000,5000,5000,5000,-39.76,62.690000000000005,-200.32,-8.08907533320243,-18.906055333535676,60.656259089925555,-0.1995132579112197,-0.561415086253839,0.8031236273726763
,1231,0,-0.075439453125,-0.3563100137174211,0.075439453125,0.3563100137174211,2084,2175,2596,2123,2086,2204,2596,2124,-14,-94,0,0,4900,5000,5000,5000,-41.53,25.43,-208.04,2.117932285090035,17.753407231210097,62.37081440957077,0.08403668603220019,0.47969092754336445,0.8734039440220727
,1232,0,0.674560546875,0.1436899862825789,-0.674560546875,-0.1436899862825789,2573,2501,2107,1797,2574,2501,2155,1800,0,0,-208,-17,5000,5000,5000,4800,-35.79,44.75,-179.04,-28.09110769599576,0.41676155647435564,56.53432401123834,-0.736553174752912,-0.0170119906201712,0.6761656697411845
,1233,0,-0.684814453125,0.6436899862825789,0.684814453125,-0.6436899862825789,1687,2827,2993,1471,1737,2828,2992,1508,-223,0,13,-144,4800,5000,5000,5000,-29.67,65.3,-233.48000000000002,24.867718897352518,-23.77518529442679,50.739249083436064,0.6633372031651446,-0.6129759329419748,0.429236835011815
,1234,0,0.065185546875,-0.6340877914951989,-0.065185546875,0.6340877914951989,2175,1994,2505,2304,2175,2047,2506,2304,-1,-232,0,0,4800,5000,5000,4800,-34.95,13.94,-207.39000000000001,2.276225189800897,29.242229481940658,55.75863574838529,0.08777521659344405,0.7694406557121688,0.6326583506832122
,1235,0,-0.309814453125,-0.1340877914951989,0.309814453125,0.1340877914951989,1931,2320,2749,1978,1953,2323,2748,1979,-69,-10,15,0,5000,5000,5000,4900,-41.84,35.34,-221.35,14.727525039398046,6.969295558293666,62.772568061166524,0.4481288433521869,0.16218121654346648,0.8791346840822016
,1236,0,0.440185546875,0.3659122085048012,-0.440185546875,-0.3659122085048012,2420,2646,2260,1652,2421,2647,2286,1671,0,0,-89,-60,5000,4900,5000,5000,-39.67,57.04,-191.78,-16.2279921809523,-12.693278253982257,60.50917576255916,-0.42596733650244023,-0.38473582386334676,0.8188590685027601
,1237,0,-0.497314453125,-0.46742112482853226,0.497314453125,0.46742112482853226,1809,2102,2871,2196,1842,2133,2870,2197,-126,-109,16,0,5100,5000,5000,4800,-35.35,22.62,-225.88,20.136490420825453,19.336241463518064,56.27324944459039,0.5818607953313145,0.49762719853210274,0.6432769124859851
,1238,0,0.252685546875,0.032578875171467736,-0.252685546875,-0.032578875171467736,2298,2428,2382,1870,2298,2429,2399,1870,0,0,-52,0,5000,4900,5000,5000,-43.99,41.29,-197.97,-9.010677418180023,2.6157093505513984,64.82035496775401,-0.2378364551051874,0.033703709593438484,0.9707202895698838
,1239,0,-0.122314453125,0.5325788751714677,0.122314453125,-0.5325788751714677,2053,2754,2627,1544,2057,2754,2626,1583,-15,0,12,-153,5000,5000,4900,4900,-38.96,65.5,-210.99,2.370827032180472,-22.431496098815387,59.916860741833524,0.08275584709401759,-0.6385724471082926,0.765099143618576
,1240,0,0.627685546875,-0.3007544581618655,-0.627685546875,0.3007544581618655,2542,2211,2138,2087,2542,2230,2178,2088,0,-48,-158,-17,5000,5000,5000,5000,-36.47,34.46,-181.49,-24.95592869158847,10.520014733601307,57.20060311881868,-0.665771876111478,0.2611009158982463,0.698980772765674
,1241,0,-0.591064453125,0.19924554183813448,0.591064453125,-0.19924554183813448,1748,2537,2932,1761,1791,2537,2931,1766,-184,-8,14,-21,5000,4800,4900,5000,-36.32,45.52,-233.20000000000002,25.890415338419473,-4.002405254115068,57.337776302966134,0.7347312808113475,-0.12341754164501827,0.6670367721584902
,1242,0,0.158935546875,0.6992455418381345,-0.158935546875,-0.6992455418381345,2237,2863,2443,1435,2237,2864,2445,1486,0,0,-15,-231,5000,5000,4900,4700,-34.54,72.64,-209.99,0.9128695974127652,-29.500408510660634,55.50995281993796,0.040708260137774996,-0.7978971086169037,0.6014175268624459
,1243,0,-0.216064453125,-0.7266803840877915,0.216064453125,0.7266803840877915,1992,1933,2688,2365,1998,1994,2688,2365,-17,-287,0,0,5000,5000,4800,5000,-32.02,10.94,-210.71,5.805134961908493,32.00311870385929,52.837747779870085,0.18652369092369864,0.8260571677638118,0.5318255995250989
,1244,0,0.533935546875,-0.22668038408779145,-0.533935546875,0.22668038408779145,2481,2259,2199,2039,2482,2266,2234,2040,0,-15,-137,0,5000,4800,5000,5000,-38.910000000000004,34.81,-185.05,-21.43947457788454,9.937708363829216,59.659295811681595,-0.5742098470178806,0.23535737120548325,0.784149194609639
,1245,0,-0.403564453125,0.27331961591220844,0.403564453125,-0.27331961591220844,1870,2585,2810,1713,1897,2586,2809,1726,-92,0,15,-36,5000,5000,5000,4900,-40.21,50.49,-225.12,17.47488477539619,-8.405053112845266,61.19976247265125,0.5182501004530362,-0.2609146879857194,0.8144570946180851
,1246,0,0.346435546875,-0.5600137174211248,-0.346435546875,0.5600137174211248,2359,2042,2321,2256,2359,2083,2339,2256,0,-156,-56,0,5100,5000,5000,5000,-36.43,18.34,-196.9,-8.493697659662246,25.563918397411847,57.19713822736974,-0.2125019423436943,0.6865725239224407,0.6953136658335766
,1247,0,-0.028564453125,-0.060013717421124824,0.028564453125,0.060013717421124824,2114,2368,2566,1930,2117,2370,2565,1931,-17,-9,15,0,5000,5000,5000,5000,-44.7,37.4,-208.59,1.8439669040037074,5.782676443874493,65.57375795997902,0.07818157716358588,0.1243888361945435,0.9891486533491217
,1248,0,0.721435546875,0.4399862825788752,-0.721435546875,-0.4399862825788752,2603,2694,2077,1604,2604,2695,2124,1627,0,0,-207,-74,5000,5000,4900,5000,-33.02,58.25,-179.92000000000002,-28.110330102137937,-13.11971308573844,53.802880297772504,-0.7190587620959926,-0.3804817708466948,0.5815394386508461
,1249,0,-0.708251953125,-0.3933470507544582,0.708251953125,0.3933470507544582,1671,2151,3009,2147,1727,2173,3009,2148,-266,-62,14,0,5100,5000,5100,5000,-31.76,27.69,-234.98000000000002,28.89102671739596,13.653857600741794,52.74173307508427,0.7888469133483585,0.3452462807652898,0.5084540814257498
,1250,0,0.041748046875,0.10665294924554203,-0.041748046875,-0.10665294924554203,2160,2477,2520,1821,2161,2477,2522,1828,0,0,-16,-23,5000,5000,5000,5000,-44.82,45.53,-209.41,2.1131318896783284,-2.383738187923882,65.71840329186432,0.07087508146604168,-0.10401382147268255,0.9920473011756198
,1251,0,-0.333251953125,0.6066529492455419,0.333251953125,-0.6066529492455419,1916,2802,2764,1496,1935,2802,2763,1535,-52,0,15,-156,5100,5000,4900,4800,-35.980000000000004,67.2,-220.29,11.549268835869043,-24.763309640100942,56.987824780125464,0.3260675818312303,-0.679564492645773,0.6571697135548986
,1252,0,0.416748046875,-0.671124828532236,-0.416748046875,0.671124828532236,2405,1969,2275,2329,2406,2023,2295,2329,0,-234,-67,0,5000,5000,5000,4800,-33.11,15.14,-193.94,-11.21503770025555,28.94674687865346,53.85426822541567,-0.28403200123427247,0.762919966316097,0.5807572188712763
,1253,0,-0.520751953125,-0.17112482853223587,0.520751953125,0.17112482853223587,1794,2295,2886,2003,1835,2299,2885,2004,-170,-11,15,0,5000,5000,5000,4800,-37.95,35.43,-229.71,23.0811116346473,6.304600748215648,58.92476715608746,0.6696024621659094,0.14663842509434408,0.7281000720692192
,1254,0,0.229248046875,0.32887517146776424,-0.229248046875,-0.32887517146776424,2282,2621,2398,1677,2282,2622,2411,1697,-1,0,-36,-60,5000,5000,5000,5000,-42.56,55.88,-202.34,-5.627884776680446,-12.23980754879554,63.44913959523444,-0.14124286548012113,-0.38549866562081286,0.9118339935292699
,1255,0,-0.145751953125,-0.5044581618655692,0.145751953125,0.5044581618655692,2038,2078,2642,2220,2041,2118,2642,2221,-15,-156,0,0,4900,5000,5000,4900,-38.28,19.12,-209.93,4.444924994597244,23.912269143641304,59.114401525198694,0.1452069964402786,0.6424658083840858,0.7524311352158258
,1256,0,0.604248046875,-0.004458161865569243,-0.604248046875,0.004458161865569243,2527,2404,2153,1894,2527,2405,2199,1894,0,0,-197,0,5000,4800,5100,4800,-37.800000000000004,41.71,-181.76,-25.181993674803948,3.2721426335505015,58.55024923712859,-0.6692640785506936,0.05213695853783885,0.7411931804301183
,1257,0,-0.614501953125,0.49554183813443053,0.614501953125,-0.49554183813443053,1732,2730,2948,1568,1776,2731,2947,1595,-190,0,14,-91,4800,5000,5000,5000,-33.7,59.27,-232.27,24.047748732730298,-17.665818348104253,54.74788781052422,0.6659293861012239,-0.4777942404556707,0.5729316857307127
,1258,0,0.135498046875,-0.33779149519890256,-0.135498046875,0.33779149519890256,2221,2187,2459,2111,2221,2214,2463,2111,0,-79,-18,0,4900,5000,5000,5000,-41.910000000000004,26.48,-205.56,-0.42905038217239166,16.874134108816463,62.74102795456997,0.008959434024876504,0.45976782415272727,0.8879939619253165
,1259,0,-0.239501953125,0.1622085048010975,0.239501953125,-0.1622085048010975,1977,2513,2703,1785,1994,2513,2702,1793,-51,-1,16,-26,5000,5000,5000,5000,-43.19,46.28,-218.47,11.109679279167693,-3.7476744254492473,64.13574318664993,0.3400672206323651,-0.1358228597963277,0.9305409374165791
,1260,0,0.510498046875,0.6622085048010975,-0.510498046875,-0.6622085048010975,2466,2839,2214,1459,2467,2840,2242,1501,0,0,-103,-175,4700,5000,5000,4600,-33.38,69.77,-192.5,-16.337904273104044,-25.46078035571803,54.2550403775382,-0.4099449245962204,-0.7000159177400563,0.5847417153823946
,1261,0,-0.427001953125,-0.6155692729766804,0.427001953125,0.6155692729766804,1855,2006,2825,2292,1879,2054,2825,2292,-74,-194,0,0,5100,5000,5000,4900,-33.51,16.3,-221.1,15.80261377283722,25.95892180136892,54.39335095194087,0.4650896385798568,0.6674753612704711,0.5815223728993687
,1262,0,0.322998046875,-0.1155692729766804,-0.322998046875,0.1155692729766804,2344,2332,2336,1966,2344,2335,2357,1967,0,-10,-64,0,5000,5000,5000,5000,-42.980000000000004,37.9,-194.67000000000002,-12.069584038230516,6.217636231892584,63.78526413537129,-0.3220468711518804,0.13606832380171516,0.9368944572570996
,1263,0,-0.052001953125,0.3844307270233198,0.052001953125,-0.3844307270233198,2099,2658,2581,1640,2101,2659,2580,1665,-14,0,14,-86,4900,5000,5000,5000,-41.9,59.11,-208.47,0.2734043067304128,-15.877722118250944,62.82803997411073,0.02735715480245967,-0.48414510167152436,0.8745599502656086
,1264,0,0.697998046875,-0.4489026063100138,-0.697998046875,0.4489026063100138,2588,2114,2092,2184,2589,2145,2138,2185,0,-96,-189,0,5000,4800,5000,5000,-33.12,28.48,-179.53,-26.491898608253535,16.608979412269534,53.82572451996053,-0.6935396021012213,0.4238342153136928,0.5825524682350124
,1265,0,-0.661376953125,0.051097393689986226,0.661376953125,-0.051097393689986226,1702,2440,2978,1858,1755,2440,2977,1858,-248,0,15,0,5000,5000,5100,5000,-34.47,40.24,-235.76,28.80963560732002,1.087624004173115,55.48730199311733,0.8024860671371892,0.008309977041011647,0.5966129870630249
,1266,0,0.088623046875,0.5510973936899861,-0.088623046875,-0.5510973936899861,2191,2766,2489,1532,2191,2766,2489,1570,0,0,-2,-150,5000,5000,5000,5000,-38.34,66.64,-211.19,2.49647034041962,-23.584155960412374,59.300752794670096,0.07966520047765822,-0.6653461932846144,0.7422721191817241
,1267,0,-0.286376953125,-0.28223593964334703,0.286376953125,0.28223593964334703,1946,2223,2734,2075,1962,2245,2734,2075,-47,-62,0,0,5000,5000,5000,5000,-41.19,30.22,-219.34,13.07061669149499,12.211311056013372,62.099568619624684,0.3931684715017604,0.33171763671266713,0.8575441461002065
,1268,0,0.463623046875,0.21776406035665297,-0.463623046875,-0.21776406035665297,2435,2549,2245,1749,2436,2549,2275,1757,0,0,-114,-26,5000,5000,4900,4800,-40.72,49.49,-189.07,-18.427605188765824,-4.9747389017179415,61.52650210322115,-0.4981418244306118,-0.16786343319482455,0.8506918305408765
,1269,0,-0.473876953125,0.7177640603566529,0.473876953125,-0.7177640603566529,1824,2875,2856,1423,1853,2876,2855,1471,-105,0,12,-208,4800,5000,4900,4600,-31.76,70.47,-224.93,15.978470561263862,-28.350826264114957,52.799412605066415,0.43075837740173484,-0.7476038923887977,0.5055053317061496
,1270,0,0.276123046875,-0.708161865569273,-0.276123046875,0.708161865569273,2313,1945,2367,2353,2313,2002,2376,2353,0,-259,-26,0,4900,4900,4800,5000,-32.660000000000004,12.200000000000001,-200.46,-4.509482142853614,31.43906033665474,53.42953502249659,-0.09954371128026263,0.8230510753877744,0.5591761590479162
,1271,0,-0.098876953125,-0.20816186556927296,0.098876953125,0.20816186556927296,2069,2271,2611,2027,2074,2279,2610,2028,-17,-18,15,0,5000,5000,5000,5000,-43.18,30.79,-210.19,3.8935004389711025,12.265356139692123,64.04510618456453,0.13580661933419974,0.3182422112744397,0.9382315583629502
,1272,0,0.651123046875,0.29183813443072704,-0.651123046875,-0.29183813443072704,2557,2597,2123,1701,2557,2598,2167,1715,0,0,-186,-39,5000,5000,5000,5000,-36.21,51.31,-181.18,-26.40051541610822,-6.271394198958696,56.98161623591095,-0.6919408667054459,-0.20568448821674049,0.6920344848993676
,1273,0,-0.567626953125,-0.5414951989026063,0.567626953125,0.5414951989026063,1763,2054,2917,2244,1803,2086,2917,2244,-166,-111,13,0,4900,5000,4900,4900,-32.660000000000004,19.580000000000002,-227.25,21.721402486376405,22.269229415095843,53.58248088888543,0.6092632786927787,0.5719905402157087,0.5492040414456794
,1274,0,0.182373046875,-0.04149519890260622,-0.182373046875,0.04149519890260622,2252,2380,2428,1918,2252,2382,2440,1918,0,-2,-34,0,5000,5000,5000,5000,-44.5,39.26,-201.25,-5.603723858654092,4.421341071482857,65.34166248889662,-0.14329629117557952,0.08268737877068937,0.9862195345496638
,1275,0,-0.192626953125,0.45850480109739356,0.192626953125,-0.45850480109739356,2007,2706,2673,1592,2016,2707,2672,1622,-27,0,14,-111,5000,5000,4800,4900,-40.230000000000004,61.49,-214.82,6.4564030391991025,-18.685298508920013,61.19591207322553,0.19545772055381957,-0.5470744057499303,0.8139446381967671
,1276,0,0.557373046875,-0.3748285322359397,-0.557373046875,0.3748285322359397,2496,2163,2184,2135,2496,2186,2218,2136,0,-64,-135,-2,5000,4900,5000,5000,-37.21,29.54,-185.0,-21.12567892505774,15.194202158102492,57.945759912135415,-0.5645055458215421,0.39294078189274273,0.7259001519921606
,1277,0,-0.380126953125,0.12517146776406052,0.380126953125,-0.12517146776406052,1885,2489,2795,1809,1914,2489,2794,1813,-103,0,15,-17,5000,4900,5000,5000,-41.300000000000004,43.46,-224.28,17.105723232674762,-1.331322415357299,62.2677764120696,0.5188731067171065,-0.06977759385473886,0.8519987010093273
,1278,0,0.369873046875,0.6251714677640603,-0.369873046875,-0.6251714677640603,2374,2815,2306,1483,2375,2815,2325,1524,0,0,-57,-168,5100,5000,5100,4700,-35.99,68.94,-198.77,-10.038882623275697,-25.048048704722333,56.89433551815059,-0.24339371593618667,-0.7062795861277955,0.6647771395452196
,1279,0,-0.005126953125,-0.6526063100137174,0.005126953125,0.6526063100137174,2130,1982,2550,2316,2131,2039,2551,2316,0,-258,0,0,5000,4800,5000,4900,-34.550000000000004,13.55,-205.61,0.5285383645399975,29.750236192998713,55.34873339131782,0.04030948387615392,0.7831863065817961,0.6204791331643662
,1280,0,0.744873046875,-0.15260631001371738,-0.744873046875,0.15260631001371738,2619,2308,2061,1990,2620,2310,2117,1991,0,-6,-263,1,5000,4900,5000,4800,-33.54,41.32,-176.11,-30.77217226875814,4.0301008083677985,54.261006565872556,-0.7951039750110293,0.08206396816965145,0.6008953103910114
,1281,0,-0.746337890625,0.3473936899862826,0.746337890625,-0.3473936899862826,1646,2633,3034,1665,1705,2634,3034,1679,-283,0,16,-40,5100,5000,4800,4800,-31.6,51.19,-237.76,30.0803330572449,-9.980482533645855,52.65503335150805,0.8263952550506023,-0.26266741756149525,0.4980729968402479
,1282,0,0.003662109375,-0.48593964334705075,-0.003662109375,0.48593964334705075,2135,2090,2545,2208,2136,2129,2546,2209,0,-150,0,0,5000,4800,5000,5000,-38.72,19.64,-208.58,3.060814862515997,23.48575394214575,59.54894027509705,0.10865784191915032,0.6336314606550189,0.7659664780247634
,1283,0,-0.371337890625,0.014060356652949357,0.371337890625,-0.014060356652949357,1891,2416,2789,1882,1918,2417,2788,1882,-93,0,14,0,5000,5000,5000,4900,-41.12,38.58,-224.53,17.685182409130448,3.5201741612791366,62.07670566677802,0.5318854796734502,0.06751869538887173,0.8441202889905732
,1284,0,0.378662109375,0.5140603566529491,-0.378662109375,-0.5140603566529491,2380,2742,2300,1556,2381,2743,2321,1588,0,0,-64,-116,5000,5000,5100,5000,-38.43,64.01,-196.99,-11.494062318893697,-20.00227826025987,59.312920367861274,-0.29018563656368945,-0.5865595540788693,0.7561350314930028
,1285,0,-0.558837890625,-0.319272976680384,0.558837890625,0.319272976680384,1769,2199,2911,2099,1807,2220,2910,2099,-153,-54,15,0,5000,4900,5100,5000,-36.08,30.3,-230.47,24.194431274987664,11.366303191085159,57.0456482779211,0.6908986625467773,0.28490600910642017,0.6644453356493123
,1286,0,0.191162109375,0.18072702331961588,-0.191162109375,-0.18072702331961588,2258,2525,2422,1773,2258,2525,2434,1781,0,0,-33,-27,5000,5000,5000,5000,-44.11,49.17,-202.54,-4.98323384596398,-5.554167642136321,64.98316834855427,-0.12572955010665957,-0.19511721827982342,0.9726876946691165
,1287,0,-0.183837890625,0.6807270233196159,0.183837890625,-0.6807270233196159,2013,2851,2667,1447,2018,2852,2666,1497,-17,-3,12,-224,5000,4900,5100,4900,-35.04,71.44,-213.02,4.014459265573578,-28.50605297646804,56.022103776179044,0.12341995631914925,-0.7746514328708136,0.6202279193436677
,1288,0,0.566162109375,-0.5970507544581619,-0.566162109375,0.5970507544581619,2502,2018,2178,2280,2502,2063,2210,2280,0,-181,-121,0,4900,4800,5100,5000,-33.27,20.39,-186.36,-19.132577917546627,24.220356928930975,53.98952705411145,-0.5023060971906378,0.6371328093523679,0.5845941908468373
,1289,0,-0.652587890625,-0.0970507544581618,0.652587890625,0.0970507544581618,1708,2344,2972,1954,1760,2345,2971,1955,-239,0,14,2,5100,4800,4900,4800,-34.74,39.6,-235.43,28.52225529190173,1.7491906786974312,55.75402673788039,0.7960273974916448,0.026318251013447282,0.604688127968685
,1290,0,0.097412109375,0.4029492455418382,-0.097412109375,-0.4029492455418382,2197,2670,2483,1628,2197,2671,2485,1654,0,0,-15,-86,5000,5000,5000,5000,-41.51,59.93,-210.03,1.7764075589622053,-16.802169927985986,62.447938052441415,0.059606404247083015,-0.4993181801418007,0.8643659129978541
,1291,0,-0.277587890625,-0.43038408779149523,0.277587890625,0.43038408779149523,1952,2126,2728,2172,1967,2159,2728,2174,-41,-112,0,-15,4900,5000,5000,4900,-39.08,23.01,-217.1,11.332261715776752,19.549897560793553,59.96015980169065,0.3385820633445433,0.5250132670739146,0.7808477801580321
,1292,0,0.472412109375,0.06961591220850483,-0.472412109375,-0.06961591220850483,2441,2452,2239,1846,2442,2452,2272,1847,0,-1,-126,0,5000,5000,5000,4900,-40.68,42.46,-187.61,-19.40988795762408,2.137573353656876,61.46142565548961,-0.5245699517424611,0.025215604164405256,0.8509938537002104
,1293,0,-0.465087890625,0.5696159122085047,0.465087890625,-0.5696159122085047,1830,2778,2850,1520,1861,2778,2849,1554,-110,0,14,-131,4900,4800,5000,5000,-35.12,64.41,-225.82,17.258953833556262,-22.355062476536546,56.1485138565879,0.4866569929728201,-0.6063021846957887,0.6289377012262561
,1294,0,0.284912109375,-0.2637174211248285,-0.284912109375,0.2637174211248285,2319,2235,2361,2063,2319,2255,2377,2064,0,-54,-44,0,5000,5000,5000,4900,-42.37,31.45,-197.44,-8.867917569868325,12.464379572142711,63.17286764092854,-0.23220696816656364,0.3353100646589435,0.9130427615798217
,1295,0,-0.090087890625,0.23628257887517157,0.090087890625,-0.23628257887517157,2074,2561,2606,1737,2079,2562,2605,1750,-18,0,15,-40,5000,5000,5000,5000,-43.79,51.81,-211.06,3.3407377483338223,-8.763632566582942,64.71255460893568,0.11356028601645154,-0.27936328955250306,0.9534464924106993
,1296,0,0.659912109375,0.7362825788751715,-0.659912109375,-0.7362825788751715,2563,2887,2117,1411,2564,2888,2156,1457,0,0,-156,-190,5000,4800,5000,4600,-29.05,71.63,-186.93,-21.999692970607242,-26.953285899891583,49.90188336848877,-0.5412575387576605,-0.7192842171570654,0.43551175837943445
,1297,0,-0.699462890625,-0.7390260631001372,0.699462890625,0.7390260631001372,1677,1925,3003,2373,1726,1979,3002,2374,-219,-237,14,0,5000,4800,5100,4800,-25.57,13.88,-230.33,25.21307861217187,27.728255255900482,46.493635094119014,0.6767779601321969,0.6679002041643171,0.30964642732730885
,1298,0,0.050537109375,-0.2390260631001372,-0.050537109375,0.2390260631001372,2166,2251,2514,2047,2167,2260,2516,2047,0,-19,-16,0,5000,5000,5000,5000,-42.78,29.17,-209.58,3.3961003017664666,13.921655317183578,63.63796230563485,0.11209226276358254,0.36382082733789917,0.9246998054632143
,1299,0,-0.324462890625,0.2609739368998629,0.324462890625,-0.2609739368998629,1921,2577,2759,1721,1944,2578,2758,1736,-71,0,15,-49,5000,5000,5000,5000,-41.54,49.980000000000004,-222.02,14.409955358181776,-7.683357047319433,62.51291229521467,0.4330760929030273,-0.2536078754434118,0.8649440116382839
,1300,0,0.425537109375,-0.5723593964334706,-0.425537109375,0.5723593964334706,2410,2034,2270,2264,2411,2073,2295,2264,0,-142,-89,0,5100,5000,5100,5000,-35.54,18.68,-193.49,-11.914525180787848,25.45211317544461,56.29091603438917,-0.3085075536762904,0.6793283302387629,0.665834896246573
,1301,0,-0.511962890625,-0.07235939643347056,0.511962890625,0.07235939643347056,1799,2360,2881,1938,1839,2361,2880,1939,-162,0,15,0,4900,4900,5000,5000,-38.29,38.57,-230.1,23.256779458375632,3.146432957486013,59.2746485950128,0.6731385208471364,0.052805571744607614,0.7376287029017072
,1302,0,0.238037109375,0.42764060356652944,-0.238037109375,-0.42764060356652944,2288,2686,2392,1612,2288,2687,2404,1638,0,0,-32,-86,5000,5000,5000,5000,-40.980000000000004,60.69,-203.05,-5.23631660822133,-17.09123489741627,61.88487393668908,-0.12809732415308794,-0.5147219682868278,0.8477336674379236
,1303,0,-0.136962890625,-0.4056927297668039,0.136962890625,0.4056927297668039,2044,2143,2636,2155,2049,2175,2636,2156,-16,-110,0,0,5000,5000,4900,5000,-40.46,23.42,-210.73000000000002,4.942521065249792,19.574356720209487,61.30923955045411,0.15884856575389947,0.5286808634880984,0.8338247284288274
,1304,0,0.613037109375,0.09430727023319618,-0.613037109375,-0.09430727023319618,2533,2468,2147,1830,2533,2468,2194,1832,0,0,-203,-12,5000,5000,5000,5000,-37.57,42.980000000000004,-181.58,-25.44613341271554,2.0165204256723115,58.322558504029736,-0.6743439639093193,0.021148581271110665,0.7381144598565218
,1305,0,-0.605712890625,0.5943072702331962,0.605712890625,-0.5943072702331962,1738,2794,2942,1504,1779,2794,2941,1536,-168,0,13,-122,5100,5000,4800,4900,-32.09,64.01,-231.15,22.6183725220813,-22.32407969508077,53.14427162461961,0.6188426161080824,-0.5888947529283004,0.5198430402169691
,1306,0,0.144287109375,-0.6834705075445816,-0.144287109375,0.6834705075445816,2227,1961,2453,2337,2227,2019,2454,2337,0,-264,-16,0,5000,5100,5000,4900,-33.480000000000004,12.21,-206.58,1.5918721397056572,31.018706923814953,54.28022822630718,0.06988373924302894,0.8091629181965734,0.5834137766671424
,1307,0,-0.230712890625,-0.1834705075445816,0.230712890625,0.1834705075445816,1983,2287,2697,2011,1995,2292,2696,2012,-35,-13,14,0,5000,5000,5000,5000,-42.39,32.49,-217.46,11.03600832675653,10.076701400043767,63.295858893252976,0.3392161551669052,0.25361841400542035,0.9058753226306353
,1308,0,0.519287109375,0.3165294924554185,-0.519287109375,-0.3165294924554185,2472,2613,2208,1685,2473,2614,2240,1701,0,0,-120,-49,5000,5000,4900,5000,-39.1,53.52,-187.29,-20.467531920264292,-8.8801390461025,59.90778389353824,-0.5419570190194296,-0.2884007814847627,0.7893716354003044
,1309,0,-0.418212890625,-0.516803840877915,0.418212890625,0.516803840877915,1860,2070,2820,2228,1886,2104,2819,2229,-84,-124,11,0,4900,4900,5000,4900,-35.63,19.64,-221.87,16.33532154395016,22.580671616155357,56.52561456526368,0.4769644814032814,0.5844229954977703,0.6564713594766434
,1310,0,0.331787109375,-0.016803840877914977,-0.331787109375,0.016803840877914977,2349,2396,2331,1902,2349,2397,2353,1902,0,-2,-72,0,5000,5000,5000,4800,-43.11,40.550000000000004,-194.07,-12.84758429995216,3.6145142215760657,63.91894806173043,-0.3446548732118692,0.06089259046848717,0.9367524276975997
,1311,0,-0.043212890625,0.4831961591220848,0.043212890625,-0.4831961591220848,2105,2722,2575,1576,2106,2723,2574,1610,0,0,13,-132,5000,4800,5000,5000,-40.08,63.52,-207.99,-0.49416344970632053,-20.25049659713777,61.016801973163666,0.0052697250277606664,-0.5904240519095661,0.8070759994726778
,1312,0,0.706787109375,-0.35013717421124824,-0.706787109375,0.35013717421124824,2594,2179,2086,2119,2595,2200,2133,2120,0,-54,-201,0,5100,4900,4900,5000,-33.99,33.28,-178.59,-27.757715882701774,11.885804824041578,54.703123196062826,-0.7320273536346485,0.29462094146714707,0.6142755524841147
,1313,0,-0.722900390625,0.14986282578875176,0.722900390625,-0.14986282578875176,1662,2505,3018,1793,1723,2505,3018,1795,-304,0,15,-17,4800,4900,4800,5000,-32.85,41.910000000000004,-237.85,30.790034775182875,-0.7241431648689343,53.882023555864336,0.8417864073624205,-0.03644350576925905,0.538579163417148
,1314,0,0.027099609375,0.6498628257887515,-0.027099609375,-0.6498628257887515,2151,2831,2529,1467,2152,2832,2530,1513,0,0,0,-201,5100,5000,5000,4900,-35.75,70.77,-211.61,2.6494489085423822,-27.740464084523637,56.72333153784345,0.08135128658266183,-0.7593540573144911,0.6455721367991077
,1315,0,-0.347900390625,-0.6279149519890261,0.347900390625,0.6279149519890261,1906,1998,2774,2300,1924,2049,2774,2300,-49,-219,0,0,5100,4800,5000,4800,-34.06,15.27,-217.82,12.596939532360267,27.209341243769007,54.92429716579906,0.3729597584392693,0.7060239858701396,0.6020225493791431
,1316,0,0.402099609375,-0.12791495198902603,-0.402099609375,0.12791495198902603,2395,2324,2285,1974,2396,2327,2313,1974,0,-9,-97,15,5000,4900,5000,4900,-41.84,38.22,-191.08,-15.667442635578851,6.137209631874498,62.628092983165956,-0.42374767160738624,0.1351435167014136,0.8956417479667262
,1317,0,-0.535400390625,0.37208504801097386,0.535400390625,-0.37208504801097386,1784,2650,2896,1648,1820,2651,2895,1666,-140,0,14,-59,5000,4900,4900,5000,-36.74,54.1,-230.26,22.376384961615315,-12.363369511586896,57.76470392701526,0.6385476197742346,-0.3486158402626669,0.6860932394351477
,1318,0,0.214599609375,-0.4612482853223594,-0.214599609375,0.4612482853223594,2273,2106,2407,2192,2273,2141,2417,2193,-2,-128,-28,0,5000,5000,5000,5000,-39.4,21.55,-202.70000000000002,-2.937842238689825,21.978588597541446,60.204276529379236,-0.061155532642984116,0.5983278912496159,0.7989140976224792
,1319,0,-0.160400390625,0.0387517146776406,0.160400390625,-0.0387517146776406,2028,2432,2652,1866,2038,2432,2651,1867,-30,0,15,-16,5000,5000,5000,5000,-44.07,40.52,-215.32,8.351157201502048,2.214134004085885,64.9853879339149,0.2631836525564135,0.02671855910533259,0.9643756963063722
,1320,0,0.589599609375,0.5387517146776406,-0.589599609375,-0.5387517146776406,2517,2758,2163,1540,2517,2758,2201,1572,0,0,-143,-116,4900,4800,5100,4900,-34.79,63.89,-187.1,-21.335742340574313,-19.22599534379853,55.62309392418359,-0.5473086114052085,-0.5402221246615853,0.639228707042968
,1321,0,-0.629150390625,-0.2945816186556927,0.629150390625,0.2945816186556927,1723,2215,2957,2083,1767,2232,2956,2083,-190,-41,16,0,4800,5000,5000,5000,-34.63,31.85,-233.46,27.080043031552094,9.614054140278782,55.6145759337242,0.7562816828673098,0.23922678752687673,0.6089405227844185
,1322,0,0.120849609375,0.20541838134430734,-0.120849609375,-0.20541838134430734,2212,2541,2468,1757,2212,2541,2474,1768,0,-1,-21,-35,5000,5000,5000,5000,-44.18,50.32,-206.54,-1.0702974041217885,-6.971096526453991,65.07612499914879,-0.019540415122156225,-0.23022420081269238,0.9729414111533182
,1323,0,-0.254150390625,0.7054183813443071,0.254150390625,-0.7054183813443071,1967,2867,2713,1431,1978,2868,2712,1481,-29,0,12,-226,4900,4900,4900,4900,-34.11,71.82000000000001,-216.04,7.0064078944642745,-29.091507142856486,55.10821821379312,0.1960539203868329,-0.7847550078734913,0.5879816646107515
,1324,0,0.495849609375,-0.7205075445816187,-0.495849609375,0.7205075445816187,2456,1937,2224,2361,2457,1994,2248,2361,0,-258,-80,0,4900,4800,5000,5000,-31.0,14.34,-190.6,-14.483236758622496,29.964133886372927,51.72553653931405,-0.37152377022631555,0.7786000557969532,0.5057193305281151
,1325,0,-0.441650390625,-0.2205075445816187,0.441650390625,0.2205075445816187,1845,2263,2835,2035,1878,2269,2834,2036,-119,-12,14,0,5000,5000,5000,5000,-39.31,32.59,-225.88,19.444869603150323,9.40029839722773,60.2583712781101,0.5786224677057186,0.22999280227879318,0.782495591531411
,1326,0,0.308349609375,0.2794924554183813,-0.308349609375,-0.2794924554183813,2334,2589,2346,1709,2334,2591,2363,1724,0,-1,-49,-42,5000,5000,5000,4900,-42.480000000000004,53.11,-197.20000000000002,-10.568892378961465,-9.129722625963694,63.336375917681664,-0.273413340921951,-0.29851652818670116,0.9144030989696255
,1327,0,-0.066650390625,-0.553840877914952,0.066650390625,0.553840877914952,2090,2046,2590,2252,2091,2090,2590,2252,0,-175,0,0,4800,4800,5000,5000,-37.12,17.04,-206.04,0.7097326149246612,26.246543259044696,57.92966432185202,0.04411034317737013,0.7014436735340166,0.7113585948618872
,1328,0,0.683349609375,-0.05384087791495196,-0.683349609375,0.05384087791495196,2578,2372,2102,1926,2579,2373,2151,1927,0,0,-216,0,4900,4900,4800,5000,-35.36,41.87,-178.36,-28.573214154250735,3.3348220533047908,56.09364691886056,-0.7462537695567804,0.06114051941242327,0.6628477565084414
,1329,0,-0.676025390625,0.44615912208504804,0.676025390625,-0.44615912208504804,1692,2698,2988,1600,1743,2699,2987,1622,-230,0,14,-70,5100,4900,4900,5000,-32.95,56.32,-234.9,26.874332919255664,-14.902051691781097,54.00363267558655,0.7380748986229368,-0.3987620770079019,0.5442740577715293
,1330,0,0.073974609375,-0.3871742112482853,-0.073974609375,0.3871742112482853,2181,2155,2499,2143,2181,2186,2501,2145,0,-103,-15,-8,5000,5000,5000,5000,-40.9,23.89,-208.39000000000001,2.5740497241778826,19.264491029793916,61.73868891932578,0.09322849868851003,0.5236737376639224,0.8468023757131201
,1331,0,-0.301025390625,0.11282578875171478,0.301025390625,-0.11282578875171478,1937,2481,2743,1817,1960,2481,2742,1823,-71,0,15,-20,5000,5000,5000,5000,-42.5,43.0,-221.3,14.157774647410577,-0.6679764568405346,63.45165616861513,0.4315281014823908,-0.0470933630163692,0.9008694204993377
,1332,0,0.448974609375,0.6128257887517148,-0.448974609375,-0.6128257887517148,2426,2807,2254,1491,2427,2807,2278,1530,0,0,-84,-150,5000,4900,4900,4800,-35.410000000000004,68.19,-194.86,-13.886541531417834,-24.037734750957952,56.292848493000925,-0.34618657516192464,-0.675555073743686,0.6509840224743001
,1333,0,-0.488525390625,-0.6649519890260631,0.488525390625,0.6649519890260631,1815,1974,2865,2324,1843,2026,2865,2324,-103,-225,0,0,5000,5000,4800,4800,-31.5,14.91,-223.15,17.951389400493014,27.201758682060085,52.390148568259576,0.519754230078724,0.6858193414893669,0.5094186599982027
,1334,0,0.261474609375,-0.16495198902606312,-0.261474609375,0.16495198902606312,2303,2299,2377,1999,2303,2305,2394,2000,0,-12,-50,0,5000,5000,5000,4900,-43.29,34.68,-198.38,-8.152381600979112,9.180984032831319,64.1057245483135,-0.21383730650950675,0.2224902697886434,0.951194872880492
,1335,0,-0.113525390625,0.3350480109739371,0.113525390625,-0.3350480109739371,2059,2625,2621,1673,2065,2626,2620,1696,-18,-1,14,-73,5000,5000,5000,4900,-42.64,56.04,-211.74,3.739418764167425,-13.033130441228039,63.5766666980858,0.1253336168561065,-0.4094938436278281,0.9036627006337455
,1336,0,0.636474609375,-0.49828532235939643,-0.636474609375,0.49828532235939643,2548,2082,2132,2216,2548,2114,2173,2217,0,-110,-163,0,4900,5000,5100,5000,-33.75,24.78,-182.76,-23.022766879724884,20.084517393815055,54.46256106802466,-0.6043138152839276,0.5199398946855277,0.6037112874308254
,1337,0,-0.582275390625,0.0017146776406036235,0.582275390625,-0.0017146776406036235,1753,2408,2927,1890,1797,2409,2926,1890,-189,0,16,0,5000,4900,5000,5000,-36.550000000000004,39.59,-233.02,26.109701698564038,1.926866905231961,57.55189111480037,0.7407720244867307,0.025555068849966382,0.6712702482561732
,1338,0,0.167724609375,0.5017146776406034,-0.167724609375,-0.5017146776406034,2242,2734,2438,1564,2242,2735,2443,1599,0,0,-17,-130,5000,5000,5000,4900,-39.75,64.07000000000001,-207.59,-0.9287515817779308,-20.773210346994006,60.686191188140285,-0.010298307423270385,-0.6043352509333368,0.7966635735011088
,1339,0,-0.207275390625,-0.33161865569272975,0.207275390625,0.33161865569272975,1998,2191,2682,2107,2007,2217,2682,2107,-27,-75,0,0,5000,5000,5000,5000,-41.28,27.12,-215.07,9.019055101167424,15.592458304025769,62.1603301785299,0.2765491700229539,0.4220299198271421,0.8633720538274974
,1340,0,0.542724609375,0.16838134430727036,-0.542724609375,-0.16838134430727036,2487,2517,2193,1781,2488,2517,2230,1786,0,0,-146,-22,5000,4900,5000,5000,-39.28,46.46,-185.0,-22.276954096485923,-1.6812928941435246,60.058467232441124,-0.597196291102073,-0.07797601017439212,0.7982958923426892
,1341,0,-0.394775390625,0.6683813443072701,0.394775390625,-0.6683813443072701,1876,2843,2804,1455,1899,2844,2803,1498,-70,0,12,-181,4900,5000,5000,4600,-34.0,69.37,-221.78,12.899055198592691,-27.03450275681007,55.02080708787703,0.35863148667482614,-0.7261524468245952,0.5865885105728356
,1342,0,0.355224609375,-0.6093964334705075,-0.355224609375,0.6093964334705075,2365,2010,2315,2288,2365,2058,2330,2288,0,-199,-41,0,5100,5000,5000,5000,-35.28,17.07,-196.1,-9.200647205771531,26.881685223427667,56.03993775575382,-0.232633591808125,0.7190111819729316,0.6549080333606686
,1343,0,-0.019775390625,-0.10939643347050754,0.019775390625,0.10939643347050754,2120,2336,2560,1962,2123,2340,2559,1963,-13,-9,10,0,5000,5000,5000,5000,-44.44,35.4,-207.23000000000002,0.6232386600846098,7.8690875971414656,65.3018920849205,0.045413551630223224,0.18695079122602876,0.9813190159108762
,1344,0,0.730224609375,0.39060356652949246,-0.730224609375,-0.39060356652949246,2609,2662,2071,1636,2610,2663,2120,1655,0,0,-213,-58,4900,5000,5000,4800,-33.28,55.83,-178.98,-28.886202622941397,-10.641097370627648,54.05205085836903,-0.7419644397662902,-0.31548137783545127,0.5915743996838772
,1345,0,-0.734619140625,-0.4427297668038409,0.734619140625,0.4427297668038409,1654,2118,3026,2180,1709,2145,3026,2181,-260,-78,15,0,4900,5000,4800,4900,-30.310000000000002,25.78,-235.51,29.555650828009107,15.519614883213464,51.289588263264314,0.798739254174999,0.38684413080991115,0.4608331827222197
,1346,0,0.015380859375,0.05727023319615898,-0.015380859375,-0.05727023319615898,2143,2444,2537,1854,2144,2444,2538,1857,-3,-6,0,-18,5000,5000,5000,5000,-44.94,43.06,-209.8,2.668263795374628,0.054670889373426235,65.8341173317735,0.0883787371446643,-0.03502646123542709,0.9954709166188819
,1347,0,-0.359619140625,0.557270233196159,0.359619140625,-0.557270233196159,1899,2770,2781,1528,1921,2770,2780,1563,-63,0,14,-136,5000,5000,4700,4800,-36.82,64.62,-221.92000000000002,13.34550322924079,-22.296716430417533,57.829465999417955,0.37859747826016665,-0.6183064364515565,0.6887387749340245
,1348,0,0.390380859375,-0.27606310013717417,-0.390380859375,0.27606310013717417,2387,2227,2293,2071,2388,2247,2315,2071,0,-54,-68,0,5000,5000,5000,5000,-41.12,32.29,-192.20000000000002,-14.146542275068583,11.976097045845826,61.898739940828456,-0.3815347886091647,0.3124376498307803,0.8699505273572619
,1349,0,-0.547119140625,0.22393689986282572,0.547119140625,-0.22393689986282572,1776,2553,2904,1745,1816,2553,2903,1752,-164,0,15,-25,4900,4900,5000,4900,-37.49,46.72,-231.32,23.928124688234448,-5.069540926994442,58.50136422824927,0.6886840832346486,-0.15376862784420703,0.7085685870754935
,1350,0,0.202880859375,0.7239368998628257,-0.202880859375,-0.7239368998628257,2265,2879,2415,1419,2265,2879,2421,1472,0,0,-16,-245,5000,4900,5100,5000,-34.08,73.27,-208.62,-0.49426609449091075,-30.037896614515162,55.04468334663713,-0.0008779111156298756,-0.8120882903946952,0.5835339217868095
,1351,0,-0.172119140625,-0.7019890260631001,0.172119140625,0.7019890260631001,2021,1949,2659,2349,2024,2008,2659,2349,-13,-272,0,0,5100,5000,4900,5000,-32.88,11.63,-209.08,4.1281698809099225,31.42707433981098,53.69130563248443,0.14114402530489253,0.8156333497904436,0.5610887655535016
,1352,0,0.577880859375,-0.2019890260631001,-0.577880859375,0.2019890260631001,2510,2275,2170,2023,2510,2280,2211,2024,0,-12,-168,0,5000,4900,5000,4900,-38.14,36.75,-183.19,-23.422351912634696,8.12536636336268,58.884883809786544,-0.6252729945376521,0.18740935451801224,0.7575694134144135
,1353,0,-0.640869140625,0.2980109739368999,0.640869140625,-0.2980109739368999,1715,2601,2965,1697,1762,2602,2964,1710,-209,0,13,-34,5100,4800,5000,4900,-34.79,49.29,-234.68,27.120128546682054,-7.867988731195709,55.8247429896694,0.7586174132370295,-0.22275034799610058,0.6122760021437839
,1354,0,0.109130859375,-0.5353223593964335,-0.109130859375,0.5353223593964335,2204,2058,2476,2240,2204,2100,2477,2240,0,-168,-15,0,5000,5000,4800,4900,-37.53,17.67,-207.9,2.5209997108242987,25.493717447300504,58.35057381863614,0.09213181114179814,0.6833061228200842,0.7242958455578192
,1355,0,-0.265869140625,-0.03532235939643347,0.265869140625,0.03532235939643347,1960,2384,2720,1914,1979,2385,2719,1914,-57,0,15,0,5000,5000,5000,5000,-42.75,38.37,-220.15,13.321498283114266,4.0297324626730315,63.6841916498693,0.40589867734927765,0.07969920970112199,0.9104363238025621
,1356,0,0.484130859375,0.4646776406035664,-0.484130859375,-0.4646776406035664,2449,2710,2231,1588,2450,2711,2258,1613,0,0,-95,-89,5000,5000,5000,4800,-37.85,61.11,-190.89000000000001,-17.3816879929727,-16.699178596695404,58.695023503905766,-0.4525399945882549,-0.49307491320238905,0.7430240125786773
,1357,0,-0.453369140625,-0.3686556927297668,0.453369140625,0.3686556927297668,1837,2167,2843,2131,1867,2191,2843,2132,-105,-69,0,0,5000,4900,5000,5000,-37.69,27.05,-225.33,19.277635123729226,14.960124053434122,58.62164549121666,0.5697400718392155,0.38687674656071736,0.7250673303295637
,1358,0,0.296630859375,0.13134430727023327,-0.296630859375,-0.13134430727023327,2326,2493,2354,1805,2326,2493,2373,1811,0,0,-54,-21,5000,5000,5000,4900,-43.54,45.88,-196.54,-10.744830783158449,-1.8686726297787288,64.37478750796308,-0.2851403005454416,-0.08964989134299074,0.9542839755476589
,1359,0,-0.078369140625,0.6313443072702332,0.078369140625,-0.6313443072702332,2082,2819,2598,1479,2084,2820,2597,1525,-14,0,12,-195,4900,5000,4900,4900,-36.5,69.97,-208.85,-0.053895735456535476,-26.75401614494703,57.457462451419175,0.0134003536509036,-0.7389069762066739,0.6736741875974922
,1360,0,0.671630859375,-0.6464334705075446,-0.671630859375,0.6464334705075446,2571,1986,2109,2312,2572,2036,2148,2312,0,-211,-154,0,4800,4800,5000,5000,-30.240000000000002,20.09,-182.19,-23.25815768110462,24.792228026042935,50.93791189770509,-0.600765301997606,0.6374182602083158,0.4824717747897057
,1361,0,-0.687744140625,-0.14643347050754452,0.687744140625,0.14643347050754452,1685,2312,2995,1986,1739,2314,2994,1986,-257,-9,15,7,4800,5000,5100,4700,-33.61,38.22,-236.5,29.688348088218845,3.0506548905278024,54.625922799538685,0.8209131180215348,0.06034975700554403,0.5678552275796477
,1362,0,0.062255859375,0.3535665294924555,-0.062255859375,-0.3535665294924555,2174,2637,2506,1661,2175,2638,2508,1684,0,-1,-14,-77,5000,4900,5000,5000,-42.37,57.42,-210.93,2.8394948001688363,-14.356130224788956,63.30609613110027,0.08885019645312897,-0.43433113335274565,0.8963604794895631
,1363,0,-0.312744140625,-0.47976680384087794,0.312744140625,0.47976680384087794,1929,2094,2751,2204,1947,2131,2751,2205,-54,-137,0,0,5000,5000,5000,5000,-37.77,21.03,-218.1,12.4698551214301,21.454199547851815,58.65019217403721,0.3706228861183059,0.5702085274670792,0.7331445365609449
,1364,0,0.437255859375,0.020233196159122224,-0.437255859375,-0.020233196159122224,2418,2420,2262,1878,2419,2421,2293,1878,0,-4,-115,0,5000,5000,5000,4800,-41.47,41.45,-189.25,-17.70933324971338,3.0369298429539953,62.257083616275466,-0.4799901856980605,0.04914515971232311,0.8758962124078347
,1365,0,-0.500244140625,0.520233196159122,0.500244140625,-0.520233196159122,1807,2746,2873,1552,1841,2747,2872,1582,-131,0,13,-107,5100,5000,5000,5000,-35.51,61.660000000000004,-227.62,19.2384399223034,-19.73160768391992,56.54058499242097,0.542625651434605,-0.5398401072997256,0.643529378471404
,1366,0,0.249755859375,-0.31310013717421126,-0.249755859375,0.31310013717421126,2296,2203,2384,2095,2296,2228,2397,2095,0,-69,-37,-6,5000,4900,5000,4800,-41.97,28.7,-199.69,-6.435644755418565,15.055229191117263,62.77720717038844,-0.16287357579092138,0.4084369891372042,0.8981377534730481
,1367,0,-0.125244140625,0.18689986282578874,0.125244140625,-0.18689986282578874,2051,2529,2629,1769,2060,2529,2629,1779,-24,-1,0,-30,5000,5000,5000,4900,-44.06,48.76,-212.98000000000002,5.460764270660718,-5.849297515146233,64.98447142084329,0.17498663911043663,-0.19966927079070762,0.9641119532682607
,1368,0,0.624755859375,0.6868998628257885,-0.624755859375,-0.6868998628257885,2540,2855,2140,1443,2540,2856,2177,1487,0,0,-141,-189,4900,5100,5000,4600,-31.1,69.73,-187.73,-21.083271445666014,-25.105709769569415,51.95106223605696,-0.5241373264882734,-0.6863794394367042,0.5041461376429265
,1369,0,-0.593994140625,-0.590877914951989,0.593994140625,0.590877914951989,1746,2022,2934,2276,1784,2065,2933,2276,-151,-167,10,0,5000,5000,5000,5000,-31.240000000000002,18.650000000000002,-228.51,23.04810842973737,23.108077775832925,52.166470730892414,0.6445164464419313,0.5786148344569895,0.49980338495470034
,1370,0,0.156005859375,-0.09087791495198905,-0.156005859375,0.09087791495198905,2235,2348,2445,1950,2235,2352,2454,1951,0,-10,-28,0,5000,5000,5000,5000,-44.43,37.160000000000004,-203.08,-3.635927257522326,6.392940282714747,65.27553316980098,-0.08689080887194976,0.1410604473084759,0.9861804791916693
,1371,0,-0.218994140625,0.40912208504801084,0.218994140625,-0.40912208504801084,1990,2674,2690,1624,2001,2675,2689,1650,-31,0,15,-86,5000,5000,4900,5000,-40.9,58.88,-216.43,8.235528094052995,-16.187910881670675,61.86737992685154,0.24795411917891105,-0.48384838975983324,0.8392910642375667
,1372,0,0.531005859375,-0.42421124828532236,-0.531005859375,0.42421124828532236,2479,2130,2201,2168,2480,2158,2232,2169,0,-87,-118,0,4900,4900,5000,4700,-37.06,27.05,-186.61,-19.350686238895406,17.56951960005476,57.797543806304795,-0.5175873383417435,0.462804117711142,0.7196635990641185
,1373,0,-0.406494140625,0.07578875171467758,0.406494140625,-0.07578875171467758,1868,2456,2812,1842,1899,2456,2811,1843,-112,0,14,-7,5000,5000,5000,5000,-40.71,40.78,-225.71,18.716069516650577,1.2444428532335081,61.678184920605695,0.5587590966862346,0.0008196540861634077,0.829329608803136
,1374,0,0.343505859375,0.5757887517146776,-0.343505859375,-0.5757887517146776,2357,2782,2323,1516,2357,2782,2339,1552,0,0,-45,-141,4900,5000,4800,4800,-37.33,67.04,-199.38,-9.308595848557786,-23.18968880907174,58.23257306242646,-0.22754866149206507,-0.660753114068023,0.715281013939682
,1375,0,-0.031494140625,-0.2575445816186557,0.031494140625,0.2575445816186557,2112,2239,2568,2059,2113,2261,2568,2059,0,-66,0,0,5000,4900,5000,4900,-43.160000000000004,29.98,-207.04,0.8054432670928691,13.285881120706136,64.00726881761342,0.04929990521913936,0.36056481635731785,0.9314303691369511
,1376,0,0.718505859375,0.24245541838134432,-0.718505859375,-0.24245541838134432,2601,2565,2079,1733,2602,2566,2129,1740,0,-1,-221,-25,4900,4900,4800,5000,-34.53,49.050000000000004,-178.01,-29.402702405857895,-3.8075722492308515,55.280042059268276,-0.764677674677154,-0.1275284247759875,0.6316680732192305
,1377,0,-0.711181640625,0.7424554183813443,0.711181640625,-0.7424554183813443,1669,2891,3011,1407,1722,2892,3011,1452,-239,0,12,-195,5100,4800,5100,4700,-27.29,68.93,-233.45000000000002,24.60443856431317,-27.401686408262435,48.368305571333,0.638178044083966,-0.6901989711983181,0.3411072620246413
,1378,0,0.038818359375,-0.7328532235939643,-0.038818359375,0.7328532235939643,2158,1929,2522,2369,2160,1991,2523,2370,0,-295,0,0,4900,4800,4900,4900,-31.900000000000002,10.42,-207.06,2.1991446499587255,32.76773818948351,52.69813792230909,0.08467878084677628,0.8454364018164321,0.5273203908042889
,1379,0,-0.336181640625,-0.2328532235939642,0.336181640625,0.2328532235939642,1914,2255,2766,2043,1937,2261,2765,2044,-67,-12,15,0,5000,5000,5000,4900,-40.71,30.7,-221.54,15.23552313803026,11.582670312044044,61.63181773210907,0.45573025750711343,0.29212556933827305,0.8408166174209986
,1380,0,0.413818359375,0.26714677640603557,-0.413818359375,-0.26714677640603557,2403,2581,2277,1717,2404,2582,2303,1730,0,0,-90,-39,5000,5000,5000,5000,-41.34,51.75,-191.89000000000001,-15.769495688526064,-7.41798744673217,62.16633835729016,-0.42089030639170205,-0.2511598393878085,0.8716479134743504
,1381,0,-0.523681640625,-0.5661865569272977,0.523681640625,0.5661865569272977,1792,2038,2888,2260,1827,2075,2887,2260,-137,-131,14,0,5000,5000,5000,5000,-32.92,18.32,-225.36,19.919461253686222,23.654556677496636,53.82981905815985,0.5683531426580675,0.6011886986737199,0.561735572861198
,1382,0,0.226318359375,-0.06618655692729758,-0.226318359375,0.06618655692729758,2281,2364,2399,1934,2281,2366,2415,1935,-1,-9,-47,0,5000,5000,5000,5000,-44.13,38.95,-199.34,-7.486654135970355,4.858382913088995,64.96131002150449,-0.19528868315488332,0.09619592069340552,0.976016739135953
,1383,0,-0.148681640625,0.4338134430727023,0.148681640625,-0.4338134430727023,2036,2690,2644,1608,2042,2691,2643,1637,-20,0,13,-104,5000,5000,5000,5000,-40.9,60.65,-212.89000000000001,4.5842429853276485,-17.715143938277052,61.85410417417211,0.14440376770777755,-0.5279619962609905,0.836901238125448
,1384,0,0.601318359375,-0.39951989026063106,-0.601318359375,0.39951989026063106,2525,2147,2155,2151,2525,2172,2195,2152,0,-73,-158,0,5000,4900,4800,4700,-36.12,29.18,-183.53,-22.562765226234916,15.649399259770398,56.847498303227034,-0.6027508548401678,0.4066580358918069,0.68652796653455
,1385,0,-0.617431640625,0.10048010973936905,0.617431640625,-0.10048010973936905,1730,2473,2950,1825,1778,2473,2949,1826,-215,0,15,0,5100,4800,5100,5000,-35.71,40.62,-234.27,27.291423973525156,0.8125175172083985,56.72077264774994,0.7678658055397837,-0.0016854626414927463,0.6406085106353364
,1386,0,0.132568359375,0.6004801097393688,-0.132568359375,-0.6004801097393688,2219,2798,2461,1500,2219,2798,2463,1540,0,0,-14,-163,5000,4900,5000,5000,-37.17,68.64,-210.53,1.70873155962758,-25.538429975564213,58.132514511211355,0.057856832900411846,-0.7124496044248942,0.6993340747036039
,1387,0,-0.242431640625,-0.6772976680384089,0.242431640625,0.6772976680384089,1975,1965,2705,2333,1984,2022,2705,2333,-24,-260,0,0,5000,5100,4900,4700,-33.47,12.86,-212.37,7.324823160442605,29.979695179717822,54.30089678840853,0.22987922833229352,0.7799603451289311,0.5820802353694106
,1388,0,0.507568359375,-0.17729766803840874,-0.507568359375,0.17729766803840874,2464,2291,2216,2007,2465,2295,2250,2008,0,-11,-132,0,5000,5000,5000,5000,-39.74,37.04,-186.14000000000001,-20.50639596015705,7.64165926101213,60.500380118153096,-0.551240349408839,0.17363934495971636,0.8160780937297489
,1389,0,-0.429931640625,0.32270233196159115,0.429931640625,-0.32270233196159115,1853,2617,2827,1681,1883,2618,2826,1698,-105,0,15,-51,5000,5000,5000,5000,-39.43,52.410000000000004,-226.01,18.23710969098451,-10.382923593302024,60.429086444352635,0.5369949379282843,-0.30927003717774965,0.784849336333714
,1390,0,0.320068359375,-0.5106310013717421,-0.320068359375,0.5106310013717421,2342,2074,2338,2224,2342,2110,2354,2226,0,-133,-47,-16,4900,5000,5000,4800,-37.77,20.18,-197.75,-7.776227719096482,23.674622719583624,58.54602618643977,-0.19395059768022677,0.6398642129052875,0.7436107548325132
,1391,0,-0.054931640625,-0.01063100137174211,0.054931640625,0.01063100137174211,2097,2400,2583,1898,2101,2401,2582,1898,-17,0,14,0,5000,5000,5000,5000,-44.78,39.36,-210.09,3.2079423759545023,3.7262182508654362,65.66622748102492,0.11664450758112513,0.06602293735934452,0.9909768062843856
,1392,0,0.695068359375,0.48936899862825767,-0.695068359375,-0.48936899862825767,2586,2726,2094,1572,2587,2727,2139,1599,0,0,-194,-97,4900,4900,5000,5000,-33.19,60.69,-181.69,-26.50978409263209,-15.673027565866974,53.987914448730464,-0.6793190137166026,-0.44426182622548954,0.5840865581075244
,1393,0,-0.664306640625,-0.34396433470507537,0.664306640625,0.34396433470507537,1700,2183,2980,2115,1750,2202,2980,2116,-226,-51,0,-10,5000,5000,4800,5000,-33.31,29.66,-233.97,27.742971171269062,11.76089319447339,54.29162152900868,0.7705459981530526,0.2919639026316248,0.5665826897200683
,1394,0,0.085693359375,0.15603566529492452,-0.085693359375,-0.15603566529492452,2189,2509,2491,1789,2189,2509,2495,1797,0,0,-19,-28,5000,5000,5000,4900,-44.58,47.96,-207.77,0.3141392068325217,-4.6982840922499705,65.47632358632396,0.018343034239076014,-0.1682898319114878,0.9855668752398831
,1395,0,-0.289306640625,0.6560356652949244,0.289306640625,-0.6560356652949244,1944,2835,2736,1463,1958,2836,2735,1508,-35,0,15,-192,5100,5000,5000,4900,-35.15,69.60000000000001,-217.97,9.076706836839662,-27.003752612377824,56.152269606046,0.254915943457049,-0.7363411213376124,0.6267532327787948
,1396,0,0.460693359375,-0.6217421124828533,-0.460693359375,0.6217421124828533,2433,2002,2247,2296,2434,2051,2270,2296,0,-202,-77,0,5000,5000,5000,5000,-34.07,17.900000000000002,-191.42000000000002,-13.920072565129288,26.365728989549297,54.80859156472034,-0.36366831383039266,0.700679179451256,0.6138355194995427
,1397,0,-0.476806640625,-0.12174211248285316,0.476806640625,0.12174211248285316,1822,2328,2858,1970,1860,2330,2857,1971,-146,-8,14,0,5000,4900,5000,5000,-39.160000000000004,37.64,-228.28,21.499471921630203,4.19953577392657,60.133161657990115,0.631827565379279,0.08677589903640125,0.7702362436118658
,1398,0,0.273193359375,0.37825788751714673,-0.273193359375,-0.37825788751714673,2311,2654,2369,1644,2311,2655,2384,1665,0,0,-38,-70,5000,5000,5000,4900,-41.59,58.26,-200.57,-7.549680369065612,-14.497787161513017,62.476293374271876,-0.1915263276052033,-0.4465747865198993,0.874007223012928
,1399,0,-0.101806640625,-0.4550754458161866,0.101806640625,0.4550754458161866,2067,2110,2613,2188,2070,2147,2613,2189,-15,-138,0,0,5000,5000,4900,5000,-39.56,21.25,-208.27,2.638869674688749,21.902732527095758,60.39143980504502,0.09654384277212606,0.5934893417485778,0.7990304672874688
,1400,0,0.648193359375,0.04492455418381347,-0.648193359375,-0.04492455418381347,2556,2436,2124,1862,2556,2436,2172,1862,0,0,-209,0,5100,4800,5000,4700,-36.52,42.300000000000004,-179.85,-27.12123341893158,2.808635922382628,57.26218450913618,-0.7141085818454446,0.04467054676611773,0.6986082418539759
,1401,0,-0.570556640625,0.5449245541838132,0.570556640625,-0.5449245541838132,1761,2762,2919,1536,1801,2762,2918,1565,-162,0,13,-107,5000,5000,5000,5000,-33.78,62.2,-230.06,21.644789197567462,-20.439869648974764,54.82420853188184,0.6023718633448801,-0.5475933571765945,0.5807664362086398
,1402,0,0.179443359375,-0.2884087791495198,-0.179443359375,0.2884087791495198,2250,2219,2430,2079,2250,2242,2438,2080,0,-67,-25,-17,5000,4900,5000,5000,-42.61,29.240000000000002,-203.13,-3.043035095881663,14.286303631669135,63.43580657977498,-0.0645638165631743,0.39003734283783636,0.918532734736654
,1403,0,-0.195556640625,0.2115912208504802,0.195556640625,-0.2115912208504802,2006,2545,2674,1753,2018,2545,2673,1764,-36,0,15,-35,5000,5000,5000,5000,-43.36,49.32,-216.29,8.728796610749896,-6.633240742576774,64.30249074641253,0.271823632217728,-0.21643969525346152,0.9376917250816229
,1404,0,0.554443359375,0.71159122085048,-0.554443359375,-0.71159122085048,2494,2871,2186,1427,2495,2872,2218,1473,0,0,-125,-199,5000,4900,4800,4700,-31.68,71.35000000000001,-191.23000000000002,-17.703356531091003,-26.9563900340936,52.552691464680535,-0.4371517411325264,-0.7317562360524045,0.5229064602997541
,1405,0,-0.383056640625,-0.7143347050754458,0.383056640625,0.7143347050754458,1883,1941,2797,2357,1901,1997,2797,2357,-52,-252,0,0,5000,5000,5100,4900,-31.330000000000002,12.07,-217.86,12.865881578668336,30.391542396613197,52.186457506767745,0.3815927057865109,0.7724641396982989,0.5076279737866076
,1406,0,0.366943359375,-0.21433470507544572,-0.366943359375,0.21433470507544572,2372,2267,2308,2031,2373,2274,2332,2032,0,-13,-80,0,5000,5000,5000,5000,-41.75,33.37,-193.20000000000002,-13.224722483287565,10.832922967065308,62.53647130832192,-0.3528042757166509,0.2687061942545457,0.8962846223188741
,1407,0,-0.008056640625,0.28566529492455395,0.008056640625,-0.28566529492455395,2128,2593,2552,1705,2129,2594,2552,1724,0,-1,13,-58,5000,5000,5000,4900,-43.43,54.2,-207.16,-0.7098036976166782,-10.88620299731113,64.33904589252401,0.004121384889101634,-0.35388371283608416,0.9352803494011535
,1408,0,0.741943359375,-0.5476680384087792,-0.741943359375,0.5476680384087792,2617,2050,2063,2248,2618,2084,2111,2248,0,-123,-214,0,5000,5000,5000,5000,-30.42,24.53,-178.87,-26.87091072760998,20.58676239430067,51.112480638322836,-0.6932488946468798,0.5272636429182324,0.49132374350063074
,1409,0,-0.740478515625,-0.04766803840877909,0.740478515625,0.04766803840877909,1650,2376,3030,1922,1709,2377,3030,1923,-284,-2,15,0,4800,5000,4800,4700,-31.98,39.69,-238.64000000000001,31.732171351940195,1.4350311172830104,53.010389980312226,0.8618062704802532,0.017152431346655502,0.5069474787981642
,1410,0,0.009521484375,0.4523319615912209,-0.009521484375,-0.4523319615912209,2139,2702,2541,1596,2140,2703,2542,1626,-2,0,0,-110,5000,5000,5000,5000,-40.550000000000004,62.06,-211.45000000000002,3.054124147579728,-19.02581808194347,61.500452323486556,0.09027371876177949,-0.5571757967411364,0.825473068747127
,1411,0,-0.365478515625,-0.3810013717421125,0.365478515625,0.3810013717421125,1895,2159,2785,2139,1917,2186,2784,2140,-70,-81,14,0,5000,4900,5000,5000,-38.84,25.95,-221.70000000000002,15.724584800462566,16.305702144261325,59.75065080644796,0.4636981778637767,0.4367228168279844,0.7708807826815013
,1412,0,0.384521484375,0.11899862825788765,-0.384521484375,-0.11899862825788765,2384,2485,2296,1813,2385,2485,2322,1817,0,0,-86,-18,5000,5000,4900,5000,-42.410000000000004,44.79,-192.06,-15.135594199849322,-0.4822665736216578,63.21959277714924,-0.41079095257058273,-0.047669355647229926,0.9104825236204868
,1413,0,-0.552978515625,0.6189986282578874,0.552978515625,-0.6189986282578874,1773,2811,2907,1487,1808,2811,2906,1524,-134,0,13,-142,5000,5000,5000,5000,-32.53,65.66,-228.95000000000002,20.30998830148411,-23.820695560098642,53.577403524477525,0.5593568494380423,-0.6305342746559741,0.5380951992638594
,1414,0,0.197021484375,-0.6587791495198903,-0.197021484375,0.6587791495198903,2261,1978,2419,2320,2261,2033,2425,2320,0,-246,-19,0,4900,4800,5000,4700,-34.44,13.56,-204.43,-0.6489035249436199,29.81952132624782,55.232844793086855,0.007014968913812658,0.7856966006713567,0.6185722608593219
,1415,0,-0.177978515625,-0.15877914951989025,0.177978515625,0.15877914951989025,2017,2303,2663,1995,2028,2308,2663,1996,-32,-12,14,0,5000,5000,5000,5000,-43.17,33.32,-214.96,8.481978130758876,9.419418645489571,64.06541015112845,0.2664455665838899,0.23220023962840575,0.9354623502655257
,1416,0,0.572021484375,0.34122085048010975,-0.572021484375,-0.34122085048010975,2506,2629,2174,1669,2506,2630,2212,1687,0,0,-147,-55,5000,4900,5000,5000,-37.72,54.5,-185.31,-22.502434246116252,-9.728321496630656,58.52035495667035,-0.5930473245295449,-0.29810065339692077,0.7479511155902347
,1417,0,-0.646728515625,-0.4921124828532236,0.646728515625,0.4921124828532236,1711,2086,2969,2212,1758,2115,2968,2213,-208,-98,15,0,5000,4800,4900,4900,-31.63,22.5,-231.22,25.490333573175207,19.085216167599718,52.57977549709232,0.7090025293655008,0.48243640663512855,0.5143641967578101
,1418,0,0.103271484375,0.00788751714677638,-0.103271484375,-0.00788751714677638,2200,2412,2480,1886,2200,2414,2486,1887,0,0,-23,-6,5000,5000,5000,5000,-44.92,40.44,-205.47,-1.4750055605468049,2.9606446911663227,65.78579231158828,-0.02781374204458901,0.04492615856050531,0.9986030422697865
,1419,0,-0.271728515625,0.5078875171467763,0.271728515625,-0.5078875171467763,1956,2738,2724,1560,1971,2739,2723,1595,-41,0,14,-132,4900,5000,5000,4900,-38.77,62.99,-218.27,9.804382673004767,-20.41871161835293,59.75701966457616,0.2852911067877377,-0.5836584192093657,0.7602314345473046
,1420,0,0.478271484375,-0.3254458161865569,-0.478271484375,0.3254458161865569,2445,2195,2235,2103,2446,2217,2262,2103,0,-55,-95,0,5000,5000,5000,4900,-39.28,31.02,-188.22,-18.022878722811413,13.506344189530239,60.03560832359194,-0.4864148156090552,0.35140664705248364,0.7999462454211155
,1421,0,-0.459228515625,0.17455418381344312,0.459228515625,-0.17455418381344312,1834,2521,2846,1777,1868,2521,2846,1782,-128,0,0,-22,5000,4900,5000,4900,-39.65,45.14,-227.76,20.472410950886484,-3.246891239914035,60.63949207374639,0.6026512491230764,-0.1132496860176548,0.7899278324931325
,1422,0,0.290771484375,0.674554183813443,-0.290771484375,-0.674554183813443,2323,2847,2357,1451,2323,2847,2370,1498,0,0,-31,-207,5000,4800,5000,4900,-35.21,71.26,-203.64000000000001,-5.332748891864242,-27.693409863453454,56.144622478416004,-0.12087209553546244,-0.7653645728143205,0.6321447675980711
,1423,0,-0.084228515625,-0.6032235939643347,0.084228515625,0.6032235939643347,2078,2014,2602,2284,2079,2065,2602,2284,-1,-218,0,0,4800,4800,5000,5000,-35.93,15.27,-206.95000000000002,1.7427875202712073,27.947736593627294,56.73977407442952,0.07560397229402377,0.7406118647093846,0.6676661630074219
,1424,0,0.665771484375,-0.10322359396433467,-0.665771484375,0.10322359396433467,2567,2340,2113,1958,2568,2341,2162,1959,0,0,-215,0,5000,5000,5100,4900,-35.980000000000004,41.9,-179.16,-27.78006447575342,3.2527123216609866,56.717723500274225,-0.7285859082437326,0.054555027816360215,0.6827783851650627
,1425,0,-0.693603515625,0.39677640603566533,0.693603515625,-0.39677640603566533,1681,2666,2999,1632,1734,2667,2998,1649,-244,0,14,-49,5100,5000,5100,4800,-32.72,54.120000000000005,-235.64000000000001,27.76214281215647,-12.757630546979357,53.771788875163345,0.7702157095427596,-0.33817792471004626,0.5407434253066323
,1426,0,0.056396484375,-0.4365569272976681,-0.056396484375,0.4365569272976681,2170,2122,2510,2176,2171,2158,2511,2177,0,-128,0,0,5000,5000,5000,4900,-39.86,21.78,-208.68,3.0107325749910387,21.347149218921466,60.69482927595144,0.10440453787876698,0.5793611286615826,0.808356589053555
,1427,0,-0.318603515625,0.06344307270233185,0.318603515625,-0.06344307270233185,1925,2448,2755,1850,1949,2448,2754,1853,-75,0,15,-18,5000,5000,5000,4900,-42.13,40.42,-222.22,15.251480350227581,1.8430390543903812,63.07975707210735,0.4636804291076283,0.021714300529283023,0.8857363878802142
,1428,0,0.431396484375,0.5634430727023316,-0.431396484375,-0.5634430727023316,2414,2774,2266,1524,2415,2774,2289,1557,0,0,-74,-123,5000,5000,4900,4900,-36.730000000000004,66.17,-195.02,-13.59703388019031,-22.029358632672597,57.60852728639305,-0.34415962037286607,-0.6260870554234779,0.6996921857045162
,1429,0,-0.506103515625,-0.2698902606310013,0.506103515625,0.2698902606310013,1803,2231,2877,2067,1838,2249,2876,2068,-137,-47,15,0,5000,5000,5000,5000,-37.83,32.3,-228.77,22.354965401630267,9.490511042428672,58.79215024350607,0.6455079379213208,0.24063554771428017,0.7248544924719807
,1430,0,0.243896484375,0.2301097393689986,-0.243896484375,-0.2301097393689986,2292,2557,2388,1741,2292,2557,2403,1751,-9,0,-43,-31,5000,5000,5000,4900,-43.46,51.47,-200.42000000000002,-7.25037820840447,-7.7078117550830285,64.32836038080794,-0.1889190692131295,-0.25273187010802467,0.9489131610001753
,1431,0,-0.131103515625,0.7301097393689986,0.131103515625,-0.7301097393689986,2048,2883,2632,1415,2051,2884,2631,1470,-13,0,13,-253,5000,5000,4800,4700,-33.7,73.54,-210.66,1.5246882181016304,-30.445940385172904,54.67559830915751,0.04805798980033489,-0.8196630412579724,0.57082653092869
,1432,0,0.618896484375,-0.6958161865569273,-0.618896484375,0.6958161865569273,2536,1953,2144,2345,2536,2007,2177,2345,0,-244,-118,0,5000,5000,4900,4700,-30.01,17.23,-184.9,-20.360339575798065,27.462291254898375,50.714276966462876,-0.5246758674176599,0.7084478219280647,0.47203486921509
,1433,0,-0.599853515625,-0.19581618655692723,0.599853515625,0.19581618655692723,1742,2279,2938,2019,1786,2284,2937,2020,-187,-11,14,0,4800,5000,4900,4900,-35.9,35.26,-232.88,26.265226252145055,6.254575181581728,56.89026192254295,0.7439446163417324,0.1469887067032115,0.6518747793233537
,1434,0,0.150146484375,0.30418381344307255,-0.150146484375,-0.30418381344307255,2231,2605,2449,1693,2232,2606,2455,1712,-1,0,-21,-58,5000,5000,5000,4900,-43.160000000000004,54.93,-206.07,-1.845243434756128,-11.541802567416397,64.06542972523397,-0.03957304758090552,-0.3624962807688065,0.9311446828146213
,1435,0,-0.224853515625,-0.5291495198902607,0.224853515625,0.5291495198902607,1986,2062,2694,2236,1995,2102,2694,2237,-27,-154,0,0,5000,5000,5000,5000,-37.31,18.330000000000002,-213.25,7.815298034354072,24.473800938024098,58.15906513586894,0.24098205756765662,0.6525415541064548,0.718412950951465
,1436,0,0.525146484375,-0.0291495198902606,-0.525146484375,0.0291495198902606,2475,2388,2205,1910,2476,2389,2242,1910,0,-2,-147,0,5000,5000,4900,5000,-39.61,41.410000000000004,-185.07,-21.86808020601248,3.3534125691181984,60.37605665274922,-0.5868946973178718,0.05421337699229504,0.8078462254756495
,1437,0,-0.412353515625,0.4708504801097393,0.412353515625,-0.4708504801097393,1864,2714,2816,1584,1891,2715,2815,1610,-90,0,13,-91,5000,5000,4800,4900,-37.71,60.44,-224.16,15.858021587579657,-18.27476643029466,58.72012288931544,0.4575857270752464,-0.5142934185821484,0.7253396321586913
,1438,0,0.337646484375,-0.36248285322359386,-0.337646484375,0.36248285322359386,2353,2171,2327,2127,2353,2196,2345,2128,0,-74,-55,0,5000,5000,4900,5000,-40.58,27.22,-195.46,-10.549418317113293,16.813143149081228,61.36228469919196,-0.2739997705066761,0.4554700690944994,0.8470366827483566
,1439,0,-0.037353515625,0.13751714677640603,0.037353515625,-0.13751714677640603,2109,2497,2571,1801,2113,2497,2570,1810,-15,-1,10,-28,5000,5000,5000,5000,-44.660000000000004,46.93,-208.61,1.221304553206437,-3.727052318010145,65.55793164380148,0.05782434330722415,-0.14441256163286334,0.9878265826367107
,1440,0,0.712646484375,0.637517146776406,-0.712646484375,-0.637517146776406,2598,2823,2082,1475,2599,2824,2127,1513,0,0,-187,-146,5000,5000,5000,4900,-30.29,67.08,-183.18,-25.44019682794513,-22.157226152743263,51.11157097668628,-0.6337916243706743,-0.6086313446558662,0.47736365925777585
,1441,0,-0.717041015625,-0.6402606310013718,0.717041015625,0.6402606310013718,1666,1990,3014,2308,1716,2037,3014,2308,-223,-190,14,0,4700,4800,4900,4800,-27.46,17.81,-232.41,27.01410266049922,23.672349536693098,48.403959981212125,0.7259544036096647,0.5776332466849428,0.3732693882492219
,1442,0,0.032958984375,-0.14026063100137165,-0.032958984375,0.14026063100137165,2154,2316,2526,1982,2155,2322,2528,1983,0,-14,-15,0,5000,5000,5000,5000,-44.050000000000004,33.86,-209.52,3.0137556573221502,9.250027835984355,64.9194884465188,0.10127207090926388,0.2266311355133315,0.9687013451367181
,1443,0,-0.342041015625,0.35973936899862835,0.342041015625,-0.35973936899862835,1910,2642,2770,1656,1933,2643,2769,1678,-64,-1,13,-72,5000,5000,5000,5000,-40.34,55.06,-222.3,14.352460084568776,-12.774084142677381,61.32716698778116,0.4261068064049086,-0.3827246574834074,0.8197285075496755
,1444,0,0.407958984375,-0.47359396433470513,-0.407958984375,0.47359396433470513,2399,2098,2281,2200,2400,2130,2306,2202,0,-110,-82,-16,5000,4900,5000,4900,-37.88,22.76,-193.26,-12.430505081239858,21.403617412679488,58.64003220886893,-0.32608550896787364,0.5736135089971149,0.7514225064084646
,1445,0,-0.529541015625,0.02640603566529498,0.529541015625,-0.02640603566529498,1788,2424,2892,1874,1830,2425,2891,1874,-177,0,15,0,4800,5000,5000,4900,-37.99,39.24,-230.74,23.851571553016527,2.4339431950199426,58.97955419904132,0.6871177278072518,0.03774126215964893,0.7255651764408189
,1446,0,0.220458984375,0.5264060356652946,-0.220458984375,-0.5264060356652946,2277,2750,2403,1548,2277,2751,2413,1585,0,0,-27,-135,5000,4900,4900,5000,-39.11,65.09,-205.3,-3.2792175864830995,-21.63828062627462,60.037297535350724,-0.07203127104412699,-0.626724015386529,0.7759049584385665
,1447,0,-0.154541015625,-0.30692729766803833,0.154541015625,0.30692729766803833,2032,2207,2648,2091,2037,2233,2648,2091,-18,-80,0,0,5000,4900,5000,5000,-42.06,28.09,-212.77,6.65512391422817,14.782007252320717,62.93123771916371,0.21131777111115468,0.40137770378089,0.8912018506041117
,1448,0,0.595458984375,0.1930727023319616,-0.595458984375,-0.1930727023319616,2521,2533,2159,1765,2521,2533,2202,1771,0,0,-177,-23,5000,4800,5000,5000,-38.04,47.53,-182.94,-24.398420299895093,-2.6134748837291397,58.81086237268587,-0.6478746902082925,-0.10083789386536451,0.7550431146287646
,1449,0,-0.623291015625,0.6930727023319614,0.623291015625,-0.6930727023319614,1727,2859,2953,1439,1767,2860,2952,1481,-161,0,11,-178,4900,4900,5100,5000,-29.93,67.84,-230.95000000000002,22.17092818728389,-26.138031397319665,50.99297760002726,0.592283996143606,-0.6768207430937307,0.43716512856152145
,1450,0,0.126708984375,-0.5847050754458162,-0.126708984375,0.5847050754458162,2216,2026,2464,2272,2216,2073,2465,2272,0,-191,-15,0,4900,5000,4900,5000,-36.36,15.9,-206.95000000000002,1.698215755977742,27.320402483027074,57.17135867969853,0.0709442950464522,0.7267279450069581,0.683252077162101
,1451,0,-0.248291015625,-0.08470507544581607,0.248291015625,0.08470507544581607,1971,2352,2709,1946,1987,2354,2708,1947,-46,-9,14,0,5000,5000,5000,5000,-42.9,37.46,-219.12,12.354511946332934,5.007546910246781,63.8267270159868,0.381188205877589,0.1082770000387683,0.9181348718801771
,1452,0,0.501708984375,0.4152949245541837,-0.501708984375,-0.4152949245541837,2460,2678,2220,1620,2461,2679,2250,1641,0,0,-112,-65,5000,4900,5000,4900,-38.21,59.01,-189.54,-18.58868949687522,-14.511897698064288,59.042945391777984,-0.4849563043941918,-0.4345847723807392,0.7589159758781653
,1454,0,0.314208984375,0.08196159122085045,-0.314208984375,-0.08196159122085045,2338,2460,2342,1838,2338,2460,2362,1841,0,-3,-60,-17,5000,5000,5000,4900,-43.32,43.31,-195.19,-11.91732799817288,0.7858785241570203,64.14153131421497,-0.3173163137162559,-0.015703669703541267,0.9481897235297208
,1455,0,-0.060791015625,0.5819615912208502,0.060791015625,-0.5819615912208502,2093,2786,2587,1512,2094,2786,2586,1553,0,-2,14,-172,4900,5000,5000,5000,-37.75,68.02,-208.71,-0.06808473036056739,-24.795449092280208,58.70181520391009,0.014595904206126456,-0.694302153748282,0.7195355994534963
,1456,0,0.689208984375,-0.2513717421124828,-0.689208984375,0.2513717421124828,2582,2243,2098,2055,2583,2258,2144,2055,0,-35,-195,-4,5100,5000,5000,4800,-35.14,38.01,-178.77,-27.9027281923658,7.157740462698385,55.865955438926036,-0.735513119169228,0.16972796944729746,0.6559061426128354
,1457,0,-0.670166015625,0.2486282578875172,0.670166015625,-0.2486282578875172,1696,2569,2984,1729,1749,2570,2983,1735,-246,0,15,-25,4800,5000,4900,4900,-34.32,47.22,-235.8,28.37945946200429,-5.879583523422198,55.35513637194262,0.7887681014293068,-0.16542375460845193,0.5920133981413339
,1458,0,0.079833984375,0.7486282578875172,-0.079833984375,-0.7486282578875172,2185,2895,2495,1403,2185,2896,2495,1456,0,0,0,-241,5100,5000,4700,5000,-32.82,74.66,-211.73000000000002,2.52094518547662,-31.63806002596222,53.803805434099935,0.07635788444385032,-0.8399821896045728,0.5372144773089863
,1459,0,-0.295166015625,-0.7486282578875172,0.295166015625,0.7486282578875172,1941,1919,2739,2379,1953,1979,2739,2380,-30,-287,0,0,5100,5000,4700,4600,-30.900000000000002,10.39,-213.71,8.840776950487964,32.346349227588036,51.731415766072175,0.2712888136185107,0.8262977947378316,0.4935932880589623
,1460,0,0.454833984375,-0.2486282578875172,-0.454833984375,0.2486282578875172,2430,2245,2250,2053,2431,2253,2280,2053,0,-16,-112,0,5000,5000,5000,4900,-40.19,32.83,-189.11,-17.261399295914458,11.643053478867145,60.95462780650255,-0.463812930159052,0.2895742580315778,0.8372719479970262
,1461,0,-0.482666015625,0.2513717421124828,0.482666015625,-0.2513717421124828,1818,2571,2862,1727,1853,2572,2861,1737,-139,0,15,-30,5000,5000,5000,4900,-38.87,48.33,-228.56,21.05917887823992,-6.4857959170349915,59.871572877506736,0.6142971607047211,-0.20222001820055463,0.7627227953779054
,1462,0,0.267333984375,-0.5819615912208504,-0.267333984375,0.5819615912208504,2307,2028,2373,2270,2307,2072,2385,2270,0,-173,-33,0,5000,5000,4900,5000,-36.31,16.84,-201.06,-4.241463856162653,26.779612706882364,57.094206083234205,-0.0938044097025426,0.7184344600343952,0.6892406396574747
,1463,0,-0.107666015625,-0.08196159122085056,0.107666015625,0.08196159122085056,2063,2354,2617,1944,2071,2357,2616,1945,-24,-9,15,0,5000,5000,5000,5000,-44.24,36.65,-212.22,5.518468238030721,6.2848514740879295,65.1300686708772,0.18352043078921101,0.13913579148911284,0.9731194597836594
,1464,0,0.642333984375,0.41803840877914933,-0.642333984375,-0.41803840877914933,2552,2680,2128,1618,2552,2681,2170,1639,0,0,-171,-64,5000,4800,5100,5000,-35.28,57.79,-183.05,-24.9673865453164,-12.865382959271614,56.07737408439961,-0.6485261631689913,-0.3792183225437322,0.6600055147742512
,1465,0,-0.576416015625,-0.4152949245541838,0.576416015625,0.4152949245541838,1757,2136,2923,2162,1797,2160,2922,2163,-156,-70,14,0,5000,4900,5000,4900,-34.49,25.36,-229.71,23.77706185536016,16.341744935184536,55.439384844161495,0.6732428979717466,0.4156464403996255,0.6115407074870203
,1466,0,0.173583984375,0.08470507544581629,-0.173583984375,-0.08470507544581629,2246,2462,2434,1836,2246,2462,2443,1841,0,0,-30,-18,5000,5000,5000,5000,-44.62,43.86,-202.15,-5.016639307696039,-0.228519190991193,65.47779209438747,-0.12628496634392458,-0.04599554577970757,0.9909270997626114
,1467,0,-0.201416015625,0.5847050754458163,0.201416015625,-0.5847050754458163,2002,2788,2678,1510,2009,2788,2677,1549,-21,0,12,-157,5000,5000,5000,4800,-37.46,67.24,-214.43,5.692834529258732,-24.40380181429883,58.43852507155187,0.16739837207259453,-0.6827854299615004,0.7111834092973026
,1468,0,0.548583984375,-0.6930727023319616,-0.548583984375,0.6930727023319616,2491,1955,2189,2343,2492,2008,2218,2343,0,-228,-107,0,4800,5000,4900,4800,-31.03,16.13,-188.13,-17.068465195478268,28.34487361727743,51.74767497198225,-0.44179596402034504,0.7392719078621957,0.5082257101142396
,1469,0,-0.388916015625,-0.1930727023319616,0.388916015625,0.1930727023319616,1879,2281,2801,2017,1908,2286,2800,2018,-102,-12,16,0,5000,5000,5000,4900,-40.49,33.57,-223.77,17.267896398348626,8.568200293010364,61.430250286597406,0.5225854375617588,0.20656778549720825,0.8271845081015268
,1470,0,0.361083984375,0.3069272976680386,-0.361083984375,-0.3069272976680386,2368,2607,2312,1691,2369,2608,2332,1709,0,0,-62,-55,5000,4900,5000,5000,-41.65,54.13,-194.91,-12.91844041166118,-9.99533599475221,62.49748525864941,-0.33687627362377504,-0.3233517873781957,0.8842838898615561
,1471,0,-0.013916015625,-0.526406035665295,0.013916015625,0.526406035665295,2124,2064,2556,2234,2125,2104,2557,2235,0,-156,0,0,5000,5000,5000,5000,-37.75,18.07,-205.31,-0.09111485140061859,25.269922753189437,58.558596530618125,0.02429860766740868,0.6774328324833763,0.7351831983519312
,1472,0,0.736083984375,-0.02640603566529498,-0.736083984375,0.02640603566529498,2613,2390,2067,1908,2614,2391,2122,1908,0,0,-253,0,5000,4800,5100,4800,-33.86,42.29,-176.38,-30.569764042796777,3.04501945035026,54.58480531224055,-0.7907236191939704,0.05269809956111205,0.6099008676427959
,1473,0,-0.728759765625,0.4735939643347049,0.728759765625,-0.4735939643347049,1658,2716,3022,1582,1713,2717,3022,1605,-259,0,13,-76,5000,4900,5100,5000,-31.19,57.02,-236.54,28.471866245574716,-15.716084171101784,52.2536502774148,0.7717151182944201,-0.41248500849682657,0.4840577382515463
,1474,0,0.021240234375,-0.3597393689986283,-0.021240234375,0.3597393689986283,2147,2172,2533,2126,2148,2201,2534,2127,0,-93,0,0,5000,5000,4900,4900,-41.37,25.17,-208.59,2.684983605586268,17.975266074084296,62.212917437585915,0.09783784993509466,0.49137168901727696,0.865437241140215
,1475,0,-0.353759765625,0.14026063100137176,0.353759765625,-0.14026063100137176,1902,2498,2778,1800,1929,2498,2777,1807,-86,0,13,-22,5000,5000,5000,5000,-41.61,43.78,-223.54,16.34433505946754,-1.5998024609463357,62.57487007012965,0.4955046659989232,-0.07053404291553221,0.8657367237002748
,1476,0,0.396240234375,0.6402606310013716,-0.396240234375,-0.6402606310013716,2391,2824,2289,1474,2392,2825,2310,1516,0,0,-63,-170,5000,5000,5000,5000,-35.27,69.68,-197.94,-10.913417900008142,-25.732445592795116,56.17205513675648,-0.2678975842633748,-0.7125662952308945,0.6484444149244912
,1477,0,-0.541259765625,-0.637517146776406,0.541259765625,0.637517146776406,1780,1991,2900,2307,1813,2041,2899,2307,-121,-213,1,0,5100,4800,5000,4800,-31.25,16.56,-225.75,20.435351078184993,25.37946852183861,52.15735476310678,0.5858433152327338,0.6366745441216405,0.501431086855035
,1478,0,0.208740234375,-0.13751714677640603,-0.208740234375,0.13751714677640603,2269,2317,2411,1981,2269,2322,2425,1982,0,-11,-40,0,5000,5000,5000,5000,-43.9,35.410000000000004,-200.91,-5.680359622529863,8.283774549143807,64.7302423466547,-0.1427506621797742,0.19361827445698546,0.9706359833859112
,1479,0,-0.166259765625,0.36248285322359397,0.166259765625,-0.36248285322359397,2025,2643,2655,1655,2032,2644,2654,1678,-25,0,14,-79,4900,5000,5000,5000,-41.97,56.980000000000004,-214.23000000000002,6.163551790419945,-14.14082218562514,62.9215345965778,0.19296227587468232,-0.43716047280456183,0.8784396855257363
,1480,0,0.583740234375,-0.4708504801097394,-0.583740234375,0.4708504801097394,2514,2100,2166,2198,2514,2131,2203,2199,0,-105,-142,0,5100,5000,5000,5000,-35.39,25.55,-184.67000000000002,-21.177000067221883,19.192154763103936,56.11405548496133,-0.5609692198302614,0.5003041712116194,0.6595523259539623
,1481,0,-0.635009765625,0.02914951989026071,0.635009765625,-0.02914951989026071,1719,2426,2961,1872,1767,2427,2960,1872,-215,0,14,0,5100,5000,5000,4900,-35.12,39.78,-235.19,28.268827523451876,1.5868724708786175,56.13327225939517,0.7859814785822771,0.019602207236133946,0.6179392112474245
,1482,0,0.114990234375,0.5291495198902605,-0.114990234375,-0.5291495198902605,2208,2752,2472,1546,2208,2752,2474,1584,0,0,-14,-143,5000,4900,5000,5000,-39.03,65.46000000000001,-210.58,1.964125419859414,-22.363737690322836,59.98470318145658,0.06580025244030108,-0.6379497611748998,0.7672616431150987
,1483,0,-0.260009765625,-0.30418381344307277,0.260009765625,0.30418381344307277,1963,2209,2717,2089,1977,2233,2717,2089,-38,-68,3,0,5000,4900,5000,4800,-41.22,29.03,-217.85,11.664149455758775,13.499165369273861,62.11909251823301,0.35355571493431165,0.3675746109831646,0.8601669964593289
,1484,0,0.489990234375,0.19581618655692745,-0.489990234375,-0.19581618655692745,2452,2535,2228,1763,2453,2535,2259,1770,0,0,-119,-27,5000,5000,5000,5000,-40.29,48.17,-187.59,-19.813104202696536,-3.5591702968617724,61.085755001877786,-0.5345593611812541,-0.12948994887218934,0.8351518679345491
,1485,0,-0.447509765625,0.6958161865569272,0.447509765625,-0.6958161865569272,1841,2861,2839,1437,1869,2862,2838,1482,-94,0,13,-193,4900,4900,5000,4900,-32.6,69.91,-223.92000000000002,15.004496838271194,-27.72159008471695,53.632921463721445,0.4107390482543505,-0.7366264231196915,0.5372847913360291
,1486,0,0.302490234375,-0.7301097393689986,-0.302490234375,0.7301097393689986,2330,1931,2350,2367,2330,1991,2360,2367,0,-280,-29,0,5000,5000,4900,4900,-32.03,11.76,-199.53,-5.404630933818112,31.938973359252568,52.79377122054501,-0.1270128247376679,0.8332411281599963,0.5381235589479572
,1487,0,-0.072509765625,-0.2301097393689987,0.072509765625,0.2301097393689987,2086,2257,2594,2041,2090,2265,2593,2042,-16,-17,14,0,5000,5000,5000,5000,-42.96,29.63,-208.55,2.3365608939068636,13.532679968377835,63.81395782039012,0.09140834268059418,0.35277101053516036,0.9312341966521573
,1488,0,0.677490234375,0.2698902606310014,-0.677490234375,-0.2698902606310014,2575,2583,2105,1715,2576,2584,2150,1727,0,0,-191,-34,5000,5000,5100,4800,-35.28,50.21,-179.69,-27.80841508445843,-5.076078660882679,56.041382600959786,-0.7242194378506992,-0.1680666801166241,0.6687748476683258
,1489,0,-0.681884765625,-0.563443072702332,0.681884765625,0.563443072702332,1688,2040,2992,2258,1739,2074,2991,2258,-229,-115,14,0,5000,5000,5100,5000,-29.810000000000002,19.91,-231.73000000000002,26.182657904062523,21.62971378993125,50.75581857029537,0.7094190809398773,0.5447129339944317,0.4472274445263826
,1490,0,0.068115234375,-0.06344307270233207,-0.068115234375,0.06344307270233207,2177,2366,2503,1932,2177,2369,2507,1933,0,-9,-16,0,5000,5000,5000,5000,-44.730000000000004,37.49,-207.32,0.5706585400752147,5.778613611056578,65.59761804671983,0.030501408375123343,0.12501957019550278,0.9916853186143603
,1491,0,-0.306884765625,0.43655692729766793,0.306884765625,-0.43655692729766793,1933,2692,2747,1606,1951,2694,2746,1634,-53,0,13,-93,5000,4900,5000,5000,-39.69,59.25,-220.36,12.137420933914854,-16.82555670520088,60.67803554023794,0.3542834857148718,-0.49139027140911795,0.7956247940544554
,1492,0,0.443115234375,-0.39677640603566533,-0.443115234375,0.39677640603566533,2422,2148,2258,2150,2423,2175,2283,2151,0,-81,-84,0,4900,4900,5000,4900,-38.76,26.94,-190.41,-15.560178708606344,17.42786385213902,59.516289369762085,-0.41553884554150117,0.4600515229508545,0.7846528302865131
,1493,0,-0.494384765625,0.10322359396433489,0.494384765625,-0.10322359396433489,1811,2474,2869,1824,1849,2474,2868,1826,-151,0,13,-16,5000,5000,5000,5000,-38.89,41.230000000000004,-229.22,22.196474866302907,0.5535598033292288,59.87694667610098,0.6499216799069675,-0.01226583814643614,0.7599022037087868
,1494,0,0.255615234375,0.6032235939643349,-0.255615234375,-0.6032235939643349,2300,2800,2380,1498,2300,2800,2391,1536,0,0,-30,-153,5000,5000,5000,4800,-37.12,68.59,-204.44,-4.363713551417533,-25.077989983571754,58.05185853115958,-0.09573202668938678,-0.7056861771448971,0.7020273487924553
,1495,0,-0.119384765625,-0.6745541838134431,0.119384765625,0.6745541838134431,2055,1967,2625,2331,2057,2025,2625,2331,-13,-267,0,0,4900,4900,5100,4900,-33.85,12.620000000000001,-207.37,2.3506211157350094,30.557423616427776,54.65521849511476,0.08995186221434966,0.7987569276792919,0.5948916144715013
,1496,0,0.630615234375,-0.17455418381344312,-0.630615234375,0.17455418381344312,2544,2293,2136,2005,2544,2296,2180,2006,0,-8,-182,0,5000,5000,5000,4800,-36.68,38.87,-180.68,-26.0625488436595,6.1752972514173905,57.417678771612245,-0.688939993211997,0.13196720061826442,0.7127035454619484
