DATE: 2026-5-12
TIME: 20-39-02
NUM_CABLES: 4
num_coils: 1
NUM_MEASUREMENTS: 771
---
,0,0,0.0,0.0,-0.0,-0.0,2195,2471,2715,1897,2200,2479,2714,1898,-21,-27,14,-13,5000,5000,5000,4900,-50.27,62.440000000000005,-237.88,-0.5568987179641454,-1.77868569458591,69.81753212097996,0.008341871808497592,-0.043591529669060644,0.9990146103615513
,1,0,0.0,0.0,-0.0,-0.0,2195,2471,2715,1897,2200,2479,2714,1898,-19,-26,14,-13,5000,5000,5000,5000,-50.27,62.440000000000005,-237.97,-0.46703203453023434,-1.773799618141929,69.81785687562027,0.010818624439990864,-0.04334135792295847,0.9990017437715613
,2,0,0.0,-0.33333333333333337,-0.0,0.33333333333333337,2195,2254,2715,2114,2196,2288,2714,2115,-14,-127,15,0,5000,4900,5000,4900,-46.34,42.93,-238.24,-1.2425223928653395,17.723556696713885,65.89234908226646,0.012380341835218847,0.4667875451204086,0.8842828251507012
,3,0,-0.5,0.33333333333333326,0.5,-0.33333333333333326,1869,2688,3041,1680,1911,2689,3041,1707,-175,0,11,-94,5000,5000,4900,4900,-41.76,79.69,-259.78000000000003,22.277755477727368,-17.81111117947526,61.38352353462791,0.6216251057597364,-0.40734865571211204,0.6690659911987245
,4,0,0.5,-0.7777777777777778,-0.5,0.7777777777777778,2521,1964,2389,2404,2520,2031,2426,2405,11,-343,-142,0,4900,4800,4700,5000,-30.84,26.61,-223.74,-16.551371570196466,33.238092884353975,50.34304994217226,-0.40138730763915764,0.8272391141376725,0.39314587280919894
,5,0,-0.75,-0.11111111111111116,0.75,0.11111111111111116,1706,2399,3204,1969,1772,2401,3202,1970,-349,-16,16,-9,5100,4900,5000,5000,-35.54,60.76,-272.73,34.203199683803774,1.7963523456644097,55.213681186716954,0.891324750719396,0.05212972524475704,0.45035839117408905
,6,0,0.25,0.5555555555555554,-0.25,-0.5555555555555554,2358,2833,2552,1535,2357,2834,2572,1581,4,0,-58,-201,5000,4900,4800,4900,-40.800000000000004,88.84,-229.53,-7.427225499215865,-28.58952127330963,60.31273830472821,-0.17946183777316818,-0.733251852819597,0.655846909819437
,7,0,-0.25,-0.5555555555555556,0.25,0.5555555555555556,2032,2109,2878,2259,2047,2155,2875,2259,-46,-206,15,0,4900,5000,5000,4700,-41.19,35.0,-248.14000000000001,8.230792977845596,26.18125896022312,60.77952517478808,0.2882118501572832,0.6834307820730985,0.6707132737197534
,8,0,0.75,0.11111111111111116,-0.75,-0.11111111111111116,2684,2543,2226,1825,2683,2543,2294,1832,11,0,-365,-18,4800,4700,4800,4800,-35.24,61.29,-202.78,-35.613331624894215,-2.5303207868244186,54.66118175124959,-0.8494471830918845,-0.06160028147115525,0.5240657291408554
,9,0,-0.875,0.7777777777777777,0.875,-0.7777777777777777,1625,2978,3285,1390,1695,2979,3283,1447,-379,0,12,-270,4900,4800,4600,4700,-21.93,96.52,-267.03000000000003,30.501985206491696,-34.21525987484803,41.57680116699201,0.6960480454023645,-0.7150441203784417,0.0650309495837796
,10,0,0.125,-0.9259259259259259,-0.125,0.9259259259259259,2276,1867,2634,2501,2275,1953,2638,2502,10,-499,-18,0,5100,5100,5000,5000,-27.900000000000002,19.61,-240.42000000000002,-0.26555028941825753,41.134423232060335,47.46450999100888,0.06367968651567331,0.9689344247229611,0.23897903278750188
,11,0,-0.375,-0.2592592592592593,0.375,0.2592592592592593,1951,2302,2959,2066,1980,2307,2957,2066,-105,-18,14,0,5000,5000,5000,4900,-44.58,48.86,-257.52,18.337186586891363,12.849668045942451,64.20086875784239,0.5389360577352524,0.36795621830331937,0.7577309199740402
,12,0,0.625,0.40740740740740744,-0.625,-0.40740740740740744,2602,2737,2308,1631,2602,2738,2356,1659,12,0,-215,-91,4900,5000,4900,5000,-37.46,77.32000000000001,-209.11,-28.430404954993236,-18.19385666263075,56.90113896560734,-0.6805582366504496,-0.44344497447598036,0.5832641263949185
,13,0,-0.625,-0.7037037037037037,0.625,0.7037037037037037,1788,2012,3122,2356,1833,2064,3120,2356,-199,-238,16,0,4900,4800,4900,4900,-31.11,34.05,-263.62,23.672507249150186,27.974039345722904,50.755618807869276,0.6407463598826117,0.6796548980949174,0.35709007518099783
,14,0,0.375,-0.03703703703703709,-0.375,0.03703703703703709,2439,2447,2471,1921,2440,2447,2503,1923,0,0,-118,-11,4900,4900,4900,4800,-47.29,56.74,-219.08,-19.62779939389776,2.89337702418473,66.77073423458393,-0.5001878591495957,0.06682648297681777,0.8633344234607427
,15,0,-0.125,0.6296296296296293,0.125,-0.6296296296296293,2114,2881,2796,1487,2120,2882,2795,1538,-15,0,14,-238,4800,4900,5000,5000,-39.4,95.21000000000001,-241.3,4.676202326809317,-34.31061179569981,58.95407790020585,0.050366903177874324,-0.8153190251542045,0.5768171827241871
,16,0,0.875,-0.4814814814814815,-0.875,0.4814814814814815,2765,2157,2145,2211,2764,2190,2218,2212,12,-118,-391,0,5000,4900,4700,4600,-27.95,44.14,-202.58,-36.71792599813418,14.586258766818105,47.37357750469277,-0.8623156206360503,0.38567796325942155,0.3281223537998096
,17,0,-0.9375,0.18518518518518512,0.9375,-0.18518518518518512,1584,2592,3326,1776,1663,2592,3324,1782,-451,13,15,-17,4900,5000,4800,4800,-28.78,70.86,-277.79,39.82833177528792,-8.011513092347812,48.4701758294713,0.956693687656746,-0.1687408580267947,0.23719972771931597
,18,0,0.0625,0.8518518518518516,-0.0625,-0.8518518518518516,2236,3026,2674,1342,2235,3026,2675,1413,12,0,-11,-383,5000,5000,5100,4800,-29.84,100.98,-245.41,9.127724129312327,-39.84538958306074,49.40793792184936,0.11634652472642745,-0.9593602514782064,0.25708246550038255
,19,0,-0.4375,-0.8518518518518519,0.4375,0.8518518518518519,1910,1916,3000,2452,1932,1988,2998,2453,-63,-384,14,0,5000,4900,5100,4900,-29.38,25.55,-255.38,14.989458354401876,36.01480383671565,48.99741850875647,0.4315365806753932,0.8510908698628895,0.29903262493416954
,20,0,0.5625,-0.18518518518518523,-0.5625,0.18518518518518523,2562,2350,2348,2018,2563,2353,2396,2019,2,-12,-208,-2,5000,5000,4800,5000,-43.43,50.83,-211.02,-27.98284809078868,8.358531494877369,62.88273373509196,-0.7011977419575108,0.21455084576743436,0.6799188637287292
,21,0,-0.6875,0.4814814814814814,0.6875,-0.4814814814814814,1747,2785,3163,1583,1795,2785,3162,1613,-217,0,13,-108,4900,5000,4800,4900,-34.94,85.17,-265.26,28.071657826590837,-22.982966235878493,54.58236107168156,0.7116859512264314,-0.5288208504533537,0.46244093131201247
,22,0,0.3125,-0.6296296296296297,-0.3125,0.6296296296296297,2399,2061,2511,2307,2399,2107,2532,2307,12,-205,-66,0,4900,5000,4800,4900,-39.63,30.61,-229.75,-10.364696715416926,29.566980534952318,59.153962968602,-0.20797183595496413,0.7580257785628612,0.6181784810907679
,23,0,-0.1875,0.03703703703703698,0.1875,-0.03703703703703698,2073,2495,2837,1873,2087,2496,2836,1880,-37,-3,14,-22,5000,5000,5000,5000,-49.4,63.65,-247.24,8.85805435979782,-2.4784232470867664,68.9810956911414,0.27061157710686956,-0.05654753483381574,0.9610264047568885
,24,0,0.8125,0.7037037037037035,-0.8125,-0.7037037037037035,2725,2930,2185,1438,2724,2931,2246,1489,9,0,-301,-235,4800,4900,4700,4600,-27.34,90.11,-201.89000000000001,-34.908966839538806,-31.35317397173523,46.752863059503056,-0.7340948041137644,-0.6480681242418364,0.20276223739848911
,25,0,-0.8125,-0.40740740740740744,0.8125,0.40740740740740744,1665,2205,3245,2163,1729,2232,3243,2164,-330,-84,15,0,4800,4900,4800,4900,-32.39,50.38,-273.55,34.469766221638025,12.206741140089512,52.068518642457114,0.873848269261522,0.29831967547485677,0.3839200092899809
,26,0,0.1875,0.2592592592592593,-0.1875,-0.2592592592592593,2317,2640,2593,1728,2317,2641,2606,1747,4,0,-38,-58,5000,5000,5000,4900,-47.38,75.0,-231.05,-6.6845050627017315,-14.689877845403174,66.90065747015831,-0.15233001094468426,-0.38530913675388495,0.9101277036216223
,27,0,-0.3125,0.9259259259259258,0.3125,-0.9259259259259258,1991,3075,2919,1293,2005,3074,2918,1374,-35,9,10,-492,5100,5100,4600,4800,-30.57,101.15,-255.06,18.7700359139192,-39.49151637001006,50.17272364185001,0.20267634096848777,-0.9555628357029177,0.21406066391334813
,28,0,0.6875,-0.9753086419753086,-0.6875,0.9753086419753086,2643,1835,2267,2533,2642,1921,2311,2533,7,-490,-188,12,5000,4600,4800,4800,-21.63,21.19,-216.48000000000002,-24.061778445839934,38.259406127687036,41.10788335598579,-0.5151490375768522,0.8525905797147304,0.08781100423832047
,29,0,-0.5625,-0.308641975308642,0.5625,0.308641975308642,1828,2270,3082,2098,1871,2276,3081,2098,-180,-20,15,0,4800,5000,4900,5000,-40.96,49.35,-263.7,24.54764255286929,12.697257488533268,60.603104491434706,0.6818829959970193,0.33838784204738376,0.6484822650810459
,30,0,0.4375,0.3580246913580245,-0.4375,-0.3580246913580245,2480,2704,2430,1664,2480,2705,2460,1689,9,0,-114,-79,4900,5000,5000,4900,-43.5,75.89,-218.03,-19.622957665216916,-16.283964033681762,62.97354231055224,-0.4840334273432703,-0.43403474432222566,0.7598193745459947
,31,0,-0.0625,-0.7530864197530864,0.0625,0.7530864197530864,2154,1980,2756,2388,2156,2043,2753,2389,-12,-312,16,0,4800,5000,5100,4800,-34.77,25.5,-238.70000000000002,-1.68791630946302,35.15715796698972,54.32720442220734,0.0198227717060277,0.884617564511109,0.46589572039279853
,32,0,0.9375,-0.0864197530864198,-0.9375,0.0864197530864198,2806,2415,2104,1953,2805,2416,2189,1954,9,-1,-491,0,5000,5100,4700,4800,-28.07,56.34,-195.95000000000002,-42.67618923586298,2.0442659620180947,47.46746932688242,-0.9549409767448497,0.11435812505356233,0.27387944458799013
,33,0,-0.96875,0.5802469135802468,0.96875,-0.5802469135802468,1563,2849,3347,1519,1641,2850,3345,1554,-435,0,13,-132,5100,5100,4700,4900,-25.490000000000002,87.88,-272.86,35.841484989423776,-25.272827074295023,45.15936137941853,0.8346079436449683,-0.5358867839016626,0.1274948439908491
,34,0,0.03125,-0.5308641975308642,-0.03125,0.5308641975308642,2215,2125,2695,2243,2214,2168,2697,2243,13,-178,-15,0,4900,5000,5000,4900,-42.14,35.13,-242.3,2.4030878593980276,25.734042713572418,61.708422737036905,0.10954747032392183,0.6789489768346526,0.7259666924872026
,35,0,-0.46875,0.13580246913580263,0.46875,-0.13580246913580263,1889,2560,3021,1808,1925,2561,3021,1821,-132,0,15,-33,5000,5000,4900,4800,-44.85,68.1,-259.6,21.457689046346474,-6.249134421062585,64.47492847187692,0.6233158090614555,-0.14262692637711202,0.7688530171926757
,36,0,0.53125,0.8024691358024691,-0.53125,-0.8024691358024691,2541,2994,2369,1374,2541,2994,2406,1430,9,11,-145,-264,4700,5000,4900,4900,-31.6,97.08,-217.38,-19.07881332397102,-37.47354220554982,51.067481507995325,-0.391562222647623,-0.8671744110384916,0.3077134489022185
,37,0,-0.71875,-0.9012345679012346,0.71875,0.9012345679012346,1726,1883,3184,2485,1772,1955,3181,2487,-195,-383,17,0,5100,4800,5000,4900,-23.91,28.91,-264.64,24.437814031582008,33.164531558401734,43.5602664107393,0.6444211308435489,0.7543273777311819,0.12534597451661522
,38,0,0.28125,-0.23456790123456794,-0.28125,0.23456790123456794,2378,2318,2532,2050,2378,2324,2555,2050,12,-20,-76,0,5000,5000,4900,4900,-47.24,47.94,-228.23000000000002,-10.968932052492505,12.177168219875703,66.75532648469823,-0.27222168372033745,0.33308179997926207,0.9027468468153402
,39,0,-0.21875,0.4320987654320989,0.21875,-0.4320987654320989,2052,2753,2858,1615,2063,2753,2857,1649,-30,0,14,-123,5000,4900,4800,4900,-44.5,84.65,-244.74,7.51947044088169,-23.58134011406206,64.06834770273927,0.20195437992517934,-0.5846418173281931,0.7857533797956099
,40,0,0.78125,-0.6790123456790124,-0.78125,0.6790123456790124,2704,2028,2206,2340,2703,2072,2260,2340,4,-180,-253,0,4800,5100,4700,4800,-28.7,32.63,-208.96,-30.97495803924363,26.425370846370186,48.14865439827192,-0.7038292332194441,0.638618086931784,0.3111130815464329
,41,0,-0.84375,-0.012345679012345734,0.84375,0.012345679012345734,1645,2463,3265,1905,1711,2464,3264,1905,-346,-4,15,0,5100,5100,5000,5000,-32.8,62.63,-275.45,37.03054000271217,0.07780490026747344,52.48317914515124,0.9327850541080523,0.008215672452787967,0.3603394865384399
,42,0,0.15625,0.6543209876543208,-0.15625,-0.6543209876543208,2297,2898,2613,1470,2297,2899,2620,1522,0,0,-20,-237,4900,4900,4900,5000,-38.77,92.98,-237.61,0.8728637726840702,-32.2839938143166,58.3111662420142,0.004177227025567581,-0.8330937243341638,0.5531160793625595
,43,0,-0.34375,-0.45679012345679015,0.34375,0.45679012345679015,1971,2173,2939,2195,1989,2210,2938,2196,-54,-137,15,0,5000,4900,5000,4900,-43.36,41.63,-254.41,14.843655276275257,19.900620883312122,62.970948814539895,0.4136141613812464,0.519106412238246,0.7479651450956953
,44,0,0.65625,0.2098765432098766,-0.65625,-0.2098765432098766,2623,2608,2287,1760,2623,2609,2336,1771,3,-1,-218,-31,5000,4900,5000,4800,-39.81,65.09,-207.84,-30.370943770083215,-6.051722388770713,59.248730152906006,-0.7563324356355989,-0.21080188605967057,0.6192929933716413
,45,0,-0.59375,0.8765432098765431,0.59375,-0.8765432098765431,1808,3042,3102,1326,1846,3042,3102,1392,-150,0,11,-330,4900,4900,4900,4700,-26.79,102.63,-250.94,14.750071983907475,-41.191591192506635,46.377616845023596,0.419283433149328,-0.8858081798864338,0.19885992842399428
,46,0,0.40625,-0.8271604938271605,-0.40625,0.8271604938271605,2460,1932,2450,2436,2461,1998,2470,2437,0,-336,-62,4,5000,4900,4800,4800,-30.53,23.240000000000002,-228.59,-11.890401694418841,36.86654402272327,50.05115586282139,-0.2672635835186077,0.8843148831116804,0.3828281134294702
,47,0,-0.09375,-0.16049382716049387,0.09375,0.16049382716049387,2134,2366,2776,2002,2142,2370,2775,2003,-22,-16,15,0,5000,5000,5000,5000,-49.18,51.480000000000004,-242.06,3.0257997501848877,9.39248945784874,68.74458412599179,0.11389288620342015,0.2746634682413645,0.9547713808477295
,48,0,0.90625,0.5061728395061729,-0.90625,-0.5061728395061729,2786,2801,2124,1567,2786,2801,2194,1599,6,0,-366,-115,5000,5000,4900,4600,-28.310000000000002,80.67,-196.61,-40.69713569171762,-22.21410973010414,47.705494218980185,-0.8720401919077737,-0.41390284417202394,0.2612093782461919
,49,0,-0.90625,-0.6049382716049383,0.90625,0.6049382716049383,1604,2077,3306,2291,1672,2113,3304,2291,-361,-136,17,0,5100,4900,5000,4900,-26.14,42.13,-274.65000000000003,35.142696634197506,20.506633856905843,45.82400540688849,0.8585722172440409,0.4735089028988617,0.19657839823380255
,50,0,0.09375,0.061728395061728225,-0.09375,-0.061728395061728225,2256,2511,2654,1857,2256,2511,2661,1864,0,-4,-24,-21,5000,5000,5000,4900,-50.06,64.28,-236.3,-2.0339087152312345,-3.701671091380348,69.60150288293947,-0.032959744562996676,-0.09805690019761049,0.9946348574034483
,51,0,-0.40625,0.7283950617283947,0.40625,-0.7283950617283947,1930,2946,2980,1422,1953,2947,2979,1480,-67,0,12,-278,4800,5000,5000,4800,-34.88,96.52,-252.19,15.637433806528833,-35.02577113922531,54.47316822008805,0.3393972665304915,-0.8329056154358723,0.43712438875796134
,52,0,0.59375,-0.3827160493827161,-0.59375,0.3827160493827161,2582,2222,2328,2146,2583,2249,2369,2147,0,-88,-158,0,5000,5000,5000,4900,-41.18,46.12,-213.0,-26.253405394108427,13.169921586998413,60.64073611235932,-0.6413632896821746,0.37571090931983747,0.6689502547021857
,53,0,-0.65625,0.28395061728395055,0.65625,-0.28395061728395055,1767,2656,3143,1712,1813,2657,3142,1727,-207,0,14,-38,5000,5000,5100,4800,-39.21,75.62,-265.95,28.226815622076145,-13.411190791747423,58.85653244232518,0.7454221951169604,-0.3127384088768321,0.5886768541740026
,54,0,0.34375,0.9506172839506171,-0.34375,-0.9506172839506171,2419,3091,2491,1277,2419,3090,2510,1356,8,8,-53,-436,5000,4900,5100,5000,-28.02,107.0,-224.72,-11.198257755692936,-46.97908385802363,47.5122147348309,-0.15805496212840375,-0.9707822930155492,0.1805557213551002
,55,0,-0.15625,-0.9506172839506173,0.15625,0.9506172839506173,2093,1851,2817,2517,2095,1935,2815,2518,-10,-471,14,0,4800,5100,4800,4800,-27.52,20.32,-242.23000000000002,1.581680459898223,40.523877160740945,47.090916557479666,0.1080808039620015,0.9701763641513288,0.2169708788225635
,56,0,0.84375,-0.28395061728395066,-0.84375,0.28395061728395066,2745,2286,2165,2082,2744,2291,2231,2082,11,-15,-338,0,5100,5000,5100,5000,-32.45,49.25,-200.78,-38.2540040603437,9.384387832688276,51.86613835252264,-0.8913338603657393,0.25057951568451653,0.37780134420727196
,57,0,-0.78125,0.382716049382716,0.78125,-0.382716049382716,1686,2720,3224,1648,1745,2721,3223,1668,-291,0,14,-61,5000,4900,5000,4800,-34.77,80.19,-269.2,31.736064528027754,-17.796345709923486,54.42747063877428,0.8087500402720533,-0.3964291085422594,0.43447362895846886
,58,0,0.21875,-0.7283950617283951,-0.21875,0.7283950617283951,2338,1996,2572,2372,2338,2053,2582,2373,0,-269,-30,0,4900,4900,5000,5000,-36.54,27.53,-237.09,-3.19168145158244,33.042082317550665,56.091020000576165,-0.028005284482059422,0.8548921582858509,0.5180493236579294
,59,0,-0.28125,-0.06172839506172845,0.28125,0.06172839506172845,2012,2431,2898,1937,2031,2431,2897,1939,-60,-9,14,-12,5000,5000,5000,5000,-48.29,57.64,-252.0,13.288704685816242,3.7815479320099783,67.88935463877101,0.41019914679791813,0.11551288171114403,0.9046510012844993
,60,0,0.71875,0.6049382716049381,-0.71875,-0.6049382716049381,2664,2865,2246,1503,2663,2866,2296,1541,11,0,-225,-148,4900,4900,4800,5000,-32.26,84.54,-209.73000000000002,-27.400658850516123,-25.36760052752122,51.70211771913598,-0.6600321505939616,-0.6326371941506113,0.40512682058776545
,61,0,-0.53125,-0.5061728395061729,0.53125,0.5061728395061729,1849,2141,3061,2227,1884,2175,3060,2228,-133,-126,14,0,4900,4900,5000,5000,-38.87,41.230000000000004,-260.97,21.388355805559826,20.65785374800517,58.504720722445676,0.5851328161217852,0.5218365106778993,0.6207304113871848
,62,0,0.46875,0.16049382716049387,-0.46875,-0.16049382716049387,2501,2576,2409,1792,2500,2577,2442,1803,7,0,-124,-26,5000,5000,5000,4900,-44.480000000000004,65.92,-216.4,-21.795343268220762,-6.41752766191631,63.949438879746616,-0.5430521740753094,-0.15414628189663407,0.8254291368794313
,63,0,-0.03125,0.8271604938271604,0.03125,-0.8271604938271604,2175,3010,2735,1358,2175,3010,2735,1424,0,0,2,-336,4800,4900,4900,4800,-31.57,96.8,-236.69,0.187489260457113,-36.145609077283396,51.10720973612026,-0.03603471480692392,-0.9457114604993799,0.32300361113912146
,64,0,0.96875,-0.8765432098765432,-0.96875,0.8765432098765432,2827,1900,2083,2468,2827,1966,2148,2468,2,-328,-340,11,4800,4800,4900,4700,-18.8,27.57,-205.03,-35.138273554755926,31.268258362042847,38.235443796815076,-0.7549702727669665,0.6552817171515612,-0.025015163502828664
,65,0,-0.984375,-0.2098765432098766,0.984375,0.2098765432098766,1553,2334,3357,2034,1635,2337,3355,2035,-471,-16,14,0,4900,4900,5100,5000,-27.26,60.620000000000005,-278.99,40.47607897127901,2.2791016227743484,46.95634877363014,0.9792602760338087,0.06299700528329384,0.1925634677386282
,66,0,0.015625,0.45679012345679015,-0.015625,-0.45679012345679015,2205,2769,2705,1599,2205,2769,2705,1633,0,0,-5,-128,5000,5000,4900,4900,-44.13,86.04,-240.71,3.572233720929802,-25.187939108218217,63.68355951601851,0.11667656327935258,-0.6463186633859583,0.7540946657683684
,67,0,-0.484375,-0.654320987654321,0.484375,0.654320987654321,1879,2044,3031,2324,1904,2094,3030,2324,-81,-220,15,0,5000,5000,5000,5000,-36.43,34.34,-257.67,17.727948672348333,27.359450039687754,56.05406228797535,0.5225389803668522,0.6817742023341341,0.5119931161928112
,68,0,0.515625,0.012345679012345734,-0.515625,-0.012345679012345734,2531,2479,2379,1889,2531,2479,2418,1891,0,0,-156,-12,5000,5000,4900,4900,-43.01,57.58,-214.18,-24.459557311973498,1.7901996231301567,62.47293072082078,-0.62717251004157,0.02338037813332192,0.778529383239001
,69,0,-0.734375,0.679012345679012,0.734375,-0.679012345679012,1716,2914,3194,1454,1764,2915,3193,1500,-218,13,12,-197,4800,4800,5000,4900,-32.15,92.59,-267.52,30.741172792186006,-30.26828283594098,51.7992060480946,0.6575560293411992,-0.6820414890518064,0.3200616745082587
,70,0,0.265625,-0.4320987654320988,-0.265625,0.4320987654320988,2368,2189,2542,2179,2369,2223,2557,2180,0,-120,-43,0,5000,5000,5000,4900,-44.51,40.33,-232.73000000000002,-6.878940547760436,20.02127122591937,64.04294422517134,-0.17219612706084692,0.5279011945449055,0.8316662928262191
,71,0,-0.234375,0.23456790123456783,0.234375,-0.23456790123456783,2042,2624,2868,1744,2057,2625,2868,1761,-44,0,3,-50,5000,5000,5000,5000,-47.9,73.9,-246.49,8.671035390856531,-12.753461427944067,67.4765644394949,0.255362990176771,-0.3217080003629627,0.911753094730389
,72,0,0.765625,0.9012345679012344,-0.765625,-0.9012345679012344,2694,3059,2216,1309,2693,3059,2264,1376,8,0,-208,-341,4800,4900,4900,4800,-22.47,96.2,-209.78,-26.68252408637565,-37.00402164515157,41.9102748877942,-0.5628902064143436,-0.820722641582987,0.09782106683052029
,73,0,-0.859375,-0.8024691358024691,0.859375,0.8024691358024691,1635,1948,3275,2420,1690,2009,3272,2422,-261,-298,15,0,5000,4900,4800,4700,-22.39,33.12,-271.34000000000003,31.361915236279316,29.325051352934594,42.06369891846366,0.7694241693803073,0.6274715315532384,0.11944004631469987
,74,0,0.140625,-0.13580246913580252,-0.140625,0.13580246913580252,2287,2382,2623,1986,2287,2385,2635,1987,0,-16,-33,0,5000,5000,5000,4900,-49.42,52.97,-235.56,-3.3845410376714256,7.551713766194972,68.96086134754347,-0.06845724363750355,0.2065874613653249,0.9760303410243895
,75,0,-0.359375,0.5308641975308641,0.359375,-0.5308641975308641,1961,2817,2949,1551,1980,2818,2948,1592,-54,0,12,-160,4800,4900,5000,5000,-40.95,88.10000000000001,-249.5,12.472478889792853,-26.7665027814151,60.53492923226127,0.34658286327975685,-0.658513988421864,0.6680117109254403
,76,0,0.640625,-0.5802469135802469,-0.640625,0.5802469135802469,2613,2093,2297,2275,2614,2130,2340,2275,6,-145,-183,0,5000,5000,5000,4900,-34.93,33.82,-213.18,-26.71898966994084,25.463894619922577,54.39362811362656,-0.6101401402847737,0.5911567387274856,0.52750613216375
,77,0,-0.609375,0.08641975308641969,0.609375,-0.08641975308641969,1798,2527,3112,1841,1842,2527,3112,1845,-193,0,14,-15,5000,4900,4800,4900,-41.63,64.79,-265.38,27.06099539630489,-2.629015141844917,61.2763984418863,0.7434015294817459,-0.061544947792053155,0.6660077967752898
,78,0,0.390625,0.7530864197530862,-0.390625,-0.7530864197530862,2450,2962,2460,1406,2451,2963,2480,1461,0,0,-63,-259,5000,4700,4800,5000,-34.36,97.18,-225.04,-11.434648604231796,-37.15856932385009,53.8550858237632,-0.24984989745608238,-0.8653898521226582,0.43436785399510053
,79,0,-0.109375,-0.3580246913580247,0.109375,0.3580246913580247,2124,2238,2786,2130,2127,2267,2785,2131,-15,-104,14,-10,4900,4900,5000,4900,-46.69,44.2,-241.70000000000002,2.280043889448706,16.643141122097717,66.25460447950849,0.09574952010236905,0.4473808635626199,0.8892032345409742
,80,0,0.890625,0.308641975308642,-0.890625,-0.308641975308642,2776,2672,2134,1696,2775,2673,2202,1712,5,0,-348,-41,5000,4700,5100,4800,-31.13,69.12,-198.55,-39.397200636240655,-10.576878580765907,50.53454353428273,-0.9020881506439781,-0.23129088950073212,0.36433705946786055
,81,0,-0.921875,0.9753086419753085,0.921875,-0.9753086419753085,1594,3107,3316,1261,1658,3107,3314,1335,-312,0,9,-379,5000,4900,5000,4700,-16.41,100.37,-264.57,28.274483790967878,-38.191066479453184,36.04727141423566,0.6177301005583941,-0.7786876809798853,-0.10979534759854062
,82,0,0.078125,-0.9917695473251029,-0.078125,0.9917695473251029,2246,1824,2664,2544,2245,1911,2666,2545,9,-494,-16,0,4800,5100,5000,4700,-25.91,19.5,-242.72,2.0322215076930945,41.36987292458758,45.482841953549425,0.10093899505984902,0.9801687055854241,0.1705304309127892
,83,0,-0.421875,-0.3251028806584363,0.421875,0.3251028806584363,1920,2259,2990,2109,1948,2264,2988,2109,-97,-18,15,0,5000,4900,4900,4900,-43.46,46.62,-257.85,18.54911105793971,15.104699598806526,63.08246779478917,0.5397086224152073,0.42855496162169787,0.7246069608830046
,84,0,0.578125,0.34156378600823034,-0.578125,-0.34156378600823034,2572,2694,2338,1674,2573,2695,2377,1696,0,0,-150,-64,4900,4900,4900,5000,-41.25,72.86,-212.43,-25.371078314949784,-13.561612417010004,60.70389240994657,-0.6303186613618917,-0.3767671216340172,0.6787819393550261
,85,0,-0.671875,-0.7695473251028807,0.671875,0.7695473251028807,1757,1969,3153,2399,1797,2024,3151,2400,-164,-255,15,0,4800,4900,4900,4900,-27.75,30.69,-264.75,24.63049015323017,31.3916900488942,47.4003196518173,0.6351644425041325,0.7158555132231116,0.290029335010253
,86,0,0.328125,-0.10288065843621408,-0.328125,0.10288065843621408,2409,2404,2501,1964,2410,2406,2525,1965,0,-13,-76,0,5000,5000,5000,5000,-47.56,54.57,-224.38,-14.454431358220148,5.347811070065035,67.06024534292473,-0.37139573060133974,0.13066453405027126,0.9192344591193926
,87,0,-0.171875,0.5637860082304524,0.171875,-0.5637860082304524,2083,2839,2827,1529,2089,2840,2826,1574,-18,0,12,-191,4800,4900,5000,4900,-41.5,89.29,-240.28,3.3287660670719674,-28.455505152288794,61.0514433238336,0.08440125729894885,-0.7300059216346421,0.6782092465786007
,88,0,0.828125,-0.5473251028806585,-0.828125,0.5473251028806585,2735,2114,2175,2254,2734,2149,2232,2254,11,-128,-274,0,5000,4900,4700,4800,-31.69,39.64,-204.65,-34.90873970128834,19.19060057762914,51.12182795423888,-0.7988936679971784,0.47107553127007185,0.3739742652544869
,89,0,-0.796875,0.11934156378600824,0.796875,-0.11934156378600824,1676,2549,3234,1819,1737,2549,3233,1824,-307,0,14,-12,5000,4900,5000,4700,-35.43,66.44,-272.67,34.45205520878429,-3.8784867055493137,55.10244868019836,0.8883917328141546,-0.08580777037680255,0.4509957379071628
,90,0,0.203125,0.7860082304526748,-0.203125,-0.7860082304526748,2327,2983,2583,1385,2327,2984,2590,1445,0,0,-22,-292,4800,5100,4800,4700,-33.14,98.06,-230.49,-5.940561934309102,-37.74093532908908,52.65460196326361,-0.009874965534726436,-0.9189346588213558,0.3942861624157839
,91,0,-0.296875,-0.9176954732510288,0.296875,0.9176954732510288,2001,1873,2909,2495,2009,1948,2907,2495,-23,-405,16,0,4900,5100,5100,5000,-28.810000000000002,22.080000000000002,-248.18,7.613783033260773,39.08901355002026,48.40206298830357,0.23963493898860283,0.9316490259976565,0.2731395035024149
,92,0,0.703125,-0.2510288065843622,-0.703125,0.2510288065843622,2653,2307,2257,2061,2653,2311,2311,2061,0,-15,-248,0,5000,4800,5000,4800,-39.43,51.43,-206.91,-32.03981214530356,7.537784125762926,58.8678219780958,-0.776817306284984,0.26150287492358454,0.5728622164734212
,93,0,-0.546875,0.4156378600823045,0.546875,-0.4156378600823045,1838,2742,3072,1626,1874,2743,3071,1650,-136,0,14,-78,5000,5000,5000,4900,-40.59,82.72,-258.86,21.52782341263216,-20.88615063127577,60.20966908555324,0.5768484925717118,-0.48807133705684447,0.6550054859016737
,94,0,0.453125,-0.6954732510288066,-0.453125,0.6954732510288066,2490,2018,2420,2350,2491,2067,2446,2350,0,-215,-86,0,5000,4800,4900,4900,-35.85,29.44,-226.25,-13.909449498287728,30.546657009336414,55.36156772102188,-0.3277568297701396,0.7738888411812453,0.5419146815082395
,95,0,-0.046875,-0.02880658436214001,0.046875,0.02880658436214001,2164,2452,2746,1916,2168,2452,2745,1919,-16,-7,14,-13,5000,5000,5000,5000,-50.24,58.81,-238.91,0.27460797743367493,1.9018902854028497,69.79189872404673,0.0316851489434008,0.055960232031996064,0.9979301096606712
,96,0,0.953125,0.6378600823045264,-0.953125,-0.6378600823045264,2816,2887,2094,1481,2815,2888,2163,1522,9,0,-359,-163,4800,5000,5100,4400,-26.79,85.74,-195.51,-41.514790351843374,-27.33578152683262,46.18062738434486,-0.8467478544696071,-0.5133702959506097,0.13953139498586065
,97,0,-0.953125,-0.47325102880658443,0.953125,0.47325102880658443,1574,2162,3336,2206,1647,2188,3334,2207,-399,-85,15,0,4800,4900,5000,4700,-26.32,49.42,-277.62,38.50342984930049,13.388558569342933,46.01341622360526,0.924781430887533,0.3166341449546951,0.21100266191310588
,98,0,0.046875,0.1934156378600822,-0.046875,-0.1934156378600822,2226,2597,2684,1771,2226,2598,2686,1786,0,0,-15,-47,5000,5000,5000,5000,-49.11,71.33,-240.24,2.2864183470410637,-10.52701595601566,68.66446416773414,0.0892168543144319,-0.2853008549547579,0.9542765715809657
,99,0,-0.453125,0.8600823045267487,0.453125,-0.8600823045267487,1900,3032,3010,1336,1923,3032,3010,1402,-65,0,12,-329,5000,5100,5000,4700,-31.87,101.74000000000001,-250.56,14.304061927573855,-40.32543706133933,51.45637181555634,0.32040665869405477,-0.9063648735545294,0.275394787624954
,100,0,0.546875,-0.8436213991769548,-0.546875,0.8436213991769548,2552,1921,2358,2447,2552,1987,2390,2447,9,-330,-113,3,4700,5100,5000,4900,-29.330000000000002,23.43,-222.14000000000001,-18.316220086466558,36.32710499590854,48.827855601736566,-0.3984966265558109,0.8514753483479789,0.3408667918400473
,101,0,-0.703125,-0.17695473251028815,0.703125,0.17695473251028815,1737,2356,3173,2012,1786,2358,3172,2013,-222,-16,15,0,5100,4900,5000,4900,-38.08,58.57,-269.82,31.16948644456724,3.8241877175881385,57.743556220479654,0.8333817407542696,0.10193638632696068,0.5432162067906154
,102,0,0.296875,0.4897119341563785,-0.296875,-0.4897119341563785,2389,2790,2521,1578,2390,2790,2538,1611,0,-1,-49,-121,5000,5000,5000,4900,-42.97,84.73,-228.61,-8.576795190852465,-24.536342410119346,62.48014011958809,-0.19584088199728625,-0.633535144637392,0.7485182492416625
,103,0,-0.203125,-0.6213991769547325,0.203125,0.6213991769547325,2063,2066,2847,2302,2069,2115,2845,2303,-18,-218,15,-12,4900,5000,4900,4800,-40.83,32.87,-244.47,4.451883668190277,28.109009068955338,60.40666602218023,0.17160087109281416,0.7382845958127551,0.6522951759945674
,104,0,0.796875,0.04526748971193406,-0.796875,-0.04526748971193406,2714,2501,2196,1867,2714,2501,2255,1868,3,0,-296,-11,4800,5000,4700,5000,-32.95,58.02,-201.48000000000002,-37.08070788667848,0.665137726926929,52.36709112678728,-0.863864910354192,0.03465297728794531,0.5025301859827175
,105,0,-0.828125,0.7119341563786006,0.828125,-0.7119341563786006,1655,2935,3255,1433,1711,2936,3254,1480,-269,0,12,-199,4900,5000,4900,4800,-27.7,92.9,-268.11,31.36311934229306,-30.544127553799797,47.351308546978,0.7076642522129512,-0.6731895852298939,0.2145392469407139
,106,0,0.171875,-0.39917695473251036,-0.171875,0.39917695473251036,2307,2211,2603,2157,2307,2243,2610,2158,0,-114,-24,0,5000,5000,4900,5000,-46.33,42.35,-237.24,-2.272493790993508,18.24841529436787,65.87884458277085,-0.03334366022355567,0.49002555706273915,0.8710701198802814
,107,0,-0.328125,0.2674897119341564,0.328125,-0.2674897119341564,1981,2645,2929,1723,2001,2646,2928,1741,-60,0,14,-54,5000,5000,5000,4900,-46.63,74.88,-250.84,13.072360226315567,-13.495379928868552,66.22209378190365,0.3767077901207711,-0.3435163030445444,0.8602835523273322
,108,0,0.671875,0.9341563786008229,-0.671875,-0.9341563786008229,2633,3080,2277,1288,2633,3080,2318,1357,4,0,-165,-349,4900,4900,4500,4600,-24.82,95.85000000000001,-215.11,-21.387865508441138,-36.3660539329841,44.27955489263455,-0.44287298022308136,-0.8881142137573008,0.1229498544552917
,109,0,-0.578125,-0.9670781893004116,0.578125,0.9670781893004116,1818,1841,3092,2527,1847,1921,3089,2528,-101,-431,18,0,5000,4700,5000,4700,-24.61,23.67,-258.38,17.90008814220957,38.056687360035355,44.238611314141195,0.4877926464788564,0.8580743396112551,0.16052028451837974
,110,0,0.421875,-0.30041152263374493,-0.421875,0.30041152263374493,2470,2275,2440,2093,2471,2281,2468,2093,1,-21,-103,0,5000,5000,5000,4900,-45.79,45.71,-221.78,-17.525235688854735,14.05425372594231,65.28246103573886,-0.4449486802630211,0.3922620248140059,0.8050783662607085
,111,0,-0.078125,0.3662551440329216,0.078125,-0.3662551440329216,2144,2710,2766,1658,2146,2712,2765,1687,-14,-1,7,-104,5000,5000,5000,4900,-46.69,79.61,-237.33,-0.16104789623369697,-18.95188075137004,66.23249743933735,0.002220530604151204,-0.5075535697832319,0.8616173414249121
,112,0,0.921875,-0.7448559670781894,-0.921875,0.7448559670781894,2796,1985,2114,2383,2795,2035,2178,2384,10,-216,-326,-6,4800,4800,4800,5000,-23.75,33.52,-205.05,-34.8130603614689,25.326265035236027,43.18441860813664,-0.7609362516301156,0.6262614366654151,0.16962498017945163
,113,0,-0.890625,-0.07818930041152272,0.890625,0.07818930041152272,1614,2420,3296,1948,1681,2421,3295,1949,-342,-5,14,0,4800,5000,5100,4900,-31.1,62.730000000000004,-276.59000000000003,38.180389086637746,0.040479569266430815,50.78728589855188,0.9504134976876986,0.004708469670894679,0.310953394781909
,114,0,0.109375,0.5884773662551439,-0.109375,-0.5884773662551439,2266,2855,2644,1513,2266,2856,2647,1557,0,0,-14,-185,5000,5000,5000,5000,-41.25,91.91,-240.47,3.6616246850638277,-31.061232347304156,60.80166156792273,0.07350840053989638,-0.7704126230984608,0.6332936958636288
,115,0,-0.390625,-0.522633744855967,0.390625,0.522633744855967,1940,2130,2970,2238,1961,2169,2968,2239,-64,-152,15,0,5000,5000,5000,4900,-41.19,39.300000000000004,-254.56,14.874733226700897,22.23614091598154,60.80192130480259,0.441002710739344,0.5758273214706058,0.6884326437412294
,116,0,0.609375,0.1440329218106997,-0.609375,-0.1440329218106997,2592,2565,2318,1803,2593,2566,2361,1811,0,-2,-178,-20,5000,5000,5000,5000,-43.27,61.96,-210.54,-27.857306244507754,-2.781052606031423,62.71901048197094,-0.7018580854089985,-0.09336019992943914,0.7061721468701169
,117,0,-0.640625,0.8106995884773662,0.640625,-0.8106995884773662,1777,2999,3133,1369,1816,3000,3133,1424,-153,0,13,-257,4800,4900,4800,4900,-29.14,98.24000000000001,-259.67,23.22035958563484,-36.33499674646397,48.75988851943268,0.5108207647162024,-0.8198769593006452,0.25858058307359943
,118,0,0.359375,-0.8930041152263375,-0.359375,0.8930041152263375,2429,1889,2481,2479,2430,1960,2495,2480,0,-369,-42,0,4900,4900,4900,5000,-29.97,22.29,-232.42000000000002,-8.115638980641108,38.02328241365437,49.50514968188611,-0.16122282945065403,0.9303007867697066,0.32946569684807825
,119,0,-0.140625,-0.22633744855967086,0.140625,0.22633744855967086,2103,2323,2807,2045,2111,2329,2806,2046,-24,-18,15,0,5000,5000,5000,4900,-48.410000000000004,49.06,-243.73000000000002,4.5647092824287085,11.899872664849141,67.98104833454413,0.1619304422023115,0.3548941080264869,0.9207761421628211
,120,0,0.859375,0.440329218106996,-0.859375,-0.440329218106996,2755,2758,2155,1610,2755,2758,2216,1636,0,0,-297,-81,5000,5000,4900,5000,-32.22,75.67,-201.33,-36.269631063677025,-16.966701223969196,51.63339527914217,-0.8486267483230094,-0.3667379715623874,0.38122946140745834
,121,0,-0.765625,-0.6707818930041152,0.765625,0.6707818930041152,1696,2034,3214,2334,1751,2074,3212,2334,-260,-154,15,0,5100,4900,4900,4700,-29.26,36.910000000000004,-268.59000000000003,28.797064405106283,25.388770481685853,48.923052613708734,0.730278316515654,0.6059917094311098,0.31538488950459165
,122,0,0.234375,-0.004115226337448652,-0.234375,0.004115226337448652,2348,2468,2562,1900,2348,2468,2577,1902,0,0,-46,-13,5000,5000,5000,5000,-49.42,58.2,-229.37,-9.281431272322664,1.9933737288222275,68.93758927384965,-0.23374676718880968,0.04836453425481302,0.9710938783944091
,123,0,-0.265625,0.6625514403292179,0.265625,-0.6625514403292179,2022,2903,2888,1465,2032,2904,2888,1516,-29,0,10,-227,4900,5000,5000,5000,-38.88,93.26,-246.95000000000002,10.213834613761293,-32.05655591220338,58.45481771895558,0.17598598952692465,-0.8056815030096377,0.5656025523265963
,124,0,0.734375,-0.44855967078189307,-0.734375,0.44855967078189307,2674,2179,2236,2189,2674,2207,2285,2191,0,-91,-224,-8,5000,5000,4900,5000,-36.84,43.86,-207.75,-31.602730539113537,15.143193234402219,56.28222495617671,-0.7490249971969043,0.40089636731449596,0.5274880626594481
,125,0,-0.515625,0.21810699588477367,0.515625,-0.21810699588477367,1859,2613,3051,1755,1894,2614,3051,1765,-131,0,12,-27,5000,4900,5000,4900,-44.02,71.9,-259.63,21.696931880020742,-10.041590366959582,63.64436193934262,0.6004897789864703,-0.24740896282689928,0.7603951804461272
,126,0,0.484375,0.8847736625514402,-0.484375,-0.8847736625514402,2511,3048,2399,1320,2511,3048,2425,1389,7,0,-81,-352,5000,5000,5000,4700,-29.82,98.14,-226.36,-10.048171020272235,-38.043790165807735,49.31970668083132,-0.2781134651088676,-0.9270051759116422,0.2516233382621008
,127,0,-0.015625,-0.8189300411522634,0.015625,0.8189300411522634,2185,1937,2725,2431,2185,2003,2724,2431,0,-329,14,-1,5000,4900,5100,4700,-33.28,23.54,-238.86,-1.6292090744863685,37.12351183678846,52.8381423283748,0.034292762121803724,0.9125866914401721,0.40744267949287916
,128,0,0.984375,-0.1522633744855968,-0.984375,0.1522633744855968,2837,2372,2073,1996,2838,2373,2148,1997,0,0,-402,0,5100,5100,4800,4800,-28.21,54.89,-196.66,-42.04646559066697,3.5306207008918307,47.61028991681469,-0.9689207793041485,0.06442251371223823,0.23883522177358538
,129,0,-0.9921875,0.51440329218107,0.9921875,-0.51440329218107,1548,2806,3362,1562,1627,2806,3361,1589,-444,0,14,-83,4800,4800,5100,4700,-27.29,82.94,-276.17,38.87191764619914,-20.161088124415315,46.97217764728245,0.8770704553442724,-0.4486410020943919,0.17166440400365635
,130,0,0.0078125,-0.5967078189300412,-0.0078125,0.5967078189300412,2200,2082,2710,2286,2200,2128,2712,2286,0,-201,-16,-2,5000,5000,4900,4800,-40.56,32.84,-243.4,3.3828101351637088,28.0809759556186,60.13281218244321,0.12156511059853785,0.734337025525258,0.6678106444403845
,131,0,-0.4921875,0.06995884773662531,0.4921875,-0.06995884773662531,1874,2517,3036,1851,1907,2518,3036,1856,-127,-3,14,-16,5000,4900,5000,4900,-44.77,63.84,-260.47,22.095409252684448,-1.948155220078057,64.39883082981979,0.6442232042038838,-0.02691228511202894,0.7643639133785234
,132,0,0.5078125,0.7366255144032918,-0.5078125,-0.7366255144032918,2526,2951,2384,1417,2526,2952,2414,1471,0,0,-104,-238,5000,4900,4800,4600,-33.410000000000004,94.89,-220.25,-16.338465307341693,-35.13163866147214,52.88821777060781,-0.3647183394716988,-0.8208261768491042,0.4395735663711932
,133,0,-0.7421875,-0.374485596707819,0.7421875,0.374485596707819,1711,2227,3199,2141,1760,2252,3198,2142,-222,-80,15,-1,5000,5000,5000,4900,-36.0,52.160000000000004,-270.43,31.438053396111712,10.25862994247963,55.66691830137306,0.8307887619604041,0.2436050645040545,0.5004464062697167
,134,0,0.2578125,0.29218106995884763,-0.2578125,-0.29218106995884763,2363,2661,2547,1707,2363,2662,2562,1725,0,0,-41,-50,5000,5000,5000,5000,-47.28,75.16,-230.53,-7.19468893696137,-14.87783507031049,66.7987531226035,-0.1690025255667893,-0.39884618690590734,0.9013100829030287
,136,0,0.7578125,-0.9423868312757202,-0.7578125,0.9423868312757202,2689,1857,2221,2511,2689,1932,2262,2512,0,-396,-176,0,4900,4900,4600,4900,-23.17,23.12,-214.70000000000002,-25.739894371960673,36.235039904680995,42.64110490998644,-0.5632371229857315,0.8180254739657955,0.1166116084864241
,137,0,-0.8671875,-0.2757201646090536,0.8671875,0.2757201646090536,1630,2291,3280,2077,1696,2296,3279,2077,-346,-18,15,0,4800,4900,4900,5000,-32.22,56.52,-275.21,36.46126325808714,6.165981345887985,51.903410609422785,0.9206663186799547,0.16200995772852383,0.3551426519655191
,138,0,0.1328125,0.39094650205761305,-0.1328125,-0.39094650205761305,2282,2726,2628,1642,2282,2727,2633,1669,-3,0,-18,-92,5000,5000,5000,4900,-46.06,81.06,-237.59,0.1795523413976241,-20.38539087201977,65.6031801806194,0.027201164916302593,-0.5388855114673274,0.8419397259648654
,139,0,-0.3671875,-0.7201646090534979,0.3671875,0.7201646090534979,1956,2002,2954,2366,1973,2058,2952,2367,-48,-260,16,-4,5000,5000,4900,5000,-35.21,29.19,-251.51000000000002,11.301860042474914,32.16788685419614,54.81276445026987,0.34529628884049696,0.7813862406774523,0.5198134432591549
,140,0,0.6328125,-0.053497942386831365,-0.6328125,0.053497942386831365,2608,2436,2302,1932,2609,2436,2347,1933,0,-7,-195,0,5000,4800,4800,5000,-41.33,54.71,-209.32,-29.462135809179642,4.392748078353911,60.77591866502879,-0.7349263714610834,0.07078592416150672,0.6744424226512197
,141,0,-0.6171875,0.6131687242798352,0.6171875,-0.6131687242798352,1793,2871,3117,1497,1833,2872,3117,1535,-164,0,13,-147,5100,4900,5000,5000,-35.0,91.77,-257.52,20.701226306789323,-29.993457307306954,54.61325037951185,0.563731853945083,-0.6779901551217882,0.47173694619520007
,142,0,0.3828125,-0.4979423868312758,-0.3828125,0.4979423868312758,2445,2146,2465,2222,2446,2180,2485,2223,0,-124,-64,0,5000,4900,4900,4900,-42.980000000000004,38.08,-227.48000000000002,-12.237820085436795,21.983504891949757,62.494412940188504,-0.2884507251046027,0.5779843498622351,0.7633677164387801
,143,0,-0.1171875,0.16872427983539096,0.1171875,-0.16872427983539096,2119,2581,2791,1787,2125,2582,2790,1799,-19,0,14,-32,5000,5000,5000,5000,-49.38,69.66,-240.29,2.244708550304267,-8.856865613233708,68.9349417552742,0.0848634952514987,-0.23005410700879217,0.9694706261780633
,144,0,0.8828125,0.8353909465020575,-0.8828125,-0.8353909465020575,2771,3016,2139,1352,2770,3016,2199,1407,1,0,-289,-254,5000,4700,4600,4700,-21.72,91.44,-207.81,-28.905334828337118,-32.3577117168883,41.154023305354244,-0.6511522216397153,-0.750100586195294,0.11554174502377533
,145,0,-0.9296875,-0.8683127572016461,0.9296875,0.8683127572016461,1589,1905,3321,2463,1651,1966,3318,2465,-302,-291,15,-8,4800,5000,4900,5100,-18.55,31.95,-272.31,32.28075666467075,30.54742543558701,38.22743354292834,0.7670813532160728,0.6413845558679653,0.014561903798977573
,146,0,0.0703125,-0.2016460905349795,-0.0703125,0.2016460905349795,2241,2340,2669,2028,2241,2345,2673,2029,0,-19,-17,0,5000,5000,5000,5000,-48.910000000000004,49.96,-241.29,2.1753886322749167,10.868545746045406,68.47207951206717,0.0933609610176895,0.30200682856862376,0.948723145314678
,147,0,-0.4296875,0.46502057613168724,0.4296875,-0.46502057613168724,1915,2774,2995,1594,1943,2774,2995,1627,-89,0,2,-120,4900,5000,5000,4900,-42.31,84.57000000000001,-252.86,15.630968491166328,-23.059804972065635,61.907676400599186,0.4402397580363641,-0.5563432802056748,0.7047489695019594
,148,0,0.5703125,-0.6460905349794239,-0.5703125,0.6460905349794239,2567,2050,2343,2318,2568,2092,2380,2318,0,-172,-138,0,4900,5000,4800,4800,-35.95,32.59,-220.43,-19.550171877122608,27.08529903257572,55.44000241759316,-0.45476141508975915,0.6960616186767311,0.5555990265926393
,149,0,-0.6796875,0.020576131687242816,0.6796875,-0.020576131687242816,1752,2484,3158,1884,1801,2484,3157,1884,-222,0,14,0,4800,5000,5000,5000,-39.52,61.53,-268.46,29.967027166857378,0.7941797393187997,59.17810957852312,0.8086395313740661,0.021850599746139218,0.5878985113009432
,150,0,0.3203125,0.6872427983539091,-0.3203125,-0.6872427983539091,2404,2919,2506,1449,2405,2920,2522,1500,0,0,-41,-226,5000,4800,5100,4700,-37.7,95.04,-230.13,-6.480372344275565,-34.74664201307412,57.21381376564348,-0.15163156316825813,-0.8268965388419519,0.5415256070605995
,151,0,-0.1796875,-0.4238683127572017,0.1796875,0.4238683127572017,2078,2195,2832,2173,2084,2230,2831,2174,-18,-125,13,0,5000,5000,5000,4900,-45.79,41.74,-243.95000000000002,4.396389775933812,19.222002086272123,65.3631695597218,0.16707903695192647,0.5068232051901858,0.8457037507850864
,152,0,0.8203125,0.24279835390946491,-0.8203125,-0.24279835390946491,2730,2629,2180,1739,2730,2630,2238,1749,0,0,-284,-28,5000,4800,5100,5000,-36.6,63.43,-203.3,-34.982806673273245,-4.639443459590119,56.02266617518146,-0.8561120319234781,-0.18460194340667022,0.4826948428213561
,153,0,-0.8046875,0.9094650205761314,0.8046875,-0.9094650205761314,1670,3064,3240,1304,1726,3064,3239,1369,-263,0,13,-322,4800,4900,4900,4900,-24.04,100.19,-264.82,28.48692391080803,-38.00061799702317,43.678155935116735,0.582363932792294,-0.8104538000639204,0.06337892192711062
,154,0,0.1953125,-0.7942386831275721,-0.1953125,0.7942386831275721,2322,1953,2588,2415,2322,2019,2592,2416,0,-333,-19,-6,5000,4800,5000,5000,-34.0,24.57,-240.01,-0.4275803146251178,36.15719438816074,53.56210290185372,0.039023555874002816,0.8861273466240536,0.46179593724064194
,155,0,-0.3046875,-0.12757201646090544,0.3046875,0.12757201646090544,1996,2388,2914,1980,2013,2390,2913,1981,-54,-16,14,0,5000,4900,5000,4900,-47.84,55.79,-252.64000000000001,13.82893580102973,5.663733486764855,67.44199809234829,0.4393314637497689,0.17844213085800298,0.8804239154488827
,156,0,0.6953125,0.5390946502057612,-0.6953125,-0.5390946502057612,2648,2822,2262,1546,2648,2823,2308,1580,0,0,-189,-122,4800,5000,5000,4900,-35.67,81.02,-210.91,-26.425763475967074,-21.79000760488421,55.11698343956781,-0.637942424248187,-0.5751489353919829,0.5120870682431012
,157,0,-0.5546875,-0.5720164609053497,0.5546875,0.5720164609053497,1833,2098,3077,2270,1866,2137,3076,2270,-126,-157,15,0,5000,5000,4800,4800,-37.7,39.39,-260.93,21.252724317401288,22.49340676779882,57.334913383202874,0.5865705432377636,0.5692170869456523,0.5761309796694335
,158,0,0.4453125,0.09465020576131677,-0.4453125,-0.09465020576131677,2485,2533,2425,1835,2485,2533,2454,1840,10,0,-104,-15,5000,5000,5000,4900,-46.02,61.910000000000004,-219.07,-19.35253792849096,-2.269065132510576,65.49978100789255,-0.4879196389784467,-0.06927120106367471,0.8701355794371
,159,0,-0.0546875,0.7613168724279833,0.0546875,-0.7613168724279833,2159,2967,2751,1401,2161,2968,2750,1460,-3,0,12,-280,5000,5000,4800,4900,-35.02,96.42,-233.49,-3.0407981155319987,-35.94118917854232,54.545708408946496,-0.03576213638792147,-0.9023486645429994,0.4295206132404323
,160,0,0.9453125,-0.34979423868312765,-0.9453125,0.34979423868312765,2811,2243,2099,2125,2811,2264,2166,2126,0,-60,-340,0,5000,4800,4800,4900,-30.39,51.36,-198.89000000000001,-40.019248668810235,7.175663903701135,49.798954258688866,-0.9191758211467402,0.1872031868945489,0.34651230372923275
,161,0,-0.9609375,0.3168724279835391,0.9609375,-0.3168724279835391,1569,2678,3341,1690,1643,2679,3340,1704,-402,0,14,-32,5000,4700,4800,5000,-29.05,75.56,-276.41,38.70457221765045,-12.779602308804023,48.73435319514164,0.9290050462569535,-0.27507715861055265,0.24755237999231677
,162,0,0.0390625,0.9835390946502056,-0.0390625,-0.9835390946502056,2220,3112,2690,1256,2220,3112,2690,1336,0,0,0,-429,4700,5000,4900,4800,-26.47,107.93,-230.45000000000002,-5.420685507712761,-47.59605136407443,45.98273442575626,0.06559038061969252,-0.9897598891521727,0.12678037622456548
,163,0,-0.4609375,-0.9835390946502057,0.4609375,0.9835390946502057,1895,1830,3015,2538,1914,1912,3015,2540,-51,-449,14,-5,4800,4800,4800,4800,-24.62,21.26,-253.69,13.086158809888872,40.20851036329575,44.2321193142907,0.38234347089194054,0.9074024427610923,0.17445422648220998
,164,0,0.5390625,-0.3168724279835391,-0.5390625,0.3168724279835391,2546,2264,2364,2104,2546,2271,2402,2104,0,-21,-147,0,5000,4900,5000,4900,-43.75,45.31,-216.74,-22.572155831248864,14.18080776621634,63.2243596895494,-0.5563906829685563,0.394545518084203,0.7312750796146761
,165,0,-0.7109375,0.3497942386831274,0.7109375,-0.3497942386831274,1732,2699,3178,1669,1778,2700,3177,1689,-205,0,15,-57,4800,5000,5000,5000,-37.56,77.76,-267.13,29.527178887949304,-15.48335458003779,57.21041804433648,0.7771795693654632,-0.33357711885660724,0.5335899387509461
,166,0,0.2890625,-0.7613168724279835,-0.2890625,0.7613168724279835,2383,1975,2527,2393,2384,2034,2541,2395,0,-279,-38,-12,4900,4800,5000,5000,-36.07,26.12,-235.44,-4.914098379756581,34.360600796478984,55.615321623173294,-0.05305749689763182,0.861681680267223,0.504667795599058
,167,0,-0.2109375,-0.09465020576131689,0.2109375,0.09465020576131689,2057,2409,2853,1959,2070,2411,2852,1960,-36,-15,14,0,5000,5000,5000,5000,-49.02,55.99,-247.97,9.172471449330772,5.210053306579596,68.60510343386461,0.30030242876225677,0.16787007750462762,0.9389558500579676
,168,0,0.7890625,0.5720164609053495,-0.7890625,-0.5720164609053495,2709,2844,2201,1524,2709,2845,2251,1558,0,0,-226,-119,4800,4900,4900,4800,-32.2,81.24,-207.65,-29.65652158394417,-22.18536769538423,51.63520337089893,-0.7100706038064958,-0.5748875316312901,0.4065760243604641
,169,0,-0.8359375,-0.5390946502057614,0.8359375,0.5390946502057614,1650,2120,3260,2248,1708,2151,3259,2248,-282,-110,15,0,4900,5000,4900,5000,-29.66,44.39,-272.25,32.85630023039087,18.118352914062175,49.33491777017955,0.8426288206144761,0.42643395798118644,0.3288324043496275
,170,0,0.1640625,0.12757201646090532,-0.1640625,-0.12757201646090532,2302,2554,2608,1814,2302,2554,2616,1824,0,0,-26,-25,5000,5000,5000,4900,-49.7,66.44,-235.21,-3.003732509901795,-5.917526370289146,69.23718545236162,-0.058470062409457194,-0.15888798932596734,0.9855637263260988
,171,0,-0.3359375,0.7942386831275718,0.3359375,-0.7942386831275718,1976,2989,2934,1379,1990,2990,2933,1438,-36,0,11,-281,5100,4900,4700,4900,-35.33,99.41,-247.12,10.730227194181708,-38.18692639507506,54.904353461196855,0.21045120506431295,-0.892623529440541,0.3986646773619279
,172,0,0.6640625,-0.9094650205761317,-0.6640625,0.9094650205761317,2628,1878,2282,2490,2628,1947,2320,2491,0,-353,-146,0,4800,4900,5100,5000,-26.76,23.37,-219.98000000000002,-20.46704303584775,36.270713487478204,46.25008900287774,-0.46200222178543876,0.8561879493977993,0.2312923309824802
,173,0,-0.5859375,-0.24279835390946503,0.5859375,0.24279835390946503,1813,2313,3097,2055,1854,2318,3097,2055,-172,-18,14,0,4800,5000,4900,5000,-41.86,54.01,-263.91,25.007092298985725,8.055193940818285,61.503022237547775,0.7026040859747186,0.21539156648171848,0.6781990647738924
,174,0,0.4140625,0.4238683127572016,-0.4140625,-0.4238683127572016,2465,2747,2445,1621,2466,2748,2467,1648,0,-1,-75,-86,5000,5000,4900,4900,-43.89,79.66,-223.05,-14.40711909771099,-19.776015488075856,63.38097902659758,-0.3489906702372325,-0.5172713521488483,0.7814319294304968
,175,0,-0.0859375,-0.6872427983539096,0.0859375,0.6872427983539096,2139,2023,2771,2345,2140,2075,2769,2345,-2,-236,15,0,4900,5000,4800,4700,-38.230000000000004,28.38,-239.96,-0.2858583967214656,32.348514348691566,57.79121288563693,0.036725411757330434,0.8186757631166229,0.573080482145981
,176,0,0.9140625,-0.020576131687242816,-0.9140625,0.020576131687242816,2791,2458,2119,1910,2791,2458,2191,1910,0,0,-387,0,4900,5000,5100,4900,-31.64,55.26,-199.25,-39.452539746994546,3.3004918111363253,51.0495470185197,-0.9240583965888761,0.06933929900371229,0.375909751545858
,177,0,-0.8984375,0.6460905349794235,0.8984375,-0.6460905349794235,1609,2892,3301,1476,1673,2893,3300,1517,-320,0,14,-160,5100,5000,5000,4600,-27.63,90.88,-267.04,30.185288575999692,-28.58517053727394,47.27780961244879,0.7633275928709119,-0.6128208066093136,0.20440558932820407
,178,0,0.1015625,-0.46502057613168724,-0.1015625,0.46502057613168724,2261,2168,2649,2200,2261,2204,2651,2201,0,-136,-15,0,4900,5000,4900,5000,-44.69,38.69,-241.73000000000002,2.0180441867930767,22.14739268888019,64.25571207485507,0.10168593983962819,0.5768142013613218,0.810521651004359
,179,0,-0.3984375,0.20164609053497928,0.3984375,-0.20164609053497928,1935,2602,2975,1766,1961,2603,2975,1779,-85,-4,0,-34,4900,5000,5000,4900,-46.410000000000004,70.49,-254.72,16.709067006840684,-8.901127896457034,66.01688156207948,0.4889349960192328,-0.22328252557473297,0.8432600331099782
,180,0,0.6015625,0.8683127572016458,-0.6015625,-0.8683127572016458,2587,3037,2323,1331,2588,3037,2356,1393,10,0,-117,-297,4900,4900,5000,4600,-30.1,97.96000000000001,-211.52,-24.87696706891623,-38.66982025223713,49.546188641716185,-0.4039596710627488,-0.8769175144189209,0.26044626520688924
,181,0,-0.6484375,-0.8353909465020576,0.6484375,0.8353909465020576,1772,1926,3138,2442,1807,1989,3136,2444,-135,-312,15,-3,5000,5000,5000,5000,-28.41,29.75,-262.21,22.040847743504543,32.19216049844465,48.05131830707472,0.6056037637526887,0.7491575168501361,0.2683413801028749
,182,0,0.3515625,-0.16872427983539096,-0.3515625,0.16872427983539096,2424,2361,2486,2007,2425,2365,2509,2008,0,-18,-73,0,5000,5000,4900,5000,-47.76,52.44,-225.95000000000002,-13.003114927928777,7.559829610621804,67.266290472446,-0.34661120952106655,0.21311652529674846,0.913477977884406
,183,0,-0.1484375,0.49794238683127556,0.1484375,-0.49794238683127556,2098,2796,2812,1572,2102,2796,2812,1608,-15,-6,0,-136,5000,4900,5000,4800,-43.76,86.4,-238.95000000000002,1.835715003056123,-25.642819487479187,63.307146733241765,0.06102871250490634,-0.65663410098494,0.7517360931029538
,184,0,0.8515625,-0.6131687242798354,-0.8515625,0.6131687242798354,2750,2071,2160,2297,2749,2109,2217,2297,1,-149,-264,0,5100,5000,4700,4900,-30.09,37.61,-207.26,-32.40706672303298,21.35990227705321,49.53161965129781,-0.7658698352641679,0.5338406861580517,0.35840970583221754
,185,0,-0.7734375,0.05349794238683114,0.7734375,-0.05349794238683114,1691,2506,3219,1862,1750,2506,3218,1862,-290,-2,14,0,4800,5000,5000,4800,-36.6,63.38,-271.68,33.293187825597585,-0.8771848992059077,56.269416484135505,0.8727749697210678,-0.016750713285472552,0.4878352855552967
,186,0,0.2265625,0.7201646090534977,-0.2265625,-0.7201646090534977,2343,2940,2567,1428,2343,2941,2574,1483,0,0,-21,-253,5000,5000,5100,4700,-37.68,96.97,-234.55,-1.9620666819845383,-36.4338274251858,57.20941748694668,-0.022196539015660096,-0.8630941865660476,0.5045549908301558
,187,0,-0.2734375,-0.39094650205761317,0.2734375,0.39094650205761317,2017,2216,2893,2152,2028,2247,2892,2153,-32,-109,16,-4,5000,5000,4900,4900,-45.86,44.980000000000004,-249.4,10.01396716700907,16.282633434987698,65.45225483979749,0.30606397523058165,0.4376394614235486,0.8454564121650269
,188,0,0.7265625,0.27572016460905346,-0.7265625,-0.27572016460905346,2669,2651,2241,1717,2669,2652,2291,1729,0,-3,-233,-32,5000,4800,5100,4900,-36.7,70.83,-206.01,-31.875428872870117,-11.881441875130129,56.13111964390178,-0.7509297645155715,-0.22912999137933499,0.6193576800323817
,189,0,-0.5234375,0.94238683127572,0.5234375,-0.94238683127572,1854,3085,3056,1283,1884,3085,3056,1351,-104,0,10,-341,4900,5000,5100,5000,-27.830000000000002,105.25,-244.3,8.258412432656002,-44.168600581547764,47.39318140141886,0.2993677736615781,-0.9365747084527123,0.18222719769460047
,190,0,0.4765625,-0.9588477366255144,-0.4765625,0.9588477366255144,2506,1846,2404,2522,2506,1926,2424,2523,4,-428,-60,0,4900,4800,5100,4900,-26.45,20.7,-228.49,-12.113491185371032,39.398897459824155,45.97127631207114,-0.24525820115650765,0.9395058911962151,0.23911732512111888
,191,0,-0.0234375,-0.29218106995884774,0.0234375,0.29218106995884774,2180,2281,2730,2087,2181,2288,2729,2087,-15,-22,15,0,5000,5000,5000,4900,-47.64,45.04,-237.45000000000002,-1.9214700659213122,15.573292699667995,67.18911228357197,-0.021171416066481034,0.45342581298474516,0.8910425372903715
,192,0,0.9765625,0.37448559670781867,-0.9765625,-0.37448559670781867,2832,2715,2078,1653,2833,2717,2146,1673,5,0,-347,-56,4900,4700,4900,4800,-28.46,74.63,-195.04,-42.59326510424964,-16.26830888215946,47.85090923715694,-0.9347009264000372,-0.21551557742300442,0.2826432629215507
,193,0,-0.9765625,-0.7366255144032923,0.9765625,0.7366255144032923,1558,1991,3352,2377,1633,2039,3350,2378,-408,-202,15,0,4900,5100,4700,5100,-22.37,38.13,-274.44,34.72939167444511,24.490746010764404,42.05398825099641,0.8317125351219881,0.5491690279297669,0.08165560411649755
,194,0,0.0234375,-0.06995884773662553,-0.0234375,0.06995884773662553,2210,2425,2700,1943,2210,2427,2701,1945,0,-17,-17,-10,5000,5000,5000,5000,-50.08,56.81,-241.81,3.0623056850641035,4.056440777084305,69.64272208489936,0.13169851837247856,0.12436338727135736,0.983457801923849
,195,0,-0.4765625,0.596707818930041,0.4765625,-0.596707818930041,1884,2860,3026,1508,1909,2861,3026,1551,-78,0,13,-178,5000,5000,4900,4800,-38.52,90.95,-254.04,17.16921423553751,-29.364913691931775,58.12081700783161,0.45415992925028,-0.6893397321172301,0.564401889071897
,196,0,0.5234375,-0.51440329218107,-0.5234375,0.51440329218107,2536,2136,2374,2232,2536,2168,2407,2233,0,-113,-114,0,5000,5000,5000,4900,-40.45,37.730000000000004,-221.16,-18.558368894061232,21.99082538162822,59.94168710919388,-0.43934117308305237,0.5622650094884459,0.7005978823397665
,197,0,-0.7265625,0.1522633744855968,0.7265625,-0.1522633744855968,1721,2570,3189,1798,1772,2571,3188,1804,-235,0,14,-16,4800,5000,4900,4800,-38.12,67.03,-269.5,31.309116350014364,-4.640722790344597,57.78088693430655,0.8311110717119132,-0.10517279931181679,0.5460705712293897
,198,0,0.2734375,0.8189300411522633,-0.2734375,-0.8189300411522633,2373,3005,2537,1363,2374,3006,2547,1423,0,0,-27,-286,4800,4900,4900,4700,-32.62,98.06,-233.14000000000001,-3.2926188270262458,-37.59687271146883,52.144167576885025,-0.0305423123068626,-0.9273957628211863,0.37283275910287106
,199,0,-0.2265625,-0.8847736625514403,0.2265625,0.8847736625514403,2047,1894,2863,2474,2052,1964,2862,2475,-14,-362,15,-1,5000,4900,5000,5000,-30.85,22.0,-244.35,3.7777827107125006,38.96020160543342,50.42824388060846,0.15722294641560994,0.933613288389159,0.32194280992681784
,200,0,0.7734375,-0.21810699588477367,-0.7734375,0.21810699588477367,2699,2329,2211,2039,2699,2333,2264,2040,0,-15,-247,0,5000,4900,4800,5000,-38.79,52.71,-204.89000000000001,-33.985028046296634,6.150246424482745,58.22030809712511,-0.8263710591558387,0.1954630155278545,0.5281146486800139
,201,0,-0.8515625,0.44855967078189307,0.8515625,-0.44855967078189307,1640,2763,3270,1605,1701,2763,3269,1630,-303,0,14,-79,5000,4800,4900,4900,-32.57,81.29,-270.44,33.04185289083014,-18.82657990302117,52.231762493564126,0.8270016561701026,-0.42913078766138224,0.36320108448768296
,202,0,0.1484375,-0.6625514403292181,-0.1484375,0.6625514403292181,2292,2039,2618,2329,2292,2090,2621,2329,0,-227,-16,0,5000,4800,5000,4900,-39.58,30.93,-242.52,2.4039398478609826,29.940751175055766,59.14998508991708,0.10528519325302067,0.7868737859447833,0.6080663393698071
,203,0,-0.3515625,0.00411522633744843,0.3515625,-0.00411522633744843,1966,2474,2944,1894,1987,2474,2943,1897,-64,0,14,-12,5000,5000,5000,4900,-47.480000000000004,59.97,-254.26000000000002,15.674764982723417,1.5779825866737909,67.08709780436155,0.48793367237887736,0.0581367917879238,0.8709425037276972
,204,0,0.6484375,0.670781893004115,-0.6484375,-0.670781893004115,2618,2908,2292,1460,2619,2909,2331,1504,0,0,-148,-184,5100,4900,4900,4900,-33.53,88.89,-214.22,-22.685708713587502,-29.467899813263543,52.98753242794308,-0.5212740180202785,-0.716850525016454,0.46303209707387266
,205,0,-0.6015625,-0.4403292181069959,0.6015625,0.4403292181069959,1803,2184,3107,2184,1840,2213,3106,2185,-145,-94,14,0,5000,4900,5000,4900,-39.480000000000004,46.39,-263.98,24.671845363180665,15.668647534952775,59.12465433875796,0.675064573512675,0.3869989401092045,0.628107985892954
,206,0,0.3984375,0.22633744855967075,-0.3984375,-0.22633744855967075,2455,2619,2455,1749,2456,2620,2477,1760,0,-3,-74,-29,5000,4900,5000,4900,-46.56,69.71000000000001,-222.74,-15.266446949033593,-9.858520301332035,66.0516240544615,-0.3676856962556271,-0.2574847986833898,0.8935932000725992
,207,0,-0.1015625,0.8930041152263373,0.1015625,-0.8930041152263373,2129,3053,2781,1315,2130,3053,2780,1388,-1,0,10,-380,5000,4800,4800,4700,-32.75,103.60000000000001,-236.89000000000001,0.752129857461938,-42.92516425113938,52.286706510535836,-0.022236217210070002,-0.9626630083081201,0.2697878482796192
,208,0,0.8984375,-0.8106995884773662,-0.8984375,0.8106995884773662,2781,1943,2129,2425,2781,2001,2182,2426,0,-264,-238,0,5000,4700,4600,5000,-23.56,29.810000000000002,-208.79,-31.279336299636526,29.233908160190904,43.008579298482346,-0.723461884677355,0.6718461088125322,0.15882602901460605
,209,0,-0.9140625,-0.1440329218106996,0.9140625,0.1440329218106996,1599,2377,3311,1991,1669,2378,3310,1992,-375,-6,14,0,4800,4700,5000,5000,-30.86,63.06,-276.76,38.368915612118,-0.27971456331169975,50.547841820210266,0.9544777811765623,0.005924357712039604,0.2982231835823074
,210,0,0.0859375,0.522633744855967,-0.0859375,-0.522633744855967,2251,2812,2659,1556,2251,2812,2660,1595,0,0,-14,-147,5000,5000,5000,4800,-42.67,88.33,-239.31,2.303879603144395,-27.550020375416423,62.2181073949828,0.11095464242567876,-0.7009645466645353,0.704512435407333
,211,0,-0.4140625,-0.5884773662551441,0.4140625,0.5884773662551441,1925,2087,2985,2281,1947,2130,2983,2281,-66,-180,16,0,5000,4800,4800,4900,-39.6,36.58,-254.78,14.952449959285701,24.96466875111396,59.21321240686568,0.43982919972385637,0.6351119352397581,0.6349670107858214
,212,0,0.5859375,0.07818930041152239,-0.5859375,-0.07818930041152239,2577,2522,2333,1846,2577,2522,2372,1849,5,-6,-147,-11,4900,5000,5000,4800,-44.12,59.95,-213.34,-25.173632593375515,-0.6223242199521195,63.57946820281142,-0.641065996584523,-0.005930630551876371,0.7674628431685467
,213,0,-0.6640625,0.7448559670781889,0.6640625,-0.7448559670781889,1762,2957,3148,1411,1802,2958,3147,1461,-162,0,12,-214,4900,5000,5100,4700,-31.14,96.93,-257.73,21.20492574398267,-35.13300016033922,50.753109690519246,0.539683646511209,-0.7754623838653792,0.32771886259138044
,214,0,0.3359375,-0.3662551440329218,-0.3359375,0.3662551440329218,2414,2232,2496,2136,2415,2258,2514,2137,0,-85,-53,-2,5000,5000,4900,4900,-46.38,44.18,-229.09,-10.311248856046149,15.978634163099422,65.89910834916131,-0.2297977109004115,0.4129915968088465,0.8812666753203653
,215,0,-0.1640625,0.3004115226337447,0.1640625,-0.3004115226337447,2088,2667,2822,1701,2095,2668,2822,1722,-19,0,0,-61,5000,5000,5000,4900,-47.730000000000004,76.37,-241.36,3.6833434212153975,-15.49826122833354,67.28761240389014,0.11902836450750263,-0.39826010021408054,0.9095169822604409
,216,0,0.8359375,0.9670781893004112,-0.8359375,-0.9670781893004112,2740,3101,2170,1267,2739,3101,2221,1337,8,0,-218,-356,4900,4500,4800,4600,-20.16,95.71000000000001,-211.1,-25.382781229123765,-36.44221645363017,39.605140741632134,-0.5282307927938592,-0.8484886988651396,0.03223596504702453
,217,0,-0.7890625,-0.934156378600823,0.7890625,0.934156378600823,1681,1862,3229,2506,1731,1934,3226,2507,-226,-377,15,0,5000,4900,4800,4600,-22.05,27.85,-266.03000000000003,25.774890473427348,34.29912778298132,41.70548394483338,0.6618746488430638,0.7440521711499055,0.09114996338991893
,218,0,0.2109375,-0.2674897119341564,-0.2109375,0.2674897119341564,2333,2297,2577,2071,2333,2303,2588,2071,0,-22,-33,0,5000,5000,5000,4900,-48.04,47.15,-235.5,-3.755465425884182,13.360389779487932,67.58169563203865,-0.07330964361372386,0.3802775918998051,0.9219623903674782
,219,0,-0.2890625,0.39917695473251014,0.2890625,-0.39917695473251014,2007,2731,2903,1637,2020,2732,2903,1664,-39,-1,0,-90,5000,5000,4900,4900,-45.410000000000004,80.79,-247.01000000000002,9.573275716531725,-19.60413623184418,64.98722373843898,0.2786506406640507,-0.5026406037656379,0.8183558174190666
,220,0,0.7109375,-0.7119341563786008,-0.7109375,0.7119341563786008,2658,2007,2252,2361,2658,2053,2297,2361,0,-193,-196,0,4800,5000,5000,4800,-33.06,30.09,-214.61,-25.48689281101457,29.26672834264573,52.52946797899662,-0.5680545278884658,0.7088609431561025,0.41812703406172197
,221,0,-0.5390625,-0.04526748971193417,0.5390625,0.04526748971193417,1844,2441,3066,1927,1882,2441,3066,1927,-150,0,13,11,5000,5000,5000,5000,-43.85,59.93,-262.02,23.434142345800893,2.040571893926291,63.48512972146909,0.6705599384936705,0.05197017344940514,0.7400327492476291
,222,0,0.4609375,0.6213991769547322,-0.4609375,-0.6213991769547322,2495,2876,2415,1492,2495,2877,2439,1534,0,0,-77,-165,5000,5000,4900,4900,-38.38,88.82000000000001,-222.92000000000002,-14.019824057399774,-28.92749931874438,57.86890625414954,-0.32555510259746484,-0.734517003267767,0.5953978897202216
,223,0,-0.0390625,-0.4897119341563786,0.0390625,0.4897119341563786,2170,2152,2740,2216,2171,2189,2739,2217,0,-142,15,-4,5000,4900,5000,4900,-44.160000000000004,37.87,-238.94,-0.8104369300475298,22.81491350330669,63.71579492011414,0.025938986512452016,0.604914332102216,0.7958679663085053
,224,0,0.9609375,0.17695473251028804,-0.9609375,-0.17695473251028804,2821,2586,2089,1782,2822,2587,2156,1787,0,0,-338,-16,4900,4700,4900,4900,-29.13,64.28,-196.15,-42.049225998630874,-5.873562931417922,48.5267628241858,-0.9420099746476729,-0.02625538121175553,0.3345562174309662
,225,0,-0.9453125,0.8436213991769546,0.9453125,-0.8436213991769546,1579,3021,3331,1347,1646,3021,3330,1402,-343,0,13,-247,4800,5100,5000,4900,-20.91,98.06,-263.86,27.42395385743859,-35.92470495323727,40.54509358331471,0.6741713126123989,-0.73847736020014,0.012009567948429764
,226,0,0.0546875,-0.8600823045267489,-0.0546875,0.8600823045267489,2231,1910,2679,2458,2231,1979,2681,2459,0,-350,-14,0,4900,4900,4900,4700,-31.720000000000002,22.89,-242.0,1.476456298908488,37.94360739894616,51.289599188056975,0.10581350478755945,0.9274706575339599,0.3586107661770579
,227,0,-0.4453125,-0.1934156378600823,0.4453125,0.1934156378600823,1905,2345,3005,2023,1934,2348,3004,2024,-97,-15,14,0,4900,5000,5000,4900,-45.09,54.29,-258.65,19.758478812633115,7.488832796956466,64.71397093312076,0.5880991815963382,0.22406461777634634,0.7771321635773786
,228,0,0.5546875,0.4732510288065843,-0.5546875,-0.4732510288065843,2557,2780,2353,1588,2557,2780,2386,1615,0,-1,-116,-90,4900,4900,4900,4900,-40.99,80.71000000000001,-217.36,-20.0212645544635,-21.132289063775602,60.46027829247847,-0.4854011549074681,-0.5392783824584417,0.6881602611510652
,229,0,-0.6953125,-0.6378600823045268,0.6953125,0.6378600823045268,1742,2055,3168,2313,1783,2096,3166,2313,-169,-167,16,0,5000,5000,5000,4900,-32.59,38.39,-266.83,27.108055934056694,23.814155772783913,52.24641520350128,0.708007477856542,0.5732015671583258,0.41251106010197774
,230,0,0.3046875,0.028806584362139898,-0.3046875,-0.028806584362139898,2394,2490,2516,1878,2395,2490,2534,1880,0,-1,-55,-13,5000,5000,5000,4900,-49.03,59.61,-228.0,-10.571450555830722,0.5112224281060236,68.5423959414633,-0.2638750807539309,0.011437544101138336,0.9644890483266468
,231,0,-0.1953125,0.6954732510288062,0.1953125,-0.6954732510288062,2068,2924,2842,1444,2073,2925,2842,1498,-15,0,0,-244,5000,5000,5000,5000,-37.82,96.48,-235.01,-1.5298536066336794,-35.91962926910105,57.351164140433774,0.06106366762108377,-0.8397859026659302,0.539472766856892
,232,0,0.8046875,-0.4156378600823045,-0.8046875,0.4156378600823045,2720,2200,2190,2168,2720,2227,2241,2169,0,-83,-240,0,5000,5000,4900,4700,-35.57,45.51,-205.8,-33.455698751046384,13.390237528951822,55.00490154360834,-0.7990276586531218,0.31550844889997876,0.5118683613782349
,233,0,-0.8203125,0.251028806584362,0.8203125,-0.251028806584362,1660,2635,3250,1733,1723,2636,3249,1742,-317,0,15,-24,4800,5000,5000,4900,-34.9,72.97,-271.59000000000003,33.730077985256884,-10.457290323514428,54.56738621192317,0.867597789626137,-0.22574813460245108,0.4430709369382686
,234,0,0.1796875,0.9176954732510285,-0.1796875,-0.9176954732510285,2312,3069,2598,1299,2312,3069,2599,1373,0,0,-10,-386,4900,5000,5000,4800,-27.72,103.72,-230.89000000000001,-5.214392956782376,-43.368841275407874,47.235067548254555,0.0642834549675156,-0.9716405194563121,0.22755732984922042
,235,0,-0.3203125,-0.7860082304526749,0.3203125,0.7860082304526749,1986,1959,2924,2409,1996,2023,2923,2410,-28,-315,14,-7,4800,4800,5100,4600,-34.69,27.64,-249.04,8.753236740596975,33.581700001209164,54.284132583600744,0.2830192589910441,0.8406245140754885,0.46179056440718774
,236,0,0.6796875,-0.11934156378600824,-0.6796875,0.11934156378600824,2638,2393,2272,1975,2638,2395,2319,1975,0,-1,-207,0,5000,5000,4800,5000,-39.51,55.56,-209.0,-29.728974781024277,3.527310820119048,58.95462370946452,-0.7416781234125721,0.06915019960982911,0.6671819925216251
,237,0,-0.5703125,0.5473251028806583,0.5703125,-0.5473251028806583,1823,2828,3087,1540,1859,2829,3088,1574,-138,0,0,-121,5000,5000,5000,5000,-38.01,88.77,-257.24,20.24795289299388,-27.014210628046172,57.62275738838552,0.5368166347367523,-0.6197732902216032,0.5724587054083439
,238,0,0.4296875,-0.5637860082304527,-0.4296875,0.5637860082304527,2475,2103,2435,2265,2476,2142,2455,2265,0,-156,-63,0,5000,4900,5000,4800,-40.7,35.14,-227.25,-12.618901323703426,24.90753637832535,60.21412415222209,-0.29138378937875936,0.6371285568302781,0.7135563673310198
,239,0,-0.0703125,0.10288065843621386,0.0703125,-0.10288065843621386,2149,2538,2761,1830,2152,2538,2761,1838,-16,0,0,-18,5000,5000,5000,5000,-49.97,65.4,-238.38,0.10413921595173292,-4.70706289138657,69.5188084306202,0.026464684925349213,-0.124657558626223,0.99184681958917
,240,0,0.9296875,0.7695473251028804,-0.9296875,-0.7695473251028804,2801,2973,2109,1395,2800,2974,2169,1444,0,0,-288,-209,4900,4700,5100,4900,-23.67,88.82000000000001,-205.56,-31.301250665110643,-29.86445826551693,43.09636069374034,-0.7154135710121549,-0.6808350843239251,0.1569936634557906
,241,0,-0.8828125,-0.34156378600823045,0.8828125,0.34156378600823045,1619,2248,3291,2120,1681,2266,3290,2121,-310,-56,15,-1,5000,4800,5000,4900,-31.63,55.65,-275.28000000000003,36.48604670095747,7.038719547693638,51.313822777061446,0.9214338839407954,0.16165310300056285,0.3533098807223908
,242,0,0.1171875,0.3251028806584362,-0.1171875,-0.3251028806584362,2271,2683,2639,1685,2271,2684,2641,1708,-2,-6,-15,-73,5000,4900,5000,5000,-47.410000000000004,77.51,-239.84,2.228636299155994,-16.718980422688702,66.96192568699401,0.08153092969823049,-0.4489858943264697,0.889811426201306
,243,0,-0.3828125,0.9917695473251027,0.3828125,-0.9917695473251027,1945,3118,2965,1250,1960,3118,2965,1329,-38,0,4,-423,4900,5100,4700,4700,-29.02,106.06,-245.69,9.686052847553242,-44.902389038390396,48.58804429997942,0.20310643365188152,-0.9709121060046658,0.1267969203995049
,244,0,0.6171875,-0.9972565157750343,-0.6171875,0.9972565157750343,2597,1821,2313,2547,2598,1905,2340,2548,0,-465,-89,0,5000,4900,4800,5000,-23.990000000000002,21.36,-224.69,-15.863190748861314,38.53449145940547,43.497462363933344,-0.3721155295902732,0.9133897937392275,0.16507306664250723
,245,0,-0.6328125,-0.33058984910836764,0.6328125,0.33058984910836764,1782,2255,3128,2113,1826,2262,3128,2113,-189,-23,14,12,4800,4900,5000,5000,-39.84,50.370000000000005,-265.44,26.344466196396212,11.773645569014732,59.48920781032565,0.7275680476674787,0.32066981284035434,0.6064780351721454
,246,0,0.3671875,0.3360768175582989,-0.3671875,-0.3360768175582989,2434,2690,2476,1678,2435,2691,2495,1700,0,-6,-59,-65,5000,5000,5000,5000,-46.37,75.14,-226.23000000000002,-11.48613523826998,-15.090969522144064,65.87324658646976,-0.2793947143274232,-0.4060539720538955,0.8700912396899256
,247,0,-0.1328125,-0.7750342935528121,0.1328125,0.7750342935528121,2108,1966,2802,2402,2110,2029,2799,2403,-12,-307,16,0,4800,4800,4900,4700,-34.95,26.13,-241.39000000000001,1.0316553679171818,34.674059081004735,54.516797032694896,0.05954718519896156,0.8724988018465571,0.48497419880979487
,248,0,0.8671875,-0.10836762688614543,-0.8671875,0.10836762688614543,2760,2400,2150,1968,2760,2401,2212,1969,0,0,-308,0,4800,5100,4900,5000,-33.14,55.620000000000005,-201.26,-37.431362503228485,3.0495831740436685,52.55672564267624,-0.8849093444537259,0.09147834451346631,0.4566915420538815
,249,0,-0.7578125,0.558299039780521,0.7578125,-0.558299039780521,1701,2835,3209,1533,1753,2836,3208,1564,-241,0,14,-111,5100,4900,4900,4900,-33.89,87.92,-264.74,27.705500635977586,-25.756747705574867,53.52999931347709,0.704648351796313,-0.5789757821721518,0.41019232558506524
,250,0,0.2421875,-0.5528120713305898,-0.2421875,0.5528120713305898,2353,2111,2557,2257,2353,2152,2565,2257,0,-169,-23,-3,5000,5000,5100,4900,-42.77,35.21,-237.39000000000001,-2.4975595298895996,25.38736206505348,62.32068713565127,-0.023877891005893825,0.6663120133985702,0.7452906460716211
,251,0,-0.2578125,0.11385459533607678,0.2578125,-0.11385459533607678,2027,2545,2883,1823,2040,2545,2882,1831,-43,-6,16,-19,5000,5000,5000,4900,-48.870000000000005,65.59,-248.31,10.033697874351503,-4.357273469090785,68.45461286144668,0.31121515442948855,-0.10841919655138797,0.9441347390455356
,252,0,0.7421875,0.7805212620027433,-0.7421875,-0.7805212620027433,2679,2980,2231,1388,2679,2981,2273,1439,0,0,-173,-221,5000,4900,4700,4600,-28.34,92.17,-211.57,-25.135060206346594,-32.88498576032579,47.78741695852237,-0.558380212395894,-0.7730329189479441,0.301050900393168
,253,0,-0.5078125,-0.9231824417009602,0.5078125,0.9231824417009602,1864,1869,3046,2499,1889,1941,3045,2500,-79,-370,14,0,5000,4800,5000,4900,-26.69,23.48,-255.6,15.10641674497802,38.09470242213416,46.308600439558056,0.41868751318486475,0.872703007290616,0.251177680873497
,254,0,0.4921875,-0.25651577503429357,-0.4921875,0.25651577503429357,2516,2304,2394,2064,2516,2310,2424,2064,0,-18,-105,3,5000,5000,5000,4900,-45.28,48.69,-220.13,-19.009172553094913,10.989261762540181,64.76597710837098,-0.4957360749608148,0.3021915008851771,0.8142027025103816
,255,0,-0.0078125,0.41015089163237306,0.0078125,-0.41015089163237306,2190,2738,2720,1630,2190,2740,2720,1660,-2,-3,0,-103,5000,5000,5000,4900,-46.02,80.9,-235.42000000000002,-1.9957760319823876,-20.343420593876388,65.55537888649042,-0.05463300939952535,-0.5546990199273643,0.8302555218579235
,256,0,0.9921875,-0.700960219478738,-0.9921875,0.700960219478738,2842,2014,2068,2354,2843,2058,2135,2353,0,-168,-337,0,4900,5100,5000,5000,-24.19,35.660000000000004,-204.64000000000001,-35.107851927741876,23.16699757187645,43.62255323828017,-0.8090592425343344,0.5596088228058115,0.17961377315691143
,257,0,-0.99609375,-0.03429355281207136,0.99609375,0.03429355281207136,1546,2449,3364,1919,1627,2449,3363,1919,-452,0,14,0,4900,5000,4800,4700,-27.72,63.64,-278.88,40.52854699704491,-0.7425885477147602,47.415408268512564,0.9791518115731451,-0.01255757722345992,0.20274130597218157
,258,0,0.00390625,0.6323731138545949,-0.00390625,-0.6323731138545949,2198,2883,2712,1485,2198,2884,2712,1531,0,0,0,-188,5000,5000,4900,4900,-40.53,93.3,-241.95000000000002,5.217483699497848,-32.368563760679336,60.08675786615102,0.10502075151057327,-0.7998879666406161,0.5908890611406633
,259,0,-0.49609375,-0.4787379972565158,0.49609375,0.4787379972565158,1872,2159,3038,2209,1898,2193,3038,2211,-84,-122,14,-2,5000,5000,4900,5000,-41.12,43.52,-259.1,19.637366585793842,18.268866400737274,60.74754844807628,0.5717373947992765,0.46930794221096267,0.6729534952475156
,260,0,0.50390625,0.18792866941015074,-0.50390625,-0.18792866941015074,2523,2594,2387,1774,2523,2595,2418,1782,0,0,-112,-20,5000,5000,5000,4800,-46.1,65.9,-218.25,-19.954990698251635,-6.29772805489425,65.57610739925676,-0.5075411396624585,-0.18016310118249357,0.8425813008383459
,261,0,-0.74609375,0.8545953360768173,0.74609375,-0.8545953360768173,1709,3028,3201,1340,1755,3028,3200,1397,-195,0,13,-268,4900,4900,4800,4900,-25.39,99.96000000000001,-256.53000000000003,20.191865962581545,-38.221524901623454,44.99827478395741,0.5594392308542618,-0.8110337536080985,0.17103215337926916
,262,0,0.25390625,-0.8491083676268861,-0.25390625,0.8491083676268861,2361,1917,2549,2451,2361,1985,2556,2452,0,-344,-21,0,5000,4900,5100,4800,-32.61,23.61,-239.76,-0.7243343473539596,37.102726847176925,52.17138171735771,0.025348701914421807,0.9191642267523494,0.3930579697322126
,263,0,-0.24609375,-0.1824417009602195,0.24609375,0.1824417009602195,2035,2352,2875,2016,2047,2356,2874,2017,-36,-16,15,0,5000,5000,5000,4900,-48.28,53.09,-249.25,10.295791333158121,8.175544350658733,67.87024609663207,0.3326915287419652,0.2599762010150097,0.9064925380879525
,264,0,0.75390625,0.484224965706447,-0.75390625,-0.484224965706447,2686,2787,2224,1581,2686,2787,2270,1609,0,0,-204,-95,5000,5000,4800,5000,-36.730000000000004,76.0,-209.75,-27.86039361315244,-16.840784541360975,56.17368937641553,-0.6942230123140333,-0.49459421206704735,0.5229062770357666
,265,0,-0.87109375,-0.6268861454046639,0.87109375,0.6268861454046639,1627,2062,3283,2306,1686,2098,3281,2306,-290,-140,16,-2,5000,5000,5100,5000,-27.400000000000002,41.25,-273.05,33.49276324402743,21.298000368992934,47.07838128817333,0.8343074266241884,0.48885527539103946,0.25485611156508664
,266,0,0.12890625,0.0397805212620026,-0.12890625,-0.0397805212620026,2279,2497,2631,1871,2279,2497,2636,1875,0,-13,-20,-14,5000,5000,5000,5000,-50.13,61.660000000000004,-238.44,-0.03957194885308013,-0.9693813715530126,69.67969335037691,0.02490887963444132,-0.026206536624040624,0.9993461688291649
,267,0,-0.37109375,0.7064471879286691,0.37109375,-0.7064471879286691,1953,2932,2957,1436,1970,2933,2957,1490,-47,0,0,-245,5000,5000,5000,4700,-35.58,95.60000000000001,-243.21,6.61827301866353,-34.59491209267719,55.14092503558327,0.2792807332792734,-0.819255284021355,0.5008223753209118
,268,0,0.62890625,-0.4046639231824417,-0.62890625,0.4046639231824417,2605,2207,2305,2161,2606,2233,2341,2162,0,-84,-137,0,5000,4900,5000,5000,-41.77,44.78,-214.12,-25.209934104341414,14.568528764950116,61.23501351325386,-0.6111907076744852,0.3716906906626405,0.6987788987420062
,269,0,-0.62109375,0.2620027434842249,0.62109375,-0.2620027434842249,1790,2642,3120,1726,1832,2643,3120,1737,-176,0,14,-29,5000,5000,5000,4900,-41.36,73.01,-263.62,25.75084252723363,-10.932340698371348,60.998578064665054,0.7006048105811137,-0.26129882637774327,0.663984806094399
,270,0,0.37890625,0.9286694101508914,-0.37890625,-0.9286694101508914,2442,3076,2468,1292,2443,3076,2482,1364,0,0,-40,-369,4700,4800,4800,4800,-28.830000000000002,98.61,-234.64000000000001,-1.7513620867781583,-38.063207064947704,48.35950643863166,-0.09274371544999531,-0.9666946338304205,0.23853739364719928
,271,0,-0.12109375,-0.9725651577503429,0.12109375,0.9725651577503429,2116,1837,2794,2531,2117,1920,2793,2532,0,-452,14,0,4800,4800,5100,4700,-26.98,19.82,-242.77,2.095675599016971,41.05265850055699,46.552958109619034,0.0896634576882065,0.9713199021227574,0.22022286914766967
,272,0,0.87890625,-0.3058984910836763,-0.87890625,0.3058984910836763,2768,2272,2142,2096,2768,2277,2205,2095,0,-16,-318,0,4800,4800,4700,4700,-32.1,50.65,-202.56,-36.39937606483173,8.083219473577572,51.522312961499175,-0.8600777963562292,0.25486848717703015,0.4419369168321475
,273,0,-0.93359375,0.3607681755829901,0.93359375,-0.3607681755829901,1586,2706,3324,1662,1654,2707,3323,1678,-356,0,15,-47,5000,5000,5100,4900,-30.25,76.54,-275.0,37.345553750681376,-13.835155055410098,49.92908212070153,0.9087546149246531,-0.3010301208545237,0.28904310438316455
,274,0,0.06640625,-0.7503429355281207,-0.06640625,0.7503429355281207,2238,1982,2672,2386,2238,2041,2673,2388,0,-278,-15,-3,5000,5000,4900,4900,-36.17,26.64,-243.45000000000002,3.111908293950819,34.27619105601167,55.74413105341489,0.13356716970395766,0.8585636215827306,0.4950033523846276
,275,0,-0.43359375,-0.08367626886145407,0.43359375,0.08367626886145407,1912,2416,2998,1952,1941,2417,2997,1953,-99,0,14,0,4900,5000,5000,4900,-45.75,56.95,-258.35,19.600964950556858,4.816221704390102,65.3724079697044,0.585808672509471,0.1496210627399622,0.7965185100154645
,276,0,0.56640625,0.5829903978052124,-0.56640625,-0.5829903978052124,2564,2851,2346,1517,2565,2852,2378,1553,-1,-4,-108,-134,4900,4900,5000,5000,-38.31,86.17,-217.88,-19.19597724538133,-26.55500171586567,57.78119480174324,-0.45055787029297156,-0.6563571743245341,0.60513871569234
,277,0,-0.68359375,-0.5281207133058985,0.68359375,0.5281207133058985,1749,2127,3161,2241,1789,2159,3160,2241,-162,-117,15,0,5000,5000,5000,4900,-35.07,43.300000000000004,-266.94,27.475549008213278,18.916440036261733,54.72591704957236,0.7328082115989488,0.45998952306509017,0.501399804231614
,278,0,0.31640625,0.13854595336076825,-0.31640625,-0.13854595336076825,2401,2561,2509,1807,2402,2563,2526,1814,0,-1,-51,-18,4900,5000,5000,4900,-48.9,65.42,-228.31,-9.946013447509415,-5.273330197281872,68.41247539785007,-0.24390591412843596,-0.1390334613499625,0.9597810175650587
,279,0,-0.18359375,0.8052126200274348,0.18359375,-0.8052126200274348,2075,2996,2835,1372,2078,2997,2834,1432,-12,0,1,-289,5000,5000,5100,4700,-35.07,100.74000000000001,-238.53,2.2260924681258416,-39.981216296527165,54.61312106149173,0.0322996210304722,-0.9164224336624609,0.39890682817101525
,280,0,0.81640625,-0.8984910836762688,-0.81640625,0.8984910836762688,2727,1885,2183,2483,2727,1951,2229,2484,0,-327,-207,0,5000,5000,5100,4800,-23.87,26.27,-214.5,-25.771097636825203,33.07856547480813,43.33981481389546,-0.5895857063842707,0.7899845769363962,0.16826485975979422
,281,0,-0.80859375,-0.2318244170096022,0.80859375,0.2318244170096022,1668,2320,3242,2048,1729,2324,3241,2048,-303,-17,15,0,4800,4800,4800,4800,-35.29,58.22,-272.78000000000003,34.11612548643538,4.335414383986851,54.9643178981148,0.886582033879478,0.1196181391866839,0.4468375521144609
,282,0,0.19140625,0.43484224965706453,-0.19140625,-0.43484224965706453,2320,2754,2590,1614,2320,2754,2595,1643,0,-1,-18,-96,5000,5000,5000,5000,-45.42,82.21000000000001,-236.86,-0.484632226029305,-21.573086540864367,64.96034438618999,0.00540991590492291,-0.5739582121549771,0.8188667190146172
,283,0,-0.30859375,-0.6762688614540466,0.30859375,0.6762688614540466,1994,2030,2916,2338,2004,2080,2914,2339,-26,-219,15,-1,5000,5000,4800,4800,-37.56,31.02,-249.08,8.966367275024396,30.207781360827212,57.15365316784088,0.28116293768834943,0.7581217645517642,0.5883866012949113
,284,0,0.69140625,-0.009602194787380003,-0.69140625,0.009602194787380003,2646,2465,2264,1903,2646,2465,2312,1903,0,-13,-205,0,5000,4800,5000,4800,-42.21,55.88,-208.89000000000001,-29.831140835157697,3.20079937973734,61.65415188614331,-0.7449519607031065,0.09136982928388218,0.6608313934289374
,285,0,-0.55859375,0.6570644718792864,0.55859375,-0.6570644718792864,1831,2899,3079,1469,1865,2900,3079,1511,-124,0,14,-170,5000,4900,5000,4700,-36.15,92.69,-254.52,17.751485322267712,-31.075400496645386,55.75225303941982,0.4726946274988747,-0.7280376901108143,0.4965087218889613
,286,0,0.44140625,-0.4540466392318244,-0.44140625,0.4540466392318244,2483,2175,2427,2193,2484,2205,2448,2194,0,-112,-63,0,5000,5000,4800,4900,-43.21,40.97,-225.82,-13.739287378398956,19.00756006371782,62.717904209558185,-0.3362654592790463,0.5015555359199936,0.797099482676949
,287,0,-0.05859375,0.2126200274348422,0.05859375,-0.2126200274348422,2157,2610,2753,1758,2159,2611,2753,1772,-14,0,0,-38,5000,4900,5000,4900,-49.1,71.12,-236.5,-1.4594067300537006,-10.520365548339306,68.64100646354777,-0.018190543605686994,-0.2797233216684623,0.9599083119955216
,288,0,0.94140625,0.8792866941015087,-0.94140625,-0.8792866941015087,2809,3044,2101,1324,2809,3044,2159,1386,0,0,-263,-289,4900,5000,4800,4500,-22.22,94.3,-203.83,-32.72596444176341,-35.4297541352431,41.639146729689585,-0.6840707889887968,-0.7276469581788396,0.050764750618187325
,289,0,-0.96484375,-0.8244170096021948,0.96484375,0.8244170096021948,1566,1934,3344,2434,1633,1989,3341,2435,-348,-257,15,-9,4800,4900,4900,4900,-19.490000000000002,34.38,-273.6,33.69739453737006,28.190690914030018,39.17164725419057,0.8034166185275419,0.5940791309992555,0.039896405664417905
,290,0,0.03515625,-0.15775034293552814,-0.03515625,0.15775034293552814,2218,2368,2692,2000,2218,2373,2693,2001,0,-19,-3,0,5000,5000,5000,5000,-49.34,53.25,-243.29,4.349497424233135,7.691816370719607,68.90870456479799,0.1497940279370598,0.2237977125521555,0.9630557268667342
,291,0,-0.46484375,0.5089163237311385,0.46484375,-0.5089163237311385,1892,2803,3018,1565,1917,2803,3018,1601,-81,0,12,-137,5000,4900,5000,4800,-41.27,85.58,-254.76000000000002,17.586724752490255,-23.964775252873537,60.874358328974225,0.46917504378112057,-0.5868329604485564,0.6599256434055027
,292,0,0.53515625,-0.6021947873799726,-0.53515625,0.6021947873799726,2544,2078,2366,2290,2544,2117,2397,2291,0,-157,-108,-6,4800,4900,5000,5000,-38.72,33.84,-223.26,-16.66645408896042,25.989744804520665,58.219972318802085,-0.38705862898904975,0.6613873286336129,0.6424581069984331
,293,0,-0.71484375,0.06447187928669385,0.71484375,-0.06447187928669385,1729,2513,3181,1855,1778,2513,3180,1855,-222,0,6,0,5100,5000,4800,5000,-38.7,62.5,-269.51,31.071080363706443,-0.11707823296870856,58.36173010397109,0.8292216649592595,-9.170385419863495e-05,0.5589198707798789
,294,0,0.28515625,0.7311385459533604,-0.28515625,-0.7311385459533604,2381,2948,2529,1420,2382,2949,2539,1475,-4,0,-26,-254,5000,4800,4900,4700,-36.24,97.0,-227.75,-8.74519073559685,-36.832413922822084,55.74488449748956,-0.06630046322220119,-0.8627327620490784,0.5012947534771234
,295,0,-0.21484375,-0.37997256515775035,0.21484375,0.37997256515775035,2055,2223,2855,2145,2062,2252,2854,2147,-21,-102,14,-8,5000,5000,5000,4800,-46.300000000000004,44.7,-246.03,6.6321766538499105,16.379099220003077,65.88014183121933,0.21949992505635252,0.4328184346732258,0.8743500360309217
,296,0,0.78515625,0.28669410150891617,-0.78515625,-0.28669410150891617,2707,2658,2203,1710,2707,2659,2253,1723,0,0,-228,-31,4900,4800,4800,4800,-35.85,69.91,-204.49,-33.44007043770122,-11.045000693841338,55.275805126401366,-0.7863962005945637,-0.2168182400276704,0.5784210114455888
,297,0,-0.83984375,0.9533607681755827,0.83984375,-0.9533607681755827,1648,3092,3262,1276,1703,3092,3261,1341,-254,0,11,-317,4800,4700,5100,4900,-21.01,102.66,-260.08,23.898931203336502,-40.72317333781177,40.63062983473106,0.5634279689020939,-0.8261626181193483,0.0020621059732007507
,298,0,0.16015625,-0.9478737997256516,-0.16015625,0.9478737997256516,2299,1853,2611,2515,2299,1932,2612,2516,0,-421,-15,0,4800,5100,4800,5000,-28.45,20.77,-243.25,2.621258558880214,40.12956796193008,48.0245104905416,0.10152432280870176,0.9609694214536606,0.25735303166905
,299,0,-0.33984375,-0.2812071330589849,0.33984375,0.2812071330589849,1973,2288,2937,2080,1991,2294,2936,2079,-54,-22,13,10,5000,5000,5000,4900,-45.96,49.21,-253.63,14.466991766280358,12.28848016105534,65.56676048428758,0.44062422393589457,0.36724920122848803,0.8191326617086689
,300,0,0.66015625,0.3854595336076816,-0.66015625,-0.3854595336076816,2625,2722,2285,1646,2625,2723,2326,1666,0,-2,-166,-58,5000,5000,5000,5000,-39.43,75.45,-211.33,-26.322295996277177,-16.20682943974576,58.87947145376372,-0.6297256869770989,-0.3924430539135459,0.6703983954308289
,301,0,-0.58984375,-0.7256515775034293,0.58984375,0.7256515775034293,1810,1998,3100,2370,1844,2046,3099,2371,-128,-206,14,0,5000,5000,5000,4700,-32.75,32.29,-260.26,20.216039619820123,29.54841569229042,52.38379897196728,0.550891946968132,0.713088249733429,0.43361643287331253
,302,0,0.41015625,-0.058984910836762716,-0.41015625,0.058984910836762716,2462,2433,2448,1935,2463,2433,2471,1936,0,-2,-76,3,5000,5000,5000,4900,-47.68,55.65,-223.01,-15.764199190594582,4.1949820054557705,67.1751077522208,-0.4187558281937772,0.10467121058495964,0.9020462815335045
,303,0,-0.08984375,0.6076817558299037,0.08984375,-0.6076817558299037,2136,2867,2774,1501,2137,2868,2774,1546,0,0,0,-187,5000,5000,4800,4700,-41.09,89.75,-237.32,0.3995977108004922,-29.075370747431407,60.63068284021335,-0.012012990473636421,-0.7701980371008545,0.6376916744837363
,304,0,0.91015625,-0.5034293552812071,-0.91015625,0.5034293552812071,2788,2143,2122,2225,2788,2173,2182,2226,0,-98,-287,0,4900,4900,4900,5000,-31.990000000000002,43.82,-203.95000000000002,-35.38184552261541,14.978650224372778,51.418551905968464,-0.8346301680089238,0.3926300098929136,0.3863083716163629
,305,0,-0.90234375,0.1632373113854595,0.90234375,-0.1632373113854595,1607,2577,3303,1791,1674,2578,3302,1794,-344,0,15,-13,5100,5000,4800,5000,-31.85,67.44,-275.69,37.534736608973304,-4.711715650101802,51.533190366362206,0.9362922473700426,-0.10410756064647858,0.335437689192784
,306,0,0.09765625,0.829903978052126,-0.09765625,-0.829903978052126,2259,3012,2651,1356,2259,3012,2651,1418,0,0,0,-301,5000,5000,4800,5000,-34.410000000000004,100.11,-244.56,8.21532870248376,-39.02453106712217,53.97499669987198,0.09708034870226784,-0.9326870888025163,0.34737616538405913
,307,0,-0.40234375,-0.8737997256515775,0.40234375,0.8737997256515775,1933,1901,2977,2467,1949,1968,2976,2468,-46,-335,15,0,5100,4800,4900,4800,-29.86,24.240000000000002,-251.79,11.33193053450833,37.12779180286462,49.464695764689736,0.3429458701420065,0.8797571250686818,0.3292651379108178
,308,0,0.59765625,-0.20713305898491086,-0.59765625,0.20713305898491086,2585,2336,2325,2032,2586,2341,2363,2032,0,-17,-147,9,5000,4900,5000,4900,-43.37,51.06,-213.74,-25.254174743731056,8.276561275667675,62.832507763521846,-0.6420791133438568,0.1973649832924077,0.740797864182635
,309,0,-0.65234375,0.4595336076817558,0.65234375,-0.4595336076817558,1770,2771,3140,1597,1811,2771,3140,1622,-170,-4,0,-80,5000,4900,4800,4900,-38.44,82.60000000000001,-263.16,25.82266464726061,-20.53207626875951,58.07522065208292,0.6602865591992987,-0.4873172068651954,0.571439935280914
,310,0,0.34765625,-0.6515775034293553,-0.34765625,0.6515775034293553,2422,2046,2488,2322,2423,2093,2503,2323,0,-200,-44,-14,5000,5000,5000,4800,-39.51,31.36,-233.45000000000002,-6.6290282543106684,29.019003657173712,59.0471805256819,-0.12549770269041755,0.7509883341820744,0.6482799152695232
,311,0,-0.15234375,0.015089163237311354,0.15234375,-0.015089163237311354,2096,2481,2814,1887,2103,2481,2813,1890,-22,0,13,-14,5000,5000,5000,4900,-49.86,60.31,-243.68,5.120343774295833,0.6632069673777039,69.42884469961629,0.16871281437505184,0.02651025472258704,0.9853086788718515
,312,0,0.84765625,0.6817558299039777,-0.84765625,-0.6817558299039777,2748,2915,2162,1453,2748,2916,2216,1497,0,0,-243,-178,4700,4800,4700,4700,-28.89,84.52,-207.75,-29.366702127432973,-25.453861179679535,48.32499869055862,-0.6759333053984251,-0.6611691982974216,0.3255295038485815
,313,0,-0.77734375,-0.42935528120713307,0.77734375,0.42935528120713307,1688,2191,3222,2177,1742,2215,3221,2178,-255,-71,14,-2,4800,4900,4800,4900,-34.12,49.65,-270.92,31.797813303624224,12.79223436923587,53.78914796992466,0.830576256816522,0.3094176978572434,0.4630375469283016
,314,0,0.22265625,0.23731138545953345,-0.22265625,-0.23731138545953345,2340,2626,2570,1742,2340,2627,2579,1756,0,-1,-27,-40,5000,5000,5000,4900,-48.64,71.69,-234.36,-3.5636381001745576,-11.20553259323966,68.17318549182696,-0.07290919759887986,-0.30230545964814814,0.9504186750966173
,315,0,-0.27734375,0.9039780521262,0.27734375,-0.9039780521262,2014,3060,2896,1308,2021,3060,2896,1380,-20,0,0,-369,5000,5100,4900,5000,-29.39,103.86,-234.09,-2.017533284838521,-43.33553327827724,48.91657842101931,0.09613189365281281,-0.9566783111825832,0.2748186091507708
,316,0,0.72265625,-0.7997256515775034,-0.72265625,0.7997256515775034,2666,1950,2244,2418,2666,2011,2283,2419,0,-293,-159,0,5100,4900,4900,5000,-29.8,28.5,-217.32,-22.855515085486616,31.002729845298173,49.279552588038925,-0.5591729783704447,0.7553539715365556,0.3417103421675707
,317,0,-0.52734375,-0.1330589849108368,0.52734375,0.1330589849108368,1851,2384,3059,1984,1887,2387,3059,1985,-135,-17,1,0,5000,5000,5000,4900,-44.36,59.61,-261.15,22.546225431098122,2.3126768061973877,63.9920443782928,0.6527733037311721,0.0692931890625699,0.7543775367052165
,318,0,0.47265625,0.5336076817558297,-0.47265625,-0.5336076817558297,2503,2819,2407,1549,2503,2820,2431,1583,0,-9,-75,-118,4900,5000,5000,5000,-41.09,84.24,-222.29,-14.90728037687171,-24.389471912842595,60.57743510655516,-0.35070560644429577,-0.6286320703793302,0.6941378088673279
,319,0,-0.02734375,-0.5775034293552812,0.02734375,0.5775034293552812,2177,2095,2733,2273,2177,2140,2732,2273,0,-191,13,-3,5000,5000,5000,4800,-41.97,34.42,-239.58,-0.3508185714422041,26.295391173391767,61.528736129758464,0.02274365229730191,0.6946004195260405,0.7190361489344107
,320,0,0.97265625,0.08916323731138531,-0.97265625,-0.08916323731138531,2829,2529,2081,1839,2830,2529,2149,1841,0,0,-350,-11,4900,4800,5100,4900,-32.04,57.370000000000005,-198.39000000000001,-40.19814971870247,1.1467647056667545,51.44606350651909,-0.9464445417404778,0.025743069611708937,0.3218385057394832
,321,0,-0.98046875,0.7558299039780518,0.98046875,-0.7558299039780518,1556,2964,3354,1404,1629,2965,3353,1448,-388,0,13,-180,4800,4900,5100,4800,-22.53,93.61,-268.87,32.17911757508469,-31.209883339308647,42.18395757010964,0.7433330907860448,-0.6665177082549016,0.05665739779675364
,322,0,0.01953125,-0.355281207133059,-0.01953125,0.355281207133059,2208,2239,2702,2129,2208,2265,2703,2130,0,-88,-15,-2,5000,5000,5000,5000,-47.08,45.32,-242.6,3.2381149432439713,15.573507605201016,66.64764900041013,0.11640798757028796,0.424216510120347,0.8980476228859745
,323,0,-0.48046875,0.31138545953360763,0.48046875,-0.31138545953360763,1882,2674,3028,1694,1913,2675,3029,1713,-110,-2,0,-53,4900,5000,5000,4900,-44.22,75.98,-256.87,19.16180778770385,-14.265487601910145,63.83367117084325,0.5461714794188728,-0.34975998340484316,0.7611600811117486
,324,0,0.51953125,0.9780521262002742,-0.51953125,-0.9780521262002742,2534,3109,2376,1259,2534,3109,2401,1333,0,0,-80,-383,4800,4900,5000,5000,-26.47,105.0,-229.55,-6.47842419792147,-44.71923342612733,45.98001135003089,-0.2327868299945067,-0.9604598489433417,0.15273234873084834
,325,0,-0.73046875,-0.9890260631001372,0.73046875,0.9890260631001372,1719,1826,3191,2542,1759,1906,3189,2543,-156,-433,15,-1,5100,5000,4600,4900,-20.400000000000002,25.41,-264.1,23.72120899738107,36.63136811582622,40.04896729088878,0.6097659763327661,0.7898421422436097,0.06583953556164979
,326,0,0.26953125,-0.32235939643347056,-0.26953125,0.32235939643347056,2371,2261,2539,2107,2372,2270,2554,2107,0,-26,-44,0,5000,4900,5000,4900,-47.14,44.81,-234.52,-4.8578200676759025,15.644071870533693,66.67858414902176,-0.10429622104339778,0.4418284491673175,0.8910162286863632
,327,0,-0.23046875,0.34430727023319596,0.23046875,-0.34430727023319596,2045,2695,2865,1673,2055,2696,2865,1697,-28,-1,0,-71,5000,5000,5000,4900,-47.0,77.8,-244.59,6.988817731969874,-16.750522859548738,66.56901628093351,0.21092134321308187,-0.435829462454484,0.8749656374017352
,328,0,0.76953125,-0.766803840877915,-0.76953125,0.766803840877915,2697,1971,2213,2397,2697,2022,2258,2398,0,-216,-195,-2,4900,5100,5000,4800,-29.240000000000002,30.11,-214.95000000000002,-25.132584057972252,29.266647463717295,48.71071618017856,-0.5814504705261072,0.7318166245180454,0.35547120615315986
,329,0,-0.85546875,-0.10013717421124835,0.85546875,0.10013717421124835,1637,2406,3273,1962,1700,2408,3272,1962,-316,-1,15,11,5000,4800,4900,5000,-33.32,61.83,-274.66,36.19640909776305,0.8335413193415704,53.000468327614755,0.9233753548217591,0.020787088163780717,0.38333516806244317
,330,0,0.14453125,0.5665294924554181,-0.14453125,-0.5665294924554181,2289,2840,2621,1528,2290,2841,2622,1569,-5,0,-14,-163,4900,5000,4900,4700,-42.04,88.56,-239.17000000000002,2.1788376611814044,-27.787045703006868,61.5875651625901,0.09262465477195167,-0.7326218531653096,0.6743040068047973
,331,0,-0.35546875,-0.5445816186556927,0.35546875,0.5445816186556927,1963,2116,2947,2252,1979,2155,2946,2252,-43,-152,14,-1,5000,5000,4900,4800,-41.7,37.97,-252.14000000000001,12.38427867637597,23.4326071398818,61.303423755276725,0.3712901362765319,0.6026252956249828,0.7063896854970749
,332,0,0.64453125,0.12208504801097386,-0.64453125,-0.12208504801097386,2615,2551,2295,1817,2616,2551,2336,1822,0,-1,-163,-14,5000,5000,5000,4900,-41.77,61.81,-211.67000000000002,-26.7317337006196,-2.569364473205553,61.22312459632796,-0.661862879827898,-0.0418971794225212,0.7484531746624888
,333,0,-0.60546875,0.7887517146776404,0.60546875,-0.7887517146776404,1800,2985,3110,1383,1836,2986,3110,1435,-138,0,13,-224,5000,4800,4900,4700,-31.29,97.9,-254.86,18.391300073083443,-36.257437304472944,50.89257901671428,0.46593882715502094,-0.8189788155802167,0.3349249303653415
,334,0,0.39453125,-0.9149519890260631,-0.39453125,0.9149519890260631,2452,1875,2458,2493,2453,1946,2470,2494,0,-364,-35,0,5000,4800,4800,5000,-28.87,21.61,-234.33,-6.241433275044642,38.80638501937923,48.41217059607676,-0.11941067158099437,0.9420877814625178,0.3133874654985524
,335,0,-0.10546875,-0.2482853223593965,0.10546875,0.2482853223593965,2126,2309,2784,2059,2130,2315,2783,2059,-15,-20,14,0,5000,5000,5000,4900,-48.46,48.38,-241.6,2.4007670735612407,12.463213895484792,68.02348386856747,0.09908324657729316,0.3755490109219378,0.9214908847315079
,336,0,0.89453125,0.41838134430727014,-0.89453125,-0.41838134430727014,2778,2744,2132,1624,2778,2745,2193,1647,0,0,-293,-65,4900,5000,4900,5000,-31.68,74.56,-201.02,-36.637494172489085,-15.87496581749675,51.09247889426412,-0.8353737841208282,-0.3439364012968471,0.4287871181211273
,337,0,-0.91796875,-0.6927297668038408,0.91796875,0.6927297668038408,1597,2019,3313,2349,1663,2058,3311,2350,-340,-149,15,-6,5100,4800,4700,4900,-25.07,38.44,-272.8,33.09894909457765,24.09115652237892,44.74799738879213,0.8200375035984364,0.5467508084976448,0.16912139456383568
,338,0,0.08203125,-0.026063100137174278,-0.08203125,0.026063100137174278,2248,2454,2662,1914,2248,2454,2664,1915,0,-5,-15,-10,5000,5000,5000,4900,-50.160000000000004,58.620000000000005,-240.94,2.291573176036394,2.201848204375551,69.71925827752327,0.10426496378677834,0.06609950428954123,0.9923505796134846
,339,0,-0.41796875,0.640603566529492,0.41796875,-0.640603566529492,1923,2889,2987,1479,1944,2890,2986,1525,-60,0,8,-188,4900,4800,5000,5000,-38.24,91.89,-249.71,12.897667671964484,-30.538497005414172,57.825026268383596,0.36174468788139097,-0.7433443551077094,0.5626543792765668
,340,0,0.58203125,-0.4705075445816187,-0.58203125,0.4705075445816187,2574,2164,2336,2204,2575,2192,2369,2205,0,-94,-118,0,4900,4900,5000,5000,-41.02,40.59,-218.67000000000002,-20.89145717146863,18.999648448704033,60.502186570180505,-0.49851944420020816,0.47882067666721695,0.7226403831438316
,341,0,-0.66796875,0.19615912208504782,0.66796875,-0.19615912208504782,1760,2599,3150,1769,1805,2600,3149,1775,-195,0,8,-17,5000,4900,5000,4900,-40.47,69.23,-266.25,28.174925816853573,-7.014800176219431,60.11875054618021,0.762259098466783,-0.16512921368031863,0.6258541440255286
,342,0,0.33203125,0.8628257887517143,-0.33203125,-0.8628257887517143,2411,3033,2499,1335,2412,3033,2511,1399,0,0,-30,-314,5000,5000,5000,4900,-31.09,98.48,-232.15,-4.25285241760119,-38.069426922666494,50.61053008092617,-0.05309959087243862,-0.9436940208803594,0.32653028711566584
,343,0,-0.16796875,-0.840877914951989,0.16796875,0.840877914951989,2086,1923,2824,2445,2088,1990,2823,2446,-11,-337,14,-5,5000,4900,5000,4800,-32.34,24.1,-243.3,2.837994531456019,36.80573634696172,51.914069451854374,0.1096138468956244,0.9117244962600655,0.39590813011110526
,344,0,0.83203125,-0.17421124828532242,-0.83203125,0.17421124828532242,2737,2357,2173,2011,2737,2359,2230,2012,0,-13,-270,0,5000,5000,4900,5000,-34.71,55.300000000000004,-203.48000000000002,-35.23766556595274,3.4890462623913194,54.134783290979115,-0.8466497924984646,0.1105252897749425,0.5205461451038431
,345,0,-0.79296875,0.4924554183813441,0.79296875,-0.4924554183813441,1678,2792,3232,1576,1734,2792,3231,1602,-266,-13,13,-83,4900,4900,5000,4900,-34.29,83.35000000000001,-267.31,30.02214770671688,-21.054112977409787,53.94008828320269,0.7624481190025407,-0.48432542410343726,0.42907079765059
,346,0,0.20703125,-0.6186556927297668,-0.20703125,0.6186556927297668,2330,2068,2580,2300,2330,2113,2584,2300,0,-192,-18,-1,5000,4800,5000,5000,-40.94,32.34,-239.66,-0.38016065994105475,28.377052549659986,60.499403843081495,0.05061826268223274,0.7361765255054712,0.6748940026239121
,347,0,-0.29296875,0.04801097393689968,0.29296875,-0.04801097393689968,2004,2502,2906,1866,2020,2502,2905,1869,-51,-2,13,-14,5000,5000,5000,5000,-48.56,62.08,-250.56,12.090918414583655,-0.7301821285986563,68.15336204140795,0.3807376502951156,-0.0022559855958912637,0.9246803513521553
,348,0,0.70703125,0.7146776406035662,-0.70703125,-0.7146776406035662,2656,2937,2254,1431,2656,2938,2295,1478,0,0,-171,-193,4900,4800,4800,4800,-32.5,91.02,-211.67000000000002,-25.112590998082368,-31.732811348653016,51.9479564980252,-0.5490636731339535,-0.729342108111257,0.4081533684541607
,349,0,-0.54296875,-0.3964334705075446,0.54296875,0.3964334705075446,1841,2213,3069,2155,1872,2238,3069,2156,-109,-81,13,0,5000,4900,5000,4800,-41.84,48.53,-261.39,22.193383797602138,13.39030913922823,61.474910159411856,0.6150088757932106,0.34010705872184355,0.7114009216350143
,350,0,0.45703125,0.270233196159122,-0.45703125,-0.270233196159122,2493,2647,2417,1721,2494,2648,2442,1734,0,-1,-80,-35,5000,5000,5000,5000,-45.77,71.29,-221.86,-16.056525304012297,-11.483669051765375,65.25817101113813,-0.393941669729873,-0.3028874007944778,0.8677955884252956
,351,0,-0.04296875,0.9368998628257885,0.04296875,-0.9368998628257885,2167,3082,2743,1286,2168,3082,2743,1362,0,0,0,-404,5000,4800,5000,4800,-30.85,106.79,-224.93,-11.01013904913006,-46.75905295313245,50.34299161638371,-0.05780123218517207,-0.9724672092552851,0.2257577118973206
,352,0,0.95703125,-0.9643347050754458,-0.95703125,0.9643347050754458,2819,1842,2091,2526,2820,1916,2147,2527,0,-376,-259,0,4800,5100,4800,4800,-20.05,24.78,-208.77,-31.55977643309194,34.256718867743345,39.499430409129815,-0.6666387440688937,0.7453408162226312,-0.007736444844358108
,353,0,-0.94921875,-0.2976680384087792,0.94921875,0.2976680384087792,1576,2277,3334,2091,1648,2284,3333,2091,-387,-23,12,0,4800,4800,4800,4700,-29.36,57.25,-277.46,38.75783954835188,5.560281355953833,49.05141747037287,0.9540328599398809,0.14604590251201133,0.2617095651946708
,354,0,0.05078125,0.3689986282578872,-0.05078125,-0.3689986282578872,2228,2712,2682,1656,2228,2714,2682,1681,0,-1,0,-80,4900,4900,5000,4900,-46.730000000000004,79.8,-241.01,3.523672443499777,-18.941829279362935,66.28574202464694,0.12329459596606332,-0.4965988928441539,0.8591786672348923
,355,0,-0.44921875,-0.7421124828532235,0.44921875,0.7421124828532235,1902,1987,3008,2381,1924,2043,3006,2382,-57,-258,16,0,5000,4800,4900,4800,-35.29,30.810000000000002,-254.45000000000002,14.325168559014799,30.709857963618482,54.90308259937776,0.4319428550596892,0.7627144219050153,0.4813440355722528
,356,0,0.55078125,-0.07544581618655699,-0.55078125,0.07544581618655699,2554,2422,2356,1946,2554,2424,2391,1946,0,-2,-132,4,4900,4900,5000,5000,-46.07,55.75,-216.41,-22.343208283052235,3.7374203829464037,65.54128501919061,-0.577980801921591,0.10033242027937665,0.809858998870147
,357,0,-0.69921875,0.5912208504801095,0.69921875,-0.5912208504801095,1739,2856,3171,1512,1782,2857,3170,1547,-184,-2,8,-128,5100,4900,4900,5000,-34.75,89.01,-263.31,26.333705513219314,-26.923096637367095,54.384638600242965,0.6506894047478808,-0.6099101594361015,0.4523415700170367
,358,0,0.30078125,-0.5198902606310014,-0.30078125,0.5198902606310014,2391,2132,2519,2236,2392,2169,2530,2237,0,-140,-32,-1,5000,5000,5000,5000,-43.59,36.61,-234.65,-5.160440294059754,23.84036576374666,63.130544209186894,-0.08389457745129118,0.6139332546077139,0.7848870356688592
,359,0,-0.19921875,0.14677640603566533,0.19921875,-0.14677640603566533,2065,2567,2845,1801,2075,2568,2845,1811,-28,0,0,-25,5000,5000,5000,5000,-49.29,67.05,-244.81,6.616637676747331,-6.005291625964055,68.86171943295523,0.204814121780445,-0.15686789230671028,0.9661488704555603
,360,0,0.80078125,0.8134430727023318,-0.80078125,-0.8134430727023318,2717,3001,2193,1367,2717,3002,2238,1419,0,0,-193,-230,4900,4800,5000,4900,-26.900000000000002,92.93,-210.75,-25.90741016800129,-33.68784298583907,46.34433144055294,-0.5831051717365333,-0.773014901946477,0.24987260766795982
,361,0,-0.82421875,-0.8902606310013718,0.82421875,0.8902606310013718,1658,1891,3252,2477,1707,1956,3250,2479,-217,-312,13,0,4800,5000,4900,5000,-22.32,30.1,-268.25,28.11278595045573,32.17286825256036,41.98309004668313,0.7039283021149502,0.7012493107270291,0.1128465758737503
,362,0,0.17578125,-0.22359396433470513,-0.17578125,0.22359396433470513,2310,2325,2600,2043,2310,2332,2607,2043,0,-23,-23,11,5000,5000,5000,4900,-48.77,49.800000000000004,-238.53,-0.5887064424288724,10.878522542306541,68.32214992347792,0.013105990956820112,0.30804275553393146,0.9512822366490937
,363,0,-0.32421875,0.4430727023319616,0.32421875,-0.4430727023319616,1984,2760,2926,1608,1998,2760,2926,1638,-41,-2,0,-99,5000,5000,5000,4900,-44.54,82.52,-248.18,10.838591784421311,-21.267739821034894,64.12114155621134,0.3057688955355382,-0.538893456366361,0.7849198845796265
,364,0,0.67578125,-0.6680384087791496,-0.67578125,0.6680384087791496,2636,2036,2274,2332,2636,2077,2314,2332,0,-158,-158,-2,4900,4700,4700,4700,-34.410000000000004,31.150000000000002,-217.26,-22.788121079327908,28.35165372550735,53.88883164826177,-0.5234655745569137,0.6786026508185007,0.5152496817620598
,365,0,-0.57421875,-0.001371742112482921,0.57421875,0.001371742112482921,1821,2470,3089,1898,1861,2470,3089,1898,-160,0,15,0,5000,5000,5000,5000,-43.11,60.29,-263.24,24.674538906020103,1.7476135503710424,62.74947234038887,0.6972646659559437,0.04455127083775966,0.7154279627440393
,366,0,0.42578125,0.6652949245541835,-0.42578125,-0.6652949245541835,2473,2905,2437,1463,2474,2906,2455,1509,0,0,-55,-193,5000,4900,4900,4900,-38.27,91.5,-223.98000000000002,-12.815499790394966,-31.545958399904777,57.762252139404424,-0.24583671791144648,-0.7805867614194716,0.5746726163853542
,367,0,-0.07421875,-0.44581618655692734,0.07421875,0.44581618655692734,2147,2180,2763,2188,2148,2214,2762,2190,0,-119,16,-1,5000,5000,5000,5000,-45.51,40.54,-239.58,-0.03127971042638933,20.183091013671383,65.06761754537311,0.043699963432428914,0.541276036873192,0.8397086191667057
,368,0,0.92578125,0.2208504801097393,-0.92578125,-0.2208504801097393,2799,2615,2111,1753,2799,2616,2175,1760,0,-4,-317,-19,4800,5000,4900,5000,-32.230000000000004,65.24,-199.20000000000002,-38.96276421270565,-6.66772475247231,51.63757632647148,-0.9012248389219246,-0.10270562148814127,0.4210051603304704
,369,0,-0.88671875,0.8875171467764058,0.88671875,-0.8875171467764058,1617,3050,3293,1318,1676,3050,3292,1379,-280,0,12,-290,4900,5000,4700,4800,-21.28,100.81,-258.83,22.54937475788992,-38.943865126984605,40.89644874195261,0.6114109904366966,-0.7908658624078998,0.02660429384566128
,370,0,0.11328125,-0.8161865569272977,-0.11328125,0.8161865569272977,2269,1939,2641,2429,2269,2002,2642,2431,0,-307,-14,0,5000,4900,4800,4800,-34.18,25.05,-242.32,1.904410644554332,35.803244174794216,53.750351176116865,0.10098061640292134,0.8997731013570359,0.424512992952191
,371,0,-0.38671875,-0.14951989026063106,0.38671875,0.14951989026063106,1943,2374,2967,1994,1965,2376,2966,1995,-67,-15,13,0,5000,5000,5000,4900,-46.67,55.980000000000004,-255.82,17.01874473605207,5.647093400348169,66.2834463819894,0.5232079884165421,0.178297224032425,0.833344767043897
,372,0,0.61328125,0.5171467764060356,-0.61328125,-0.5171467764060356,2595,2808,2315,1560,2596,2808,2349,1592,0,0,-123,-111,4900,5000,5000,4900,-39.35,82.22,-215.35,-21.940415053970185,-22.748570016234723,58.8127658515661,-0.5164272980137445,-0.5611668531486201,0.6468342977869199
,373,0,-0.63671875,-0.5939643347050754,0.63671875,0.5939643347050754,1780,2084,3130,2284,1817,2121,3129,2284,-143,-146,15,0,5000,5000,5000,5000,-35.81,39.58,-263.89,24.225446345911422,22.46509267756748,55.455572527076754,0.6541178562922123,0.5515701583379383,0.5175907558204097
,374,0,0.36328125,0.07270233196159093,-0.36328125,-0.07270233196159093,2432,2518,2478,1850,2433,2518,2498,1853,-9,0,-61,-11,5000,5000,5000,5000,-48.800000000000004,60.88,-226.22,-12.279038146559202,-0.8534540855957005,68.30574718710145,-0.3075966183942139,-0.02896107502981094,0.951076009835997
,375,0,-0.13671875,0.7393689986282574,0.13671875,-0.7393689986282574,2106,2953,2804,1415,2108,2954,2804,1472,-12,0,0,-264,5100,5000,4900,5000,-37.910000000000004,96.54,-239.95000000000002,3.4057628382610687,-35.711383188653855,57.458978234424734,0.008301087409255328,-0.8697982240358777,0.49333775591561724
,376,0,0.86328125,-0.37174211248285327,-0.86328125,0.37174211248285327,2758,2229,2152,2139,2758,2251,2207,2140,0,-66,-256,0,5000,5000,4700,5000,-33.84,48.46,-204.05,-35.03673232669095,10.35022940343395,53.26807010979853,-0.8396160715869712,0.2311933351322439,0.49152262829221965
,377,0,-0.76171875,0.29492455418381325,0.76171875,-0.29492455418381325,1698,2663,3212,1705,1753,2664,3211,1717,-262,0,0,-30,5000,5000,4800,4900,-37.11,74.87,-268.33,30.570118112639165,-12.53230061127946,56.76526835369406,0.8090461337024655,-0.28038997917460656,0.5165518494009643
,378,0,0.23828125,0.9615912208504798,-0.23828125,-0.9615912208504798,2350,3098,2560,1270,2350,3098,2562,1345,0,3,-12,-391,5000,4800,5000,4800,-30.29,107.7,-227.14000000000001,-8.751995868589717,-47.5475207253739,49.79080691149247,0.010207166853081031,-0.9820814652228854,0.18818025775969127
,379,0,-0.26171875,-0.9396433470507545,0.26171875,0.9396433470507545,2024,1858,2886,2510,2028,1935,2885,2511,-13,-415,15,-5,4800,4800,4800,4900,-29.26,21.01,-244.6,3.9793779773616507,39.96290961560481,48.839333563818116,0.17770331556967997,0.9472001727442917,0.26689579312669254
,380,0,0.73828125,-0.27297668038408784,-0.73828125,0.27297668038408784,2676,2293,2234,2075,2676,2299,2282,2074,0,-20,-214,11,5000,5000,5000,5000,-40.72,50.06,-208.6,-30.431329257506604,8.997029963293507,60.164156960002124,-0.756770139946515,0.261240439762196,0.5992098029223039
,381,0,-0.51171875,0.3936899862825787,0.51171875,-0.3936899862825787,1861,2728,3049,1640,1892,2730,3049,1661,-109,-5,13,-58,5000,4900,5000,4900,-42.75,79.73,-256.87,19.370680264375864,-18.00940621458723,62.3630095135818,0.5250508932993482,-0.4402140150900109,0.7283770866549057
,382,0,0.48828125,-0.7174211248285323,-0.48828125,0.7174211248285323,2513,2003,2397,2365,2513,2052,2419,2365,0,-213,-68,-1,5000,4900,5000,4900,-36.63,28.78,-227.69,-12.510217258228778,31.28356861752208,56.146876844934795,-0.2760620990368441,0.7852257318059708,0.5542655208337869
,383,0,-0.01171875,-0.050754458161865634,0.01171875,0.050754458161865634,2187,2438,2723,1930,2187,2439,2723,1931,0,-17,2,0,5000,5000,5000,4900,-50.18,57.120000000000005,-237.57,-1.1549428298021382,3.5166720252758097,69.72736639025761,-0.010447736813339697,0.10196354658223648,0.9947332707635005
,384,0,0.98828125,0.6159122085048008,-0.98828125,-0.6159122085048008,2839,2873,2071,1495,2840,2874,2136,1531,0,0,-320,-126,4700,4800,5000,4800,-28.54,84.05,-197.41,-39.715644510282175,-25.54577912785561,47.93777440507182,-0.8435124099881627,-0.4924550568694103,0.21441742270558914
,385,0,-0.98828125,-0.49519890260631005,0.98828125,0.49519890260631005,1551,2148,3359,2220,1627,2173,3357,2221,-414,-81,14,0,5000,5000,5000,4700,-26.36,49.44,-277.21,38.09497926123149,13.346314288087704,46.05193294474425,0.9282764146515935,0.31044964672898895,0.20475330240909262
,386,0,0.01171875,0.17146776406035658,-0.01171875,-0.17146776406035658,2203,2583,2707,1785,2203,2584,2707,1796,0,-3,0,-29,5000,5000,5000,5000,-49.35,69.49,-241.8,3.743350169855603,-8.605127593095062,68.9104210422889,0.13274053177129785,-0.22414132376885088,0.9654742970189418
,387,0,-0.48828125,0.8381344307270231,0.48828125,-0.8381344307270231,1877,3017,3033,1351,1898,3017,3034,1412,-63,0,0,-293,5100,4700,4700,4800,-31.43,100.58,-246.86,10.548146538108398,-39.36785507356545,51.00323130327833,0.3518092429717141,-0.8793556682747949,0.3208798298937746
,388,0,0.51171875,-0.8655692729766804,-0.51171875,0.8655692729766804,2529,1907,2381,2461,2529,1972,2404,2462,0,-320,-74,0,4900,5000,4800,4700,-30.44,23.46,-229.41,-11.059348993522889,36.69141979145969,49.964075945745904,-0.2611064508348272,0.8872544264780674,0.3802670167494352
,389,0,-0.73828125,-0.19890260631001377,0.73828125,0.19890260631001377,1714,2341,3196,2027,1765,2344,3195,2028,-234,-17,13,0,5000,5000,4800,4900,-37.65,58.74,-270.39,31.74941666983844,3.685544686040828,57.31558537612193,0.8475558348401742,0.11018698270545,0.5191415372233715
,390,0,0.26171875,0.46776406035665286,-0.26171875,-0.46776406035665286,2366,2776,2544,1592,2366,2776,2553,1622,-4,0,-27,-106,5000,5000,5000,5000,-44.68,83.22,-234.39000000000001,-2.893480708335005,-22.715415368981922,64.21125571470643,-0.05424196874124023,-0.5973838734140616,0.8001189390408694
,391,0,-0.23828125,-0.6433470507544581,0.23828125,0.6433470507544581,2040,2052,2870,2316,2046,2099,2868,2316,-18,-208,15,-4,5000,4900,5000,5000,-39.980000000000004,32.17,-244.96,4.906208661923557,28.834897090192207,59.55856497826266,0.19296694298422246,0.7419570245673117,0.6420775129301332
,392,0,0.76171875,0.023319615912208436,-0.76171875,-0.023319615912208436,2692,2486,2218,1882,2692,2486,2269,1882,0,0,-238,0,5000,5000,5000,5000,-39.94,55.89,-206.33,-32.37864891852368,3.052682824107535,59.374927445432554,-0.8062638917760739,0.06154862249755953,0.588345395058678
,393,0,-0.86328125,0.6899862825788747,0.86328125,-0.6899862825788747,1632,2921,3278,1447,1690,2922,3277,1492,-281,0,13,-182,4900,4900,4900,4700,-28.17,90.32000000000001,-267.81,30.921804760257174,-27.984395656298688,47.82068478476368,0.7357208047729638,-0.6341741728373288,0.23777724014360963
,394,0,0.13671875,-0.421124828532236,-0.13671875,0.421124828532236,2284,2196,2626,2172,2284,2229,2627,2173,0,-115,-15,-7,4900,5000,5000,5000,-45.96,42.35,-242.27,2.7513848319824206,18.521631293519928,65.5269971734968,0.10621736962427676,0.5081071099988952,0.854719272719804
,395,0,-0.36328125,0.24554183813443053,0.36328125,-0.24554183813443053,1958,2631,2952,1737,1979,2632,2952,1750,-64,0,0,-34,5000,5000,5000,4900,-46.83,72.28,-252.18,14.268500708675958,-10.826541205545901,66.4273931130084,0.418067740577118,-0.2786976923565051,0.8646079808583207
,396,0,0.63671875,0.912208504801097,-0.63671875,-0.912208504801097,2610,3066,2300,1302,2611,3066,2333,1368,0,0,-118,-324,5000,5100,5000,4700,-27.03,99.60000000000001,-222.5,-13.813163313500382,-39.71015004384755,46.51553518308157,-0.36072929482308913,-0.9071521551893871,0.21667797117309118
,397,0,-0.61328125,-0.7914951989026063,0.61328125,0.7914951989026063,1795,1955,3115,2413,1830,2015,3114,2414,-129,-288,14,-1,5000,4900,5000,4800,-30.45,30.77,-260.59000000000003,20.47129356798169,31.084951205588705,50.08527682973737,0.5806714806611093,0.7298245195302887,0.36080022483254987
,398,0,0.38671875,-0.1248285322359397,-0.38671875,0.1248285322359397,2447,2390,2463,1978,2448,2393,2484,1978,0,-15,-68,0,5000,5000,5000,4900,-48.03,55.61,-225.87,-12.911864995060313,4.390060540141441,67.5354326088304,-0.34294553867269273,0.11756001914810232,0.9319699562767001
,399,0,-0.11328125,0.5418381344307268,0.11328125,-0.5418381344307268,2121,2824,2789,1544,2123,2825,2789,1583,-13,0,0,-147,5000,5000,4800,4900,-42.61,87.46000000000001,-236.0,-1.048234649239589,-26.860980046535104,62.14631976276596,0.014148202319001258,-0.6994933602251314,0.7144990324500761
,400,0,0.88671875,-0.5692729766803841,-0.88671875,0.5692729766803841,2773,2100,2137,2268,2773,2134,2194,2268,0,-126,-267,-7,5000,4900,5000,4700,-31.55,39.59,-206.23000000000002,-33.33329161613187,19.326357070983143,50.9875390660572,-0.7840350858632662,0.47052834866796883,0.40483583986002847
,401,0,-0.92578125,0.0973936899862824,0.92578125,-0.0973936899862824,1591,2534,3319,1834,1660,2534,3318,1835,-363,0,16,0,5100,4800,4800,5000,-30.92,64.74,-276.87,38.569745505066095,-1.9512874297084863,50.60793763058405,0.9524002362292912,-0.03891311607912471,0.30235667584394965
,402,0,0.07421875,0.7640603566529489,-0.07421875,-0.7640603566529489,2243,2969,2667,1399,2243,2970,2667,1454,0,0,0,-256,5000,5000,4800,4700,-36.49,98.78,-240.16,3.742165564639606,-37.936146705001065,56.03934430202686,0.09322029724470292,-0.8931498363902097,0.4399924385006524
,403,0,-0.42578125,-0.3470507544581619,0.42578125,0.3470507544581619,1917,2245,2993,2123,1940,2269,2992,2125,-73,-77,16,-11,5000,4900,5000,5000,-44.77,49.69,-256.52,17.383046457188385,11.966531248504864,64.3871105627681,0.5100548856536206,0.3102558864079923,0.802237682093071
,404,0,0.57421875,0.3196159122085047,-0.57421875,-0.3196159122085047,2569,2679,2341,1689,2570,2680,2376,1705,0,-1,-128,-37,5000,5000,5000,4900,-42.93,72.98,-216.59,-21.216762434545643,-13.456219514425065,62.398870846950025,-0.5200015125935826,-0.35077339027413407,0.7788173441674087
,405,0,-0.67578125,0.9862825788751712,0.67578125,-0.9862825788751712,1754,3114,3156,1254,1791,3114,3155,1326,-142,0,12,-375,4900,4900,4900,4900,-23.03,105.18,-250.68,14.642409474897931,-43.75053703323964,42.616246753109074,0.41862079069116337,-0.9059855471296847,0.06282373749810574
,406,0,0.32421875,-0.9807956104252401,-0.32421875,0.9807956104252401,2406,1832,2504,2536,2407,1914,2512,2537,0,-444,-23,0,4800,4800,5100,5000,-27.46,19.14,-237.38,-3.3249827260055724,41.43885409055531,47.013627502600244,-0.01820459062903345,0.9730604726902877,0.22983017505928857
,407,0,-0.17578125,-0.31412894375857336,0.17578125,0.31412894375857336,2080,2266,2830,2102,2087,2274,2829,2101,-19,-25,12,10,5000,5000,5000,4900,-47.22,45.89,-245.0,5.665002485886816,15.134591189860636,66.79620618034329,0.19328314736192168,0.4521520315449145,0.8707469008361018
,408,0,0.82421875,0.35253772290809304,-0.82421875,-0.35253772290809304,2732,2701,2178,1667,2732,2702,2229,1686,0,-5,-234,-51,4900,4900,4800,4800,-37.2,68.27,-205.72,-32.305780253498085,-9.341148822442811,56.63052818974389,-0.794084901119893,-0.3019210363498378,0.5275157415877268
,409,0,-0.80078125,-0.7585733882030179,0.80078125,0.7585733882030179,1673,1976,3237,2392,1729,2024,3235,2393,-266,-204,16,0,5000,4900,4800,4700,-27.12,34.160000000000004,-267.91,27.97646192114175,28.098599357332844,46.78110512882002,0.7136248907533322,0.655110479167253,0.24813257622195917
,410,0,0.19921875,-0.09190672153635115,-0.19921875,0.09190672153635115,2325,2411,2585,1957,2325,2413,2593,1958,0,-15,-26,0,5000,5000,5000,4900,-49.9,55.56,-235.62,-3.1857417153804874,4.968611174863419,69.44061110743183,-0.06867847602688604,0.1462879719797067,0.98685515461221
,411,0,-0.30078125,0.5747599451303151,0.30078125,-0.5747599451303151,1999,2846,2911,1522,2009,2849,2911,1562,-28,0,0,-154,5000,5000,5000,4700,-41.1,88.82000000000001,-244.19,7.208894895182425,-27.773775598319546,60.66563884937666,0.23264679121619383,-0.7000117080684561,0.6751733696643339
,412,0,0.69921875,-0.5363511659807956,-0.69921875,0.5363511659807956,2651,2121,2259,2247,2651,2153,2301,2247,0,-112,-178,0,5000,4900,4900,5000,-38.52,39.33,-214.05,-25.564036551824017,20.007908144829507,57.98575768792559,-0.6013286833770703,0.5299517198611328,0.5979590196361503
,413,0,-0.55078125,0.13031550068587094,0.55078125,-0.13031550068587094,1836,2556,3074,1812,1872,2556,3075,1816,-136,0,0,-14,5000,5000,5000,5000,-43.99,65.81,-261.44,23.173727955131284,-3.862296511303171,63.62198342319453,0.6521861260931822,-0.09227748668514207,0.7524215057948849
,414,0,0.44921875,0.7969821673525375,-0.44921875,-0.7969821673525375,2488,2991,2422,1377,2489,2992,2441,1432,0,0,-54,-252,5000,4900,5000,4900,-33.4,96.28,-223.23000000000002,-13.287379510772496,-36.35780145968204,52.88872201252825,-0.21286248762698667,-0.8868567473246451,0.4100910521896339
,415,0,-0.05078125,-0.906721536351166,0.05078125,0.906721536351166,2162,1880,2748,2488,2163,1951,2747,2489,0,-366,15,0,5000,4800,4800,4800,-30.2,21.43,-240.37,-0.22493177949240817,39.3135312991572,49.76398878093924,0.06903752405951454,0.9502708372375364,0.3036760711146056
,416,0,0.94921875,-0.2400548696844993,-0.94921875,0.2400548696844993,2814,2315,2096,2053,2814,2318,2162,2053,0,-11,-338,0,4900,5000,4900,4800,-33.160000000000004,52.97,-199.97,-38.863393949199775,5.625633578096313,52.57254504625281,-0.9192606476792697,0.13911464351571876,0.36824852693226584
,417,0,-0.95703125,0.4266117969821672,0.95703125,-0.4266117969821672,1571,2749,3339,1619,1643,2751,3338,1639,-384,-12,15,-52,5000,5000,5000,4700,-29.51,79.14,-274.87,37.35956130756571,-16.438100891477276,49.1881524594984,0.894480571180326,-0.3611600685059779,0.26356766246577945
,418,0,0.04296875,-0.6844993141289437,-0.04296875,0.6844993141289437,2223,2025,2687,2343,2223,2075,2688,2343,0,-219,-15,0,5000,5000,4800,5000,-38.22,29.43,-243.32,3.126205657510468,31.482480203518367,57.79314917389513,0.1362644217856142,0.8012864251204915,0.5825564970653535
,419,0,-0.45703125,-0.017832647462277085,0.45703125,0.017832647462277085,1897,2459,3013,1909,1925,2459,3013,1909,-95,-4,14,0,5000,4900,5000,5000,-45.57,58.57,-258.87,20.2087924711835,3.2269090528144773,65.19399552420096,0.602813301769864,0.11009748937770346,0.7902497491565827
,420,0,0.54296875,0.6488340192043891,-0.54296875,-0.6488340192043891,2549,2894,2361,1474,2549,2895,2389,1517,0,0,-86,-169,4900,4800,5000,4900,-37.44,89.02,-220.89000000000001,-16.032581136534333,-29.23706035957207,56.92155156745855,-0.37071844561553585,-0.7291129171074855,0.5752931324007037
,421,0,-0.70703125,-0.4622770919067215,0.70703125,0.4622770919067215,1734,2170,3176,2198,1777,2199,3175,2199,-181,-99,13,0,4900,5000,4900,4800,-36.29,47.53,-267.6,28.359837284642794,14.728052803333945,55.947533450582455,0.7706275219411635,0.35829479800762265,0.5270275705762447
,422,0,0.29296875,0.2043895747599449,-0.29296875,-0.2043895747599449,2386,2604,2524,1764,2387,2605,2537,1774,0,-1,-36,-25,5000,5000,5000,4900,-48.76,69.13,-231.38,-6.678639325592741,-8.811136574448284,68.2828899622883,-0.15457036139498367,-0.2354649326392254,0.9595125162682502
,423,0,-0.20703125,0.8710562414266114,0.20703125,-0.8710562414266114,2060,3039,2850,1329,2063,3039,2850,1396,-12,0,0,-331,5100,5000,5100,5000,-32.64,103.35000000000001,-234.04,-2.1068258672532068,-42.83021750653488,52.16646808153921,0.031300599057692904,-0.9466326786251191,0.32079096660857076
,424,0,0.79296875,-0.8326474622770919,-0.79296875,0.8326474622770919,2712,1928,2198,2440,2712,1989,2239,2441,0,-292,-174,0,4800,5000,5100,4700,-27.2,28.89,-215.24,-24.901917907019623,30.501356435558435,46.67199430565528,-0.5897503075434772,0.7616914201457156,0.2683668295985491
,425,0,-0.83203125,-0.16598079561042522,0.83203125,0.16598079561042522,1653,2363,3257,2005,1716,2365,3256,2006,-312,-16,14,0,5000,5000,5000,4800,-34.71,61.660000000000004,-273.54,35.06384397344246,0.9419653433703061,54.38644829506958,0.9056839391039097,0.03973614815348574,0.42208724332672104
,426,0,0.16796875,0.5006858710562412,-0.16796875,-0.5006858710562412,2304,2797,2606,1571,2304,2797,2608,1605,0,-8,-14,-124,5000,4800,4900,4900,-44.02,86.06,-239.28,2.1458330557242675,-25.285502726962804,63.56839666350663,0.07495574831419932,-0.6529049607581677,0.7537219301652527
,427,0,-0.33203125,-0.6104252400548698,0.33203125,0.6104252400548698,1979,2073,2931,2295,1992,2118,2930,2296,-33,-193,15,-12,5000,5000,5000,5000,-40.13,35.08,-250.35,10.44567152028182,26.22175438460723,59.727492303220146,0.32113253103556083,0.6750880483019254,0.6641761999278447
,428,0,0.66796875,0.05624142661179676,-0.66796875,-0.05624142661179676,2630,2508,2280,1860,2630,2508,2323,1861,0,0,-177,-12,4900,4900,4800,4900,-40.800000000000004,57.89,-211.34,-27.27057901266423,1.3273019162492332,60.252641840695,-0.6867600938004677,0.0150160410207143,0.7267290362131107
,429,0,-0.58203125,0.7229080932784633,0.58203125,-0.7229080932784633,1816,2942,3094,1426,1849,2943,3095,1474,-122,-5,0,-209,5000,5000,5000,4900,-34.25,95.04,-256.17,19.53345177022456,-33.33164473113666,53.85779862384762,0.4756511965526339,-0.7682687338983576,0.4283912834457097
,430,0,0.41796875,-0.38820301783264743,-0.41796875,0.38820301783264743,2467,2218,2443,2150,2468,2244,2460,2151,0,-85,-55,0,4900,5000,5000,4900,-45.58,44.59,-226.70000000000002,-12.67257468272885,15.439786084899133,65.09041614018372,-0.29835254818386703,0.404658418813542,0.8644288987970711
,431,0,-0.08203125,0.2784636488340191,0.08203125,-0.2784636488340191,2142,2653,2768,1715,2144,2654,2768,1732,-15,-2,0,-50,5000,5000,5000,4900,-48.34,74.38,-237.14000000000001,-0.6406360179305466,-13.740527395105133,67.88273724908436,0.0024269370743800105,-0.36114705518740114,0.9325057182161969
,432,0,0.91796875,0.9451303155006856,-0.91796875,-0.9451303155006856,2793,3087,2117,1281,2793,3087,2171,1345,0,0,-237,-303,4900,4900,4900,4400,-20.96,96.06,-207.1,-29.36072896704559,-37.009158920295604,40.39063933097148,-0.5956634676940991,-0.8025058016599533,0.03419753729080908
,433,0,-0.89453125,-0.9561042524005487,0.89453125,0.9561042524005487,1612,1848,3298,2520,1668,1921,3296,2521,-266,-367,16,-5,4900,4900,5000,4800,-17.62,28.94,-269.99,29.80411996579457,33.427382369910994,37.28960695009849,0.71618371622615,0.6979101540715482,0.001517055150450966
,434,0,0.10546875,-0.289437585733882,-0.10546875,0.289437585733882,2264,2282,2646,2086,2264,2290,2648,2086,0,-24,-15,0,5000,5000,5000,5000,-47.78,46.56,-243.1,3.802179466391948,14.362219037015414,67.34922666418566,0.14247339847556,0.4042482542532035,0.9034847423504514
,435,0,-0.39453125,0.3772290809327843,0.39453125,-0.3772290809327843,1938,2717,2972,1651,1958,2718,2972,1675,-60,-1,0,-76,5000,4900,5000,5000,-44.89,78.62,-252.39000000000001,14.829363991307872,-17.14506304371207,64.48702867331863,0.42438782842946654,-0.4325978852227497,0.7954583840665245
,436,0,0.60546875,-0.7338820301783264,-0.60546875,0.7338820301783264,2590,1993,2320,2375,2591,2042,2352,2376,0,-211,-115,0,4800,5000,5000,4800,-33.59,29.55,-223.51,-16.631297808394407,30.288912039009297,53.09167580574474,-0.3890100023802187,0.7662533589589964,0.5113971137308043
,437,0,-0.64453125,-0.0672153635116598,0.64453125,0.0672153635116598,1775,2427,3135,1941,1818,2428,3134,1941,-182,-1,15,10,4800,5000,4900,5000,-40.95,60.14,-266.4,27.829476028530877,2.0697571122649165,60.60091578341079,0.7680661992365138,0.05435703999647319,0.6380592651103797
,438,0,0.35546875,0.5994513031550066,-0.35546875,-0.5994513031550066,2427,2862,2483,1506,2428,2863,2497,1547,0,0,-37,-163,5000,4900,5000,4800,-41.62,88.18,-231.88,-5.119484971578061,-27.803220988779444,61.14133079784268,-0.1457627020761423,-0.7303359588927026,0.6673549444124453
,439,0,-0.14453125,-0.5116598079561043,0.14453125,0.5116598079561043,2101,2137,2809,2231,2103,2175,2808,2232,-14,-146,15,-3,5000,5000,4900,4900,-43.71,37.92,-242.06,2.3092729711263473,22.93453981560579,63.27704706778504,0.10330950464824087,0.6130852925987663,0.783232768880631
,440,0,0.85546875,0.1550068587105624,-0.85546875,-0.1550068587105624,2753,2572,2157,1796,2753,2573,2215,1801,0,0,-274,-13,4900,5000,5100,5000,-33.95,62.13,-202.34,-36.002440221634515,-3.3924861196907727,53.369452120581386,-0.8490132322719717,-0.05431813419040428,0.5255721375084222
,441,0,-0.76953125,0.8216735253772289,0.76953125,-0.8216735253772289,1693,3007,3217,1361,1744,3007,3216,1415,-229,0,12,-237,4700,4800,5100,4800,-27.14,97.29,-260.58,24.084622098431993,-35.336244914063116,46.76335525242973,0.5887380616274838,-0.7816981715169794,0.20575583451781868
,442,0,0.23046875,-0.8820301783264747,-0.23046875,0.8820301783264747,2345,1896,2565,2472,2345,1964,2568,2473,0,-344,-18,-1,5100,5000,5000,4800,-31.79,22.29,-240.9,0.34525974796591186,38.48297755490547,51.35573690797574,0.07980159530816716,0.9355868797335067,0.34396060218692426
,443,0,-0.26953125,-0.21536351165980794,0.26953125,0.21536351165980794,2019,2331,2891,2037,2031,2335,2890,2038,-35,-17,15,0,5000,5000,5000,4900,-47.82,52.120000000000005,-250.11,11.103508344381027,9.190975258331257,67.41352593994472,0.35658341006075256,0.28726173465610016,0.8890044811314585
,444,0,0.73046875,0.4513031550068587,-0.73046875,-0.4513031550068587,2671,2765,2239,1603,2671,2765,2282,1628,0,-5,-183,-75,5000,4800,5000,4900,-37.86,77.55,-209.38,-28.14975537354192,-18.409009073590383,57.30206944897004,-0.6665061553004936,-0.42753088657344473,0.6107265230627194
,445,0,-0.51953125,-0.6598079561042525,0.51953125,0.6598079561042525,1856,2041,3054,2327,1885,2082,3054,2327,-100,-161,15,0,5000,4800,5000,4800,-36.29,34.56,-257.34000000000003,17.41088452996044,27.121911341265186,55.91283305458673,0.48984294639532494,0.6762523100413502,0.5502151406772483
,446,0,0.48046875,0.00685871056241405,-0.48046875,-0.00685871056241405,2508,2475,2402,1893,2508,2475,2429,1893,0,0,-90,0,5000,5000,5000,4800,-46.52,56.77,-220.53,-18.17555167402486,2.942429860490712,66.00596604789317,-0.47549170573319155,0.06576513495679664,0.8772585621144168
,447,0,-0.01953125,0.6735253772290806,0.01953125,-0.6735253772290806,2182,2910,2728,1458,2182,2911,2728,1508,0,-11,0,-216,4900,4900,4800,5000,-38.53,92.75,-231.76,-4.980095116901481,-32.37183808479611,58.05009992674987,-0.046291340082126896,-0.8261691444424645,0.5615172807711324
,448,0,0.98046875,-0.43758573388203015,-0.98046875,0.43758573388203015,2834,2186,2076,2182,2835,2211,2140,2184,0,-74,-323,-10,5000,5000,4900,5000,-31.7,46.93,-200.49,-38.66683398287404,11.685503144507472,51.11551209613748,-0.8939477017510135,0.2810630696922786,0.34908603150116746
,449,0,-0.97265625,0.22908093278463637,0.97265625,-0.22908093278463637,1561,2620,3349,1748,1636,2621,3348,1753,-409,-8,15,-16,5100,4900,4800,5000,-29.48,70.18,-276.89,38.890231898966334,-7.381638997661838,49.16704543484162,0.9520515189925588,-0.1620252818135457,0.25951052625510673
,450,0,0.02734375,0.8957475994513029,-0.02734375,-0.8957475994513029,2213,3055,2697,1313,2213,3055,2697,1384,0,0,0,-365,5000,4700,5000,4800,-28.21,105.71000000000001,-224.94,-11.049301425392827,-45.67911384745172,47.70323824981575,0.07185254373739769,-0.9618916102217703,0.2638214209336212
,451,0,-0.47265625,-0.8079561042524006,0.47265625,0.8079561042524006,1887,1944,3023,2424,1906,2003,3023,2426,-55,-276,15,-1,4900,4900,5000,5000,-32.69,27.91,-255.17000000000002,14.89600159022578,33.645643578995326,52.30621670545391,0.4411717485231986,0.8007167650343219,0.40524085492205103
,452,0,0.52734375,-0.14128943758573387,-0.52734375,0.14128943758573387,2539,2379,2371,1989,2539,2381,2403,1989,0,-15,-117,10,4900,5000,4900,4800,-45.53,55.27,-219.11,-19.671326926804227,4.3634970543301534,65.01111710269294,-0.5303135152182611,0.12548618349398058,0.8384633524066307
,453,0,-0.72265625,0.5253772290809327,0.72265625,-0.5253772290809327,1724,2813,3186,1555,1768,2814,3186,1585,-187,-2,2,-99,4900,4900,4900,4900,-35.88,84.85000000000001,-264.82,27.61155881652249,-22.687677830041295,55.52082452771608,0.7048658999661976,-0.5208767046963612,0.48150962770177497
,454,0,0.27734375,-0.5857338820301783,-0.27734375,0.5857338820301783,2376,2089,2534,2279,2377,2130,2543,2280,0,-173,-25,-1,5000,5000,5000,4900,-41.89,34.75,-237.53,-2.3795785058975127,25.854613879949984,61.441280392753704,-0.010325250674658025,0.6855185700144041,0.7279819224155996
,455,0,-0.22265625,0.08093278463648801,0.22265625,-0.08093278463648801,2050,2524,2860,1844,2061,2524,2860,1850,-30,0,0,-16,5000,5000,5000,5000,-49.36,63.45,-246.56,8.16834722716942,-2.3156202527503424,68.93867805051134,0.25475697404023573,-0.050143246121095934,0.9657041674582864
,456,0,0.77734375,0.7475994513031545,-0.77734375,-0.7475994513031545,2702,2958,2208,1410,2702,2959,2251,1457,0,-6,-176,-188,5100,4800,5000,4900,-30.47,89.38,-211.12,-25.743518601663993,-30.124328938477973,49.91627869502685,-0.5793687058436907,-0.7410075490576994,0.3394697555431232
,457,0,-0.84765625,-0.3635116598079561,0.84765625,0.3635116598079561,1642,2234,3268,2134,1700,2254,3267,2136,-280,-60,14,0,5000,5000,5000,4900,-33.21,54.59,-273.59000000000003,34.73532442444511,8.004814627304434,52.88790403534358,0.8929611522494086,0.1870087538440149,0.4094485395737988
,458,0,0.15234375,0.30315500685871033,-0.15234375,-0.30315500685871033,2294,2669,2616,1699,2294,2670,2618,1718,0,-1,-15,-52,5000,5000,5000,5000,-47.94,75.95,-240.02,2.3217716452294326,-15.151707586522889,67.49285097771633,0.07861611492604029,-0.40050473998931385,0.9129159105416158
,459,0,-0.34765625,0.9698216735253768,0.34765625,-0.9698216735253768,1968,3103,2942,1265,1979,3103,2941,1340,-27,0,12,-394,5000,4900,4900,4800,-27.59,107.57000000000001,-232.15,-3.7467729210329423,-47.14470934682194,47.10892581074251,0.13696738766780361,-0.9742814200998248,0.17892917359594107
,460,0,0.65234375,-0.9314128943758574,-0.65234375,0.9314128943758574,2620,1864,2290,2504,2621,1936,2319,2505,0,-377,-103,0,4900,4900,4700,4800,-28.810000000000002,22.19,-221.85,-18.671242483739263,37.54972697447911,48.30703452406117,-0.40579675572295787,0.8831983385483178,0.23513759340057228
,461,0,-0.59765625,-0.26474622770919065,0.59765625,0.26474622770919065,1805,2298,3105,2070,1845,2303,3105,2070,-166,-20,13,0,4900,5000,5000,4900,-41.85,53.9,-263.82,24.911289568066735,8.160149377727606,61.49271723819554,0.703670165969865,0.2327420009842834,0.6713266406912318
,462,0,0.40234375,0.40192043895747576,-0.40234375,-0.40192043895747576,2457,2733,2453,1635,2458,2734,2470,1660,0,0,-53,-74,5000,4900,5000,5000,-45.17,78.29,-226.62,-10.921385111398507,-18.214701196234728,64.67409783736424,-0.26042071232725006,-0.479094543772617,0.838241892724454
,463,0,-0.09765625,-0.7091906721536352,0.09765625,0.7091906721536352,2131,2009,2779,2359,2132,2063,2777,2359,0,-242,16,0,4900,4900,5000,5000,-37.82,28.7,-241.88,1.6501438235227113,32.13337619790532,57.38808638032398,0.06268073219338105,0.8220653804631642,0.5659325366646224
,464,0,0.90234375,-0.04252400548696844,-0.90234375,0.04252400548696844,2783,2443,2127,1925,2783,2444,2191,1925,0,-8,-323,12,5000,5100,5100,5000,-32.57,56.82,-200.73000000000002,-37.89338032706601,1.8227929705459758,51.98460211837536,-0.8889398354378855,0.0915845981375073,0.44877414180816605
,465,0,-0.91015625,0.6241426611796979,0.91015625,-0.6241426611796979,1602,2878,3308,1490,1666,2879,3307,1528,-321,0,15,-138,5100,4900,4800,4600,-27.95,89.18,-267.11,30.161740764025268,-26.88399737694222,47.59836441138048,0.7786480111411554,-0.5860626925492892,0.2241378931546393
,466,0,0.08984375,-0.48696844993141286,-0.08984375,0.48696844993141286,2254,2154,2656,2214,2254,2189,2657,2215,0,-132,-15,-3,5000,4900,4900,5000,-44.4,39.42,-242.76,3.087192759996441,21.47449640129944,63.969299933741524,0.1189437979150177,0.5827038182387448,0.8039332267965661
,467,0,-0.41015625,0.17969821673525366,0.41015625,-0.17969821673525366,1928,2588,2982,1780,1953,2589,2981,1790,-81,0,15,-28,5000,5000,5000,4900,-46.7,68.41,-254.72,16.595100206284116,-6.824304220024111,66.30725198994449,0.49928554674028724,-0.16862409748869356,0.8498704939944534
,468,0,0.58984375,0.8463648834019202,-0.58984375,-0.8463648834019202,2580,3023,2330,1345,2581,3023,2358,1403,0,0,-93,-261,5100,4800,5000,4700,-29.84,98.43,-224.35,-12.039521170487006,-38.44249232723794,49.33240178660525,-0.33855648049941617,-0.8856914109018273,0.3176951906569852
,469,0,-0.66015625,-0.8573388203017833,0.66015625,0.8573388203017833,1765,1912,3145,2456,1798,1973,3143,2457,-120,-287,15,0,5000,5100,4900,4800,-27.7,28.67,-262.06,21.834987218222665,33.262690196689306,47.34097500323715,0.60063455231203,0.7564898183683328,0.25876879501588634
,470,0,0.33984375,-0.19067215363511658,-0.33984375,0.19067215363511658,2417,2347,2493,2021,2418,2352,2512,2022,0,-19,-60,0,4900,5000,5000,5000,-48.370000000000005,52.47,-230.27,-8.690077341603995,7.764176996761719,67.89186934415406,-0.23497641494075974,0.22253483749468775,0.9461840891300175
,471,0,-0.16015625,0.47599451303154994,0.16015625,-0.47599451303154994,2091,2781,2819,1587,2094,2781,2819,1619,-12,-3,0,-114,5000,5000,5000,4900,-44.69,84.0,-239.78,2.530845951115708,-23.20164704652558,64.24056522383341,0.06981378791225082,-0.6113395754320179,0.7882829178207171
,472,0,0.83984375,-0.635116598079561,-0.83984375,0.635116598079561,2742,2057,2168,2311,2742,2095,2218,2311,0,-149,-229,-1,5000,5100,4700,4900,-31.63,35.58,-209.63,-30.15632133788182,23.5149980792704,51.08052484351799,-0.7000951623368942,0.572678152492232,0.42650497925646924
,473,0,-0.78515625,0.03155006858710552,0.78515625,-0.03155006858710552,1683,2492,3227,1876,1740,2492,3226,1876,-275,0,5,1,5000,5000,5000,5000,-36.54,62.77,-271.69,33.270271264525235,-0.26751917942329584,56.20956214970129,0.8743707340831558,-0.0007065595825582843,0.48525799339365844
,474,0,0.21484375,0.6982167352537718,-0.21484375,-0.6982167352537718,2335,2926,2575,1442,2335,2927,2578,1494,-2,0,-14,-232,5000,5000,4900,4700,-39.36,94.10000000000001,-241.79,5.105357509251007,-33.17563191708915,58.91604496011041,0.05156674140183401,-0.8374476514448391,0.5440793161577819
,475,0,-0.28515625,-0.4128943758573388,0.28515625,0.4128943758573388,2009,2202,2901,2166,2018,2233,2900,2168,-28,-105,15,-11,5000,4900,5000,5000,-45.53,44.6,-249.09,9.684981692831713,16.645366804989923,65.12120641423542,0.3082403869235351,0.44115875315610437,0.8428326158751696
,476,0,0.71484375,0.2537722908093276,-0.71484375,-0.2537722908093276,2661,2636,2249,1732,2661,2637,2293,1742,0,-3,-190,-25,5000,4900,4800,5000,-41.27,65.58,-210.23000000000002,-27.96312788902395,-6.411794209915861,60.717256954342105,-0.6977465265139748,-0.23305641017412693,0.6773732312502699
,477,0,-0.53515625,0.9204389574759941,0.53515625,-0.9204389574759941,1846,3071,3064,1297,1875,3071,3065,1364,-101,0,2,-326,5100,4600,4900,4800,-27.52,103.64,-246.43,10.298963126313964,-42.44522180300436,47.091157474753516,0.31593026332083346,-0.9235218973493314,0.21747499588301966
,478,0,0.46484375,-0.7832647462277091,-0.46484375,0.7832647462277091,2498,1960,2412,2408,2498,2021,2429,2409,0,-288,-50,0,5000,4700,4800,4800,-34.800000000000004,26.71,-230.58,-9.730304202657777,33.508098616335204,54.32768755081325,-0.22967288555132617,0.8354654684441893,0.4992472500473671
,479,0,-0.03515625,-0.11659807956104251,0.03515625,0.11659807956104251,2172,2395,2738,1973,2173,2398,2738,1974,0,-15,0,0,5000,5000,5000,4900,-49.97,55.08,-238.16,-0.6758152924795979,5.58577295958505,69.51986186833119,0.008095492548269098,0.17470926913687843,0.9845867835178667
,480,0,0.96484375,0.5500685871056239,-0.96484375,-0.5500685871056239,2824,2830,2086,1538,2825,2831,2146,1570,0,0,-285,-107,5000,5000,4800,4700,-28.68,78.61,-199.81,-37.61504428974766,-19.983559365262323,48.08740737639524,-0.8338361505840473,-0.46082851317106727,0.3038985939877331
,481,0,-0.94140625,-0.561042524005487,0.94140625,0.561042524005487,1581,2105,3329,2263,1649,2135,3327,2263,-353,-109,16,0,4900,5000,5000,5000,-27.23,45.67,-275.61,36.28954704925374,17.023564604796313,46.916828681940046,0.8859024908226134,0.40040908975578826,0.2341993543868778
,482,0,0.05859375,0.10562414266117948,-0.05859375,-0.10562414266117948,2233,2540,2677,1828,2233,2541,2677,1835,0,0,0,-16,5000,5000,5000,4900,-49.870000000000005,65.53,-241.8,3.526490316613149,-4.651162792891867,69.43112648954842,0.1306503812750378,-0.12357334378184726,0.9836971620266374
,483,0,-0.44140625,0.772290809327846,0.44140625,-0.772290809327846,1907,2974,3003,1394,1927,2975,3003,1449,-55,0,0,-250,4800,5000,5000,4700,-33.160000000000004,98.53,-244.03,7.604826107885316,-37.47516658826666,52.72337523407276,0.322880027878546,-0.85265049870919,0.4107744084629884
,484,0,0.55859375,-0.3388203017832647,-0.55859375,0.3388203017832647,2559,2250,2351,2118,2559,2270,2382,2119,0,-58,-105,0,5000,5000,5000,4900,-44.550000000000004,47.870000000000005,-218.91,-20.26926063432532,11.742092393435101,64.03172642316363,-0.48726057132805123,0.30345947770727993,0.8188342207178969
,485,0,-0.69140625,0.3278463648834018,0.69140625,-0.3278463648834018,1744,2685,3166,1683,1787,2686,3165,1697,-184,0,15,-34,5000,4900,4900,4800,-39.09,75.79,-265.96,28.246461435633677,-13.580352214178475,58.7365388792863,0.7477471988193576,-0.3142168760817366,0.584928954184385
,486,0,0.30859375,0.9945130315500683,-0.30859375,-0.9945130315500683,2396,3119,2514,1249,2398,3119,2521,1327,0,0,-17,-419,5100,4700,4600,5000,-26.63,106.88,-223.47,-12.447926275177707,-46.92660226696849,46.117734805248176,-0.019902704213112122,-0.9873297760745923,0.1574287001836089
,487,0,-0.19140625,-0.9945130315500685,0.19140625,0.9945130315500685,2070,1823,2840,2545,2072,1907,2840,2546,-10,-464,0,0,4900,4800,4800,4800,-28.04,19.53,-241.43,0.7381072752587556,41.26908543088838,47.60816786609195,0.11659838962565784,0.972851427371333,0.19991227025438665
,488,0,0.80859375,-0.3278463648834019,-0.80859375,0.3278463648834019,2722,2257,2188,2111,2722,2264,2239,2110,0,-20,-236,11,5000,4800,5100,4700,-37.79,49.21,-207.01,-32.054592622141115,9.760553346951717,57.22859090016926,-0.7834001327366342,0.30664366115474584,0.5406051212316039
,489,0,-0.81640625,0.3388203017832647,0.81640625,-0.3388203017832647,1663,2692,3247,1676,1722,2693,3246,1692,-289,0,13,-40,5100,5000,5000,4800,-35.2,75.86,-270.13,32.42806289909444,-13.422403428679566,54.86159870143295,0.8423850355339888,-0.28841613764888313,0.4551962032487755
,490,0,0.18359375,-0.7722908093278464,-0.18359375,0.7722908093278464,2315,1968,2595,2400,2315,2027,2597,2401,0,-280,-15,-5,5000,5000,5000,4900,-35.85,25.98,-243.29,2.917463286022837,34.926651183615874,55.42367394038882,0.1160344577507957,0.86731542139876,0.48404541565680625
,491,0,-0.31640625,-0.1056241426611797,0.31640625,0.1056241426611797,1989,2402,2921,1966,2003,2403,2921,1966,-42,-3,13,0,5000,5000,5000,5000,-47.85,55.88,-252.97,14.163297206389842,5.591778090127455,67.45317268407932,0.4414687229429937,0.17190343247120565,0.8806557650794665
,492,0,0.68359375,0.5610425240054868,-0.68359375,-0.5610425240054868,2641,2837,2269,1531,2641,2839,2308,1563,0,-6,-151,-117,4900,5000,5000,4800,-37.62,82.76,-214.21,-23.04319289293204,-23.34901577931018,57.078566923098144,-0.5528435631339769,-0.6022533316943296,0.5758948855167997
,493,0,-0.56640625,-0.5500685871056241,0.56640625,0.5500685871056241,1826,2112,3084,2256,1859,2147,3083,2256,-119,-131,15,-1,5000,5000,4900,4800,-38.25,40.89,-260.57,20.972717347489976,20.975868680102963,57.88334227485017,0.5884942716568831,0.5279661698626391,0.6123121881096362
,494,0,0.43359375,0.11659807956104262,-0.43359375,-0.11659807956104262,2478,2547,2432,1821,2479,2547,2453,1826,0,0,-69,-14,5000,5000,5000,5000,-47.72,62.35,-223.4,-15.011172699718003,-2.473978516566767,67.21531545972843,-0.3749223271873427,-0.07077607183783359,0.9243505808034269
,495,0,-0.06640625,0.7832647462277091,0.06640625,-0.7832647462277091,2152,2982,2758,1386,2153,2983,2758,1444,0,0,0,-272,5000,4900,5100,4700,-36.09,98.14,-239.32,2.8701011197657067,-37.342544131550056,55.636430429370336,-0.021011195340140256,-0.9024712733104184,0.4302372955937805
,496,0,0.93359375,-0.9204389574759946,-0.93359375,0.9204389574759946,2804,1871,2106,2497,2804,1938,2156,2498,0,-332,-223,0,4700,4900,4600,4800,-21.64,26.240000000000002,-210.11,-30.148210313253543,32.87102471884852,41.09399392779035,-0.6570630185215453,0.7497126928361761,0.0787341596239167
,497,0,-0.87890625,-0.25377229080932784,0.87890625,0.25377229080932784,1622,2306,3288,2062,1686,2311,3287,2062,-323,-19,15,3,5100,4800,4800,5000,-32.68,58.58,-275.13,36.491567738637656,4.104504015769223,52.36275019607407,0.925295234446635,0.11625803496640907,0.36098864028677746
,498,0,0.12109375,0.4128943758573389,-0.12109375,-0.4128943758573389,2274,2740,2636,1628,2274,2741,2636,1656,-3,0,0,-90,5000,5000,5000,4900,-46.02,81.17,-240.76,3.350972350425536,-20.323115183220736,65.57459933175338,0.11044959796818098,-0.5432733851918312,0.832258923202915
,499,0,-0.37890625,-0.6982167352537723,0.37890625,0.6982167352537723,1948,2016,2962,2352,1963,2067,2960,2352,-39,-224,15,-1,4900,5000,5000,5000,-37.35,31.5,-251.29,11.19990776835212,29.84854828204453,56.9515431488572,0.3589625078500177,0.746876544490461,0.5597511458210818
,500,0,0.62109375,-0.03155006858710563,-0.62109375,0.03155006858710563,2600,2450,2310,1918,2601,2450,2347,1918,0,-10,-145,0,5000,5000,5000,4800,-42.95,55.42,-213.73000000000002,-25.025943117740724,3.9226060526275006,62.41169397969463,-0.6408196341253158,0.07326410998902314,0.7641875206433381
,501,0,-0.62890625,0.6351165980795608,0.62890625,-0.6351165980795608,1785,2885,3125,1483,1822,2886,3126,1523,-139,-2,7,-149,5000,5000,4900,4800,-35.34,90.60000000000001,-258.95,22.064366156436932,-28.747675927502854,54.95861758124936,0.5635236395471089,-0.6654762082889362,0.4894716783154673
,502,0,0.37109375,-0.47599451303155005,-0.37109375,0.47599451303155005,2437,2161,2473,2207,2438,2193,2488,2209,0,-112,-49,-3,5000,5000,5000,4900,-44.32,40.14,-232.39000000000001,-7.228069411610846,20.192603675264923,63.85175262434177,-0.16611841438849045,0.5416851182412041,0.824003583170041
,503,0,-0.12890625,0.19067215363511658,0.12890625,-0.19067215363511658,2111,2595,2799,1773,2115,2596,2799,1784,-16,-3,0,-30,5000,5000,5000,5000,-49.36,69.38,-240.25,2.189638262993867,-8.579442666793845,68.9148476704685,0.07945619086114943,-0.22187514407426479,0.9718323590907337
,504,0,0.87109375,0.8573388203017831,-0.87109375,-0.8573388203017831,2763,3030,2147,1338,2763,3030,2199,1396,0,0,-236,-264,4900,5000,5000,4700,-25.68,94.06,-208.01,-28.577619006614754,-34.96447323608041,45.11425015772673,-0.6069824978616789,-0.7765693984822916,0.16885560882140846
,505,0,-0.75390625,-0.8463648834019204,0.75390625,0.8463648834019204,1704,1919,3206,2449,1750,1978,3204,2450,-195,-284,16,0,5100,4700,4800,4700,-26.07,30.36,-265.69,25.55721861289689,31.772865093892122,45.723781567813674,0.6616350746668463,0.7163609723236486,0.2215084316727323
,506,0,0.24609375,-0.17969821673525377,-0.24609375,0.17969821673525377,2355,2354,2555,2014,2355,2359,2566,2015,0,-19,-31,3,5000,5000,5000,4900,-49.24,52.57,-235.34,-3.6252846449116305,7.93924752018664,68.78014027768694,-0.07371482693283035,0.21548180680984294,0.9737215799314649
,507,0,-0.25390625,0.48696844993141286,0.25390625,-0.48696844993141286,2029,2788,2881,1580,2037,2788,2881,1612,-25,-8,0,-113,5000,5000,4900,4900,-44.18,84.48,-243.54,6.313168440477824,-23.47661863991017,63.74405015931175,0.18659633547109503,-0.5995303800436764,0.778296300256813
,508,0,0.74609375,-0.6241426611796983,-0.74609375,0.6241426611796983,2681,2064,2229,2304,2681,2102,2270,2305,0,-150,-170,0,5000,4900,4900,4900,-34.47,35.7,-214.87,-24.927773536710077,23.67858932032121,53.93939276574062,-0.6047542358032381,0.5969896381511732,0.5271391526135889
,509,0,-0.50390625,0.04252400548696844,0.50390625,-0.04252400548696844,1867,2499,3043,1869,1900,2500,3043,1869,-121,-2,7,0,5000,4900,5000,4900,-45.11,61.46,-259.58,21.07629391683932,0.37988940376965985,64.73604316888682,0.6109345987889242,0.01362629105215736,0.7915637941409258
,510,0,0.49609375,0.709190672153635,-0.49609375,-0.709190672153635,2518,2933,2392,1435,2518,2934,2414,1484,0,0,-66,-211,4900,5000,4900,4900,-36.68,91.91,-222.5,-14.265334852977759,-32.035106853092046,56.16684871642636,-0.2905054684538438,-0.8013279845130797,0.5229531853183589
,511,0,-0.00390625,-0.401920438957476,0.00390625,0.401920438957476,2192,2209,2718,2159,2192,2238,2717,2160,0,-102,15,0,4900,5000,5000,5000,-46.51,43.43,-239.05,-0.40718774274949965,17.268205119229123,66.065181264449,0.029585132000841768,0.4767833756817892,0.8785228128159057
,512,0,0.99609375,0.26474622770919076,-0.99609375,-0.26474622770919076,2844,2644,2066,1724,2845,2645,2134,1733,0,0,-347,-20,4900,5000,4700,4800,-31.37,63.620000000000005,-199.20000000000002,-39.04762492781103,-5.049791814570128,50.77787191943208,-0.9196059758311633,-0.15653423396356683,0.36030803878494433
,513,0,-0.998046875,0.9314128943758573,0.998046875,-0.9314128943758573,1544,3078,3366,1290,1619,3078,3365,1348,-396,0,10,-275,4900,4800,5000,4500,-21.17,99.59,-267.97,31.609996290260682,-37.22941502079826,40.81964847804028,0.6509090983057703,-0.7546961161460993,-0.08216518737739247
,514,0,0.001953125,-0.9698216735253772,-0.001953125,0.9698216735253772,2196,1839,2714,2529,2196,1920,2715,2530,0,-436,-15,0,5100,4900,4800,4900,-28.73,19.66,-242.74,2.050745166035,41.210138218450254,48.30286707714973,0.10091043732152336,0.9660487457219806,0.237837979575522
,515,0,-0.498046875,-0.30315500685871055,0.498046875,0.30315500685871055,1870,2273,3040,2095,1899,2279,3040,2094,-103,-18,15,6,4900,4900,5000,4900,-43.31,50.13,-260.19,21.076744311630733,11.726970489954695,62.94028410356482,0.6059513726373436,0.3383040958038238,0.7199814391783145
,516,0,0.501953125,0.36351165980795597,-0.501953125,-0.36351165980795597,2522,2708,2388,1660,2522,2710,2414,1680,0,0,-85,-60,5000,4900,5000,4900,-44.83,75.05,-221.67000000000002,-16.038732946857635,-15.248086523840556,64.31681851182563,-0.39008234327665153,-0.3997780546627878,0.8294656547885711
,517,0,-0.748046875,-0.747599451303155,0.748046875,0.747599451303155,1707,1984,3203,2384,1753,2033,3201,2385,-206,-210,16,-1,4900,5000,4800,5000,-29.37,34.230000000000004,-267.04,27.103465972739144,27.980627591095647,49.027938619856585,0.6928742071276635,0.6503385096167958,0.3114243985409881
,518,0,0.251953125,-0.08093278463648834,-0.251953125,0.08093278463648834,2359,2418,2551,1950,2359,2420,2562,1950,0,-17,-30,12,5000,5000,5000,5000,-49.730000000000004,56.35,-234.41,-4.35044879825341,4.114149407867792,69.26610466099393,-0.09969676476411732,0.10980257414354323,0.9889408221966669
,519,0,-0.248046875,0.5857338820301783,0.248046875,-0.5857338820301783,2033,2853,2877,1515,2040,2854,2877,1556,-23,-4,0,-161,5000,5000,5000,4900,-41.76,89.9,-241.44,4.519230843743713,-29.001726805689586,61.3155181633394,0.1542195042010203,-0.7154237269162634,0.6814581685541932
,520,0,0.751953125,-0.5253772290809329,-0.751953125,0.5253772290809329,2685,2129,2225,2239,2685,2159,2267,2239,0,-102,-177,0,5000,5000,5000,4900,-37.86,39.52,-211.57,-28.02767609214368,19.683797074979857,57.3167791906818,-0.6556030240022505,0.4847376121669095,0.578976789059654
,521,0,-0.873046875,0.1412894375857341,0.873046875,-0.1412894375857341,1626,2563,3284,1805,1687,2564,3283,1808,-304,0,15,-12,4800,5000,4800,5000,-33.21,65.67,-274.5,36.24551779840462,-3.00944042160598,52.88920434303255,0.9221911083786408,-0.06441866434055661,0.3813316080682962
,522,0,0.126953125,0.8079561042524006,-0.126953125,-0.8079561042524006,2278,2998,2632,1370,2278,2999,2632,1427,-2,0,0,-263,5000,5000,4900,5000,-34.550000000000004,98.09,-244.83,8.374758398157269,-36.992904475078674,54.11633163058345,0.11069096183811504,-0.9175509523907368,0.38190019734768993
,523,0,-0.373046875,-0.8957475994513031,0.373046875,0.8957475994513031,1952,1887,2958,2481,1964,1956,2958,2482,-29,-355,0,-1,4800,5100,5000,4900,-30.98,23.2,-249.57,9.054732097951472,38.045315151103196,50.57686400105507,0.2985273926788175,0.8964175944930943,0.3275925702814419
,524,0,0.626953125,-0.22908093278463648,-0.626953125,0.22908093278463648,2604,2322,2306,2046,2605,2327,2342,2046,-1,-16,-138,12,5000,5000,5000,4900,-44.04,51.56,-215.08,-23.891421852663143,7.849795940989182,63.50724912656605,-0.6252026239582975,0.22328397910116007,0.747840854508773
,525,0,-0.623046875,0.43758573388203037,0.623046875,-0.43758573388203037,1789,2756,3121,1612,1828,2756,3121,1635,-158,-1,1,-66,5000,4900,5000,5000,-40.22,81.69,-261.51,24.119308060268537,-19.71366330016778,59.84941809047353,0.6272403120517286,-0.4572929988565601,0.6304385014686407
,526,0,0.376953125,-0.673525377229081,-0.376953125,0.673525377229081,2441,2032,2469,2336,2443,2077,2482,2337,0,-187,-38,-9,5000,5000,5000,4800,-38.47,30.84,-235.36,-4.746351631699895,29.642319759977838,58.01417240825979,-0.10388328137331869,0.767751118700796,0.6322708941464787
,527,0,-0.123046875,-0.006858710562414272,0.123046875,0.006858710562414272,2115,2467,2795,1901,2119,2467,2794,1902,-15,-3,16,-12,5000,5000,5000,4900,-49.96,58.86,-242.3,3.663307060224213,2.0361111387524247,69.52412402617394,0.1267798629016876,0.07235300669271354,0.9892885872106041
,528,0,0.876953125,0.6598079561042522,-0.876953125,-0.6598079561042522,2767,2901,2143,1467,2767,2902,2197,1507,0,0,-243,-151,5100,5000,4800,5000,-30.21,82.14,-209.53,-27.723293999707977,-22.981230098871194,49.65183902155102,-0.681680928651016,-0.639374835123053,0.35568375240493727
,529,0,-0.935546875,-0.4513031550068587,0.935546875,0.4513031550068587,1585,2177,3325,2191,1651,2201,3324,2192,-338,-77,15,0,5000,4900,4800,4800,-28.650000000000002,51.31,-275.71,36.69049611940849,11.396779723347699,48.33617069183171,0.9226242225084123,0.26520767488921393,0.28005255439043053
,530,0,0.064453125,0.21536351165980805,-0.064453125,-0.21536351165980805,2237,2611,2673,1757,2237,2612,2673,1770,0,0,0,-34,5000,5000,5000,5000,-48.96,71.47,-242.06,4.111862094607062,-10.567945958443879,68.52100734714531,0.13857167379556468,-0.2746743723176005,0.951499805787383
,531,0,-0.435546875,0.8820301783264746,0.435546875,-0.8820301783264746,1911,3046,2999,1322,1929,3046,2999,1389,-45,0,11,-333,4800,4900,4700,5000,-30.35,102.35000000000001,-243.12,6.913661997251808,-41.3378836100612,49.90942616173491,0.2720272347664528,-0.9171284244258605,0.2913359515326868
,532,0,0.564453125,-0.8216735253772292,-0.564453125,0.8216735253772292,2563,1935,2347,2433,2564,1995,2371,2434,0,-284,-70,0,4900,4900,4900,5000,-31.67,26.19,-227.04,-13.282044429840738,33.836318636812265,51.185027375616386,-0.31305007553301195,0.845351767016048,0.432874162097509
,533,0,-0.685546875,-0.1550068587105624,0.685546875,0.1550068587105624,1748,2370,3162,1998,1794,2372,3161,1999,-197,-18,15,0,5000,4800,5000,5000,-39.68,59.99,-268.16,29.5832888870589,2.315561613700197,59.337301679209624,0.8039098179909062,0.07067185679720514,0.5905374612966255
,534,0,0.314453125,0.5116598079561043,-0.314453125,-0.5116598079561043,2400,2805,2510,1563,2401,2805,2522,1598,0,0,-32,-123,5000,5000,4900,5000,-43.81,84.67,-233.0,-4.199573930808896,-24.238413644903417,63.335986187219035,-0.08765218204535205,-0.6391416489913271,0.7640779067001844
,535,0,-0.185546875,-0.5994513031550068,0.185546875,0.5994513031550068,2074,2080,2836,2288,2077,2124,2835,2288,-13,-187,15,-3,4900,5000,5000,4900,-41.82,33.730000000000004,-242.98000000000002,3.0072234190338634,27.169014835575226,61.39112912749164,0.1352806680283574,0.7006323399108147,0.7005808055669936
,536,0,0.814453125,0.06721536351165969,-0.814453125,-0.06721536351165969,2726,2515,2184,1853,2726,2515,2235,1854,0,0,-239,0,5000,5000,4800,4900,-37.28,58.04,-205.32,-33.26086943019246,0.8520176407889863,56.71091548605241,-0.8164527542206675,0.03479240014401097,0.5763630704839657
,537,0,-0.810546875,0.7338820301783262,0.810546875,-0.7338820301783262,1667,2949,3243,1419,1722,2950,3242,1466,-254,-6,13,-193,5000,4800,5000,4700,-29.76,94.83,-263.05,26.40799352485223,-32.746758929533996,49.39269120487501,0.6540359037565707,-0.7117222799075738,0.25629754755067674
,538,0,0.189453125,-0.3772290809327846,-0.189453125,0.3772290809327846,2319,2225,2591,2143,2319,2253,2593,2145,0,-95,-17,0,5000,4900,4900,4900,-47.0,44.93,-240.32,0.9406063769097841,15.83918178312469,66.55949221504669,0.0671243728759426,0.42552430954737336,0.9024540877796732
,539,0,-0.310546875,0.289437585733882,0.310546875,-0.289437585733882,1993,2660,2917,1708,2007,2661,2917,1725,-41,0,0,-42,5000,5000,5000,5000,-47.06,74.79,-248.76000000000002,10.989010015627997,-13.518596414455558,66.64460164505536,0.321475276018379,-0.3416877610133442,0.8831212379297617
,540,0,0.689453125,0.9561042524005485,-0.689453125,-0.9561042524005485,2644,3094,2266,1274,2644,3094,2301,1341,0,0,-132,-328,5000,4700,4900,5000,-24.87,103.28,-219.19,-16.91070869309914,-43.56361242988342,44.34294680496366,-0.3856481132388344,-0.9079149817847381,0.1642130281254978
,541,0,-0.560546875,-0.9451303155006858,0.560546875,0.9451303155006858,1830,1855,3080,2513,1858,1930,3079,2514,-91,-396,15,-8,4900,5000,4800,4900,-26.080000000000002,24.8,-256.58,16.15882078752341,36.830081690369106,45.70190435746744,0.4741628515218835,0.8508859830837776,0.22619158699693012
,542,0,0.439453125,-0.2784636488340192,-0.439453125,0.2784636488340192,2481,2289,2429,2079,2482,2296,2451,2078,0,-22,-69,9,5000,5000,5000,4900,-46.76,47.99,-225.92000000000002,-13.271070918140538,12.002012492496128,66.26698529819124,-0.3435911978958216,0.33930474127433213,0.8756810956491369
,543,0,-0.060546875,0.38820301783264743,0.060546875,-0.38820301783264743,2156,2724,2754,1644,2157,2725,2754,1669,0,0,0,-81,5000,5000,5000,4900,-46.730000000000004,79.61,-237.01,-0.4807176155846662,-18.969268453093335,66.27134249512129,-0.005974751958540819,-0.510250956797257,0.8600048043043235
,544,0,0.939453125,-0.7229080932784637,-0.939453125,0.7229080932784637,2807,2000,2103,2368,2807,2045,2158,2370,0,-186,-252,0,5000,4800,4800,4800,-27.46,32.67,-207.95000000000002,-31.976834553625594,26.331061754363045,46.905010862086975,-0.7455431307269126,0.6061063047569973,0.2771291892957708
,545,0,-0.966796875,-0.056241426611796985,0.966796875,0.056241426611796985,1565,2434,3345,1934,1640,2434,3344,1934,-412,-10,14,12,4800,5100,4800,4900,-29.310000000000002,63.39,-277.78000000000003,39.410890318916216,-0.5532716439588157,49.001473418431225,0.9676843312672373,-0.0063353015088362975,0.252085102643278
,546,0,0.033203125,0.6104252400548695,-0.033203125,-0.6104252400548695,2217,2869,2693,1499,2217,2870,2693,1540,0,0,0,-162,4800,5000,5000,5000,-40.95,91.60000000000001,-240.21,3.3862576972767897,-30.765692490305,60.50078083580121,0.11708746497105645,-0.7688325071153733,0.6286390868768352
,547,0,-0.466796875,-0.5006858710562414,0.466796875,0.5006858710562414,1891,2145,3019,2223,1914,2179,3018,2225,-71,-122,15,-11,4900,5000,5000,4900,-41.6,42.11,-256.81,17.272484008588464,19.55228354207254,61.2195345043928,0.5180415491143134,0.49508246436865905,0.6975143775334657
,548,0,0.533203125,0.16598079561042534,-0.533203125,-0.16598079561042534,2543,2579,2367,1789,2543,2580,2397,1795,0,0,-108,-17,4900,5000,5000,5000,-45.95,64.24,-219.09,-19.205818605835333,-4.594516722906732,65.42943656188979,-0.4839371017582941,-0.14291330096401986,0.8633543131005657
,549,0,-0.716796875,0.8326474622770919,0.716796875,-0.8326474622770919,1728,3014,3182,1354,1770,3014,3181,1408,-174,-1,12,-241,4800,4900,4700,5000,-27.48,99.16,-256.81,20.420508519817275,-37.40828664261565,47.08941469202351,0.537993181283737,-0.8099727833273052,0.2334682572882718
,550,0,0.283203125,-0.8710562414266119,-0.283203125,0.8710562414266119,2380,1903,2530,2465,2381,1968,2536,2466,0,-321,-21,-1,5000,4900,4800,5000,-32.65,23.27,-239.12,-1.381988902416822,37.407464981703775,52.20913295005472,0.05271504530089585,0.9275588278738354,0.3699401908852853
,551,0,-0.216796875,-0.20438957475994513,0.216796875,0.20438957475994513,2054,2338,2856,2030,2063,2342,2855,2030,-26,-19,15,11,5000,5000,5000,4900,-48.52,52.46,-247.47,8.48336247217847,8.707889550947257,68.10393437536631,0.27815052109031063,0.27811057574327835,0.919394798373871
,552,0,0.783203125,0.4622770919067216,-0.783203125,-0.4622770919067216,2706,2772,2204,1596,2706,2772,2248,1620,0,0,-191,-75,4900,5000,5100,4900,-36.85,76.12,-208.3,-29.302162048272606,-17.03937263680922,56.28843495514227,-0.6978655278445978,-0.44366444970222346,0.562268228798857
,553,0,-0.841796875,-0.6488340192043895,0.841796875,0.6488340192043895,1646,2048,3264,2320,1703,2084,3262,2320,-275,-142,17,0,4800,4800,4800,4800,-28.96,39.36,-270.41,30.748458754132088,23.041303568140126,48.62918328152493,0.7927178198135184,0.5307626952046105,0.299815642569296
,554,0,0.158203125,0.017832647462277196,-0.158203125,-0.017832647462277196,2298,2483,2612,1885,2298,2483,2616,1886,0,0,-17,-10,5000,5000,5000,4900,-50.18,59.68,-239.41,0.821315870695372,1.0603407484266114,69.73354757786743,0.05116206110818445,0.027008156444217116,0.998325098847388
,555,0,-0.341796875,0.6844993141289435,0.341796875,-0.6844993141289435,1972,2917,2938,1451,1984,2918,2938,1500,-31,0,0,-211,4900,5000,4900,4900,-39.45,93.58,-249.26000000000002,12.535737650583712,-32.25088820927667,59.03309208801332,0.25161052146863017,-0.7899699859913046,0.5591418127087098
,556,0,0.658203125,-0.42661179698216734,-0.658203125,0.42661179698216734,2624,2193,2286,2175,2624,2219,2322,2175,0,-80,-136,0,5000,5000,5000,4800,-41.56,43.94,-214.96,-24.41602800786356,15.45297194854804,61.02819628727294,-0.579352692088282,0.3826321138474403,0.7196826548018922
,557,0,-0.591796875,0.2400548696844993,0.591796875,-0.2400548696844993,1809,2627,3101,1741,1847,2628,3101,1749,-153,0,14,-21,4900,5000,5000,5000,-42.67,71.33,-262.16,24.197089499844907,-9.334572231255805,62.30360199370677,0.6642092926672747,-0.2246465511053148,0.7129936483664681
,558,0,0.408203125,0.9067215363511658,-0.408203125,-0.9067215363511658,2461,3062,2449,1306,2462,3062,2461,1375,-3,0,-34,-349,4900,4800,4900,4700,-30.19,98.52,-234.18,-2.2204538066973782,-37.998822586906414,49.71785381588484,-0.09154530125062774,-0.9540190407606237,0.2854244693173855
,559,0,-0.091796875,-0.7969821673525377,0.091796875,0.7969821673525377,2135,1951,2775,2417,2136,2015,2774,2419,0,-314,14,-11,4900,5000,5000,5000,-34.51,26.41,-242.28,1.9371194931202353,34.44295474508841,54.079961246739906,0.09412551364991331,0.8802505880609774,0.46507987475104007
,560,0,0.908203125,-0.13031550068587106,-0.908203125,0.13031550068587106,2787,2386,2123,1982,2787,2387,2186,1982,0,-10,-308,11,4800,4800,4700,4800,-35.06,55.77,-202.62,-36.072132677098864,2.9729191419824375,54.48159366567101,-0.8828498589028884,0.06962941539674768,0.4644651452441367
,561,0,-0.904296875,0.5363511659807956,0.904296875,-0.5363511659807956,1605,2821,3305,1547,1669,2822,3304,1577,-319,0,14,-96,5000,5000,4900,4700,-30.3,85.37,-270.62,33.45124935334613,-22.889939954201736,49.96169649651705,0.8230613033157964,-0.49698553257256434,0.27490993324663104
,562,0,0.095703125,-0.5747599451303156,-0.095703125,0.5747599451303156,2257,2096,2653,2272,2258,2138,2654,2273,-1,-175,-15,-11,5000,4800,5000,4800,-41.95,35.43,-243.72,3.8379543765705364,25.51164777661188,61.52349418350462,0.13576198919969665,0.6826931517578761,0.717982411227071
,563,0,-0.404296875,0.09190672153635115,0.404296875,-0.09190672153635115,1931,2531,2979,1837,1954,2531,2978,1842,-75,-4,0,-16,5000,5000,4900,5000,-46.99,63.730000000000004,-255.3,16.91911834146518,-2.119827093961078,66.60018068164854,0.5215766878036647,-0.03775309206228188,0.8523687363925874
,564,0,0.595703125,0.7585733882030177,-0.595703125,-0.7585733882030177,2583,2966,2327,1402,2584,2967,2329,1457,0,-1,-13,-246,5000,5000,4800,4900,-35.12,98.46000000000001,-231.3,-5.117160312595473,-38.09711248401348,54.63744023293396,0.0633052312087231,-0.8906266419197231,0.4503072644366373
,565,0,-0.654296875,-0.35253772290809327,0.654296875,0.35253772290809327,1768,2241,3142,2127,1806,2263,3141,2128,-153,-68,16,-5,5000,4900,4900,4900,-39.67,52.92,-266.21,27.25237784406235,9.269273212045832,59.32153092556756,0.7482441616395956,0.230525500342238,0.6220841327860885
,566,0,0.345703125,0.3141289437585735,-0.345703125,-0.3141289437585735,2420,2676,2490,1692,2421,2677,2490,1712,-1,0,0,-56,4900,5000,5000,5000,-47.7,76.32000000000001,-241.91,4.229921972433516,-15.418464375458555,67.2596061613804,0.13698924461020764,-0.42007949654430077,0.8970881581228299
,567,0,-0.154296875,0.98079561042524,0.154296875,-0.98079561042524,2094,3110,2816,1258,2095,3110,2816,1336,0,0,0,-414,5000,5000,5100,4700,-27.53,106.78,-230.54,-5.3970621163578585,-46.44325847523939,47.04325811282425,0.03302670487215269,-0.9845175721318036,0.17214641131602534
,568,0,0.845703125,-0.9862825788751715,-0.845703125,0.9862825788751715,2746,1828,2164,2540,2746,1911,2166,2541,0,-451,-15,-5,4800,5100,4900,4900,-25.810000000000002,19.46,-244.26,3.56812801820638,41.493457591388946,45.38840667891924,0.10342886099428411,0.9713001544752307,0.21419262505935716
,569,0,-0.779296875,-0.3196159122085048,0.779296875,0.3196159122085048,1687,2263,3223,2105,1742,2270,3222,2105,-262,-23,15,0,5000,5000,4800,5000,-35.61,53.7,-270.97,32.06226263446476,8.750363771780691,55.27859371410113,0.8570991263697115,0.24477059999160533,0.4532862682191321
,570,0,0.220703125,0.3470507544581618,-0.220703125,-0.3470507544581618,2339,2697,2571,1671,2339,2698,2571,1695,0,0,0,-70,5000,5000,4900,5000,-47.38,77.88,-241.70000000000002,4.1060764627222,-16.987444577531832,66.93857124859616,0.1362341974189984,-0.4504870249369975,0.8823274243822495
,571,0,-0.279296875,-0.7640603566529492,0.279296875,0.7640603566529492,2013,1973,2897,2395,2019,2032,2895,2396,-18,-281,15,0,5000,5000,5000,4800,-35.39,28.22,-247.64000000000001,7.384283838962517,32.92628753222006,54.978972456233386,0.2386498906968639,0.8320880269865097,0.5006752890008382
,572,0,0.720703125,-0.09739368998628262,-0.720703125,0.09739368998628262,2665,2408,2245,1960,2665,2410,2245,1961,0,-16,0,0,5000,5000,5000,4900,-50.08,55.67,-241.32,2.5111400808992244,5.168157481347748,69.64115803656581,0.10321227712502191,0.17202853269978935,0.9796700514907175
,573,0,-0.529296875,0.5692729766803839,0.529296875,-0.5692729766803839,1850,2842,3060,1526,1877,2843,3060,1561,-87,0,3,-128,5000,4900,4900,4900,-39.11,88.46000000000001,-256.15,19.13878469691676,-26.764255745538193,58.71887256003565,0.4986239300698889,-0.6380896942003722,0.5866990016328083
,574,0,0.470703125,-0.541838134430727,-0.470703125,0.541838134430727,2502,2118,2408,2250,2502,2157,2410,2251,0,-150,-16,-12,4900,4900,5000,4800,-43.02,36.87,-243.93,4.12197708475253,24.08477153777785,62.59398720089792,0.13985800351327032,0.6482506642657787,0.7484723208858556
,575,0,-0.029296875,0.1248285322359397,0.029296875,-0.1248285322359397,2176,2552,2734,1816,2176,2552,2734,1825,0,0,0,-21,5000,5000,5000,4900,-49.89,65.93,-240.84,2.5895567873975267,-5.102698496126038,69.44759070943392,0.0941513692267024,-0.1335769750032841,0.9865559849403932
,576,0,0.970703125,0.7914951989026062,-0.970703125,-0.7914951989026062,2828,2987,2082,1381,2829,2988,2083,1439,0,0,-13,-271,4900,4700,4700,4800,-33.9,98.73,-233.11,-3.2907990770542312,-38.26799279235965,53.42393104156712,0.03681234088714376,-0.9077457461363183,0.41790251486420493
,577,0,-0.982421875,-0.9122085048010974,0.982421875,0.9122085048010974,1555,1876,3355,2492,1622,1939,3353,2493,-335,-300,15,0,5100,4800,4900,5000,-16.79,31.82,-273.7,33.66796415628178,30.7533558028812,36.47248395418103,0.7712008999173711,0.6358527084224274,-0.03066765655377318
,578,0,0.017578125,-0.24554183813443076,-0.017578125,0.24554183813443076,2206,2311,2704,2057,2206,2318,2704,2057,0,-22,0,0,5000,5000,5000,5000,-48.35,49.68,-245.11,5.97654095198493,11.355729386146997,67.92591731712797,0.20002384851779523,0.32357685540887166,0.9248180786878231
,579,0,-0.482421875,0.421124828532236,0.482421875,-0.421124828532236,1881,2746,3029,1622,1904,2747,3030,1649,-73,-4,0,-85,5000,4900,4900,5000,-42.84,80.55,-256.02,18.566134367558647,-18.87437683604584,62.44979501886993,0.5248807757946935,-0.46514609957498615,0.7128388859001299
,580,0,0.517578125,-0.6899862825788752,-0.517578125,0.6899862825788752,2532,2021,2378,2347,2532,2071,2380,2347,0,-217,-15,0,4900,4800,5000,4900,-38.04,30.32,-245.16,5.012445631372884,30.69375336916528,57.619630466618545,0.16736309940349253,0.7993989816117926,0.5770189434984659
,581,0,-0.732421875,-0.023319615912208547,0.732421875,0.023319615912208547,1718,2456,3192,1912,1766,2456,3191,1911,-214,0,14,11,4800,4900,5000,4900,-37.7,60.050000000000004,-270.73,32.15985422610444,2.3959165129422004,57.366577410369175,0.8552959510385642,0.08398247497933299,0.5112883531172837
,582,0,0.267578125,0.6433470507544579,-0.267578125,-0.6433470507544579,2369,2890,2541,1478,2370,2891,2542,1525,0,0,0,-193,5000,5000,5000,5000,-39.980000000000004,91.86,-239.83,3.0244217256005754,-31.04557573314834,59.529369439956675,0.1231854173887732,-0.7948035346874014,0.5942328619246549
,583,0,-0.232421875,-0.46776406035665297,0.232421875,0.46776406035665297,2043,2166,2867,2202,2047,2200,2866,2203,-18,-121,15,0,5000,5000,5000,4900,-44.75,40.94,-246.77,7.172517013909982,20.1743088941303,64.33349519261654,0.24332406847300395,0.5332439661833038,0.8102124846179826
,584,0,0.767578125,0.19890260631001366,-0.767578125,-0.19890260631001366,2695,2601,2215,1767,2695,2602,2216,1779,0,0,0,-32,5000,5000,5000,5000,-49.29,69.73,-241.28,3.2373658206510356,-8.87298181583224,68.84850211366509,0.11329224932540691,-0.24920886606893136,0.9618002949237576
,585,0,-0.857421875,0.8655692729766802,0.857421875,-0.8655692729766802,1636,3035,3274,1333,1690,3035,3273,1394,-244,0,14,-284,4800,4800,4900,4800,-25.12,98.2,-263.48,27.036989469299755,-36.08670579695371,44.75366986145765,0.6401161419965301,-0.7640345157336929,0.08063859822107539
,586,0,0.142578125,-0.8381344307270233,-0.142578125,0.8381344307270233,2288,1925,2622,2443,2288,1990,2623,2445,0,-319,-16,0,4800,5000,5000,4800,-33.15,23.7,-245.34,4.850345785357234,37.31559401885525,52.7314968708547,0.14808940715810776,0.9047095311267255,0.3994623784238261
,587,0,-0.357421875,-0.1714677640603567,0.357421875,0.1714677640603567,1962,2359,2948,2009,1979,2362,2947,2009,-50,-16,14,10,5000,5000,5000,4900,-46.94,54.97,-254.8,15.944451810779384,6.6001271212820996,66.5499448575419,0.48839977396261697,0.2083384536798265,0.847384652629232
,588,0,0.642578125,0.49519890260630994,-0.642578125,-0.49519890260630994,2614,2794,2296,1574,2615,2795,2296,1608,0,-4,-7,-125,5000,5000,5000,4900,-44.45,85.19,-240.85,3.6647293437158055,-24.33171204744636,64.00421475169604,0.1125398236684187,-0.6411243557715343,0.7591405327903499
,589,0,-0.607421875,-0.6159122085048011,0.607421875,0.6159122085048011,1799,2069,3111,2299,1831,2109,3110,2299,-121,-161,15,0,5100,5000,5000,4900,-35.47,38.68,-263.0,23.28912477377824,23.315574826031728,55.11252438365999,0.6334405914553856,0.574597206672907,0.5182577227406686
,590,0,0.392578125,0.05075445816186552,-0.392578125,-0.05075445816186552,2451,2504,2459,1864,2452,2504,2459,1867,0,0,0,-12,5000,5000,5000,5000,-49.97,61.96,-243.03,4.560491062245859,-1.0196890773171887,69.53620318116565,0.15501421802127366,-0.02910243812440032,0.9874834886247306
,591,0,-0.107421875,0.717421124828532,0.107421875,-0.717421124828532,2125,2939,2785,1429,2126,2940,2784,1483,0,0,12,-245,5000,5000,5000,4700,-38.87,94.36,-244.51,7.837204716820992,-33.28739679704228,58.43581642482628,0.08812631884585831,-0.8480169511499054,0.5225906643723143
,592,0,0.892578125,-0.3936899862825789,-0.892578125,0.3936899862825789,2777,2214,2133,2154,2777,2244,2135,2156,0,-105,-15,-11,5000,5000,5000,4900,-46.63,44.230000000000004,-242.6,3.1805550465737156,16.662068610122628,66.19784704748045,0.12440136112392734,0.45224844255255076,0.8831736225450275
,593,0,-0.919921875,0.27297668038408784,0.919921875,-0.27297668038408784,1595,2649,3315,1719,1660,2650,3314,1729,-333,0,15,-26,4800,4800,5000,4800,-31.01,71.63,-275.56,37.63542577028707,-8.90227901796726,50.69197674741751,0.9289559011235782,-0.1989788658638323,0.31216717429483887
,594,0,0.080078125,0.9396433470507544,-0.080078125,-0.9396433470507544,2247,3084,2663,1284,2247,3084,2663,1357,0,0,0,-375,5000,5000,4900,5000,-29.05,101.32000000000001,-246.33,10.067658930629676,-40.13464561316047,48.621201931619176,0.13067235633465024,-0.9698561231643795,0.20567896258613694
,595,0,-0.419921875,-0.9615912208504801,0.419921875,0.9615912208504801,1921,1844,2989,2524,1934,1923,2988,2525,-33,-419,15,0,4800,4800,4900,4800,-26.88,23.3,-251.69,11.191753541096205,38.06209289228328,46.4845226346805,0.3565356818454869,0.9049782226648715,0.23215668001008158
,596,0,0.580078125,-0.29492455418381347,-0.580078125,0.29492455418381347,2573,2279,2337,2089,2574,2287,2339,2088,0,-24,-14,10,5000,5000,5000,5000,-47.800000000000004,46.64,-243.56,4.265769462568841,14.307302811527158,67.37087207069243,0.16485945411324024,0.4290110009626141,0.8881277618915764
,597,0,-0.669921875,0.37174211248285305,0.669921875,-0.37174211248285305,1758,2713,3152,1655,1796,2714,3151,1675,-154,0,9,-58,5000,5000,4900,4900,-38.99,77.42,-265.53000000000003,27.905951626421853,-15.231255339607266,58.63469615603176,0.7324629050874804,-0.3518582838308039,0.58283260098458
,598,0,0.330078125,-0.7393689986282579,-0.330078125,0.7393689986282579,2410,1989,2500,2379,2411,2044,2502,2380,0,-256,-15,0,5000,4900,5000,4800,-35.89,28.61,-245.70000000000002,5.4665342659654925,32.43135331129271,55.47189911632061,0.177721001231562,0.8357966657455721,0.5194797197676105
,599,0,-0.169921875,-0.07270233196159126,0.169921875,0.07270233196159126,2084,2424,2826,1944,2088,2426,2825,1945,-17,-16,0,0,5000,5000,5000,5000,-49.42,56.620000000000005,-246.51000000000002,7.747399965758461,4.501569586659578,68.99971981127092,0.2553802802150713,0.16170430400950897,0.9532222356523543
,600,0,0.830078125,0.5939643347050754,-0.830078125,-0.5939643347050754,2736,2858,2174,1510,2736,2859,2175,1552,0,0,-7,-170,5000,5000,4900,5000,-41.93,88.98,-241.85,4.878065167106882,-28.060888559235394,61.48716117189347,0.09409955821002933,-0.745626073705167,0.6596870707810587
,601,0,-0.794921875,-0.5171467764060357,0.794921875,0.5171467764060357,1677,2134,3233,2234,1729,2163,3232,2235,-238,-101,15,-1,5100,4900,4800,4800,-32.5,45.65,-270.69,31.35681227758235,16.77445525888665,52.16904461487013,0.8210049313410965,0.39738060501952666,0.4099262829679465
,602,0,0.205078125,0.14951989026063117,-0.205078125,-0.14951989026063117,2329,2568,2581,1800,2329,2570,2581,1809,0,-6,0,-21,5000,5000,5000,5000,-49.49,67.63,-243.56,5.399259253439055,-6.6523733157381955,69.05710382645304,0.17496512633365133,-0.1770173422918193,0.9685308797839077
,603,0,-0.294921875,0.8161865569272977,0.294921875,-0.8161865569272977,2003,3003,2907,1365,2009,3004,2906,1424,-15,0,9,-277,5100,4900,5000,4700,-33.89,100.82000000000001,-236.93,0.6370459466187981,-40.14751981850446,53.427341026635254,0.15427416967986485,-0.9102797630319844,0.3841747435530111
,604,0,0.705078125,-0.887517146776406,-0.705078125,0.887517146776406,2655,1892,2255,2476,2655,1962,2257,2477,0,-360,-15,0,5000,4800,5000,4900,-31.57,22.080000000000002,-244.41,3.8394498833167177,38.88330723877357,51.14844136477443,0.13665803487357275,0.9323304021036324,0.33479038638791925
,605,0,-0.544921875,-0.2208504801097394,0.544921875,0.2208504801097394,1840,2327,3070,2041,1873,2331,3070,2042,-119,-17,15,0,5000,5000,5000,4900,-43.04,55.230000000000004,-262.57,23.73107178484824,6.7638029315742685,62.677960920519865,0.6806098843490183,0.20401142808371536,0.7036686169907388
,606,0,0.455078125,0.44581618655692745,-0.455078125,-0.44581618655692745,2492,2762,2418,1606,2493,2762,2420,1636,0,-1,-7,-101,4900,4900,5000,4900,-45.42,82.59,-241.56,4.229036166230287,-21.697364329683097,64.97723577509637,0.13011593528458776,-0.5818904365669549,0.8027909835174629
,607,0,-0.044921875,-0.6652949245541838,0.044921875,0.6652949245541838,2166,2037,2744,2331,2166,2086,2742,2331,11,-210,15,0,5000,5000,5000,5000,-39.29,31.43,-243.36,3.2708829979162886,29.487200622715992,58.86292852572719,0.1449131257886188,0.7786214514658256,0.6105315891020074
,608,0,0.955078125,0.00137174211248281,-0.955078125,-0.00137174211248281,2818,2472,2092,1896,2819,2473,2092,1899,0,-3,-8,-13,5000,5000,5000,4900,-50.230000000000004,60.26,-241.15,2.5900473765828167,0.5756415716118397,69.78972202113292,0.0990849945040518,0.0396665055484994,0.9942880529311929
,609,0,-0.951171875,0.6680384087791493,0.951171875,-0.6680384087791493,1575,2906,3335,1462,1642,2907,3334,1503,-345,0,12,-161,5100,4900,4900,4900,-27.09,88.99,-271.4,34.43816104478415,-26.461052432666207,46.75388400519868,0.7935065784625014,-0.5874305667974292,0.15897370577798367
,610,0,0.048828125,-0.4430727023319616,-0.048828125,0.4430727023319616,2227,2182,2683,2186,2228,2214,2684,2187,0,-110,-15,-6,5000,5000,4900,4900,-45.480000000000004,41.550000000000004,-244.54,4.976314508991635,19.44386894863953,65.05533453999368,0.18444126226374002,0.5166872067172008,0.8360716184570164
,611,0,-0.451171875,0.22359396433470513,0.451171875,-0.22359396433470513,1901,2617,3009,1751,1926,2618,3009,1763,-77,-3,14,-30,5000,4900,5000,5000,-45.52,70.38,-256.93,18.91301944079143,-8.670976381018747,65.13488159109085,0.5505354322920744,-0.21779700860828127,0.8059002424818245
,612,0,0.548828125,0.8902606310013716,-0.548828125,-0.8902606310013716,2553,3051,2357,1317,2553,3051,2358,1387,0,0,0,-352,5000,5000,4800,4800,-32.92,102.9,-238.62,2.4409528330630224,-42.13233908414101,52.46307320709698,0.09173757331313923,-0.9507435745864621,0.29609267641259374
,613,0,-0.701171875,-0.813443072702332,0.701171875,0.813443072702332,1738,1941,3172,2427,1776,1997,3170,2428,-151,-263,16,0,5100,5100,5000,4900,-29.16,31.37,-264.34000000000003,24.252948567851348,30.689905913114636,48.808709291823845,0.660055433580295,0.6960205400461703,0.2826344501913485
,614,0,0.298828125,-0.14677640603566533,-0.298828125,0.14677640603566533,2390,2375,2520,1993,2391,2379,2521,1994,0,-17,-1,0,5000,5000,5000,5000,-49.620000000000005,54.5,-244.4,5.524710469666417,6.503816638851596,69.19248429438586,0.1980007373394495,0.2055364087975009,0.9584103988749604
,615,0,-0.201171875,0.5198902606310014,0.201171875,-0.5198902606310014,2064,2810,2846,1558,2067,2810,2846,1595,-14,-2,0,-133,4900,4900,4900,4800,-43.6,86.53,-242.09,4.9786964670799705,-25.602098037482108,63.158454835975846,0.15377683594611122,-0.6658866213470055,0.730032665185245
,616,0,0.798828125,-0.5912208504801097,-0.798828125,0.5912208504801097,2716,2086,2194,2282,2716,2130,2195,2283,0,-186,-15,-3,5000,4800,5000,4900,-41.52,35.12,-244.36,4.461721357999181,25.85609710085441,61.095861846200386,0.15437103952079978,0.6977948714117217,0.6994654384519411
,617,0,-0.826171875,0.07544581618655677,0.826171875,-0.07544581618655677,1656,2520,3254,1848,1715,2520,3253,1850,-287,0,14,-10,5000,4800,5000,5000,-34.59,63.01,-273.74,35.33727140915019,-0.39514071098006553,54.26692910488727,0.9104795446721465,0.006224245467815566,0.41350726414654115
,618,0,0.173828125,0.7421124828532233,-0.173828125,-0.7421124828532233,2308,2955,2602,1413,2308,2956,2602,1470,0,0,0,-258,4800,4800,4700,4700,-37.08,95.36,-244.39000000000001,7.778105295953139,-34.291766119892074,56.64521610041792,0.14017890365812535,-0.8688714798427233,0.4747759750504672
,619,0,-0.326171875,-0.36899862825788754,0.326171875,0.36899862825788754,1982,2230,2928,2138,1993,2257,2927,2140,-30,-89,15,-9,5000,4900,5000,4900,-45.89,47.31,-252.55,13.285690701233818,14.127071261670736,65.4932039858817,0.3875610505767438,0.3622856223707577,0.8476706671221337
,620,0,0.673828125,0.2976680384087791,-0.673828125,-0.2976680384087791,2634,2665,2276,1703,2634,2666,2276,1722,0,-1,0,-54,5000,5000,5000,5000,-48.07,75.17,-242.19,4.445743325896643,-14.255097936857382,67.63081994469914,0.1422766597786718,-0.3917938822353236,0.9089856467102204
,621,0,-0.576171875,0.9643347050754456,0.576171875,-0.9643347050754456,1819,3100,3091,1268,1845,3100,3092,1340,-84,0,10,-371,5100,5100,4700,5000,-25.93,104.25,-249.04,12.943927713607422,-42.912030257561256,45.51047654593912,0.37206945526120005,-0.9177996405213403,0.13859343534429036
,622,0,0.423828125,-0.9368998628257887,-0.423828125,0.9368998628257887,2471,1860,2439,2508,2472,1936,2440,2509,0,-406,-15,0,5100,5100,4900,4900,-28.84,21.67,-243.77,3.1879485429693375,39.258979878459726,48.41622320523504,0.14812387206044736,0.9509079351815558,0.27172305263736724
,623,0,-0.076171875,-0.2702331961591221,0.076171875,0.2702331961591221,2145,2295,2765,2073,2146,2302,2764,2073,0,-24,15,0,5000,5000,5000,4900,-48.32,47.870000000000005,-242.71,3.4819376289876516,13.03277578287674,67.88758137959279,0.13010141391643454,0.40356915951030303,0.9056520057886981
,624,0,0.923828125,0.3964334705075445,-0.923828125,-0.3964334705075445,2797,2729,2113,1639,2797,2730,2115,1665,0,0,-14,-86,5000,5000,5000,4900,-46.6,80.03,-240.42000000000002,2.9475004117643095,-19.203472307648283,66.15357275592137,0.09064714902562014,-0.5260014387863421,0.8456391551768548
,625,0,-0.888671875,-0.7146776406035665,0.888671875,0.7146776406035665,1616,2005,3294,2363,1674,2048,3292,2363,-279,-173,14,0,5000,5000,4900,5000,-26.060000000000002,37.93,-272.22,32.48856255877362,24.568545412346985,45.73598935467253,0.8077217688808291,0.558168883197131,0.18982371270863896
,626,0,0.111328125,-0.0480109739368999,-0.111328125,0.0480109739368999,2268,2440,2642,1928,2268,2441,2642,1929,0,-16,0,0,5000,5000,5000,4900,-49.92,58.18,-243.94,5.264103769600496,2.804158399978334,69.49016375860529,0.18685790863270413,0.09518195065135028,0.9777650629121579
,627,0,-0.388671875,0.6186556927297666,0.388671875,-0.6186556927297666,1942,2874,2968,1494,1957,2875,2967,1535,-40,0,0,-161,4900,5000,5000,5000,-39.87,90.56,-251.02,14.12766334399106,-29.139949651163775,59.45998068509226,0.3440666213189065,-0.7240265329945134,0.5978325347571318
,628,0,0.611328125,-0.4924554183813443,-0.611328125,0.4924554183813443,2594,2150,2316,2218,2595,2185,2318,2220,0,-131,-16,-11,5000,5000,5000,5000,-44.550000000000004,38.69,-244.09,4.375051398499494,22.27556892036216,64.12422877687791,0.1596388158675901,0.5847644232724228,0.7953401899459529
,629,0,-0.638671875,0.17421124828532242,0.638671875,-0.17421124828532242,1779,2585,3131,1783,1818,2586,3131,1790,-161,-1,13,-19,4900,5000,4900,5000,-41.24,67.67,-265.71,27.548265292606374,-5.486705864473521,60.88707623347698,0.7590399904078149,-0.11075675374204204,0.6415537658390204
,630,0,0.361328125,0.8408779149519889,-0.361328125,-0.8408779149519889,2431,3019,2479,1349,2431,3019,2479,1412,0,0,0,-305,4900,4800,4700,4900,-32.92,100.55,-237.26,0.9553841653958557,-39.8596390153475,52.45858645418693,0.10206215462597505,-0.929255597940516,0.35505964328450157
,631,0,-0.138671875,-0.8628257887517147,0.138671875,0.8628257887517147,2105,1909,2805,2459,2106,1974,2804,2460,0,-317,14,0,4900,4800,4900,5000,-31.470000000000002,23.98,-244.21,3.743257874877429,36.97528896145853,51.04738023998269,0.14891251191222848,0.9193367182761916,0.364204698246951
,632,0,0.861328125,-0.19615912208504804,-0.861328125,0.19615912208504804,2756,2343,2154,2025,2756,2348,2156,2026,0,-19,-1,0,5000,5000,5000,4900,-49.32,51.52,-242.13,3.0973646206251715,9.35629628417847,68.88482863924824,0.11680081300323446,0.30564054257654094,0.9449557814074167
,633,0,-0.763671875,0.4705075445816187,0.763671875,-0.4705075445816187,1697,2778,3213,1590,1746,2778,3212,1615,-221,0,13,-81,5100,5000,5000,4900,-35.54,82.08,-267.29,29.928736416657358,-19.787540122276766,55.19023528797038,0.7592834248374362,-0.4584759001299534,0.46183171152180824
,634,0,0.236328125,-0.6406035665294925,-0.236328125,0.6406035665294925,2349,2053,2561,2315,2349,2099,2562,2316,0,-201,-14,-11,5000,5000,4800,5000,-39.79,32.24,-245.67000000000002,5.619640029441058,28.803617224574047,59.37111564150996,0.1751245531649542,0.7532780319506169,0.6339586717281973
,635,0,-0.263671875,0.026063100137174278,0.263671875,-0.026063100137174278,2023,2488,2887,1880,2033,2488,2886,1882,-29,0,14,-11,5000,5000,5000,5000,-48.78,60.79,-249.84,11.301159361995843,0.5187442888942329,68.37099347880607,0.3609897271746865,0.04145716915011928,0.9316478519271126
,636,0,0.736328125,0.6927297668038406,-0.736328125,-0.6927297668038406,2675,2923,2235,1445,2675,2924,2235,1497,0,0,0,-231,5000,5000,4900,4700,-37.97,94.75,-236.24,-0.39613757440446307,-34.12546056946671,57.50591114531223,0.09315537149509749,-0.8340274956794829,0.5438016303876079
,637,0,-0.513671875,-0.41838134430727025,0.513671875,0.41838134430727025,1860,2198,3050,2170,1885,2227,3050,2171,-87,-94,15,-2,5000,5000,5000,5000,-42.230000000000004,47.84,-260.36,21.12604751930988,14.023226956938046,61.861314487889885,0.5933967170333247,0.36286561764028197,0.7184767774595151
,638,0,0.486328125,0.24828532235939638,-0.486328125,-0.24828532235939638,2512,2633,2398,1735,2512,2635,2399,1749,0,-6,0,-39,5000,5000,4900,5000,-48.63,72.56,-242.75,4.86120270686456,-11.61875482714062,68.1933041761356,0.15421185049872646,-0.32185401741435693,0.9341459718052619
,639,0,-0.013671875,0.9149519890260629,0.013671875,-0.9149519890260629,2186,3067,2724,1301,2186,3067,2723,1374,0,0,12,-373,4700,4700,5000,5000,-29.42,102.78,-235.89000000000001,-0.2789414111719566,-42.15941582175587,48.953266638287595,0.06825819770919234,-0.9614607365104816,0.2663345088309333
,640,0,0.986328125,-0.7887517146776406,-0.986328125,0.7887517146776406,2838,1957,2072,2411,2839,2020,2074,2412,0,-306,-16,0,5000,4800,4900,4800,-34.97,26.11,-245.16,4.794913203472419,34.89869440461847,54.550404093218624,0.13532403167165194,0.8704322645949928,0.47332344037049523
,641,0,-0.990234375,-0.12208504801097397,0.990234375,0.12208504801097397,1549,2391,3361,1977,1626,2392,3360,1977,-425,0,15,10,4900,4900,5100,5000,-27.73,62.75,-278.89,40.49017749578641,0.14663799071287542,47.42560359730474,0.9812474532388141,0.025849577704798274,0.19101108565951053
,642,0,0.009765625,0.5445816186556927,-0.009765625,-0.5445816186556927,2201,2826,2709,1542,2201,2828,2709,1580,0,0,0,-140,5000,5000,4800,5000,-43.03,88.27,-243.05,6.033788510753254,-27.287200114337764,62.59161114503973,0.16712359062045865,-0.7012928841185193,0.6930064906931638
,643,0,-0.490234375,-0.5665294924554184,0.490234375,0.5665294924554184,1875,2102,3035,2266,1897,2142,3035,2267,-67,-161,15,-11,5000,5000,5000,5000,-39.18,39.77,-258.42,18.761754696996405,21.977145503392546,58.80577865816638,0.5468034451264915,0.5573939012205649,0.6247543767593141
,644,0,0.509765625,0.10013717421124824,-0.509765625,-0.10013717421124824,2527,2536,2383,1832,2527,2536,2384,1839,0,-15,0,-15,5000,5000,5000,4900,-49.800000000000004,64.92,-243.51,5.201091487188506,-3.9492007716866766,69.36740647469392,0.17919419960266647,-0.10708176377818014,0.9779687800205656
,645,0,-0.740234375,0.7668038408779148,0.740234375,-0.7668038408779148,1712,2971,3198,1397,1754,2972,3197,1447,-176,0,13,-220,4800,4700,5100,4900,-30.61,95.62,-261.89,25.289547165110122,-33.598888339305276,50.23835852089386,0.6205871697812576,-0.7381160473635622,0.26468144122185827
,646,0,0.259765625,-0.3443072702331962,-0.259765625,0.3443072702331962,2364,2247,2546,2121,2364,2271,2548,2123,-2,-79,-16,-9,5000,4900,5000,5000,-47.36,46.980000000000004,-245.21,5.933365247583367,14.057547167429476,66.93676791724178,0.1873222414619057,0.38433385124222724,0.9039899715389572
,647,0,-0.240234375,0.32235939643347056,0.240234375,-0.32235939643347056,2038,2681,2872,1687,2045,2682,2872,1708,-24,-4,0,-59,5000,5000,5000,5000,-47.25,76.18,-246.09,8.397746460917233,-15.051571161261265,66.8247172070812,0.24574325692600738,-0.3980246058733731,0.8838476479545239
,648,0,0.759765625,0.9890260631001371,-0.759765625,-0.9890260631001371,2690,3116,2220,1252,2690,3116,2221,1332,0,0,-10,-430,5100,4700,4600,4800,-29.36,107.54,-232.25,-3.654909993639393,-47.10998772576481,48.87928046775389,0.05692116537121947,-0.9849450555365998,0.16322750536225797
,649,0,-0.865234375,-0.9780521262002744,0.865234375,0.9780521262002744,1631,1833,3279,2535,1680,1910,3276,2536,-210,-399,15,-9,4600,4900,5000,5000,-18.51,28.6,-269.26,29.053544383872605,33.72691598658638,38.177027880831965,0.7075306529989712,0.7066822968107572,-0.0007116467681946188
,650,0,0.134765625,-0.31138545953360763,-0.134765625,0.31138545953360763,2283,2268,2627,2100,2283,2277,2627,2100,0,-27,-4,0,5000,5000,5000,5000,-47.2,46.46,-246.25,6.944168453218481,14.633301517425757,66.78061476185218,0.23576472796483447,0.4108719873203461,0.8806811018087634
,651,0,-0.365234375,0.3552812071330589,0.365234375,-0.3552812071330589,1957,2703,2953,1665,1973,2704,2952,1689,-46,0,14,-69,5000,5000,4900,5000,-45.59,77.3,-251.81,14.17604402962229,-15.858760133965909,65.18516752200259,0.4068874989612891,-0.4082709106215385,0.8171642593317988
,652,0,0.634765625,-0.7558299039780522,-0.634765625,0.7558299039780522,2609,1978,2301,2390,2610,2037,2302,2392,0,-276,-15,0,5000,4800,5000,5000,-36.2,27.6,-245.82,5.530408930380446,33.44626234837246,55.78251088959993,0.17946541219952472,0.8451961072693682,0.5034239824251137
,653,0,-0.615234375,-0.08916323731138542,0.615234375,0.08916323731138542,1794,2413,3116,1955,1833,2414,3116,1955,-158,0,15,9,4900,5000,5000,5000,-41.46,59.18,-265.83,27.206368654367708,2.9972050448308707,61.109027515850265,0.7617563553944938,0.10231080190199482,0.639734128236308
,654,0,0.384765625,0.577503429355281,-0.384765625,-0.577503429355281,2446,2847,2464,1521,2447,2847,2464,1561,0,0,-2,-157,5000,5000,5000,4900,-41.93,88.7,-241.64000000000001,4.6531748330727964,-27.792702361039844,61.486453531130834,0.14081652825899665,-0.7323028940093911,0.6662605922569289
,655,0,-0.115234375,-0.53360768175583,0.115234375,0.53360768175583,2120,2123,2790,2245,2121,2161,2788,2245,0,-146,15,0,5000,5000,5000,5000,-43.42,36.93,-244.11,4.303530557685377,24.034482326621934,62.994623359659634,0.1649194285553286,0.6363872555749785,0.7535335712672201
,656,0,0.884765625,0.1330589849108368,-0.884765625,-0.1330589849108368,2772,2558,2138,1810,2772,2558,2140,1820,0,-6,-15,-23,5000,5000,5000,4900,-49.800000000000004,66.0,-241.88,3.632139992985344,-5.116100211811236,69.36133148706948,0.1209507809680045,-0.14546672005124497,0.9819421275924375
,657,0,-0.927734375,0.7997256515775033,0.927734375,-0.7997256515775033,1590,2992,3320,1376,1651,2993,3319,1426,-295,-1,12,-214,4800,4800,4800,5000,-24.5,95.79,-267.42,30.84254036706423,-33.466126331174806,44.14832233477403,0.7088519316867902,-0.7019473900625574,0.06927337532032338
,658,0,0.072265625,-0.9039780521262003,-0.072265625,0.9039780521262003,2242,1882,2668,2486,2242,1952,2670,2487,0,-357,-17,0,4900,4800,5000,4900,-29.150000000000002,22.43,-246.16,5.614555269679357,38.62973709811951,48.73470918181067,0.16861474323658865,0.935619814078612,0.3101364729707908
,659,0,-0.427734375,-0.23731138545953356,0.427734375,0.23731138545953356,1916,2316,2994,2052,1940,2321,2993,2051,-72,-18,14,10,5000,5000,5000,4900,-45.230000000000004,52.68,-257.77,18.79187119943711,9.048630876690162,64.85108283111111,0.5546295593688704,0.2702199065067323,0.7869988907246223
,660,0,0.572265625,0.42935528120713307,-0.572265625,-0.42935528120713307,2568,2751,2342,1617,2569,2752,2343,1646,0,-1,0,-94,4900,5000,5000,4900,-45.79,81.54,-242.09,4.699916269477853,-20.620277971955133,65.34933375461506,0.14012213874469687,-0.5575778720715674,0.8182131157649299
,661,0,-0.677734375,-0.6817558299039781,0.677734375,0.6817558299039781,1753,2027,3157,2341,1787,2071,3155,2341,-132,-179,15,0,4900,5000,5000,4800,-32.230000000000004,36.96,-265.58,25.78356540512246,25.1743194400423,51.88216304217111,0.6866832736619557,0.6030191014880545,0.4059975922507905
,662,0,0.322265625,-0.015089163237311354,-0.322265625,0.015089163237311354,2405,2461,2505,1907,2406,2461,2506,1908,0,-3,0,-11,5000,5000,5000,4900,-49.93,59.01,-244.0,5.369040269144847,1.9786361597542523,69.50023162624422,0.17851508408557135,0.06446695499958867,0.981822986320346
,663,0,-0.177734375,0.6515775034293549,0.177734375,-0.6515775034293549,2079,2896,2831,1472,2081,2897,2831,1521,-13,-1,13,-203,5000,5000,5000,4700,-39.410000000000004,92.06,-239.87,3.077268827719223,-31.242895631435843,58.959481695275784,0.11096352144661066,-0.7945472311278623,0.5969772143182809
,664,0,0.822265625,-0.4595336076817558,-0.822265625,0.4595336076817558,2731,2171,2179,2197,2731,2204,2180,2199,0,-120,-15,-12,4900,5000,5000,5000,-45.160000000000004,41.050000000000004,-243.85,4.261341105235232,19.905791490258768,64.73293634293762,0.15219682296850937,0.5395025764081391,0.8281141812137215
,665,0,-0.802734375,0.20713305898491075,0.802734375,-0.20713305898491075,1672,2606,3238,1762,1728,2607,3237,1769,-268,-1,14,-19,5000,4900,5000,5000,-35.82,68.51,-271.89,33.78419103748237,-5.9879258794121455,55.48926106426103,0.8759271311905157,-0.13106968286361842,0.46429774830208237
,666,0,0.197265625,0.8737997256515773,-0.197265625,-0.8737997256515773,2324,3041,2586,1327,2324,3041,2586,1394,-7,0,0,-331,5000,5000,5000,4800,-30.46,101.75,-237.48000000000002,1.2490467926136262,-41.04500385130987,49.999181553191676,0.11553865947930567,-0.9450199438282803,0.30592176112940794
,667,0,-0.302734375,-0.8299039780521262,0.302734375,0.8299039780521262,1998,1930,2912,2438,2004,1993,2911,2440,-18,-306,16,-11,5000,5000,4800,4800,-33.5,25.76,-247.73000000000002,7.3473867347883015,35.38825355231927,53.08974988607908,0.2602678914798609,0.873869947371532,0.41062384215423087
,668,0,0.697265625,-0.1632373113854595,-0.697265625,0.1632373113854595,2650,2365,2260,2003,2650,2369,2260,2003,0,-18,0,11,5000,5000,5000,5000,-49.61,53.33,-243.11,4.173137113023046,7.602061053503277,69.17803897340794,0.14972791601364355,0.2477187770470813,0.9571922266005453
,669,0,-0.552734375,0.503429355281207,0.552734375,-0.503429355281207,1835,2799,3075,1569,1864,2799,3075,1599,-102,0,14,-105,5000,5000,4900,4900,-40.13,84.91,-258.86,21.64837306281086,-23.072748386411007,59.74928007712742,0.5600437329880034,-0.5486862088099212,0.6207209207064451
,670,0,0.447265625,-0.607681755829904,-0.447265625,0.607681755829904,2487,2075,2423,2293,2488,2119,2425,2294,0,-188,-14,-11,4900,4800,5000,5000,-41.53,33.71,-244.73000000000002,4.7545874078645625,27.28410102534509,61.10744927367412,0.17066546284947254,0.7191408756198328,0.6735797657316587
,671,0,-0.052734375,0.058984910836762605,0.052734375,-0.058984910836762605,2161,2509,2749,1859,2162,2510,2748,1864,0,-4,15,-15,5000,5000,5000,5000,-50.11,62.67,-242.37,3.939512071147277,-1.7645256133688676,69.67369364329565,0.13471551423297634,-0.03927598518601173,0.9901056141708382
,672,0,0.947265625,0.7256515775034291,-0.947265625,-0.7256515775034291,2813,2944,2097,1424,2813,2945,2098,1478,0,0,-13,-242,5000,5000,4900,5000,-36.800000000000004,95.01,-239.54,2.9172939567018545,-34.20548264809929,56.34777991112428,0.08292764830132798,-0.8572636277446319,0.5081555644616358
,673,0,-0.958984375,-0.3854595336076817,0.958984375,0.3854595336076817,1570,2220,3340,2148,1640,2239,3338,2150,-371,-56,14,-7,4800,4900,5000,4900,-28.27,55.52,-277.03000000000003,38.238470278633855,7.2647936398837345,47.960182648895575,0.9498462813167565,0.17639391476516822,0.25821934223165344
,674,0,0.041015625,0.2812071330589849,-0.041015625,-0.2812071330589849,2222,2654,2688,1714,2222,2655,2688,1730,0,0,0,-42,5000,5000,5000,5000,-48.03,74.93,-244.04,6.280116887033728,-13.91500089853075,67.59753867785611,0.19379853835260036,-0.3705727804416695,0.9083600282531843
,675,0,-0.458984375,0.9478737997256514,0.458984375,-0.9478737997256514,1896,3089,3014,1279,1913,3089,3014,1350,-47,0,12,-360,5000,4900,4800,4800,-29.5,104.91,-244.25,8.184026760751578,-43.83244215967214,49.063050943394344,0.2735194090477093,-0.9409267368022138,0.19960964116226657
,676,0,0.541015625,-0.953360768175583,-0.541015625,0.953360768175583,2548,1850,2362,2518,2548,1930,2364,2519,0,-428,-15,0,5000,4800,5000,4800,-27.830000000000002,20.5,-246.45000000000002,5.804087789671485,40.57312919097945,47.41610969854256,0.15201654110822257,0.9538563420802053,0.2589383129296675
,677,0,-0.708984375,-0.2866941015089163,0.708984375,0.2866941015089163,1733,2284,3177,2084,1778,2290,3176,2084,-193,-19,17,0,4800,4800,4800,4900,-37.910000000000004,54.57,-269.32,30.45367501767484,7.791207154329491,57.57246913842342,0.8186661113900701,0.2263220238832713,0.5277917577670589
,678,0,0.291015625,0.37997256515775013,-0.291015625,-0.37997256515775013,2385,2719,2525,1649,2386,2720,2526,1673,0,0,-1,-75,5000,5000,5000,5000,-46.68,79.17,-243.11,5.5865382273354385,-18.198731249884844,66.24343272937986,0.16660915312484242,-0.49362880928974634,0.8535642850624725
,679,0,-0.208984375,-0.7311385459533608,0.208984375,0.7311385459533608,2059,1994,2851,2374,2061,2049,2849,2375,-12,-251,15,0,5000,4800,5000,4800,-36.480000000000004,28.87,-246.5,6.277344747456539,32.214947525961875,56.06473543367945,0.1873985886466543,0.8252081240701677,0.5328351723955886
,680,0,0.791015625,-0.06447187928669407,-0.791015625,0.06447187928669407,2711,2429,2199,1939,2711,2430,2200,1940,0,-15,-14,0,5000,5000,5000,5000,-50.09,57.26,-242.28,3.5560043739841944,3.632616888220845,69.65433741043208,0.1261979655060779,0.13778899769704436,0.9823890602077014
,681,0,-0.833984375,0.6021947873799725,0.833984375,-0.6021947873799725,1651,2864,3259,1504,1704,2865,3258,1538,-245,0,14,-125,5000,4800,5100,4700,-31.6,87.12,-269.07,31.993882799741158,-24.721995096746795,51.255781765387624,0.7598031558561202,-0.5703277460036154,0.312130463892129
,682,0,0.166015625,-0.5089163237311386,-0.166015625,0.5089163237311386,2303,2139,2607,2229,2303,2175,2608,2231,0,-137,-16,-11,5000,4900,5000,5000,-43.76,38.730000000000004,-245.70000000000002,5.987676885405818,22.323330355985796,63.34003627229288,0.19299386310139807,0.6009545090378413,0.7756333198569318
,683,0,-0.333984375,0.15775034293552825,0.333984375,-0.15775034293552825,1977,2574,2933,1794,1993,2575,2932,1804,-42,0,14,-25,5000,5000,5000,4900,-47.79,66.72,-252.19,13.973179793324249,-5.274558101180773,67.38841817293141,0.42085444534067773,-0.13530689088044076,0.8969802568157557
,684,0,0.666015625,0.8244170096021948,-0.666015625,-0.8244170096021948,2629,3008,2281,1360,2629,3008,2282,1421,0,-1,-2,-288,5100,5000,5100,5000,-34.980000000000004,99.47,-243.67000000000002,7.289852777518888,-38.43400637842595,54.54189607749611,0.11270128247421086,-0.9208202453499191,0.3733476887331471
,685,0,-0.583984375,-0.879286694101509,0.583984375,0.879286694101509,1814,1898,3096,2470,1842,1963,3094,2471,-98,-317,15,-1,5000,4800,5100,5000,-29.330000000000002,27.28,-259.08,18.778080202419602,34.48824608304023,48.96046018877129,0.5318036832125972,0.8002251206802334,0.2771725072113411
,686,0,0.416015625,-0.2126200274348422,-0.416015625,0.2126200274348422,2466,2332,2444,2036,2467,2338,2444,2037,-1,-18,0,0,5000,5000,5000,4900,-49.01,51.1,-244.5,5.442165779032337,9.904459666171881,68.5834577146818,0.1913621250059873,0.3055160958948602,0.9327595897455871
,687,0,-0.083984375,0.45404663923182453,0.083984375,-0.45404663923182453,2140,2767,2770,1601,2141,2767,2769,1632,0,0,6,-104,5000,5000,5000,4900,-45.31,82.77,-241.34,4.019529651584861,-21.88900138982892,64.86641042826729,0.12157466277685737,-0.592319944394261,0.7964776737884578
,688,0,0.916015625,-0.6570644718792867,-0.916015625,0.6570644718792867,2792,2043,2118,2325,2792,2092,2121,2325,0,-215,-15,-3,4800,5000,5000,5000,-39.51,32.14,-244.33,4.277202028059435,28.83082638908274,59.0863001331308,0.15896610684599705,0.7646210256154268,0.6245674215495391
,689,0,-0.896484375,0.009602194787379892,0.896484375,-0.009602194787379892,1611,2477,3299,1891,1674,2477,3298,1891,-319,0,15,0,5100,5000,4900,5000,-31.490000000000002,62.2,-276.29,37.85065798059142,0.5532648712070767,51.17629570796434,0.9497596846835002,0.031380881995847335,0.31140292483382587
,690,0,0.103515625,0.6762688614540464,-0.103515625,-0.6762688614540464,2262,2912,2648,1456,2262,2913,2648,1505,0,0,0,-211,4900,4800,5000,5000,-38.18,93.47,-239.67000000000002,2.958534838824903,-32.66121324334226,57.72851565527414,0.15230223215953764,-0.8234420968593084,0.5465776643800654
,691,0,-0.396484375,-0.4348422496570644,0.396484375,0.4348422496570644,1937,2188,2973,2180,1954,2218,2971,2182,-50,-101,13,-11,5000,5000,5000,5000,-43.730000000000004,45.01,-254.89000000000001,15.505117403839193,16.551526320142376,63.34207340378919,0.46282628235219275,0.4303014042459814,0.7750048605447485
,692,0,0.603515625,0.2318244170096022,-0.603515625,-0.2318244170096022,2588,2622,2322,1746,2589,2623,2324,1759,0,-1,-15,-34,5000,5000,5000,5000,-48.84,71.59,-243.09,5.147282450292437,-10.631805590123172,68.40470328670824,0.16429217038113475,-0.2986289663070489,0.9401217066070966
,693,0,-0.646484375,0.8984910836762687,0.646484375,-0.8984910836762687,1774,3057,3136,1311,1806,3057,3135,1376,-118,0,11,-320,5000,4800,4800,4900,-26.990000000000002,101.98,-252.53,16.30170907726702,-40.456304085694,46.58346922190036,0.4646702926763209,-0.8666639262442233,0.181590633158898
,694,0,0.353515625,-0.8052126200274349,-0.353515625,0.8052126200274349,2425,1946,2485,2422,2426,2009,2487,2424,0,-304,-15,-11,4900,4800,4800,5000,-34.47,25.47,-246.27,5.8703195675200845,35.59819943138419,54.054527223728535,0.1630751510407545,0.8790565706693066,0.4479576326798697
,695,0,-0.146484375,-0.13854595336076814,0.146484375,0.13854595336076814,2100,2381,2810,1987,2103,2383,2809,1988,-16,-16,14,0,5000,5000,5000,5000,-49.45,55.22,-245.65,6.812559049147751,5.852804388799477,69.02686700479944,0.22307537887893616,0.2077868378003256,0.9523980288592371
,696,0,0.853515625,0.5281207133058985,-0.853515625,-0.5281207133058985,2751,2815,2159,1553,2751,2815,2160,1591,0,0,0,-136,5000,5000,5000,4900,-43.69,86.79,-241.09,3.993969952496286,-25.916038033217674,63.244799323659656,0.11015305429725641,-0.6773061120131266,0.727408231503224
,697,0,-0.771484375,-0.5829903978052127,0.771484375,0.5829903978052127,1692,2091,3218,2277,1740,2126,3216,2278,-210,-139,16,-10,5000,4900,5000,4800,-32.31,42.75,-269.88,30.39125172847045,19.62627469966628,51.97664216376804,0.7848731784031948,0.4717012925940126,0.4018357679306375
,698,0,0.228515625,0.08367626886145385,-0.228515625,-0.08367626886145385,2344,2526,2566,1842,2344,2526,2566,1847,0,0,0,-14,5000,5000,5000,5000,-49.81,64.26,-244.1,5.754349703958297,-3.258146970576078,69.37965349667049,0.1888229480337162,-0.07933900568601393,0.97880090747435
,699,0,-0.271484375,0.7503429355281204,0.271484375,-0.7503429355281204,2018,2960,2892,1408,2022,2962,2892,1464,-14,-2,1,-250,5000,5000,4800,4900,-37.7,96.78,-244.34,7.803044331508573,-35.71261860095994,57.26477745456201,0.16872509839438624,-0.8618621586968954,0.4782525071320923
,700,0,0.728515625,-0.36076817558299035,-0.728515625,0.36076817558299035,2670,2236,2240,2132,2670,2263,2241,2134,0,-87,-14,-10,4900,4900,5000,5000,-47.27,45.78,-244.14000000000001,4.800124751543365,15.197721050087743,66.84312233304814,0.1581613353350789,0.4010605457434902,0.9022945365305938
,701,0,-0.521484375,0.30589849108367617,0.521484375,-0.30589849108367617,1855,2670,3055,1698,1883,2671,3055,1714,-104,-8,14,-41,5000,5000,4900,4900,-43.38,74.56,-259.61,21.82367460406229,-12.698513304776355,63.00381780783751,0.5905173264656397,-0.31148574007810864,0.7444903766146789
,702,0,0.478515625,0.9725651577503427,-0.478515625,-0.9725651577503427,2507,3105,2403,1263,2507,3105,2404,1340,0,0,0,-406,4900,4700,4900,4700,-27.82,105.98,-234.76,-1.2277878407563776,-45.41544430095156,47.348626804639096,0.07816635681216579,-0.9796538776996376,0.18484669477915028
,703,0,-0.021484375,-0.9286694101508917,0.021484375,0.9286694101508917,2181,1866,2729,2502,2180,1940,2728,2503,10,-389,14,-2,5100,5100,5100,4900,-30.42,21.02,-244.43,3.806004424460923,39.943260529693546,49.99871077791948,0.14453929248694047,0.9482212324083262,0.2828159955472974
,704,0,0.978515625,-0.2620027434842249,-0.978515625,0.2620027434842249,2833,2300,2077,2068,2834,2307,2078,2067,0,-24,-15,11,5000,5000,5000,4900,-48.47,48.29,-242.65,3.444289613949991,12.610081638190984,68.0372887174627,0.12809999234047728,0.3935679796145323,0.9103266652056858
,705,0,-0.974609375,0.4046639231824416,0.974609375,-0.4046639231824416,1560,2735,3350,1633,1631,2736,3349,1651,-369,-14,14,-50,5100,5000,4700,4800,-28.57,77.64,-275.74,38.150214221566074,-14.892728928855007,48.25156638938862,0.9157300826787137,-0.32780207027322167,0.23234504169839051
,706,0,0.025390625,-0.7064471879286695,-0.025390625,0.7064471879286695,2212,2010,2698,2358,2212,2062,2700,2358,0,-233,-15,-2,5000,5000,4900,5000,-38.13,29.44,-245.8,5.603398353893056,31.607167220200836,57.71209676578961,0.19951630157467726,0.8087673492106933,0.5532527634424167
,707,0,-0.474609375,-0.03978052126200271,0.474609375,0.03978052126200271,1886,2445,3024,1923,1913,2445,3024,1923,-90,0,14,11,4900,5000,4900,5000,-44.93,57.78,-260.05,21.346454602528723,4.080045583591591,64.5583990053648,0.6290752037430803,0.1331078006636764,0.7658633699545119
,708,0,0.525390625,0.6268861454046637,-0.525390625,-0.6268861454046637,2538,2880,2372,1488,2538,2881,2373,1532,0,0,0,-175,5000,5000,4900,4900,-41.0,90.72,-243.53,6.653384282525479,-29.706767155237173,60.562917867534416,0.13776367294992087,-0.7750958699881293,0.6166421675029145
,709,0,-0.724609375,-0.48422496570644713,0.724609375,0.48422496570644713,1723,2155,3187,2213,1763,2184,3185,2214,-161,-99,16,0,4900,5000,5000,5000,-35.47,47.1,-269.13,29.867172429697433,15.240789121571943,55.133136601102635,0.790349602158667,0.3650491650533161,0.4920229806233789
,710,0,0.275390625,0.1824417009602195,-0.275390625,-0.1824417009602195,2375,2590,2535,1778,2376,2591,2536,1788,0,-13,-11,-25,5000,5000,5000,4900,-49.230000000000004,69.46000000000001,-244.18,6.118627166680568,-8.445917304954818,68.79901515149129,0.19847013472948788,-0.22557890498698582,0.9537944030268427
,711,0,-0.224609375,0.849108367626886,0.224609375,-0.849108367626886,2049,3025,2861,1343,2051,3025,2860,1406,-12,0,10,-306,5100,4900,5100,4900,-31.46,100.67,-236.65,0.3580489277509855,-40.012031804270904,50.99637338771821,0.10559350184664595,-0.9350403478260001,0.33845171044802685
,712,0,0.775390625,-0.8545953360768176,-0.775390625,0.8545953360768176,2700,1914,2210,2454,2700,1980,2211,2455,0,-328,-16,-6,5000,4800,4700,5000,-31.66,24.36,-244.96,4.512094647504881,36.63649552546657,51.240017268574185,0.15533080051383732,0.9124665155871963,0.37851974894830875
,713,0,-0.849609375,-0.18792866941015085,0.849609375,0.18792866941015085,1641,2348,3269,2020,1701,2350,3268,2020,-294,-17,14,9,5100,5000,5100,4900,-33.160000000000004,60.54,-274.68,36.14691935792112,2.1227845051926764,52.84077244981304,0.9267797074944454,0.07504740021393953,0.36803160393862805
,714,0,0.150390625,0.4787379972565158,-0.150390625,-0.4787379972565158,2293,2783,2617,1585,2293,2783,2617,1615,0,0,0,-105,5000,4900,5000,4900,-44.6,84.77,-243.19,5.9779220021835044,-23.785349690597926,64.16273257350203,0.1735190679455351,-0.6246501793181308,0.7613824837341212
,715,0,-0.349609375,-0.6323731138545954,0.349609375,0.6323731138545954,1967,2059,2943,2309,1979,2103,2941,2309,-29,-185,15,-7,5000,4800,5000,5000,-39.25,34.69,-251.41,11.486090104214668,26.669055997901044,58.8513927444074,0.36174948959790887,0.6897606024373615,0.627190256701187
,716,0,0.650390625,0.03429355281207136,-0.650390625,-0.03429355281207136,2619,2493,2291,1875,2620,2494,2291,1878,0,-1,-1,-12,5000,5000,5000,4900,-50.050000000000004,61.49,-243.18,4.68446475453041,-0.5422687649660247,69.61682804690723,0.16225072273645558,-0.0048765763211026224,0.9867375142229481
,717,0,-0.599609375,0.7009602194787377,0.599609375,-0.7009602194787377,1804,2928,3106,1440,1834,2929,3106,1488,-108,0,13,-205,5000,5000,5000,4900,-35.79,93.7,-259.8,23.07979133114648,-31.797126215238478,55.41112687087261,0.5268785105814683,-0.7305146693476174,0.43445063350787616
,718,0,0.400390625,-0.41015089163237306,-0.400390625,0.41015089163237306,2456,2204,2454,2164,2457,2235,2455,2166,0,-106,-14,-11,5000,5000,5000,4900,-46.24,43.42,-244.67000000000002,5.204914674192281,17.58339985180741,65.81546393963752,0.18312750681979986,0.46845602751721316,0.8642992922181274
,719,0,-0.099609375,0.25651577503429346,0.099609375,-0.25651577503429346,2130,2638,2780,1730,2131,2639,2779,1745,0,-3,13,-40,5000,5000,5000,4900,-48.68,72.55,-242.35,4.461072650317931,-11.630504202750735,68.24186228586781,0.14134487655931197,-0.3215276285521672,0.9362914129415331
,720,0,0.900390625,0.92318244170096,-0.900390625,-0.92318244170096,2782,3073,2128,1295,2782,3073,2130,1369,0,-1,-10,-383,4900,5000,4800,4800,-31.05,100.85000000000001,-245.96,9.665503673611568,-39.68617526765185,50.6199379067925,0.09743596274872535,-0.9641978122859931,0.24663497713449667
,721,0,-0.912109375,-0.7805212620027435,0.912109375,0.7805212620027435,1600,1962,3310,2406,1654,2017,3308,2407,-252,-249,14,0,4800,5100,5100,5000,-22.580000000000002,36.33,-273.29,33.48261723698258,26.225579415915327,42.26015943827139,0.8163354035721919,0.5636455187198132,0.12609614626030266
,722,0,0.087890625,-0.11385459533607678,-0.087890625,0.11385459533607678,2252,2397,2658,1971,2252,2400,2658,1972,0,-17,0,0,5000,5000,5000,4900,-49.58,57.09,-245.35,6.6140599787551935,3.9692267257912377,69.155448910485,0.2208282783495702,0.11717480554228868,0.9682483857085905
,723,0,-0.412109375,0.5528120713305897,0.412109375,-0.5528120713305897,1926,2831,2984,1537,1945,2832,2983,1575,-56,0,13,-138,4900,4900,5000,4800,-40.85,87.12,-250.58,13.498033504444265,-25.729277749081945,60.43900236079803,0.3967789555299647,-0.6431083510322292,0.6549642045800342
,724,0,0.587890625,-0.5582990397805213,-0.587890625,0.5582990397805213,2578,2107,2332,2261,2579,2148,2334,2261,0,-170,-14,-3,5000,4800,5000,5000,-42.63,36.86,-245.23000000000002,5.420909898292308,24.165479557478797,62.20868243650278,0.19188014155855326,0.6551362226535069,0.7307383533404856
,725,0,-0.662109375,0.10836762688614532,0.662109375,-0.10836762688614532,1763,2542,3147,1826,1804,2542,3146,1829,-171,0,14,-11,5000,4900,5000,4800,-40.410000000000004,64.42,-267.3,28.962447618469724,-2.154867480166864,60.063400733005686,0.7935892067156353,-0.026163660344882055,0.6078911365218334
,726,0,0.337890625,0.7750342935528118,-0.337890625,-0.7750342935528118,2415,2976,2495,1392,2416,2977,2497,1448,0,0,-13,-258,5000,5000,4900,5000,-36.83,98.18,-241.71,5.256073378267075,-37.253009894612006,56.38504247981959,0.1252710277264461,-0.890232189819405,0.43794271066168783
,727,0,-0.162109375,-0.336076817558299,0.162109375,0.336076817558299,2089,2252,2821,2116,2090,2276,2820,2118,0,-76,15,-12,5000,4900,5000,5000,-47.62,47.54,-245.22,5.97281897692136,13.498818572742117,67.19670206413286,0.19039306334181316,0.36035439728829705,0.913178618774174
,728,0,0.837890625,0.33058984910836764,-0.837890625,-0.33058984910836764,2741,2687,2169,1681,2741,2687,2171,1702,0,0,-15,-58,5000,5000,5000,5000,-47.64,76.62,-241.68,4.016765491774578,-15.730486083362322,67.1987229243615,0.12627230649015891,-0.4277516590387574,0.8950328612979784
,729,0,-0.787109375,0.9972565157750342,0.787109375,-0.9972565157750342,1682,3121,3228,1247,1730,3121,3227,1321,-209,-1,11,-381,4900,5100,5000,5100,-21.37,103.39,-258.48,22.3396399084767,-41.53909515105093,40.984723399279815,0.514085283701041,-0.8577207717885015,-0.0056034564830461635
,730,0,0.212890625,-0.9990855052583447,-0.212890625,0.9990855052583447,2334,1820,2576,2548,2334,1905,2577,2549,0,-461,-16,0,4800,4800,5000,5000,-25.48,19.55,-246.44,5.750970764855452,41.5220655871076,45.06625900163051,0.15743289645880507,0.967406566810282,0.19834166885688587
,731,0,-0.287109375,-0.3324188385916781,0.287109375,0.3324188385916781,2008,2254,2902,2114,2016,2262,2900,2114,-25,-26,13,10,5000,5000,5000,4900,-45.97,46.71,-251.33,12.034635972260645,14.659922902668562,65.56890863435075,0.36544762640528256,0.43658977043964425,0.822093306566964
,732,0,0.712890625,0.33424782807498854,-0.712890625,-0.33424782807498854,2660,2689,2250,1679,2660,2690,2250,1702,0,-10,0,-66,5000,5000,5000,5000,-47.74,76.37,-241.81,4.132640904932771,-15.473834592483108,67.29923611182909,0.12709850083427707,-0.42655035327938423,0.8954891217669323
,733,0,-0.537109375,-0.7768632830361226,0.537109375,0.7768632830361226,1845,1965,3065,2403,1869,2020,3064,2404,-73,-249,15,0,4800,5000,5100,5000,-32.74,29.76,-258.48,18.30135669713772,31.97805234517317,52.36782898270668,0.49911423299072444,0.760531218782059,0.4153038016728915
,734,0,0.462890625,-0.11019661636945588,-0.462890625,0.11019661636945588,2497,2399,2413,1969,2497,2401,2414,1969,0,-16,0,9,5000,5000,5000,4900,-49.89,55.59,-243.54,4.724191082327678,5.368633893671763,69.45918421103534,0.15591213961235098,0.1733066331712155,0.9724485670822681
,735,0,-0.037109375,0.5564700502972106,0.037109375,-0.5564700502972106,2171,2834,2739,1534,2172,2835,2738,1574,0,-5,4,-157,5000,4900,4900,5000,-42.44,88.56,-237.3,0.31017034508366237,-27.88871736834524,61.98081487233626,0.09781516511954899,-0.7041743810336868,0.7032571610502516
,736,0,0.962890625,-0.5546410608139003,-0.962890625,0.5546410608139003,2823,2109,2087,2259,2824,2149,2088,2260,0,-161,-15,-12,5000,4800,4900,4900,-42.75,36.29,-244.91,5.070006991923549,24.717221222806536,62.32762900031755,0.1497536984347621,0.6638601800013617,0.7327096909511089
,737,0,-0.943359375,0.11202560585276644,0.943359375,-0.11202560585276644,1580,2544,3330,1824,1648,2544,3329,1826,-354,0,14,-11,5100,4700,4800,4700,-29.82,63.88,-277.59000000000003,39.245941619483034,-1.0530550847291025,49.510696786794384,0.9651819471220237,-0.013843874497568383,0.2612128559022994
,738,0,0.056640625,0.778692272519433,-0.056640625,-0.778692272519433,2232,2979,2678,1389,2232,2980,2678,1445,0,-10,0,-258,5000,4900,5000,5000,-34.62,97.39,-240.12,3.6334802492316953,-36.54966775882167,54.16946098106377,0.1472626423208318,-0.8944507901630633,0.4222220957663853
,739,0,-0.443359375,-0.9250114311842706,0.443359375,0.9250114311842706,1906,1868,3004,2500,1921,1939,3002,2501,-34,-362,15,0,5000,5100,4700,4700,-27.48,23.53,-253.99,13.498677424292964,37.95707372261468,47.09277683412226,0.38117725792221013,0.8850664897214268,0.26713518453228163
,740,0,0.556640625,-0.258344764517604,-0.556640625,0.258344764517604,2558,2303,2352,2065,2558,2310,2353,2064,0,-22,-5,11,5000,5000,5000,4900,-48.36,48.88,-244.28,5.104301904898023,12.109485280534912,67.93306549258972,0.1828753097952718,0.3697227981534644,0.9109674382725522
,741,0,-0.693359375,0.4083219021490627,0.693359375,-0.4083219021490627,1743,2737,3167,1631,1782,2738,3166,1654,-158,0,15,-66,5000,5000,4900,4900,-37.94,79.21000000000001,-265.76,28.23656435806427,-17.005735357381425,57.585212526718664,0.7415634750844737,-0.38441745592470516,0.5498243646847749
,742,0,0.306640625,-0.7027892089620484,-0.306640625,0.7027892089620484,2395,2013,2515,2355,2396,2065,2517,2355,0,-224,-15,0,5000,5000,5000,4900,-38.22,29.93,-245.24,5.070506938662703,31.087453923790935,57.79998777277288,0.19228391983327803,0.8029664319726845,0.5641558324599735
,743,0,-0.193359375,-0.03612254229538181,0.193359375,0.03612254229538181,2069,2447,2841,1921,2075,2447,2840,1922,-19,-2,15,-1,5000,5000,5000,5000,-49.31,57.92,-247.49,8.796921520984966,3.2567320395074972,68.89302404605365,0.28037419569436056,0.12381100152674912,0.9518724422367125
,744,0,0.806640625,0.6305441243712846,-0.806640625,-0.6305441243712846,2721,2882,2189,1486,2721,2883,2189,1531,0,-2,-9,-180,4900,4800,5000,4900,-40.78,90.33,-242.4,5.504675295064317,-29.378607329134013,60.33891163847399,0.112746926376168,-0.7785850641644001,0.6173276508085832
,745,0,-0.818359375,-0.48056698673982623,0.818359375,0.48056698673982623,1662,2158,3248,2210,1714,2185,3247,2212,-237,-87,15,-10,4800,5000,5000,4800,-32.5,48.71,-272.51,33.340245971879284,13.817775610072971,52.17506413466644,0.8541523520465607,0.32793403460452786,0.4035876960975457
,746,0,0.181640625,0.1860996799268404,-0.181640625,-0.1860996799268404,2313,2592,2597,1776,2313,2594,2597,1786,0,-13,0,-27,5000,4900,5000,4900,-49.14,69.56,-244.38,6.324083382292486,-8.534878155415846,68.70971951581026,0.1997603029164316,-0.2262860665841734,0.9533574552331345
,747,0,-0.318359375,0.8527663465935069,0.318359375,-0.8527663465935069,1987,3027,2923,1341,1994,3027,2923,1403,-21,0,4,-297,5000,5100,4700,5000,-33.38,97.88,-251.69,15.217399872604261,-36.410348262915264,52.97113037672115,0.20932130419451533,-0.9169291844289272,0.33974323003234264
,748,0,0.681640625,-0.8509373571101966,-0.681640625,0.8509373571101966,2639,1916,2271,2452,2639,1982,2273,2454,0,-327,-16,-10,5000,5000,4900,4900,-31.810000000000002,24.310000000000002,-245.9,5.44744869146615,36.73739794161451,51.393417121445225,0.1613354965373506,0.9083061192040339,0.38594151289224293
,749,0,-0.568359375,-0.18427069044352995,0.568359375,0.18427069044352995,1824,2351,3086,2017,1859,2353,3086,2018,-133,-16,15,0,5000,4900,5000,4900,-42.69,57.58,-263.9,25.187942562192887,4.489605293565276,62.33234170607505,0.7124523485404698,0.14524603810723447,0.686524026872564
,750,0,0.431640625,0.4823959762231367,-0.431640625,-0.4823959762231367,2476,2785,2434,1583,2477,2785,2435,1614,0,-1,-12,-111,5000,5000,4800,5000,-44.61,84.19,-242.34,5.097656542874404,-23.25235512494298,64.16976920121502,0.1503662633954387,-0.623868761247323,0.7669274773876759
,751,0,-0.068359375,-0.6287151348879745,0.068359375,0.6287151348879745,2150,2061,2760,2307,2151,2106,2758,2307,0,-193,15,-5,5000,5000,4900,5000,-40.52,32.8,-244.31,4.289434260927408,28.170335609095073,60.09610323375505,0.1647088134210345,0.7407852265267441,0.6512359441409507
,752,0,0.931640625,0.03795153177869226,-0.931640625,-0.03795153177869226,2802,2496,2108,1872,2802,2496,2109,1876,0,-6,-7,-14,5000,5000,5000,4900,-50.11,61.88,-242.3,3.8267260805343426,-0.9794910230728817,69.67358246653593,0.13010418905229051,-0.00615326994588573,0.9914812339424377
,753,0,-0.880859375,0.7046181984453588,0.880859375,-0.7046181984453588,1621,2930,3289,1438,1677,2931,3288,1481,-262,0,14,-174,5000,4700,4900,5000,-27.69,92.29,-266.44,29.66251168986102,-30.025687326152422,47.33539179961142,0.7357344560875463,-0.6518606942615656,0.1837728092030815
,754,0,0.119140625,-0.40649291266575216,-0.119140625,0.40649291266575216,2273,2206,2637,2162,2273,2236,2638,2164,0,-100,-15,-10,4900,5000,5000,4900,-46.31,44.09,-245.57,6.139704767347212,16.963222538213927,65.88859109904732,0.19425257851348862,0.4620464386597186,0.8653201859790002
,755,0,-0.380859375,0.2601737540009146,0.380859375,-0.2601737540009146,1947,2641,2963,1727,1966,2642,2962,1741,-57,0,10,-36,5000,5000,5000,4900,-46.47,72.28,-253.33,15.418090823494339,-10.763973137237414,66.0715451050892,0.44490125939602115,-0.278645533121345,0.8511283899972766
,756,0,0.619140625,0.9268404206675811,-0.619140625,-0.9268404206675811,2599,3075,2311,1293,2600,3075,2313,1367,0,-1,-11,-380,5000,4700,4700,4800,-30.6,105.03,-235.0,-1.0497090502744584,-44.454857357810184,50.129644724223,0.08738679612545558,-0.9642103865773164,0.25032354719312716
,757,0,-0.630859375,-0.9743941472336534,0.630859375,0.9743941472336534,1784,1836,3126,2532,1812,1912,3124,2534,-92,-396,16,-2,5000,4700,4900,4700,-24.97,24.080000000000002,-260.19,19.72837259533597,37.745421603692456,44.605066751247065,0.5360157402526294,0.8299789894256302,0.15434378287911457
,758,0,0.369140625,-0.30772748056698673,-0.369140625,0.30772748056698673,2436,2270,2474,2098,2437,2278,2475,2097,0,-26,-14,11,5000,5000,5000,4900,-47.52,46.35,-245.34,6.0283945804283405,14.69361573876305,67.09734873322151,0.21008009672718853,0.43211249071555374,0.8770092065233382
,759,0,-0.130859375,0.3589391860996798,0.130859375,-0.3589391860996798,2110,2705,2800,1663,2111,2706,2800,1687,0,0,5,-76,5000,5000,5000,4900,-47.28,77.51,-242.21,4.595592764458559,-16.590265040193557,66.84047840760314,0.13960584336679074,-0.4635588953310301,0.8749990623179673
,760,0,0.869140625,-0.7521719250114312,-0.869140625,0.7521719250114312,2762,1981,2148,2387,2762,2039,2151,2388,0,-270,-16,0,5000,4900,5000,4800,-36.94,27.16,-244.84,4.525313600455007,33.83213224146353,56.51904860307283,0.15848693193213842,0.844551519855253,0.5114827687390062
,761,0,-0.755859375,-0.08550525834476452,0.755859375,0.08550525834476452,1702,2415,3208,1953,1753,2417,3207,1953,-243,0,15,11,5000,4900,5000,5000,-36.99,60.6,-271.5,32.96112480859844,1.8887967687228482,56.65926205025554,0.8706704012376921,0.07082001720298696,0.4867417976422055
,762,0,0.244140625,0.5811614083219021,-0.244140625,-0.5811614083219021,2354,2850,2556,1518,2354,2851,2557,1557,-4,0,0,-150,5000,5000,5000,5000,-42.2,89.27,-242.36,5.402083816739577,-28.32287423947146,61.75894777603061,0.15489293620271422,-0.7330224592623055,0.6623339433635751
,763,0,-0.255859375,-0.529949702789209,0.255859375,0.529949702789209,2028,2126,2882,2242,2032,2163,2880,2243,-15,-138,14,-10,5000,4900,4900,5000,-43.17,38.230000000000004,-247.81,8.069526058353858,22.937365316727767,62.757743315026445,0.2688368494424687,0.6003454394634246,0.7532012358575332
,764,0,0.744140625,0.1367169638774579,-0.744140625,-0.1367169638774579,2680,2560,2230,1808,2680,2561,2231,1817,0,-5,-8,-22,5000,5000,5000,4900,-49.730000000000004,65.94,-242.82,4.567741665534015,-5.00513012399032,69.29473456572059,0.1518547091027237,-0.1419516400117563,0.9781563674695882
,765,0,-0.505859375,0.8033836305441244,0.505859375,-0.8033836305441244,1865,2995,3045,1373,1886,2997,3045,1427,-62,-1,12,-241,5000,5000,4900,4900,-32.1,98.37,-251.03,14.589579469824173,-36.93497728053036,51.68866948619494,0.3839972948238797,-0.8510035837568903,0.3582442993278069
,766,0,0.494140625,-0.9003200731595793,-0.494140625,0.9003200731595793,2517,1884,2393,2484,2517,1955,2395,2485,0,-364,-15,0,4900,5100,4700,5000,-29.94,22.400000000000002,-246.48000000000002,5.929613790435525,38.676769605806264,49.52586407923572,0.1588895127084853,0.9328974261250186,0.3231973314873988
,767,0,-0.005859375,-0.23365340649291266,0.005859375,0.23365340649291266,2191,2319,2719,2049,2191,2325,2718,2049,0,-22,15,0,5000,5000,5000,4900,-48.86,49.910000000000004,-242.95000000000002,3.830394812748551,11.00861170113523,68.42807870731325,0.1372256017905062,0.34929480606522495,0.9269100671958903
,768,0,0.994140625,0.4330132601737542,-0.994140625,-0.4330132601737542,2843,2753,2067,1615,2844,2753,2067,1644,0,0,-1,-94,5000,5000,4900,4900,-45.910000000000004,81.35000000000001,-241.14000000000001,3.740577058672727,-20.482178400406653,65.46593901585973,0.10702506980931824,-0.5643493007179723,0.8185691792459855
,769,0,-0.994140625,-0.6780978509373572,0.994140625,0.6780978509373572,1547,2029,3363,2339,1620,2069,3361,2339,-391,-157,14,0,4800,4700,5000,5000,-22.92,41.5,-275.95,36.41813835847964,21.207487694902156,42.60883009195993,0.871696521808052,0.47909575246820674,0.1030166677517154
,770,0,0.005859375,-0.011431184270690453,-0.005859375,0.011431184270690453,2199,2464,2711,1904,2199,2464,2712,1905,-1,0,-11,-6,5000,5000,5000,5000,-49.9,59.89,-245.18,6.595175988686549,1.164007154146752,69.47433219600154,0.22663906003509995,0.05539624533948576,0.9724021762977978
,771,0,-0.494140625,0.6552354823959761,0.494140625,-0.6552354823959761,1873,2898,3037,1470,1895,2899,3037,1515,-67,0,13,-184,4800,5000,5000,4900,-38.26,91.75,-255.20000000000002,18.37186279151686,-30.100660313454227,57.86486123095001,0.45816119313562115,-0.7225142407504952,0.5177465528782197
