DATE: 2026-5-14
TIME: 18-27-23
NUM_CABLES: 4
num_coils: 1
NUM_MEASUREMENTS: 1759
---
,0,0,0.0,0.0,-0.0,-0.0,2116,2390,2513,1858,2118,2392,2516,1862,-15,-9,-15,-20,5000,5000,5000,5000,-44.93,42.160000000000004,-209.05,1.9807350213776829,1.0031681866424051,65.81808417863006,0.06676700991753341,0.021109415317819895,0.9975452666278417
,1,0,0.0,0.0,-0.0,-0.0,2116,2390,2513,1858,2118,2392,2516,1862,-15,-9,-16,-18,5000,5000,5000,5000,-44.89,42.2,-209.04,1.9682531223335218,0.9638194561180597,65.77813571680267,0.06696781880860296,0.021311531950249905,0.9975275083174154
,2,0,0.0,-0.25,-0.0,0.25,2116,2227,2513,2021,2117,2252,2514,2022,0,-76,-1,0,5000,5000,5000,4900,-42.99,29.73,-208.48000000000002,2.259831070714199,13.437714436088548,63.843859022871506,0.07791817758495222,0.3871655690606345,0.9187119133524911
,3,0,-0.375,0.25,0.375,-0.25,1872,2553,2757,1695,1898,2553,2756,1714,-89,0,14,-59,4900,5000,4900,5000,-40.17,52.53,-225.59,17.806401720567834,-10.47221080090958,61.16727235506699,0.5212422478831081,-0.29334612820345024,0.8014078662515174
,4,0,0.375,-0.5833333333333334,-0.375,0.5833333333333334,2360,2010,2269,2238,2360,2053,2293,2239,0,-174,-83,0,4800,4800,4800,5000,-34.43,17.77,-194.09,-11.24915518393459,26.31640227016894,55.18164279121231,-0.2909246054663777,0.7259429470183763,0.6231931575430745
,5,0,-0.5625,-0.08333333333333337,0.5625,0.08333333333333337,1749,2336,2880,1912,1790,2337,2878,1912,-182,0,15,0,4800,5000,5000,5000,-36.46,39.980000000000004,-233.86,26.921907700760443,1.4808512410445545,57.467088772287916,0.7530455452707793,0.04276049494059232,0.6565774492169759
,6,0,0.1875,0.4166666666666665,-0.1875,-0.4166666666666665,2238,2662,2391,1586,2238,2663,2404,1615,0,0,-35,-111,4900,4900,5000,5000,-40.25,63.47,-203.57,-4.901494310809056,-19.902049093421482,61.16451459254811,-0.1285603563746828,-0.5623357955112197,0.8168541411142983
,7,0,-0.1875,-0.4166666666666667,0.1875,0.4166666666666667,1994,2118,2635,2130,2002,2152,2634,2131,-25,-119,14,-1,5000,5000,4900,5000,-39.410000000000004,23.0,-214.57,8.807133335956593,19.731435956467827,60.27744591283135,0.26807217108678694,0.5549279617221639,0.787522868485545
,8,0,0.5625,0.08333333333333337,-0.5625,-0.08333333333333337,2483,2444,2146,1804,2484,2444,2192,1808,1,0,-202,-18,5100,4900,4800,5000,-37.59,44.7,-181.83,-25.312818366127544,0.28364078311052765,58.34815621385233,-0.6798908857807081,-0.0030740453845982682,0.7333068482411008
,9,0,-0.65625,0.5833333333333333,0.65625,-0.5833333333333333,1688,2770,2941,1478,1735,2770,2939,1513,-210,0,13,-129,4800,4900,4600,5000,-29.87,66.38,-234.06,25.37257763630791,-24.891264543521345,50.944881676769235,0.6609163681722007,-0.6165502895810991,0.4278496169210994
,10,0,0.09375,-0.6944444444444444,-0.09375,0.6944444444444444,2177,1937,2452,2311,2177,1994,2454,2311,0,-267,-15,0,5100,5000,4700,5000,-32.03,11.32,-207.32,2.397215322342902,31.852628477606395,52.831712710235024,0.08409587106276548,0.8441572152033114,0.5294586674051007
,11,0,-0.28125,-0.19444444444444442,0.28125,0.19444444444444442,1933,2263,2696,1985,1954,2268,2695,1986,-66,-12,15,0,5000,5000,5000,5000,-41.26,31.98,-220.76,14.368313845270421,10.359763188585198,62.18113204099296,0.43202905920586726,0.2860250092928942,0.8553014591713809
,12,0,0.46875,0.3055555555555556,-0.46875,-0.3055555555555556,2422,2589,2207,1659,2423,2590,2239,1677,0,0,-125,-59,5000,5000,5000,5000,-38.61,56.2,-187.73,-20.206940917770936,-11.58510026283217,59.426767110662816,-0.5410359045450328,-0.33553847636906675,0.7711641076120326
,13,0,-0.46875,-0.5277777777777778,0.46875,0.5277777777777778,1810,2046,2819,2202,1841,2083,2818,2203,-117,-138,14,0,5000,5000,4900,4900,-33.79,20.06,-225.37,19.807869949115286,21.92033735947752,54.704250723730965,0.5663217040444418,0.5812930074418393,0.5842757628272985
,14,0,0.28125,-0.02777777777777779,-0.28125,0.02777777777777779,2299,2372,2330,1876,2299,2373,2353,1876,0,0,-75,0,5000,5000,5000,4900,-43.07,41.12,-194.29,-12.666341827104674,3.03086349898242,63.881491419435086,-0.3484323864466598,0.06668210632596144,0.9349590198351038
,15,0,-0.09375,0.4722222222222219,0.09375,-0.4722222222222219,2055,2698,2574,1550,2060,2699,2573,1587,-17,0,14,-144,4900,5000,4900,5000,-39.26,65.95,-210.93,2.2791619152799,-22.8755660337153,60.21769192250068,0.06622549592201245,-0.6339803523159959,0.7705083364683143
,16,0,0.65625,-0.36111111111111116,-0.65625,0.36111111111111116,2544,2155,2085,2093,2544,2179,2130,2093,5,-66,-191,0,5000,5000,5000,5000,-33.34,31.92,-179.04,-27.213871941178382,13.210498175193948,54.05195402243667,-0.7209053975635971,0.35818958713719085,0.5932921939737281
,17,0,-0.703125,0.13888888888888884,0.703125,-0.13888888888888884,1658,2481,2971,1767,1715,2481,2969,1771,-280,0,15,-20,5000,4800,4800,5000,-32.88,45.02,-238.95000000000002,31.677598601162316,-3.9011463918801397,53.92539348061922,0.8450221331227828,-0.09146823576426108,0.5268502219595209
,18,0,0.046875,0.6388888888888888,-0.046875,-0.6388888888888888,2147,2806,2482,1442,2148,2805,2483,1493,0,6,-12,-236,5000,4900,5100,4700,-34.83,73.12,-211.76,2.645040164421232,-30.09785000673274,55.81003411819004,0.06928981803860793,-0.792319284781101,0.6061592794638566
,19,0,-0.328125,-0.6388888888888888,0.328125,0.6388888888888888,1902,1974,2727,2274,1919,2026,2726,2274,-47,-231,14,0,5000,5000,4800,4900,-33.02,14.71,-218.4,13.218409195511697,27.725977400358907,53.8858066557382,0.3848450127150151,0.7333930512280012,0.5603828589445453
,20,0,0.421875,-0.13888888888888895,-0.421875,0.13888888888888895,2391,2299,2238,1949,2392,2302,2270,1950,0,-8,-126,0,5000,4900,4900,5000,-40.5,37.46,-187.92000000000002,-18.762471985927448,7.1047499803242715,61.270352582867545,-0.511343990399477,0.1828164965335436,0.8397055746376462
,21,0,-0.515625,0.36111111111111116,0.515625,-0.36111111111111116,1780,2625,2849,1623,1815,2626,2848,1643,-139,0,14,-64,5000,4800,5000,5000,-36.32,57.34,-230.72,22.6188193159268,-15.62820225261001,57.35520086598504,0.6270222288334006,-0.41025719688239337,0.6622176054402331
,22,0,0.234375,-0.4722222222222222,-0.234375,0.4722222222222222,2269,2082,2360,2166,2269,2117,2375,2167,0,-132,-39,0,4900,4900,5000,4900,-38.28,21.06,-199.99,-5.603176430131981,22.647026489878016,59.06947062878741,-0.14155336876207994,0.636984417089751,0.7577687616792718
,23,0,-0.140625,0.02777777777777768,0.140625,-0.02777777777777768,2024,2408,2605,1840,2035,2409,2604,1845,-34,0,17,-19,5000,5000,5000,5000,-44.160000000000004,43.51,-215.8,8.627944540341275,-0.8011598843839494,65.0853456010281,0.2639722411709365,-0.02983577768939395,0.9640687124167352
,24,0,0.609375,0.5277777777777777,-0.609375,-0.5277777777777777,2513,2734,2116,1514,2513,2735,2156,1546,0,0,-158,-121,4900,4900,5000,4900,-32.29,65.87,-183.96,-24.590029268974263,-20.996870552849728,53.11239330849619,-0.625857839084777,-0.5509491091100593,0.5520480453972869
,25,0,-0.609375,-0.3055555555555556,0.609375,0.3055555555555556,1719,2191,2910,2057,1763,2210,2909,2057,-194,-49,15,-13,5000,4900,5000,5000,-34.36,31.76,-233.93,27.556342237319797,9.67138130242732,55.34670905808435,0.7615538138734067,0.26174706722232577,0.5928948147651325
,26,0,0.140625,0.19444444444444442,-0.140625,-0.19444444444444442,2208,2517,2421,1731,2208,2517,2432,1743,0,0,-31,-36,5000,5000,5000,4900,-43.68,52.89,-203.24,-4.533677137252113,-9.314119369219611,64.56608109670456,-0.12507103758392704,-0.2775311237299654,0.9525406610317809
,27,0,-0.234375,0.6944444444444444,0.234375,-0.6944444444444444,1963,2843,2666,1405,1974,2844,2665,1455,-31,0,12,-227,4900,4900,4800,4600,-32.76,74.68,-215.92000000000002,6.700294623002804,-31.940750806183303,53.76486226244323,0.17425184408080246,-0.8270989999900256,0.5343627410757033
,28,0,0.515625,-0.7314814814814815,-0.515625,0.7314814814814815,2452,1913,2177,2335,2453,1968,2204,2335,0,-249,-100,0,5000,4800,5000,4800,-28.6,14.17,-188.49,-16.565344571589833,30.269180116756477,49.31456705537008,-0.4280034015149074,0.7969555534980862,0.42623342670446196
,29,0,-0.421875,-0.2314814814814815,0.421875,0.2314814814814815,1841,2239,2788,2009,1873,2244,2787,2010,-118,-13,15,0,5000,5000,5000,5000,-39.01,31.830000000000002,-226.37,19.986460265648702,10.124663032985843,59.958912718777434,0.5823170321998329,0.27542852838441073,0.7648829974329259
,30,0,0.328125,0.2685185185185184,-0.328125,-0.2685185185185184,2330,2565,2299,1683,2329,2566,2321,1701,16,0,-69,-56,5000,5000,5000,4900,-41.27,55.17,-194.15,-13.74501397026225,-10.982797506230625,62.11630824521562,-0.3700809281889823,-0.3260818000653888,0.8698912381768749
,31,0,-0.046875,-0.5648148148148149,0.046875,0.5648148148148149,2085,2022,2544,2226,2087,2068,2544,2227,-14,-192,14,0,5000,5000,5000,5000,-36.07,16.240000000000002,-206.18,0.9084460916513706,27.032276168029245,56.87836191535527,0.04290122302889312,0.73905782463146,0.6722745100876868
,32,0,0.703125,-0.06481481481481488,-0.703125,0.06481481481481488,2574,2348,2055,1900,2575,2349,2110,1900,0,0,-270,0,5000,5000,5100,4800,-33.22,42.46,-175.89000000000001,-31.06701695841832,2.9066223835133513,53.9427883422181,-0.807354401354275,0.0756092435119059,0.5852026255148184
,33,0,-0.7265625,0.4351851851851851,0.7265625,-0.4351851851851851,1642,2674,2987,1574,1698,2675,2985,1598,-270,0,15,-80,5100,5000,5000,5000,-30.45,58.77,-237.8,29.614517630487313,-17.549180053650673,51.52439908753601,0.7819339312590833,-0.43121099407873503,0.4501515364089572
,34,0,0.0234375,-0.39814814814814814,-0.0234375,0.39814814814814814,2131,2130,2498,2118,2132,2163,2500,2119,0,-115,-16,0,5000,5000,4900,4900,-40.11,22.94,-208.94,3.190686166594105,20.172975472760008,60.949058933336886,0.10720502449181586,0.5681414018825743,0.8159181516491789
,35,0,-0.3515625,0.10185185185185197,0.3515625,-0.10185185185185197,1887,2456,2742,1792,1914,2456,2740,1800,-91,0,15,-26,5000,4900,5000,5000,-41.43,45.17,-225.08,17.7879223161209,-3.091001300678279,62.406104395864475,0.5233624995976928,-0.09061252484351924,0.8472786226244223
,36,0,0.3984375,0.6018518518518519,-0.3984375,-0.6018518518518519,2376,2782,2253,1466,2377,2782,2277,1507,0,0,-81,-170,5000,5000,5100,5000,-34.47,70.48,-195.12,-13.77705837911168,-26.342732849181218,55.359951281863324,-0.3483890418152988,-0.7081711591400136,0.6140998981479374
,37,0,-0.5390625,-0.6759259259259259,0.5390625,0.6759259259259259,1765,1949,2864,2299,1796,2000,2863,2299,-118,-219,15,0,4800,4900,5100,5000,-29.22,15.290000000000001,-226.67000000000002,21.44871590064588,26.578726761093623,50.128790883861704,0.6020609795285035,0.6768101560933827,0.42361608744006696
,38,0,0.2109375,-0.17592592592592593,-0.2109375,0.17592592592592593,2254,2275,2375,1973,2254,2281,2392,1974,4,-13,-51,0,5000,5000,5000,4900,-42.92,33.2,-198.81,-7.621750535239613,10.627552810160317,63.73414757845525,-0.2069533913841433,0.2876788108659673,0.9350995645241977
,39,0,-0.1640625,0.3240740740740742,0.1640625,-0.3240740740740742,2009,2601,2620,1647,2018,2602,2619,1670,-28,0,15,-80,4900,5000,5000,4900,-41.82,58.33,-215.58,7.420127084996864,-15.579213294208529,62.78171489908437,0.2148222960123901,-0.4533392921587028,0.8650635047908399
,40,0,0.5859375,-0.5092592592592593,-0.5859375,0.5092592592592593,2498,2058,2131,2190,2498,2092,2170,2191,0,-121,-156,0,4900,4700,5100,5000,-32.95,23.81,-183.45000000000002,-22.265053576418552,21.003486331677692,53.66358256941769,-0.5895042179510143,0.5677093795645878,0.5746223432589037
,41,0,-0.6328125,-0.0092592592592593,0.6328125,0.0092592592592593,1703,2384,2926,1864,1755,2385,2925,1864,-239,0,14,0,5000,5000,5100,5000,-34.68,41.13,-236.17000000000002,29.157650908637265,0.17260446712689514,55.70160224247047,0.8038590886056203,0.005695325493537519,0.5947925091438729
,42,0,0.1171875,0.4907407407407405,-0.1171875,-0.4907407407407405,2192,2710,2437,1538,2192,2711,2443,1576,0,2,-19,-148,5000,5000,4900,5000,-38.88,66.81,-208.14000000000001,-0.5606235100883907,-23.54653907675265,59.82588340628001,-0.010372168393563707,-0.6489261495467441,0.7607806980709045
,43,0,-0.2578125,-0.3425925925925926,0.2578125,0.3425925925925926,1948,2167,2681,2081,1963,2194,2680,2081,-41,-83,15,-1,5000,5000,5000,5000,-40.18,26.990000000000002,-218.81,12.76457701109564,15.466799794620826,61.07876854770998,0.38002124624350025,0.43940012331662565,0.8139480229307468
,44,0,0.4921875,0.15740740740740744,-0.4921875,-0.15740740740740744,2437,2493,2192,1755,2438,2493,2228,1763,4,-1,-144,-26,5000,4800,4900,4800,-39.050000000000004,48.7,-185.33,-22.09768893979765,-3.9390962382441543,59.835783458974014,-0.5994845491861134,-0.11775560988099203,0.7916766332466035
,45,0,-0.4453125,0.6574074074074074,0.4453125,-0.6574074074074074,1826,2819,2803,1429,1854,2820,2802,1474,-105,0,13,-202,4900,5000,4900,5000,-32.05,71.34,-224.98000000000002,15.968272456034782,-29.221385092633554,53.091856317151404,0.4239555284133993,-0.7460565205249959,0.513479676433111
,46,0,0.3046875,-0.6203703703703703,-0.3046875,0.6203703703703703,2315,1986,2314,2262,2315,2038,2329,2262,0,-227,-41,0,5000,5000,5000,4700,-34.28,16.14,-196.89000000000001,-8.344894575961973,27.75342992087763,55.04156476982025,-0.21612841420013612,0.7571740370629413,0.6164219222035685
,47,0,-0.0703125,-0.12037037037037046,0.0703125,0.12037037037037046,2070,2312,2559,1936,2078,2316,2558,1937,-24,-11,16,0,5000,5000,5000,5000,-44.1,34.84,-211.13,4.553726433359117,8.163830710723332,64.98003441274932,0.14548042170055886,0.2261030365180053,0.9631785212405666
,48,0,0.6796875,0.37962962962962976,-0.6796875,-0.37962962962962976,2559,2637,2070,1611,2559,2638,2118,1633,1,0,-213,-69,5100,4800,4800,4900,-32.83,57.800000000000004,-179.36,-28.637777186567888,-12.633517219321362,53.60893919174984,-0.7420070577490075,-0.34598795673531973,0.5742106408320721
,49,0,-0.6796875,-0.4537037037037037,0.6796875,0.4537037037037037,1673,2094,2956,2154,1727,2121,2955,2155,-257,-89,15,0,5000,4900,5000,4700,-30.87,25.2,-234.35,28.434722298057437,16.178120795943308,51.84229903178636,0.7678321923291566,0.4303675756581322,0.47457083164175157
,50,0,0.0703125,0.04629629629629617,-0.0703125,-0.04629629629629617,2162,2420,2467,1828,2163,2421,2473,1834,0,0,-22,-21,5000,5000,5000,5000,-44.88,45.17,-205.31,-1.9534901648398773,-1.747892232235401,65.75693881236919,-0.05439163814196462,-0.06681993343275609,0.9962814091391423
,51,0,-0.3046875,0.5462962962962961,0.3046875,-0.5462962962962961,1917,2746,2712,1502,1936,2747,2711,1539,-53,0,12,-147,5000,5000,5000,5000,-36.32,67.83,-220.27,11.48517768287661,-25.38955224519769,57.329310539227855,0.3140203482824023,-0.6788649969803651,0.6637270046784656
,52,0,0.4453125,-0.2870370370370371,-0.4453125,0.2870370370370371,2406,2203,2223,2045,2407,2225,2251,2046,0,-57,-102,0,4900,5000,5000,5000,-39.0,32.61,-187.61,-18.737376946624607,11.96030716872599,59.7565710169992,-0.5116570843381738,0.33069592420715105,0.7929988863544112
,53,0,-0.4921875,0.2129629629629629,0.4921875,-0.2129629629629629,1795,2529,2834,1719,1833,2529,2833,1730,-157,0,14,-35,5000,5000,5000,5000,-38.34,50.13,-230.38,22.75616119431669,-8.405942747631968,59.35525207812811,0.646543232143308,-0.2198548713298704,0.7305105642783071
,54,0,0.2578125,0.7129629629629628,-0.2578125,-0.7129629629629628,2284,2855,2345,1393,2284,2856,2358,1444,0,0,-32,-235,4800,4900,4900,5000,-32.5,75.48,-204.53,-4.71633704662986,-31.971551558515117,53.44978666263248,-0.1301118612242745,-0.8395657391533381,0.5274469387612979
,55,0,-0.1171875,-0.712962962962963,0.1171875,0.712962962962963,2040,1925,2589,2323,2041,1985,2589,2323,-11,-288,0,0,4800,4900,4700,4900,-31.59,10.86,-208.38,3.487942228736017,32.23883751365373,52.39587168859356,0.11334064718454001,0.848877826918067,0.5162948117719665
,56,0,0.6328125,-0.21296296296296302,-0.6328125,0.21296296296296302,2529,2251,2100,1997,2529,2256,2147,1998,6,-9,-209,0,5000,5000,4800,4900,-34.96,36.96,-179.05,-27.551675741228195,8.185948685365815,55.684709673763535,-0.7289275457992872,0.2201033115057235,0.6482431374409153
,57,0,-0.5859375,0.287037037037037,0.5859375,-0.287037037037037,1734,2577,2895,1671,1778,2578,2894,1687,-192,0,14,-48,4800,5000,5000,4800,-35.69,53.01,-233.75,25.93699072154675,-11.514215019821421,56.72946324415083,0.7161027343350901,-0.2929478387845806,0.6335443454323081
,58,0,0.1640625,-0.5462962962962963,-0.1640625,0.5462962962962963,2223,2034,2406,2214,2223,2076,2415,2215,0,-166,-27,0,4900,5000,5000,4900,-36.62,17.34,-204.01,-1.3334401064783776,26.082697243307432,57.420253177842085,-0.016425849631048584,0.719414823691111,0.6943864218987768
,59,0,-0.2109375,-0.04629629629629628,0.2109375,0.04629629629629628,1978,2360,2651,1888,1996,2362,2650,1889,-54,-8,15,-17,5000,5000,5000,4900,-43.34,39.0,-218.83,11.959175131881608,3.4918737468703327,64.26915629277563,0.36228898314603697,0.08698953858883487,0.9279975823605967
,60,0,0.5390625,0.4537037037037035,-0.5390625,-0.4537037037037035,2467,2686,2162,1562,2467,2687,2200,1591,0,0,-148,-103,5000,4900,4900,4800,-35.36,62.76,-186.70000000000002,-21.661360764553876,-18.069968009986894,56.188225276565845,-0.564231100239993,-0.5047577820996378,0.6533474167177987
,61,0,-0.3984375,-0.37962962962962965,0.3984375,0.37962962962962965,1856,2143,2773,2105,1884,2170,2772,2105,-95,-80,16,-1,5000,4900,5000,5000,-37.85,26.02,-224.07,18.089221113489543,16.07320413190679,58.772724540635856,0.5279816100359399,0.4382372309315524,0.7274500318848728
,62,0,0.3515625,0.12037037037037046,-0.3515625,-0.12037037037037046,2345,2468,2284,1780,2345,2468,2310,1787,0,0,-89,-26,5000,5000,5000,5000,-41.92,47.83,-191.65,-15.747339870791535,-3.4890845330978095,62.735224123482304,-0.42789967179101895,-0.11453834236077236,0.8965393683550009
,63,0,-0.0234375,0.6203703703703702,0.0234375,-0.6203703703703702,2101,2794,2528,1454,2102,2794,2528,1502,0,0,12,-217,5000,5000,5100,4900,-35.38,72.51,-208.15,-0.9182081646609674,-29.244218188871542,56.34038689213193,-0.023436188414957558,-0.7765358655926948,0.629637033949547
,64,0,0.7265625,-0.6574074074074074,-0.7265625,0.6574074074074074,2590,1961,2039,2287,2591,2008,2088,2287,2,-193,-225,0,5000,5000,4900,4700,-26.89,20.1,-179.35,-26.07614578830328,24.9641990035447,47.573752417153685,-0.6668593123936887,0.6491952880125361,0.3658471477217453
,65,0,-0.73828125,-0.15740740740740744,0.73828125,0.15740740740740744,1635,2287,2994,1961,1697,2290,2993,1962,-316,-10,14,0,4800,4800,5000,5000,-31.7,38.78,-239.20000000000002,32.35362282547166,2.3043901725034956,52.73090313061854,0.8695157921884653,0.06726859050258006,0.4893027936428137
,66,0,0.01171875,0.34259259259259256,-0.01171875,-0.34259259259259256,2124,2613,2505,1635,2125,2614,2507,1661,-3,0,-15,-85,5000,5000,5000,4900,-41.75,60.32,-211.35,3.0659204097760266,-17.279612533727217,62.69553685253753,0.08158485712985653,-0.489962177302348,0.8679176089354582
,67,0,-0.36328125,-0.49074074074074076,0.36328125,0.49074074074074076,1879,2070,2750,2178,1899,2106,2749,2180,-59,-135,16,0,4900,5000,4900,5000,-36.14,20.88,-221.70000000000002,16.07960719107311,21.356421801106862,57.03788652436975,0.46804058029602885,0.5796683791938799,0.6670251759558231
,68,0,0.38671875,0.0092592592592593,-0.38671875,-0.0092592592592593,2368,2396,2261,1852,2369,2397,2291,1854,0,0,-110,-1,5000,5000,5000,4900,-41.4,42.36,-189.43,-17.590787673066473,2.116666297847395,62.19028575848592,-0.48406181183889596,0.042383913778352565,0.8740067311938013
,69,0,-0.55078125,0.5092592592592591,0.55078125,-0.5092592592592591,1757,2722,2872,1526,1791,2723,2871,1557,-132,0,13,-119,4900,5000,5100,4800,-33.33,63.77,-231.11,22.58866139702019,-22.0783851539625,54.38344531765552,0.6128903841687103,-0.5622300158049196,0.5552141805839715
,70,0,0.19921875,-0.32407407407407407,-0.19921875,0.32407407407407407,2246,2179,2383,2069,2246,2204,2396,2069,0,-74,-36,0,5000,5000,5000,4800,-41.4,27.45,-200.54,-5.5005226082762135,16.243426911431683,62.208319881583776,-0.14342311936420632,0.4638421038255752,0.8742312689160145
,71,0,-0.17578125,0.17592592592592582,0.17578125,-0.17592592592592582,2001,2505,2628,1743,2013,2505,2627,1755,-32,-1,14,-37,5000,4900,4900,5000,-43.28,51.15,-216.81,9.1245571066124,-8.494363592042461,64.22972145954361,0.27647246035944284,-0.24452006153626538,0.929393844486339
,72,0,0.57421875,0.6759259259259258,-0.57421875,-0.6759259259259258,2490,2831,2139,1417,2491,2832,2176,1462,0,0,-139,-192,5100,4900,5000,4700,-29.98,71.92,-188.28,-20.676837362445696,-27.33100743308877,50.83936909281458,-0.5160330463718732,-0.7207274483563368,0.46288426224913687
,73,0,-0.64453125,-0.6018518518518519,0.64453125,0.6018518518518519,1696,1998,2933,2250,1739,2044,2932,2250,-186,-188,14,0,5000,4800,4800,5000,-29.03,19.46,-231.89000000000001,26.37641319585316,22.065667917091062,49.97549627411547,0.7171675672042529,0.5593187765659555,0.41573210933375826
,74,0,0.10546875,-0.10185185185185186,-0.10546875,0.10185185185185186,2185,2324,2444,1924,2185,2329,2453,1925,0,-12,-29,0,5000,5000,5000,5000,-44.26,36.27,-203.89000000000001,-2.7669285459402317,7.225799890270885,65.10734841017613,-0.07245500713954552,0.19319238393013205,0.9784819746586039
,75,0,-0.26953125,0.39814814814814814,0.26953125,-0.39814814814814814,1940,2650,2689,1598,1956,2651,2688,1626,-48,0,14,-103,5000,4900,5000,5000,-39.71,61.11,-220.01,11.662666287814602,-18.65765430778349,60.70097896233169,0.3299500223376591,-0.5199470564591001,0.7879010351807489
,76,0,0.48046875,-0.43518518518518523,-0.48046875,0.43518518518518523,2429,2106,2200,2142,2430,2137,2230,2143,0,-107,-110,0,5000,4900,4900,4900,-36.300000000000004,25.77,-187.37,-18.502416563041606,18.79317522511736,57.03813254204838,-0.497739519903228,0.5181202009394514,0.6955622385559511
,77,0,-0.45703125,0.06481481481481477,0.45703125,-0.06481481481481477,1818,2432,2811,1816,1854,2432,2810,1819,-143,0,14,-17,5000,5000,5000,5000,-39.38,43.04,-229.37,22.22167744535949,-1.2610273591375574,60.37226299909027,0.638008885387529,-0.037832674411499435,0.7690990514318924
,78,0,0.29296875,0.5648148148148147,-0.29296875,-0.5648148148148147,2307,2758,2322,1490,2307,2758,2338,1529,0,0,-49,-155,5000,5000,5000,5000,-36.45,69.65,-199.85,-9.011467678232748,-25.827947569683673,57.36153600095684,-0.2275104514008848,-0.699590817354844,0.677356392732915
,79,0,-0.08203125,-0.26851851851851855,0.08203125,0.26851851851851855,2063,2215,2566,2033,2067,2240,2566,2034,-16,-76,6,0,5000,5000,5000,5000,-42.64,29.47,-210.89000000000001,4.683542594776867,13.533595655627515,63.50528962102671,0.15090835710334888,0.39454807491027805,0.9063986343441618
,80,0,0.66796875,0.2314814814814815,-0.66796875,-0.2314814814814815,2551,2541,2078,1707,2551,2541,2127,1719,0,-1,-219,-34,5100,5000,5100,4900,-34.230000000000004,51.32,-178.35,-29.215145475837744,-6.096181639482701,54.987485300924725,-0.7644920546987007,-0.16046043086879194,0.6243431335635554
,81,0,-0.69140625,0.7314814814814814,0.69140625,-0.7314814814814814,1665,2867,2964,1381,1715,2868,2962,1426,-226,0,12,-193,5000,5100,5100,4500,-25.97,71.95,-233.37,24.327296594844228,-30.413176937891777,47.055553835965014,0.6158798181726217,-0.7306134218118864,0.29478140619107157
,82,0,0.05859375,-0.7438271604938271,-0.05859375,0.7438271604938271,2154,1905,2475,2343,2155,1967,2475,2343,0,-294,0,0,5000,4800,5100,5000,-30.43,9.64,-207.63,2.827553981381186,33.503317891059055,51.22904833524804,0.09582892514786193,0.8738047180207213,0.4767411581453118
,83,0,-0.31640625,-0.24382716049382724,0.31640625,0.24382716049382724,1910,2231,2719,2017,1935,2237,2718,2018,-78,-13,15,0,5000,5000,5000,4900,-40.44,29.96,-221.63,15.376535482938777,12.314141479789484,61.360403934853785,0.45317494667921815,0.33889636990670685,0.8244887616980263
,84,0,0.43359375,0.25617283950617287,-0.43359375,-0.25617283950617287,2399,2557,2230,1691,2400,2557,2258,1707,0,0,-102,-48,5000,5000,5000,5000,-39.660000000000004,53.84,-188.71,-19.075072456657495,-9.293570410484918,60.475702152759396,-0.5126074436028493,-0.2799876664623519,0.8116899133239971
,85,0,-0.50390625,-0.5771604938271605,0.50390625,0.5771604938271605,1788,2014,2841,2234,1821,2054,2840,2235,-124,-152,14,0,4900,4800,5100,4900,-32.15,18.28,-225.84,20.404780724608827,23.659894308634037,53.06213649300858,0.5769515457995826,0.6208457155963453,0.5307329942872725
,86,0,0.24609375,-0.07716049382716061,-0.24609375,0.07716049382716061,2276,2340,2353,1908,2276,2343,2373,1908,0,-9,-59,0,5000,5000,5000,5000,-43.35,38.660000000000004,-196.29,-10.5063429500847,5.351177667562148,64.16529947140074,-0.2885594814652786,0.12999010778433517,0.9485968572237133
,87,0,-0.12890625,0.4228395061728394,0.12890625,-0.4228395061728394,2032,2666,2597,1582,2038,2667,2596,1613,-21,0,15,-117,5000,5000,5000,4900,-40.19,63.410000000000004,-213.01,4.521233327002761,-20.47897141084799,61.15168870963568,0.12871400730702942,-0.5773998109939655,0.8062519225323429
,88,0,0.62109375,-0.4104938271604938,-0.62109375,0.4104938271604938,2521,2122,2108,2126,2520,2150,2150,2127,11,-86,-175,0,5000,5000,4700,4900,-33.83,29.11,-180.84,-25.230821924287056,15.894101967051533,54.54387202254946,-0.6700239299663899,0.4299562752725669,0.6051491837771364
,89,0,-0.59765625,0.08950617283950613,0.59765625,-0.08950617283950613,1726,2448,2903,1800,1773,2448,2902,1803,-219,0,15,-18,4800,4900,5000,5000,-35.89,43.33,-234.96,27.796182100484657,-1.9373196560966335,56.91107439124736,0.7693372350279335,-0.04847103178694241,0.637001395506387
,90,0,0.15234375,0.5895061728395061,-0.15234375,-0.5895061728395061,2215,2774,2414,1474,2215,2774,2421,1518,0,0,-20,-186,5000,5000,5000,5000,-36.29,71.15,-207.43,-1.549222982750166,-27.836163418970244,57.24332767884501,-0.033945402939783646,-0.7452354502059843,0.6659368088456591
,91,0,-0.22265625,-0.6882716049382716,0.22265625,0.6882716049382716,1971,1941,2658,2307,1980,1997,2657,2307,-22,-256,15,0,5000,4800,5000,4700,-32.21,12.07,-212.83,7.843144206621446,30.733270503249553,53.04122717900607,0.23759654517335801,0.8106685815895324,0.5351302014886661
,92,0,0.52734375,-0.18827160493827166,-0.52734375,0.18827160493827166,2460,2267,2169,1981,2461,2272,2210,1982,0,-10,-167,0,5000,5000,4800,5000,-37.980000000000004,36.43,-183.58,-23.010887261182802,8.417878436320741,58.72603316364573,-0.6215056184634209,0.21717177159551712,0.7527065748619872
,93,0,-0.41015625,0.31172839506172845,0.41015625,-0.31172839506172845,1849,2593,2780,1655,1878,2594,2779,1673,-102,0,14,-59,4900,4900,5000,5000,-39.11,55.71,-226.36,18.36526563434012,-13.699915489044514,60.11918191427719,0.5244447697393331,-0.3734176073858204,0.765190808875347
,94,0,0.33984375,-0.5216049382716049,-0.33984375,0.5216049382716049,2338,2050,2291,2198,2338,2087,2312,2199,0,-137,-66,0,5100,5000,5000,4900,-36.28,19.830000000000002,-195.20000000000002,-10.289583706872662,24.191532236268408,57.04238187003038,-0.26642648300654004,0.672278342970248,0.6906944032826263
,95,0,-0.03515625,-0.021604938271605034,0.03515625,0.021604938271605034,2093,2376,2536,1872,2098,2379,2537,1875,-17,-9,0,-18,5000,5000,5000,5000,-44.79,40.550000000000004,-210.02,3.0577873860204647,2.543681429641765,65.67888233970184,0.1044132703098013,0.05633755340576466,0.9929370317696206
,96,0,0.71484375,0.47839506172839474,-0.71484375,-0.47839506172839474,2582,2702,2047,1546,2583,2703,2097,1576,0,0,-228,-105,4900,4800,4800,4900,-30.61,62.43,-179.25,-29.049098607255218,-17.25188533854201,51.400118102514675,-0.7345465008180343,-0.45991094698239504,0.4989221973231273
,97,0,-0.71484375,-0.3549382716049383,0.71484375,0.3549382716049383,1650,2159,2979,2089,1706,2179,2978,2089,-273,-53,13,0,5000,5000,5000,4900,-31.25,30.240000000000002,-237.04,30.776774624052507,10.969293303099192,52.248509632451,0.8250494824193663,0.2974945342161431,0.4804064463254598
,98,0,0.03515625,0.1450617283950617,-0.03515625,-0.1450617283950617,2139,2485,2490,1763,2140,2485,2493,1774,0,0,-15,-34,5000,5000,5000,5000,-44.35,50.96,-208.45000000000002,0.7913402673387395,-7.737957435844535,65.2573141981863,0.02001209556955395,-0.2274337494427211,0.9735879033992467
,99,0,-0.33984375,0.6450617283950615,0.33984375,-0.6450617283950615,1894,2811,2735,1437,1913,2811,2734,1485,-58,0,13,-211,5000,5000,5000,4700,-33.56,71.65,-221.14000000000001,12.108857357514154,-29.267400349070257,54.58336484662286,0.3201253220894949,-0.7614351305495797,0.5636810446715784
,100,0,0.41015625,-0.6327160493827161,-0.41015625,0.6327160493827161,2383,1978,2246,2270,2384,2030,2268,2270,0,-227,-74,0,5000,5100,5000,5000,-33.08,16.830000000000002,-192.21,-13.054925083257586,27.377182983525913,53.81986478108404,-0.3405172434122949,0.7416741060575592,0.5778992363229183
,101,0,-0.52734375,-0.13271604938271608,0.52734375,0.13271604938271608,1772,2303,2857,1945,1813,2306,2856,1946,-174,-10,15,0,5000,4900,5000,5000,-37.480000000000004,37.67,-231.88,25.097324348938713,3.922025620916493,58.471311476329106,0.7085405630938996,0.1064274253906594,0.6975983612189004
,102,0,0.22265625,0.3672839506172838,-0.22265625,-0.3672839506172838,2261,2629,2368,1619,2261,2631,2382,1643,0,0,-39,-78,5000,4900,5000,4900,-40.89,60.9,-201.09,-7.205559848223288,-17.168834893674955,61.78557991729582,-0.18988366068588472,-0.49489046199417,0.8479549669833444
,103,0,-0.15234375,-0.4660493827160494,0.15234375,0.4660493827160494,2017,2086,2612,2162,2024,2124,2611,2163,-20,-146,14,0,4900,5000,5000,4900,-38.63,20.57,-211.95000000000002,6.360805742241496,22.330351872863858,59.47818540227712,0.19730013425046591,0.6200246132002357,0.7593695648698638
,104,0,0.59765625,0.033950617283950546,-0.59765625,-0.033950617283950546,2506,2412,2123,1836,2506,2413,2170,1837,0,0,-204,0,5000,4800,5100,5000,-36.36,42.86,-180.02,-26.988622206266143,2.237991285736207,57.104453836969725,-0.7168587248661668,0.0496696477237146,0.695446974742327
,105,0,-0.62109375,0.5339506172839505,0.62109375,-0.5339506172839505,1711,2738,2918,1510,1756,2739,2917,1540,-197,0,14,-112,5000,5100,5000,4900,-31.62,64.48,-233.01,24.444683467942355,-22.919785768335217,52.684790827071,0.6505827818475743,-0.5775743021376442,0.49310239248424387
,106,0,0.12890625,-0.29938271604938277,-0.12890625,0.29938271604938277,2200,2195,2429,2053,2200,2221,2438,2053,0,-74,-27,-8,5000,4900,5000,5000,-42.12,28.240000000000002,-203.99,-2.115185151600116,15.224625797628157,62.94759966281587,-0.046936384344574374,0.43979569932840323,0.8968705138853093
,107,0,-0.24609375,0.2006172839506173,0.24609375,-0.2006172839506173,1956,2521,2673,1727,1974,2521,2672,1740,-55,0,13,-39,5000,5000,4900,5000,-42.43,51.84,-219.78,12.045323808706343,-9.385510200159402,63.396367036275215,0.3585799728772133,-0.2644711672027496,0.895251587415399
,108,0,0.50390625,0.7006172839506171,-0.50390625,-0.7006172839506171,2444,2847,2185,1401,2445,2847,2217,1448,0,0,-121,-210,4800,4700,5100,4900,-30.35,73.88,-191.67000000000002,-17.428589447784674,-29.514094371476574,51.231309017217455,-0.43080165252383573,-0.7662296561605518,0.4767620477794084
,109,0,-0.43359375,-0.7253086419753086,0.43359375,0.7253086419753086,1833,1917,2796,2331,1860,1973,2796,2331,-86,-254,8,0,5000,5000,4900,4900,-29.43,12.1,-221.03,16.035781243741695,30.14240170932772,50.302455109925695,0.4646373564368974,0.7700343312802114,0.437217629623017
,110,0,0.31640625,-0.22530864197530875,-0.31640625,0.22530864197530875,2322,2243,2307,2005,2322,2251,2331,2006,0,-16,-80,0,5000,5000,5000,5000,-41.37,31.87,-193.87,-12.45324346893969,12.2832324471496,62.156047147156485,-0.3377190816319485,0.32941507814121235,0.8817207767739693
,111,0,-0.05859375,0.27469135802469125,0.05859375,-0.27469135802469125,2078,2569,2551,1679,2082,2570,2551,1701,-16,0,13,-70,5000,4900,5000,4900,-42.99,56.550000000000004,-210.36,2.3264866464995464,-13.447902564229693,63.92103120967672,0.07546828498512552,-0.40441637356663734,0.9114559422992501
,112,0,0.69140625,-0.558641975308642,-0.69140625,0.558641975308642,2567,2026,2062,2222,2568,2065,2109,2223,0,-145,-214,0,5100,4900,4900,4700,-29.77,23.5,-179.68,-25.99014976247787,21.557930699126302,50.4639498017378,-0.6757190714200746,0.5714081458355101,0.46572144828428935
,113,0,-0.66796875,-0.058641975308642014,0.66796875,0.058641975308642014,1681,2352,2948,1896,1736,2353,2947,1896,-263,0,14,0,5000,5000,4900,5000,-33.88,40.95,-237.49,30.49063562572033,0.2608892061711643,54.907777608892744,0.8263961418573649,0.008411861896903516,0.5630263380186492
,114,0,0.08203125,0.441358024691358,-0.08203125,-0.441358024691358,2169,2678,2460,1570,2170,2679,2463,1604,0,0,-15,-133,5000,4900,5000,4900,-39.93,64.6,-209.42000000000002,0.8604405359176042,-21.4248985074738,60.8767013124556,0.02285296689138013,-0.6003846118529234,0.7993848008027649
,115,0,-0.29296875,-0.39197530864197533,0.29296875,0.39197530864197533,1925,2134,2704,2114,1942,2165,2704,2115,-50,-105,6,-2,5000,5000,4900,4900,-38.95,24.810000000000002,-219.81,13.915274139903573,17.57087432647176,59.84829445933206,0.4086625408954977,0.48969943537052313,0.7701878930927352
,116,0,0.45703125,0.10802469135802473,-0.45703125,-0.10802469135802473,2414,2460,2215,1788,2415,2460,2249,1793,0,0,-133,-20,5000,5000,4900,4900,-39.72,46.37,-186.62,-20.65671769839895,-1.699489901879467,60.506354364678266,-0.5623494735951942,-0.062051979397894745,0.8245681423630252
,117,0,-0.48046875,0.6080246913580247,0.48046875,-0.6080246913580247,1803,2786,2826,1462,1836,2786,2825,1502,-122,0,14,-162,4800,5100,4900,5000,-32.8,68.93,-226.81,17.95301715165712,-26.938149014354707,53.8449310173271,0.48155149430223676,-0.6912499495918275,0.5387779371174912
,118,0,0.26953125,-0.6697530864197531,-0.26953125,0.6697530864197531,2292,1953,2337,2295,2292,2009,2349,2295,0,-255,-33,0,4900,4800,4700,4900,-32.87,13.63,-199.18,-5.884021865720882,30.09924242287502,53.636726982222214,-0.14858910074767503,0.8099376439192256,0.5673819631443805
,119,0,-0.10546875,-0.16975308641975317,0.10546875,0.16975308641975317,2047,2279,2582,1969,2056,2285,2581,1970,-28,-15,15,0,5000,5000,5000,5000,-43.31,32.26,-212.35,5.948774600606384,10.6534143318815,64.18964589795355,0.1865642284416608,0.29226219645511725,0.9379640703082384
,120,0,0.64453125,0.33024691358024705,-0.64453125,-0.33024691358024705,2536,2605,2093,1643,2536,2606,2139,1662,0,0,-200,-59,4900,5000,4800,4900,-34.32,55.77,-180.26,-27.61011031771389,-10.664582046913708,55.098299824207906,-0.7212336636273758,-0.2997548379533084,0.6244750111687565
,121,0,-0.57421875,-0.5030864197530864,0.57421875,0.5030864197530864,1742,2062,2887,2186,1784,2093,2886,2187,-177,-108,15,0,5100,5000,4900,5000,-32.4,21.71,-229.55,23.873722644789808,19.988236746376963,53.339395757834275,0.6586556013952335,0.5309808669489722,0.5331342398353357
,122,0,0.17578125,-0.0030864197530864335,-0.17578125,0.0030864197530864335,2231,2388,2398,1860,2231,2390,2413,1862,0,-9,-43,-16,5000,5000,5000,5000,-44.21,42.2,-199.58,-7.466806402327222,1.599838503915798,65.05072143529131,-0.20558369388669454,0.027714981454316723,0.9782470161523049
,123,0,-0.19921875,0.49691358024691334,0.19921875,-0.49691358024691334,1986,2714,2643,1534,1996,2715,2642,1570,-28,0,13,-142,5000,4900,4900,5000,-38.24,66.45,-215.53,6.839834416354989,-23.68755569417607,59.22203177503961,0.19864123039556109,-0.6473725593859813,0.7358331542822611
,124,0,0.55078125,-0.3364197530864198,-0.55078125,0.3364197530864198,2475,2171,2154,2077,2476,2193,2193,2077,0,-61,-155,0,5000,5000,5000,4800,-36.51,31.41,-183.46,-22.784905396132643,13.430320464826266,57.24277421540375,-0.6125460434585831,0.3671736100026103,0.6999792030916961
,125,0,-0.38671875,0.1635802469135803,0.38671875,-0.1635802469135803,1864,2497,2765,1751,1894,2497,2764,1759,-107,0,15,-28,5000,5000,5000,4900,-40.65,48.660000000000004,-225.91,18.384386213264975,-6.631244928730908,61.639093396310706,0.5386086355758432,-0.18552667472253698,0.8218762623713664
,126,0,0.36328125,0.6635802469135801,-0.36328125,-0.6635802469135801,2353,2823,2276,1425,2353,2824,2296,1472,0,0,-61,-207,4800,5000,5000,5000,-33.31,72.99,-197.96,-11.107257510170427,-29.04184788821047,54.22054734721741,-0.28114849929277763,-0.7749723149793594,0.5660153994026591
,127,0,-0.01171875,-0.6141975308641976,0.01171875,0.6141975308641976,2108,1990,2521,2258,2109,2044,2522,2258,0,-238,0,0,4900,5000,5100,4800,-34.83,14.530000000000001,-206.23000000000002,1.0796641428956946,28.731460034077237,55.63431265254842,0.048833599381964674,0.7752603476437333,0.6297512786352399
,128,0,0.73828125,-0.1141975308641976,-0.73828125,0.1141975308641976,2597,2316,2032,1932,2598,2318,2092,1933,0,-3,-295,0,4900,5000,4700,5000,-32.35,42.45,-174.83,-32.119712630849676,2.9855969957140758,53.067462784569976,-0.8290663326161903,0.07675004029049608,0.5538577862933287
,129,0,-0.744140625,0.3858024691358024,0.744140625,-0.3858024691358024,1631,2642,2998,1606,1686,2643,2997,1626,-262,0,14,-63,5000,5100,4800,4700,-30.45,56.18,-238.91,30.896675282158412,-15.039942958354402,51.52342141156072,0.8156572621549629,-0.3687989885393694,0.44574716684036064
,130,0,0.005859375,-0.44753086419753085,-0.005859375,0.44753086419753085,2120,2098,2509,2150,2121,2136,2510,2151,0,-145,0,0,5000,5000,5000,4800,-39.09,20.93,-209.16,3.5506875085307,22.160639545939965,59.9251006500101,0.11683969680358076,0.6187037893326695,0.776887447650072
,131,0,-0.369140625,0.052469135802468925,0.369140625,-0.052469135802468925,1875,2424,2754,1824,1903,2425,2753,1829,-96,0,15,-20,4900,4900,5000,4900,-40.97,42.52,-226.12,19.00650973623371,-0.5184952365074977,61.94463148295705,0.5563654209095084,-0.020912145721983015,0.8306745455215832
,132,0,0.380859375,0.5524691358024689,-0.380859375,-0.5524691358024689,2364,2750,2265,1498,2364,2751,2288,1535,0,0,-77,-142,4800,5000,5000,5000,-35.72,68.67,-195.43,-13.351720645661487,-24.5541935740184,56.606913620389854,-0.3365042132045235,-0.6704846040504686,0.6612225875050629
,133,0,-0.556640625,-0.2808641975308642,0.556640625,0.2808641975308642,1753,2207,2876,2041,1791,2227,2875,2042,-155,-54,16,0,5000,5000,5000,4900,-35.84,32.53,-232.24,25.811122921020115,9.021337850268452,56.82015842888738,0.7231803650176003,0.2412367241647186,0.647159178693532
,134,0,0.193359375,0.21913580246913567,-0.193359375,-0.21913580246913567,2242,2533,2387,1715,2242,2533,2401,1728,0,0,-40,-41,5000,5000,5000,4900,-43.08,54.050000000000004,-200.9,-6.943665109459033,-10.315384130664711,63.957289793131416,-0.18956616885024072,-0.3087305051522229,0.9320676707277722
,135,0,-0.181640625,0.7191358024691357,0.181640625,-0.7191358024691357,1998,2859,2631,1389,2004,2860,2630,1443,-19,0,13,-250,5000,5000,5000,4700,-32.19,75.96000000000001,-213.28,3.982754302082725,-33.04142476554543,53.184869642355906,0.10742721866570568,-0.8508133816523396,0.5143694997674931
,136,0,0.568359375,-0.7067901234567902,-0.568359375,0.7067901234567902,2487,1929,2142,2319,2488,1985,2175,2319,1,-247,-118,0,5100,4800,5000,4900,-28.84,16.11,-185.94,-19.241522157520336,28.50625723155383,49.54668002224619,-0.4993640869323431,0.7511003200078843,0.4318377217963723
,137,0,-0.650390625,-0.20679012345679015,0.650390625,0.20679012345679015,1692,2255,2937,1993,1745,2260,2936,1994,-246,-12,14,0,5100,5000,4800,4800,-34.04,35.53,-235.87,29.239156416841297,5.7782350041523145,55.045962757310676,0.8020628314445045,0.15614866277946554,0.5764657921571841
,138,0,0.099609375,0.29320987654320985,-0.099609375,-0.29320987654320985,2181,2581,2448,1667,2181,2582,2454,1689,0,0,-19,-69,4900,4900,5000,5000,-42.67,57.64,-206.66,-1.4370193363377268,-14.28681105368689,63.58524070435415,-0.039647126195598924,-0.4169921855929324,0.908044945219596
,139,0,-0.275390625,-0.5401234567901234,0.275390625,0.5401234567901234,1936,2038,2693,2210,1951,2080,2692,2211,-41,-164,14,0,5000,4800,5000,4900,-36.01,18.19,-216.87,11.442735437225991,24.365640499798793,56.876879810789674,0.33994889521739285,0.6631574626736598,0.6668260105460108
,140,0,0.474609375,-0.040123456790123524,-0.474609375,0.040123456790123524,2425,2364,2204,1884,2426,2365,2240,1884,0,0,-140,0,5000,4900,5000,5000,-39.68,41.53,-185.21,-21.736833026029274,3.224445020412894,60.4470605197383,-0.5900764319075571,0.06865042185167182,0.8044233487951681
,141,0,-0.462890625,0.45987654320987637,0.462890625,-0.45987654320987637,1814,2690,2815,1558,1845,2691,2814,1588,-119,0,14,-108,4900,5000,5000,4900,-36.0,62.39,-227.55,19.116993391869045,-20.453821575834496,57.03207032747284,0.531636305201219,-0.5389061192767917,0.6534087798599167
,142,0,0.287109375,-0.37345679012345684,-0.287109375,0.37345679012345684,2303,2147,2326,2101,2303,2175,2344,2101,0,-89,-54,0,5000,4900,5000,4900,-39.97,26.03,-196.26,-9.668035527870785,17.944735268175172,60.753298940055075,-0.25533214191276155,0.5086749163057701,0.8222258368766812
,143,0,-0.087890625,0.12654320987654322,0.087890625,-0.12654320987654322,2059,2472,2570,1776,2067,2472,2569,1786,-24,0,14,-32,5000,5000,5000,5000,-44.37,49.31,-212.6,5.043038239903808,-6.371530669298913,65.29395081584693,0.15716678732514713,-0.19048017502701559,0.9690283297631547
,144,0,0.662109375,0.6265432098765431,-0.662109375,-0.6265432098765431,2548,2798,2081,1450,2548,2798,2124,1491,0,0,-181,-167,5000,4900,4800,4700,-29.14,69.39,-183.29,-25.480704730347156,-24.47266320713173,49.9679756124915,-0.636751000567795,-0.6295071811315185,0.44527392937355
,145,0,-0.697265625,-0.6512345679012346,0.697265625,0.6512345679012346,1661,1965,2968,2283,1709,2015,2967,2283,-215,-215,14,0,4800,4800,4900,4800,-26.66,17.96,-233.11,27.70624774155135,23.47319839239492,47.607860735828694,0.7389834394041402,0.5829150901581143,0.3378068589481061
,146,0,0.052734375,-0.15123456790123457,-0.052734375,0.15123456790123457,2150,2291,2479,1957,2151,2297,2484,1958,0,-13,-19,0,5000,5000,5000,4900,-43.800000000000004,33.27,-207.29,0.8298644602708123,9.988354242078891,64.65682257986458,0.026059147070697026,0.2722084981107242,0.9618853644849011
,147,0,-0.322265625,0.3487654320987654,0.322265625,-0.3487654320987654,1906,2617,2723,1631,1929,2618,2722,1655,-69,0,13,-81,5000,4900,5000,4900,-39.87,58.09,-222.53,14.379827258275867,-15.814028010764645,60.86598121536189,0.4131143443130162,-0.44286491384029425,0.7957431788033473
,148,0,0.427734375,-0.4845679012345679,-0.427734375,0.4845679012345679,2395,2074,2234,2174,2396,2107,2260,2175,0,-118,-92,0,4900,4900,5000,4900,-36.17,22.5,-190.43,-15.228227806631082,21.848985962890197,56.91521499933265,-0.40576823398451484,0.6008748188408594,0.6886955730742371
,149,0,-0.509765625,0.015432098765432167,0.509765625,-0.015432098765432167,1784,2400,2845,1848,1826,2401,2844,1849,-178,0,15,0,5000,4900,5000,4900,-38.11,40.64,-231.45000000000002,24.464934840241227,0.9895981460333871,59.10664809092019,0.6932462232149716,0.022174178751163048,0.7203596183816041
,150,0,0.240234375,0.515432098765432,-0.240234375,-0.515432098765432,2273,2726,2356,1522,2273,2727,2370,1557,0,0,-35,-135,5000,4900,4900,4800,-37.81,67.76,-201.98000000000002,-6.765431510712489,-24.08201334103984,58.7274185740358,-0.17134097506778306,-0.6620320476054421,0.7296271912464385
,151,0,-0.134765625,-0.3179012345679013,0.134765625,0.3179012345679013,2028,2183,2601,2065,2033,2211,2600,2066,-18,-83,15,-17,5000,4900,5000,5000,-41.59,27.46,-213.18,7.108950395431123,15.381577480508554,62.46170916153411,0.22048350078452048,0.44502733009857753,0.8679502873708458
,152,0,0.615234375,0.18209876543209869,-0.615234375,-0.18209876543209869,2517,2509,2112,1739,2517,2509,2158,1746,0,0,-196,-25,5100,4800,5000,5000,-35.84,49.53,-180.1,-27.35619241839072,-4.423678347007453,56.60171151396545,-0.7213745218187051,-0.12045541302485933,0.6819892174689013
,153,0,-0.603515625,0.6820987654320985,0.603515625,-0.6820987654320985,1723,2835,2906,1413,1765,2836,2905,1456,-176,0,13,-176,4900,5000,4900,4600,-28.88,70.89,-230.54,21.56121360615785,-29.156427235437448,49.94864303007584,0.5629452258583459,-0.7249065838644735,0.3969925910558477
,154,0,0.146484375,-0.595679012345679,-0.146484375,0.595679012345679,2211,2002,2418,2246,2211,2052,2424,2246,0,-211,-18,0,5000,4800,4800,5000,-35.42,15.48,-204.73000000000002,-0.4838313465231181,27.88646994328689,56.21918323740724,0.0049152330848957915,0.7581313168883577,0.6520833894808594
,155,0,-0.228515625,-0.0956790123456791,0.228515625,0.0956790123456791,1967,2328,2662,1920,1985,2331,2661,1921,-52,-8,14,0,5000,5000,5000,5000,-42.88,36.78,-219.36,12.639925993612025,5.6697538185802046,63.80621282160203,0.37965819793883543,0.14950891710394598,0.9129659010303951
,156,0,0.521484375,0.4043209876543208,-0.521484375,-0.4043209876543208,2456,2654,2173,1594,2457,2655,2209,1617,0,0,-135,-81,4900,5000,4900,5000,-36.38,60.63,-186.72,-21.50266357592392,-15.943258960913639,57.20292908700064,-0.5660125015390801,-0.447907784129479,0.6921043743668237
,157,0,-0.416015625,-0.42901234567901236,0.416015625,0.42901234567901236,1845,2110,2784,2138,1873,2140,2783,2139,-93,-104,15,0,4900,4900,4900,4900,-36.71,23.830000000000002,-224.24,18.41205789727482,18.24348658523123,57.62806280727214,0.532535769547785,0.4933558434311782,0.6877540737098252
,158,0,0.333984375,0.07098765432098753,-0.333984375,-0.07098765432098753,2334,2436,2295,1812,2334,2436,2321,1817,-1,0,-86,-17,5000,5000,5000,4900,-42.45,45.18,-192.12,-15.102230767964897,-0.8753090715492533,63.260878080051484,-0.4138499249958766,-0.04578278313508621,0.9091931457887878
,159,0,-0.041015625,0.5709876543209875,0.041015625,-0.5709876543209875,2089,2762,2540,1486,2091,2762,2540,1530,-12,0,12,-181,5000,5000,4900,4700,-36.64,70.85000000000001,-207.95000000000002,-1.0118689711527225,-27.570914896774667,57.595171234552986,-0.01554215532361778,-0.734982242909443,0.6779082120875225
,160,0,0.708984375,-0.26234567901234573,-0.708984375,0.26234567901234573,2578,2219,2051,2029,2579,2236,2102,2030,0,-40,-239,0,5000,4700,5000,5000,-32.93,37.75,-176.61,-30.029568914240343,7.556496422647221,53.64450496048151,-0.7888425357301457,0.20414024244034235,0.5797018330480171
,161,0,-0.720703125,0.23765432098765427,0.720703125,-0.23765432098765427,1646,2545,2983,1703,1704,2545,2982,1713,-284,0,16,-29,5100,5000,5000,5000,-32.17,49.9,-238.95000000000002,31.351867118133356,-8.772046394459224,53.227731552577566,0.836552093342621,-0.21210351137172195,0.5051660079497284
,162,0,0.029296875,0.7376543209876543,-0.029296875,-0.7376543209876543,2135,2871,2494,1377,2136,2872,2494,1432,0,0,0,-261,5000,5000,4800,4900,-31.43,77.16,-211.56,2.189422055250077,-34.12486715190448,52.41929009200815,0.06039663526818358,-0.872055803921573,0.48566544173430914
,163,0,-0.345703125,-0.7376543209876543,0.345703125,0.7376543209876543,1891,1909,2738,2339,1907,1969,2738,2339,-42,-280,0,0,4900,5000,4800,4900,-29.95,11.06,-217.77,12.85088067564081,31.401363836100938,50.80347680073484,0.3705167337884013,0.8080865737194154,0.4579447994651668
,164,0,0.404296875,-0.23765432098765427,-0.404296875,0.23765432098765427,2380,2235,2249,2013,2381,2243,2279,2014,0,-15,-111,0,5000,4900,5000,5000,-40.02,32.33,-189.58,-16.757928246056935,12.10973142242748,60.785723694801064,-0.45598684257622546,0.3203330260619901,0.8303389379110994
,165,0,-0.533203125,0.2623456790123455,0.533203125,-0.2623456790123455,1768,2561,2861,1687,1807,2562,2860,1702,-158,0,15,-44,5000,5000,5000,5000,-37.02,51.77,-231.88,24.14848505081156,-10.14713245196242,58.046935338126296,0.6768820482686143,-0.2704326585744291,0.6846143950488128
,166,0,0.216796875,-0.5709876543209876,-0.216796875,0.5709876543209876,2257,2018,2372,2230,2257,2063,2384,2231,0,-181,-33,0,4900,5000,4800,5000,-35.93,16.87,-201.91,-3.3935972021983787,26.691272713337018,56.71854908192075,-0.07756407918264727,0.7340330712335349,0.6746697443609073
,167,0,-0.158203125,-0.07098765432098764,0.158203125,0.07098765432098764,2013,2344,2616,1904,2025,2347,2615,1904,-35,-10,14,0,5000,5000,5000,5000,-43.72,37.49,-216.29,9.525004854333304,5.1708085064967335,64.63260248249125,0.2917079976141395,0.13190762798920394,0.9473683664795923
,168,0,0.591796875,0.42901234567901225,-0.591796875,-0.42901234567901225,2502,2670,2127,1578,2502,2671,2168,1604,0,-2,-166,-89,5100,5000,5100,4900,-34.67,60.870000000000005,-183.85,-24.374020330610563,-15.994052582661908,55.4791743494277,-0.6373052502274532,-0.4466893242593095,0.6279416100445041
,169,0,-0.626953125,-0.404320987654321,0.626953125,0.404320987654321,1707,2126,2922,2122,1755,2151,2921,2123,-213,-74,15,0,5000,5000,4800,5000,-32.84,26.75,-233.11,27.083493548037893,14.720909763853776,53.80996690850671,0.7427184724625845,0.3920811632361777,0.5428090199123548
,170,0,0.123046875,0.095679012345679,-0.123046875,-0.095679012345679,2196,2452,2433,1796,2196,2452,2442,1804,0,0,-29,-26,5000,5000,5000,5000,-44.480000000000004,47.910000000000004,-203.11,-4.331337778260092,-4.33442324616901,65.35283728884895,-0.1225589124928048,-0.13627535064617208,0.9830607009614631
,171,0,-0.251953125,0.5956790123456788,0.251953125,-0.5956790123456788,1952,2778,2677,1470,1966,2778,2676,1513,-36,0,14,-181,4900,5000,4800,4700,-35.52,70.48,-217.03,8.077713936786324,-27.81729642320782,56.519774236633424,0.2277716657019641,-0.7372763064057059,0.6360375117208988
,172,0,0.498046875,-0.6820987654320988,-0.498046875,0.6820987654320988,2441,1945,2188,2303,2442,1997,2217,2303,0,-226,-107,0,4800,5000,5000,4900,-30.47,15.71,-188.77,-16.398895133245816,28.719154801313085,51.1898313316681,-0.4231466967090893,0.7639823850263061,0.4871116796317895
,173,0,-0.439453125,-0.1820987654320988,0.439453125,0.1820987654320988,1830,2271,2799,1977,1866,2276,2798,1978,-136,-11,14,0,5000,4900,5000,5000,-39.24,34.410000000000004,-227.51,20.948715370254376,7.47432523242874,60.20114124021623,0.6068656562554715,0.19929597636355156,0.7694122361016329
,174,0,0.310546875,0.3179012345679011,-0.310546875,-0.3179012345679011,2318,2597,2311,1651,2318,2598,2332,1670,0,0,-64,-62,5000,5000,5000,4900,-40.86,58.02,-195.92000000000002,-12.169320717674424,-13.946834783369795,61.722387195411606,-0.3236799588166959,-0.4123426929510861,0.8515895653601375
,175,0,-0.064453125,-0.5154320987654322,0.064453125,0.5154320987654322,2074,2054,2555,2194,2076,2096,2556,2195,-13,-170,0,0,5000,4800,5000,5000,-37.47,18.22,-207.19,1.7758167202917718,24.992681211856535,58.288404683262264,0.06784344349212942,0.6881720277145849,0.7223686921831033
,176,0,0.685546875,-0.015432098765432167,-0.685546875,0.015432098765432167,2563,2380,2066,1868,2564,2381,2120,1868,0,0,-248,0,5000,4800,5000,4700,-33.79,42.59,-176.54,-30.430027458759724,2.7347134840267913,54.51636632959382,-0.7934685313983316,0.06785839877185443,0.6048164410767071
,177,0,-0.673828125,0.4845679012345676,0.673828125,-0.4845679012345676,1677,2706,2952,1542,1730,2707,2951,1570,-244,0,14,-97,5000,5000,5000,4800,-31.37,61.58,-235.18,26.806532375738698,-20.17345445412836,52.43834803584324,0.713966479533648,-0.5074729292466689,0.4824138184008985
,178,0,0.076171875,-0.3487654320987654,-0.076171875,0.3487654320987654,2166,2163,2463,2085,2167,2192,2466,2085,0,-93,-17,0,5000,5000,5000,4900,-41.29,25.490000000000002,-206.66,0.7382037468579767,17.78592239230214,62.12405151712704,0.038438482045990686,0.5055223718468486,0.8619568519713365
,179,0,-0.298828125,0.15123456790123446,0.298828125,-0.15123456790123446,1921,2489,2708,1759,1946,2489,2707,1769,-81,0,15,-31,4900,4900,4900,4900,-42.12,48.46,-222.39000000000001,14.878831958799537,-6.190117772061072,63.09091852374427,0.4409242529610649,-0.17846050933620458,0.879623584130274
,180,0,0.451171875,0.6512345679012344,-0.451171875,-0.6512345679012344,2410,2815,2219,1433,2411,2815,2246,1478,0,0,-94,-191,5000,5000,4900,4900,-32.6,72.02,-193.3,-15.687732228639504,-27.761828817865876,53.48474674038167,-0.3916940807496257,-0.7384554586079084,0.5488709162980755
,181,0,-0.486328125,-0.6265432098765432,0.486328125,0.6265432098765432,1799,1982,2830,2266,1831,2033,2830,2266,-119,-218,0,0,4900,4800,5000,5000,-31.75,16.69,-224.85,19.526226918422054,25.31188831493334,52.65316337312675,0.5582134082727827,0.6538879014497634,0.5107136214769575
,182,0,0.263671875,-0.12654320987654322,-0.263671875,0.12654320987654322,2288,2308,2341,1940,2288,2313,2361,1941,0,-11,-61,0,5000,4900,5000,4900,-42.96,36.61,-195.66,-10.99474160813017,7.437873519521496,63.76696899022329,-0.2991285856253324,0.18953214623828069,0.9352003287018766
,183,0,-0.111328125,0.3734567901234567,0.111328125,-0.3734567901234567,2043,2633,2586,1615,2050,2634,2585,1642,-21,0,13,-91,5000,5000,5000,5000,-41.18,61.14,-212.46,4.120823424964755,-18.174227784676162,62.1331818211603,0.12030754644994088,-0.5246581562171888,0.8427691934224789
,184,0,0.638671875,-0.4598765432098766,-0.638671875,0.4598765432098766,2532,2090,2097,2158,2532,2121,2140,2159,0,-105,-177,0,5100,5000,5100,4800,-32.7,26.92,-180.70000000000002,-25.21732382674469,18.08531875967217,53.407656035555775,-0.665051232392793,0.4854902568463555,0.5674557857666855
,185,0,-0.580078125,0.04012345679012341,0.580078125,-0.04012345679012341,1738,2416,2891,1832,1785,2417,2890,1833,-207,0,14,0,5100,5000,5000,4900,-36.300000000000004,41.62,-234.34,27.290962001863306,-0.1882360790812072,57.31364027723869,0.757744444590249,-0.005980247224491409,0.6525240174397797
,186,0,0.169921875,0.5401234567901232,-0.169921875,-0.5401234567901232,2227,2742,2402,1506,2227,2743,2412,1543,0,0,-25,-147,4900,4900,4900,5000,-37.45,68.97,-205.98000000000002,-2.854464624583926,-25.56003448532266,58.390533560034356,-0.06620708547271027,-0.7007713621508534,0.7103070602369421
,187,0,-0.205078125,-0.29320987654320985,0.205078125,0.29320987654320985,1982,2199,2647,2049,1994,2225,2647,2049,-33,-74,0,-2,5000,5000,5000,4900,-41.51,29.05,-216.75,10.563917351922555,13.554221621366018,62.403623934413545,0.31866836603396564,0.3893446339744652,0.8642113332307861
,188,0,0.544921875,0.20679012345679015,-0.544921875,-0.20679012345679015,2471,2525,2158,1723,2472,2525,2200,1732,0,0,-172,-29,5000,5000,5000,4800,-37.800000000000004,50.9,-183.53,-24.035921843733263,-6.016263567778331,58.58233657329548,-0.6446680956691636,-0.1745244542138454,0.7442743185866706
,189,0,-0.392578125,0.7067901234567899,0.392578125,-0.7067901234567899,1860,2851,2769,1397,1885,2852,2768,1445,-81,0,12,-213,4900,5000,5000,5000,-31.330000000000002,73.82000000000001,-222.28,13.110652771125586,-31.515704784742738,52.36459646894064,0.34141186815965213,-0.8041231126153326,0.4866456164783221
,190,0,0.357421875,-0.7191358024691358,-0.357421875,0.7191358024691358,2349,1921,2280,2327,2349,1979,2297,2327,0,-265,-54,0,5000,4800,5000,4700,-30.830000000000002,12.66,-195.35,-9.629970752089463,31.319486391892067,51.57510829856814,-0.24583949717141854,0.8308628151397932,0.49922933011641263
,191,0,-0.017578125,-0.21913580246913578,0.017578125,0.21913580246913578,2105,2247,2524,2001,2108,2256,2524,2002,-14,-19,14,0,5000,5000,5000,5000,-42.88,29.61,-207.02,0.8117987901133574,13.655585706425192,63.72623834484322,0.040874579262130235,0.37748552083718095,0.9251129392287333
,192,0,0.732421875,0.2808641975308639,-0.732421875,-0.2808641975308639,2593,2573,2036,1675,2594,2574,2091,1690,0,0,-262,-45,4900,4700,4900,4900,-32.160000000000004,52.9,-176.37,-31.287184826929973,-7.544967989012775,52.911582836708114,-0.8057598934765897,-0.200478242939659,0.5572786270551034
,193,0,-0.732421875,-0.5524691358024691,0.732421875,0.5524691358024691,1639,2030,2990,2218,1697,2065,2989,2219,-282,-120,15,0,4800,5000,4600,4700,-27.91,21.54,-234.79,29.13488747117998,19.791640269791614,48.87530632157197,0.773791025498316,0.5088273355863463,0.3772826412894771
,194,0,0.017578125,-0.05246913580246915,-0.017578125,0.05246913580246915,2127,2356,2502,1892,2129,2360,2506,1893,0,-12,-16,-18,5000,5000,5000,5000,-44.79,38.65,-208.37,1.5397216966585745,4.5506208174713265,65.66581113621871,0.04804688439309065,0.1139202889590296,0.9923273979204683
,195,0,-0.357421875,0.44753086419753085,0.357421875,-0.44753086419753085,1883,2682,2746,1566,1905,2683,2745,1599,-67,0,14,-121,5000,5000,4800,5000,-37.85,62.47,-223.58,15.141746965903621,-20.260622601249935,58.86234080176584,0.426165763203174,-0.5481534030502362,0.7196600509948442
,196,0,0.392578125,-0.3858024691358025,-0.392578125,0.3858024691358025,2372,2138,2257,2110,2373,2165,2283,2110,0,-80,-92,0,4900,4900,4900,5000,-38.52,26.46,-191.3,-14.638679913887586,17.846063395545293,59.27954243054911,-0.39335950288253213,0.4960756233597581,0.7740654219122786
,197,0,-0.544921875,0.1141975308641976,0.544921875,-0.1141975308641976,1761,2464,2868,1784,1803,2464,2867,1788,-178,0,15,-20,5000,4900,5000,5000,-37.31,44.35,-232.82,25.585419978244914,-2.806617389977447,58.32290026179222,0.7198538529400867,-0.07297486330858305,0.69027900137003
,198,0,0.205078125,0.6141975308641974,-0.205078125,-0.6141975308641974,2250,2790,2379,1458,2250,2790,2390,1504,-5,0,-28,-204,4900,4800,5100,5000,-35.58,72.0,-205.19,-3.8379985413529027,-28.535193385732384,56.52425636950831,-0.09307060577906774,-0.7595624891759152,0.6437411648922301
,199,0,-0.169921875,-0.6635802469135803,0.169921875,0.6635802469135803,2005,1957,2624,2291,2010,2015,2624,2291,-15,-266,0,0,4900,4800,5100,5000,-33.26,12.9,-210.87,5.826573397768641,30.04034302990692,54.08348131767369,0.18413662312475979,0.7980064132369953,0.5738287797390753
,200,0,0.580078125,-0.1635802469135803,-0.580078125,0.1635802469135803,2494,2283,2135,1965,2495,2287,2180,1966,0,-8,-190,0,5100,4900,5100,4800,-36.79,38.44,-181.13,-25.58510639538497,6.574283939404459,57.52884680386395,-0.6842443670685524,0.165690012529438,0.7101805868108124
,201,0,-0.638671875,0.3364197530864197,0.638671875,-0.3364197530864197,1700,2609,2929,1639,1749,2610,2928,1657,-223,0,13,-56,5100,4800,4800,5000,-33.93,54.77,-235.34,27.413140244285614,-13.38245814336031,54.98190774635756,0.7457847399557113,-0.33900897399816904,0.5734788899322288
,202,0,0.111328125,-0.4969135802469136,-0.111328125,0.4969135802469136,2189,2066,2440,2182,2189,2105,2445,2183,-2,-150,-19,-7,5000,5000,5000,5000,-37.95,19.09,-206.15,0.677195786927399,24.19617280718549,58.76538099930113,0.037940997710251806,0.671523732363809,0.7400110523262
,203,0,-0.263671875,0.0030864197530863224,0.263671875,-0.0030864197530863224,1944,2392,2685,1856,1966,2393,2684,1857,-67,0,15,-15,5000,4900,5000,5000,-42.78,41.0,-221.38,14.371141093567218,1.3228676071410561,63.72700081186017,0.42898982270826186,0.024078571565705757,0.9029883467709259
,204,0,0.486328125,0.5030864197530862,-0.486328125,-0.5030864197530862,2433,2718,2196,1530,2434,2719,2227,1561,0,0,-115,-115,5000,4900,5000,4800,-35.32,65.7,-189.51,-19.055906436347783,-21.19287787402446,56.169739478534545,-0.4903399699590485,-0.5760512537220203,0.6540119776776627
,205,0,-0.451171875,-0.33024691358024694,0.451171875,0.33024691358024694,1822,2175,2807,2073,1854,2198,2806,2073,-121,-66,15,-1,5000,4900,5000,4900,-37.69,28.94,-226.99,20.806352433747094,12.96248748016675,58.63474156682112,0.6012023883731207,0.3509219547152281,0.717920239242006
,206,0,0.298828125,0.16975308641975306,-0.298828125,-0.16975308641975306,2311,2501,2318,1747,2311,2501,2339,1756,0,0,-65,-30,5000,5000,5000,5000,-42.42,50.77,-194.71,-12.895066796357781,-6.627310359939827,63.25798312015484,-0.3507492184237459,-0.20256532859713838,0.9142987878289371
,207,0,-0.076171875,0.669753086419753,0.076171875,-0.669753086419753,2066,2827,2563,1421,2068,2828,2562,1474,-12,0,13,-246,5100,5000,5000,4900,-34.04,74.47,-208.95000000000002,-0.24576967385539206,-31.25752871637171,55.009369538398296,-0.0020482261356754823,-0.8146317676725341,0.5799749027918537
,208,0,0.673828125,-0.6080246913580247,-0.673828125,0.6080246913580247,2555,1994,2074,2254,2555,2042,2118,2254,0,-194,-184,-2,4900,4900,5100,4600,-29.45,21.82,-180.64000000000001,-24.91748326572838,23.168444171924385,50.14452384680135,-0.6498784466780815,0.6123777406089719,0.45016831002407837
,209,0,-0.685546875,-0.10802469135802473,0.685546875,0.10802469135802473,1669,2320,2960,1928,1728,2322,2959,1929,-289,-8,15,0,4800,5000,5000,4700,-33.45,40.32,-237.82,30.864451979484272,0.8659688027052468,54.477847363949714,0.8350984807846236,0.02596096259774523,0.5494875392692841
,210,0,0.064453125,0.3919753086419753,-0.064453125,-0.3919753086419753,2158,2646,2471,1602,2159,2647,2474,1631,0,0,-16,-102,5000,5000,5000,4900,-40.89,62.45,-209.67000000000002,1.250250135964535,-19.29391729472269,61.832508587282994,0.03212797714295651,-0.5465702349201026,0.8367967324171894
,211,0,-0.310546875,-0.44135802469135804,0.310546875,0.44135802469135804,1914,2102,2715,2146,1932,2138,2714,2147,-50,-134,14,0,4900,5000,5000,4900,-37.89,22.8,-219.91,14.155743433842474,19.56651661558798,58.78373522069688,0.4156343941646981,0.5388590502353622,0.7327202565555203
,212,0,0.439453125,0.05864197530864179,-0.439453125,-0.05864197530864179,2402,2428,2227,1820,2403,2429,2259,1823,0,0,-122,-16,4900,4900,5000,4900,-40.34,44.1,-187.05,-20.077583311102444,0.5381069659506039,61.12276625499817,-0.5480639063265552,-0.003742411138956424,0.836428089521713
,213,0,-0.498046875,0.5586419753086416,0.498046875,-0.5586419753086416,1791,2754,2838,1494,1825,2754,2837,1529,-130,0,14,-131,5000,4800,5100,4900,-33.5,66.67,-228.0,19.289350779200163,-24.761553491308007,54.545176949090205,0.5198051609035714,-0.6418869366274863,0.5637231193458313
,214,0,0.251953125,-0.27469135802469136,-0.251953125,0.27469135802469136,2280,2211,2349,2037,2280,2235,2363,2039,0,-69,-38,-1,5000,4900,5000,5000,-41.800000000000004,30.740000000000002,-196.8,-9.455808271473785,13.21429133144111,62.59787470511817,-0.2541301720507863,0.37274953715077047,0.892454838189207
,215,0,-0.123046875,0.22530864197530853,0.123046875,-0.22530864197530853,2036,2537,2593,1711,2045,2537,2592,1727,-27,0,14,-47,4900,5000,5000,4900,-43.2,54.09,-213.83,5.953458713191509,-11.226922225734569,64.14220978787583,0.17683275216165117,-0.32948892678834485,0.9274520067835322
,216,0,0.626953125,0.7253086419753085,-0.626953125,-0.7253086419753085,2525,2863,2104,1385,2525,2864,2145,1432,0,0,-161,-207,4900,4700,4900,4500,-27.77,73.32000000000001,-186.92000000000002,-22.117478355344275,-28.642415977137404,48.62612234647642,-0.5457330834525121,-0.745007727440663,0.38358687109846723
,217,0,-0.591796875,-0.7006172839506173,0.591796875,0.7006172839506173,1730,1933,2899,2315,1767,1988,2898,2315,-146,-242,14,0,5000,5000,5100,4700,-27.64,14.77,-228.42000000000002,23.237418215633312,26.975008256976903,48.556275381750815,0.6351138113265857,0.6754541488213898,0.37468939069873664
,218,0,0.158203125,-0.2006172839506173,-0.158203125,0.2006172839506173,2219,2259,2410,1989,2219,2267,2423,1990,0,-16,-35,0,5000,5000,5000,4900,-42.96,31.48,-201.98000000000002,-4.343184267757181,12.129966263441027,63.78569411206842,-0.11352590397532461,0.3287903270791112,0.937554686376105
,219,0,-0.216796875,0.2993827160493825,0.216796875,-0.2993827160493825,1975,2585,2654,1663,1989,2586,2653,1685,-38,0,13,-75,5000,4900,5000,5000,-41.75,56.51,-218.12,10.077412076172266,-13.93485643291622,62.71985224156925,0.2907031562356055,-0.4089532223578265,0.8650138362348934
,220,0,0.533203125,-0.5339506172839507,-0.533203125,0.5339506172839507,2464,2042,2165,2206,2465,2079,2201,2207,0,-131,-133,0,4900,5000,5000,4700,-33.57,21.93,-186.05,-19.547192549116545,22.70563235276645,54.291858272564546,-0.5180822014284593,0.6125997292380533,0.5969190935968665
,221,0,-0.404296875,-0.03395061728395066,0.404296875,0.03395061728395066,1852,2368,2777,1880,1886,2369,2776,1880,-127,0,14,0,5000,5000,4900,5000,-40.44,40.25,-227.17000000000002,20.209781013732822,1.6740029993412406,61.41416968551459,0.585676905935712,0.031038609912953954,0.8099501012705926
,222,0,0.345703125,0.46604938271604923,-0.345703125,-0.46604938271604923,2341,2694,2288,1554,2341,2695,2310,1586,0,0,-68,-117,5000,4800,4900,5000,-38.14,64.71000000000001,-196.04,-12.487702368942848,-20.63744472535059,59.019930585509556,-0.3215656665192452,-0.5855410725428513,0.7441351856224786
,223,0,-0.029296875,-0.3672839506172839,0.029296875,0.3672839506172839,2097,2151,2532,2097,2099,2183,2533,2098,-15,-108,0,-8,5000,5000,5000,4900,-40.910000000000004,24.560000000000002,-207.09,1.2317849732847037,18.6837169282758,61.74386400537143,0.05412116028900304,0.5274619108397803,0.8478530725439516
,224,0,0.720703125,0.13271604938271597,-0.720703125,-0.13271604938271597,2586,2477,2043,1771,2587,2477,2099,1775,0,0,-269,-19,4900,4900,5100,5000,-33.02,46.39,-175.76,-31.460836256605802,-1.0062195139589107,53.75206695967076,-0.8171105725803606,-0.03170907961006365,0.5756082404271825
,225,0,-0.708984375,0.632716049382716,0.708984375,-0.632716049382716,1654,2802,2975,1446,1707,2802,2974,1486,-248,0,11,-157,4800,4900,5100,4800,-28.0,67.37,-235.11,26.362432157925014,-25.955161688963003,49.082675756373945,0.6803930087306221,-0.6364437325659029,0.3633245504340069
,226,0,0.041015625,-0.6450617283950617,-0.041015625,0.6450617283950617,2143,1969,2486,2279,2144,2026,2486,2279,0,-260,0,0,5100,5100,4800,4700,-33.84,13.22,-207.88,2.819031264364895,29.924370066270484,54.64929099195177,0.09848576210583393,0.7986646987801397,0.5936625755299574
,227,0,-0.333984375,-0.1450617283950617,0.333984375,0.1450617283950617,1898,2295,2731,1953,1925,2299,2730,1954,-87,-11,13,0,5000,4900,5000,4900,-41.11,34.93,-223.70000000000002,17.103327533103112,7.2177947807462886,62.053324953903505,0.5025624984693355,0.19059673056186652,0.8432697204521138
,228,0,0.416015625,0.3549382716049383,-0.416015625,-0.3549382716049383,2387,2621,2242,1627,2388,2622,2269,1648,0,0,-94,-65,5000,4800,5000,4900,-38.97,59.01,-190.91,-17.225497483156005,-14.602115292367984,59.80980151870807,-0.45660983395734833,-0.42161477521975316,0.7834209857093688
,229,0,-0.521484375,-0.4783950617283951,0.521484375,0.4783950617283951,1776,2078,2853,2170,1810,2111,2853,2171,-132,-118,11,0,5100,5000,4900,5000,-33.910000000000004,22.72,-228.17000000000002,22.42146047224884,19.0779206389237,54.84500499223668,0.6367706158428046,0.5001064748727089,0.5868702553286956
,230,0,0.228515625,0.021604938271604923,-0.228515625,-0.021604938271604923,2265,2404,2364,1844,2265,2405,2383,1847,0,0,-54,-16,5000,5000,5000,5000,-43.79,43.410000000000004,-197.17000000000002,-9.950876353047164,0.5539229339375922,64.62170267065815,-0.2720357037326376,-0.008573141348378544,0.9622489683767442
,231,0,-0.146484375,0.5216049382716046,0.146484375,-0.5216049382716046,2021,2730,2608,1518,2027,2731,2607,1556,-19,0,13,-151,5000,4900,5000,4800,-37.89,67.8,-213.20000000000002,4.425799969218929,-24.87834692512746,58.863766604628516,0.12466066610971743,-0.6815257162604713,0.7210980629572743
,232,0,0.603515625,-0.3117283950617284,-0.603515625,0.3117283950617284,2509,2187,2120,2061,2509,2209,2162,2061,0,-54,-171,0,5000,5000,5000,5000,-35.480000000000004,33.5,-180.99,-25.38524787200899,11.508714514660703,56.205687150379056,-0.6780934461333635,0.3114434043605488,0.6657268840833228
,233,0,-0.615234375,0.18827160493827155,0.615234375,-0.18827160493827155,1715,2513,2914,1735,1763,2513,2913,1742,-215,0,15,-26,5000,5000,4900,5000,-35.35,48.14,-235.31,27.82354966428565,-6.761496652544686,56.38498758910061,0.7661714225772653,-0.16976015176254156,0.6198087141203235
,234,0,0.134765625,0.6882716049382713,-0.134765625,-0.6882716049382713,2204,2839,2425,1409,2204,2840,2430,1462,0,0,-16,-238,4900,5000,5000,4900,-33.4,74.85000000000001,-209.61,0.3901801697164444,-31.683000462135567,54.37364822365605,0.008604092446765153,-0.8300829826537535,0.5575735032278848
,235,0,-0.240234375,-0.5895061728395061,0.240234375,0.5895061728395061,1959,2006,2670,2242,1971,2054,2670,2242,-30,-197,0,0,5000,4800,5000,5000,-35.06,16.06,-214.73000000000002,9.455895051407396,26.63238447843625,55.91078612144535,0.2864113636655039,0.7172077289553304,0.6352807287255015
,236,0,0.509765625,-0.08950617283950613,-0.509765625,0.08950617283950613,2448,2332,2181,1916,2449,2334,2221,1916,0,-8,-165,0,4900,5000,4800,4800,-38.71,41.04,-183.85,-23.05598224801514,3.802270473717151,59.469020093351034,-0.6217994265628117,0.0834051998268186,0.778722701459259
,237,0,-0.427734375,0.41049382716049365,0.427734375,-0.41049382716049365,1837,2658,2792,1590,1867,2659,2791,1615,-107,0,13,-86,5000,5000,5000,4900,-37.39,60.56,-226.42000000000002,18.106300085518512,-18.547817135068655,58.41176091317644,0.5101076837752314,-0.4951733262461551,0.7032734375246853
,238,0,0.322265625,-0.42283950617283955,-0.322265625,0.42283950617283955,2326,2114,2303,2134,2326,2147,2324,2136,0,-112,-66,-1,5000,4900,5000,5000,-38.76,24.32,-194.99,-10.81394077745665,19.733022941462664,59.532631763245796,-0.2826646539441396,0.556939552240078,0.7809731292184519
,239,0,-0.052734375,0.07716049382716039,0.052734375,-0.07716049382716039,2082,2440,2547,1808,2088,2440,2547,1816,-20,0,9,-25,5000,5000,5000,5000,-44.68,47.0,-211.02,3.6209695553969254,-3.9593608977319477,65.5901899923301,0.1188115073955561,-0.12602124443477375,0.9848870349748269
,240,0,0.697265625,0.5771604938271602,-0.697265625,-0.5771604938271602,2571,2766,2058,1482,2572,2766,2107,1519,0,0,-218,-142,4700,4700,4900,4800,-29.41,66.78,-181.47,-27.12179541158889,-21.745106855769706,50.222254447800594,-0.6824454517114812,-0.5715708682213624,0.4556039376903913
,241,0,-0.662109375,-0.25617283950617287,0.662109375,0.25617283950617287,1684,2223,2945,2025,1736,2239,2944,2026,-240,-39,15,-13,5000,5000,5000,4900,-33.62,34.56,-236.13,29.566018098947808,6.727288427238101,54.6248225895522,0.806426327129736,0.18182579315851635,0.5626863778823163
,242,0,0.087890625,0.24382716049382713,-0.087890625,-0.24382716049382713,2173,2549,2456,1699,2174,2549,2462,1717,-2,0,-20,-51,5000,5000,4900,4900,-43.29,55.39,-206.73000000000002,-1.218409888595545,-12.044890921700912,64.19989835797432,-0.03415126891154222,-0.35314486172625875,0.9349451307259014
,243,0,-0.287109375,0.7438271604938271,0.287109375,-0.7438271604938271,1929,2875,2700,1373,1945,2876,2699,1427,-42,0,13,-250,5000,5000,4700,4900,-30.96,76.28,-217.13,7.8082994598228765,-33.62384675379771,51.97499821377717,0.21698892551030033,-0.853998586373183,0.47286596481295895
,244,0,0.462890625,-0.7479423868312757,-0.462890625,0.7479423868312757,2418,1902,2211,2346,2419,1963,2235,2346,0,-285,-82,0,4800,5000,5000,5000,-29.05,13.05,-190.94,-14.047581735688226,31.222689176866318,49.77401321591685,-0.36279951689342715,0.8206864914112189,0.44141838810479933
,245,0,-0.474609375,-0.24794238683127579,0.474609375,0.24794238683127579,1807,2228,2822,2020,1844,2235,2821,2021,-148,-14,14,0,5000,4800,5000,4800,-37.97,31.48,-228.28,21.920720645886547,10.342085684794547,58.92762024235638,0.6297765992561318,0.2780888159570558,0.7252916968151399
,246,0,0.275390625,0.2520576131687242,-0.275390625,-0.2520576131687242,2296,2554,2333,1694,2296,2554,2351,1711,0,0,-54,-50,5000,4900,5000,4900,-41.99,54.76,-196.61,-11.266468855898324,-10.73757182467854,62.84759374429931,-0.3028282199707936,-0.32005555490079346,0.8976967811942209
,247,0,-0.099609375,-0.581275720164609,0.099609375,0.581275720164609,2051,2011,2578,2237,2055,2060,2577,2238,-14,-208,0,0,5000,5000,4800,4800,-35.82,15.620000000000001,-207.87,2.6376050688110695,27.5361775035155,56.635272064059116,0.09331259438711366,0.744671538523323,0.6608759788659696
,248,0,0.650390625,-0.08127572016460904,-0.650390625,0.08127572016460904,2540,2337,2089,1911,2540,2338,2140,1911,0,0,-227,0,5000,4800,4800,5000,-34.78,42.07,-177.85,-29.09273470896494,3.1680136655170656,55.51160451920816,-0.7632013540899492,0.07639648928878252,0.641628607170547
,249,0,-0.568359375,0.41872427983539073,0.568359375,-0.41872427983539073,1745,2663,2884,1585,1785,2664,2883,1608,-164,0,14,-78,4800,4900,5000,4900,-34.49,59.61,-232.05,23.801502104718367,-17.987948484781583,55.537631296244086,0.6526956145318036,-0.4638034281892723,0.5990616118320639
,250,0,0.181640625,-0.4146090534979424,-0.181640625,0.4146090534979424,2234,2120,2395,2128,2234,2154,2406,2129,-2,-119,-32,0,5000,5000,5000,4900,-39.83,23.27,-202.13,-3.6246309983513356,20.302179980528628,60.6357569442393,-0.08505685838282512,0.5749348573014769,0.8137660847576373
,251,0,-0.193359375,0.08539094650205759,0.193359375,-0.08539094650205759,1990,2446,2639,1802,2004,2446,2638,1810,-44,0,13,-26,5000,5000,5000,5000,-43.63,45.800000000000004,-217.93,10.60116614602103,-3.2310949656580092,64.5718166381912,0.3218601974454205,-0.10254065118942793,0.9412180555822564
,252,0,0.556640625,0.5853909465020575,-0.556640625,-0.5853909465020575,2479,2772,2150,1476,2480,2772,2188,1514,0,0,-148,-145,5000,4900,5000,4800,-32.32,68.81,-187.48,-21.276538418180564,-24.167461255482053,53.16746578880906,-0.5320620199343834,-0.643168753905379,0.5506759128045691
,253,0,-0.380859375,-0.6923868312757202,0.380859375,0.6923868312757202,1868,1939,2761,2309,1890,1995,2761,2309,-67,-251,0,0,4800,4800,4800,4700,-31.080000000000002,12.88,-219.33,14.279088963412704,29.483541364797922,51.945876929982425,0.41485543274441816,0.7625473407331946,0.496403588890305
,254,0,0.369140625,-0.1923868312757202,-0.369140625,0.1923868312757202,2357,2265,2272,1983,2357,2272,2301,1983,0,-16,-106,0,5000,4900,5000,5000,-41.0,34.07,-190.88,-15.583003976538265,10.288831606027564,61.776620672054875,-0.42229878241501406,0.26162914969620793,0.8678789814254261
,255,0,-0.005859375,0.3076131687242798,0.005859375,-0.3076131687242798,2112,2591,2517,1657,2114,2591,2517,1681,-14,-3,15,-81,5000,5000,5000,4900,-42.46,58.480000000000004,-207.55,-0.6047010532764432,-15.185515337778568,63.381827613730174,-0.0031376882316307966,-0.4515712255279916,0.89222955745016
,256,0,0.744140625,-0.5257201646090535,-0.744140625,0.5257201646090535,2601,2047,2028,2201,2602,2081,2082,2202,0,-120,-254,0,4900,4800,4800,4900,-29.05,25.52,-177.52,-28.27797802703668,19.686145443164598,49.73823512815721,-0.7294013724511657,0.521821710457203,0.442352506901311
,257,0,-0.7470703125,-0.025720164609053464,0.7470703125,0.025720164609053464,1629,2373,3000,1875,1692,2374,2999,1875,-318,0,14,0,5100,4900,4800,5000,-31.35,41.2,-240.19,33.179815718978915,-0.17785469160270395,52.39198464877304,0.8796004941874298,-0.002558067905955589,0.47570624014597296
,258,0,0.0029296875,0.4742798353909463,-0.0029296875,-0.4742798353909463,2118,2699,2511,1549,2119,2700,2512,1586,-3,0,0,-139,5000,5000,4800,5000,-39.1,66.2,-211.53,2.8616986735430885,-23.165915969503516,60.06133387166873,0.0763219447446321,-0.638436625481099,0.765880954192428
,259,0,-0.3720703125,-0.35905349794238683,0.3720703125,0.35905349794238683,1873,2156,2756,2092,1896,2184,2756,2092,-72,-88,0,-2,4900,4800,5000,5000,-38.44,27.04,-223.8,17.74818841981707,15.075425041344836,59.36393819768704,0.5162965194469807,0.4171734597949808,0.7479332914435749
,260,0,0.3779296875,0.14094650205761305,-0.3779296875,-0.14094650205761305,2362,2482,2267,1766,2362,2482,2296,1773,0,0,-108,-25,4900,4900,5000,5000,-41.32,48.89,-190.8,-16.6639935171537,-4.491059859684519,62.13364990734404,-0.456884170552295,-0.13790172947718551,0.8787718519080714
,261,0,-0.5595703125,0.6409465020576128,0.5595703125,-0.6409465020576128,1751,2808,2878,1440,1788,2808,2877,1482,-144,0,12,-174,4900,5000,5100,4900,-30.650000000000002,69.45,-229.99,21.101050701080425,-27.6775611673512,51.71222043224846,0.5511211883997188,-0.6963701020439239,0.45971090554414423
,262,0,0.1904296875,-0.6368312757201646,-0.1904296875,0.6368312757201646,2240,1975,2389,2273,2240,2030,2398,2273,-2,-243,-26,0,5100,5000,5100,4800,-34.28,14.290000000000001,-203.07,-2.054256656399417,29.182444415165335,55.06787332502944,-0.03791117412245398,0.7878969433543987,0.6146390400303684
,263,0,-0.1845703125,-0.13683127572016462,0.1845703125,0.13683127572016462,1996,2301,2633,1947,2008,2306,2632,1948,-35,-11,16,0,5000,5000,5000,5000,-43.07,34.38,-216.81,10.256728136987704,8.236790114004421,63.97736373207577,0.3137161719812963,0.22139487413939496,0.9233452621539808
,264,0,0.5654296875,0.36316872427983515,-0.5654296875,-0.36316872427983515,2485,2627,2144,1621,2486,2628,2185,1642,0,0,-163,-64,4900,4900,4800,5000,-36.08,58.03,-184.22,-23.820118249518032,-13.181451285291004,56.8838331786773,-0.6284618977646489,-0.3751495608617913,0.6813944892962229
,265,0,-0.6533203125,-0.47016460905349794,0.6533203125,0.47016460905349794,1690,2084,2939,2164,1739,2113,2938,2166,-221,-101,15,-5,4800,4900,5000,4900,-31.150000000000002,24.23,-233.51,27.66072001313688,17.20335678866455,52.11563329997577,0.7508986235645356,0.4446648928528781,0.4882872005213985
,266,0,0.0966796875,0.029835390946501894,-0.0966796875,-0.029835390946501894,2179,2409,2450,1839,2179,2411,2458,1843,-7,-9,-25,-17,5000,5000,5000,5000,-44.76,44.17,-203.96,-3.2323688888283186,-0.6594746645971981,65.62764686449071,-0.08888064316473467,-0.03743553513010265,0.995338541391895
,267,0,-0.2783203125,0.5298353909465019,0.2783203125,-0.5298353909465019,1935,2735,2694,1513,1951,2737,2693,1551,-47,-1,11,-153,5000,4900,4900,5000,-37.03,67.03,-219.31,10.577905875071963,-24.524606898796904,58.0324658666645,0.2908623553456313,-0.6636661560137898,0.6891634955543368
,268,0,0.4716796875,-0.30349794238683125,-0.4716796875,0.30349794238683125,2423,2192,2206,2056,2424,2214,2237,2056,0,-57,-118,0,5000,4900,5000,4800,-38.44,31.92,-186.67000000000002,-19.625978249469455,12.710524500553845,59.190124479709475,-0.5323855317598393,0.3482371456687304,0.7715546227904334
,269,0,-0.4658203125,0.19650205761316863,0.4658203125,-0.19650205761316863,1812,2518,2817,1730,1848,2518,2816,1739,-141,0,15,-30,5000,4900,5000,4900,-38.93,49.4,-229.33,21.7549535961694,-7.605111348637934,59.93813492724731,0.6237773755355376,-0.20479013482996844,0.7542962192973797
,270,0,0.2841796875,0.6965020576131686,-0.2841796875,-0.6965020576131686,2301,2844,2328,1404,2301,2845,2343,1454,0,0,-40,-227,5100,4800,5100,4900,-32.93,74.92,-202.39000000000001,-6.815743173880463,-31.26728245791162,53.86763705068747,-0.16493311151381218,-0.8218806080340135,0.5452607952750804
,271,0,-0.0908203125,-0.7294238683127572,0.0908203125,0.7294238683127572,2057,1914,2572,2334,2058,1978,2572,2334,0,-306,0,0,4800,5100,5100,5000,-31.080000000000002,10.23,-207.32,2.475326977743805,32.93742715168478,51.878974337958404,0.08995281865633288,0.8613998931353836,0.49989870426130434
,272,0,0.6591796875,-0.22942386831275718,-0.6591796875,0.22942386831275718,2546,2240,2083,2008,2546,2246,2134,2009,0,-11,-227,0,4900,5000,5000,4700,-34.28,36.47,-178.25,-28.313507987157664,8.726837828770016,54.99947207729823,-0.745696423143008,0.23130684092634557,0.6248471731970926
,273,0,-0.7001953125,0.2705761316872426,0.7001953125,-0.2705761316872426,1660,2566,2969,1682,1716,2567,2968,1695,-264,0,15,-35,4800,5000,5000,4900,-32.76,51.07,-237.91,30.232479370767294,-9.867556192178156,53.815463935681116,0.8127243034347256,-0.24701333685360385,0.5276965207607388
,274,0,0.0498046875,-0.5627572016460906,-0.0498046875,0.5627572016460906,2148,2023,2481,2225,2149,2070,2482,2226,0,-191,-17,0,5000,5000,4800,5000,-36.07,16.12,-208.69,3.4207945359913765,26.982733310599453,56.89064196014184,0.11202960222156683,0.7328611526842462,0.671091572821769
,275,0,-0.3251953125,-0.06275720164609055,0.3251953125,0.06275720164609055,1904,2349,2725,1899,1930,2350,2724,1899,-81,0,13,0,5000,5000,4900,5000,-41.58,38.47,-224.09,17.251386795355984,3.66091082652229,62.53421474485874,0.5100761867766616,0.0863663396131315,0.855782179684299
,276,0,0.4248046875,0.43724279835390933,-0.4248046875,-0.43724279835390933,2393,2675,2236,1573,2394,2676,2262,1601,0,0,-89,-103,5000,5000,5000,4900,-37.45,62.870000000000005,-191.57,-16.820026115457267,-18.50216583421883,58.302884553183574,-0.43910299679498577,-0.5223313912245755,0.730998273559563
,277,0,-0.5126953125,-0.39609053497942387,0.5126953125,0.39609053497942387,1782,2132,2847,2116,1817,2159,2846,2117,-136,-83,14,0,5000,5000,4900,5000,-35.52,26.29,-228.85,22.85132452119953,15.474806643208375,56.46740643247891,0.6491876710602767,0.4105446219136402,0.640319046383223
,278,0,0.2373046875,0.10390946502057619,-0.2373046875,-0.10390946502057619,2271,2458,2358,1790,2271,2458,2376,1796,0,0,-48,-22,5000,5000,5000,5000,-43.56,47.6,-197.20000000000002,-10.202454276925266,-3.629201820119661,64.40244063516036,-0.27771487466242406,-0.12495882434258958,0.9525018323395243
,279,0,-0.1376953125,0.6039094650205761,0.1376953125,-0.6039094650205761,2026,2784,2603,1464,2031,2784,2602,1509,-17,0,13,-194,4900,4900,4900,4700,-35.79,71.38,-212.1,3.096988756164052,-28.38200315173745,56.76732824259715,0.08626253232038877,-0.7594429987645769,0.6448295178922415
,280,0,0.6123046875,-0.6738683127572016,-0.6123046875,0.6738683127572016,2515,1951,2114,2297,2515,2002,2151,2297,0,-212,-139,0,5100,4900,5000,4800,-28.8,17.87,-183.76,-21.535052704127935,26.897171460969453,49.50019760964996,-0.5562305166826337,0.7091403606347039,0.43327538728832987
,281,0,-0.6064453125,-0.1738683127572016,0.6064453125,0.1738683127572016,1721,2277,2908,1971,1767,2282,2907,1972,-206,-12,16,0,5000,5000,5100,4900,-35.34,36.54,-234.73000000000002,28.027359455461976,4.851133538735546,56.3427784717489,0.773518478269843,0.12836547023980951,0.6206379539032554
,282,0,0.1435546875,0.3261316872427984,-0.1435546875,-0.3261316872427984,2210,2603,2419,1645,2210,2604,2428,1667,0,0,-26,-71,5000,5000,4900,5000,-42.0,59.160000000000004,-204.68,-3.511775620375886,-15.671732528395822,62.90916462081461,-0.09388991287984322,-0.45672592661017253,0.8846389728140482
,283,0,-0.2314453125,-0.507201646090535,0.2314453125,0.507201646090535,1965,2059,2664,2189,1976,2099,2664,2190,-29,-156,0,0,5000,5000,5000,4800,-37.09,19.19,-215.02,9.524301179884418,23.495768311878436,57.950114350366576,0.2918675719285505,0.6435593486125242,0.7075624956637798
,284,0,0.5185546875,-0.007201646090534974,-0.5185546875,0.007201646090534974,2454,2385,2175,1863,2455,2386,2216,1863,0,0,-171,0,5000,5000,5000,4700,-38.63,41.88,-183.31,-23.651018605435013,3.00037400480344,59.3884360596209,-0.6373291232129841,0.05817482065295645,0.7683926593523421
,285,0,-0.4189453125,0.4927983539094649,0.4189453125,-0.4927983539094649,1843,2711,2786,1537,1872,2712,2785,1569,-103,0,14,-114,5000,5000,5000,4900,-36.14,64.38,-225.18,16.6175143475715,-22.279055092356046,57.16521354841909,0.46203984902090917,-0.5912733377914424,0.6609954749721839
,286,0,0.3310546875,-0.34053497942386834,-0.3310546875,0.34053497942386834,2332,2168,2297,2080,2332,2194,2316,2080,0,-77,-64,0,5000,4900,5000,4900,-39.95,28.2,-193.28,-12.78748639210778,15.98059205720876,60.7238413022392,-0.34374084739459254,0.4448530354475769,0.8270114912657041
,287,0,-0.0439453125,0.15946502057613166,0.0439453125,-0.15946502057613166,2087,2494,2542,1754,2092,2494,2543,1766,-18,-3,0,-35,5000,5000,5000,5000,-44.24,51.370000000000005,-210.07,2.3805083586019293,-8.256586233602974,65.15647299705073,0.07902485687597477,-0.24633524836014387,0.965957565015709
,288,0,0.7060546875,0.6594650205761314,-0.7060546875,-0.6594650205761314,2576,2820,2053,1428,2577,2821,2102,1471,0,0,-218,-178,5000,4800,5000,4700,-27.59,70.0,-182.11,-26.69166007136519,-25.00612574725774,48.41362530437489,-0.6549309888295465,-0.6462052553819576,0.3917705550286944
,289,0,-0.7236328125,-0.6183127572016461,0.7236328125,0.6183127572016461,1644,1987,2985,2261,1697,2033,2984,2261,-240,-189,14,0,5000,5000,5100,5000,-26.77,19.38,-234.22,28.71739467019711,21.981895203632412,47.72701059053685,0.7648832512778839,0.5452451280138583,0.34301802036004636
,290,0,0.0263671875,-0.11831275720164613,-0.0263671875,0.11831275720164613,2133,2313,2496,1935,2134,2319,2501,1936,0,-13,-17,0,5000,5000,5000,5000,-44.19,34.85,-208.31,1.7390724189733362,8.344285708255214,65.0559209936961,0.05334075650755435,0.22154586590245448,0.9736899881362308
,291,0,-0.3486328125,0.38168724279835375,0.3486328125,-0.38168724279835375,1889,2639,2740,1609,1913,2640,2739,1636,-77,-1,13,-90,5000,5000,5000,5000,-39.12,59.410000000000004,-223.38,15.142469508878264,-17.19048359681139,60.123588585255156,0.43219047166050517,-0.4761588752804334,0.7658225131827499
,292,0,0.4013671875,-0.4516460905349794,-0.4013671875,0.4516460905349794,2378,2096,2251,2152,2379,2129,2277,2153,0,-117,-90,0,5000,4900,4900,4900,-37.24,23.77,-191.39000000000001,-14.361258005643862,20.5202004001819,57.9932188455754,-0.3835394070291791,0.5674302068569868,0.7286429054083642
,293,0,-0.5361328125,0.048353909465020384,0.5361328125,-0.048353909465020384,1766,2422,2863,1826,1808,2423,2862,1828,-177,0,14,-16,5000,4900,5000,5000,-37.36,41.550000000000004,-232.62,25.574499558792894,0.0006273699633183583,58.364824028608425,0.7198285388360149,-0.003533671253522324,0.6941429160084257
,294,0,0.2138671875,0.5483539094650203,-0.2138671875,-0.5483539094650203,2255,2747,2374,1501,2255,2748,2386,1539,-5,0,-32,-152,5000,4900,5100,4800,-37.230000000000004,69.04,-203.96,-4.873499264729617,-25.494279080986274,58.16058715607827,-0.12202005085096014,-0.6999746101234305,0.7036665775584914
,295,0,-0.1611328125,-0.28497942386831276,0.1611328125,0.28497942386831276,2011,2204,2618,2044,2017,2231,2618,2045,-20,-79,0,-7,4900,4900,5000,4900,-41.92,29.16,-215.06,8.86838545179782,13.559614507004504,62.80542300415347,0.2678088426096781,0.3901486385145691,0.880944075231392
,296,0,0.5888671875,0.21502057613168712,-0.5888671875,-0.21502057613168712,2500,2530,2129,1718,2500,2530,2174,1727,0,0,-188,-30,5000,4800,5000,5000,-36.64,51.120000000000005,-181.66,-25.910875984852538,-6.112968622179544,57.41353586267244,-0.688592260519167,-0.1752667822243278,0.7036492406034649
,297,0,-0.6298828125,0.715020576131687,0.6298828125,-0.715020576131687,1705,2856,2924,1392,1750,2857,2923,1437,-192,0,13,-193,4900,4700,5000,4600,-27.82,71.72,-231.3,22.268610703936076,-30.038817006925456,48.89456635486276,0.5717306978128662,-0.7395167940140712,0.355301168798476
,298,0,0.1201171875,-0.7109053497942387,-0.1201171875,0.7109053497942387,2194,1927,2435,2321,2194,1989,2438,2321,0,-291,-18,0,4800,4700,4800,4800,-31.8,11.01,-206.47,1.571182174415867,32.218586293731555,52.596672042812,0.06299906681537068,0.8481968038695474,0.5259213814686343
,299,0,-0.2548828125,-0.2109053497942387,0.2548828125,0.2109053497942387,1950,2253,2679,1995,1969,2260,2678,1996,-59,-14,14,0,5000,5000,4900,5000,-41.660000000000004,31.27,-219.23000000000002,12.887773974312296,11.172467312796769,62.57166206159667,0.3867262619194579,0.3063335753374332,0.8698290285813578
,300,0,0.4951171875,0.2890946502057612,-0.4951171875,-0.2890946502057612,2439,2578,2190,1670,2440,2579,2225,1688,0,0,-139,-55,4900,5000,4900,4900,-38.13,55.04,-186.41,-21.443356809918498,-10.34009974411451,58.93722707140383,-0.5704918311890032,-0.3082651730678387,0.7612566279646258
,301,0,-0.4423828125,-0.5442386831275721,0.4423828125,0.5442386831275721,1828,2035,2801,2213,1860,2073,2801,2214,-115,-136,12,0,5000,4900,5100,5000,-33.97,18.8,-223.21,17.736933294114237,23.323644191393228,54.87023658599536,0.5122484943604063,0.6200197574927835,0.5942869511810663
,302,0,0.3076171875,-0.044238683127572065,-0.3076171875,0.044238683127572065,2317,2361,2312,1887,2317,2362,2336,1887,0,-1,-76,0,5000,5000,4900,4900,-42.83,40.4,-192.93,-13.973504220828517,3.8402510161983656,63.632858510492724,-0.3827575401108769,0.07609177982953098,0.920709892708145
,303,0,-0.0673828125,0.4557613168724277,0.0673828125,-0.4557613168724277,2072,2687,2557,1561,2076,2687,2557,1597,-15,0,13,-136,4900,5000,4900,5000,-39.68,65.14,-209.59,0.99483560119603,-21.975846009492415,60.628921538365205,0.033856101802013705,-0.6147136621042756,0.7880233993944105
,304,0,0.6826171875,-0.3775720164609053,-0.6826171875,0.3775720164609053,2561,2144,2068,2104,2562,2169,2117,2104,0,-73,-220,0,4900,4900,4800,4800,-32.67,31.5,-178.23,-27.9904511933849,13.682249925036409,53.37684295634238,-0.736154982801659,0.36630707800341655,0.5691177083002139
,305,0,-0.6767578125,0.12242798353909468,0.6767578125,-0.12242798353909468,1675,2470,2954,1778,1732,2470,2953,1781,-276,0,14,-18,5100,4800,4800,5000,-33.78,44.56,-237.64000000000001,30.39727661027655,-3.3512792718716113,54.81765003004204,0.8233676990461724,-0.08238950236682555,0.5614958611309245
,306,0,0.0732421875,0.6224279835390945,-0.0732421875,-0.6224279835390945,2164,2796,2465,1452,2166,2796,2466,1501,-1,0,-13,-218,5000,5000,5000,4900,-35.24,72.44,-211.42000000000002,2.349704387342655,-29.39530000667274,56.21660548485655,0.06092006329230982,-0.7795062394197826,0.6234250304520101
,307,0,-0.3017578125,-0.6553497942386831,0.3017578125,0.6553497942386831,1919,1963,2710,2285,1935,2019,2710,2285,-42,-250,0,0,4800,4800,5000,4900,-32.94,13.83,-216.66,11.542135829547504,28.721083766665537,53.79486204459956,0.3442051613360435,0.7552229004158377,0.5578182298895564
,308,0,0.4482421875,-0.15534979423868311,-0.4482421875,0.15534979423868311,2408,2289,2221,1959,2409,2294,2254,1960,0,-12,-126,0,4900,5000,5000,5000,-39.93,37.21,-186.86,-19.800428802621298,7.424034752905698,60.69441605800008,-0.5389207909868403,0.1865408584245896,0.8214419572802052
,309,0,-0.4892578125,0.3446502057613168,0.4892578125,-0.3446502057613168,1797,2615,2832,1633,1833,2616,2831,1654,-142,0,12,-65,5000,5000,5000,5000,-37.22,56.47,-229.47,21.426014964922672,-14.673316463057532,58.24672254779448,0.6032445602707823,-0.3915933646960759,0.6948025886751695
,310,0,0.2607421875,-0.4886831275720165,-0.2607421875,0.4886831275720165,2286,2071,2343,2177,2286,2107,2358,2178,0,-133,-41,0,5000,5000,5000,5000,-37.67,20.35,-198.82,-6.719660639380294,23.432566012891833,58.451821320293966,-0.16991224742007316,0.6520528488716646,0.738888970316248
,311,0,-0.1142578125,0.011316872427983515,0.1142578125,-0.011316872427983515,2042,2397,2587,1851,2054,2398,2586,1855,-33,-5,14,-19,5000,5000,5000,5000,-44.53,42.43,-213.91,6.813330636259309,0.40489231028466577,65.44313671725018,0.21311648288658702,-0.006781680193920322,0.9770032617836023
,312,0,0.6357421875,0.5113168724279833,-0.6357421875,-0.5113168724279833,2530,2723,2099,1525,2530,2724,2142,1556,0,0,-177,-113,4800,4800,5000,4900,-32.36,64.22,-183.29,-25.147539296013093,-19.30525008680405,53.174865451140526,-0.6498291022156304,-0.5289227682222813,0.5458597284739973
,313,0,-0.5830078125,-0.3220164609053498,0.5830078125,0.3220164609053498,1736,2180,2893,2068,1779,2199,2892,2068,-181,-51,14,-2,5000,4800,5000,4800,-34.88,30.16,-232.45000000000002,26.1851396961182,11.36902678055953,55.855239707681314,0.7267320952360071,0.3060265819494386,0.6149863355345604
,314,0,0.1669921875,0.17798353909465003,-0.1669921875,-0.17798353909465003,2225,2506,2404,1742,2225,2506,2416,1753,0,0,-32,-33,5000,5000,5000,5000,-43.64,51.92,-201.68,-6.024485195630149,-8.241242750147222,64.51581089357308,-0.16594829063394986,-0.2506804652252501,0.9537402524744993
,315,0,-0.2080078125,0.67798353909465,0.2080078125,-0.67798353909465,1980,2832,2649,1416,1990,2833,2648,1469,-26,0,12,-239,5000,4800,4900,4600,-33.59,73.83,-214.78,5.616227644933048,-31.013437661146995,54.586987020677405,0.14913653961345616,-0.8106921033047149,0.5661595236251897
,316,0,0.5419921875,-0.5997942386831276,-0.5419921875,0.5997942386831276,2469,1999,2160,2249,2470,2047,2196,2249,0,-195,-138,0,4800,4700,4900,4800,-32.22,19.92,-186.28,-19.175619725977583,24.69167878600807,52.937955321052605,-0.5087222241972025,0.6648997265196841,0.5469095467094175
,317,0,-0.3955078125,-0.09979423868312765,0.3955078125,0.09979423868312765,1858,2325,2771,1923,1891,2328,2771,1924,-116,-11,6,0,5000,4900,5000,5000,-40.53,38.27,-226.31,19.48486818357432,3.7077412323901413,61.49485542221398,0.5717374473876942,0.09268269565744727,0.8151847699633948
,318,0,0.3544921875,0.40020576131687235,-0.3544921875,-0.40020576131687235,2347,2651,2282,1597,2347,2652,2306,1622,-1,0,-75,-88,5000,5000,5000,4800,-39.11,61.81,-194.68,-13.65366720416506,-17.649570342243706,59.97577192893372,-0.3573451271796963,-0.5046800642644264,0.7858768941857117
,319,0,-0.0205078125,-0.4331275720164609,0.0205078125,0.4331275720164609,2103,2108,2526,2140,2104,2146,2527,2141,0,-144,0,0,5000,5000,5000,5000,-39.68,21.78,-206.15,0.48739371340670345,21.517252654245667,60.50214868297678,0.03519350472516817,0.6007066201218834,0.7986945434688426
,320,0,0.7294921875,0.06687242798353898,-0.7294921875,-0.06687242798353898,2592,2434,2037,1814,2593,2434,2096,1816,0,0,-291,-9,5100,4800,4700,5000,-32.31,44.17,-175.14000000000001,-31.92624504573422,1.248499575917677,53.03336223257616,-0.8250159080213345,0.03373910042558996,0.564101431140007
,321,0,-0.7353515625,0.5668724279835389,0.7353515625,-0.5668724279835389,1637,2760,2992,1488,1694,2760,2991,1524,-268,0,12,-141,5100,5000,4700,5000,-28.59,64.32000000000001,-236.73000000000002,28.181599358982425,-23.01968058403665,49.673083562231284,0.7293181321762564,-0.5666024682462054,0.38347973226266413
,322,0,0.0146484375,-0.2664609053497943,-0.0146484375,0.2664609053497943,2126,2216,2503,2032,2128,2240,2505,2033,-1,-69,-14,0,5000,5000,5000,5000,-42.63,29.03,-208.95000000000002,2.777710330260419,14.103393165667192,63.48445270473224,0.08786671235102778,0.4087927775299741,0.9083875306827753
,323,0,-0.3603515625,0.23353909465020573,0.3603515625,-0.23353909465020573,1881,2542,2748,1706,1907,2542,2747,1722,-86,0,12,-47,5000,4900,5000,5000,-40.56,52.07,-224.99,17.23691848260222,-9.971682371677744,61.55309632167211,0.5023236682433998,-0.27772247833527075,0.8188657749288405
,324,0,0.3896484375,0.7335390946502056,-0.3896484375,-0.7335390946502056,2370,2868,2259,1380,2371,2870,2281,1430,0,-1,-71,-224,5100,4800,5000,5000,-31.01,75.7,-198.0,-11.239029502992793,-31.754939159858026,51.92762957860521,-0.2752162720575525,-0.8315834577249225,0.4824157506062641
,325,0,-0.5478515625,-0.7417695473251029,0.5478515625,0.7417695473251029,1759,1906,2870,2342,1790,1965,2870,2342,-115,-270,0,0,5100,4900,4700,4800,-27.36,12.84,-225.93,20.884651725940103,29.06772673768928,48.258921711079736,0.5820386047598296,0.7256913995601334,0.36688289027111437
,326,0,0.2021484375,-0.24176954732510292,-0.2021484375,0.24176954732510292,2248,2232,2381,2016,2248,2242,2396,2017,0,-24,-45,0,5000,5000,5000,5000,-42.2,29.85,-200.06,-6.145171826809019,13.883557300060112,63.01196333633847,-0.16366703736233362,0.37549814251601016,0.9122577737942617
,327,0,-0.1728515625,0.25823045267489686,0.1728515625,-0.25823045267489686,2003,2558,2626,1690,2013,2558,2625,1710,-28,0,13,-61,5000,5000,5000,5000,-42.54,54.95,-216.37,8.43282506406041,-12.258139732333504,63.497126109379074,0.24997341510820953,-0.36492194560345137,0.896852978673835
,328,0,0.5771484375,-0.5751028806584362,-0.5771484375,0.5751028806584362,2492,2015,2137,2233,2493,2056,2175,2234,0,-153,-150,0,4800,4700,5000,5000,-31.89,20.89,-184.59,-20.925584388750394,23.83691781616904,52.60193841152827,-0.5510610534733542,0.6366798225356307,0.539416832255756
,329,0,-0.6416015625,-0.07510288065843629,0.6416015625,0.07510288065843629,1698,2341,2931,1907,1751,2342,2930,1907,-241,0,15,0,5100,4800,5000,4700,-34.51,40.34,-236.5,29.54100328032976,0.9380623391979697,55.53126374065084,0.8077355741264705,0.019475697809201536,0.5892231661140169
,330,0,0.1083984375,0.4248971193415636,-0.1083984375,-0.4248971193415636,2187,2667,2442,1581,2187,2668,2448,1612,0,0,-20,-115,5000,5000,5000,4900,-40.27,63.81,-208.0,-0.5046651575806322,-20.539966506357004,61.207581651820306,-0.011934894665465436,-0.581209956127439,0.8136661140711617
,331,0,-0.2666015625,-0.40843621399176955,0.2666015625,0.40843621399176955,1942,2124,2687,2124,1956,2158,2687,2125,-37,-113,0,0,5000,5000,5000,5000,-38.97,23.87,-218.37,12.54187796523857,18.605898315595567,59.85870067640585,0.3721735746665673,0.5143452465408348,0.7726162033511573
,332,0,0.4833984375,0.09156378600823034,-0.4833984375,-0.09156378600823034,2431,2450,2198,1798,2431,2450,2234,1802,0,0,-142,-18,5000,4800,5000,5000,-39.410000000000004,45.51,-185.27,-21.944121616760157,-0.7512961366174693,60.187419050693656,-0.5941194837288,-0.04253222156235381,0.8032515478869581
,333,0,-0.4541015625,0.5915637860082303,0.4541015625,-0.5915637860082303,1820,2776,2809,1472,1849,2776,2808,1512,-104,0,12,-160,4900,4900,4700,5000,-33.46,68.41,-225.98000000000002,17.15680299671024,-26.361474941765763,54.499446130571904,0.46272934264749666,-0.6837820660428895,0.5642017738461421
,334,0,0.2958984375,-0.6862139917695473,-0.2958984375,0.6862139917695473,2309,1943,2320,2305,2309,1998,2335,2305,0,-243,-43,0,4900,5100,5100,4700,-32.27,13.09,-198.34,-6.682776501845495,30.692943721283736,53.031161296654396,-0.15872873194749654,0.8199049697543518,0.5500554792259189
,335,0,-0.0791015625,-0.18621399176954734,0.0791015625,0.18621399176954734,2064,2269,2565,1979,2070,2277,2564,1980,-21,-17,14,0,5000,5000,5000,5000,-43.160000000000004,31.330000000000002,-210.82,4.485731278484053,11.684044617964872,64.02962886448228,0.14884373125025452,0.31730659376396414,0.9365693082849835
,336,0,0.6708984375,0.31378600823045266,-0.6708984375,-0.31378600823045266,2553,2595,2076,1653,2553,2596,2124,1670,0,0,-211,-54,5000,4800,5000,4800,-33.54,55.09,-178.99,-28.82756780695965,-9.902716235278831,54.31022765305779,-0.7457077061739767,-0.279744692736834,0.6047006894640682
,337,0,-0.6884765625,-0.5195473251028806,0.6884765625,0.5195473251028806,1667,2051,2962,2197,1722,2082,2961,2198,-262,-110,13,0,5100,4900,5100,4900,-29.400000000000002,21.77,-233.59,27.91492181212874,19.64734928371962,50.359847968705516,0.7484644931717684,0.5037669431289539,0.4313000921303379
,338,0,0.0615234375,-0.019547325102880708,-0.0615234375,0.019547325102880708,2156,2377,2473,1871,2157,2380,2478,1873,-1,-10,-18,-18,5000,5000,5000,5000,-44.77,40.88,-205.86,-1.114852126607218,2.494918620783153,65.6388612686226,-0.02648848331213988,0.053256504387140836,0.9982294851346983
,339,0,-0.3134765625,0.48045267489711896,0.3134765625,-0.48045267489711896,1912,2703,2717,1545,1932,2704,2716,1581,-54,0,14,-137,5000,5000,5100,4900,-37.69,64.31,-220.88,12.324590439880353,-21.91480120680997,58.69345548922504,0.3549304831572708,-0.5980787884161836,0.7185583587798396
,340,0,0.4365234375,-0.352880658436214,-0.4365234375,0.352880658436214,2401,2160,2228,2088,2402,2184,2256,2088,0,-68,-103,0,5000,4900,4900,4800,-38.39,28.650000000000002,-188.67000000000002,-17.409749537401865,15.838048104290465,59.1418916705688,-0.4693089634360782,0.4351653054217596,0.7683620590553258
,341,0,-0.5009765625,0.14711934156378592,0.5009765625,-0.14711934156378592,1789,2486,2840,1762,1829,2487,2839,1768,-165,0,15,-24,5000,5000,5000,5000,-38.21,46.32,-230.72,23.353000006533307,-4.627932399696263,59.21733455522915,0.6697660192174961,-0.12720735553128357,0.7315953582413481
,342,0,0.2490234375,0.6471193415637857,-0.2490234375,-0.6471193415637857,2278,2812,2351,1436,2278,2813,2364,1484,0,0,-33,-214,5000,5000,5000,5000,-34.49,72.83,-203.36,-5.714527672531204,-29.243004691736814,55.42719594504142,-0.1365131926672027,-0.7842471741692989,0.6052441805050892
,343,0,-0.1259765625,-0.6306584362139918,0.1259765625,0.6306584362139918,2034,1979,2595,2269,2036,2036,2595,2269,-12,-260,0,0,5000,4800,5100,4900,-34.42,14.01,-209.41,4.289440237274135,29.034649590362744,55.23894760994101,0.1374960860642298,0.7763781432338471,0.6150868272250533
,344,0,0.6240234375,-0.13065843621399176,-0.6240234375,0.13065843621399176,2523,2305,2106,1943,2523,2307,2153,1944,0,-7,-208,0,5000,4900,5100,4800,-35.6,40.59,-178.95000000000002,-27.89938675912586,4.572800490838439,56.33336765175818,-0.7355818544039698,0.1124571846910631,0.6680364638872464
,345,0,-0.5947265625,0.369341563786008,0.5947265625,-0.369341563786008,1728,2631,2901,1617,1773,2633,2900,1637,-194,0,15,-61,4800,4800,5000,5000,-34.45,56.76,-233.14000000000001,25.081436105098305,-15.218069927506235,55.49589722601772,0.6954780936892839,-0.3982355910939868,0.5980958411361363
,346,0,0.1552734375,-0.4639917695473251,-0.1552734375,0.4639917695473251,2217,2088,2412,2160,2217,2126,2421,2161,0,-145,-25,0,4900,5000,5000,5000,-38.84,20.87,-203.75,-1.8416734078240609,22.584627271982008,59.6478315461862,-0.032147225555714455,0.6299799942388978,0.7759457215216976
,347,0,-0.2197265625,0.03600823045267476,0.2197265625,-0.03600823045267476,1973,2413,2656,1835,1990,2414,2655,1839,-55,-2,16,-17,5000,5000,5000,5000,-43.32,42.85,-219.3,12.168508797388,-0.3810988473894241,64.2612379218245,0.3680911296815868,-0.02600465148133659,0.9294259940151597
,348,0,0.5302734375,0.5360082304526745,-0.5302734375,-0.5360082304526745,2462,2739,2167,1509,2463,2740,2203,1541,0,0,-136,-120,5000,4800,4900,5000,-33.93,66.68,-188.19,-20.432271268942685,-22.08559793634322,54.775619419884784,-0.519949670760997,-0.6051750146209911,0.602839565352187
,349,0,-0.4072265625,-0.2973251028806585,0.4072265625,0.2973251028806585,1851,2196,2778,2052,1879,2218,2777,2052,-93,-58,14,0,5000,4900,5000,5000,-38.79,30.11,-225.49,19.22555365275676,11.899456892871356,59.73015983601965,0.5644376133960421,0.3238639425030237,0.7592906738069279
,350,0,0.3427734375,0.2026748971193415,-0.3427734375,-0.2026748971193415,2339,2522,2290,1726,2339,2522,2315,1737,0,0,-81,-35,5000,5000,5000,5000,-41.62,52.33,-192.99,-14.712488213755933,-8.070046056879278,62.45331356042291,-0.39730395615765385,-0.24493176821882892,0.8843969670564648
,351,0,-0.0322265625,0.7026748971193415,0.0322265625,-0.7026748971193415,2095,2848,2534,1400,2096,2849,2534,1454,0,0,13,-252,5000,4900,5100,5000,-32.77,75.49,-208.26,-0.9968544731544284,-32.2323004403859,53.738506953252134,-0.022365041658765513,-0.8432401294600609,0.5370715864573191
,352,0,0.7177734375,-0.7232510288065843,-0.7177734375,0.7232510288065843,2584,1919,2045,2329,2585,1972,2093,2329,0,-233,-216,0,5100,5000,4900,4900,-25.490000000000002,17.38,-180.45000000000002,-24.788432586658985,27.599812284983837,46.17241828818491,-0.6302532083837408,0.7061068894053052,0.3227908828581831
,353,0,-0.7119140625,-0.22325102880658443,0.7119140625,0.22325102880658443,1652,2244,2977,2004,1709,2251,2976,2004,-270,-16,14,16,5000,4800,5100,4800,-31.95,35.050000000000004,-237.93,31.336915086338877,6.112244202718692,52.965110427177486,0.8469864411429443,0.1577621292616672,0.507666306830417
,354,0,0.0380859375,0.27674897119341546,-0.0380859375,-0.27674897119341546,2141,2570,2488,1678,2142,2571,2490,1700,0,0,-14,-69,5000,5000,5000,5000,-42.84,56.870000000000005,-209.5,1.4475956265698926,-13.709604907531443,63.76753053020772,0.042807250299972774,-0.4019436663905247,0.9146632322173543
,355,0,-0.3369140625,-0.5565843621399177,0.3369140625,0.5565843621399177,1896,2027,2733,2221,1916,2071,2733,2222,-59,-175,0,0,5000,4800,4800,5000,-35.02,17.79,-219.36,13.958799114070587,24.593978044361307,55.89836791009221,0.407480302972251,0.657891227493919,0.633355299556408
,356,0,0.4130859375,-0.0565843621399178,-0.4130859375,0.0565843621399178,2385,2353,2244,1895,2386,2354,2276,1895,0,0,-118,0,5000,4900,5000,4800,-40.7,40.95,-188.07,-18.849186288243658,3.613165337346487,61.47991715691456,-0.5143457667919428,0.07667899723119563,0.854147975216722
,357,0,-0.5244140625,0.4434156378600822,0.5244140625,-0.4434156378600822,1774,2679,2855,1569,1810,2680,2854,1598,-141,0,14,-101,5000,4900,4900,5000,-35.02,60.7,-230.22,21.89960874534725,-18.950536276323973,56.06120210631055,0.6077850283676275,-0.49554097826289273,0.6205130926535061
,358,0,0.2255859375,-0.389917695473251,-0.2255859375,0.389917695473251,2263,2136,2366,2112,2263,2166,2380,2114,0,-99,-35,0,5000,4900,5000,4900,-40.07,24.51,-199.71,-6.123890338356716,19.228893729884028,60.86675342813681,-0.15860756265390868,0.5408292260998091,0.826043212710611
,359,0,-0.1494140625,0.11008230452674894,0.1494140625,-0.11008230452674894,2019,2462,2610,1786,2031,2462,2609,1795,-33,0,15,-28,5000,5000,5000,5000,-43.92,47.71,-215.42000000000002,7.966678959249975,-4.9666408680966825,64.85405356573153,0.2481757850121377,-0.15522744099582425,0.9561972711190393
,360,0,0.6005859375,0.6100823045267489,-0.6005859375,-0.6100823045267489,2508,2788,2121,1460,2508,2788,2161,1500,0,0,-158,-162,5000,4700,5000,5000,-31.060000000000002,68.82000000000001,-186.13,-22.61803501043636,-24.089998796298374,51.90074306445963,-0.5749011238536172,-0.644475475418014,0.5041230597548306
,361,0,-0.6181640625,-0.6676954732510288,0.6181640625,0.6676954732510288,1713,1955,2916,2293,1756,2006,2916,2293,-178,-215,0,0,4800,4800,5000,5000,-28.0,16.080000000000002,-229.61,24.334593787277583,25.588773757498522,48.92554449424603,0.6651726034562384,0.6382345148362246,0.38755917184737043
,362,0,0.1318359375,-0.16769547325102885,-0.1318359375,0.16769547325102885,2202,2281,2427,1967,2202,2288,2438,1968,0,-14,-29,0,5000,5000,5000,4900,-43.47,32.94,-203.01,-3.416484829465844,10.60529267961865,64.30453764711989,-0.08868475957307483,0.28328951481112574,0.9549251615794517
,363,0,-0.2431640625,0.33230452674897126,0.2431640625,-0.33230452674897126,1957,2607,2672,1641,1973,2609,2671,1664,-46,-1,13,-78,5000,5000,5000,5000,-40.95,57.870000000000005,-218.96,10.827620742046605,-15.35068933314561,61.92751130720131,0.31383193212503274,-0.4442285500012477,0.8391486839306002
,364,0,0.5068359375,-0.5010288065843621,-0.5068359375,0.5010288065843621,2446,2063,2183,2185,2447,2097,2217,2186,0,-120,-131,0,4900,5000,5000,4900,-34.65,22.64,-187.1,-18.55270441798592,21.929528812262667,55.37889858987471,-0.4911589581835306,0.5946131763309713,0.6365516855131731
,365,0,-0.4306640625,-0.0010288065843622185,0.4306640625,0.0010288065843622185,1835,2389,2794,1859,1871,2390,2793,1859,-138,-2,13,3,5000,5000,5000,5000,-39.71,40.18,-228.16,21.205763310407093,1.674993206520412,60.68896744875496,0.6156899434976136,0.030983259494796207,0.7873791533352807
,366,0,0.3193359375,0.49897119341563756,-0.3193359375,-0.49897119341563756,2324,2715,2305,1533,2324,2716,2324,1566,0,0,-58,-127,5000,5000,4900,4900,-37.660000000000004,66.33,-197.75,-10.88856860702171,-22.370440978327053,58.55260286468249,-0.27765545262416735,-0.628524147024816,0.7265430794074058
,367,0,-0.0556640625,-0.3343621399176955,0.0556640625,0.3343621399176955,2080,2172,2549,2076,2082,2201,2550,2076,-14,-91,0,0,5000,5000,5000,5000,-41.53,26.1,-208.64000000000001,2.671366515161253,17.044472495349815,62.37551475808969,0.0947598402463462,0.48496313458609674,0.8693856053379964
,368,0,0.6943359375,0.16563786008230452,-0.6943359375,-0.16563786008230452,2569,2498,2060,1750,2570,2498,2114,1756,0,0,-246,-22,5000,4800,4800,4800,-33.85,47.76,-176.94,-30.379955637894,-2.4502993649404914,54.59143009448322,-0.7925044131851322,-0.07632795703820063,0.6050709033299014
,369,0,-0.6650390625,0.6656378600823043,0.6650390625,-0.6656378600823043,1682,2824,2947,1424,1732,2825,2946,1468,-224,0,12,-182,4900,5000,4800,5000,-28.09,69.25,-232.72,23.850660098389966,-27.669440233808444,49.16544164078161,0.6286076023132526,-0.6822235350714938,0.3733946042841788
,370,0,0.0849609375,-0.6121399176954733,-0.0849609375,0.6121399176954733,2171,1991,2458,2257,2172,2045,2459,2257,-1,-237,-16,0,5100,5000,5100,4900,-34.92,14.49,-207.25,2.0995924563146104,28.702839382266454,55.72932367178502,0.0782060041899147,0.7707616317132857,0.6323055653616537
,371,0,-0.2900390625,-0.11213991769547327,0.2900390625,0.11213991769547327,1927,2317,2702,1931,1951,2320,2701,1932,-76,-9,16,0,5000,5000,5000,4900,-41.93,36.08,-221.84,15.166054660945264,6.198195890279379,62.866892358216155,0.4531928915748522,0.15838589284531657,0.8772286543277165
,372,0,0.4599609375,0.3878600823045266,-0.4599609375,-0.3878600823045266,2416,2643,2213,1605,2417,2644,2243,1630,0,0,-111,-81,4900,4900,4900,4900,-37.67,60.300000000000004,-189.15,-19.062199798965224,-15.774198423406048,58.50425728849715,-0.500308875509139,-0.4439239278740579,0.7433858858948349
,373,0,-0.4775390625,-0.4454732510288066,0.4775390625,0.4454732510288066,1805,2100,2824,2148,1838,2131,2824,2149,-126,-107,0,0,5000,5000,5000,5000,-35.22,23.400000000000002,-226.63,20.83278973785741,18.507070320348475,56.14898168354322,0.5934578679164458,0.48926072853890196,0.6390866126884909
,374,0,0.2724609375,0.05452674897119314,-0.2724609375,-0.05452674897119314,2294,2426,2335,1822,2294,2427,2356,1826,0,0,-63,-18,5000,5000,5000,4900,-43.2,44.730000000000004,-195.05,-12.152208436736402,-0.6217846869809165,64.02441827655886,-0.3323894307518306,-0.04084012293382223,0.9422575819186723
,375,0,-0.1025390625,0.5545267489711931,0.1025390625,-0.5545267489711931,2049,2751,2580,1497,2054,2751,2579,1538,-16,0,13,-171,4900,5000,5000,5000,-37.13,69.5,-210.8,1.9202987316935776,-26.414791213741466,58.09604106985432,0.05421170560274683,-0.7162594848847791,0.6957251190579741
,376,0,0.6474609375,-0.27880658436213995,-0.6474609375,0.27880658436213995,2538,2208,2091,2040,2538,2227,2137,2041,0,-48,-195,0,5000,4700,4800,5000,-34.49,35.57,-178.91,-27.595327339279862,9.580876497330102,55.21050408818266,-0.7324039551105106,0.2500227808412303,0.6333032887952648
,377,0,-0.5712890625,0.22119341563785988,0.5712890625,-0.22119341563785988,1744,2534,2885,1714,1787,2534,2884,1723,-182,0,14,-27,4800,5000,5000,4800,-36.15,49.870000000000005,-233.32,25.71754931744482,-8.35106301957056,57.17936867140717,0.7220384276283031,-0.21588321009819197,0.65730886851293
,378,0,0.1787109375,0.7211934156378599,-0.1787109375,-0.7211934156378599,2233,2860,2396,1388,2233,2861,2404,1442,0,0,-21,-248,5000,4900,4700,4700,-32.27,75.99,-207.57,-1.7165848568150466,-32.68605714634218,53.236318715003335,-0.03609448231161493,-0.8525572848648031,0.5213859073379453
,379,0,-0.1962890625,-0.7047325102880658,0.1962890625,0.7047325102880658,1988,1931,2641,2317,1994,1992,2641,2317,-18,-287,0,0,5100,4900,5000,4700,-31.98,11.47,-211.46,6.5178622471997585,31.423634658022223,52.802847100483504,0.2027264857123555,0.8243790361651878,0.5284895237581109
,380,0,0.5537109375,-0.20473251028806594,-0.5537109375,0.20473251028806594,2477,2257,2152,1991,2478,2263,2197,1992,0,-13,-191,0,4800,4900,5100,4700,-37.28,36.12,-182.63,-23.934420723972522,8.789236612646633,58.020498580521995,-0.6430495329592472,0.22321462924208402,0.7325725407447459
,381,0,-0.3837890625,0.29526748971193406,0.3837890625,-0.29526748971193406,1866,2582,2763,1666,1894,2583,2762,1684,-95,0,14,-55,5000,4800,5000,4900,-39.6,54.800000000000004,-225.13,17.197094435375448,-12.707641612805745,60.60070928052295,0.498690016541274,-0.3558748591056105,0.7903552062576841
,382,0,0.3662109375,-0.5380658436213992,-0.3662109375,0.5380658436213992,2355,2039,2274,2209,2355,2078,2296,2210,0,-144,-74,0,5000,4800,4800,4900,-35.7,19.52,-193.87,-11.592827074784964,24.588859826630774,56.454940375131144,-0.29959393403114887,0.6780811034774465,0.6711553410340619
,383,0,-0.0087890625,-0.0380658436213992,0.0087890625,0.0380658436213992,2110,2365,2519,1883,2115,2368,2521,1885,-16,-10,-3,-16,5000,5000,5000,5000,-44.82,39.35,-208.24,1.3626585077852553,3.861069933888203,65.69692714649881,0.059571405215470725,0.0893195128365402,0.9942199315580519
,384,0,0.7412109375,0.4619341563786006,-0.7412109375,-0.4619341563786006,2599,2691,2030,1557,2600,2692,2086,1585,0,0,-265,-91,5000,5000,5000,4800,-30.39,61.49,-178.22,-30.012273778689206,-16.245196904996774,51.17258351855135,-0.7587811601929935,-0.43088118426977695,0.4884593698338162
,385,0,-0.7412109375,-0.37139917695473257,0.7412109375,0.37139917695473257,1633,2148,2996,2100,1692,2170,2996,2100,-288,-63,13,0,5000,4900,4800,5000,-30.09,29.29,-237.68,31.484992675110163,11.870650737780714,51.08933666559035,0.8379014530201866,0.31270838220824726,0.4473640829608036
,386,0,0.0087890625,0.12860082304526743,-0.0087890625,-0.12860082304526743,2122,2474,2507,1774,2123,2475,2510,1784,0,-2,-15,-31,5000,5000,5000,4900,-44.44,49.86,-209.58,1.9925150369688538,-6.716413718721867,65.35019910983097,0.0561510963547017,-0.20468625989852587,0.9772157332886725
,387,0,-0.3662109375,0.6286008230452673,0.3662109375,-0.6286008230452673,1877,2800,2752,1448,1898,2800,2751,1495,-60,0,15,-205,4900,5000,4900,4900,-33.68,70.41,-222.31,13.359238785661603,-28.10878768496083,54.7060961739568,0.362243033867087,-0.7358395728831643,0.5721189626239381
,388,0,0.3837890625,-0.6491769547325104,-0.3837890625,0.6491769547325104,2366,1967,2263,2281,2366,2020,2283,2281,0,-232,-64,0,5000,4800,5100,5000,-32.89,15.66,-193.66,-11.528408448889508,28.44618657979807,53.634181512708196,-0.30188983648930195,0.7637639185968575,0.5705499130435787
,389,0,-0.5537109375,-0.14917695473251036,0.5537109375,0.14917695473251036,1755,2293,2874,1955,1797,2297,2873,1956,-177,-11,15,0,5000,5000,5000,5000,-36.480000000000004,36.75,-232.79,26.072127772126095,4.7757005740206395,57.47356533597837,0.733730538875256,0.1224297313543645,0.6683191282630813
,390,0,0.1962890625,0.35082304526748964,-0.1962890625,-0.35082304526748964,2244,2619,2385,1629,2244,2620,2397,1653,0,-2,-32,-76,5000,5000,5000,5000,-41.36,60.08,-202.21,-6.035084464132467,-16.424892044059092,62.25911598956788,-0.16021864568716346,-0.4770948859741464,0.8641240971940818
,391,0,-0.1787109375,-0.4825102880658436,0.1787109375,0.4825102880658436,1999,2075,2630,2173,2006,2113,2630,2174,-23,-145,0,0,5000,5000,4900,5000,-37.980000000000004,19.82,-213.14000000000001,7.6018105079467375,22.99653234181605,58.832266866946625,0.23492726592201968,0.6320778276748673,0.7384353725873548
,392,0,0.5712890625,0.017489711934156382,-0.5712890625,-0.017489711934156382,2488,2401,2141,1847,2489,2402,2188,1848,0,-4,-207,0,4900,4900,4800,4900,-37.410000000000004,42.34,-181.35,-25.631665124824195,2.670114210748082,58.1597913454492,-0.684712279040477,0.052614219708135505,0.7269118507877684
,393,0,-0.6474609375,0.5174897119341559,0.6474609375,-0.5174897119341559,1694,2727,2935,1521,1743,2728,2934,1551,-216,0,13,-109,4900,4900,5000,4900,-31.16,63.08,-233.81,25.339506292011095,-21.578243825064106,52.22527224423666,0.6817653756203808,-0.5491705244612435,0.48332981251746204
,394,0,0.1025390625,-0.315843621399177,-0.1025390625,0.315843621399177,2183,2184,2446,2064,2183,2212,2451,2064,0,-81,-19,-7,4900,5000,5000,5000,-41.88,27.19,-205.27,-0.7661319373827382,16.18522459693319,62.711368056159415,-0.009112860934412489,0.463178582936931,0.886218119919767
,395,0,-0.2724609375,0.1841563786008229,0.2724609375,-0.1841563786008229,1938,2510,2691,1738,1959,2510,2690,1750,-61,0,14,-37,5000,4900,4900,5000,-42.160000000000004,50.32,-220.95000000000002,13.316475827937381,-7.948650872987358,63.12839722841686,0.401277292682618,-0.23167430876538897,0.886173543407491
,396,0,0.4775390625,0.6841563786008229,-0.4775390625,-0.6841563786008229,2427,2836,2202,1412,2428,2837,2231,1460,0,0,-104,-206,4900,4900,5100,5000,-31.37,72.68,-193.11,-15.915872418781362,-28.411026192005963,52.25548077117416,-0.4017200616255888,-0.7626166193703646,0.5069880510896185
,397,0,-0.4599609375,-0.5936213991769548,0.4599609375,0.5936213991769548,1816,2003,2813,2245,1844,2050,2813,2245,-97,-195,0,0,4900,5000,5000,5000,-32.68,17.52,-224.27,18.887076891875154,24.525553506141677,53.5823376366789,0.542817875108655,0.637296370481794,0.5469936842718175
,398,0,0.2900390625,-0.09362139917695478,-0.2900390625,0.09362139917695478,2305,2329,2324,1919,2305,2333,2347,1919,0,-9,-71,0,5000,5000,5000,5000,-42.87,38.24,-194.12,-12.640726967265977,5.915188080033559,63.673367441720885,-0.3432920879246755,0.1386598211210704,0.928937024978006
,399,0,-0.0849609375,0.4063786008230452,0.0849609375,-0.4063786008230452,2061,2655,2568,1593,2065,2656,2567,1623,-13,0,15,-109,5000,4900,5000,4900,-40.5,63.01,-210.85,2.391660563854856,-19.9333316561369,61.44984488437865,0.07648584215212054,-0.5667324012651227,0.8203440140005585
,400,0,0.6650390625,-0.42695473251028804,-0.6650390625,0.42695473251028804,2550,2112,2079,2136,2550,2142,2125,2137,0,-96,-201,0,5100,4900,5100,4900,-32.55,29.01,-179.21,-26.844161302796266,16.10013900845351,53.25546805355455,-0.7071581201424446,0.42638988504264347,0.5640204420496872
,401,0,-0.6943359375,0.07304526748971174,0.6943359375,-0.07304526748971174,1663,2438,2966,1810,1723,2438,2965,1811,-291,0,15,0,5100,5000,5100,4700,-32.980000000000004,42.050000000000004,-238.21,31.139139438481635,-0.8877299418877698,54.01417990435987,0.8430737630179967,-0.023441760861268042,0.5372868079139836
,402,0,0.0556640625,0.5730452674897117,-0.0556640625,-0.5730452674897117,2152,2764,2477,1484,2153,2764,2478,1528,0,0,-14,-179,5000,4900,5000,5000,-36.550000000000004,70.48,-211.39000000000001,2.445648214916474,-27.43400242963517,57.52148348538265,0.06719228804230204,-0.7369117284109675,0.6726412869858652
,403,0,-0.3193359375,-0.2602880658436214,0.3193359375,0.2602880658436214,1908,2220,2721,2028,1929,2242,2720,2030,-60,-62,12,-16,4900,4900,5000,5000,-40.44,31.34,-222.47,16.12152997975855,10.880640884672196,61.36810091521141,0.47349328388076867,0.30866637698067373,0.8249419239203635
,404,0,0.4306640625,0.23971193415637848,-0.4306640625,-0.23971193415637848,2397,2546,2232,1702,2398,2546,2261,1715,0,0,-106,-37,5000,5000,5000,4900,-39.77,53.69,-188.96,-18.816058516576106,-9.160457563952008,60.58657482266241,-0.5088150531345386,-0.2633360998346204,0.8196104807941311
,405,0,-0.5068359375,0.7397119341563785,0.5068359375,-0.7397119341563785,1786,2872,2843,1376,1818,2873,2842,1426,-116,0,12,-222,4900,5000,5100,4700,-28.78,73.96000000000001,-226.49,17.31389254828889,-31.94658797962677,49.836095915640584,0.45295819035231094,-0.7961536972661851,0.40120838491006655
,406,0,0.2431640625,-0.73559670781893,-0.2431640625,0.73559670781893,2275,1910,2354,2338,2275,1972,2363,2338,0,-293,-25,0,5100,5100,4900,5000,-30.89,10.88,-200.69,-4.182421438446454,32.73547988568201,51.65738162943699,-0.0952762791556405,0.8613902193625202,0.4989281718011581
,407,0,-0.1318359375,-0.23559670781893005,0.1318359375,0.23559670781893005,2030,2236,2599,2012,2037,2245,2598,2013,-23,-19,15,0,5000,5000,5000,5000,-42.21,29.09,-213.12,6.936146818085064,13.761113357069995,63.085515981234664,0.21239981042950543,0.3768535528821762,0.901591770265008
,408,0,0.6181640625,0.2644032921810697,-0.6181640625,-0.2644032921810697,2519,2562,2110,1686,2519,2563,2154,1701,0,0,-183,-44,5000,4900,5100,5000,-35.36,52.81,-180.63,-27.046326464316564,-7.733312019584531,56.13266136328891,-0.709343303739811,-0.2299513102572416,0.666299086259667
,409,0,-0.6005859375,-0.5689300411522633,0.6005859375,0.5689300411522633,1724,2019,2905,2229,1766,2057,2904,2230,-176,-136,14,0,4800,5000,5000,5000,-30.37,19.05,-229.85,24.362263875295355,22.61613643181481,51.30421254510581,0.667135244364752,0.5783868616028265,0.4694669360579254
,410,0,0.1494140625,-0.06893004115226331,-0.1494140625,0.06893004115226331,2213,2345,2416,1903,2213,2348,2428,1903,0,-10,-33,0,5000,5000,5000,5000,-44.19,37.980000000000004,-201.11,-5.655568116488752,5.706977090440667,65.02773224236424,-0.1515945763869648,0.13837437480069162,0.9787091584370576
,411,0,-0.2255859375,0.43106995884773625,0.2255859375,-0.43106995884773625,1969,2671,2660,1577,1982,2672,2659,1609,-34,0,13,-121,5000,5000,4800,5000,-39.4,62.870000000000005,-217.29,8.831676354062125,-20.231095359579427,60.381793668943295,0.2579944122273469,-0.5663234338488371,0.7827621934745745
,412,0,0.5244140625,-0.40226337448559674,-0.5244140625,0.40226337448559674,2458,2128,2171,2120,2459,2156,2206,2121,0,-85,-134,0,5000,5000,4900,4900,-36.15,27.73,-185.06,-20.938608303889396,16.992998088549022,56.881505345170964,-0.5607549811010691,0.4607021606325098,0.687973379106253
,413,0,-0.4130859375,0.09773662551440321,0.4130859375,-0.09773662551440321,1847,2454,2782,1794,1881,2454,2781,1799,-120,0,15,-20,5000,5000,5000,5000,-40.230000000000004,44.730000000000004,-227.18,19.918591399038263,-2.7970544484841255,61.21553961090515,0.5832282176667466,-0.08694321719645387,0.8076420761084709
,414,0,0.3369140625,0.5977366255144032,-0.3369140625,-0.5977366255144032,2336,2780,2293,1468,2336,2780,2313,1509,0,0,-57,-172,4800,4900,5000,5000,-35.26,70.55,-198.19,-10.722624400318239,-26.617349515345495,56.1655062184485,-0.27036252648659975,-0.7225771465209068,0.6362282386042658
,415,0,-0.0380859375,-0.6800411522633745,0.0380859375,0.6800411522633745,2091,1947,2538,2301,2092,2004,2539,2301,0,-259,0,0,5100,5000,4800,4700,-32.63,11.75,-206.33,1.3775786839478599,31.492087706922057,53.42782635570607,0.05803645184189698,0.8310341558053096,0.5531853235061104
,416,0,0.7119140625,-0.18004115226337447,-0.7119140625,0.18004115226337447,2580,2273,2049,1975,2581,2277,2105,1976,0,-10,-268,0,5000,5000,4800,4800,-33.0,39.49,-175.96,-30.795784252466035,5.864499440095656,53.715640510694634,-0.8001450801222301,0.15106874485621394,0.5804705721083174
,417,0,-0.7177734375,0.31995884773662553,0.7177734375,-0.31995884773662553,1648,2599,2981,1649,1705,2600,2980,1664,-272,0,15,-45,4800,4900,5000,5000,-31.71,53.17,-238.16,30.34533259757754,-11.982627649678804,52.77203838545503,0.8141643453959383,-0.3006969215205937,0.4967069358022311
,418,0,0.0322265625,-0.5133744855967078,-0.0322265625,0.5133744855967078,2137,2055,2492,2193,2138,2097,2492,2194,0,-169,0,0,5000,4800,5000,4900,-37.37,17.97,-208.91,3.5092253693118494,25.125831994851595,58.19639748522764,0.11636924700517298,0.6864071785099948,0.7178463509981766
,419,0,-0.3427734375,-0.013374485596707841,0.3427734375,0.013374485596707841,1893,2381,2736,1867,1922,2382,2735,1867,-92,-4,16,0,5000,5000,5000,4900,-41.28,39.51,-224.75,17.841176167826575,2.577916135904516,62.24015523351034,0.5291448610846072,0.0544972009791176,0.8467796472950878
,420,0,0.4072265625,0.4866255144032918,-0.4072265625,-0.4866255144032918,2381,2707,2248,1541,2382,2708,2273,1574,0,0,-89,-120,5100,4900,5000,4700,-36.92,65.19,-193.28,-15.26786661384699,-20.933708569828525,57.78732582087016,-0.3919484305303841,-0.5877337355103585,0.7077750235405373
,421,0,-0.5302734375,-0.3467078189300411,0.5302734375,0.3467078189300411,1770,2164,2859,2084,1807,2187,2858,2084,-146,-65,9,0,5000,5000,5000,5000,-35.660000000000004,28.490000000000002,-230.27,24.11900495185938,13.18446233523074,56.62008019131315,0.6801025267248907,0.3448850569521375,0.6469272375109432
,422,0,0.2197265625,0.15329218106995868,-0.2197265625,-0.15329218106995868,2259,2490,2370,1758,2260,2490,2386,1767,-1,-5,-46,-29,5000,5000,5000,4900,-43.39,50.36,-198.69,-8.901209006577204,-6.483875727477098,64.24688476400988,-0.24111513502438972,-0.20815590748897855,0.9479106549879105
,423,0,-0.1552734375,0.6532921810699586,0.1552734375,-0.6532921810699586,2015,2816,2614,1432,2021,2817,2613,1483,-19,0,11,-234,4800,5000,5000,4900,-34.38,73.22,-212.49,3.3687981301469563,-30.24813789175093,55.363953454335004,0.09712486534076685,-0.7969962177782726,0.596123971485518
,424,0,0.5947265625,-0.6244855967078189,-0.5947265625,0.6244855967078189,2504,1983,2125,2265,2504,2034,2163,2265,0,-216,-145,0,4900,5000,4900,4900,-30.63,19.69,-183.94,-21.487067428994436,25.074414177297406,51.3356684751749,-0.5603892959575693,0.6645220607729357,0.49434225767404344
,425,0,-0.6240234375,-0.12448559670781889,0.6240234375,0.12448559670781889,1709,2309,2920,1939,1760,2312,2919,1940,-234,-11,15,0,4800,4800,5100,4900,-34.78,38.67,-235.48000000000002,28.634677183723568,2.6738121384568387,55.79192758736403,0.7924997171295696,0.06596257326279734,0.6062945961148777
,426,0,0.1259765625,0.3755144032921809,-0.1259765625,-0.3755144032921809,2198,2635,2431,1613,2198,2636,2438,1639,0,0,-23,-85,5000,4900,5000,5000,-41.160000000000004,61.61,-206.23000000000002,-2.126520769810611,-18.223074809079122,62.08313703908196,-0.05160493948722471,-0.5200273318189271,0.8525892940811581
,427,0,-0.2490234375,-0.45781893004115226,0.2490234375,0.45781893004115226,1954,2092,2675,2156,1968,2130,2675,2158,-37,-144,0,-15,5000,4900,5000,5000,-38.15,21.45,-216.71,11.052871558999584,21.129982299026004,59.02427874071072,0.3285307330783939,0.5799430598613324,0.7454754219567861
,428,0,0.5009765625,0.04218106995884763,-0.5009765625,-0.04218106995884763,2443,2417,2186,1831,2444,2418,2226,1833,0,0,-165,-15,5000,5000,5000,5000,-39.050000000000004,43.09,-184.24,-22.806792628913257,1.731616804605281,59.81614819121319,-0.6156042311919981,0.026452048797900935,0.7876114014238884
,429,0,-0.4365234375,0.5421810699588474,0.4365234375,-0.5421810699588474,1831,2743,2798,1505,1862,2744,2797,1538,-107,-6,13,-126,5000,5000,5100,5000,-34.68,66.47,-225.26,16.563412124103905,-24.373856839430914,55.71091695216786,0.4583328396222521,-0.643350137094007,0.613214162609545
,430,0,0.3134765625,-0.2911522633744856,-0.3134765625,0.2911522633744856,2320,2200,2309,2048,2320,2224,2328,2048,0,-66,-61,0,5000,5000,5000,5000,-40.99,30.55,-193.83,-12.402280391306817,13.601833363463236,61.772518284859224,-0.3354378205718729,0.37849741558796085,0.8626825458552096
,431,0,-0.0615234375,0.20884773662551437,0.0615234375,-0.20884773662551437,2076,2526,2553,1722,2082,2526,2553,1737,-18,0,14,-48,5000,5000,5000,4900,-43.61,53.52,-210.57,2.7373875440119093,-10.437202626689313,64.53442043237133,0.09108110978977332,-0.31268554215510336,0.9454797634886918
,432,0,0.6884765625,0.7088477366255141,-0.6884765625,-0.7088477366255141,2565,2852,2064,1396,2566,2853,2111,1443,0,0,-198,-202,5000,4600,4900,5000,-27.080000000000002,71.84,-184.35,-24.57843386304023,-26.99444811263662,47.91951077940871,-0.607395748909009,-0.7073021741777453,0.36165458466705247
,433,0,-0.6708984375,-0.7170781893004116,0.6708984375,0.7170781893004116,1679,1923,2950,2325,1727,1978,2950,2325,-215,-244,0,0,4900,5000,4900,5000,-25.62,14.790000000000001,-230.77,25.59044924509348,26.79080085512632,46.54813878094372,0.6864296137806851,0.6571402588348494,0.31141783112623256
,434,0,0.0791015625,-0.21707818930041145,-0.0791015625,0.21707818930041145,2168,2248,2461,2000,2169,2258,2467,2001,0,-21,-22,0,5000,5000,5000,5000,-42.94,30.09,-206.18,-0.05894480305681782,13.233499761098727,63.78323878090279,0.005679725253799414,0.3605485589012984,0.9327231515274175
,435,0,-0.2958984375,0.2829218106995883,0.2958984375,-0.2829218106995883,1923,2574,2706,1674,1945,2575,2705,1695,-68,0,15,-65,5000,5000,5000,4900,-41.02,54.68,-221.58,13.6564543311016,-12.344451786995549,62.00258687947217,0.4011173741687879,-0.36127596239803705,0.8417746320324159
,436,0,0.4541015625,-0.5504115226337449,-0.4541015625,0.5504115226337449,2412,2031,2217,2217,2413,2071,2246,2218,0,-148,-107,0,5100,4800,5000,5000,-34.44,19.990000000000002,-189.99,-15.489559732985924,24.377989313277965,55.17669618206459,-0.4088508465550244,0.6617167401037853,0.6284679316700726
,437,0,-0.4833984375,-0.05041152263374482,0.4833984375,0.05041152263374482,1801,2357,2828,1891,1840,2358,2827,1891,-159,0,14,0,4900,5000,5000,5000,-38.56,39.67,-230.26,23.340912404933164,2.0389233334402803,59.54822505589648,0.6692144757702269,0.04087655002590028,0.7419441306982357
,438,0,0.2666015625,0.44958847736625485,-0.2666015625,-0.44958847736625485,2290,2683,2339,1565,2290,2684,2355,1598,0,0,-45,-119,4900,5000,5000,4900,-39.2,64.13,-199.79,-8.712286207728397,-20.30862982384093,60.09724835208813,-0.22212307650508345,-0.5808463945762236,0.7831211941913707
,439,0,-0.1083984375,-0.3837448559670782,0.1083984375,0.3837448559670782,2045,2140,2584,2108,2050,2173,2584,2109,-17,-111,0,-17,5000,5000,5000,5000,-40.36,23.830000000000002,-211.0,5.184731157999437,19.146797700016315,61.211630354055195,0.16287302702279272,0.5341936562008809,0.8295236673797607
,440,0,0.6416015625,0.11625514403292181,-0.6416015625,-0.11625514403292181,2534,2466,2095,1782,2534,2466,2144,1785,0,0,-218,-18,4800,5000,5000,4800,-35.21,45.97,-178.69,-28.519794722545015,-0.7785106639229724,55.9556602466783,-0.7509104757764717,-0.031103753781542162,0.6596711406980369
,441,0,-0.5771484375,0.6162551440329218,0.5771484375,-0.6162551440329218,1740,2792,2889,1456,1780,2792,2888,1496,-159,0,13,-166,4800,4900,4700,4900,-30.78,68.09,-230.33,21.53137792945961,-26.343220119495328,51.840487515018694,0.5765199582660308,-0.6669587707668886,0.47200713534654926
,442,0,0.1728515625,-0.661522633744856,-0.1728515625,0.661522633744856,2229,1959,2400,2289,2229,2017,2407,2289,0,-263,-20,0,5000,4800,5000,4700,-33.53,13.21,-203.70000000000002,-1.3492279465787078,30.215351678143684,54.31831538569776,-0.014231908057577928,0.808249671710423,0.5886679207949368
,443,0,-0.2021484375,-0.16152263374485598,0.2021484375,0.16152263374485598,1984,2285,2645,1963,1998,2291,2644,1964,-43,-14,14,0,5000,5000,5000,5000,-42.54,33.13,-217.36,10.892343763710755,9.445333545375846,63.446971849073726,0.33211369604695834,0.25195634789781984,0.9089656163200132
,444,0,0.5478515625,0.33847736625514413,-0.5478515625,-0.33847736625514413,2473,2611,2156,1637,2474,2613,2196,1657,0,-1,-158,-61,5000,5000,4900,4800,-36.550000000000004,57.22,-184.77,-23.219012577305847,-12.409046014246286,57.35453697948698,-0.6105541499252252,-0.35872276183557045,0.7060747907623848
,445,0,-0.3896484375,-0.4948559670781893,0.3896484375,0.4948559670781893,1862,2067,2767,2181,1887,2102,2767,2182,-79,-125,0,0,5000,5000,5000,4900,-35.7,20.37,-222.19,16.605011456892527,21.8309564212409,56.59906167120739,0.48236390911014987,0.5787182025559725,0.6575791216411602
,446,0,0.3603515625,0.005144032921810537,-0.3603515625,-0.005144032921810537,2351,2393,2278,1855,2351,2394,2307,1855,0,0,-102,0,5000,5000,5000,5000,-41.83,42.12,-190.57,-16.43928650344901,2.280468815375812,62.6253878058506,-0.44728674232861765,0.03945741651070206,0.8935198276587673
,447,0,-0.0146484375,0.5051440329218104,0.0146484375,-0.5051440329218104,2106,2719,2523,1529,2107,2720,2523,1567,0,0,12,-153,5000,4900,5000,5000,-38.4,67.58,-207.44,-1.3086394520253464,-24.26894846813856,59.34432674103113,-0.02254762074568877,-0.6692506561946905,0.7426945293872069
,448,0,0.7353515625,-0.3281893004115226,-0.7353515625,0.3281893004115226,2595,2176,2034,2072,2596,2197,2088,2072,0,-56,-258,-11,5000,4900,4900,4800,-31.85,34.6,-176.04,-30.38057492458779,10.734665042292548,52.553707543083696,-0.7917211735514091,0.2859766048804416,0.5398101192191886
,449,0,-0.7294921875,0.17181069958847728,0.7294921875,-0.17181069958847728,1640,2502,2989,1746,1701,2502,2988,1751,-303,0,16,-21,5000,5000,4900,4900,-31.77,46.300000000000004,-239.25,31.89593723222933,-5.201631357743864,52.820148215645794,0.8568993714161345,-0.13095971375171161,0.498570978538366
,450,0,0.0205078125,0.6718106995884772,-0.0205078125,-0.6718106995884772,2129,2828,2500,1420,2130,2829,2501,1473,-2,0,0,-241,5000,5000,5100,4900,-33.69,74.19,-211.57,2.3888101581840715,-31.155855072776745,54.67180239128688,0.06624652498227193,-0.8183790242283606,0.5708477648469943
,451,0,-0.3544921875,-0.6059670781893004,0.3544921875,0.6059670781893004,1885,1995,2744,2253,1903,2046,2744,2253,-53,-217,0,0,5000,5000,5000,4900,-33.65,16.27,-219.79,14.496959658954495,26.077597230964624,54.52670565681236,0.4251789343700977,0.6895485858216284,0.5862982360192641
,452,0,0.3955078125,-0.1059670781893004,-0.3955078125,0.1059670781893004,2374,2321,2255,1927,2375,2324,2285,1927,0,-9,-111,15,4900,5000,5000,5000,-41.06,39.0,-189.12,-17.671799365168624,5.488937317942835,61.84024965639471,-0.48219604106838193,0.13120710493016566,0.8661822404054607
,453,0,-0.5419921875,0.3940329218106995,0.5419921875,-0.3940329218106995,1763,2647,2866,1601,1801,2648,2865,1625,-152,0,14,-74,4900,4900,5100,4900,-35.300000000000004,58.04,-231.23000000000002,23.085364091639008,-16.363914690019627,56.3395418771032,0.6464806227220578,-0.42929032005301354,0.6306921797150195
,454,0,0.2080078125,-0.43930041152263377,-0.2080078125,0.43930041152263377,2252,2104,2377,2144,2252,2139,2390,2145,0,-126,-36,-1,5000,5000,4900,4900,-39.22,22.35,-201.08,-4.607225152770241,21.28914802227544,60.0181787611141,-0.11372599133494615,0.5984444225805335,0.7930514939000719
,455,0,-0.1669921875,0.06069958847736601,0.1669921875,-0.06069958847736601,2007,2430,2622,1818,2021,2431,2621,1824,-44,-8,13,-20,5000,5000,5000,5000,-43.88,44.57,-216.77,9.52557863233821,-1.924957550875618,64.81289039063063,0.29063539916834097,-0.07268471527983064,0.9540691782648412
,456,0,0.5830078125,0.560699588477366,-0.5830078125,-0.560699588477366,2496,2756,2133,1492,2496,2756,2173,1528,0,0,-153,-134,5000,4800,4900,4700,-32.47,67.31,-186.04,-22.612790013441554,-22.57334282732687,53.30645539697638,-0.5710988813875578,-0.6068221543371883,0.5528227027569088
,457,0,-0.6357421875,-0.27263374485596703,0.6357421875,0.27263374485596703,1702,2212,2927,2036,1749,2230,2926,2037,-213,-48,11,0,5100,5000,5000,4900,-33.96,33.52,-234.97,28.47718003062124,7.844116413195387,54.95637486408141,0.7886481676675065,0.2033409839155842,0.580246940444262
,458,0,0.1142578125,0.22736625514403275,-0.1142578125,-0.22736625514403275,2190,2538,2439,1710,2190,2538,2446,1726,0,0,-26,-47,5000,5000,5000,5000,-43.43,54.43,-205.17000000000002,-2.71076211654713,-10.981476990555265,64.32965057866144,-0.07324831997354954,-0.3298622837479998,0.9411830626300103
,459,0,-0.2607421875,0.7273662551440325,0.2607421875,-0.7273662551440325,1946,2864,2683,1384,1959,2865,2682,1438,-33,0,13,-249,5100,4700,4900,4900,-31.71,75.39,-216.72,7.455645984162203,-32.706083185553794,52.7206828380713,0.19583113730550933,-0.8436896612492326,0.4998378948847181
,460,0,0.4892578125,-0.6985596707818931,-0.4892578125,0.6985596707818931,2435,1935,2194,2313,2436,1992,2222,2313,0,-256,-100,0,4900,4900,4800,5000,-30.310000000000002,15.24,-189.26,-15.877541715813209,29.154580988774544,51.03110310669188,-0.41112861211222873,0.7722806379008571,0.4843096949536707
,461,0,-0.4482421875,-0.19855967078189296,0.4482421875,0.19855967078189296,1824,2261,2805,1987,1861,2266,2804,1988,-141,-12,14,0,5000,5000,5000,5000,-38.84,33.53,-227.5,21.00002787993182,8.35184931762575,59.798874529873764,0.6119261267635345,0.2190127665819297,0.75998672584349
,462,0,0.3017578125,0.30144032921810693,-0.3017578125,-0.30144032921810693,2313,2587,2316,1661,2313,2588,2336,1679,0,-1,-60,-57,5000,5000,5000,5000,-41.04,57.28,-195.96,-12.080368060848599,-13.210705454929808,61.90071564702303,-0.3197515494200528,-0.3872095158866226,0.8647703379801611
,463,0,-0.0732421875,-0.5318930041152263,0.0732421875,0.5318930041152263,2068,2043,2561,2205,2071,2087,2561,2206,-12,-172,0,0,4900,5000,5000,4800,-37.06,17.44,-207.49,2.129722797370505,25.749499019994246,57.87794482664731,0.07373503865417362,0.7020603119918907,0.7082898152596271
,464,0,0.6767578125,-0.03189300411522633,-0.6767578125,0.03189300411522633,2557,2369,2072,1879,2557,2370,2125,1879,0,0,-243,0,5000,4800,5100,4800,-33.84,42.59,-176.9,-30.071093114554117,2.7105787506098125,54.5681702984822,-0.7839210697349192,0.06489669088911378,0.6174594528690138
,465,0,-0.6826171875,0.46810699588477345,0.6826171875,-0.46810699588477345,1671,2695,2958,1553,1725,2696,2957,1580,-255,0,14,-91,5000,5000,5100,4800,-31.220000000000002,60.36,-235.54,27.24872345613346,-18.980943220001734,52.287073434865114,0.733420425688675,-0.4776610412097434,0.4836676636835118
,466,0,0.0673828125,-0.36522633744855965,-0.0673828125,0.36522633744855965,2160,2152,2469,2096,2161,2183,2472,2096,0,-104,-15,0,5000,5000,4900,4900,-40.95,24.59,-207.36,1.4989501172074142,18.635691442798716,61.78529272267542,0.057146725643136165,0.5247939384257377,0.8493088801725031
,467,0,-0.3076171875,0.1347736625514402,0.3076171875,-0.1347736625514402,1915,2478,2714,1770,1942,2478,2713,1778,-88,0,14,-27,5000,5000,4900,5000,-41.980000000000004,47.27,-222.63,15.199225883963749,-5.019416985035555,62.94911795965616,0.4562508526180406,-0.15015185640501788,0.877091545680061
,468,0,0.4423828125,0.6347736625514402,-0.4423828125,-0.6347736625514402,2404,2804,2225,1444,2405,2804,2251,1489,0,0,-89,-195,5000,5000,4900,4700,-33.17,71.3,-193.46,-15.482287548647037,-27.052631664873957,54.053721152504885,-0.38316312200885233,-0.7267509159873621,0.5701044887070782
,469,0,-0.4951171875,-0.6430041152263375,0.4951171875,0.6430041152263375,1793,1971,2836,2277,1824,2023,2836,2277,-113,-223,0,0,5000,5000,4900,4800,-31.02,15.89,-225.11,19.843119642296273,26.090443350414283,51.9224575100855,0.5624561922235587,0.6666082499265215,0.48915894447436564
,470,0,0.2548828125,-0.1430041152263375,-0.2548828125,0.1430041152263375,2282,2297,2347,1951,2282,2303,2366,1952,0,-13,-59,0,5000,4900,5000,4900,-42.86,35.54,-196.3,-10.28355073196687,8.461987147299503,63.66747620123111,-0.2794176412757798,0.21753317427309252,0.9352032398546059
,471,0,-0.1201171875,0.3569958847736625,0.1201171875,-0.3569958847736625,2038,2623,2591,1625,2045,2623,2590,1651,-19,0,14,-86,5000,4900,5000,5000,-41.34,60.21,-212.93,4.651704113410602,-17.27758724801032,62.29318632935562,0.14146012487570456,-0.5028726898996104,0.8527063332843728
,472,0,0.6298828125,-0.4763374485596708,-0.6298828125,0.4763374485596708,2527,2079,2102,2169,2527,2111,2145,2170,0,-113,-174,0,4900,4900,4900,5000,-32.6,26.0,-181.18,-24.67588436919314,18.97056454823155,53.30774003261247,-0.651323160822406,0.5054270942121638,0.565969603965229
,473,0,-0.5888671875,0.023662551440329138,0.5888671875,-0.023662551440329138,1732,2405,2897,1843,1779,2406,2896,1844,-209,0,15,0,4800,4800,5100,5000,-35.86,40.83,-234.64000000000001,27.645687533774435,0.5784731718578868,56.87315563331249,0.7666018647539791,0.008562600637316444,0.642065621900167
,474,0,0.1611328125,0.5236625514403288,-0.1611328125,-0.5236625514403288,2221,2731,2408,1517,2221,2732,2417,1555,0,0,-25,-149,5000,4900,5000,4900,-37.89,68.14,-206.35,-2.4314529435482086,-24.75562175184598,58.83028493516343,-0.055477390291201946,-0.681745113328737,0.7294832826178165
,475,0,-0.2138671875,-0.3096707818930041,0.2138671875,0.3096707818930041,1977,2188,2652,2060,1989,2215,2652,2060,-30,-80,0,0,5000,5000,5000,4900,-41.04,28.05,-216.98000000000002,10.863112814946476,14.535086845131566,61.93225837806341,0.3271362274190179,0.4113439541798432,0.8507514561079189
,476,0,0.5361328125,0.19032921810699577,-0.5361328125,-0.19032921810699577,2466,2514,2163,1734,2467,2514,2204,1742,0,0,-167,-27,5000,5000,5000,5000,-38.06,50.2,-183.75,-23.770465791079715,-5.331953171031387,58.84166718277614,-0.6364226927773431,-0.15813532071795772,0.7549565394507578
,477,0,-0.4013671875,0.6903292181069955,0.4013671875,-0.6903292181069955,1854,2840,2775,1408,1880,2841,2774,1455,-82,0,12,-197,5000,4800,5100,5000,-31.650000000000002,73.0,-222.36,13.244233557686954,-30.702055251732432,52.682921163071946,0.3546941083918504,-0.7888811075975525,0.5018552456114905
,478,0,0.3486328125,-0.5874485596707819,-0.3486328125,0.5874485596707819,2343,2007,2286,2241,2343,2055,2303,2241,0,-195,-54,0,5000,5000,4900,4800,-34.78,17.87,-194.53,-10.818598517878286,26.18795807502514,55.534095690261715,-0.28083157816172116,0.7156588850500696,0.6395044839218003
,479,0,-0.0263671875,-0.08744855967078191,0.0263671875,0.08744855967078191,2099,2333,2530,1915,2104,2338,2532,1915,-17,-11,-15,0,5000,5000,5000,5000,-44.43,36.39,-208.73000000000002,2.053076613643725,6.7801599475096666,65.30191280311581,0.08166033967288228,0.1747620444613088,0.981218536688037
,480,0,0.7236328125,0.41255144032921787,-0.7236328125,-0.41255144032921787,2588,2659,2041,1589,2589,2660,2094,1612,0,0,-242,-78,5100,5000,4800,4900,-31.400000000000002,59.0,-178.32,-29.749428977738717,-13.76473249734768,52.17677918324989,-0.7610290846926498,-0.38338068961954036,0.5233105952287921
,481,0,-0.7060546875,-0.4207818930041152,0.7060546875,0.4207818930041152,1656,2116,2973,2132,1710,2143,2973,2133,-252,-81,0,0,5000,5000,5000,4900,-30.45,26.72,-235.86,29.84076911748707,14.558555566962283,51.4337151228429,0.8022387672144716,0.37540487805526634,0.464202690546399
,482,0,0.0439453125,0.07921810699588461,-0.0439453125,-0.07921810699588461,2145,2442,2484,1806,2146,2442,2488,1814,0,0,-17,-25,5000,5000,5000,5000,-44.74,47.1,-207.17000000000002,-0.2272523264968811,-3.799325336106854,65.63114077656093,-0.005039650788689044,-0.12903397053361138,0.9916273676982994
,483,0,-0.3310546875,0.5792181069958846,0.3310546875,-0.5792181069958846,1900,2768,2729,1480,1921,2768,2728,1523,-60,0,13,-175,5100,5000,4800,4700,-35.230000000000004,68.75,-221.0,12.156717790330106,-26.35979937400505,56.24531128040781,0.3353822745799657,-0.700984179328958,0.6293964650584527
,484,0,0.4189453125,-0.25411522633744854,-0.4189453125,0.25411522633744854,2389,2224,2240,2024,2390,2243,2267,2025,0,-51,-93,0,5000,5000,4900,5000,-39.82,33.75,-188.66,-17.77063665429486,10.754441120724863,60.584701611449326,-0.48513175768237526,0.29324279286942684,0.8238057065340996
,485,0,-0.5185546875,0.24588477366255135,0.5185546875,-0.24588477366255135,1778,2550,2851,1698,1817,2550,2850,1710,-159,0,12,-34,4900,5000,4900,4900,-37.29,51.34,-231.08,23.378015873549742,-9.66339102367671,58.31183433293295,0.6666617444852986,-0.25644557073030194,0.6998555477329792
,486,0,0.2314453125,0.7458847736625511,-0.2314453125,-0.7458847736625511,2267,2876,2362,1372,2268,2877,2374,1426,0,0,-27,-260,5000,4900,5000,5000,-31.43,76.72,-205.53,-3.7970960112621697,-33.279219959629145,52.38794897653164,-0.08709528969892097,-0.8656387094854684,0.4930355313287213
,487,0,-0.1435546875,-0.7458847736625515,0.1435546875,0.7458847736625515,2022,1904,2607,2344,2024,1968,2607,2344,-12,-306,0,0,4800,4800,5100,4800,-30.66,9.75,-208.9,4.086115935408429,33.30858002346682,51.465689351981766,0.13593728314791434,0.8648882506913663,0.4832073766680225
,488,0,0.6064453125,-0.24588477366255146,-0.6064453125,0.24588477366255146,2511,2230,2118,2018,2511,2237,2165,2018,0,-15,-204,14,5000,5000,5000,4800,-35.72,34.89,-180.54,-25.929134462225704,10.15291765218872,56.44693856424762,-0.6898474788965865,0.26402287361603205,0.674093745756149
,489,0,-0.6123046875,0.25411522633744843,0.6123046875,-0.25411522633744843,1717,2556,2912,1692,1763,2556,2911,1705,-205,0,14,-36,5000,5000,5000,5000,-34.94,50.550000000000004,-234.81,27.164117748570447,-9.133453321919731,55.97857510510997,0.752692520775555,-0.23785525615565098,0.6139045905412913
,490,0,0.1376953125,-0.5792181069958848,-0.1376953125,0.5792181069958848,2206,2012,2423,2236,2206,2060,2430,2238,-3,-198,-19,-16,5000,5000,5000,4800,-35.82,15.94,-205.28,0.03194951661316736,27.391571519132107,56.62309616241891,0.02385561651944561,0.7441779413830844,0.6675553168983918
,491,0,-0.2373046875,-0.07921810699588483,0.2373046875,0.07921810699588483,1961,2338,2668,1910,1979,2341,2667,1910,-54,-11,15,0,5000,5000,5000,4900,-42.68,37.19,-219.94,13.191909601449282,5.221003206166046,63.61015929692866,0.39978129808108565,0.1279935220945048,0.9076301956228899
,492,0,0.5126953125,0.42078189300411517,-0.5126953125,-0.42078189300411517,2450,2664,2179,1584,2451,2665,2214,1610,0,0,-135,-91,4800,5000,4800,5000,-36.31,61.47,-187.38,-20.900495195039923,-16.826052351864107,57.13836075143514,-0.5429561064641926,-0.4777485227500761,0.6906192985019778
,493,0,-0.4248046875,-0.41255144032921814,0.4248046875,0.41255144032921814,1839,2121,2790,2127,1868,2151,2790,2129,-103,-94,0,-9,5000,4900,4900,4800,-36.77,24.52,-224.85,18.973830326453054,17.51409458455406,57.692862862544615,0.5508527761364197,0.4663669879741548,0.6921438084319722
,494,0,0.3251953125,0.08744855967078191,-0.3251953125,-0.08744855967078191,2328,2447,2301,1801,2328,2447,2326,1807,0,0,-83,-21,5000,5000,5000,4900,-42.45,46.12,-192.71,-14.576985467537867,-1.8529536601557695,63.266210316702676,-0.394880795077586,-0.07799164434199526,0.9154160043891106
,495,0,-0.0498046875,0.5874485596707819,0.0498046875,-0.5874485596707819,2084,2773,2545,1475,2086,2773,2545,1521,-13,0,13,-190,5000,4800,5100,5000,-36.27,70.89,-208.28,-0.6835347995240113,-27.63413578130347,57.22693246486644,-0.008271838961125275,-0.7470029371715718,0.6647692746639593
,496,0,0.7001953125,-0.6903292181069959,-0.7001953125,0.6903292181069959,2572,1940,2057,2308,2573,1995,2103,2308,0,-243,-208,0,4800,4800,4600,4700,-26.85,18.650000000000002,-180.66,-24.671147058725523,26.32243408942592,47.53665765517685,-0.6330734875575198,0.6809640514378084,0.36811128752208166
,497,0,-0.6591796875,-0.19032921810699588,0.6591796875,0.19032921810699588,1686,2266,2943,1982,1739,2271,2942,1983,-247,-14,15,0,5000,5000,5100,4800,-33.63,36.01,-236.34,29.677684845636918,5.26646194983487,54.639537908153265,0.8127002306109793,0.13613750788583207,0.5665553054305433
,498,0,0.0908203125,0.30967078189300423,-0.0908203125,-0.30967078189300423,2175,2592,2454,1656,2175,2593,2459,1679,0,-2,-18,-77,5000,4900,5000,5000,-42.35,58.370000000000005,-207.36,-0.7863150317386669,-15.063267421412178,63.27059897636009,-0.0186622948781157,-0.4417059443595671,0.8969657615914363
,499,0,-0.2841796875,-0.5236625514403292,0.2841796875,0.5236625514403292,1931,2049,2698,2199,1948,2090,2698,2200,-49,-164,0,-2,4900,5000,5000,5000,-36.35,18.62,-217.4,11.940875504367597,23.901850913451334,57.220617636906944,0.3475102741711035,0.6445669267930751,0.6810066712081866
,500,0,0.4658203125,-0.02366255144032925,-0.4658203125,0.02366255144032925,2420,2375,2209,1873,2421,2376,2245,1873,0,0,-140,0,5000,5000,4900,4900,-39.730000000000004,41.550000000000004,-185.59,-21.359293488048337,3.179007141015042,60.49901527290837,-0.5791962086608757,0.06390596995643612,0.8126793825838045
,501,0,-0.4716796875,0.47633744855967053,0.4716796875,-0.47633744855967053,1809,2701,2820,1547,1843,2702,2819,1578,-131,0,12,-109,5000,4900,4900,5000,-35.45,63.01,-227.35,18.87828876699868,-21.060492106890194,56.482642471595376,0.5255049186321349,-0.5593441781185209,0.6410761818211235
,502,0,0.2783203125,-0.3569958847736625,-0.2783203125,0.3569958847736625,2297,2157,2332,2091,2297,2184,2348,2091,0,-81,-47,-4,5000,4900,5000,5000,-40.24,26.61,-196.39000000000001,-9.578759289652368,17.35806285813993,61.02541148403828,-0.2530441780687516,0.48483260817966495,0.8372012816469007
,503,0,-0.0966796875,0.1430041152263375,0.0966796875,-0.1430041152263375,2053,2483,2576,1765,2062,2483,2575,1775,-26,-6,14,-31,5000,5000,5000,5000,-44.09,49.85,-212.78,5.187555356902294,-6.923238301506558,65.01622164658616,0.1628997858435958,-0.2155700192706365,0.9628048746053209
,504,0,0.6533203125,0.6430041152263373,-0.6533203125,-0.6430041152263373,2542,2809,2087,1439,2542,2809,2131,1482,0,0,-184,-182,4900,4900,4900,4500,-29.150000000000002,69.53,-184.5,-24.282966049649673,-24.693915221250947,49.98439508292379,-0.6121800931820556,-0.6555881284368318,0.4420856697115409
,505,0,-0.5654296875,-0.6347736625514403,0.5654296875,0.6347736625514403,1747,1976,2882,2272,1784,2025,2881,2272,-144,-207,14,0,4900,4800,5000,4900,-29.96,16.65,-228.05,22.730248035523203,25.13087926668106,50.87913281938178,0.6236727004677566,0.6380999749526522,0.45150945134812054
,506,0,0.1845703125,-0.1347736625514403,-0.1845703125,0.1347736625514403,2236,2302,2393,1946,2236,2308,2408,1947,-1,-15,-43,0,5000,5000,5000,4900,-43.56,35.08,-199.91,-6.654168920789203,8.679488020792071,64.38440091047374,-0.17902039735733233,0.22538819780437763,0.957680456948202
,507,0,-0.1904296875,0.3652263374485596,0.1904296875,-0.3652263374485596,1992,2628,2637,1620,2003,2629,2636,1646,-32,-1,14,-86,5000,5000,4900,5000,-40.85,60.02,-216.14000000000001,7.869539156455886,-17.305896893251898,61.81880652399276,0.23026347718477438,-0.4980667831283304,0.8360073029698805
,508,0,0.5595703125,-0.46810699588477367,-0.5595703125,0.46810699588477367,2481,2085,2148,2163,2482,2118,2186,2164,0,-118,-147,0,5000,4900,4900,5000,-34.410000000000004,25.35,-184.13,-21.69753890024205,19.425313917678608,55.130858591172476,-0.5774383068623439,0.5231268555850344,0.6268199859079666
,509,0,-0.3779296875,0.03189300411522633,0.3779296875,-0.03189300411522633,1870,2411,2759,1837,1900,2412,2759,1839,-105,0,0,-17,5000,4900,5000,4900,-40.93,41.87,-225.86,18.791141437900848,0.14744188388667112,61.901686777179386,0.5530649561899568,-0.012715209161115902,0.8330411020415441
,510,0,0.3720703125,0.5318930041152261,-0.3720703125,-0.5318930041152261,2359,2737,2270,1511,2359,2738,2292,1546,0,0,-70,-136,5000,4900,4800,4900,-36.27,67.66,-195.28,-13.43590886432304,-23.53480921319222,57.153601711298755,-0.3397829470644697,-0.646296863948456,0.6832626965776593
,511,0,-0.0029296875,-0.301440329218107,0.0029296875,0.301440329218107,2114,2193,2515,2055,2115,2221,2516,2055,0,-83,0,0,5000,5000,4900,4900,-42.14,27.38,-206.55,0.49686608739480675,15.910080550891273,62.97826081240375,0.03431982302587774,0.45141710035253124,0.8916528199118674
,512,0,0.7470703125,0.19855967078189307,-0.7470703125,-0.19855967078189307,2603,2519,2026,1729,2604,2519,2086,1737,0,0,-293,-26,5000,5000,5100,4900,-32.2,49.2,-175.37,-32.035519564238086,-3.785854035732399,52.937222789725425,-0.8263670144599815,-0.10516528744720818,0.5532249268865621
,513,0,-0.74853515625,0.6985596707818931,0.74853515625,-0.6985596707818931,1628,2845,3001,1403,1681,2846,3000,1447,-243,0,12,-191,5000,5100,4900,5000,-25.37,69.44,-235.76,26.88402693320134,-28.071792951712595,46.46120460681776,0.6850895462998026,-0.6741388891224043,0.2760236796427827
,514,0,0.00146484375,-0.727366255144033,-0.00146484375,0.727366255144033,2117,1916,2512,2332,2118,1980,2512,2332,0,-304,15,0,5000,5000,4900,4700,-31.19,10.26,-207.56,2.712222595138485,32.89162488945824,51.99025155590591,0.09644352469728568,0.8588875309473865,0.50300184465573
,515,0,-0.37353515625,-0.22736625514403297,0.37353515625,0.22736625514403297,1872,2242,2757,2006,1899,2249,2756,2007,-90,-15,15,0,5000,4900,5000,5000,-39.53,31.07,-224.64000000000001,18.30917100688177,11.001083714261178,60.46831190591648,0.5365073398925098,0.2918396776665996,0.7918266709204222
,516,0,0.37646484375,0.27263374485596703,-0.37646484375,-0.27263374485596703,2361,2568,2268,1680,2361,2569,2294,1697,0,0,-88,-51,5000,5000,5000,4900,-40.6,55.14,-192.13,-15.75512934734283,-10.818556428755045,61.43611633163983,-0.42338273275253374,-0.33256834931552104,0.8427012250142666
,517,0,-0.56103515625,-0.5606995884773662,0.56103515625,0.5606995884773662,1750,2024,2879,2224,1787,2064,2878,2225,-144,-150,14,0,4800,4800,5000,4900,-31.43,19.150000000000002,-228.84,23.34270945299437,22.58750666245917,52.35938509794877,0.642953526210683,0.5783487162950641,0.5021190351829936
,518,0,0.18896484375,-0.06069958847736623,-0.18896484375,0.06069958847736623,2239,2350,2390,1898,2239,2353,2407,1898,-1,-8,-51,0,5000,4900,5000,5000,-43.92,38.74,-199.23000000000002,-7.581222982255497,5.074721896922384,64.75023141674731,-0.20639630511086768,0.11795299451774989,0.9713329276416386
,519,0,-0.18603515625,0.43930041152263377,0.18603515625,-0.43930041152263377,1995,2676,2634,1572,2004,2677,2633,1605,-27,-4,12,-124,4900,5000,5000,4900,-39.52,63.52,-215.51,7.0113279484124575,-20.759230451025502,60.494510159449185,0.2043139527657805,-0.5834370663551526,0.7860388020372253
,520,0,0.56396484375,-0.3940329218106996,-0.56396484375,0.3940329218106996,2484,2133,2145,2115,2485,2160,2184,2116,0,-82,-152,0,5000,4800,5000,5000,-35.39,28.72,-183.21,-22.847478215188488,16.127843701276092,56.1147436169142,-0.610351130381945,0.4326163992994316,0.663562015714188
,521,0,-0.65478515625,0.10596707818930051,0.65478515625,-0.10596707818930051,1689,2459,2940,1789,1743,2459,2939,1791,-255,0,14,-16,5000,5000,4800,5000,-34.13,43.42,-236.89000000000001,29.724196806120688,-2.162300312272066,55.16100496428222,0.8131115541580842,-0.05688371901185025,0.5793218820362351
,522,0,0.09521484375,0.6059670781893005,-0.09521484375,-0.6059670781893005,2178,2785,2451,1463,2178,2785,2453,1509,0,0,-13,-198,5000,5000,5100,4900,-35.660000000000004,71.66,-210.3,1.2828509305866191,-28.540347906489544,56.62901378763433,0.041145075636023425,-0.7644405264883528,0.6433799532260203
,523,0,-0.27978515625,-0.6718106995884774,0.27978515625,0.6718106995884774,1934,1952,2695,2296,1948,2009,2695,2296,-35,-259,0,0,5100,4800,5100,4900,-32.47,12.98,-215.5,10.444395495024196,29.64602979454989,53.31690702217421,0.31053604551742864,0.7775936379124718,0.5467316514639019
,524,0,0.47021484375,-0.1718106995884774,-0.47021484375,0.1718106995884774,2423,2278,2206,1970,2424,2283,2241,1971,0,-11,-140,0,5000,4800,4900,5000,-39.300000000000004,36.61,-185.99,-20.624922750808224,8.07953660063972,60.05854888867899,-0.5596896524922974,0.20314260303202367,0.8034180578792239
,525,0,-0.46728515625,0.32818930041152283,0.46728515625,-0.32818930041152283,1811,2604,2818,1644,1845,2605,2817,1663,-136,0,14,-58,5000,5000,5000,5000,-37.61,55.86,-228.57,20.56733614206445,-14.002898750757282,58.63066365032057,0.583699533864277,-0.3814706750965364,0.7167809834307959
,526,0,0.28271484375,-0.5051440329218106,-0.28271484375,0.5051440329218106,2300,2061,2329,2187,2301,2099,2345,2188,-9,-144,-46,0,5000,5000,5000,5000,-37.2,20.0,-197.85,-7.661561501446812,23.845839146892317,57.976081808847034,-0.19681447576404637,0.6594336959580609,0.7255420475512189
,527,0,-0.09228515625,-0.005144032921810648,0.09228515625,0.005144032921810648,2056,2387,2573,1861,2065,2389,2572,1863,-26,-9,4,-15,5000,5000,5000,5000,-44.49,41.43,-212.95000000000002,5.923172639843756,1.4672377578384541,65.39579866195481,0.18903512216773669,0.018244509564053504,0.9818008252480723
,528,0,0.65771484375,0.49485596707818913,-0.65771484375,-0.49485596707818913,2545,2713,2084,1535,2545,2714,2129,1564,0,0,-184,-107,4900,5000,4800,5000,-31.75,63.78,-181.79,-26.611479915604235,-18.766840281684466,52.55624380258447,-0.6780807787319972,-0.5016788228906827,0.5371450606467743
,529,0,-0.70166015625,-0.338477366255144,0.70166015625,0.338477366255144,1659,2169,2970,2079,1715,2188,2969,2080,-264,-51,14,0,5100,5000,5000,4900,-31.62,30.1,-236.66,30.40530002740624,11.135658021461737,52.61624514138457,0.8160618348758049,0.29109006476665916,0.4993091786190972
,530,0,0.04833984375,0.1615226337448561,-0.04833984375,-0.1615226337448561,2148,2495,2481,1753,2149,2495,2485,1765,0,0,-16,-37,5000,5000,5000,5000,-44.14,51.28,-207.96,0.28189215786338195,-8.024783312018783,65.04566935296468,0.007613663602944478,-0.24492682447613412,0.9695116723271451
,531,0,-0.32666015625,0.6615226337448559,0.32666015625,-0.6615226337448559,1903,2821,2726,1427,1923,2822,2725,1477,-54,0,12,-221,4800,4800,4800,4900,-33.24,72.19,-220.05,10.986474917754151,-29.733576155717188,54.25926952697833,0.29670970258272195,-0.7760344291432538,0.5565374355580918
,532,0,0.42333984375,-0.6162551440329218,-0.42333984375,0.6162551440329218,2392,1988,2237,2260,2393,2040,2259,2260,0,-225,-76,0,5000,4700,5100,4800,-33.39,17.72,-191.31,-14.014394174211276,26.55079296011323,54.12759614560264,-0.3699393323127646,0.7174248518646941,0.5902935475972165
,533,0,-0.51416015625,-0.11625514403292181,0.51416015625,0.11625514403292181,1781,2314,2848,1934,1822,2317,2847,1935,-170,-11,14,0,4800,4800,5000,5000,-37.76,37.97,-231.18,24.377338577535397,3.6707166950486467,58.74855561559254,0.6944156981933892,0.09207464580756859,0.7136589505513113
,534,0,0.23583984375,0.3837448559670782,-0.23583984375,-0.3837448559670782,2270,2640,2359,1608,2270,2641,2374,1634,0,0,-37,-87,4900,4900,5000,4900,-40.59,61.36,-200.63,-7.694084968916684,-17.59762187328471,61.4844405266996,-0.2010011504605378,-0.5099311053708344,0.8364022987108648
,535,0,-0.13916015625,-0.4495884773662552,0.13916015625,0.4495884773662552,2025,2097,2604,2151,2030,2135,2604,2153,-18,-146,0,-16,5000,5000,5000,5000,-38.97,21.18,-211.77,6.138429872668041,21.73485372274574,59.81881852726256,0.18815333617789395,0.5997699647032466,0.7777366594966413
,536,0,0.61083984375,0.05041152263374471,-0.61083984375,-0.05041152263374471,2514,2423,2115,1825,2514,2424,2164,1827,0,0,-214,-16,4900,5000,4800,4800,-36.25,43.19,-179.66,-27.369525556752592,1.9327071225851071,56.99348439380029,-0.7252979900618666,0.034429516222474435,0.6875735844438048
,537,0,-0.60791015625,0.5504115226337447,0.60791015625,-0.5504115226337447,1720,2749,2909,1499,1763,2750,2908,1532,-179,0,13,-119,5100,4900,5000,5000,-31.34,65.0,-232.06,23.46313631749203,-23.375334161794044,52.40134620697752,0.6335838463344398,-0.5971798668818954,0.49188181126666963
,538,0,0.14208984375,-0.28292181069958844,-0.14208984375,0.28292181069958844,2209,2206,2420,2042,2209,2232,2429,2044,-2,-73,-26,-17,5000,5000,4900,5000,-42.34,29.11,-202.99,-3.1726414776591128,14.424676700984577,63.164780604099626,-0.07638891126517025,0.4102063082561754,0.9087879394570337
,539,0,-0.23291015625,0.21707818930041145,0.23291015625,-0.21707818930041145,1964,2532,2665,1716,1981,2532,2664,1730,-49,0,14,-44,5000,5000,5000,4900,-42.36,52.44,-219.04,11.266885246753588,-9.934437850500842,63.32417396212301,0.3383178301468017,-0.28977316402360864,0.8953058467454049
,540,0,0.51708984375,0.7170781893004115,-0.51708984375,-0.7170781893004115,2453,2857,2176,1391,2454,2858,2208,1439,0,0,-116,-209,5000,4800,5000,4700,-29.87,74.02,-191.49,-17.615301484884185,-29.64300827408951,50.75076784217076,-0.4356255545583458,-0.7757286291452065,0.45659114111011007
,541,0,-0.42041015625,-0.7088477366255144,0.42041015625,0.7088477366255144,1842,1928,2787,2320,1867,1986,2787,2320,-79,-264,0,0,4800,4900,4700,4800,-30.26,12.63,-220.9,15.86631961161288,29.624749812606602,51.13312909474602,0.45793533517388846,0.7562144717173549,0.4673701975569481
,542,0,0.32958984375,-0.20884773662551437,-0.32958984375,0.20884773662551437,2331,2254,2298,1994,2331,2262,2323,1995,0,-16,-80,0,5000,5000,5000,5000,-41.38,32.980000000000004,-193.09,-13.306377086600577,11.228394100339322,62.16494054444797,-0.36219061155043075,0.29504942355297054,0.8841740770718085
,543,0,-0.04541015625,0.29115226337448563,0.04541015625,-0.29115226337448563,2086,2580,2543,1668,2090,2581,2543,1691,-15,0,13,-73,4900,5000,5000,5000,-42.62,57.410000000000004,-209.44,1.3523722471479402,-14.244955936650214,63.54859724440373,0.05118978961453993,-0.4286605081899817,0.9020142871138603
,544,0,0.70458984375,-0.5421810699588477,-0.70458984375,0.5421810699588477,2575,2037,2054,2211,2576,2074,2103,2212,0,-131,-223,0,4800,5000,4700,4700,-29.77,24.26,-178.98,-26.739810279702425,20.846870517115555,50.462360313302796,-0.6937529039388187,0.5466008620855666,0.46897164716405954
,545,0,-0.72509765625,-0.04218106995884774,0.72509765625,0.04218106995884774,1643,2363,2986,1885,1704,2364,2985,1885,-303,-1,14,0,4800,4900,4800,4900,-31.810000000000002,40.800000000000004,-239.28,32.296656837568975,0.28391641621733044,52.84640497640966,0.8675608308969694,0.00429456647192928,0.49731253894525773
,546,0,0.02490234375,0.45781893004115215,-0.02490234375,-0.45781893004115215,2132,2688,2497,1560,2133,2689,2498,1596,0,0,0,-137,4800,5000,4900,4800,-39.39,65.36,-211.43,2.8171854689280167,-22.32025897406129,60.34870614011943,0.07891686490675219,-0.6195331312957014,0.7809934875914349
,547,0,-0.35009765625,-0.3755144032921811,0.35009765625,0.3755144032921811,1888,2145,2741,2103,1910,2175,2741,2103,-66,-100,0,0,5000,5000,5000,5000,-38.5,25.92,-222.34,16.366785984258996,16.291501611503705,59.413788840058395,0.48004172069089074,0.4470319305042727,0.7547995757191122
,548,0,0.39990234375,0.124485596707819,-0.39990234375,-0.124485596707819,2377,2471,2252,1777,2378,2471,2282,1783,0,0,-112,-20,5000,4900,5000,4900,-41.02,47.82,-189.5,-17.887395456404477,-3.336688337532337,61.82443463624388,-0.48819283591024604,-0.11199679894620153,0.8655197698445224
,549,0,-0.53759765625,0.6244855967078189,0.53759765625,-0.6244855967078189,1766,2797,2863,1451,1802,2797,2861,1493,-139,0,13,-179,5100,5000,5000,5000,-31.25,68.81,-228.84,19.99395309394123,-26.959752136544395,52.30482914257837,0.5389287752944294,-0.6853746584709335,0.48971149944176173
,550,0,0.21240234375,-0.6532921810699589,-0.21240234375,0.6532921810699589,2254,1964,2375,2284,2254,2019,2385,2284,0,-248,-27,0,4900,5000,5000,4900,-33.71,13.71,-202.15,-2.9302750581102828,29.82153527336723,54.49180506967536,-0.0597550783585714,0.7995335475436002,0.597641562278517
,551,0,-0.16259765625,-0.1532921810699588,0.16259765625,0.1532921810699588,2010,2290,2619,1958,2021,2296,2618,1959,-32,-15,14,0,5000,5000,5000,5000,-42.97,33.35,-215.56,9.07954740773792,9.34845263814693,63.868497010346594,0.27980911845424405,0.24918192722396207,0.9271543692259727
,552,0,0.58740234375,0.3467078189300412,-0.58740234375,-0.3467078189300412,2499,2616,2130,1632,2499,2617,2171,1652,0,0,-163,-61,5000,4800,5000,4800,-35.64,57.13,-183.03,-24.944562293884275,-12.20451039990779,56.43560098711139,-0.6529354199450466,-0.35482347770152667,0.6691603971044455
,553,0,-0.63134765625,-0.4866255144032922,0.63134765625,0.4866255144032922,1704,2073,2925,2175,1751,2103,2925,2175,-208,-103,2,0,4800,4900,5000,4800,-31.26,22.86,-232.31,26.555343631170103,18.651472261955448,52.21615508968074,0.7257391133884548,0.4758566593819817,0.4968532771552998
,554,0,0.11865234375,0.013374485596707952,-0.11865234375,-0.013374485596707952,2193,2399,2436,1849,2193,2401,2445,1853,0,-10,-28,-17,5000,5000,5000,5000,-44.65,43.03,-202.77,-4.342219020405253,0.5578621321416506,65.50880323300694,-0.11740027602227326,-0.011424608102535923,0.9930189592951371
,555,0,-0.25634765625,0.5133744855967075,0.25634765625,-0.5133744855967075,1949,2725,2680,1523,1963,2726,2679,1559,-37,0,13,-141,4900,5000,4900,4800,-37.38,66.51,-218.20000000000002,9.503830418312162,-23.929936301620046,58.375582164790195,0.2699554718422458,-0.6533612478817402,0.7072786742075897
,556,0,0.49365234375,-0.31995884773662553,-0.49365234375,0.31995884773662553,2438,2181,2191,2067,2439,2204,2223,2067,0,-64,-120,0,5000,4900,5000,4900,-37.86,31.36,-185.65,-20.60306844835091,13.336376179686063,58.603605580630166,-0.5568526788923011,0.3604837151853098,0.748309150750319
,557,0,-0.44384765625,0.18004115226337447,0.44384765625,-0.18004115226337447,1827,2507,2802,1741,1862,2507,2801,1749,-131,0,15,-27,5000,5000,4900,5000,-39.32,48.77,-228.16,20.628241860239996,-6.896531010003692,60.32067194221446,0.6007135541954579,-0.1926650456884741,0.7759016728785414
,558,0,0.30615234375,0.6800411522633745,-0.30615234375,-0.6800411522633745,2316,2833,2313,1415,2316,2834,2330,1466,-4,0,-46,-222,5000,4900,4900,4900,-33.3,73.85000000000001,-201.03,-8.102244824939447,-30.10694955536796,54.22811042986708,-0.19506315644180208,-0.8018752112438712,0.5647534954221693
,559,0,-0.06884765625,-0.5977366255144033,0.06884765625,0.5977366255144033,2071,2000,2558,2248,2072,2052,2559,2248,-4,-224,0,0,5000,5000,4800,4900,-35.32,14.94,-207.37,2.1870321541462374,28.24691645809538,56.13105565515006,0.08286232309167628,0.7580814717854782,0.6468742671859916
,560,0,0.68115234375,-0.09773662551440332,-0.68115234375,0.09773662551440332,2560,2326,2069,1922,2561,2327,2123,1923,0,0,-244,0,5000,4900,5000,4900,-33.9,42.4,-176.76,-30.198246797457188,2.909758243307323,54.62698756306457,-0.786837640260414,0.06646032905973581,0.6135711470813257
,561,0,-0.67822265625,0.4022633744855968,0.67822265625,-0.4022633744855968,1674,2652,2955,1596,1728,2653,2954,1616,-251,-4,14,-66,4800,4800,5000,4700,-32.11,57.620000000000005,-235.91,27.798392762820413,-16.26960021062601,53.171993057653324,0.7539658355410892,-0.41041899498137524,0.5129247190332179
,562,0,0.07177734375,-0.43106995884773663,-0.07177734375,0.43106995884773663,2163,2109,2466,2139,2164,2146,2469,2140,0,-138,-16,-13,5000,5000,5000,4800,-39.59,21.81,-207.44,1.7728520381653539,21.400068901369764,60.41869292601224,0.06620074237225027,0.5962108351918292,0.8000938080682946
,563,0,-0.30322265625,0.06893004115226331,0.30322265625,-0.06893004115226331,1918,2435,2711,1813,1944,2435,2710,1819,-82,-2,13,-23,5000,4900,5000,5000,-42.15,43.78,-222.76,15.563511602196371,-1.5456573646958418,63.1109512553312,0.46792507111107423,-0.05802028202078628,0.8818615394153011
,564,0,0.44677734375,0.5689300411522633,-0.44677734375,-0.5689300411522633,2407,2761,2222,1487,2408,2761,2250,1525,0,0,-99,-145,5000,4900,4900,5000,-34.51,68.72,-192.43,-16.34237980438678,-24.405224401317696,55.38201934661869,-0.41020848517375935,-0.6662585046849309,0.6227588647513973
,565,0,-0.49072265625,-0.26440329218106995,0.49072265625,0.26440329218106995,1796,2218,2833,2030,1831,2237,2833,2031,-136,-50,14,0,5000,5000,4900,5000,-37.47,32.54,-229.34,22.909211631783677,9.211589764892949,58.43561968759458,0.6601740754498445,0.24325616684860357,0.7106311472163793
,566,0,0.25927734375,0.23559670781893005,-0.25927734375,-0.23559670781893005,2285,2544,2344,1704,2285,2544,2361,1718,-1,0,-49,-38,5000,5000,5000,5000,-42.25,54.54,-197.6,-10.265151998253344,-10.584093928682123,63.1119970083421,-0.2766573996635008,-0.3145200594260134,0.9080406463535023
,567,0,-0.11572265625,0.73559670781893,0.11572265625,-0.73559670781893,2041,2870,2588,1378,2043,2871,2587,1434,-11,0,10,-263,5000,5000,5100,4900,-31.69,76.73,-210.18,0.8403288835380067,-33.60204031285781,52.67128158077776,0.028568910696430336,-0.8659233374720327,0.4993601815953248
,568,0,0.63427734375,-0.7397119341563786,-0.63427734375,0.7397119341563786,2529,1908,2100,2340,2529,1967,2139,2340,0,-269,-155,0,5000,5100,5100,5000,-26.82,15.77,-183.64000000000001,-21.503564279132718,28.994815140218776,47.514322620131054,-0.5513573082269293,0.7483873156402733,0.36867539171132746
,569,0,-0.58447265625,-0.2397119341563786,0.58447265625,0.2397119341563786,1735,2234,2894,2014,1780,2241,2893,2015,-192,-15,15,0,5000,4900,5000,5000,-35.39,32.980000000000004,-232.9,26.44143320939736,8.52656883757831,56.3746109404561,0.7413323686346995,0.22324443328634133,0.6329204074930173
,570,0,0.16552734375,0.2602880658436213,-0.16552734375,-0.2602880658436213,2224,2560,2405,1688,2224,2561,2416,1706,0,0,-30,-58,5000,5000,5000,4900,-42.85,55.64,-202.68,-5.273875908384525,-12.02245486535341,63.74023327803835,-0.1412207241788134,-0.3621940023708087,0.9213426136400215
,571,0,-0.20947265625,-0.573045267489712,0.20947265625,0.573045267489712,1979,2016,2650,2232,1989,2064,2650,2233,-25,-199,0,0,4900,5000,5000,5000,-35.65,16.34,-213.44,8.147111142435818,26.441704407162018,56.495017060403555,0.24217458022080202,0.7120424401993016,0.6590501013200003
,572,0,0.54052734375,-0.07304526748971196,-0.54052734375,0.07304526748971196,2468,2342,2161,1906,2469,2343,2204,1906,0,0,-180,0,5000,5000,5000,5000,-38.0,41.28,-182.49,-24.425627009762763,3.6525039564668376,58.752819550955245,-0.6551409590793482,0.07666295151280211,0.7516070220547016
,573,0,-0.39697265625,0.4269547325102878,0.39697265625,-0.4269547325102878,1857,2668,2772,1580,1885,2669,2771,1606,-93,0,12,-91,5000,4900,4900,5000,-37.550000000000004,61.34,-224.59,16.227104224251264,-19.20216951490289,58.564554492888966,0.46353639116478634,-0.5206987669482157,0.7169426812267029
,574,0,0.35302734375,-0.4063786008230453,-0.35302734375,0.4063786008230453,2346,2125,2283,2123,2346,2156,2305,2124,0,-102,-70,0,5000,5000,5000,5000,-38.67,25.38,-192.89000000000001,-12.980197050417928,18.816802783215422,59.43478299484638,-0.34405495650807427,0.5222465862966298,0.7803106368644115
,575,0,-0.02197265625,0.09362139917695478,0.02197265625,-0.09362139917695478,2102,2451,2527,1797,2106,2452,2528,1806,-14,-9,0,-27,5000,5000,5000,5000,-44.65,47.75,-208.99,1.5451730263509944,-4.5708372014626235,65.55190814314889,0.06250648620738795,-0.15268690232012483,0.9862959236668731
,576,0,0.72802734375,0.5936213991769548,-0.72802734375,-0.5936213991769548,2591,2777,2038,1471,2592,2777,2090,1508,0,0,-234,-139,4900,5000,4900,4800,-28.46,67.93,-180.13,-28.531706993665637,-22.80483277289187,49.2684566121428,-0.69850546600624,-0.5790543020515443,0.4204595453013334
,577,0,-0.73681640625,-0.684156378600823,0.73681640625,0.684156378600823,1636,1944,2993,2304,1687,1994,2993,2304,-225,-208,0,0,5000,4900,5000,4500,-24.46,16.52,-233.87,28.572266869066937,24.852373071081956,45.40806800094532,0.748052811639868,0.6027764530637676,0.27762841826720835
,578,0,0.01318359375,-0.18415637860082312,-0.01318359375,0.18415637860082312,2125,2270,2504,1978,2126,2278,2507,1979,-1,-18,-15,0,5000,5000,5000,5000,-43.33,31.16,-209.21,2.8900621248763514,11.962717887827608,64.19112549258597,0.08957553899718,0.3201679717211882,0.9431164788600106
,579,0,-0.36181640625,0.3158436213991771,0.36181640625,-0.3158436213991771,1880,2596,2749,1652,1903,2597,2748,1673,-72,0,13,-68,5000,4900,5000,5000,-39.58,55.61,-224.58,16.593814618939774,-13.478760619226534,60.57999838923543,0.4805565187285756,-0.3831607259888619,0.7888303305319596
,580,0,0.38818359375,-0.5174897119341564,-0.38818359375,0.5174897119341564,2369,2053,2260,2195,2370,2089,2285,2196,0,-133,-83,0,5000,5000,4900,5000,-35.99,20.48,-192.77,-12.756463295732289,23.706059863749815,56.74184623222856,-0.333670840201834,0.649312508685363,0.6834157127720447
,581,0,-0.54931640625,-0.017489711934156382,0.54931640625,0.017489711934156382,1758,2379,2871,1869,1802,2380,2870,1869,-188,-3,14,0,4800,4800,4900,4800,-36.76,39.74,-232.93,26.0087754407175,1.7838786683389358,57.7618155168772,0.7339812267102338,0.03862274164388162,0.6780706767475279
,582,0,0.20068359375,0.4825102880658434,-0.20068359375,-0.4825102880658434,2247,2705,2382,1543,2247,2706,2393,1579,0,0,-29,-135,4900,5000,4900,5000,-38.83,66.07000000000001,-203.62,-5.0201212239486495,-22.503550250812538,59.75135523013636,-0.1261367919277643,-0.6271994815346895,0.7685768146937484
,583,0,-0.17431640625,-0.35082304526748975,0.17431640625,0.35082304526748975,2002,2161,2627,2087,2009,2190,2627,2088,-22,-93,0,-17,5000,5000,5000,5000,-40.65,25.71,-214.73000000000002,8.777983380504708,17.020370749292226,61.5250739513665,0.26624885150033195,0.4776110161159556,0.8372569894360027
,584,0,0.57568359375,0.14917695473251025,-0.57568359375,-0.14917695473251025,2491,2487,2138,1761,2492,2487,2183,1767,0,0,-188,-22,5000,5000,4800,5000,-37.25,47.7,-181.83,-25.513529244629126,-2.7104891941649,58.015739574028466,-0.6811000877049898,-0.09055716555571335,0.7265686961979366
,585,0,-0.64306640625,0.6491769547325101,0.64306640625,-0.6491769547325101,1697,2813,2932,1435,1744,2813,2931,1477,-206,0,12,-176,5100,5000,5000,5000,-28.89,68.61,-232.33,23.50085647158855,-27.00231235010898,49.961857241750884,0.6187925774061932,-0.6746405100155571,0.40243748383189887
,586,0,0.10693359375,-0.6286008230452675,-0.10693359375,0.6286008230452675,2186,1980,2443,2268,2186,2037,2445,2268,0,-259,-14,0,5000,4900,5000,5000,-34.47,14.030000000000001,-206.62,1.5042362945840182,29.202989921842697,55.2750104775555,0.060919930852117714,0.7817662806536729,0.6205886273997423
,587,0,-0.26806640625,-0.12860082304526754,0.26806640625,0.12860082304526754,1941,2306,2688,1942,1961,2310,2687,1943,-59,-12,15,0,5000,5000,5000,5000,-42.0,35.1,-220.88,14.274016183284488,7.2409013705219465,62.929603089712394,0.42853543845799574,0.1860445350868312,0.8841633383882971
,588,0,0.48193359375,0.37139917695473246,-0.48193359375,-0.37139917695473246,2430,2632,2199,1616,2431,2633,2231,1638,0,0,-122,-68,5000,4900,4900,5000,-37.61,59.26,-188.19,-19.94956311921203,-14.672001368063633,58.436818508295126,-0.5254075996988063,-0.42611135943443923,0.7364617868835235
,589,0,-0.45556640625,-0.4619341563786008,0.45556640625,0.4619341563786008,1819,2089,2810,2159,1850,2121,2810,2160,-114,-112,0,0,5000,4900,5100,5000,-35.28,22.330000000000002,-225.41,19.68746535340253,19.65707582048678,56.20016179710951,0.5644356243247305,0.5187069101651816,0.6421491784157654
,590,0,0.29443359375,0.0380658436213992,-0.29443359375,-0.0380658436213992,2308,2415,2321,1833,2308,2416,2343,1836,0,0,-68,-16,5000,5000,5000,4800,-42.910000000000004,43.76,-193.96,-13.172884524936364,0.4186815175698513,63.72650822274297,-0.3601358505668744,-0.01266821996001115,0.9328138535310879
,591,0,-0.08056640625,0.538065843621399,0.08056640625,-0.538065843621399,2063,2741,2566,1507,2066,2742,2565,1547,-13,0,13,-164,5000,4900,4800,5000,-37.49,68.85000000000001,-209.73000000000002,0.8948520501990913,-25.693086030670784,58.4490293588114,0.03413207964899258,-0.702469444501132,0.710894985691351
,592,0,0.66943359375,-0.2952674897119342,-0.66943359375,0.2952674897119342,2552,2198,2077,2050,2552,2217,2124,2051,0,-44,-205,-2,5100,5000,5100,5000,-33.8,35.29,-178.21,-28.27150493274229,9.905472195632221,54.51629843079927,-0.7474378518156786,0.2617007202624276,0.6106139457032483
,593,0,-0.68994140625,0.20473251028806594,0.68994140625,-0.20473251028806594,1666,2523,2963,1725,1724,2523,2962,1731,-283,0,15,-22,5100,4800,4800,5000,-33.12,48.08,-237.68,30.20294560700043,-6.867835519437541,54.16675248136732,0.8195426918645763,-0.17442586847129554,0.545825423207273
,594,0,0.06005859375,0.7047325102880657,-0.06005859375,-0.7047325102880657,2155,2849,2474,1399,2156,2850,2474,1452,0,0,0,-246,4900,4800,5000,4900,-32.61,75.59,-211.53,2.2596880054506414,-32.553051719701,53.59515528127492,0.06317791408137273,-0.8450545912100272,0.5309343547437678
,595,0,-0.31494140625,-0.7211934156378601,0.31494140625,0.7211934156378601,1911,1920,2718,2328,1927,1980,2718,2328,-39,-279,0,0,4900,5100,5000,5000,-30.72,11.38,-216.43,11.488643517584052,31.174661391641656,51.567555282885465,0.3376829298893395,0.8061770702447282,0.48584850547570696
,596,0,0.43505859375,-0.2211934156378601,-0.43505859375,0.2211934156378601,2400,2246,2229,2002,2401,2254,2260,2003,0,-17,-118,0,5000,4900,5000,4900,-39.67,33.79,-187.95000000000002,-18.480984709890464,10.761984514947898,60.43124563367356,-0.5035713181511017,0.2808780368185637,0.8170210866119128
,597,0,-0.50244140625,0.2788065843621399,0.50244140625,-0.2788065843621399,1788,2572,2841,1676,1825,2573,2840,1692,-144,0,15,-50,4900,5000,5000,4900,-37.42,52.71,-230.3,22.506765175107716,-10.977293404771316,58.441382599683955,0.6390057262364197,-0.3005830472611973,0.7080406157391249
,598,0,0.24755859375,-0.5545267489711934,-0.24755859375,0.5545267489711934,2277,2029,2352,2219,2277,2073,2366,2220,0,-171,-38,0,4900,5000,5000,4800,-36.38,17.89,-200.14000000000001,-5.2305198112207165,25.79425033367756,57.16224512523487,-0.12537508014378837,0.7096113271639152,0.6933490128640883
,599,0,-0.12744140625,-0.05452674897119347,0.12744140625,0.05452674897119347,2033,2354,2596,1894,2045,2357,2595,1894,-35,-11,14,-14,5000,5000,5000,4900,-44.07,38.15,-214.38,7.573168293495854,4.642120575199101,64.97468889128072,0.2360157344390521,0.1100740310437458,0.965494837265832
,600,0,0.62255859375,0.4454732510288064,-0.62255859375,-0.4454732510288064,2522,2680,2107,1568,2522,2681,2150,1597,0,0,-173,-101,5000,4900,5000,4800,-33.45,61.5,-182.64000000000001,-25.617850394142977,-16.544503111973953,54.25471896525357,-0.6582086494979018,-0.4599594929206931,0.5959854348877046
,601,0,-0.59619140625,-0.38786008230452673,0.59619140625,0.38786008230452673,1727,2137,2902,2111,1772,2160,2901,2111,-191,-66,14,0,5100,4800,5000,4900,-33.71,26.740000000000002,-231.97,25.942574314434296,14.8102529663133,54.67421287729551,0.7181935110245997,0.38933424649949533,0.5767295078499362
,602,0,0.15380859375,0.11213991769547338,-0.15380859375,-0.11213991769547338,2216,2463,2413,1785,2216,2464,2424,1793,0,-2,-30,-28,5000,5000,5000,5000,-44.13,48.43,-201.64000000000001,-5.831356384633182,-4.755104006101483,64.99678690090201,-0.1581623477567068,-0.1574246441986867,0.9747831313430712
,603,0,-0.22119140625,0.6121399176954734,0.22119140625,-0.6121399176954734,1972,2789,2657,1459,1983,2789,2656,1505,-28,0,14,-200,5000,4900,4900,4700,-35.230000000000004,71.06,-215.62,6.633221025842801,-28.30171511913305,56.224175256134515,0.18424754896432596,-0.7541177758760365,0.6303643555979502
,604,0,0.52880859375,-0.6656378600823045,-0.52880859375,0.6656378600823045,2461,1956,2168,2292,2462,2009,2201,2292,0,-231,-120,0,4800,4900,5100,5000,-30.650000000000002,16.88,-187.35,-17.895432126982342,27.648099483740243,51.365665154003395,-0.46616483747564513,0.7328354776303886,0.4956233519796516
,605,0,-0.40869140625,-0.16563786008230452,0.40869140625,0.16563786008230452,1850,2282,2779,1966,1884,2287,2778,1967,-126,-12,9,0,5000,5000,5000,5000,-39.86,34.800000000000004,-226.08,19.492687364803174,7.183423089587784,60.814947716747945,0.5751649500491595,0.18469416834871677,0.7969148915743286
,606,0,0.34130859375,0.3343621399176957,-0.34130859375,-0.3343621399176957,2338,2608,2291,1640,2338,2609,2314,1661,0,0,-70,-64,5000,5000,5000,5000,-40.25,58.54,-194.57,-13.548357846567512,-14.376351268987804,61.10694248975828,-0.35665788080982685,-0.42582761942415426,0.8315443431301787
,607,0,-0.03369140625,-0.4989711934156379,0.03369140625,0.4989711934156379,2094,2065,2535,2183,2095,2106,2536,2184,0,-162,0,0,5000,5000,4900,5000,-37.87,18.76,-206.19,0.7397496287206593,24.522494015680735,58.684749208033,0.039885129740184565,0.672925258788337,0.7386343970532773
,608,0,0.71630859375,0.0010288065843621075,-0.71630859375,-0.0010288065843621075,2583,2391,2046,1857,2584,2392,2103,1857,0,-1,-280,0,4800,4900,4700,4800,-32.9,42.74,-175.59,-31.38367049621533,2.646577657134557,53.62199670067611,-0.8123816225941931,0.06149879563646651,0.5798741220355408
,609,0,-0.71337890625,0.501028806584362,0.71337890625,-0.501028806584362,1651,2717,2978,1531,1706,2718,2977,1559,-264,0,13,-104,4800,5100,5100,4700,-29.810000000000002,61.65,-236.29,27.916806899531167,-20.322609954026703,50.88411410278573,0.7429252710623113,-0.509108925837137,0.4345919272719511
,610,0,0.03662109375,-0.3323045267489712,-0.03662109375,0.3323045267489712,2140,2173,2489,2075,2141,2202,2490,2075,0,-92,-14,0,5000,5000,4900,4900,-41.51,25.88,-208.47,2.51669155612376,17.275378037752148,62.354107106778926,0.0860588713987928,0.48628530220185584,0.8695518820151077
,611,0,-0.33837890625,0.16769547325102885,0.33837890625,-0.16769547325102885,1895,2499,2734,1749,1922,2499,2733,1759,-84,0,15,-32,4900,4900,5000,4900,-41.26,48.65,-224.08,16.556302646622953,-6.496112735612755,62.23988434477483,0.49179286733966826,-0.18908549688384538,0.849933203553089
,612,0,0.41162109375,0.6676954732510287,-0.41162109375,-0.6676954732510287,2384,2825,2245,1423,2385,2826,2268,1471,0,0,-72,-210,5000,4800,5000,4900,-32.72,72.77,-195.5,-13.543936461941229,-28.658138774297,53.617668419158946,-0.3324673718895577,-0.7648798920662819,0.5517464973531987
,613,0,-0.52587890625,-0.6100823045267489,0.52587890625,0.6100823045267489,1773,1992,2856,2256,1807,2042,2856,2256,-129,-214,0,0,4900,4700,4900,4600,-31.26,17.68,-226.84,21.447262288972723,24.188544068210547,52.17564812892187,0.6066907928286556,0.6186230321643832,0.4992312349730158
,614,0,0.22412109375,-0.11008230452674894,-0.22412109375,0.11008230452674894,2262,2318,2367,1930,2262,2323,2386,1931,-4,-12,-56,0,5000,5000,5000,5000,-43.480000000000004,36.93,-197.75,-8.933622599546254,6.979144413159418,64.29824673249217,-0.2425237089068519,0.17418127216735105,0.9543810219426135
,615,0,-0.15087890625,0.38991769547325106,0.15087890625,-0.38991769547325106,2018,2644,2611,1604,2026,2645,2610,1633,-24,0,14,-103,5000,4900,5000,5000,-40.65,61.53,-214.12,5.75327817635889,-18.67680022538748,61.612497246308905,0.17078438090974019,-0.5354604882030912,0.8271123024176249
,616,0,0.59912109375,-0.4434156378600823,-0.59912109375,0.4434156378600823,2507,2101,2122,2147,2507,2131,2164,2148,0,-106,-169,0,5000,4900,5000,4900,-33.94,26.89,-182.24,-23.68481651542359,18.014940315656105,54.65528106550876,-0.628066513579334,0.47944400943968496,0.6129158966226109
,617,0,-0.61962890625,0.05658436213991758,0.61962890625,-0.05658436213991758,1712,2427,2917,1821,1762,2428,2916,1822,-225,0,16,0,5100,4900,5000,5000,-34.97,41.550000000000004,-235.65,28.609110638200917,-0.2105410262526206,55.9900517226444,0.791440352200213,-0.01188302915995098,0.6111308882123262
,618,0,0.13037109375,0.5565843621399176,-0.13037109375,-0.5565843621399176,2201,2753,2428,1495,2201,2753,2434,1535,0,0,-18,-162,4900,5000,4900,4700,-37.07,69.67,-208.31,-0.5751781686271329,-26.416654585571322,58.023988534775754,-0.007183460833643617,-0.7174575773984107,0.6965651602858524
,619,0,-0.24462890625,-0.2767489711934157,0.24462890625,0.2767489711934157,1957,2210,2672,2038,1972,2235,2672,2039,-41,-74,0,0,5000,4900,5000,4900,-41.24,30.0,-218.65,12.396793876109655,12.477484403158392,62.14555299453401,0.37228652668850776,0.355294131919972,0.8574198632347172
,620,0,0.50537109375,0.22325102880658432,-0.50537109375,-0.22325102880658432,2445,2536,2184,1712,2446,2536,2221,1723,0,0,-146,-30,5000,5000,5000,5000,-38.58,52.06,-185.52,-22.13248909335519,-7.305589984093132,59.37523073835227,-0.596013253176884,-0.20975836363238534,0.7750933046567817
,621,0,-0.43212890625,0.7232510288065841,0.43212890625,-0.7232510288065841,1834,2861,2795,1387,1862,2862,2794,1436,-92,0,13,-216,4900,5100,4900,5000,-30.36,73.99,-223.33,14.151468978796885,-31.758899511279154,51.400305046789825,0.37476283711131486,-0.8068113487309125,0.45673653617735055
,622,0,0.31787109375,-0.7026748971193416,-0.31787109375,0.7026748971193416,2323,1932,2306,2316,2323,1992,2320,2316,0,-273,-39,0,4900,5000,5100,4900,-31.82,13.05,-196.88,-8.134562190772982,30.83002559702739,52.57374805595407,-0.2034917878448928,0.8213316608256639,0.5329215657158617
,623,0,-0.05712890625,-0.2026748971193416,0.05712890625,0.2026748971193416,2079,2258,2550,1990,2084,2266,2550,1991,-17,-17,13,0,5000,5000,5000,5000,-43.02,30.44,-209.34,3.0698271383681686,12.671422816530686,63.879963374139265,0.10439581622656265,0.3442845242512551,0.9330432358232262
,624,0,0.69287109375,0.2973251028806585,-0.69287109375,-0.2973251028806585,2568,2584,2061,1664,2569,2585,2111,1680,0,0,-223,-46,4800,5000,5000,4900,-33.25,53.77,-178.04,-29.684956456408344,-8.52248955755499,54.012135348735754,-0.7680333861897226,-0.2489069663094266,0.5900593527947723
,625,0,-0.66650390625,-0.5360082304526749,0.66650390625,0.5360082304526749,1682,2041,2947,2207,1734,2074,2947,2208,-235,-111,0,0,4900,5100,4800,4900,-29.75,20.87,-232.6,26.986203112228992,20.613060693826746,50.70260597203363,0.7247004736338959,0.5273482149566344,0.4435234871986584
,626,0,0.08349609375,-0.03600823045267498,-0.08349609375,0.03600823045267498,2170,2367,2459,1881,2171,2369,2466,1882,0,-9,-24,-16,5000,5000,5000,5000,-44.69,39.61,-204.69,-2.1961243290946584,3.8406959291607023,65.54978904857569,-0.05608940346834586,0.0836628810414214,0.9949143184990424
,627,0,-0.29150390625,0.463991769547325,0.29150390625,-0.463991769547325,1926,2692,2703,1556,1945,2693,2702,1591,-55,0,14,-129,4900,4900,5000,5000,-38.230000000000004,63.7,-220.14000000000001,11.62482064263034,-21.2547448070611,59.22819634235597,0.33061505068600955,-0.5857812934595088,0.7399688942738016
,628,0,0.45849609375,-0.36934156378600824,-0.45849609375,0.36934156378600824,2415,2149,2214,2099,2416,2175,2243,2099,0,-83,-106,0,5000,5000,4800,4900,-37.77,28.53,-187.72,-18.346485240519286,16.020068268132945,58.51683576710101,-0.4959936680865832,0.4398230125033891,0.7486961993295139
,629,0,-0.47900390625,0.13065843621399176,0.47900390625,-0.13065843621399176,1804,2475,2825,1773,1842,2475,2824,1778,-156,0,14,-21,5000,4900,4900,5000,-38.74,45.79,-229.79,22.45831736186122,-4.0349089287477895,59.74132513551357,0.6488988110744206,-0.11498793451200616,0.75213569779852
,630,0,0.27099609375,0.6306584362139918,-0.27099609375,-0.6306584362139918,2293,2801,2336,1447,2293,2801,2350,1494,0,-2,-36,-204,4900,4800,5000,4700,-34.82,72.12,-201.86,-7.164798016961299,-28.432523790775804,55.747877465001615,-0.17585821120689493,-0.762383666424397,0.6227720567915719
,631,0,-0.10400390625,-0.647119341563786,0.10400390625,0.647119341563786,2048,1968,2581,2280,2051,2026,2581,2280,-12,-263,0,0,4800,4800,5000,4800,-33.9,13.23,-208.15,3.0874488034237686,29.89635613566264,54.7106688741039,0.10697401707922218,0.7945789760913142,0.5976627898937774
,632,0,0.64599609375,-0.14711934156378603,-0.64599609375,0.14711934156378603,2537,2294,2092,1954,2537,2297,2142,1954,0,-8,-220,15,4900,4800,4800,4700,-34.800000000000004,40.19,-178.3,-28.517053208642352,5.013436198144262,55.52911126814112,-0.7496140524647613,0.12371919869227158,0.6502094525783974
,633,0,-0.57275390625,0.3528806584362141,0.57275390625,-0.3528806584362141,1743,2620,2886,1628,1785,2621,2885,1646,-177,0,14,-54,5000,5000,4900,4900,-35.09,56.21,-232.49,24.466930072329006,-14.62366026675926,56.13123925272523,0.6816872875334292,-0.3820202150943648,0.6239895810625137
,634,0,0.17724609375,-0.48045267489711935,-0.17724609375,0.48045267489711935,2232,2077,2397,2171,2232,2115,2407,2172,-5,-145,-28,0,5000,5000,5000,5000,-38.33,20.18,-202.72,-2.8203102611958,23.34105693502854,59.130933031885775,-0.05860208863721139,0.6472718950593523,0.7600032164890035
,635,0,-0.19775390625,0.019547325102880708,0.19775390625,-0.019547325102880708,1987,2403,2642,1845,2003,2404,2642,1848,-51,0,2,-18,5000,4900,5000,5000,-43.57,42.18,-218.08,10.995285965561209,0.3703619912043692,64.50342544202364,0.3359942211454017,-0.008800130406908692,0.9418229350900922
,636,0,0.55224609375,0.5195473251028804,-0.55224609375,-0.5195473251028804,2476,2729,2153,1519,2477,2730,2192,1552,0,0,-151,-123,5000,4800,5000,4800,-33.75,65.8,-186.92000000000002,-21.6391373794699,-21.122473229683592,54.58703259456912,-0.5544810672624255,-0.5711157812652475,0.6052912608301122
,637,0,-0.38525390625,-0.31378600823045266,0.38525390625,0.31378600823045266,1865,2185,2764,2063,1891,2207,2764,2063,-84,-62,0,0,5000,5000,5000,5000,-38.910000000000004,28.79,-224.19,18.016985309334757,13.30445877308027,59.840306446896314,0.5277048218575026,0.3623989996003453,0.7682412290921456
,638,0,0.36474609375,0.18621399176954734,-0.36474609375,-0.18621399176954734,2354,2511,2275,1737,2354,2511,2301,1746,0,0,-90,-28,5000,5000,5000,5000,-41.46,51.01,-191.67000000000002,-15.93965797387142,-6.664495760674768,62.28336431889028,-0.4311064592849297,-0.20374531572783805,0.8789966251822439
,639,0,-0.01025390625,0.6862139917695471,0.01025390625,-0.6862139917695471,2109,2837,2520,1411,2110,2838,2520,1466,0,0,11,-248,5000,4900,4800,4900,-33.45,75.01,-207.56,-1.6661608902362843,-31.704244905369237,54.413774509107775,-0.03477495236102599,-0.8256056603190428,0.5631749251675235
,640,0,0.73974609375,-0.5915637860082305,-0.73974609375,0.5915637860082305,2598,2004,2031,2244,2599,2050,2084,2244,0,-181,-248,0,5000,5000,4900,4700,-28.330000000000002,23.37,-178.27,-27.38119618329702,21.778605640613506,49.01657548065641,-0.7072486557836545,0.5709933900375203,0.416852356867121
,641,0,-0.74267578125,-0.09156378600823045,0.74267578125,0.09156378600823045,1632,2330,2997,1918,1696,2331,2996,1918,-315,-2,15,0,5000,4900,5000,5000,-31.400000000000002,40.85,-239.73000000000002,32.744235059839866,0.2025114527094587,52.43879368257063,0.8755000800817135,0.0042892898899935155,0.48319893601823344
,642,0,0.00732421875,0.40843621399176944,-0.00732421875,-0.40843621399176944,2121,2656,2508,1592,2122,2657,2509,1621,0,0,0,-107,5000,5000,4800,5000,-40.34,63.370000000000005,-211.28,2.797166842271139,-20.321966276824398,61.29291244742547,0.0778146104330006,-0.5688728308182206,0.8187359701149234
,643,0,-0.36767578125,-0.4248971193415638,0.36767578125,0.4248971193415638,1876,2113,2753,2135,1898,2148,2753,2137,-67,-124,0,-16,5000,5000,5000,4900,-37.47,23.990000000000002,-222.78,16.940935938418704,18.184483208104105,58.381135701259794,0.49217227557761817,0.4939982823079234,0.7167511061934755
,644,0,0.38232421875,0.07510288065843618,-0.38232421875,-0.07510288065843618,2365,2439,2264,1809,2365,2439,2294,1813,-1,0,-110,-18,5000,5000,4900,5000,-41.53,45.24,-190.08,-17.13716311164464,-0.8002285710899457,62.330817181455664,-0.47104337355144926,-0.042460561406526064,0.8810875330852841
,645,0,-0.55517578125,0.5751028806584362,0.55517578125,-0.5751028806584362,1754,2765,2875,1483,1790,2765,2874,1521,-141,0,13,-142,5000,5000,4900,5000,-31.86,66.4,-230.25,21.56033562157168,-24.648592302488595,52.915800499174715,0.5857518686577459,-0.6287948095492437,0.5113822795599106
,646,0,0.19482421875,-0.25823045267489714,-0.19482421875,0.25823045267489714,2243,2222,2386,2026,2243,2244,2398,2027,-5,-61,-33,0,5000,5000,4900,5000,-42.45,30.72,-199.84,-6.424558611613264,13.03109237568966,63.263054111148726,-0.16610863861057193,0.3665048549336304,0.9154682471222146
,647,0,-0.18017578125,0.24176954732510292,0.18017578125,-0.24176954732510292,1999,2548,2630,1700,2010,2548,2629,1717,-32,-2,13,-55,5000,5000,5000,4900,-42.550000000000004,54.160000000000004,-216.5,8.615765602626851,-11.478679770130356,63.5057821287465,0.25955719166055025,-0.3350655832144643,0.9057378865888517
,648,0,0.56982421875,0.7417695473251027,-0.56982421875,-0.7417695473251027,2487,2874,2142,1374,2488,2875,2177,1424,0,0,-131,-224,4800,4900,5000,4900,-28.36,74.7,-189.04,-20.098264480378475,-30.160550675822506,49.23022694320929,-0.48482847701518256,-0.7751383743967458,0.4050948634736175
,649,0,-0.64892578125,-0.7335390946502057,0.64892578125,0.7335390946502057,1693,1912,2936,2336,1737,1968,2936,2336,-182,-250,0,0,4800,4900,5100,4900,-25.66,13.94,-229.86,24.73967259974603,27.70034516923131,46.58142902592073,0.666978536329056,0.6771559580782428,0.3108045053011421
,650,0,0.10107421875,-0.23353909465020573,-0.10107421875,0.23353909465020573,2182,2238,2447,2010,2182,2248,2454,2011,0,-21,-23,0,5000,4900,5000,5000,-42.69,29.47,-205.38,-0.8140859100835485,13.905321520902241,63.5276660289652,-0.016393092541611618,0.37743514663296734,0.9258909096665076
,651,0,-0.27392578125,0.26646090534979416,0.27392578125,-0.26646090534979416,1937,2564,2692,1684,1956,2565,2691,1704,-56,0,15,-61,5000,5000,5000,4900,-41.42,53.94,-220.97,13.09583200280457,-11.563858969154595,62.397653276106894,0.3809328457569325,-0.3466320448210234,0.857167657186575
,652,0,0.47607421875,-0.5668724279835391,-0.47607421875,0.5668724279835391,2426,2020,2203,2228,2427,2061,2233,2229,0,-153,-110,0,4900,4700,4900,4900,-33.730000000000004,19.62,-189.13,-16.319203831208085,24.803112655676273,54.461461385628326,-0.4297999913018476,0.6689824778555942,0.6064110914215874
,653,0,-0.46142578125,-0.0668724279835391,0.46142578125,0.0668724279835391,1815,2346,2814,1902,1852,2347,2813,1902,-147,-4,14,1,5000,4900,5000,4900,-38.99,39.26,-229.4,22.508458522214795,2.5072139879910793,59.972871256877326,0.6469932124462228,0.050093287323935025,0.7608485037204181
,654,0,0.28857421875,0.4331275720164607,-0.28857421875,-0.4331275720164607,2304,2672,2325,1576,2304,2673,2342,1605,0,0,-49,-106,4900,4900,4900,4900,-39.25,63.34,-198.28,-10.165784765006862,-19.418457335887965,60.13768207169208,-0.2613911142368734,-0.5543742657595586,0.7901543259778787
,655,0,-0.08642578125,-0.40020576131687247,0.08642578125,0.40020576131687247,2060,2129,2569,2119,2064,2163,2569,2120,-14,-119,0,0,5000,5000,4900,5000,-40.17,23.02,-209.55,3.7936038207061813,20.05219229243773,61.01231812801437,0.12362825474321956,0.5577089701524555,0.8207781425212498
,656,0,0.66357421875,0.09979423868312765,-0.66357421875,-0.09979423868312765,2549,2455,2080,1793,2549,2455,2131,1796,0,0,-231,-17,5100,5000,4800,5000,-34.68,45.03,-177.68,-29.461517932636895,0.22594291778643338,55.41823081152857,-0.7716551203309985,-0.007255300686268234,0.6359997923575943
,657,0,-0.69580078125,0.5997942386831274,0.69580078125,-0.5997942386831274,1662,2781,2967,1467,1715,2781,2966,1505,-240,-1,12,-153,4900,5100,4800,5000,-28.67,66.01,-234.77,26.111707016751353,-24.5734193369979,49.74752534565666,0.6862094195051344,-0.6110186208367919,0.3946807286568877
,658,0,0.05419921875,-0.6779835390946503,-0.05419921875,0.6779835390946503,2151,1948,2478,2300,2152,2006,2478,2300,0,-266,0,0,4900,5000,4800,4800,-32.75,11.81,-207.77,2.8096555039939233,31.33545694132983,53.55519505184746,0.10009191203073937,0.82524906281185,0.5558287447354574
,659,0,-0.32080078125,-0.17798353909465014,0.32080078125,0.17798353909465014,1907,2274,2722,1974,1931,2279,2721,1974,-72,-12,14,17,5000,5000,5000,4900,-40.88,32.980000000000004,-222.74,16.27816613768826,9.227430547541616,61.813590191438834,0.48167134095052305,0.2408635624849129,0.8426016043030073
,660,0,0.42919921875,0.32201646090534974,-0.42919921875,-0.32201646090534974,2396,2600,2233,1648,2397,2601,2261,1666,0,0,-104,-58,5000,4900,4900,4900,-38.99,57.39,-189.97,-18.05417141110641,-12.922361087161391,59.82099666167311,-0.4788058880244243,-0.37976450192851946,0.7915325922968209
,661,0,-0.50830078125,-0.5113168724279835,0.50830078125,0.5113168724279835,1785,2057,2844,2191,1820,2092,2844,2192,-128,-127,0,0,5000,5000,5000,4800,-33.49,20.52,-226.83,21.234949712613854,21.362069570755665,54.41273670230404,0.6006173453233214,0.5537345300986457,0.5767468029154548
,662,0,0.24169921875,-0.011316872427983515,-0.24169921875,0.011316872427983515,2274,2383,2355,1865,2274,2384,2375,1865,-1,0,-57,0,5000,5000,5000,5000,-43.550000000000004,41.59,-196.43,-10.5652616956597,2.4189902552718294,64.37339935277043,-0.2910670716116946,0.040753029712943194,0.955834269312734
,663,0,-0.13330078125,0.48868312757201626,0.13330078125,-0.48868312757201626,2029,2709,2600,1539,2035,2710,2599,1577,-19,0,13,-143,4900,4900,5000,4900,-38.74,66.17,-212.52,3.8531952929858733,-23.203776942072153,59.70622684499966,0.11331619265996191,-0.6441204698662628,0.7564841444341815
,664,0,0.61669921875,-0.34465020576131683,-0.61669921875,0.34465020576131683,2518,2165,2111,2083,2518,2187,2153,2083,0,-59,-173,0,5000,5000,4800,4800,-34.81,31.93,-180.6,-25.665219689120022,13.099519621785504,55.52977673266884,-0.6823039792634463,0.3506980588855768,0.6414609507796671
,665,0,-0.60205078125,0.155349794238683,0.60205078125,-0.155349794238683,1724,2491,2905,1757,1772,2491,2904,1762,-213,0,14,-21,4800,5000,4800,5000,-35.57,46.11,-234.74,27.390717461822106,-4.697057860265858,56.59699880919257,0.76231581126056,-0.12420317751583804,0.6351757037207296
,666,0,0.14794921875,0.655349794238683,-0.14794921875,-0.655349794238683,2212,2817,2417,1431,2212,2818,2423,1481,0,0,-17,-225,5000,5000,4900,4900,-34.44,73.38,-208.44,-0.6830129984884934,-30.134477908501182,55.404053156002526,-0.010787382958070068,-0.799323624177777,0.6008039415651502
,667,0,-0.22705078125,-0.6224279835390947,0.22705078125,0.6224279835390947,1968,1984,2661,2264,1978,2039,2661,2264,-25,-243,0,0,5000,4800,5100,5000,-34.34,14.64,-213.68,8.507557948673337,28.117897788757148,55.18194667106039,0.25945221774630434,0.7469697002708595,0.6121444384978
,668,0,0.52294921875,-0.12242798353909468,-0.52294921875,0.12242798353909468,2457,2310,2172,1938,2458,2313,2214,1939,0,-9,-172,0,4800,5000,4800,4900,-38.410000000000004,39.550000000000004,-183.49,-23.313206463578837,5.312292488346536,59.16345632216367,-0.6271899522672533,0.12122540624730666,0.7693745282079302
,669,0,-0.41455078125,0.3775720164609053,0.41455078125,-0.3775720164609053,1846,2636,2783,1612,1874,2637,2782,1635,-97,0,14,-73,5000,5000,4800,5000,-37.97,58.68,-226.0,17.811267520991237,-16.64212292594722,58.98489734299878,0.5092707269763548,-0.45319983905984473,0.7316100276247628
,670,0,0.33544921875,-0.45576131687242805,-0.33544921875,0.45576131687242805,2335,2093,2294,2155,2335,2127,2315,2156,0,-123,-60,0,5000,5000,4900,4900,-37.89,22.82,-194.43,-11.267278740556407,21.26488046562725,58.65604907069882,-0.29400730487683485,0.5897379824102518,0.7521760543793886
,671,0,-0.03955078125,0.044238683127571954,0.03955078125,-0.044238683127571954,2090,2419,2539,1829,2095,2421,2540,1835,-16,-10,0,-22,5000,5000,5000,5000,-44.79,44.79,-210.24,2.991290740116625,-1.7014850742243155,65.69069549072154,0.1046556720724699,-0.07302848037401158,0.9918235888288408
,672,0,0.71044921875,0.5442386831275718,-0.71044921875,-0.5442386831275718,2579,2745,2050,1503,2580,2746,2099,1535,0,-6,-222,-117,5000,5100,5000,4800,-29.79,65.23,-180.58,-27.90704469424807,-20.137535891368785,50.59387139910708,-0.7032401466793895,-0.5359555384687822,0.46712413434010047
,673,0,-0.71923828125,-0.2890946502057613,0.71923828125,0.2890946502057613,1647,2202,2982,2046,1704,2219,2982,2047,-276,-40,8,0,5100,4800,4800,5000,-31.43,33.05,-237.95000000000002,31.494284025150762,8.104847849320308,52.44016688292994,0.8435775953613951,0.20862149189275983,0.4948271554035066
,674,0,0.03076171875,0.2109053497942387,-0.03076171875,-0.2109053497942387,2136,2527,2493,1721,2137,2527,2495,1736,0,0,-15,-47,5000,5000,5000,4900,-43.65,53.67,-209.45000000000002,1.6096404260399026,-10.51121572671866,64.56918390357086,0.045896034894874725,-0.3123143993228837,0.94886946939846
,675,0,-0.34423828125,0.7109053497942386,0.34423828125,-0.7109053497942386,1892,2853,2737,1395,1912,2854,2736,1447,-57,0,13,-240,4900,5000,5100,5000,-31.62,74.11,-220.17000000000002,10.984520860461885,-31.661920463984245,52.64474656014443,0.29703875729688045,-0.8142416591173276,0.49877700149604615
,676,0,0.40576171875,-0.7150205761316872,-0.40576171875,0.7150205761316872,2381,1924,2248,2324,2382,1983,2269,2324,0,-276,-65,0,5000,4700,4900,5000,-30.740000000000002,13.450000000000001,-193.29,-11.738106769091075,30.66995294874868,51.47677803842972,-0.30405735601598183,0.8101760793442688,0.5011624933201999
,677,0,-0.53173828125,-0.21502057613168724,0.53173828125,0.21502057613168724,1769,2250,2860,1998,1810,2256,2859,1998,-173,-14,16,16,5000,4900,5000,5000,-36.800000000000004,33.45,-230.96,24.467359730539215,8.192500593453708,57.77605031065248,0.6982738384272316,0.21271048608577425,0.6834968146796695
,678,0,0.21826171875,0.28497942386831254,-0.21826171875,-0.28497942386831254,2258,2576,2371,1672,2258,2577,2385,1692,0,0,-38,-62,5000,5000,5000,4900,-42.160000000000004,56.57,-200.26,-7.747732148585726,-12.789106389155165,63.04046135528771,-0.20593874239257887,-0.3850316124101187,0.8996331984907109
,679,0,-0.15673828125,-0.5483539094650206,0.15673828125,0.5483539094650206,2014,2033,2615,2215,2020,2077,2614,2217,-18,-178,14,-18,5000,4800,5100,4800,-36.47,17.04,-211.29,5.9508551506820595,25.890636233838688,57.30599393247566,0.1827730442663689,0.7019824112551677,0.688341999719605
,680,0,0.59326171875,-0.048353909465020495,-0.59326171875,0.048353909465020495,2503,2358,2126,1890,2503,2360,2173,1890,0,0,-202,0,5000,4900,5100,5000,-36.42,41.980000000000004,-180.24,-26.710058653376137,3.1013194972905467,57.16333291759831,-0.7083915160357075,0.06570810447837411,0.7027545126247787
,681,0,-0.62548828125,0.4516460905349793,0.62548828125,-0.4516460905349793,1708,2684,2921,1564,1755,2685,2920,1591,-207,0,15,-91,4800,4900,5000,5000,-32.77,60.04,-233.69,25.417053994645443,-18.532482397508673,53.82696624754429,0.6928907432031138,-0.47874627532075337,0.5391701232912872
,682,0,0.12451171875,-0.381687242798354,-0.12451171875,0.381687242798354,2197,2141,2432,2107,2197,2173,2438,2107,0,-108,-20,-1,5000,4900,5000,5000,-40.61,24.27,-204.85,-0.9820771174829019,19.123258982003627,61.43190659470961,-0.013774914169048335,0.539389383951352,0.8419437892283644
,683,0,-0.25048828125,0.11831275720164625,0.25048828125,-0.11831275720164625,1953,2467,2676,1781,1973,2467,2675,1789,-59,0,13,-28,5000,5000,5000,5000,-42.76,46.83,-220.18,12.780744241113666,-4.412968026069045,63.7157118569483,0.3879345781738176,-0.13705336175025715,0.9114401456431769
,684,0,0.49951171875,0.618312757201646,-0.49951171875,-0.618312757201646,2442,2793,2187,1455,2443,2793,2219,1497,0,0,-119,-178,5000,4900,5100,4900,-32.67,70.3,-190.51,-18.355667732117837,-25.857399601991403,53.53641405116661,-0.4593060612901426,-0.6889353942622473,0.5607191494811441
,685,0,-0.43798828125,-0.6594650205761317,0.43798828125,0.6594650205761317,1830,1960,2799,2288,1858,2015,2799,2288,-90,-243,0,0,5000,4800,5100,4900,-31.46,14.69,-222.29,17.10839056483121,27.47913922292046,52.34528211503594,0.4931116299815155,0.7064991532452947,0.5076414747049883
,686,0,0.31201171875,-0.15946502057613166,-0.31201171875,0.15946502057613166,2319,2286,2310,1962,2319,2292,2333,1963,0,-13,-76,0,5000,5000,5000,5000,-42.06,35.34,-193.62,-12.94006049984867,8.839977959546609,62.853548195197845,-0.3536704978418533,0.22644709781781838,0.9075455310044684
,687,0,-0.06298828125,0.34053497942386834,0.06298828125,-0.34053497942386834,2075,2612,2554,1636,2079,2613,2554,1662,-15,0,13,-85,4900,5000,5000,4900,-41.79,59.78,-210.12,1.8749664153209267,-16.657781091835815,62.72800592962203,0.0646250500083756,-0.49032146659866505,0.8691423717113033
,688,0,0.68701171875,-0.492798353909465,-0.68701171875,0.492798353909465,2564,2069,2065,2179,2565,2102,2113,2180,0,-114,-207,0,5100,4800,5000,4900,-31.02,26.21,-179.12,-26.737699863817824,18.895449379026054,51.717968169268296,-0.698512119030038,0.49860108479047355,0.5133008648092546
,689,0,-0.67236328125,0.007201646090534863,0.67236328125,-0.007201646090534863,1678,2395,2951,1853,1734,2396,2950,1854,-266,0,14,0,4800,5000,4900,4900,-33.52,40.81,-237.44,30.451932563618215,0.4029128034109988,54.54717898048301,0.8296284123848774,0.0049915465606621,0.5582936340553073
,690,0,0.07763671875,0.5072016460905349,-0.07763671875,-0.5072016460905349,2167,2721,2462,1527,2168,2722,2464,1564,-1,0,-14,-143,5000,4800,4900,5000,-38.22,67.63,-210.15,1.3926541234100114,-24.502105709897677,59.17804168479646,0.042326734000035324,-0.6724081590955727,0.7389693601026996
,691,0,-0.29736328125,-0.3261316872427983,0.29736328125,0.3261316872427983,1922,2177,2707,2071,1941,2204,2707,2072,-56,-83,0,-17,5000,5000,5000,5000,-39.94,27.900000000000002,-220.61,14.500235552152844,14.43680089463463,60.85009477378199,0.4288694031498469,0.40287897070412376,0.8085539994374401
,692,0,0.45263671875,0.1738683127572016,-0.45263671875,-0.1738683127572016,2411,2503,2218,1745,2412,2503,2251,1752,0,0,-121,-25,4900,5000,5000,4900,-39.71,50.09,-187.39000000000001,-20.139350429559528,-5.462961769812658,60.509611419966866,-0.543879518524581,-0.16312090638173707,0.8231565095597978
,693,0,-0.48486328125,0.6738683127572016,0.48486328125,-0.6738683127572016,1800,2829,2829,1419,1833,2830,2828,1466,-123,0,13,-196,5100,5100,4700,4900,-31.060000000000002,71.36,-226.09,17.07916562323163,-29.319025355126726,52.107487102773185,0.4575888463176747,-0.7470385153442742,0.4822301362605642
,694,0,0.26513671875,-0.6039094650205761,-0.26513671875,0.6039094650205761,2289,1996,2340,2252,2289,2047,2353,2252,0,-217,-37,0,5000,4800,4800,5000,-34.96,16.2,-198.76,-6.486507680427479,27.56940153394332,55.73108032389277,-0.1642739914638324,0.747997071285223,0.6430508821837272
,695,0,-0.10986328125,-0.10390946502057608,0.10986328125,0.10390946502057608,2044,2322,2585,1926,2054,2326,2584,1927,-29,-12,14,0,5000,5000,5000,5000,-43.82,35.480000000000004,-213.19,6.567194880620605,7.38556784849699,64.71198268423103,0.2076939378596938,0.18943939278998986,0.9596749161230034
,696,0,0.64013671875,0.3960905349794239,-0.64013671875,-0.3960905349794239,2533,2648,2096,1600,2533,2649,2141,1623,0,0,-184,-73,5000,4900,4800,5000,-33.67,59.35,-181.21,-26.900619808374245,-14.30234138196461,54.46211570195474,-0.6925036307137801,-0.3909460171552901,0.6063002004936561
,697,0,-0.57861328125,-0.4372427983539095,0.57861328125,0.4372427983539095,1739,2105,2890,2143,1781,2132,2889,2144,-174,-88,14,0,5000,4900,5100,5000,-33.32,24.38,-230.72,24.856504780944164,17.248053336614028,54.2719911436881,0.6882112222270393,0.4506665226037869,0.5685639796935569
,698,0,0.17138671875,0.06275720164609044,-0.17138671875,-0.06275720164609044,2228,2431,2401,1817,2228,2432,2414,1823,0,0,-36,-20,5000,5000,5000,5000,-44.19,45.59,-200.18,-7.096742776115605,-1.8229501064173448,65.04229282159567,-0.19259112821543004,-0.07699542622508275,0.9782537307228248
,699,0,-0.20361328125,0.5627572016460902,0.20361328125,-0.5627572016460902,1983,2757,2646,1491,1993,2757,2645,1533,-29,0,14,-164,5000,5000,4800,4700,-36.58,69.16,-215.25,6.385702826605012,-26.37723747683981,57.56749969399737,0.18185770618801458,-0.7117035470019435,0.6785321185359511
,700,0,0.54638671875,-0.27057613168724276,-0.54638671875,0.27057613168724276,2472,2214,2157,2034,2473,2234,2196,2035,0,-52,-156,0,5000,5000,5000,5000,-37.36,34.7,-183.28,-23.19051448078116,10.16239214923091,58.100168987128384,-0.6266126329220769,0.2710928475049225,0.7306608490224
,701,0,-0.39111328125,0.22942386831275718,0.39111328125,-0.22942386831275718,1861,2540,2768,1708,1891,2540,2768,1720,-104,0,0,-34,5000,4900,5000,5000,-40.0,51.92,-225.64000000000001,17.898253832734156,-9.867459798816583,60.995984833752416,0.5256126736782778,-0.27516164806766225,0.8049952699870109
,702,0,0.35888671875,0.729423868312757,-0.35888671875,-0.729423868312757,2350,2866,2279,1382,2350,2867,2299,1432,0,0,-62,-224,5000,4900,5000,4600,-31.21,75.78,-198.76,-10.487131617728323,-31.885437857175845,52.1316385493226,-0.24059995762833133,-0.8352535625288042,0.49443214567034993
,703,0,-0.01611328125,-0.6965020576131687,0.01611328125,0.6965020576131687,2105,1936,2524,2312,2106,1996,2525,2312,0,-278,-1,0,4900,5000,5100,4700,-32.26,11.370000000000001,-206.17000000000002,1.2453640248915292,31.880953542490392,53.05607019118642,0.05429711829170666,0.8387776850720784,0.5417599265083587
,704,0,0.73388671875,-0.19650205761316863,-0.73388671875,0.19650205761316863,2594,2262,2035,1986,2595,2266,2094,1986,0,-7,-280,17,5100,4900,4800,5000,-32.33,39.17,-175.32,-31.409497774393003,6.225014805534883,53.041634290926424,-0.8126319351864175,0.159937360089425,0.5604010874033017
,705,0,-0.73095703125,0.30349794238683114,0.73095703125,-0.30349794238683114,1639,2588,2990,1660,1698,2589,2989,1673,-287,0,16,-38,5000,5000,4900,5000,-31.45,52.1,-238.51,30.767960348414903,-10.939414363224103,52.511094285720034,0.8271962855202526,-0.2764418922342571,0.4892097560754903
,706,0,0.01904296875,-0.5298353909465021,-0.01904296875,0.5298353909465021,2128,2045,2501,2203,2129,2089,2502,2204,-1,-173,0,0,4900,5000,4900,5000,-36.99,17.39,-208.99,3.6299998727787965,25.698028021148797,57.81533944922527,0.11953544002312208,0.6994096761579237,0.7046540878155377
,707,0,-0.35595703125,-0.029835390946502005,0.35595703125,0.029835390946502005,1884,2371,2745,1877,1913,2372,2744,1877,-101,0,15,0,4900,5000,5000,4900,-41.04,39.14,-225.23000000000002,18.34619387217441,2.9140160955505223,62.00163073702995,0.5431814162307026,0.06289995880478835,0.8372559610083193
,708,0,0.39404296875,0.4701646090534979,-0.39404296875,-0.4701646090534979,2373,2696,2256,1552,2374,2697,2281,1583,0,0,-86,-108,4900,5000,5000,4900,-37.39,64.46000000000001,-193.64000000000001,-14.861722103372898,-20.228307643925916,58.25727919126716,-0.38436009868165777,-0.5691299248814431,0.7268826887097183
,709,0,-0.54345703125,-0.3631687242798354,0.54345703125,0.3631687242798354,1762,2153,2867,2095,1799,2179,2867,2095,-146,-75,0,0,5100,5000,5000,4800,-35.18,28.11,-230.58,24.456245862556045,13.541317927493772,56.14068197018266,0.6916165078633792,0.35183319578228434,0.6307773049155219
,710,0,0.20654296875,0.13683127572016462,-0.20654296875,-0.13683127572016462,2251,2479,2378,1769,2251,2479,2393,1777,-5,0,-43,-27,5000,5000,5000,5000,-43.61,49.56,-199.14000000000001,-8.399341076065554,-5.715418449525174,64.46711644267276,-0.22753244967021583,-0.18572212223317955,0.9558955370019644
,711,0,-0.16845703125,0.6368312757201644,0.16845703125,-0.6368312757201644,2006,2805,2623,1443,2012,2805,2622,1493,-19,0,12,-222,5100,4900,5100,5000,-34.83,72.35000000000001,-213.28,4.2134981128202185,-29.432111726504004,55.815709181364674,0.11894622990851408,-0.7802734618003903,0.614023712246185
,712,0,0.58154296875,-0.6409465020576132,-0.58154296875,0.6409465020576132,2495,1972,2134,2276,2495,2023,2170,2276,0,-213,-134,0,4900,5100,4900,4900,-30.41,18.76,-184.75,-20.615129098295284,25.94703964166724,51.11738346334191,-0.5388819878514148,0.6865623464257968,0.48809665809100916
,713,0,-0.63720703125,-0.14094650205761317,0.63720703125,0.14094650205761317,1701,2298,2928,1950,1753,2301,2927,1951,-239,-9,15,0,4800,5000,4800,4800,-34.52,38.09,-235.77,28.96439119960607,3.232189205157127,55.53192043532044,0.7987475847767094,0.08131260129287435,0.5961464221853217
,714,0,0.11279296875,0.3590534979423867,-0.11279296875,-0.3590534979423867,2190,2624,2439,1624,2190,2625,2445,1649,0,-3,-18,-81,5000,5000,5000,5000,-41.52,60.6,-206.9,-1.3916680971763924,-17.25953263331914,62.44393895849756,-0.034751232388389106,-0.5010851032468928,0.8646999891011555
,715,0,-0.26220703125,-0.47427983539094654,0.26220703125,0.47427983539094654,1945,2081,2684,2167,1959,2119,2684,2168,-35,-148,0,0,5000,5000,4900,4900,-37.660000000000004,20.75,-217.24,11.631241557285819,21.791243165761877,58.535175263718266,0.3408963012875489,0.5937309309682826,0.7288849658073662
,716,0,0.48779296875,0.025720164609053464,-0.48779296875,-0.025720164609053464,2434,2407,2195,1841,2435,2408,2232,1842,0,0,-150,0,5000,5000,5000,4900,-39.32,42.550000000000004,-184.71,-22.30274936142652,2.2394612042364415,60.08713610656099,-0.6020818637653576,0.03641486275529035,0.797603527509342
,717,0,-0.44970703125,0.5257201646090532,0.44970703125,-0.5257201646090532,1823,2733,2806,1515,1853,2734,2805,1548,-107,0,14,-123,5000,5000,5000,4900,-34.83,65.55,-226.05,17.412934095680384,-23.508802215051716,55.86255110613399,0.48389309290095767,-0.6188982580240442,0.6187183695814676
,718,0,0.30029296875,-0.3076131687242798,-0.30029296875,0.3076131687242798,2312,2189,2317,2059,2312,2214,2334,2059,0,-69,-49,0,5000,4900,4900,4900,-40.83,29.45,-194.67000000000002,-11.489233918157908,14.642219486337808,61.61395330385664,-0.3096175278884653,0.40628732637522746,0.8596904063970379
,719,0,-0.07470703125,0.1923868312757201,0.07470703125,-0.1923868312757201,2067,2515,2562,1733,2074,2515,2562,1746,-21,-1,0,-40,5000,5000,5000,5000,-43.72,52.56,-211.29,3.5199610589864676,-9.527632907339225,64.64560325164551,0.11478329693786446,-0.28730771143900397,0.9509358935763
,720,0,0.67529296875,0.69238683127572,-0.67529296875,-0.69238683127572,2556,2841,2073,1407,2556,2842,2118,1452,0,0,-186,-190,4700,4700,5100,5000,-27.77,71.72,-184.14000000000001,-24.783192692448125,-26.85858755140093,48.608144012472735,-0.6057747226150424,-0.6958084181574614,0.3858595996756846
,721,0,-0.68408203125,-0.5853909465020576,0.68408203125,0.5853909465020576,1670,2008,2959,2240,1721,2051,2959,2240,-231,-167,0,0,5100,4900,5100,5000,-28.34,19.75,-232.98000000000002,27.447690895151652,21.70084969081507,49.29170408875319,0.7377031574581927,0.5430708540401803,0.4010836558229249
,722,0,0.06591796875,-0.08539094650205759,-0.06591796875,0.08539094650205759,2159,2334,2470,1914,2160,2339,2476,1914,0,-11,-21,0,5000,5000,5000,5000,-44.410000000000004,36.65,-205.95000000000002,-0.7380003052819006,6.708173163535896,65.26863314605873,-0.013888843007196058,0.16762850036295654,0.9857523958408556
,723,0,-0.30908203125,0.4146090534979423,0.30908203125,-0.4146090534979423,1915,2660,2714,1588,1937,2661,2713,1616,-60,0,12,-101,4900,5000,5000,4900,-38.910000000000004,61.410000000000004,-221.07,12.703869606390327,-19.030741010434824,59.90706337381382,0.36813231501101173,-0.5285477364221635,0.76492868227544
,724,0,0.44091796875,-0.41872427983539096,-0.44091796875,0.41872427983539096,2403,2117,2226,2131,2404,2149,2253,2132,0,-107,-99,0,4900,4900,5000,5000,-37.37,25.91,-188.96,-16.930669066518732,18.549326668642145,58.11644033144759,-0.45402639256201577,0.5058990133571012,0.7334345390976851
,725,0,-0.49658203125,0.08127572016460904,0.49658203125,-0.08127572016460904,1792,2443,2837,1805,1833,2443,2836,1808,-171,0,14,-17,5000,5000,5000,5000,-38.43,43.03,-230.57,23.424194869890982,-1.3346911185956856,59.42826856359788,0.6735285804051852,-0.042837876950393546,0.7379188083222701
,726,0,0.25341796875,0.5812757201646088,-0.25341796875,-0.5812757201646088,2281,2769,2348,1479,2281,2769,2361,1522,0,0,-33,-171,5000,5000,5000,4700,-36.2,70.14,-202.13,-6.768530102676749,-26.4713031170012,57.12420780647769,-0.16338547056971978,-0.7218649633548313,0.6724701946461561
,727,0,-0.12158203125,-0.2520576131687242,0.12158203125,0.2520576131687242,2037,2226,2592,2022,2041,2250,2592,2024,-18,-69,0,-17,5000,5000,5000,4900,-42.57,30.37,-213.17000000000002,6.8979555253928595,12.481689669330855,63.44899425075634,0.21467120687265723,0.35736611626360115,0.9089585974545303
,728,0,0.62841796875,0.24794238683127579,-0.62841796875,-0.24794238683127579,2526,2552,2103,1696,2526,2552,2149,1708,0,0,-193,-34,4900,4800,4800,4900,-35.2,52.4,-180.20000000000002,-27.446914125197537,-7.295706107081372,55.96947254231091,-0.7226936000607351,-0.19997815824030618,0.6616061491991051
,729,0,-0.59033203125,0.7479423868312756,0.59033203125,-0.7479423868312756,1731,2878,2898,1370,1772,2879,2897,1420,-167,0,13,-220,5000,4900,4700,4700,-27.52,73.15,-229.19,20.06843498312662,-31.32411921250653,48.58760538358281,0.521486016517648,-0.7766482746824402,0.3533692007084725
,730,0,0.15966796875,-0.7493141289437586,-0.15966796875,0.7493141289437586,2220,1902,2409,2346,2220,1966,2413,2346,0,-301,-16,0,4800,4900,4800,4800,-30.6,9.77,-204.48000000000002,-0.32482527961360574,33.58652974660784,51.3835824154565,0.011365858905977707,0.8744344748726574,0.4850104807171796
,731,0,-0.21533203125,-0.2493141289437586,0.21533203125,0.2493141289437586,1976,2227,2653,2021,1991,2235,2653,2022,-42,-17,0,2,5000,5000,5000,5000,-41.36,28.71,-216.74,10.577598361953363,13.893691834100032,62.252717325443435,0.3186751475284308,0.3763530717099792,0.8699451222704775
,732,0,0.53466796875,0.2506858710562414,-0.53466796875,-0.2506858710562414,2465,2553,2164,1695,2466,2553,2203,1710,0,-1,-155,-43,4900,4900,5000,4900,-37.660000000000004,52.72,-184.25,-23.439654774653462,-7.881068309700069,58.45054561443563,-0.6222171828460727,-0.2379259652774258,0.74581298756317
,733,0,-0.40283203125,-0.5826474622770919,0.40283203125,0.5826474622770919,1853,2010,2776,2238,1880,2052,2776,2239,-88,-162,0,0,5000,4900,5000,4900,-33.59,16.65,-221.14000000000001,15.818527777450328,25.607251171608052,54.47443432027723,0.45099340691459977,0.6733491851478192,0.5858377094215861
,734,0,0.34716796875,-0.08264746227709185,-0.34716796875,0.08264746227709185,2342,2336,2287,1912,2342,2338,2314,1912,-3,-9,-90,0,5000,5000,4900,4900,-41.9,39.28,-191.28,-15.539688605759721,5.066311009253013,62.69177224142463,-0.42461543691367865,0.11550132267221357,0.897976155137526
,735,0,-0.02783203125,0.4173525377229079,0.02783203125,-0.4173525377229079,2098,2662,2531,1586,2100,2663,2531,1617,-12,0,13,-117,5000,5000,4900,5000,-40.39,63.51,-207.89000000000001,-0.5947577693389121,-20.232889517812623,61.326270507291596,-0.0036681618478078557,-0.5757807134838437,0.8175959360030441
,736,0,0.72216796875,-0.4159807956104253,-0.72216796875,0.4159807956104253,2587,2119,2042,2129,2588,2148,2094,2130,0,-93,-238,0,5000,4900,4800,5000,-31.2,30.38,-177.08,-29.05517116665621,14.873047439836085,51.8982718024022,-0.7579172220369658,0.3910317767802467,0.5221643745870177
,737,0,-0.70751953125,0.08401920438957489,0.70751953125,-0.08401920438957489,1655,2445,2974,1803,1715,2445,2973,1805,-291,0,14,0,5000,4800,4900,4800,-32.57,42.11,-238.59,31.51620338746551,-0.9743914446730741,53.60624294561296,0.8512552079645848,-0.028082886620912642,0.5239999259467591
,738,0,0.04248046875,0.5840192043895747,-0.04248046875,-0.5840192043895747,2144,2771,2485,1477,2145,2771,2485,1522,0,0,0,-190,5000,5000,5000,4900,-36.29,70.74,-211.32,2.359527316743481,-27.689431988436368,57.26179341743915,0.06770717531365009,-0.7432194757868551,0.6656129124514929
,739,0,-0.33251953125,-0.693758573388203,0.33251953125,0.693758573388203,1899,1938,2730,2310,1916,1995,2730,2310,-47,-257,0,0,5000,4800,4700,4900,-31.37,12.43,-217.59,12.57202395673471,30.050685994080673,52.22601266931476,0.36487067140496415,0.7791317754307897,0.5097284273635879
,740,0,0.41748046875,-0.19375857338820301,-0.41748046875,0.19375857338820301,2388,2264,2241,1984,2389,2270,2272,1985,-4,-12,-114,0,5000,5000,5000,5000,-40.19,34.76,-188.69,-17.810618657974487,9.745779007032645,60.95739743887929,-0.4851547731837125,0.24897495476507137,0.8382340472426483
,741,0,-0.52001953125,0.306241426611797,0.52001953125,-0.306241426611797,1777,2590,2852,1658,1814,2591,2851,1674,-144,0,14,-51,5000,5000,5000,5000,-36.78,53.86,-230.92000000000002,23.050869168511866,-12.168311554454505,57.80740577716843,0.6492493500656663,-0.3295695165060367,0.6854627745029536
,742,0,0.22998046875,-0.5270919067215364,-0.22998046875,0.5270919067215364,2266,2046,2363,2202,2266,2087,2377,2203,0,-153,-36,0,5000,5000,4800,4800,-36.96,18.44,-200.79,-4.621908125012936,25.2033278792443,57.74688387545408,-0.10856259459906774,0.6924218843057218,0.7132784149183486
,743,0,-0.14501953125,-0.027091906721536385,0.14501953125,0.027091906721536385,2021,2372,2608,1876,2033,2374,2607,1877,-34,-9,15,-16,5000,5000,5000,5000,-43.96,39.65,-215.67000000000002,8.759569999915072,3.0582321698890453,64.87494667088235,0.27112963237451077,0.06302195152896654,0.9604774625538816
,744,0,0.60498046875,0.4729080932784635,-0.60498046875,-0.4729080932784635,2510,2698,2119,1550,2510,2699,2161,1581,0,0,-174,-110,5000,4800,5000,4900,-33.43,63.2,-183.77,-24.60500749460101,-18.31688807245942,54.244678412857276,-0.6320493795197455,-0.490310373314546,0.600091092809129
,745,0,-0.61376953125,-0.36042524005486964,0.61376953125,0.36042524005486964,1716,2155,2913,2093,1761,2178,2912,2093,-200,-67,14,0,4800,4900,5000,4800,-33.57,28.59,-233.28,27.125467265399777,12.875728269429231,54.545455494199246,0.7477159461202275,0.33223581776905187,0.5749262781512627
,746,0,0.13623046875,0.13957475994513024,-0.13623046875,-0.13957475994513024,2205,2481,2424,1767,2206,2481,2434,1776,-1,-2,-26,-28,5000,5000,5000,5000,-44.09,49.870000000000005,-202.9,-4.671177133437055,-6.276906025503145,64.96674162108866,-0.12496795927527973,-0.20135579729059352,0.9715136911294874
,747,0,-0.23876953125,0.6395747599451302,0.23876953125,-0.6395747599451302,1960,2807,2669,1441,1972,2807,2668,1490,-30,0,13,-220,5000,5000,4700,4900,-34.5,71.94,-216.15,7.106177690017489,-29.217536876853515,55.49906664227137,0.19787022923770237,-0.7719870202768028,0.6040558028076237
,748,0,0.51123046875,-0.6382030178326474,-0.51123046875,0.6382030178326474,2449,1974,2180,2274,2450,2025,2210,2274,0,-217,-109,0,4800,4900,4900,4800,-31.66,17.84,-187.70000000000002,-17.61586620677147,26.669572558209346,52.379828825344326,-0.4587531254895284,0.7127913546302597,0.5305412845556398
,749,0,-0.42626953125,-0.13820301783264743,0.42626953125,0.13820301783264743,1838,2300,2791,1948,1872,2303,2790,1949,-124,-12,14,0,5000,5000,5000,4900,-39.6,36.34,-227.24,20.547413324393062,5.567964084081488,60.564657182177044,0.601444171766925,0.14005059694498392,0.7865435388730564
,750,0,0.32373046875,0.36179698216735257,-0.32373046875,-0.36179698216735257,2327,2626,2302,1622,2327,2627,2323,1644,0,0,-63,-69,5000,5000,4900,5000,-40.14,59.9,-195.77,-12.442306952716535,-15.814489548502394,61.00639544004356,-0.32719961194279806,-0.46149165042295043,0.8246004308356766
,751,0,-0.05126953125,-0.4715363511659808,0.05126953125,0.4715363511659808,2083,2083,2546,2165,2085,2123,2547,2166,-13,-161,0,0,4900,5000,4900,5000,-38.67,20.06,-206.85,1.3066871174345067,23.183236489292923,59.49132912465901,0.05604015806661445,0.6389778008931357,0.7671811198469637
,752,0,0.69873046875,0.028463648834019195,-0.69873046875,-0.028463648834019195,2572,2409,2057,1839,2573,2410,2113,1840,0,0,-260,0,5100,5000,4800,4800,-33.51,42.92,-176.19,-30.800132357101006,2.4282690194703065,54.23544969718044,-0.7994768526136805,0.056682946268385964,0.5980165597516992
,753,0,-0.66064453125,0.5284636488340191,0.66064453125,-0.5284636488340191,1685,2735,2944,1513,1735,2736,2943,1543,-223,0,12,-108,5000,5000,4900,5000,-30.82,63.34,-234.29,25.802512890817525,-21.870992909908708,51.888340704032515,0.6878618087100955,-0.5541979834517303,0.46873310876885144
,754,0,0.08935546875,-0.3048696844993141,-0.08935546875,0.3048696844993141,2174,2191,2455,2057,2175,2218,2459,2057,0,-81,-18,0,5000,4900,5000,5000,-42.050000000000004,27.42,-205.84,-0.21377185409727417,15.917795447064165,62.88480388923094,0.01061155227142804,0.4500072127402224,0.892961871212969
,755,0,-0.28564453125,0.19513031550068594,0.28564453125,-0.19513031550068594,1930,2517,2699,1731,1952,2517,2698,1743,-69,0,14,-37,5000,5000,5000,5000,-41.99,50.59,-221.25,13.598398613593332,-8.238752403562742,62.96058589123788,0.40919396048211254,-0.2401236874017827,0.8802845661793316
,756,0,0.46435546875,0.6951303155006858,-0.46435546875,-0.6951303155006858,2419,2843,2210,1405,2420,2844,2237,1452,0,0,-95,-207,4800,5000,5000,4900,-31.21,73.42,-193.78,-15.296546981439207,-29.194979277332237,52.10071138573779,-0.3837783472305309,-0.774837875218946,0.502334995120976
,757,0,-0.47314453125,-0.7307956104252401,0.47314453125,0.7307956104252401,1808,1914,2821,2334,1838,1972,2821,2334,-109,-263,0,-3,5000,4900,5000,4800,-28.92,12.18,-222.62,17.61920947350984,29.953900097497513,49.80063623472195,0.501128576815423,0.7553536874002362,0.422268820101384
,758,0,0.27685546875,-0.23079561042524,-0.27685546875,0.23079561042524,2296,2240,2333,2008,2296,2249,2354,2009,0,-17,-64,0,5000,5000,5000,5000,-41.800000000000004,31.310000000000002,-196.11,-10.182675954127404,12.692123451966111,62.595855408628935,-0.2751485352461218,0.33764252850167215,0.9001615446679061
,759,0,-0.09814453125,0.2692043895747598,0.09814453125,-0.2692043895747598,2052,2565,2577,1683,2059,2566,2576,1704,-20,0,12,-63,5000,5000,5000,5000,-42.84,55.7,-212.28,4.30014975558629,-12.729750657230113,63.77851184150955,0.13515250774989426,-0.38938319578324254,0.9111062103237711
,760,0,0.65185546875,-0.5641289437585735,-0.65185546875,0.5641289437585735,2541,2022,2088,2226,2541,2062,2132,2227,0,-144,-184,0,5000,4900,5000,5000,-30.57,22.46,-181.24,-24.367436703405417,22.49264238712366,51.26913076787949,-0.6352698970861168,0.591297526709035,0.4967890827745432
,761,0,-0.56689453125,-0.06412894375857336,0.56689453125,0.06412894375857336,1746,2348,2883,1900,1790,2349,2882,1900,-189,0,14,0,4800,5000,5000,4900,-36.36,40.01,-233.66,26.72082513283206,1.4641214074150426,57.36616348535711,0.7486258669996958,0.027073108374150234,0.6624397014535854
,762,0,0.18310546875,0.4358710562414265,-0.18310546875,-0.4358710562414265,2235,2674,2394,1574,2235,2675,2405,1605,0,0,-29,-115,5000,5000,5000,4900,-39.910000000000004,63.97,-204.12,-4.38483623581962,-20.438971483396386,60.82854021749569,-0.10955908279214317,-0.578029190441811,0.8086278886947499
,763,0,-0.19189453125,-0.39746227709190673,0.19189453125,0.39746227709190673,1991,2131,2638,2117,2001,2163,2638,2118,-27,-109,0,-6,5000,5000,5000,5000,-39.75,23.61,-214.6,8.79427675059162,19.12177584285307,60.619131812569684,0.2666880903478173,0.5297165454844386,0.8051570305888578
,764,0,0.55810546875,0.10253772290809349,-0.55810546875,-0.10253772290809349,2480,2457,2149,1791,2481,2457,2194,1794,0,0,-187,-18,5000,4900,5100,4800,-37.71,45.56,-182.27,-24.932413373997633,-0.6037275631739263,58.47253249766504,-0.6662244512863551,-0.037447614617138456,0.7448104837256795
,765,0,-0.37939453125,0.6025377229080933,0.37939453125,-0.6025377229080933,1869,2783,2760,1465,1893,2783,2759,1506,-75,0,0,-168,4800,4900,5100,4700,-34.22,69.47,-222.04,13.150651992865022,-27.151179713657626,55.24235965692708,0.36427765306702653,-0.7154022645555925,0.5962393741985763
,766,0,0.37060546875,-0.6752400548696845,-0.37060546875,0.6752400548696845,2358,1950,2271,2298,2358,2004,2289,2298,0,-234,-56,0,4900,5000,4800,4900,-32.11,14.46,-194.26,-10.845071979826173,29.600757554759582,52.854170529564726,-0.2797904589084091,0.7893723752389367,0.5464508690755845
,767,0,-0.00439453125,-0.17524005486968453,0.00439453125,0.17524005486968453,2113,2276,2516,1972,2116,2284,2517,1973,-14,-18,0,5,5000,5000,5000,4900,-43.46,31.650000000000002,-206.86,0.5117623950627035,11.632686095665946,64.31058013389749,0.036284070771214545,0.3115037324362204,0.9495519421740828
,768,0,0.74560546875,0.3247599451303156,-0.74560546875,-0.3247599451303156,2602,2602,2027,1646,2603,2603,2084,1663,0,-1,-272,-54,5000,5000,4800,4900,-31.45,54.9,-176.39000000000001,-31.398702669776924,-9.543784942442926,52.206746290119476,-0.8018271452175526,-0.26108202186847523,0.5375029367820591
,769,0,-0.74560546875,-0.5085733882030179,0.74560546875,0.5085733882030179,1630,2058,2999,2190,1686,2087,2999,2191,-266,-95,0,0,4800,4900,5000,5000,-27.740000000000002,22.97,-236.11,30.35623197300029,18.275397581323496,48.71553862289565,0.8006050477107288,0.4637388997042024,0.3794440544813404
,770,0,0.00439453125,-0.008573388203017895,-0.00439453125,0.008573388203017895,2119,2384,2510,1864,2120,2387,2513,1866,0,-9,-15,-17,5000,5000,5000,5000,-44.81,41.2,-209.24,2.2356330007148983,1.9478225802000395,65.69661361897847,0.06649342429689588,0.031530087360580966,0.9972885631131578
,771,0,-0.37060546875,0.4914266117969821,0.37060546875,-0.4914266117969821,1874,2710,2755,1538,1896,2711,2754,1574,-71,0,14,-137,5000,5000,4900,5000,-36.72,64.04,-223.51,14.97146835640433,-21.82555132302062,57.735973503357286,0.4265994540974608,-0.5886359398537742,0.6866736022858403
,772,0,0.37939453125,-0.34190672153635115,-0.37939453125,0.34190672153635115,2363,2167,2266,2081,2363,2190,2291,2081,0,-66,-85,-4,4900,5000,4900,4900,-39.44,28.310000000000002,-191.6,-14.468596266381525,15.98268086706868,60.20570500019826,-0.3885537249205056,0.4395899374887918,0.8098065754913328
,773,0,-0.55810546875,0.15809327846364885,0.55810546875,-0.15809327846364885,1752,2493,2877,1755,1791,2493,2876,1761,-158,0,15,-21,4900,5000,5000,5000,-36.58,46.160000000000004,-233.21,25.855967514387004,-4.640876859896977,57.599438979000944,0.731189666529087,-0.1226881996607902,0.6710508752882133
,774,0,0.19189453125,0.6580932784636488,-0.19189453125,-0.6580932784636488,2241,2819,2388,1429,2241,2820,2397,1478,0,0,-23,-216,4900,5000,4900,4700,-34.35,73.33,-206.32,-2.7943526698516052,-29.9418807991498,55.30330026225823,-0.062356604421430324,-0.7973996620936574,0.6002211532243351
,775,0,-0.18310546875,-0.619684499314129,0.18310546875,0.619684499314129,1997,1986,2632,2262,2003,2041,2632,2262,-18,-245,0,0,5000,4900,5000,5000,-34.63,14.59,-211.9,6.733604031541603,28.28865218384401,55.462892282258515,0.20761583216547452,0.7544980203501892,0.6225981075476243
,776,0,0.56689453125,-0.11968449931412894,-0.56689453125,0.11968449931412894,2486,2312,2143,1936,2487,2314,2190,1937,0,-8,-206,0,5000,5000,5000,5000,-37.37,40.29,-181.63,-25.213837885695597,4.696441982262819,58.116017373384835,-0.6730224442756381,0.10595685760126342,0.7319931241675091
,777,0,-0.65185546875,0.38031550068587117,0.65185546875,-0.38031550068587117,1691,2638,2938,1610,1739,2639,2937,1631,-215,0,13,-65,5100,5000,4900,4800,-32.86,56.410000000000004,-235.39000000000001,27.35757547096273,-15.025148270184815,53.91631790819332,0.7463637509643418,-0.38488212062764093,0.5429612366160298
,778,0,0.09814453125,-0.4530178326474623,-0.09814453125,0.4530178326474623,2180,2095,2449,2153,2180,2132,2453,2155,0,-141,-17,-17,4900,4900,4900,4800,-39.08,20.97,-206.48000000000002,0.874172624458879,22.301435816562055,59.90176643648314,0.04167484081558899,0.6201188844692908,0.7834001383504843
,779,0,-0.27685546875,0.046982167352537685,0.27685546875,-0.046982167352537685,1936,2421,2693,1827,1959,2422,2692,1831,-70,0,13,-18,5000,5000,5000,4900,-42.56,42.85,-221.52,14.387098832756834,-0.5329833909568009,63.51237922995576,0.4331630203984347,-0.030494949315935358,0.9007995647343107
,780,0,0.47314453125,0.5469821673525375,-0.47314453125,-0.5469821673525375,2424,2747,2205,1501,2425,2748,2234,1535,0,0,-103,-130,5000,4900,5000,5000,-34.56,67.55,-190.85,-17.840086671470004,-23.131197895366086,55.42114226093437,-0.4549363425346844,-0.6300893190434506,0.62930149711289
,781,0,-0.46435546875,-0.2863511659807956,0.46435546875,0.2863511659807956,1813,2203,2816,2045,1844,2225,2816,2046,-115,-58,0,0,5000,5000,4900,4900,-37.81,31.1,-228.08,21.747582951105244,10.734249294043877,58.76566024042272,0.628392594099045,0.28593706325864826,0.7234381407808774
,782,0,0.28564453125,0.21364883401920443,-0.28564453125,-0.21364883401920443,2302,2529,2327,1719,2302,2529,2347,1730,0,0,-58,-34,4900,5000,5000,4900,-42.27,53.11,-196.07,-11.695291069540986,-9.054118031592012,63.12071429575815,-0.31596259949227673,-0.27481555747805786,0.9080991383599629
,783,0,-0.08935546875,0.7136488340192042,0.08935546875,-0.7136488340192042,2058,2855,2571,1393,2060,2856,2570,1448,-12,0,13,-259,5000,5000,5100,4700,-32.52,75.88,-209.07,-0.21380676821627276,-32.676750305463884,53.4935567354052,0.002547898859085011,-0.8483149346696569,0.5294858636713731
,784,0,0.66064453125,-0.7122770919067215,-0.66064453125,0.7122770919067215,2547,1926,2082,2322,2547,1982,2123,2322,0,-241,-165,0,5100,5100,4900,5000,-27.09,17.31,-182.15,-23.09533280283071,27.559581560346135,47.780738719814046,-0.5909461548435481,0.7129383264005908,0.3774938209093622
,785,0,-0.69873046875,-0.2122770919067215,0.69873046875,0.2122770919067215,1660,2252,2969,1996,1719,2258,2968,1997,-283,-13,14,0,4800,4700,5000,5000,-32.59,35.300000000000004,-237.32,30.70835653792406,5.905780844504392,53.60267378318969,0.834454242386044,0.14787173640059628,0.5308672780816373
,786,0,0.05126953125,0.2877229080932784,-0.05126953125,-0.2877229080932784,2149,2578,2480,1670,2150,2579,2483,1692,0,0,-16,-69,5000,4900,4900,5000,-42.660000000000004,57.32,-209.31,1.2285471828072332,-14.146279928246557,63.58771755634707,0.035684469251196435,-0.4143982491178686,0.909395793800645
,787,0,-0.32373046875,-0.5456104252400549,0.32373046875,0.5456104252400549,1905,2034,2724,2214,1923,2077,2724,2215,-50,-168,0,0,4900,4900,5000,4900,-35.32,18.11,-218.97,13.546658062193586,24.301866142619573,56.1972163503066,0.39691022863662184,0.6511090056979753,0.6469307019323002
,788,0,0.42626953125,-0.045610425240054875,-0.42626953125,0.045610425240054875,2394,2360,2235,1888,2395,2361,2268,1888,0,0,-127,0,4900,4900,5000,4900,-40.58,41.42,-187.46,-19.488912210088074,3.185031358021874,61.35804820817059,-0.5302376892178055,0.06277072982160184,0.8455222223044316
,789,0,-0.51123046875,0.4543895747599449,0.51123046875,-0.4543895747599449,1783,2686,2846,1562,1819,2687,2845,1591,-138,0,14,-97,5000,4900,5000,4900,-35.12,61.42,-229.28,20.912712521974584,-19.60521674550739,56.15830683102862,0.5804645279673531,-0.5190004230895406,0.6274547733538379
,790,0,0.23876953125,-0.37894375857338825,-0.23876953125,0.37894375857338825,2272,2143,2357,2105,2272,2172,2372,2106,0,-93,-37,-1,4900,5000,5000,4900,-40.28,25.29,-198.87,-7.015594002792881,18.507920726142913,61.07450930099639,-0.1799780684108013,0.5197978326875616,0.8351156255420144
,791,0,-0.13623046875,0.12105624142661187,0.13623046875,-0.12105624142661187,2027,2469,2602,1779,2037,2470,2601,1788,-31,-1,15,-28,5000,5000,5000,5000,-43.93,48.160000000000004,-214.95000000000002,7.467353497870505,-5.383890181308409,64.86283389844306,0.22801199913168937,-0.17186252116065157,0.9583703887705811
,792,0,0.61376953125,0.6210562414266119,-0.61376953125,-0.6210562414266119,2516,2795,2113,1453,2516,2795,2153,1495,0,0,-155,-175,5000,4700,4900,4800,-30.44,69.63,-185.23,-23.567614774921537,-24.839229549723328,51.27828700255441,-0.5822280845504872,-0.6500771157118843,0.48827267094154236
,793,0,-0.60498046875,-0.656721536351166,0.60498046875,0.656721536351166,1722,1962,2907,2286,1762,2013,2906,2286,-164,-216,14,0,5100,5000,5000,4800,-28.77,16.31,-229.24,23.946206787046066,25.386451273255858,49.69425845302462,0.652353402776548,0.6376767158196986,0.40963818668095686
,794,0,0.14501953125,-0.15672153635116604,-0.14501953125,0.15672153635116604,2211,2288,2418,1960,2211,2295,2430,1961,0,-15,-33,0,5000,5000,5000,5000,-43.57,33.46,-202.22,-4.2402341835777975,10.140040397749551,64.40188915360923,-0.11184807755850555,0.26412298773569215,0.9579817612543765
,795,0,-0.22998046875,0.3432784636488342,0.22998046875,-0.3432784636488342,1966,2614,2663,1634,1980,2615,2662,1659,-37,0,13,-83,5000,5000,5000,4900,-40.93,58.4,-218.20000000000002,10.033707974158943,-15.8282849503331,61.90504036088777,0.29166540208671565,-0.45913608717646165,0.8391217710665618
,796,0,0.52001953125,-0.49005486968449935,-0.52001953125,0.49005486968449935,2455,2071,2174,2177,2456,2105,2209,2178,0,-117,-128,0,5000,4900,4900,5000,-34.730000000000004,23.63,-186.14000000000001,-19.577670051142434,21.006755702230535,55.45658538572632,-0.5205064668703148,0.5655583941136396,0.6397004930385646
,797,0,-0.41748046875,0.009945130315500705,0.41748046875,-0.009945130315500705,1844,2396,2785,1852,1878,2397,2784,1853,-126,-2,14,0,5000,5000,5000,5000,-40.13,40.47,-227.58,20.605500955724864,1.4259690950756934,61.106785707655284,0.5976561594239245,0.02072749824271095,0.8014845512667372
,798,0,0.33251953125,0.5099451303155005,-0.33251953125,-0.5099451303155005,2333,2722,2296,1526,2333,2723,2315,1560,0,0,-55,-126,5000,5000,5000,4900,-37.300000000000004,66.57000000000001,-197.03,-11.621369408434731,-22.5623673372406,58.18960526386037,-0.29304319756584973,-0.6331844586984081,0.7163819690801729
,799,0,-0.04248046875,-0.32338820301783266,0.04248046875,0.32338820301783266,2088,2179,2541,2069,2090,2207,2542,2069,-14,-88,0,0,5000,4900,4900,4900,-41.730000000000004,26.400000000000002,-208.02,2.031584128461219,16.78753986650249,62.57316121493125,0.07528776110303231,0.4722515997308216,0.8782426655428285
,800,0,0.70751953125,0.17661179698216734,-0.70751953125,-0.17661179698216734,2577,2505,2052,1743,2578,2505,2107,1749,0,0,-262,-24,5100,5000,5100,5000,-33.4,48.42,-176.62,-30.741566758723764,-3.0885002839488322,54.14150011740994,-0.7984370041663953,-0.08954664525120708,0.5953820191289333
,801,0,-0.72216796875,0.6766117969821672,0.72216796875,-0.6766117969821672,1645,2831,2984,1417,1700,2832,2983,1461,-257,0,11,-183,5100,5000,4900,5000,-26.580000000000002,68.92,-234.37,25.526437399647477,-27.455781541925617,47.662903654581925,0.6687811370092634,-0.6701063814908712,0.3220081183228276
,802,0,0.02783203125,-0.6011659807956105,-0.02783203125,0.6011659807956105,2134,1998,2495,2250,2135,2051,2495,2250,0,-231,0,0,5000,5000,4900,4700,-35.160000000000004,14.83,-208.06,2.883645319185746,28.309676085327176,55.97423943314677,0.1003917548193548,0.760007435266062,0.6421138480866094
,803,0,-0.34716796875,-0.10116598079561046,0.34716796875,0.10116598079561046,1890,2324,2739,1924,1916,2327,2739,1925,-84,-11,4,0,4900,5000,5000,5000,-41.09,36.95,-224.5,17.765341462881395,5.148394133485063,62.042438361493375,0.5258897651932064,0.12504281755432614,0.8413110296692361
,804,0,0.40283203125,0.39883401920438954,-0.40283203125,-0.39883401920438954,2379,2650,2250,1598,2380,2651,2276,1622,0,0,-88,-82,5000,5000,4900,5000,-38.46,61.28,-192.38,-15.90951266128107,-16.967529790640512,59.31291300006737,-0.41517429929362476,-0.49200445630976636,0.7652201749675571
,805,0,-0.53466796875,-0.43449931412894377,0.53466796875,0.43449931412894377,1767,2107,2862,2141,1804,2138,2861,2142,-141,-108,15,0,5000,5000,5100,4900,-34.45,24.580000000000002,-229.27,23.39087425362837,17.149524400524975,55.39520937989742,0.6580095279208888,0.44622734717275264,0.6065514123308072
,806,0,0.21533203125,0.06550068587105629,-0.21533203125,-0.06550068587105629,2256,2433,2373,1815,2256,2433,2389,1820,-1,0,-47,-18,5000,5000,5000,5000,-43.81,45.68,-198.20000000000002,-9.076444975885039,-1.7803039450230145,64.65259998724224,-0.24891891644480058,-0.07463673069955684,0.9656442054226948
,807,0,-0.15966796875,0.5655006858710561,0.15966796875,-0.5655006858710561,2012,2759,2617,1489,2018,2759,2616,1531,-19,0,12,-170,5000,5000,5000,4900,-36.64,69.62,-213.08,4.189352790549378,-26.68967659913497,57.617782036602456,0.12651597147466614,-0.7219041290228486,0.680329433040776
,808,0,0.59033203125,-0.2678326474622771,-0.59033203125,0.2678326474622771,2501,2215,2128,2033,2501,2234,2169,2034,0,-50,-163,-1,5000,5000,4800,5000,-36.21,35.410000000000004,-181.25,-25.258201758889726,9.587623250874849,56.94180374531968,-0.6758380492769336,0.2533577853947071,0.6921363765396513
,809,0,-0.62841796875,0.23216735253772303,0.62841796875,-0.23216735253772303,1706,2541,2923,1707,1756,2541,2922,1717,-224,0,14,-29,5000,5000,5000,4900,-34.69,49.7,-235.20000000000002,27.61176635872758,-8.312407231742029,55.72838709654775,0.7689613405129525,-0.21098809445275593,0.6034753356979209
,810,0,0.12158203125,0.7321673525377228,-0.12158203125,-0.7321673525377228,2195,2867,2434,1381,2195,2868,2436,1437,0,-1,-14,-262,5100,4700,4900,4700,-31.84,76.43,-210.31,0.9895419393554903,-33.31106267447751,52.821173134696686,0.03249850023786764,-0.8624546552563849,0.5050899079459816
,811,0,-0.25341796875,-0.7431412894375857,0.25341796875,0.7431412894375857,1951,1906,2678,2342,1961,1969,2678,2342,-24,-300,0,0,5100,4800,5000,5000,-30.59,10.22,-213.44,8.58435945947761,32.533283667159104,51.419637662918326,0.2575098614696218,0.8391893232051361,0.4790093433998992
,812,0,0.49658203125,-0.24314128943758573,-0.49658203125,0.24314128943758573,2440,2231,2189,2017,2441,2239,2226,2018,0,-17,-145,0,5000,5000,4900,5000,-38.33,33.29,-185.3,-21.08471882186376,11.435724485293221,59.07671873231435,-0.5695242343782295,0.29504840943458605,0.7671952701535716
,813,0,-0.44091796875,0.25685871056241427,0.44091796875,-0.25685871056241427,1829,2557,2800,1691,1862,2557,2799,1707,-119,0,13,-47,5000,4900,5000,5000,-39.050000000000004,51.95,-227.71,19.966081672878488,-10.039703325008873,60.0564529337039,0.5780371411647475,-0.28268125223005974,0.7654830978354333
,814,0,0.30908203125,-0.5764746227709191,-0.30908203125,0.5764746227709191,2317,2014,2312,2234,2317,2058,2330,2235,0,-172,-53,0,5100,5000,5100,4900,-35.34,17.29,-197.39000000000001,-7.92872932155305,26.575363543676513,56.106959575481994,-0.202035376288702,0.7249417463874821,0.6585143666409641
,815,0,-0.06591796875,-0.0764746227709191,0.06591796875,0.0764746227709191,2073,2340,2556,1908,2079,2344,2557,1908,-22,-12,0,0,5000,5000,5000,5000,-44.33,36.76,-211.27,4.562788445136135,6.239425620815226,65.21558256043535,0.14865897163495026,0.15441931791070224,0.9767574849513224
,816,0,0.68408203125,0.4235253772290808,-0.68408203125,-0.4235253772290808,2562,2666,2067,1582,2563,2667,2116,1607,0,0,-213,-87,4900,5000,4700,4800,-32.33,59.980000000000004,-179.87,-28.27357251414756,-14.844367985392736,53.117010490870534,-0.72322167246707,-0.40954385921307374,0.5560793467256228
,817,0,-0.67529296875,-0.4098079561042524,0.67529296875,0.4098079561042524,1676,2123,2953,2125,1730,2149,2952,2127,-249,-79,13,-1,5000,4700,4800,4900,-31.73,26.57,-234.70000000000002,28.68735794575889,14.790100170709067,52.70750072701982,0.7727598000112992,0.38404620722007476,0.5053224734824014
,818,0,0.07470703125,0.09019204389574764,-0.07470703125,-0.09019204389574764,2165,2449,2464,1799,2166,2449,2470,1807,0,0,-21,-26,5000,5000,5000,5000,-44.64,47.45,-205.55,-1.8666687203186711,-4.03956352217245,65.52390504732746,-0.05039529720163799,-0.13673059689477102,0.9893255570805588
,819,0,-0.30029296875,0.5901920438957475,0.30029296875,-0.5901920438957475,1920,2775,2709,1473,1938,2775,2708,1517,-52,-3,12,-182,5000,4900,4900,5000,-35.32,69.5,-219.46,10.569219819311058,-27.003977255328152,56.32948401485591,0.2896201395176395,-0.7186481908096611,0.6321905983418167
,820,0,0.44970703125,-0.6875857338820301,-0.44970703125,0.6875857338820301,2409,1942,2220,2306,2410,1996,2245,2306,0,-241,-87,0,4900,4800,4800,4800,-31.04,14.89,-191.1,-14.021672730923996,29.381783602602855,51.76943181614033,-0.3666651931999747,0.7782026135943315,0.5098601065886372
,821,0,-0.48779296875,-0.18758573388203015,0.48779296875,0.18758573388203015,1798,2268,2831,1980,1837,2273,2830,1981,-156,-14,14,0,5000,5000,5000,4900,-38.17,34.28,-229.44,22.88823564953259,7.470815111755456,59.14050522097048,0.6543621520287215,0.19268083948245449,0.7312210801725272
,822,0,0.26220703125,0.31241426611796985,-0.26220703125,-0.31241426611796985,2287,2594,2342,1654,2287,2595,2358,1673,0,-1,-45,-62,5000,5000,5000,4900,-41.45,57.83,-198.22,-9.864620519002386,-13.910688885028534,62.32342834897272,-0.2609659130515019,-0.4118971975498724,0.8730621346019749
,823,0,-0.11279296875,-0.5209190672153635,0.11279296875,0.5209190672153635,2042,2050,2587,2198,2045,2093,2587,2199,-13,-173,11,0,5000,4800,4800,5000,-37.29,17.900000000000002,-209.39000000000001,3.9932346880775924,25.163073479741257,58.11862826798109,0.126653617970568,0.6846194289820757,0.7178127182735214
,824,0,0.63720703125,-0.020919067215363518,-0.63720703125,0.020919067215363518,2531,2376,2098,1872,2531,2377,2147,1872,0,0,-218,0,5100,5000,5100,4900,-35.29,42.24,-178.38,-28.577878676208485,2.9641170395449095,56.02468290644686,-0.7504805001497377,0.0640136301494357,0.6577851275683344
,825,0,-0.58154296875,0.47908093278463637,0.58154296875,-0.47908093278463637,1737,2702,2892,1546,1779,2703,2891,1575,-172,0,15,-101,5100,4900,4900,4900,-33.36,61.85,-231.70000000000002,23.306672153368993,-20.202466571569502,54.41155271881855,0.6402457014727297,-0.5226143527044954,0.5629917229346746
,826,0,0.16845703125,-0.3542524005486969,-0.16845703125,0.3542524005486969,2226,2159,2403,2089,2226,2187,2413,2090,0,-88,-28,0,5000,4900,5000,5000,-41.01,25.78,-202.3,-3.6300237214516926,17.78981276771524,61.82293086010751,-0.0876172831831782,0.5022766868085333,0.8602565556717606
,827,0,-0.20654296875,0.1457475994513031,0.20654296875,-0.1457475994513031,1981,2485,2648,1763,1997,2485,2647,1773,-47,0,13,-32,5000,5000,5000,5000,-43.15,48.97,-217.91,10.369710748370096,-6.393888649918772,64.09973136019741,0.3210975118107068,-0.1905672670027345,0.927674783885
,828,0,0.54345703125,0.6457475994513029,-0.54345703125,-0.6457475994513029,2470,2811,2159,1437,2471,2811,2196,1481,0,0,-142,-190,4900,4800,5100,4700,-31.5,71.0,-189.18,-19.724186255681758,-26.469455018876573,52.36153311365681,-0.49300865075643857,-0.7007964427762843,0.5155839563751202
,829,0,-0.39404296875,-0.6320301783264747,0.39404296875,0.6320301783264747,1859,1978,2770,2270,1883,2032,2770,2270,-71,-233,-2,0,5000,5000,5000,5000,-32.86,15.42,-220.61,15.376232919368618,26.868101497386228,53.73868183846043,0.4499581045868683,0.6984527235616351,0.556508308173317
,830,0,0.35595703125,-0.13203017832647468,-0.35595703125,0.13203017832647468,2348,2304,2281,1944,2348,2309,2309,1945,0,-10,-94,0,5000,4900,5000,4900,-41.76,37.07,-191.14000000000001,-15.52962460174075,7.280311971598891,62.545490135360176,-0.4212017966992711,0.17416615892714313,0.8900871842363927
,831,0,-0.01904296875,0.3679698216735252,0.01904296875,-0.3679698216735252,2104,2630,2525,1618,2106,2631,2525,1645,-13,0,14,-90,4900,4900,4900,5000,-41.31,61.370000000000005,-207.66,-0.6843306449598288,-18.079629631193015,62.23969733010112,-0.003978343557452137,-0.5242029552513706,0.8515840736464418
,832,0,0.73095703125,-0.46536351165980794,-0.73095703125,0.46536351165980794,2593,2087,2036,2161,2594,2118,2089,2162,0,-103,-249,0,5000,4800,4900,5000,-30.400000000000002,28.22,-177.27,-28.716046387726436,17.013021397785856,51.09378075608,-0.7458574635720339,0.4486204389129256,0.4923782548239367
,833,0,-0.73388671875,0.03463648834019195,0.73388671875,-0.03463648834019195,1638,2413,2991,1835,1701,2414,2990,1836,-312,0,15,0,4800,5000,5000,4700,-31.77,41.27,-239.5,32.484644429258054,-0.19996236861322103,52.80869573401677,0.8691560411306397,-0.00908223742968821,0.49445453696915814
,834,0,0.01611328125,0.534636488340192,-0.01611328125,-0.534636488340192,2127,2739,2502,1509,2128,2740,2503,1549,0,0,0,-162,5000,4900,5000,5000,-37.44,68.79,-211.6,2.764860033417193,-25.759474699345944,58.40825329509759,0.07641135857341923,-0.7011461177710232,0.7089114372159522
,835,0,-0.35888671875,-0.2986968449931413,0.35888671875,0.2986968449931413,1882,2195,2747,2053,1903,2220,2747,2053,-69,-69,0,0,4900,5000,5000,5000,-39.5,29.77,-223.8,17.558925357936943,12.354681008193054,60.430817478335406,0.5138643647687428,0.34158139621551065,0.7869342821228967
,836,0,0.39111328125,0.2013031550068587,-0.39111328125,-0.2013031550068587,2371,2521,2258,1727,2372,2521,2286,1737,0,0,-102,-31,5000,4900,4900,5000,-40.85,51.730000000000004,-190.6,-17.052826294836393,-7.312438739814496,61.669828513102566,-0.4642723049363594,-0.2167685018553345,0.8587564517792418
,837,0,-0.54638671875,0.7013031550068587,0.54638671875,-0.7013031550068587,1760,2847,2869,1401,1793,2847,2868,1448,-122,0,12,-205,5000,5100,4800,4900,-29.25,71.88,-228.67000000000002,19.6269299595983,-30.017002910893183,50.311763232579196,0.5150562918872695,-0.7493684332570708,0.41612974830595706
,838,0,0.20361328125,-0.7246227709190672,-0.20361328125,0.7246227709190672,2249,1918,2380,2330,2249,1980,2389,2330,0,-291,-26,0,5100,5100,5000,5000,-31.51,10.99,-202.85,-2.0377810620531136,32.48183703070666,52.28847826075694,-0.03282456560772131,0.8536228764023551,0.5198562616485773
,839,0,-0.17138671875,-0.22462277091906724,0.17138671875,0.22462277091906724,2004,2244,2625,2004,2014,2252,2624,2005,-30,-17,14,0,5000,5000,5000,5000,-42.160000000000004,29.92,-215.23000000000002,8.985573854136902,12.79056934116425,63.04819122953512,0.2732003396285743,0.34651852147564205,0.897377561955483
,840,0,0.57861328125,0.27537722908093265,-0.57861328125,-0.27537722908093265,2493,2570,2136,1678,2494,2571,2177,1694,0,0,-165,-49,5000,5000,4800,5000,-36.480000000000004,53.52,-182.56,-25.174046018528912,-8.568646596298123,57.2641126778703,-0.6647497051222155,-0.2528269091070709,0.7029839141625444
,841,0,-0.64013671875,-0.5579561042524006,0.64013671875,0.5579561042524006,1699,2026,2930,2222,1747,2063,2930,2223,-215,-131,0,0,4800,4900,5000,4800,-30.02,19.69,-231.42000000000002,25.887192192949584,21.870718065472452,50.96370544512732,0.6974454604136662,0.5561163991899463,0.45200042068606333
,842,0,0.10986328125,-0.05795610425240061,-0.10986328125,0.05795610425240061,2188,2352,2441,1896,2188,2355,2450,1896,0,-9,-29,0,5000,5000,5000,4900,-44.45,38.480000000000004,-203.29,-3.5155401706552425,5.061845908061855,65.29991995070905,-0.09463305919187397,0.12213511000909802,0.9879916998695143
,843,0,-0.26513671875,0.4420438957475994,0.26513671875,-0.4420438957475994,1943,2678,2686,1570,1959,2679,2685,1603,-42,0,13,-127,5000,5000,5000,5000,-38.910000000000004,62.870000000000005,-219.17000000000002,10.709740204654594,-20.35927925109219,59.901226230330785,0.3052920012601235,-0.5671703690514917,0.7649278177949757
,844,0,0.48486328125,-0.39128943758573387,-0.48486328125,0.39128943758573387,2432,2135,2197,2113,2433,2162,2228,2114,0,-82,-117,-6,4900,4800,5000,4700,-37.04,27.76,-186.69,-19.31866308386401,16.855686640907145,57.77973863917839,-0.5204030833939267,0.4577836591866727,0.7208430842948786
,845,0,-0.45263671875,0.10871056241426624,0.45263671875,-0.10871056241426624,1821,2461,2808,1787,1858,2461,2807,1791,-140,0,15,-21,5000,5000,5000,5000,-39.44,44.72,-228.74,21.47951171029851,-2.8945385211178234,60.43334741107322,0.6224035434746411,-0.08843163023814418,0.7776848178045112
,846,0,0.29736328125,0.6087105624142661,-0.29736328125,-0.6087105624142661,2310,2787,2319,1461,2310,2787,2335,1504,0,0,-43,-186,5100,4900,5000,4900,-35.17,71.10000000000001,-200.44,-8.514438251439941,-27.318087749145562,56.088176666575805,-0.21296587665282907,-0.7403630950525425,0.6375798168588084
,847,0,-0.07763671875,-0.6690672153635117,0.07763671875,0.6690672153635117,2065,1954,2564,2294,2066,2014,2564,2294,0,-279,0,0,4900,4800,5100,5000,-33.27,12.4,-207.15,2.148766214538739,30.79010037003542,54.07356900685431,0.0825013130275386,0.8136212772768012,0.5755119030143504
,848,0,0.67236328125,-0.16906721536351166,-0.67236328125,0.16906721536351166,2554,2280,2075,1968,2554,2283,2126,1969,0,-8,-225,0,5000,5000,5000,5000,-34.11,39.480000000000004,-177.31,-29.45356294546906,5.7866082260373375,54.83236559853668,-0.7699834687804773,0.14472269648884142,0.6214344687300356
,849,0,-0.68701171875,0.33093278463648845,0.68701171875,-0.33093278463648845,1668,2606,2961,1642,1723,2607,2960,1659,-264,0,14,-51,5000,4900,5100,5000,-32.64,53.870000000000005,-236.71,28.84694276237525,-12.580587947749521,53.69652277347553,0.7848860996812739,-0.3178876392037504,0.5318846297540325
,850,0,0.06298828125,-0.502400548696845,-0.06298828125,0.502400548696845,2157,2062,2472,2186,2158,2102,2473,2187,-2,-155,-15,0,5000,5000,4900,5000,-37.68,18.42,-208.31,2.8787480644162144,24.718207121172767,58.50452137324977,0.09658813101819376,0.6755813844263869,0.7309312730776668
,851,0,-0.31201171875,-0.0024005486968450285,0.31201171875,0.0024005486968450285,1913,2388,2716,1860,1939,2389,2715,1861,-80,0,14,-17,5000,4900,5000,5000,-41.92,40.09,-223.25,16.302396046541304,2.102225133129167,62.8740904101774,0.48754393990205164,0.039737511237472045,0.8721936922871186
,852,0,0.43798828125,0.49759945130315497,-0.43798828125,-0.49759945130315497,2402,2714,2227,1534,2403,2715,2254,1565,0,0,-94,-118,5000,5000,4800,5000,-36.22,65.56,-191.76,-16.8059620847541,-21.202359955086536,57.08065138693756,-0.43011426028694805,-0.5901061645772485,0.6832103904550485
,853,0,-0.49951171875,-0.33573388203017834,0.49951171875,0.33573388203017834,1790,2171,2839,2077,1826,2193,2839,2077,-139,-61,0,0,5000,5000,5000,4900,-36.61,28.75,-228.99,22.819807860049167,13.014091283994134,57.56430507000065,0.6488229035977301,0.34075942871424414,0.6803762573086695
,854,0,0.25048828125,0.1642661179698217,-0.25048828125,-0.1642661179698217,2279,2497,2350,1751,2279,2497,2367,1760,0,0,-50,-29,5000,5000,5000,5000,-42.96,50.79,-197.21,-10.40474760023605,-6.81431603347513,63.810558164373454,-0.2816670137764718,-0.21176910682473066,0.9358512375078106
,855,0,-0.12451171875,0.6642661179698215,0.12451171875,-0.6642661179698215,2035,2823,2594,1425,2038,2824,2593,1477,-14,0,12,-237,4800,5000,4800,4700,-34.11,73.73,-211.1,1.9488843913040341,-30.664007822353625,55.088277602897634,0.05596100825093588,-0.8080536490388339,0.5864449384473907
,856,0,0.62548828125,-0.6135116598079562,-0.62548828125,0.6135116598079562,2524,1990,2105,2258,2524,2039,2145,2258,0,-206,-158,0,5000,4800,4800,4800,-30.28,20.78,-182.55,-22.945716342590003,24.079638338402276,50.98145896483267,-0.5982680399110895,0.6392300249482088,0.4831773252395596
,857,0,-0.59326171875,-0.11351165980795619,0.59326171875,0.11351165980795619,1729,2316,2900,1932,1777,2319,2899,1933,-213,-9,15,0,5100,4900,5100,4900,-35.87,38.94,-234.3,27.43390026732243,2.4871202725190003,56.87667684144574,0.7636930691230859,0.06028024209752195,0.6427590439550622
,858,0,0.15673828125,0.3864883401920438,-0.15673828125,-0.3864883401920438,2218,2642,2411,1606,2218,2643,2420,1633,-3,-1,-23,-92,4900,4800,5000,5000,-40.910000000000004,61.81,-204.81,-3.5555525951922107,-18.327571427657233,61.82652741581661,-0.08921283318486047,-0.5286281915893561,0.844152418377213
,859,0,-0.21826171875,-0.44684499314128945,0.21826171875,0.44684499314128945,1974,2099,2655,2149,1985,2137,2655,2150,-29,-145,0,0,5000,5000,4900,4900,-38.68,21.79,-215.23000000000002,9.550765397954734,20.892080768212445,59.547709674633786,0.2869562944275156,0.574545499934241,0.7665204195543279
,860,0,0.53173828125,0.05315500685871044,-0.53173828125,-0.05315500685871044,2463,2425,2166,1823,2464,2426,2208,1825,0,0,-170,-16,5000,5000,5000,4900,-38.39,43.56,-182.97,-24.102398756630464,1.3464483358642525,59.150979030390694,-0.6457831417830306,0.015293859191468237,0.7633676909981643
,861,0,-0.40576171875,0.5531550068587103,0.40576171875,-0.5531550068587103,1851,2751,2778,1497,1879,2751,2777,1533,-89,0,13,-137,5000,4900,4900,5000,-34.94,67.25,-223.79,15.04290903546189,-25.052201034390592,55.9655137129379,0.41835648223445704,-0.6632754304002184,0.6205187806987121
,862,0,0.34423828125,-0.2801783264746228,-0.34423828125,0.2801783264746228,2340,2207,2289,2041,2340,2229,2311,2042,0,-63,-69,0,5000,5000,5000,5000,-40.68,31.19,-192.43,-13.840746636151323,13.0568199583494,61.457121311682265,-0.372861610157872,0.3580147575359358,0.8560371797164906
,863,0,-0.03076171875,0.21982167352537718,0.03076171875,-0.21982167352537718,2096,2533,2533,1715,2099,2533,2533,1730,-15,0,13,-48,5000,5000,5000,5000,-43.53,54.25,-208.85,0.9724719822415011,-11.049773216796794,64.44764294706528,0.042311882581654074,-0.3311484170724574,0.9426295298062767
,864,0,0.71923828125,0.7198216735253771,-0.71923828125,-0.7198216735253771,2585,2859,2044,1389,2586,2860,2094,1435,0,0,-223,-193,5100,4900,5100,4900,-25.82,72.10000000000001,-183.21,-25.727273968191554,-27.180577461357316,46.65447233005602,-0.6313769242567334,-0.7007801642701882,0.33206978315040203
,865,0,-0.71044921875,-0.7061042524005487,0.71044921875,0.7061042524005487,1653,1930,2976,2318,1703,1985,2976,2318,-223,-245,0,0,4700,5000,4900,4700,-25.36,15.66,-232.46,27.219154265829303,25.808071734284123,46.29881282866708,0.7206508402002271,0.6267170281693241,0.29645932793777563
,866,0,0.03955078125,-0.20610425240054875,-0.03955078125,0.20610425240054875,2142,2256,2487,1992,2143,2265,2490,1993,0,-19,-17,0,5000,5000,5000,5000,-43.14,30.5,-208.13,1.8579701338784673,12.693502542681728,63.9940470555418,0.061397930090842726,0.34414953275506344,0.9369052210789687
,867,0,-0.33544921875,0.29389574759945125,0.33544921875,-0.29389574759945125,1897,2582,2732,1666,1921,2583,2731,1688,-75,0,14,-68,5000,5000,5000,5000,-40.36,54.730000000000004,-223.33,15.402264551612717,-12.514240639797478,61.351496701829205,0.44777317451793647,-0.36265705511746155,0.8172998498443886
,868,0,0.41455078125,-0.539437585733882,-0.41455078125,0.539437585733882,2386,2038,2243,2210,2387,2076,2270,2212,0,-137,-95,-16,4900,5000,5100,4800,-35.26,19.96,-192.06,-13.426236455482382,24.270668257264262,56.006984832744685,-0.35305963644489513,0.664004264002548,0.6591261112259419
,869,0,-0.52294921875,-0.03943758573388201,0.52294921875,0.03943758573388201,1775,2364,2854,1884,1816,2365,2853,1883,-169,-3,0,15,5000,5000,5000,4800,-37.63,39.480000000000004,-231.9,24.9944672007081,2.115233543850813,58.62598143886415,0.7069860340547834,0.043594584291882045,0.7058826105464753
,870,0,0.22705078125,0.46056241426611777,-0.22705078125,-0.46056241426611777,2264,2690,2365,1558,2264,2691,2379,1591,0,0,-34,-120,5000,5000,5000,4900,-39.15,65.04,-202.15,-6.418827547454015,-21.375850870310302,60.06137898374388,-0.16435754869788854,-0.5993925343547805,0.7833997612622654
,871,0,-0.14794921875,-0.3727709190672154,0.14794921875,0.3727709190672154,2020,2147,2609,2101,2025,2178,2609,2101,-18,-103,0,0,5000,4900,4900,4900,-40.5,24.6,-213.04,7.167447531947914,18.241380590775186,61.3638001236222,0.21930247156502847,0.5091536072070946,0.832267403082371
,872,0,0.60205078125,0.12722908093278473,-0.60205078125,-0.12722908093278473,2508,2473,2121,1775,2508,2473,2168,1779,0,0,-204,-20,5000,5000,4800,5000,-36.660000000000004,46.64,-180.47,-26.796067233228797,-1.5628775165952362,57.416253339570574,-0.7100329617575608,-0.06047088151960607,0.7015671498196214
,873,0,-0.61669921875,0.6272290809327845,0.61669921875,-0.6272290809327845,1714,2799,2915,1449,1758,2799,2914,1490,-184,0,12,-172,4900,5000,4900,5000,-29.86,68.04,-231.52,22.726471349807696,-26.376214973659174,50.92634143465769,0.6060435894119217,-0.6637345501741599,0.4383692674422106
,874,0,0.13330078125,-0.6505486968449932,-0.13330078125,0.6505486968449932,2203,1966,2426,2282,2203,2023,2431,2282,0,-259,-17,0,5000,4900,4800,4900,-33.84,13.22,-205.77,0.7138613135081471,30.066664080450973,54.63871311229176,0.03998965688011777,0.8000800798074559,0.5985588469297781
,875,0,-0.24169921875,-0.15054869684499317,0.24169921875,0.15054869684499317,1958,2292,2671,1956,1975,2297,2670,1957,-50,-13,13,2,5000,5000,5000,5000,-42.28,33.86,-219.37,12.849759431523466,8.580705002549962,63.19889648485541,0.3872540938555936,0.2239832613692342,0.8943521484395757
,876,0,0.50830078125,0.34945130315500683,-0.50830078125,-0.34945130315500683,2447,2618,2182,1630,2448,2619,2217,1650,0,-1,-136,-62,4900,5000,5000,5000,-37.32,57.93,-186.66,-21.384949565542826,-13.242683502144203,58.13579328036012,-0.5644767752194215,-0.3847003026561816,0.7303229746996355
,877,0,-0.42919921875,-0.4838820301783265,0.42919921875,0.4838820301783265,1836,2075,2793,2173,1864,2109,2792,2174,-96,-121,12,0,5000,4900,5000,4900,-35.4,21.21,-224.02,18.375612793350825,20.868603238096632,56.31036241900144,0.5310595194447161,0.5490858108572355,0.64535304998303
,878,0,0.32080078125,0.016117969821673572,-0.32080078125,-0.016117969821673572,2325,2401,2304,1847,2325,2402,2329,1849,0,-5,-80,-10,5000,5000,5000,4900,-42.51,42.7,-192.55,-14.506226029400665,1.570208180718005,63.31676833387231,-0.39370561945743127,0.017102803071549596,0.9190774610089919
,879,0,-0.05419921875,0.5161179698216734,0.05419921875,-0.5161179698216734,2081,2726,2548,1522,2083,2727,2548,1560,-13,0,13,-155,4800,5000,5000,4800,-38.12,67.92,-208.5,-0.2726465254223456,-24.680457595663043,59.0705039991112,0.003192535680607859,-0.6807126703666927,0.7325435605601718
,880,0,0.69580078125,-0.3172153635116598,-0.69580078125,0.3172153635116598,2570,2183,2059,2065,2571,2203,2109,2066,0,-52,-227,-17,5000,4800,4800,4800,-33.03,34.56,-177.35,-29.076576717238197,10.689603012027817,53.7401552194089,-0.7620346159597313,0.28431459307656237,0.5817804192672804
,881,0,-0.66357421875,0.1827846364883401,0.66357421875,-0.1827846364883401,1683,2509,2946,1739,1737,2509,2945,1744,-251,-8,15,-22,4800,4900,5100,4700,-33.89,46.92,-236.83,29.429414537619266,-5.650957866495133,54.92954895649777,0.806831502744228,-0.14394610086206297,0.5729768286991195
,882,0,0.08642578125,0.6827846364883401,-0.08642578125,-0.6827846364883401,2172,2835,2457,1413,2173,2836,2458,1467,0,0,-12,-243,5000,5000,5000,5000,-33.46,74.59,-211.27,2.063627648932453,-31.53536887154648,54.44131245176635,0.056758602861418275,-0.8254650638885533,0.5615922803072411
,883,0,-0.28857421875,-0.5949931412894376,0.28857421875,0.5949931412894376,1928,2002,2701,2246,1944,2052,2701,2246,-41,-211,0,0,4900,4800,5000,4900,-34.71,15.93,-216.6,11.33207404729697,26.63497865644598,55.5698379646485,0.3382549108469569,0.705659987661086,0.6225974599226005
,884,0,0.46142578125,-0.09499314128943759,-0.46142578125,0.09499314128943759,2417,2328,2212,1920,2418,2330,2247,1921,0,-8,-136,0,5000,5000,5000,5000,-39.87,40.19,-185.95000000000002,-20.909060356441557,4.512028014100984,60.637382462374624,-0.5654674421894855,0.09775829511283834,0.8189565846614284
,885,0,-0.47607421875,0.4050068587105624,0.47607421875,-0.4050068587105624,1806,2654,2823,1594,1840,2655,2822,1618,-129,0,13,-81,4900,4900,5000,5000,-36.58,59.46,-228.3,20.060106301483103,-17.57942438825323,57.60841991560854,0.5667975320054852,-0.4683188607144278,0.677803808200892
,886,0,0.27392578125,-0.42832647462277096,-0.27392578125,0.42832647462277096,2295,2111,2334,2137,2295,2144,2350,2139,-4,-116,-46,-18,5000,4900,5000,5000,-39.07,23.42,-197.47,-8.280409476266016,20.464610429634988,59.85278624632688,-0.21441214610066653,0.5714462980612554,0.7921341805758625
,887,0,-0.10107421875,0.07167352537722904,0.10107421875,-0.07167352537722904,2050,2437,2579,1811,2060,2438,2578,1818,-27,-2,12,-22,5000,5000,5000,5000,-44.46,45.96,-213.22,5.887145636106624,-3.070725012586159,65.37859548661135,0.18855396558676873,-0.10661396761602392,0.9762586050686941
,888,0,0.64892578125,0.5716735253772289,-0.64892578125,-0.5716735253772289,2539,2763,2090,1485,2539,2763,2135,1522,0,0,-186,-138,5000,5000,4700,4800,-30.740000000000002,67.36,-183.13,-25.51114284878429,-22.431929417785383,51.5620205058261,-0.6344270761165883,-0.5918196807057771,0.49724415594300203
,889,0,-0.56982421875,-0.2616598079561043,0.56982421875,0.2616598079561043,1745,2219,2884,2029,1786,2236,2883,2030,-169,-42,13,-4,5000,4900,4900,5000,-35.74,32.95,-232.33,25.87307054399264,8.595940462153216,56.721672114138606,0.7284828770565208,0.2242221897412464,0.6473307558451823
,890,0,0.18017578125,0.23834019204389578,-0.18017578125,-0.23834019204389578,2233,2545,2396,1703,2233,2545,2408,1718,0,0,-32,-45,5000,5000,5000,5000,-42.99,54.730000000000004,-201.68,-6.210882604534277,-11.04669213908035,63.872919198115284,-0.1655366466728378,-0.32997950961603406,0.9293606091511916
,891,0,-0.19482421875,0.7383401920438957,0.19482421875,-0.7383401920438957,1989,2871,2640,1377,1996,2872,2639,1432,-20,0,12,-261,4900,5000,5000,4700,-31.650000000000002,76.26,-213.70000000000002,4.384166487043132,-33.370608023376676,52.64774150072773,0.11525411267586869,-0.8603345759439304,0.4965288581207299
,892,0,0.55517578125,-0.7369684499314129,-0.55517578125,0.7369684499314129,2478,1910,2151,2338,2479,1969,2183,2338,0,-273,-114,0,4900,4900,4800,4700,-28.23,14.64,-186.87,-18.211550621487447,29.908443846600818,48.93763870054037,-0.46842360801549554,0.7791237487740186,0.4165879349549925
,893,0,-0.38232421875,-0.23696844993141286,0.38232421875,0.23696844993141286,1867,2236,2762,2012,1897,2243,2762,2013,-106,-15,0,0,5000,5000,4900,5000,-39.77,31.03,-224.1,17.77194563715355,11.078094974728621,60.70549994921041,0.5267639809029591,0.29236155269578246,0.7981506317284843
,894,0,0.36767578125,0.2630315500685869,-0.36767578125,-0.2630315500685869,2356,2561,2273,1687,2356,2562,2297,1704,0,0,-80,-51,5000,4900,4900,5000,-40.72,54.43,-192.15,-15.687864557816681,-10.111181425165597,61.55442124441539,-0.4168782801580111,-0.3091341707042663,0.8547798336621445
,895,0,-0.00732421875,-0.5703017832647462,0.00732421875,0.5703017832647462,2111,2018,2518,2230,2111,2067,2519,2231,-5,-206,0,0,5000,5000,5100,4800,-36.050000000000004,16.03,-205.34,0.0846303330169178,27.298387924001677,56.85362067127124,0.022495239020153275,0.7385408667086412,0.6738333268863123
,896,0,0.74267578125,-0.07030178326474623,-0.74267578125,0.07030178326474623,2600,2344,2029,1904,2601,2345,2089,1904,0,-1,-305,0,5000,5100,4900,4800,-32.07,42.7,-174.65,-32.314810584996536,2.747505634727929,52.78719631830709,-0.8310112629848317,0.06400212821275895,0.5525613163953766
,897,0,-0.73974609375,0.42969821673525366,0.73974609375,-0.42969821673525366,1634,2670,2995,1578,1692,2671,2994,1603,-278,0,7,-85,4800,5000,5000,5000,-30.28,57.64,-238.01,29.901078100979277,-16.436405042615576,51.35260015981166,0.7947446871035425,-0.4108413195740837,0.44675529370262534
,898,0,0.01025390625,-0.4036351165980796,-0.01025390625,0.4036351165980796,2123,2127,2506,2121,2124,2161,2507,2122,0,-119,0,0,5000,5000,5000,5000,-40.12,22.76,-209.04,3.302550153911227,20.345849752250636,60.95910541690604,0.1070536175560608,0.5677068697926363,0.8162404259520643
,899,0,-0.36474609375,0.0963648834019204,0.36474609375,-0.0963648834019204,1878,2453,2751,1795,1906,2453,2750,1801,-94,0,14,-21,5000,4900,4900,5000,-41.1,44.480000000000004,-225.42000000000002,18.175279706800893,-2.4264470841173917,62.076071147332264,0.538177903992356,-0.07841132698041313,0.8391759097207008
,900,0,0.38525390625,0.5963648834019204,-0.38525390625,-0.5963648834019204,2367,2779,2262,1469,2367,2779,2284,1509,0,0,-69,-165,4900,5000,4900,5000,-34.77,70.22,-195.81,-13.072549994349373,-26.12900046702255,55.66274891166972,-0.327716294807237,-0.7081586133355855,0.6253906047235095
,901,0,-0.55224609375,-0.6814128943758573,0.55224609375,0.6814128943758573,1756,1946,2873,2302,1789,1998,2873,2302,-124,-222,0,-7,5000,5000,5000,5000,-28.67,14.75,-226.87,21.6873390052115,27.102435539524834,49.57843815209638,0.6063426127517879,0.6777164906169649,0.4159915796108872
,902,0,0.19775390625,-0.18141289437585728,-0.19775390625,0.18141289437585728,2245,2272,2384,1976,2245,2280,2400,1977,0,-17,-47,0,5000,5000,5000,5000,-43.050000000000004,32.94,-199.78,-6.637061761492646,10.82191665213221,63.86835158655711,-0.17797880316200482,0.28341868732392106,0.9423361360473265
,903,0,-0.17724609375,0.3185871056241427,0.17724609375,-0.3185871056241427,2000,2598,2629,1650,2010,2599,2628,1673,-29,0,14,-76,5000,5000,4900,5000,-41.660000000000004,57.76,-216.04,7.918294294955587,-15.041992031341593,62.62258367761732,0.2318012336431594,-0.4434024836869975,0.865830483144196
,904,0,0.57275390625,-0.5147462277091908,-0.57275390625,0.5147462277091908,2489,2054,2140,2194,2490,2088,2180,2195,0,-120,-156,0,5000,4900,4900,4700,-33.29,22.98,-184.41,-21.252909334683892,21.767824854937864,54.00629331594283,-0.5609935606690492,0.5817194505232411,0.588972584905953
,905,0,-0.64599609375,-0.014746227709190651,0.64599609375,0.014746227709190651,1695,2380,2934,1868,1749,2381,2933,1868,-253,0,15,0,5000,5000,4800,5000,-34.410000000000004,40.34,-236.51,29.551463532262346,0.9371021234007486,55.43131544844368,0.8088187153183464,0.016411699251529466,0.5878290073469137
,906,0,0.10400390625,0.485253772290809,-0.10400390625,-0.485253772290809,2184,2706,2445,1542,2184,2707,2449,1580,0,0,-16,-146,5000,5000,5000,4800,-38.99,66.26,-208.67000000000002,0.004729950970755681,-23.03322109716288,59.9371493754634,0.009374148671581652,-0.6400994151477409,0.7682349016181202
,907,0,-0.27099609375,-0.34807956104252397,0.27099609375,0.34807956104252397,1939,2163,2690,2085,1956,2191,2690,2085,-46,-88,0,0,5000,5000,5000,4900,-39.99,26.61,-219.07,13.050531262766896,15.827856209045457,60.88911509650498,0.38767096484422503,0.4392601180493463,0.810408398098158
,908,0,0.47900390625,0.15192043895747598,-0.47900390625,-0.15192043895747598,2428,2489,2201,1759,2429,2489,2236,1765,0,0,-136,-23,5000,4900,4900,4800,-39.46,48.58,-185.96,-21.463017831521455,-3.8606838734276607,60.248632202902485,-0.5779195150855229,-0.12482907126994754,0.8064903824902041
,909,0,-0.45849609375,0.6519204389574758,0.45849609375,-0.6519204389574758,1817,2815,2812,1433,1846,2815,2811,1477,-103,0,14,-187,4900,4900,5000,4700,-31.970000000000002,70.72,-225.28,16.309791970536338,-28.623259124192586,53.011795421008756,0.4373895083945967,-0.7375080691310719,0.514560264607453
,910,0,0.29150390625,-0.6258573388203018,-0.29150390625,0.6258573388203018,2306,1982,2323,2266,2306,2036,2337,2266,0,-237,-37,0,4900,4800,4900,5000,-34.33,15.64,-197.81,-7.393516546325685,28.19038964028511,55.09491313756197,-0.18762551862736193,0.7605678699107012,0.6215570609520188
,911,0,-0.08349609375,-0.1258573388203017,0.08349609375,0.1258573388203017,2062,2308,2567,1940,2070,2314,2567,1940,-26,-13,1,15,5000,5000,5000,5000,-43.86,34.45,-211.32,4.770757007092072,8.539442055131609,64.74000556444781,0.157870438686832,0.22694295243394133,0.9610274818804055
,912,0,0.66650390625,0.3741426611796981,-0.66650390625,-0.3741426611796981,2550,2634,2079,1614,2550,2635,2126,1636,0,0,-199,-68,4900,5000,4900,5000,-33.26,57.980000000000004,-179.92000000000002,-28.09327782485147,-12.849642845978664,54.04219449592096,-0.7239743157338402,-0.3562481829488076,0.5907185643801878
,913,0,-0.69287109375,-0.4591906721536352,0.69287109375,0.4591906721536352,1664,2091,2965,2157,1721,2119,2965,2158,-274,-86,0,0,5000,4900,4800,4900,-30.66,24.490000000000002,-234.67000000000002,28.802894723169175,16.864321162384783,51.63211310817837,0.7695908442999112,0.43548596875833334,0.4669924018486449
,914,0,0.05712890625,0.04080932784636482,-0.05712890625,-0.04080932784636482,2153,2417,2476,1831,2154,2419,2481,1836,0,-4,-17,-19,5000,5000,5000,5000,-44.88,44.71,-206.15,-1.0843854813344933,-1.3455891725117013,65.75998795093207,-0.027895054371934812,-0.06344392464967255,0.9975954763162438
,915,0,-0.31787109375,0.5408093278463646,0.31787109375,-0.5408093278463646,1909,2743,2720,1505,1928,2744,2719,1542,-53,0,13,-144,5000,4900,5100,5000,-36.2,67.24,-220.64000000000001,11.894706680392858,-24.826192847217754,57.20967697829679,0.33253197774557963,-0.6683397433515134,0.6653904652408592
,916,0,0.43212890625,-0.29252400548696844,-0.43212890625,0.29252400548696844,2398,2199,2231,2049,2399,2221,2258,2050,0,-57,-93,-16,5000,4900,4900,4900,-39.28,31.92,-188.26,-18.04367635729858,12.605699232805861,60.03808225299416,-0.4878361587736238,0.3402921696548202,0.8038763098043193
,917,0,-0.50537109375,0.20747599451303156,0.50537109375,-0.20747599451303156,1787,2525,2842,1723,1826,2525,2841,1732,-158,0,13,-29,5000,5000,5000,4900,-37.97,49.410000000000004,-230.65,23.07589561651065,-7.706850629876513,58.9847927549137,0.6585979109671347,-0.2087315783110777,0.7229660572153391
,918,0,0.24462890625,0.7074759945130316,-0.24462890625,-0.7074759945130316,2275,2851,2354,1397,2275,2852,2366,1449,0,0,-30,-236,5100,5000,4900,4900,-32.71,75.11,-204.42000000000002,-4.802142904043706,-31.594376960611783,53.65829727993993,-0.10914490984429179,-0.835012624777809,0.539297047198254
,919,0,-0.13037109375,-0.7184499314128944,0.13037109375,0.7184499314128944,2031,1922,2598,2326,2033,1985,2598,2326,-12,-300,0,0,5100,4900,4900,5000,-31.740000000000002,10.63,-208.49,3.612479483820721,32.461323554028105,52.545839798318596,0.12270124596160847,0.8453819619898211,0.5198785844615162
,920,0,0.61962890625,-0.21844993141289437,-0.61962890625,0.21844993141289437,2520,2248,2109,2000,2520,2254,2156,2001,0,-13,-201,0,4900,5000,5100,5000,-35.56,36.49,-179.75,-26.824474927609003,8.609385267362143,56.28702224851094,-0.7113218939472462,0.22043474624125894,0.6674051886529301
,921,0,-0.59912109375,0.2815500685871055,0.59912109375,-0.2815500685871055,1725,2574,2904,1674,1768,2575,2903,1689,-182,0,13,-43,4800,5000,5000,5000,-35.14,51.84,-234.25,26.517421337969495,-10.382174409906469,56.179023095703705,0.7354644156371891,-0.271374428449311,0.6208445964291371
,922,0,0.15087890625,-0.5517832647462277,-0.15087890625,0.5517832647462277,2214,2030,2415,2218,2214,2074,2422,2219,0,-172,-21,0,5000,4800,4900,4800,-36.550000000000004,16.97,-204.66,-0.6596328963827318,26.407818678504565,57.35257824896526,0.0017280699135578492,0.7206401169185888,0.6933071726600964
,923,0,-0.22412109375,-0.05178326474622774,0.22412109375,0.05178326474622774,1970,2356,2659,1892,1988,2358,2658,1892,-53,-8,13,0,5000,5000,5000,4900,-43.06,38.39,-219.18,12.350871964679726,4.076078952298175,63.98937446862167,0.3763813967428278,0.09501271755448655,0.9215799627209946
,924,0,0.52587890625,0.44821673525377226,-0.52587890625,-0.44821673525377226,2459,2682,2170,1566,2460,2683,2205,1595,0,0,-129,-101,4900,5000,5000,4800,-35.62,62.6,-186.95000000000002,-21.4023970273295,-17.926449214803043,56.4490703229665,-0.5536384306833961,-0.4970678496825328,0.6681377409504785
,925,0,-0.41162109375,-0.3851165980795611,0.41162109375,0.3851165980795611,1848,2139,2781,2109,1876,2166,2781,2109,-95,-82,0,0,5000,5000,4900,5000,-37.5,25.42,-224.39000000000001,18.450650308300595,16.64925519559253,58.4228186830616,0.5364076530002359,0.4431310563775604,0.7182629718121953
,926,0,0.33837890625,0.114883401920439,-0.33837890625,-0.114883401920439,2337,2465,2292,1783,2337,2465,2317,1788,0,0,-82,-25,5000,4900,5000,5000,-42.25,47.38,-192.31,-15.060092029493887,-3.083676580571961,63.067390944011564,-0.4093933874880329,-0.11155521618712783,0.905512279332818
,927,0,-0.03662109375,0.614883401920439,0.03662109375,-0.614883401920439,2092,2791,2537,1457,2093,2791,2537,1505,0,0,11,-213,5000,5000,5000,5000,-35.480000000000004,72.11,-207.9,-1.1411385517511405,-28.827985120882914,56.438121612802775,-0.01738143126003193,-0.7703703866927701,0.6373596733040027
,928,0,0.71337890625,-0.6628943758573388,-0.71337890625,0.6628943758573388,2581,1958,2048,2290,2582,2008,2095,2290,0,-208,-211,0,5000,4600,4700,4900,-27.26,19.93,-179.85,-25.56761127737576,25.101149932393124,47.945823773593915,-0.6572622095190902,0.6502983425843295,0.3809441606983329
,929,0,-0.71630859375,-0.1628943758573388,0.71630859375,0.1628943758573388,1649,2284,2980,1964,1708,2288,2979,1964,-286,-11,10,16,5100,5000,5000,4800,-32.22,37.78,-238.41,31.63037007647685,3.35687185828246,53.24440849784595,0.8540353068143794,0.08387221033126391,0.5134093367368937
,930,0,0.03369140625,0.3371056241426613,-0.03369140625,-0.3371056241426613,2138,2610,2491,1638,2139,2612,2492,1663,0,-2,-13,-81,5000,5000,5000,5000,-41.81,59.88,-210.48000000000002,2.2273005836331663,-16.781773513990814,62.75006297130647,0.0638098344695653,-0.4830313980402004,0.8732748556624635
,931,0,-0.34130859375,-0.49622770919067216,0.34130859375,0.49622770919067216,1894,2067,2735,2181,1914,2104,2735,2182,-58,-138,0,0,4900,4900,4800,4900,-36.43,20.150000000000002,-220.31,14.740627324165786,22.17932458363189,57.31906960801714,0.429107302787251,0.5943075790089931,0.6801951368740596
,932,0,0.40869140625,0.0037722908093278384,-0.40869140625,-0.0037722908093278384,2382,2392,2247,1856,2383,2393,2279,1856,0,-3,-120,0,4900,4900,5000,4800,-41.24,41.96,-188.35,-18.640561916000763,2.5881296654923887,62.02386360899683,-0.5084705664745722,0.045746046076284005,0.8598633509444471
,933,0,-0.52880859375,0.5037722908093276,0.52880859375,-0.5037722908093276,1771,2718,2858,1530,1808,2719,2857,1560,-142,0,14,-110,4900,4800,5000,4900,-33.89,63.64,-229.56,21.048272590179806,-21.842552171815683,54.93533763350399,0.5779988848755829,-0.5713948939925654,0.5826020633346649
,934,0,0.22119140625,-0.3295610425240054,-0.22119140625,0.3295610425240054,2260,2175,2369,2073,2260,2201,2382,2074,0,-78,-35,-17,5000,4900,5000,5000,-41.25,27.38,-199.25,-6.782123341912381,16.39983343161341,62.05167838009749,-0.17699876116212476,0.45848206375496686,0.8708993258477462
,935,0,-0.15380859375,0.17043895747599458,0.15380859375,-0.17043895747599458,2016,2501,2613,1747,2027,2501,2612,1758,-33,0,14,-34,5000,5000,5000,4900,-43.54,50.7,-215.45000000000002,7.796767176212342,-7.952931123871409,64.48176269255589,0.23580789988379156,-0.24181116230340516,0.9412342939661049
,936,0,0.59619140625,0.6704389574759944,-0.59619140625,-0.6704389574759944,2505,2827,2124,1421,2505,2828,2164,1467,0,0,-156,-195,5100,4800,4800,4700,-29.85,71.25,-187.26,-21.648682074824876,-26.59412035779323,50.70256524315014,-0.5399326802558815,-0.7046296982032931,0.4604016607285816
,937,0,-0.62255859375,-0.6073388203017833,0.62255859375,0.6073388203017833,1710,1994,2919,2254,1753,2042,2919,2254,-182,-194,0,0,4900,4900,5100,5000,-29.57,18.330000000000002,-230.69,25.252771013075147,23.275559837057827,50.50661752870904,0.6839794795610681,0.5845324497932837,0.43645605354724204
,938,0,0.12744140625,-0.10733882030178321,-0.12744140625,0.10733882030178321,2199,2320,2430,1928,2199,2325,2441,1929,0,-13,-30,0,5000,5000,5000,5000,-44.13,35.89,-202.86,-3.7683112117319126,7.674022725267577,64.97122696866347,-0.09987595088072909,0.1929361532855207,0.9761149702729982
,939,0,-0.24755859375,0.3926611796982167,0.24755859375,-0.3926611796982167,1955,2646,2674,1602,1971,2647,2673,1631,-44,0,13,-103,5000,5000,4900,4900,-39.99,60.74,-218.56,10.239589654762597,-18.18991280957917,60.97277077110986,0.2942546028442607,-0.515973077745567,0.8044787205058525
,940,0,0.50244140625,-0.44067215363511664,-0.50244140625,0.44067215363511664,2444,2103,2185,2145,2445,2134,2219,2146,0,-107,-128,0,5000,5000,5000,4800,-35.980000000000004,25.46,-186.62,-19.228243794405614,19.152131996176486,56.71359461403183,-0.5148099181144773,0.5180867047562582,0.6830497160278792
,941,0,-0.43505859375,0.0593278463648832,0.43505859375,-0.0593278463648832,1832,2429,2797,1819,1868,2430,2796,1822,-137,0,13,-17,5000,5000,5000,5000,-39.910000000000004,42.410000000000004,-228.06,20.95460978619934,-0.542605540289216,60.89409595829572,0.6101828581682716,-0.028381225514269387,0.791752098598992
,942,0,0.31494140625,0.5593278463648832,-0.31494140625,-0.5593278463648832,2321,2755,2308,1493,2321,2755,2326,1532,0,0,-52,-152,4900,4900,5000,4900,-36.21,69.21000000000001,-198.84,-9.988317597698938,-25.3215247506988,57.115364996875755,-0.24746043542659288,-0.6913277797016565,0.6788440424068396
,943,0,-0.06005859375,-0.2740054869684499,0.06005859375,0.2740054869684499,2077,2211,2552,2037,2079,2237,2553,2039,-12,-78,0,-17,5000,5000,4900,5000,-42.59,28.94,-209.34,3.1730814365836295,14.166772785669849,63.446181148021665,0.11168083174281833,0.4054633661326813,0.9072633854320299
,944,0,0.68994140625,0.22599451303154994,-0.68994140625,-0.22599451303154994,2566,2537,2063,1711,2567,2537,2116,1721,0,0,-239,-30,5000,5000,4900,4800,-33.730000000000004,50.870000000000005,-177.59,-29.940636991905905,-5.597384282190681,54.48254643683167,-0.7797553117008925,-0.1519705781531694,0.6073603520563672
,945,0,-0.66943359375,0.7259945130315499,0.66943359375,-0.7259945130315499,1680,2863,2949,1385,1730,2864,2948,1430,-221,0,12,-193,4800,4800,5100,4700,-26.55,71.65,-232.1,23.077636907013726,-30.026557112226612,47.628420116185836,0.5991165025204063,-0.7330200032278229,0.3220886388489963
,946,0,0.08056640625,-0.6999314128943759,-0.08056640625,0.6999314128943759,2169,1934,2460,2314,2170,1995,2460,2314,0,-284,0,0,5100,5100,4800,5000,-32.2,11.17,-207.32,2.406511657231988,32.002772306442296,53.00133113146375,0.08835329957481222,0.8384989935941273,0.5376924141141287
,947,0,-0.29443359375,-0.19993141289437588,0.29443359375,0.19993141289437588,1924,2260,2705,1988,1945,2266,2704,1989,-64,-13,15,0,5000,5000,5000,5000,-41.2,31.740000000000002,-221.14000000000001,14.763922149716421,10.573417927130002,62.12243176713734,0.43982223154053735,0.2792621323711131,0.8535625730233497
,948,0,0.45556640625,0.3000685871056241,-0.45556640625,-0.3000685871056241,2413,2586,2216,1662,2414,2587,2247,1679,0,0,-116,-56,4900,4900,4900,4800,-38.82,56.15,-188.52,-19.41639136601293,-11.587889995042048,59.64059794008051,-0.5162379579203438,-0.34273453973683554,0.7848766820804477
,949,0,-0.48193359375,-0.5332647462277093,0.48193359375,0.5332647462277093,1802,2042,2827,2206,1836,2078,2827,2207,-129,-128,0,0,4900,4900,5100,4900,-33.67,19.06,-225.25,19.75617560406232,22.925806283778293,54.58112502797658,0.555676544920243,0.5937597735737093,0.5819561054849401
,950,0,0.26806640625,-0.03326474622770914,-0.26806640625,0.03326474622770914,2291,2368,2338,1880,2291,2369,2358,1880,0,0,-63,0,5000,5000,5000,5000,-43.25,40.69,-194.99,-11.939809859746845,3.413190792224512,64.06391165200083,-0.3263904127494161,0.06845714958076804,0.9427528398984231
,951,0,-0.10693359375,0.46673525377229064,0.10693359375,-0.46673525377229064,2046,2694,2583,1554,2051,2695,2582,1590,-17,0,14,-137,5000,5000,5000,4800,-39.35,65.31,-211.29,2.681071762807477,-22.26104603081521,60.30787862050009,0.08699907882526414,-0.6226829219074377,0.7776227485409435
,952,0,0.64306640625,-0.3665980795610425,-0.64306640625,0.3665980795610425,2535,2151,2094,2097,2535,2175,2139,2097,0,-72,-192,0,5000,4800,4900,5000,-33.94,31.39,-179.77,-26.45269272993869,13.691774782205755,54.65426543351881,-0.700753162807734,0.36384346362396597,0.6136472429605403
,953,0,-0.57568359375,0.1334019204389575,0.57568359375,-0.1334019204389575,1741,2477,2888,1771,1785,2477,2887,1775,-188,0,13,-21,4800,5000,5000,5000,-36.45,45.11,-233.72,26.43625189569636,-3.6280364408628714,57.46934546502263,0.7419055719593769,-0.09861231397939701,0.6632131888218595
,954,0,0.17431640625,0.6334019204389574,-0.17431640625,-0.6334019204389574,2230,2803,2399,1445,2230,2803,2407,1494,-1,0,-21,-217,5100,4800,5000,4900,-35.11,72.36,-206.94,-2.114016161256245,-29.013732156092047,56.06394625841042,-0.04678023569759226,-0.77854456756922,0.6258434036214925
,955,0,-0.20068359375,-0.6443758573388203,0.20068359375,0.6443758573388203,1985,1970,2644,2278,1992,2025,2644,2278,-22,-241,0,0,5000,4800,4800,4800,-33.88,13.63,-212.18,7.08133979173823,29.225436394001036,54.711882838455736,0.2180227841128932,0.7730861012439889,0.595654216530893
,956,0,0.54931640625,-0.1443758573388203,-0.54931640625,0.1443758573388203,2474,2296,2155,1952,2475,2299,2199,1953,0,-10,-181,0,4900,4800,4800,4800,-37.77,39.02,-182.51,-24.252121877128985,5.905343567343472,58.517214677035035,-0.6506546461126103,0.1410213584001485,0.7461645314319423
,957,0,-0.38818359375,0.3556241426611797,0.38818359375,-0.3556241426611797,1863,2622,2766,1626,1890,2623,2766,1647,-86,0,0,-65,5000,4900,5000,5000,-38.800000000000004,57.97,-224.71,16.568100744965733,-15.84437480556737,59.80662375940315,0.4791116765700528,-0.4365716649359151,0.7614835406949491
,958,0,0.36181640625,-0.47770919067215367,-0.36181640625,0.47770919067215367,2352,2079,2277,2169,2352,2113,2299,2170,0,-122,-72,0,4900,4900,4900,5000,-37.24,22.11,-193.52,-12.124164864472732,22.03277179444057,57.99970382787843,-0.3193919000598508,0.6081015028596224,0.7267746393456685
,959,0,-0.01318359375,0.02229080932784644,0.01318359375,-0.02229080932784644,2107,2405,2522,1843,2111,2408,2523,1848,-16,-11,0,-19,5000,5000,5000,5000,-44.93,43.56,-208.56,1.3974250277753697,-0.36059436054880223,65.81916410557221,0.05940531118244245,-0.03192291577605921,0.9977233767190541
,960,0,0.73681640625,0.522290809327846,-0.73681640625,-0.522290809327846,2596,2730,2033,1518,2597,2731,2087,1549,0,0,-250,-116,4800,4700,5000,4900,-29.67,64.05,-179.32,-29.08398822537515,-18.875598248684128,50.46457596023285,-0.7294896733848483,-0.5050249247800503,0.4612966960382131
,961,0,-0.72802734375,-0.31104252400548693,0.72802734375,0.31104252400548693,1641,2187,2988,2061,1701,2204,2988,2061,-289,-42,0,-7,5100,5000,5000,4800,-31.18,31.71,-237.65,31.286563212375256,9.461308600311845,52.18528201684455,0.8390723913456658,0.2476312629464372,0.48439269161809084
,962,0,0.02197265625,0.18895747599451296,-0.02197265625,-0.18895747599451296,2130,2513,2499,1735,2131,2513,2502,1748,0,0,-14,-39,5000,5000,5000,4900,-43.96,52.65,-209.67000000000002,1.8964392874062241,-9.507492210838251,64.87770540490853,0.05322347931976026,-0.2853259844545339,0.9569515890807381
,963,0,-0.35302734375,0.688957475994513,0.35302734375,-0.688957475994513,1886,2839,2743,1409,1905,2840,2742,1460,-52,0,13,-224,4900,5000,5000,5000,-32.15,73.11,-220.89000000000001,11.767763221697834,-30.71124145587993,53.17582172160027,0.3190862098854935,-0.7926913227663925,0.5194462989297141
,964,0,0.39697265625,-0.5888203017832647,-0.39697265625,0.5888203017832647,2375,2006,2254,2242,2376,2053,2275,2242,0,-190,-65,0,5000,4900,5000,4800,-34.32,18.27,-192.53,-12.83877828907174,25.92243131851564,55.06508691247788,-0.3385998749058539,0.7035691691974132,0.6247723976526186
,965,0,-0.54052734375,-0.08882030178326472,0.54052734375,0.08882030178326472,1764,2332,2865,1916,1807,2334,2864,1916,-181,-10,14,0,5000,4900,4900,5000,-37.32,39.410000000000004,-232.33,25.429702204884478,2.155189500669998,58.317965184984146,0.7190249547131149,0.04967789084508904,0.6932064783749401
,966,0,0.20947265625,0.4111796982167353,-0.20947265625,-0.4111796982167353,2253,2658,2376,1590,2253,2659,2389,1617,0,0,-35,-96,5000,5000,4900,5000,-40.29,62.97,-202.6,-5.835741524733123,-19.337660286202578,61.19838814507997,-0.15394537604176373,-0.5509802487538819,0.8201960659979235
,967,0,-0.16552734375,-0.4221536351165981,0.16552734375,0.4221536351165981,2008,2115,2621,2133,2014,2151,2621,2135,-20,-127,0,0,5000,4900,5000,5000,-39.59,22.61,-213.32,7.585431045270326,20.205358421359165,60.45019141987354,0.22830743624398322,0.5579557229358528,0.797847808669567
,968,0,0.58447265625,0.0778463648834018,-0.58447265625,-0.0778463648834018,2497,2441,2132,1807,2497,2441,2177,1810,0,0,-188,-17,4900,5000,5000,5000,-36.980000000000004,44.480000000000004,-180.86,-26.26281148226306,0.5668102268026587,57.73274728845864,-0.6980481700321852,0.002669050099229125,0.7160458284818678
,969,0,-0.63427734375,0.5778463648834018,0.63427734375,-0.5778463648834018,1703,2767,2926,1481,1750,2767,2925,1517,-204,0,13,-137,4800,4900,5000,4800,-31.04,66.04,-233.21,24.54180401978246,-24.49137343390396,52.10974317005254,0.63634128520598,-0.6165284837994408,0.4636403750822022
,970,0,0.11572265625,-0.25548696844993135,-0.11572265625,0.25548696844993135,2191,2223,2438,2025,2191,2246,2444,2027,0,-67,-20,-16,5000,5000,5000,5000,-42.95,30.32,-204.27,-1.9801346661286914,13.132859317799891,63.78424436652276,-0.04176249012046022,0.3776724042035788,0.9249969997367702
,971,0,-0.25927734375,0.24451303155006854,0.25927734375,-0.24451303155006854,1947,2549,2682,1699,1966,2549,2681,1716,-58,0,14,-52,5000,5000,5000,5000,-42.06,53.61,-220.32,12.466486708583744,-11.188947571486437,63.03355102302899,0.35999519633075294,-0.3207032817576153,0.8761009437779863
,972,0,0.49072265625,0.7445130315500685,-0.49072265625,-0.7445130315500685,2436,2875,2193,1373,2437,2876,2223,1424,0,0,-108,-232,5000,4700,4800,4700,-29.7,75.25,-193.16,-16.03126793836654,-30.983310359525817,50.59224956788752,-0.39100032324839346,-0.8077715232658061,0.44116200360014113
,973,0,-0.44677734375,-0.7472565157750343,0.44677734375,0.7472565157750343,1825,1903,2804,2345,1849,1964,2804,2345,-80,-286,0,0,4800,4900,4800,4900,-29.18,11.53,-221.46,16.504451956229644,30.681388856912246,50.05317491016095,0.4720733468317592,0.7739697865916473,0.42203971928521344
,974,0,0.30322265625,-0.24725651577503427,-0.30322265625,0.24725651577503427,2314,2229,2315,2019,2314,2238,2337,2020,0,-19,-67,0,5000,4900,5000,5000,-41.39,30.79,-194.75,-11.502507242161158,13.301481171464623,62.17773037850663,-0.30984633069935175,0.3540066914583373,0.8824253587442221
,975,0,-0.07177734375,0.2527434842249656,0.07177734375,-0.2527434842249656,2069,2555,2560,1693,2074,2555,2559,1713,-16,0,14,-63,5000,5000,5000,5000,-43.27,55.24,-211.20000000000002,3.2515720393083996,-12.196737691087009,64.20192883555764,0.09937448425454862,-0.37629747237562794,0.9211541261715415
,976,0,0.67822265625,-0.5805898491083676,-0.67822265625,0.5805898491083676,2558,2012,2071,2236,2558,2052,2118,2237,0,-149,-208,0,4800,4900,4900,5000,-29.810000000000002,22.04,-180.61,-24.963993168874225,22.95199805818708,50.504923498240395,-0.6482520173843626,0.6029979883979276,0.464933057488018
,977,0,-0.68115234375,-0.08058984910836764,0.68115234375,0.08058984910836764,1672,2337,2957,1911,1730,2338,2956,1911,-280,0,15,0,5000,5000,5000,5000,-33.96,40.94,-237.96,30.959847735352014,0.23939924615005026,54.99010729851483,0.8294667844441783,0.006261121643588561,0.5585209502423343
,978,0,0.06884765625,0.41941015089163214,-0.06884765625,-0.41941015089163214,2161,2663,2468,1585,2162,2664,2471,1615,0,-1,-15,-110,5000,5000,5000,4900,-40.51,63.47,-210.24,1.7519810677855787,-20.35111685412717,61.45794862726467,0.039390342057240256,-0.5764280788728146,0.8161979360667425
,979,0,-0.30615234375,-0.41392318244170095,0.30615234375,0.41392318244170095,1916,2120,2713,2128,1934,2154,2713,2129,-50,-118,0,0,5000,5000,5000,5000,-38.67,23.990000000000002,-219.96,14.121593546832429,18.378088185484614,59.56697953235146,0.4134018730665986,0.505952881766148,0.757040667849197
,980,0,0.44384765625,0.0860768175582991,-0.44384765625,-0.0860768175582991,2405,2446,2224,1802,2406,2446,2256,1806,0,0,-122,-17,5000,5000,5000,4900,-40.39,45.300000000000004,-187.11,-20.098903656151123,-0.6630596441997696,61.17609746112431,-0.5473053366241439,-0.03809193517925706,0.8360657109205178
,981,0,-0.49365234375,0.5860768175582989,0.49365234375,-0.5860768175582989,1794,2772,2835,1476,1828,2772,2834,1515,-130,0,12,-145,5000,5000,4800,4900,-33.27,67.77,-227.64000000000001,18.85708978542627,-25.835424579134667,54.31615441746592,0.5001278076050557,-0.6670298569212164,0.5522167563881258
,982,0,0.25634765625,-0.6917009602194788,-0.25634765625,0.6917009602194788,2283,1939,2346,2309,2283,1995,2358,2309,0,-248,-31,0,5000,5000,5000,5000,-32.31,12.38,-200.57,-4.410184159215618,31.251052249284967,53.080546670930254,-0.10219399327379909,0.8289431676333007,0.5499178234725847
,983,0,-0.11865234375,-0.1917009602194787,0.11865234375,0.1917009602194787,2039,2265,2590,1983,2046,2272,2589,1983,-23,-16,14,0,5000,5000,5000,4900,-43.050000000000004,31.39,-212.79,6.447706092707051,11.49101432988288,63.92965818759345,0.20066675060215464,0.31375526209011745,0.9280573746884048
,984,0,0.63134765625,0.3082990397805212,-0.63134765625,-0.3082990397805212,2528,2591,2101,1657,2528,2591,2146,1673,0,0,-190,-52,4800,5000,5100,5000,-34.86,54.82,-180.58,-27.229373181088135,-9.736785255467609,55.63749584290273,-0.711199062435484,-0.27698527298882125,0.6461230936425318
,985,0,-0.58740234375,-0.5250342935528121,0.58740234375,0.5250342935528121,1733,2048,2896,2200,1776,2079,2896,2201,-182,-108,0,0,5000,4900,5000,4900,-31.990000000000002,20.89,-229.62,24.000853267653014,20.800474051544803,52.92768182216523,0.6609063560647743,0.5441169810651523,0.5168553950862147
,986,0,0.16259765625,-0.02503429355281206,-0.16259765625,0.02503429355281206,2222,2374,2407,1874,2222,2376,2420,1875,0,-11,-35,-17,5000,5000,5000,5000,-44.35,40.77,-200.38,-6.572858901570697,2.973027048014373,65.19111761845724,-0.1801095233747023,0.06301344005201888,0.9816261334961228
,987,0,-0.21240234375,0.4749657064471877,0.21240234375,-0.4749657064471877,1978,2700,2651,1548,1990,2701,2650,1584,-31,-2,14,-133,5000,5000,5000,4800,-38.88,64.86,-216.71,8.121288524783893,-22.178929276877852,59.863920940722195,0.21746906750937414,-0.6160259248041837,0.7571124517835867
,988,0,0.53759765625,-0.3583676268861454,-0.53759765625,0.3583676268861454,2466,2156,2163,2092,2467,2181,2200,2092,0,-70,-140,0,5000,4900,4900,4800,-36.58,30.09,-184.26,-21.89803932588933,14.693559791777275,57.31344936164021,-0.5894776344234384,0.3972977642231473,0.7033282342248425
,989,0,-0.39990234375,0.14163237311385446,0.39990234375,-0.14163237311385446,1855,2482,2774,1766,1887,2482,2774,1772,-116,-1,0,-22,5000,5000,5000,5000,-40.79,47.24,-226.74,19.30759052845289,-5.270056716051023,61.77966523587967,0.5549248879966416,-0.15193827795083395,0.8179077749815378
,990,0,0.35009765625,0.6416323731138545,-0.35009765625,-0.6416323731138545,2344,2808,2285,1440,2344,2808,2305,1486,-5,-1,-59,-197,4900,4900,5100,4700,-34.09,71.82000000000001,-198.86,-10.134168346912702,-27.93298082030543,55.00209152771269,-0.26750335735438585,-0.7566061431469085,0.5966482196038894
,991,0,-0.02490234375,-0.6361454046639232,0.02490234375,0.6361454046639232,2100,1975,2529,2273,2101,2033,2530,2273,0,-263,0,0,5000,5100,5100,5000,-34.27,13.67,-206.41,1.3199657245268668,29.575759188120298,55.073051493774955,0.050930474852267905,0.7896642064579578,0.611421726609749
,992,0,0.72509765625,-0.13614540466392322,-0.72509765625,0.13614540466392322,2589,2301,2040,1947,2590,2303,2097,1947,0,-6,-272,16,5000,4900,4900,5000,-32.660000000000004,41.82,-175.31,-31.599814904897983,3.582676094751143,53.378272861696395,-0.8155825011822023,0.09689250201554729,0.57047088165703
,993,0,-0.70458984375,0.3638545953360768,0.70458984375,-0.3638545953360768,1657,2627,2972,1621,1710,2628,2971,1639,-248,-1,13,-54,4900,4800,5000,5000,-32.28,55.72,-237.86,29.871264887945102,-14.504951417690378,53.34696674273767,0.7859693819724293,-0.3582693331458692,0.5038801598883331
,994,0,0.04541015625,-0.46947873799725653,-0.04541015625,0.46947873799725653,2146,2084,2483,2164,2147,2125,2484,2165,0,-154,-15,0,5000,4800,4900,4900,-38.69,19.97,-208.76,3.218288871179908,23.14428197069835,59.52067670647709,0.10621150343291977,0.6360755727208659,0.7642820044501515
,995,0,-0.32958984375,0.03052126200274341,0.32958984375,-0.03052126200274341,1901,2410,2728,1838,1928,2412,2727,1841,-83,0,14,-19,4900,4900,4900,4900,-41.93,41.75,-224.36,17.29783783312803,0.3711834571521422,62.89384808078139,0.5055329082846186,-0.001769105978222726,0.8628055104745993
,996,0,0.42041015625,0.5305212620027433,-0.42041015625,-0.5305212620027433,2390,2736,2239,1512,2391,2737,2265,1546,0,0,-87,-131,5000,5000,5000,4900,-35.800000000000004,67.17,-193.31,-15.366077437194605,-22.914417444910853,56.672495346606254,-0.38963429795789356,-0.635310007200599,0.6667580585232051
,997,0,-0.51708984375,-0.30281207133058985,0.51708984375,0.30281207133058985,1779,2193,2850,2055,1814,2214,2850,2055,-136,-54,0,-2,5000,5000,4900,4900,-37.03,31.18,-230.23000000000002,23.89103375863013,10.507210687448293,57.99665301884673,0.6731121536010143,0.28124596338225305,0.683974222288964
,998,0,0.23291015625,0.19718792866941015,-0.23291015625,-0.19718792866941015,2268,2519,2361,1729,2268,2519,2378,1740,0,0,-45,-34,5000,5000,5000,5000,-43.04,52.42,-198.48000000000002,-9.247986737860089,-8.526016109941082,63.901041066082406,-0.24916630213664645,-0.2621368159911902,0.9323091995585744
,999,0,-0.14208984375,0.69718792866941,0.14208984375,-0.69718792866941,2023,2844,2606,1404,2027,2845,2605,1456,-15,0,11,-237,4800,5000,4900,5000,-33.17,75.0,-211.89000000000001,2.655954520701755,-31.987074253741937,54.15546087371292,0.06547546520663311,-0.8347595632648023,0.5467078150108446
,1000,0,0.60791015625,-0.7287379972565158,-0.60791015625,0.7287379972565158,2512,1915,2117,2333,2512,1971,2151,2333,0,-252,-120,0,4700,4800,4800,4700,-27.6,15.700000000000001,-184.6,-20.544808770501703,29.00214461744501,48.298946194485836,-0.5307008630544346,0.75294789892952,0.38913500928456657
,1001,0,-0.61083984375,-0.22873799725651578,0.61083984375,0.22873799725651578,1718,2241,2911,2007,1765,2248,2910,2008,-208,-15,15,0,5000,4900,4900,4900,-35.4,34.34,-234.31,27.756423615663863,7.074611598466802,56.39511477470018,0.7627193525914594,0.18895052066126286,0.6185118349104595
,1002,0,0.13916015625,0.271262002743484,-0.13916015625,-0.271262002743484,2207,2567,2422,1681,2207,2568,2431,1701,0,0,-25,-63,5000,5000,4900,5000,-42.96,56.14,-204.4,-3.5920702513141407,-12.636993358757096,63.86011727184563,-0.09703403688511603,-0.38055728766950225,0.9196524052528812
,1003,0,-0.23583984375,-0.562071330589849,0.23583984375,0.562071330589849,1962,2024,2667,2224,1973,2070,2667,2226,-28,-187,0,-17,5000,4800,5100,4900,-35.89,16.86,-214.76,9.427855338755535,25.834558282328764,56.74294424062647,0.27549966997733283,0.6928946014803626,0.6663310011411373
,1004,0,0.51416015625,-0.06207133058984904,-0.51416015625,0.06207133058984904,2451,2350,2178,1898,2452,2352,2218,1898,0,-10,-167,0,5000,4900,5100,4900,-38.65,41.44,-183.65,-23.282215012921768,3.416498804997424,59.409028796516424,-0.6272296663192164,0.07202415432402834,0.7754969161015357
,1005,0,-0.42333984375,0.43792866941015074,0.42333984375,-0.43792866941015074,1840,2675,2789,1573,1869,2676,2788,1601,-100,0,14,-100,4900,5000,5000,4900,-37.35,61.550000000000004,-226.20000000000002,17.820220273270564,-19.520837310845806,58.373159377522796,0.4883668721199635,-0.5235758332976177,0.698116140052978
,1006,0,0.32666015625,-0.39540466392318246,-0.32666015625,0.39540466392318246,2329,2132,2300,2116,2329,2161,2321,2117,0,-92,-61,-1,5000,5000,5000,5000,-39.19,25.29,-194.6,-11.270553187913094,18.792765031818817,59.963120055733924,-0.29978696639723573,0.5252856909237869,0.796368455985709
,1007,0,-0.04833984375,0.1045953360768177,0.04833984375,-0.1045953360768177,2084,2458,2545,1790,2089,2458,2546,1798,-17,-3,0,-28,5000,5000,5000,4900,-44.63,48.14,-210.49,3.015530007275828,-5.061161808174148,65.54041341832517,0.09824968597364325,-0.16561017817308388,0.9812850085941188
,1008,0,0.70166015625,0.6045953360768175,-0.70166015625,-0.6045953360768175,2573,2784,2056,1464,2574,2784,2104,1502,0,0,-211,-154,5000,4900,5000,4900,-29.18,67.82000000000001,-181.78,-26.881543046345,-22.804298188284932,49.99643920890082,-0.6685303707800984,-0.6010892813692494,0.4379027508107513
,1009,0,-0.65771484375,-0.6731824417009602,0.65771484375,0.6731824417009602,1687,1951,2942,2297,1734,2000,2942,2297,-208,-205,0,0,4700,4800,4900,4800,-27.42,16.240000000000002,-230.79,25.503902662539815,25.347904057628817,48.35187338470885,0.6813332148712424,0.634875346069771,0.36430529129564654
,1010,0,0.09228515625,-0.1731824417009602,-0.09228515625,0.1731824417009602,2176,2277,2453,1971,2176,2285,2460,1972,0,-18,-24,0,5000,5000,5000,5000,-43.59,32.26,-205.21,-1.176233863332584,11.135721433199798,64.43384714450235,-0.02736842295597211,0.29495858619303156,0.9551180041523196
,1011,0,-0.28271484375,0.3268175582990398,0.28271484375,-0.3268175582990398,1932,2603,2697,1645,1951,2604,2696,1667,-57,0,15,-73,4900,4900,4800,4900,-40.9,57.08,-221.03,12.946410268245131,-14.702230440432686,61.88589390539726,0.36156708787874836,-0.42475139442988863,0.8299731886589753
,1012,0,0.46728515625,-0.5065157750342936,-0.46728515625,0.5065157750342936,2421,2060,2208,2188,2422,2094,2238,2190,0,-120,-112,-16,5000,4900,5000,4900,-35.28,21.96,-189.11,-16.50448254863744,22.474228537485978,56.01724754089155,-0.4387479296511554,0.6137165339613883,0.6563933806561769
,1013,0,-0.47021484375,-0.006515775034293569,0.47021484375,0.006515775034293569,1809,2386,2820,1862,1847,2387,2819,1862,-152,0,15,0,5000,4800,5000,5000,-39.31,40.33,-230.05,23.083251762664247,1.3967342820736732,60.298827624324275,0.6511336008451423,0.02938920899190454,0.7583939004536294
,1014,0,0.27978515625,0.4934842249657063,-0.27978515625,-0.4934842249657063,2298,2712,2331,1536,2298,2713,2347,1571,0,0,-43,-129,5000,5000,4900,4800,-38.24,66.12,-199.79,-8.841875898332916,-22.296835416524246,59.142290220381916,-0.2235331651343629,-0.6270429295354463,0.746223886380367
,1015,0,-0.09521484375,-0.33984910836762683,0.09521484375,0.33984910836762683,2054,2168,2575,2080,2058,2197,2575,2081,-15,-92,0,0,4900,4900,5000,5000,-41.45,26.0,-210.48000000000002,4.514286162548757,17.019929988447338,62.30448773064213,0.14819333955476227,0.48188004066381146,0.8636147060590446
,1016,0,0.65478515625,0.16015089163237306,-0.65478515625,-0.16015089163237306,2543,2494,2086,1754,2543,2494,2136,1759,0,0,-219,-23,5100,5000,4800,5000,-34.910000000000004,48.1,-178.4,-28.951352478772094,-2.8849534508165746,55.659591523939525,-0.7576025957737289,-0.07833137721847327,0.6479988443044975
,1017,0,-0.56396484375,0.6601508916323731,0.56396484375,-0.6601508916323731,1748,2820,2881,1428,1785,2821,2880,1471,-144,0,12,-176,5000,4700,5100,5000,-30.54,69.97,-229.82,20.896896691459744,-28.18522521732058,51.60268343975504,0.5405470105980128,-0.7097182071933437,0.451784235793834
,1018,0,0.18603515625,-0.6176268861454046,-0.18603515625,0.6176268861454046,2237,1987,2392,2261,2237,2041,2399,2261,0,-238,-20,0,5000,5000,4900,5000,-34.88,14.92,-202.93,-2.239329286871879,28.565037535754136,55.668753401838224,-0.05085580198135751,0.7699989612563829,0.636015162609292
,1019,0,-0.18896484375,-0.11762688614540462,0.18896484375,0.11762688614540462,1993,2313,2636,1935,2007,2318,2635,1936,-42,-11,14,0,5000,4900,5000,5000,-43.32,35.43,-216.91,10.284467618967199,7.183155566808381,64.2305134152565,0.30997560555195547,0.18766181371764248,0.9320397886543812
,1020,0,0.56103515625,0.3823731138545954,-0.56103515625,-0.3823731138545954,2482,2639,2147,1609,2483,2640,2187,1632,0,0,-157,-72,5000,5000,5100,4900,-35.93,59.01,-184.71,-23.396617369604797,-14.192689611736142,56.73876749754922,-0.6113261740758729,-0.40530636429918987,0.6797110120840528
,1021,0,-0.37646484375,-0.450960219478738,0.37646484375,0.450960219478738,1871,2096,2758,2152,1896,2128,2758,2153,-82,-112,0,0,5000,5000,5000,5000,-37.14,22.37,-221.6,15.874502401007021,19.879422086408887,58.041133187894765,0.46453943686412075,0.5371048007054349,0.7040749567035749
,1022,0,0.37353515625,0.0490397805212619,-0.37353515625,-0.0490397805212619,2360,2422,2269,1826,2360,2423,2297,1829,0,0,-102,-17,5000,4900,5000,5000,-41.69,43.87,-190.20000000000002,-16.925802707309856,0.5590117642279253,62.487955624633656,-0.4596665006094159,-0.007800772815531024,0.888057349590089
,1023,0,-0.00146484375,0.5490397805212617,0.00146484375,-0.5490397805212617,2115,2748,2514,1500,2116,2749,2514,1541,0,0,12,-168,4900,5000,5100,4900,-37.38,69.38,-207.62,-1.2455355730413658,-26.079897706876096,58.32979199289627,-0.027813940652868154,-0.7119030703207485,0.7017267296984278
,1024,0,0.74853515625,-0.2842935528120713,-0.74853515625,0.2842935528120713,2604,2205,2025,2043,2605,2223,2082,2044,0,-40,-275,0,4800,4900,4700,4800,-31.75,37.19,-175.43,-31.163393994506464,8.1914231497069,52.457193401275234,-0.8098833470138094,0.22430384214213359,0.5420117624461536
,1025,0,-0.749267578125,0.21570644718792864,0.749267578125,-0.21570644718792864,1628,2531,3001,1717,1687,2531,3000,1724,-287,0,13,-23,5100,4900,5000,4800,-31.73,48.64,-240.42000000000002,32.90561643490449,-7.615311404086256,52.79192514753047,0.8587046803392431,-0.18048029316878367,0.47963854697176733
,1026,0,0.000732421875,0.7157064471879284,-0.000732421875,-0.7157064471879284,2116,2857,2513,1391,2117,2858,2514,1445,0,0,0,-252,5100,5000,5000,4900,-32.410000000000004,75.89,-212.14000000000001,2.849022570329197,-32.89407633821814,53.39897429288753,0.06689748686759758,-0.8525817487500417,0.518294402776183
,1027,0,-0.374267578125,-0.7102194787379973,0.374267578125,0.7102194787379973,1872,1927,2757,2321,1891,1986,2757,2322,-53,-272,0,0,5000,5100,4900,5000,-30.8,12.21,-219.18,14.175977428924142,30.1613286935899,51.66343693921544,0.40792763395375814,0.7730650766413318,0.48576273296170075
,1028,0,0.375732421875,-0.21021947873799718,-0.375732421875,0.21021947873799718,2361,2253,2268,1995,2361,2261,2297,1996,0,-16,-107,0,5000,5000,4900,5000,-40.84,33.57,-190.98,-15.448734265554663,10.780490164168846,61.61586151393688,-0.42174333150513565,0.28123403297788485,0.8619976688053992
,1029,0,-0.561767578125,0.2897805212620026,0.561767578125,-0.2897805212620026,1750,2579,2879,1669,1789,2580,2878,1686,-158,0,14,-50,5000,5000,4800,5000,-36.4,52.69,-233.21,25.416380911719386,-11.15649890167677,57.43593660156146,0.6976361509429022,-0.29087892265537857,0.6547467092337454
,1030,0,0.188232421875,-0.5435528120713307,-0.188232421875,0.5435528120713307,2239,2036,2390,2212,2240,2078,2400,2213,-1,-162,-28,0,5000,4800,5000,5000,-36.72,17.57,-203.14000000000001,-2.217445486124319,25.91217861466432,57.516471086999836,-0.04764426062332139,0.7098835547531451,0.7027057443344944
,1031,0,-0.186767578125,-0.04355281207133055,0.186767578125,0.04355281207133055,1994,2362,2635,1886,2007,2363,2635,1886,-38,-4,0,0,5000,5000,5000,4900,-43.68,38.96,-217.96,11.092222029522105,3.5914253579870064,64.60468840008184,0.3320060308806038,0.08344825066625255,0.9395788337971698
,1032,0,0.563232421875,0.45644718792866934,-0.563232421875,-0.45644718792866934,2483,2688,2146,1560,2484,2689,2185,1590,0,0,-151,-103,5000,4900,4800,5000,-34.85,62.52,-185.51,-22.829984393062205,-17.751721999448293,55.671661348606925,-0.5919841071546141,-0.48929937932858086,0.6404224654593398
,1033,0,-0.655517578125,-0.3768861454046639,0.655517578125,0.3768861454046639,1689,2144,2940,2104,1739,2167,2939,2104,-228,-66,14,0,5100,4800,5100,4900,-32.94,28.78,-234.69,28.522467678342082,12.589273348014167,53.92301399153727,0.7726615131146595,0.3359381844265574,0.5386461940787786
,1034,0,0.094482421875,0.12311385459533608,-0.094482421875,-0.12311385459533608,2178,2470,2451,1778,2178,2470,2458,1786,0,0,-24,-27,5000,5000,5000,5000,-44.5,49.07,-205.03,-2.4940729012629674,-5.621201366016422,65.38539250401737,-0.06986211717903584,-0.18160865778484178,0.9808861197921247
,1035,0,-0.280517578125,0.6231138545953359,0.280517578125,-0.6231138545953359,1933,2796,2696,1452,1949,2796,2695,1499,-43,0,12,-204,5100,4900,4900,4900,-34.92,70.89,-218.70000000000002,9.719134973396535,-28.340697716294045,55.929191416895854,0.2539467285850828,-0.7504699991119332,0.6101686975532827
,1036,0,0.469482421875,-0.6546639231824417,-0.469482421875,0.6546639231824417,2422,1963,2207,2285,2423,2017,2232,2285,0,-234,-88,0,4800,5000,4800,4800,-31.89,16.65,-189.8,-15.441517679741196,27.715896406764948,52.617347007690505,-0.40732479325355164,0.7404620183771874,0.5346050057207965
,1037,0,-0.468017578125,-0.1546639231824417,0.468017578125,0.1546639231824417,1811,2289,2818,1959,1848,2293,2817,1960,-146,-11,13,0,5000,4900,5000,5000,-39.13,36.32,-229.15,22.456660896437143,5.457768609795593,60.10418930480595,0.6380936767365885,0.14439727587203874,0.7562974854047292
,1038,0,0.281982421875,0.3453360768175582,-0.281982421875,-0.3453360768175582,2300,2615,2329,1633,2300,2616,2347,1655,0,0,-53,-69,5000,5000,5000,4900,-40.9,59.19,-197.79,-10.382712525052796,-15.240161033606256,61.774716694801974,-0.2748181330907496,-0.4512108270680043,0.8490487519931481
,1039,0,-0.093017578125,-0.487997256515775,0.093017578125,0.487997256515775,2055,2072,2574,2176,2059,2112,2574,2177,-13,-155,0,0,5000,5000,5000,5000,-38.24,19.32,-208.66,3.164535200155541,23.798257093675815,59.06854057501002,0.10318927920601846,0.6522059533597895,0.7509855971048917
,1040,0,0.656982421875,0.01200274348422492,-0.656982421875,-0.01200274348422492,2544,2398,2085,1850,2544,2399,2137,1851,0,0,-234,0,5100,5000,5100,4900,-34.76,42.96,-177.77,-29.232486508197752,2.2853812858218845,55.49345191815989,-0.7645744355848442,0.05938279466630812,0.6417940605425819
,1041,0,-0.702392578125,0.5120027434842247,0.702392578125,-0.5120027434842247,1658,2724,2971,1524,1710,2725,2970,1553,-239,0,13,-107,4800,5000,5100,4800,-30.41,62.4,-236.52,28.092793151006617,-21.084695189676268,51.48715218856188,0.7273805398953169,-0.5244186179821347,0.44260892816944647
,1042,0,0.047607421875,-0.32133058984910834,-0.047607421875,0.32133058984910834,2147,2181,2482,2067,2148,2210,2484,2068,0,-86,-16,-16,5000,5000,5000,5000,-41.9,26.72,-207.96,1.9493157521637556,16.472801863136596,62.74366606383187,0.07328533800372698,0.4679223934019643,0.8807257762701491
,1043,0,-0.327392578125,0.17866941015089155,0.327392578125,-0.17866941015089155,1903,2506,2726,1742,1929,2506,2725,1752,-82,0,14,-31,5000,4900,5000,5000,-41.730000000000004,49.46,-223.72,16.140220495364275,-7.278644347844789,62.71011824323547,0.46865335064548785,-0.20885907705977555,0.8583367188105706
,1044,0,0.422607421875,0.6786694101508914,-0.422607421875,-0.6786694101508914,2391,2832,2238,1416,2392,2833,2261,1464,0,0,-77,-205,4900,4900,5100,4700,-32.35,73.19,-195.19,-13.879768703307946,-29.057332752621576,53.24718107345327,-0.3449646883232871,-0.7682107678924376,0.5393065732068623
,1045,0,-0.514892578125,-0.5991083676268861,0.514892578125,0.5991083676268861,1780,1999,2849,2249,1813,2047,2849,2249,-122,-198,0,0,5000,4700,5100,5000,-32.04,18.11,-226.31,20.88570299639258,23.797496359526,52.95406501623192,0.5952774166346546,0.6135079924130251,0.5188956932661052
,1046,0,0.235107421875,-0.09910836762688613,-0.235107421875,0.09910836762688613,2269,2325,2360,1923,2269,2329,2379,1924,-4,-9,-55,0,5000,5000,5000,4900,-43.44,37.57,-197.23000000000002,-9.495407759003541,6.375557395976884,64.25725713256445,-0.2593335014093746,0.1551169347161839,0.9532496376138879
,1047,0,-0.139892578125,0.40089163237311376,0.139892578125,-0.40089163237311376,2025,2651,2604,1597,2032,2652,2603,1626,-22,0,14,-106,5000,5000,5000,4900,-40.67,62.15,-213.70000000000002,5.29232324249179,-19.267005145208785,61.631957502275526,0.1475583591449035,-0.5500196842296674,0.8220126991758461
,1048,0,0.610107421875,-0.4324417009602195,-0.610107421875,0.4324417009602195,2514,2108,2115,2140,2514,2138,2157,2141,0,-100,-170,0,4800,5000,5000,4800,-33.980000000000004,27.78,-181.71,-24.273828095285353,17.162826502546437,54.69487157316439,-0.6443005107430578,0.4610056937587579,0.6102053770479579
,1049,0,-0.608642578125,0.0675582990397805,0.608642578125,-0.0675582990397805,1719,2434,2910,1814,1767,2434,2909,1815,-215,0,15,0,5100,5000,4900,5000,-35.9,42.550000000000004,-235.63,28.517212000845916,-1.2042533652325744,56.922462805703404,0.7762723817843457,-0.028521972881777713,0.6297520832373567
,1050,0,0.141357421875,0.5675582990397803,-0.141357421875,-0.5675582990397803,2208,2760,2421,1488,2208,2760,2427,1530,0,0,-18,-169,5000,5000,5000,4700,-37.02,69.89,-208.09,-0.8092722514786033,-26.62145942423092,57.97344213593723,-0.018962955481018222,-0.7240812946145224,0.6894539035416235
,1051,0,-0.233642578125,-0.26577503429355276,0.233642578125,0.26577503429355276,1964,2217,2665,2031,1979,2240,2665,2032,-44,-64,0,0,5000,5000,5000,5000,-41.76,30.47,-218.08,11.793884273123581,12.048482261109072,62.663874490079245,0.3515704878628478,0.3444490032577164,0.870490135623974
,1052,0,0.516357421875,0.23422496570644724,-0.516357421875,-0.23422496570644724,2453,2543,2176,1705,2454,2543,2214,1717,0,-3,-153,-34,5000,5000,5000,5000,-38.29,52.63,-185.07,-22.618505050318618,-7.8447718907981,59.08441918242825,-0.6048554446990931,-0.22302512649691025,0.7644669279758926
,1053,0,-0.421142578125,0.734224965706447,0.421142578125,-0.734224965706447,1841,2869,2788,1379,1868,2870,2787,1428,-88,0,13,-216,5100,5000,5100,5000,-30.44,74.63,-223.20000000000002,13.97821128964813,-32.38844431391287,51.48126870918052,0.3569452304213349,-0.8183633017502042,0.4504127094432004
,1054,0,0.328857421875,-0.7410836762688614,-0.328857421875,0.7410836762688614,2330,1907,2299,2341,2330,1969,2313,2341,0,-291,-38,0,5000,5000,4800,4900,-30.42,11.55,-197.25,-7.657468379340145,32.297650920387916,51.171836002605716,-0.20209250782647692,0.8494376886614728,0.4874569020558229
,1055,0,-0.046142578125,-0.2410836762688615,0.046142578125,0.2410836762688615,2086,2233,2543,2015,2090,2242,2543,2015,-16,-20,3,5,5000,5000,5000,5000,-42.58,28.57,-208.06,1.921016767819026,14.622220911143067,63.4288297724474,0.07276835383992034,0.3983588044895608,0.9143385749081552
,1056,0,0.703857421875,0.2589163237311385,-0.703857421875,-0.2589163237311385,2575,2559,2054,1689,2576,2559,2106,1703,0,0,-241,-39,5000,5000,4800,5000,-33.22,51.980000000000004,-177.23,-30.372219696713785,-6.682032906226311,53.97355357707001,-0.784800175232,-0.1901329086279527,0.5898628332184491
,1057,0,-0.725830078125,-0.5744170096021948,0.725830078125,0.5744170096021948,1643,2016,2986,2232,1699,2053,2986,2233,-265,-133,0,0,5100,4900,5000,4900,-28.150000000000002,20.97,-234.35,28.733182319030618,20.39069900826221,49.11165690565984,0.7599678447573618,0.5281997680298016,0.37875305937789366
,1058,0,0.024169921875,-0.07441700960219477,-0.024169921875,0.07441700960219477,2132,2341,2497,1907,2133,2345,2501,1908,0,-11,-17,-13,5000,5000,5000,5000,-44.56,37.24,-208.11,1.3765342735273975,5.974281575357139,65.43094966345706,0.04061455317232436,0.15313015348356496,0.9873710620454259
,1059,0,-0.350830078125,0.425582990397805,0.350830078125,-0.425582990397805,1887,2667,2742,1581,1908,2668,2741,1611,-63,0,14,-108,5000,5000,5000,4900,-38.46,61.46,-223.63,15.256811036782267,-19.25455432275642,59.470030589899494,0.4195497674174714,-0.5265812258978789,0.7393850182359883
,1060,0,0.399169921875,-0.40775034293552814,-0.399169921875,0.40775034293552814,2376,2124,2253,2124,2377,2154,2278,2125,0,-96,-86,0,5000,5000,5000,4900,-38.13,25.73,-190.95000000000002,-14.936755095030975,18.596887051036234,58.885949970329705,-0.40223562024304743,0.5089154299142205,0.7610595186993686
,1061,0,-0.538330078125,0.09224965706447186,0.538330078125,-0.09224965706447186,1765,2450,2864,1798,1807,2450,2863,1801,-176,0,14,-15,5000,5000,5000,4900,-37.83,43.57,-232.73000000000002,25.54572558182693,-2.0208405122660835,58.840470598410526,0.7098933037211814,-0.05530533635712398,0.7021344722360902
,1062,0,0.211669921875,0.5922496570644717,-0.211669921875,-0.5922496570644717,2254,2776,2375,1472,2254,2776,2386,1515,0,0,-29,-173,4900,5000,4900,4700,-36.22,70.7,-204.93,-4.012808940708624,-27.218794981113078,57.15965904859679,-0.10261780784161463,-0.7397430779360807,0.6650186194080845
,1063,0,-0.163330078125,-0.6855281207133059,0.163330078125,0.6855281207133059,2010,1943,2619,2305,2014,2001,2619,2305,-17,-265,0,0,5000,4800,5100,5000,-32.45,11.75,-210.4,5.439131611773291,31.217100860923395,53.268232969250874,0.16360268314328216,0.8192212801906049,0.5496459370823966
,1064,0,0.586669921875,-0.18552812071330593,-0.586669921875,0.18552812071330593,2498,2269,2131,1979,2498,2273,2176,1980,0,-11,-189,0,5000,5000,5000,4700,-36.57,37.61,-181.05,-25.607875864220574,7.40715721606837,57.30635263246149,-0.683238684206882,0.18931006395481603,0.7052280482855676
,1065,0,-0.632080078125,0.31447187928669407,0.632080078125,-0.31447187928669407,1704,2595,2925,1653,1752,2596,2924,1668,-211,0,13,-46,5000,5000,5000,5000,-34.57,53.96,-235.51,27.634294439794786,-12.583940539987566,55.62070384756085,0.7409379309243749,-0.32446841155750783,0.5879891431130801
,1066,0,0.117919921875,-0.5188614540466392,-0.117919921875,0.5188614540466392,2193,2052,2436,2196,2193,2094,2441,2197,0,-167,-18,0,5000,5000,4900,4800,-37.46,18.2,-206.02,0.6098923320717233,25.091509383803533,58.27248886147139,0.03369190870969039,0.6880983979417261,0.7248347743020668
,1067,0,-0.257080078125,-0.018861454046639192,0.257080078125,0.018861454046639192,1948,2378,2681,1870,1970,2379,2680,1870,-67,0,13,0,5000,5000,5000,4900,-42.84,39.980000000000004,-220.77,13.831047784773347,2.3818500063361583,63.78136528547173,0.41620942528196575,0.051361713324471994,0.9078169907590574
,1068,0,0.492919921875,0.48113854595336036,-0.492919921875,-0.48113854595336036,2437,2704,2192,1544,2438,2705,2224,1575,0,0,-124,-111,4900,5000,4900,4700,-35.75,64.31,-189.11,-19.363311150914086,-19.7778436732451,56.594216276589634,-0.500184283713661,-0.5486299156073168,0.6699409660757877
,1069,0,-0.444580078125,-0.35219478737997256,0.444580078125,0.35219478737997256,1826,2160,2803,2088,1857,2184,2803,2088,-109,-72,0,0,5000,5000,5000,4900,-37.43,27.28,-226.28,20.211202855935653,14.665839396121036,58.36699312061509,0.5832225182574834,0.3895612661880785,0.7128067859408614
,1070,0,0.305419921875,0.14780521262002733,-0.305419921875,-0.14780521262002733,2315,2486,2314,1762,2315,2487,2336,1770,0,-8,-68,-26,5000,4900,5000,5000,-42.53,49.36,-194.28,-13.229507755356792,-5.191213311031355,63.36226404391472,-0.35925658789783105,-0.1662850584591575,0.9183049511928169
,1071,0,-0.069580078125,0.6478052126200273,0.069580078125,-0.6478052126200273,2071,2812,2558,1436,2073,2812,2558,1488,-13,0,13,-236,5000,5000,5100,5000,-34.67,73.3,-208.53,-0.588934153738478,-30.060072347076726,55.6342986410823,-0.00014214835071465833,-0.7943116546951023,0.6075104731684673
,1072,0,0.680419921875,-0.6299725651577504,-0.680419921875,0.6299725651577504,2560,1979,2069,2269,2561,2029,2115,2269,0,-210,-185,0,5000,4800,5000,5000,-28.8,20.87,-180.58,-24.91012685881904,24.11846591816846,49.49183359488951,-0.6427184297369634,0.6317500818528262,0.43336457418136887
,1073,0,-0.678955078125,-0.12997256515775035,0.678955078125,0.12997256515775035,1673,2305,2956,1943,1730,2307,2955,1944,-275,-10,15,0,5100,5000,5000,4900,-33.54,38.75,-237.21,30.361311881371023,2.4737826105723073,54.56082206432626,0.8278196987895536,0.05950272197963406,0.5578296983605191
,1074,0,0.071044921875,0.37002743484224965,-0.071044921875,-0.37002743484224965,2162,2631,2467,1617,2163,2632,2470,1643,0,0,-14,-86,5000,5000,5000,5000,-41.29,61.35,-209.13,0.7837499969000987,-18.158866155433472,62.227016548484215,0.02616952880742828,-0.5178483155162567,0.8550720892877821
,1075,0,-0.303955078125,-0.46330589849108367,0.303955078125,0.46330589849108367,1918,2088,2711,2160,1936,2126,2711,2161,-49,-145,0,-6,4900,5000,5000,5000,-37.61,21.47,-218.99,13.32891230827741,20.954725933104065,58.49576789519219,0.3914931524818259,0.5676551998356443,0.7242241957152477
,1076,0,0.446044921875,0.036694101508916166,-0.446044921875,-0.036694101508916166,2407,2414,2222,1834,2408,2415,2255,1836,0,0,-125,-17,5000,5000,4900,5000,-40.32,43.06,-186.59,-20.466284450021902,1.6066993952199695,61.09783345108595,-0.5555282316435578,0.02077799480187739,0.8312380277507723
,1077,0,-0.491455078125,0.5366941015089162,0.491455078125,-0.5366941015089162,1796,2740,2833,1508,1830,2741,2832,1541,-135,0,14,-122,5000,4900,4800,4800,-34.03,65.63,-227.5,18.858083917809097,-23.688691443975117,55.07003495051404,0.5176871767028635,-0.6214332065227297,0.5880652658577081
,1078,0,0.258544921875,-0.296639231824417,-0.258544921875,0.296639231824417,2285,2197,2344,2051,2285,2221,2359,2052,0,-64,-42,-17,5000,5000,4900,5000,-41.47,29.54,-196.83,-9.343341146628404,14.40858818623169,62.26499910002472,-0.2508746828955065,0.4010670429813289,0.8810261747055484
,1079,0,-0.116455078125,0.2033607681755829,0.116455078125,-0.2033607681755829,2040,2523,2589,1725,2050,2523,2588,1739,-28,0,14,-45,5000,5000,5000,5000,-43.49,52.74,-213.29,5.504352828707965,-9.842755662279018,64.42608798206112,0.17087112576384497,-0.2968130631685129,0.9395238495710048
,1080,0,0.633544921875,0.7033607681755829,-0.633544921875,-0.7033607681755829,2529,2849,2100,1399,2529,2850,2141,1446,0,0,-162,-202,4800,4900,4900,5000,-28.26,72.46000000000001,-185.98,-22.999685959346607,-27.719585066989808,49.10922984457257,-0.5611616508288684,-0.7229796793440395,0.4029863333844074
,1081,0,-0.585205078125,-0.7225651577503429,0.585205078125,0.7225651577503429,1735,1919,2894,2329,1772,1973,2894,2329,-142,-240,0,0,5100,4900,5100,5000,-27.48,13.370000000000001,-227.43,22.34488914006161,28.438121589325746,48.38777842046612,0.6123751347673334,0.7011056086621851,0.36530483136843095
,1082,0,0.164794921875,-0.2225651577503429,-0.164794921875,0.2225651577503429,2223,2245,2406,2003,2223,2254,2419,2004,0,-19,-37,0,5000,5000,5000,4900,-42.7,30.41,-201.89000000000001,-4.359549302880453,13.202852235317252,63.52254419856546,-0.11457487119253633,0.35408077327204407,0.9281699224227665
,1083,0,-0.210205078125,0.27743484224965687,0.210205078125,-0.27743484224965687,1979,2571,2650,1677,1993,2572,2649,1698,-36,0,14,-69,5000,5000,5000,5000,-42.08,55.18,-217.61,9.656695236971615,-12.572553060022415,63.04393072190261,0.2851318671345375,-0.37865501341649477,0.8805226852040364
,1084,0,0.539794921875,-0.5558984910836763,-0.539794921875,0.5558984910836763,2468,2028,2161,2220,2469,2067,2199,2221,0,-139,-145,0,5000,5000,4800,4900,-33.2,20.93,-186.43,-19.09882359767593,23.67666772490321,53.92124312251902,-0.5029959118993189,0.6367816131175924,0.584383683728361
,1085,0,-0.397705078125,-0.05589849108367628,0.397705078125,0.05589849108367628,1857,2354,2772,1894,1889,2356,2772,1894,-119,-5,0,0,5000,5000,5000,4900,-40.5,39.45,-226.61,19.70473398734657,2.5101152393869057,61.469340539996175,0.5744609982908618,0.046399184639974854,0.8172158081604961
,1086,0,0.352294921875,0.4441015089163236,-0.352294921875,-0.4441015089163236,2346,2680,2283,1568,2346,2681,2306,1598,0,0,-71,-106,5000,5000,4800,4900,-38.43,63.58,-195.39000000000001,-13.06139571136805,-19.46535825361846,59.30381304646743,-0.3337545078599832,-0.5573746955869855,0.7602245570898479
,1087,0,-0.022705078125,-0.3892318244170096,0.022705078125,0.3892318244170096,2101,2136,2528,2112,2102,2169,2529,2113,0,-116,0,0,5000,4900,5000,4900,-40.480000000000004,23.37,-206.59,0.8152739644995393,19.90349285105564,61.3083582330017,0.04144449128285102,0.5526249409329087,0.8323989601154034
,1088,0,0.727294921875,0.11076817558299046,-0.727294921875,-0.11076817558299046,2590,2462,2039,1786,2591,2462,2096,1788,0,0,-275,-17,5000,4900,5100,4800,-32.82,45.45,-175.46,-31.69577911632811,-0.04870359572822025,53.548191706144664,-0.8198885404846642,-0.011292238767166934,0.5724117980314097
,1089,0,-0.737548828125,0.6107681755829903,0.737548828125,-0.6107681755829903,1635,2788,2994,1460,1690,2788,2993,1498,-258,0,13,-154,5000,5000,5000,4500,-27.55,65.77,-236.15,27.51014751588488,-24.430232387646427,48.63385498692453,0.7157003631480776,-0.6016244525074571,0.35471257143610363
,1090,0,0.012451171875,-0.6670096021947873,-0.012451171875,0.6670096021947873,2124,1955,2505,2293,2125,2014,2506,2293,0,-274,0,0,5000,4800,4900,5000,-33.3,12.39,-207.83,2.827739179959309,30.75430552822612,54.106952259060144,0.10016473514865479,0.8121268187399462,0.5748191507908681
,1091,0,-0.362548828125,-0.16700960219478733,0.362548828125,0.16700960219478733,1880,2281,2749,1967,1907,2286,2748,1968,-90,-11,14,0,5000,5000,4900,5000,-40.47,33.8,-224.54,18.02071662907619,8.28674046935096,61.41469175604803,0.5299971023909337,0.21146571412408924,0.8212096706732107
,1092,0,0.387451171875,0.33299039780521267,-0.387451171875,-0.33299039780521267,2369,2607,2260,1641,2370,2608,2285,1661,0,0,-85,-63,4900,5000,5000,5000,-39.69,58.07,-192.08,-15.998250270498005,-13.741103422049292,60.53328119236418,-0.42346483501566556,-0.40207662458363874,0.8117954923923772
,1093,0,-0.550048828125,-0.5003429355281207,0.550048828125,0.5003429355281207,1757,2064,2872,2184,1791,2099,2872,2185,-129,-127,0,0,4900,5000,4900,4900,-32.84,21.69,-229.20000000000002,23.52374703163656,20.033052087389578,53.77758368031495,0.6579867368861564,0.511858040410778,0.552317662716617
,1094,0,0.199951171875,-0.0003429355281207025,-0.199951171875,0.0003429355281207025,2246,2390,2383,1858,2246,2391,2399,1859,0,0,-45,-16,5000,5000,5000,5000,-44.09,42.230000000000004,-198.57,-8.475938152141936,1.637676219313832,64.92573576087456,-0.23083341156014933,0.018043692137368988,0.9728259665950297
,1095,0,-0.175048828125,0.49965706447187896,0.175048828125,-0.49965706447187896,2002,2716,2627,1532,2009,2717,2626,1569,-22,0,14,-145,5000,5000,4900,4800,-38.32,66.43,-214.41,5.723360743149385,-23.591842165374928,59.29636519580862,0.1666044710729485,-0.6513387836813317,0.7402707201362397
,1096,0,0.574951171875,-0.3336762688614541,-0.574951171875,0.3336762688614541,2491,2172,2138,2076,2492,2194,2177,2076,0,-61,-154,0,4900,5000,5000,5000,-35.93,31.830000000000002,-182.34,-23.927868847380182,13.085150946021386,56.65822947596944,-0.6411935395027154,0.3498249163084218,0.6830032011856054
,1097,0,-0.643798828125,0.16632373113854593,0.643798828125,-0.16632373113854593,1696,2498,2933,1750,1748,2498,2932,1755,-237,0,14,-21,5000,5000,5100,4700,-34.59,46.13,-236.15,28.80087557785788,-4.81490091552449,55.62413340118088,0.7928541314197026,-0.12614629596141197,0.5962125781178433
,1098,0,0.106201171875,0.6663237311385459,-0.106201171875,-0.6663237311385459,2185,2824,2444,1424,2185,2825,2446,1476,0,-2,-13,-239,5000,5000,4900,4700,-34.08,73.83,-210.39000000000001,1.233909492610536,-30.715984586888723,55.0549712943863,0.040324357549049235,-0.8097772403951319,0.585350123538299
,1099,0,-0.268798828125,-0.6114540466392319,0.268798828125,0.6114540466392319,1941,1991,2688,2257,1954,2044,2688,2257,-33,-231,0,0,5100,4800,4800,5000,-34.49,15.16,-215.8,10.586905675584433,27.456544073869065,55.34388583986607,0.31029967039278533,0.7251782250616071,0.6146793118778495
,1100,0,0.481201171875,-0.11145404663923186,-0.481201171875,0.11145404663923186,2430,2317,2199,1931,2431,2320,2235,1932,0,-8,-141,0,5000,5000,5000,5000,-39.42,39.68,-185.15,-21.670654807872495,5.073528969198904,60.18209072186781,-0.5859263924338303,0.11577402176328457,0.8020515186284672
,1101,0,-0.456298828125,0.38854595336076825,0.456298828125,-0.38854595336076825,1819,2643,2810,1605,1851,2644,2809,1627,-119,0,14,-71,5000,4900,5000,5000,-37.18,58.92,-227.34,19.135828642167155,-16.974200500277902,58.202233736526715,0.5423027081701266,-0.46079188701134,0.7025514995897988
,1102,0,0.293701171875,-0.4447873799725651,-0.293701171875,0.4447873799725651,2307,2100,2322,2148,2307,2134,2339,2149,0,-122,-52,0,5000,4900,4900,4900,-38.59,22.87,-196.64000000000001,-9.069092263527551,21.067957546505603,59.3672435420863,-0.23728833114709,0.584626492199923,0.7758260839385602
,1103,0,-0.081298828125,0.055212620027434656,0.081298828125,-0.055212620027434656,2063,2426,2566,1822,2071,2427,2566,1828,-25,0,0,-20,5000,5000,5000,5000,-44.64,45.09,-212.29,5.017087396558736,-2.1394773812839816,65.55173274138022,0.16038027745100628,-0.08547763428089812,0.9833472126581125
,1104,0,0.668701171875,0.5552126200274345,-0.668701171875,-0.5552126200274345,2552,2752,2077,1496,2552,2752,2123,1530,0,-1,-191,-124,5000,4900,4700,4700,-30.650000000000002,66.21000000000001,-182.35,-26.2113536374641,-21.232207807732763,51.465206716574926,-0.6589267727898735,-0.5687456163892947,0.49228440147813257
,1105,0,-0.690673828125,-0.2781207133058985,0.690673828125,0.2781207133058985,1666,2209,2963,2039,1722,2226,2962,2040,-266,-40,14,-1,5000,5000,4900,5000,-32.7,33.01,-236.57,30.114005144032546,8.241451080580141,53.70312759789634,0.8175895375866747,0.2136160920042074,0.5347106818323886
,1106,0,0.059326171875,0.2218792866941014,-0.059326171875,-0.2218792866941014,2155,2535,2474,1713,2156,2535,2478,1728,0,0,-15,-50,5000,5000,5000,4900,-43.58,54.18,-208.12,0.2486230535064351,-10.930560259439915,64.49380569359654,0.006873893474501064,-0.3250834438254736,0.9456603534774367
,1107,0,-0.315673828125,0.7218792866941013,0.315673828125,-0.7218792866941013,1910,2861,2719,1387,1928,2862,2718,1440,-45,0,12,-241,4900,4800,5000,4600,-31.470000000000002,74.81,-218.99,9.760730908235502,-32.281176035933754,52.4906015328512,0.2594076142292095,-0.8299154218737569,0.49391100637262003
,1108,0,0.434326171875,-0.7040466392318244,-0.434326171875,0.7040466392318244,2399,1931,2230,2317,2400,1989,2252,2317,0,-263,-74,0,4900,4900,4900,4900,-30.86,14.23,-191.8,-13.277887674851655,29.99255734100094,51.59127674086402,-0.3440018014161915,0.7927275320905224,0.5032353529791849
,1109,0,-0.503173828125,-0.20404663923182442,0.503173828125,0.20404663923182442,1788,2257,2841,1991,1828,2263,2840,1991,-163,-15,16,16,5000,5000,5000,5000,-37.75,33.64,-229.75,23.242723983320957,8.087249244152389,58.720449294189336,0.6655376971555406,0.20821281221087876,0.7167335617202097
,1110,0,0.246826171875,0.29595336076817547,-0.246826171875,-0.29595336076817547,2277,2583,2352,1665,2277,2584,2367,1685,0,0,-44,-61,5000,4900,5000,4900,-41.89,56.96,-198.75,-9.279277050080651,-13.077157443872636,62.763880798160216,-0.24567458653625412,-0.3899660509751633,0.8874516756517372
,1111,0,-0.128173828125,-0.5373799725651578,0.128173828125,0.5373799725651578,2032,2040,2597,2208,2036,2084,2597,2210,-15,-174,0,-16,5000,5000,4900,4900,-36.95,17.32,-210.02,4.662556916731063,25.6982929838948,57.78032686892397,0.14252061383428452,0.6964857201082533,0.7032748511909032
,1112,0,0.621826171875,-0.03737997256515779,-0.621826171875,0.03737997256515779,2521,2366,2108,1882,2521,2367,2156,1882,0,-1,-207,4,4900,5000,5100,5000,-35.79,42.15,-179.04,-27.915734606113944,3.0108319383148796,56.527756408702295,-0.736015996111757,0.06356406100737172,0.6739733404340769
,1113,0,-0.596923828125,0.462620027434842,0.596923828125,-0.462620027434842,1727,2692,2902,1556,1770,2693,2901,1584,-183,0,13,-92,5000,4900,5100,4900,-33.34,60.96,-232.33,23.995358192316928,-19.357039383284473,54.392463217341465,0.6595882078510913,-0.503158471581539,0.5583681120367784
,1114,0,0.153076171875,-0.37071330589849105,-0.153076171875,0.37071330589849105,2216,2148,2413,2100,2217,2178,2421,2100,0,-98,-24,0,4900,5000,5000,4900,-40.84,24.88,-203.25,-2.620670975179763,18.623208260049935,61.65542269030818,-0.057703209425656474,0.5248410721024082,0.8492421260490872
,1115,0,-0.221923828125,0.12928669410150895,0.221923828125,-0.12928669410150895,1971,2474,2658,1774,1988,2474,2657,1783,-47,0,14,-30,5000,4900,5000,5000,-43.14,47.64,-218.95000000000002,11.497088455550227,-5.137085899596947,64.09158567809968,0.3464430799918478,-0.15987211142498484,0.9243473915765
,1116,0,0.528076171875,0.6292866941015087,-0.528076171875,-0.6292866941015087,2460,2800,2169,1448,2461,2800,2204,1491,0,0,-130,-179,5100,4700,5000,5000,-32.14,70.42,-189.56,-19.309026549299745,-25.914574835855603,53.00196296983735,-0.4800602761825129,-0.6940989106733515,0.5364408946320517
,1117,0,-0.409423828125,-0.6484910836762688,0.409423828125,0.6484910836762688,1849,1967,2780,2281,1872,2020,2780,2281,-70,-231,0,0,4900,5000,4900,5000,-32.22,14.66,-221.17000000000002,15.989306030016479,27.586773634262943,53.099579561295336,0.4612719682409095,0.7100209648576815,0.5320699209481072
,1118,0,0.340576171875,-0.14849108367626884,-0.340576171875,0.14849108367626884,2338,2293,2291,1955,2338,2298,2317,1956,0,-11,-86,0,5000,5000,5000,4900,-41.82,36.31,-192.17000000000002,-14.451009380942196,7.969289141493348,62.608733038724104,-0.3949965045947152,0.2004702009809786,0.896543060804445
,1119,0,-0.034423828125,0.35150891632373105,0.034423828125,-0.35150891632373105,2094,2619,2535,1629,2096,2620,2535,1655,-14,0,13,-86,5000,5000,5000,5000,-41.68,60.47,-208.4,0.11289384403542613,-17.230528657812982,62.61112787697548,0.015958639202493907,-0.5045988409604106,0.8632064246379395
,1120,0,0.715576171875,-0.4818244170096022,-0.715576171875,0.4818244170096022,2582,2076,2047,2172,2583,2107,2097,2173,0,-107,-225,0,5100,5000,4700,5000,-30.57,27.12,-177.93,-27.984182244901092,18.066489607238893,51.26430819703404,-0.7278799058708229,0.4738513744799189,0.495636678962497
,1121,0,-0.714111328125,0.018175582990397787,0.714111328125,-0.018175582990397787,1650,2402,2979,1846,1709,2403,2978,1847,-285,0,14,0,5000,5000,4900,5000,-32.39,40.95,-238.98000000000002,31.984423665819065,0.15614773817838312,53.42527077378515,0.8580527921116851,-0.001422729900990255,0.5135595211744891
,1122,0,0.035888671875,0.5181755829903976,-0.035888671875,-0.5181755829903976,2139,2728,2490,1520,2140,2729,2490,1558,0,0,0,-153,4900,4900,5000,4900,-37.87,68.17,-211.35,2.5551745353479873,-25.122800107554312,58.83542709587009,0.0736057487611849,-0.6847984496246314,0.7250057083506354
,1123,0,-0.339111328125,-0.3151577503429355,0.339111328125,0.3151577503429355,1895,2185,2734,2063,1916,2211,2734,2063,-63,-75,0,0,4900,5000,5000,4900,-39.65,28.7,-222.51,16.343326383234484,13.509664415755033,60.57164524888849,0.4797608731998869,0.3726516858695769,0.7943300482576775
,1124,0,0.410888671875,0.1848422496570643,-0.410888671875,-0.1848422496570643,2384,2510,2245,1738,2385,2510,2275,1746,0,0,-107,-29,5000,5000,5000,5000,-40.67,50.89,-189.52,-18.07282538623545,-6.402036013328491,61.482295238316645,-0.49104076542440583,-0.19226228307965362,0.8496553308232769
,1125,0,-0.526611328125,0.6848422496570643,0.526611328125,-0.6848422496570643,1773,2836,2856,1412,1808,2837,2855,1457,-134,0,13,-185,4900,4900,4900,5000,-30.03,71.49,-227.63,18.611848094155846,-29.555527389999924,51.08555206040381,0.49362052386312805,-0.7468323846516309,0.44562334729752456
,1126,0,0.223388671875,-0.5929355281207134,-0.223388671875,0.5929355281207134,2262,2003,2367,2245,2262,2052,2377,2245,0,-206,-27,0,5000,5000,5000,4800,-35.410000000000004,16.12,-200.73000000000002,-4.517795301526547,27.517652643594978,56.19074718316164,-0.11205311914948175,0.7454620720488225,0.6570619435224874
,1127,0,-0.151611328125,-0.09293552812071337,0.151611328125,0.09293552812071337,2017,2329,2612,1919,2030,2333,2611,1918,-37,-10,15,17,5000,5000,5000,4900,-43.68,36.2,-215.25,8.574590832383734,6.527887607276504,64.5841308298643,0.2623590455882694,0.16468089813651654,0.9508143525352164
,1128,0,0.598388671875,0.4070644718792866,-0.598388671875,-0.4070644718792866,2506,2655,2123,1593,2506,2656,2165,1616,0,0,-170,-80,5000,5000,4800,4900,-34.65,60.06,-183.28,-24.88798343935585,-15.147517438892294,55.45427107229783,-0.6466716029259859,-0.4200199620375238,0.6367095644476627
,1129,0,-0.620361328125,-0.42626886145404663,0.620361328125,0.42626886145404663,1712,2112,2917,2136,1758,2141,2917,2137,-200,-93,0,0,4800,4800,5100,5000,-32.83,25.54,-232.61,26.666302361745778,15.96184058783522,53.79440399833814,0.7308435645404694,0.40983133464772337,0.5458076229869336
,1130,0,0.129638671875,0.07373113854595326,-0.129638671875,-0.07373113854595326,2201,2438,2428,1810,2201,2438,2438,1816,-8,0,-27,-21,5000,5000,5000,5000,-44.53,46.44,-202.51,-4.831052629178828,-2.8271700899124,65.39611535171883,-0.12998991768744936,-0.10554479058597244,0.9858817974178106
,1131,0,-0.245361328125,0.5737311385459531,0.245361328125,-0.5737311385459531,1956,2764,2673,1484,1970,2764,2671,1527,-36,0,12,-176,5100,5000,5000,5000,-36.13,69.17,-217.09,8.22299047296164,-26.512586710639127,57.126756356605554,0.22966129341842265,-0.7143911593384054,0.6609848423107042
,1132,0,0.504638671875,-0.25960219478738,-0.504638671875,0.25960219478738,2445,2221,2184,2027,2446,2240,2218,2028,0,-50,-134,0,5000,4900,4900,5000,-38.31,34.65,-184.93,-21.545508834035303,10.103720995321126,59.05829951992292,-0.5829010134143039,0.26896087736256413,0.7667375398458957
,1133,0,-0.432861328125,0.24039780521262,0.432861328125,-0.24039780521262,1834,2547,2795,1701,1867,2547,2795,1714,-121,0,12,-37,5000,5000,5000,4800,-39.31,51.74,-227.39000000000001,19.659722769529196,-9.807858945738317,60.31431414858365,0.5730493938122417,-0.2702484938206137,0.7736796131727345
,1134,0,0.317138671875,0.7403978052126199,-0.317138671875,-0.7403978052126199,2323,2873,2306,1375,2323,2874,2323,1427,0,0,-46,-238,4800,5000,5100,5000,-31.36,76.16,-201.41,-7.869553959531828,-32.44285295754425,52.295881080939516,-0.18752622281376505,-0.8502490291197649,0.49184398363515575
,1135,0,-0.057861328125,-0.7349108367626886,0.057861328125,0.7349108367626886,2078,1911,2551,2337,2079,1973,2552,2337,0,-291,-1,0,5000,4900,5100,4800,-30.89,9.85,-206.66,1.8433872224064203,33.36052645380896,51.68470873069312,0.07686259936654623,0.8663154124176813,0.49354812027420436
,1136,0,0.692138671875,-0.23491083676268854,-0.692138671875,0.23491083676268854,2567,2237,2062,2011,2569,2243,2116,2011,0,-11,-245,16,4900,5000,4700,5000,-33.43,36.800000000000004,-177.09,-29.489004780000982,8.473388812034074,54.144503723538485,-0.7711883199429971,0.221617024346978,0.5967867874736233
,1137,0,-0.667236328125,0.26508916323731135,0.667236328125,-0.26508916323731135,1681,2563,2948,1685,1734,2564,2947,1697,-245,0,13,-35,5000,4800,5000,5000,-33.65,50.53,-236.57,28.927670462955433,-9.235876967975088,54.697368166198814,0.7899854067697346,-0.2368092861124397,0.5655478928453135
,1138,0,0.082763671875,-0.5682441700960219,-0.082763671875,0.5682441700960219,2170,2020,2459,2228,2171,2068,2461,2229,0,-199,-14,0,4900,4800,5100,4900,-36.160000000000004,16.01,-207.71,2.450022678232841,27.158828858047944,56.975449733092155,0.08851979973604375,0.7327525908955117,0.6747131876513203
,1139,0,-0.292236328125,-0.0682441700960219,0.292236328125,0.0682441700960219,1925,2346,2704,1902,1948,2348,2703,1901,-73,-9,15,15,5000,4900,5000,5000,-42.08,37.93,-222.39000000000001,15.589286230085179,4.315752939759811,63.02432036373799,0.4677337250122216,0.09890907336619248,0.8783177999403365
,1140,0,0.457763671875,0.4317558299039779,-0.457763671875,-0.4317558299039779,2414,2671,2215,1577,2415,2672,2244,1604,0,0,-105,-96,4900,4900,5000,4900,-37.2,62.33,-190.02,-18.32884647544472,-17.859583183566357,58.04375397149226,-0.4760075161773458,-0.5040645956228972,0.7206495181308307
,1141,0,-0.479736328125,-0.4015775034293553,0.479736328125,0.4015775034293553,1803,2128,2826,2120,1835,2157,2826,2121,-119,-93,0,0,5000,5000,5000,5000,-36.18,25.580000000000002,-227.18,21.229848955217705,16.29769525153374,57.117230506526816,0.6118323853231219,0.4265281492035149,0.666134273406528
,1142,0,0.270263671875,0.09842249657064461,-0.270263671875,-0.09842249657064461,2292,2454,2337,1794,2292,2454,2356,1800,0,0,-60,-21,5000,5000,5000,4900,-43.17,46.94,-195.67000000000002,-11.682549876334065,-2.868641773796071,64.00310940354062,-0.3193754200232354,-0.10565290624762633,0.9417201306579421
,1143,0,-0.104736328125,0.5984224965706446,0.104736328125,-0.5984224965706446,2048,2780,2581,1468,2052,2780,2580,1513,-13,0,12,-193,4800,4900,5000,4700,-35.980000000000004,71.21000000000001,-210.16,1.1719783844536948,-28.081018200491954,56.947170195242556,0.04133189046487369,-0.7554583378418156,0.6538917147478478
,1144,0,0.645263671875,-0.6793552812071331,-0.645263671875,0.6793552812071331,2537,1947,2092,2301,2537,1998,2133,2301,0,-214,-158,0,4900,4800,5000,4700,-28.19,18.06,-182.56,-22.742174309266176,26.786786681757775,48.88467130564111,-0.5862323339545189,0.6971222559732537,0.4127374599585053
,1145,0,-0.573486328125,-0.17935528120713307,0.573486328125,0.17935528120713307,1742,2273,2887,1975,1786,2278,2886,1975,-186,-12,15,12,5000,5000,5000,4900,-36.19,35.61,-233.03,26.389873852610663,5.896086637289969,57.181893435431626,0.7398271982617388,0.14923910246891142,0.6560361323939864
,1146,0,0.176513671875,0.32064471879286693,-0.176513671875,-0.32064471879286693,2231,2599,2398,1649,2231,2600,2409,1669,0,0,-30,-66,5000,5000,5000,4900,-41.96,58.71,-202.94,-5.217246254623319,-15.10553115983727,62.859305559830695,-0.13788415300833234,-0.4424419219118581,0.8861337969427165
,1147,0,-0.198486328125,-0.5126886145404664,0.198486328125,0.5126886145404664,1987,2056,2642,2192,1996,2097,2642,2193,-25,-163,0,0,5000,4800,4900,5000,-37.29,18.64,-213.43,7.974072752470249,24.152311937787616,58.14075088966329,0.2391278473649058,0.6546166920737143,0.7171435414706699
,1148,0,0.551513671875,-0.012688614540466325,-0.551513671875,0.012688614540466325,2476,2382,2153,1866,2477,2383,2198,1865,0,0,-189,17,5000,4900,5000,4700,-37.87,41.95,-182.06,-24.899206897081342,3.0126586921034644,58.622358338332155,-0.6662382043954872,0.057502618149904816,0.7435187313778867
,1149,0,-0.385986328125,0.48731138545953323,0.385986328125,-0.48731138545953323,1864,2708,2765,1540,1890,2709,2765,1572,-83,0,0,-117,5000,4900,5000,4900,-36.64,64.29,-223.52,14.964969182600782,-22.075884215908957,57.65665639626163,0.42265728837425154,-0.5930668112880569,0.6852974346462573
,1150,0,0.364013671875,-0.3460219478737997,-0.364013671875,0.3460219478737997,2353,2164,2276,2084,2353,2188,2299,2084,0,-67,-76,0,5000,5000,5000,4900,-39.62,28.1,-192.17000000000002,-13.886605974509052,16.154276827015593,60.388029235274416,-0.37101920226226043,0.44728918040435156,0.8138041168769539
,1151,0,-0.010986328125,0.1539780521262002,0.010986328125,-0.1539780521262002,2109,2490,2520,1758,2113,2490,2521,1769,-15,0,0,-34,5000,5000,5000,5000,-44.28,50.870000000000005,-207.96,0.3088707446889032,-7.615318195973757,65.18463148663832,0.026963462894406303,-0.23773938519109364,0.9709546623801248
,1152,0,0.739013671875,0.6539780521262,-0.739013671875,-0.6539780521262,2598,2816,2031,1432,2599,2817,2084,1475,0,0,-243,-178,4700,4800,5000,4700,-27.11,69.51,-180.95000000000002,-27.8136345194022,-24.440387278978847,47.926579799866865,-0.6829309927079475,-0.6271418352499508,0.3745642504007294
,1153,0,-0.743408203125,-0.6237997256515775,0.743408203125,0.6237997256515775,1631,1983,2998,2265,1683,2030,2998,2265,-231,-188,0,0,5100,5000,4800,4800,-26.22,18.93,-235.01,29.53859658534344,22.376020864443426,47.17984299459362,0.772194853526668,0.5462117406357224,0.32460413210343125
,1154,0,0.006591796875,-0.12379972565157749,-0.006591796875,0.12379972565157749,2120,2309,2509,1939,2121,2315,2512,1940,0,-15,-14,0,5000,5000,5000,5000,-44.09,34.2,-209.21,2.6813386240695536,8.931823337860955,64.95879256052194,0.0830404656875723,0.23115194807968092,0.9693673493353072
,1155,0,-0.368408203125,0.3762002743484223,0.368408203125,-0.3762002743484223,1876,2635,2753,1613,1899,2636,2752,1639,-71,0,13,-89,4900,4900,5000,5000,-38.730000000000004,58.64,-224.28,16.094230971750676,-16.484048567980892,59.73616160138301,0.4636069657512609,-0.45832682368047517,0.7582909098768598
,1156,0,0.381591796875,-0.45713305898491086,-0.381591796875,0.45713305898491086,2365,2092,2264,2156,2365,2125,2289,2157,0,-116,-85,0,5000,4900,4900,5000,-37.480000000000004,23.12,-192.66,-13.051481462736518,21.083757843247504,58.237939944001646,-0.345433164755431,0.5819599690100363,0.7362054897628002
,1157,0,-0.555908203125,0.04286694101508903,0.555908203125,-0.04286694101508903,1754,2418,2875,1830,1797,2419,2874,1831,-179,0,16,0,5000,4900,5000,5000,-36.78,40.61,-233.08,26.099652909740854,0.9058042889047258,57.784764804559806,0.7371532681472656,0.016777063949707585,0.675517275415687
,1158,0,0.194091796875,0.542866941015089,-0.194091796875,-0.542866941015089,2243,2744,2386,1504,2243,2745,2396,1541,0,0,-26,-145,5000,4900,4900,5000,-37.36,68.85000000000001,-204.89000000000001,-3.9334405092591,-25.367058078592038,58.294767455724056,-0.0930662002956764,-0.6967003942819446,0.7112996857653656
,1159,0,-0.180908203125,-0.2904663923182441,0.180908203125,0.2904663923182441,1998,2201,2631,2047,2006,2227,2631,2048,-24,-74,0,-17,5000,5000,4900,5000,-41.68,28.75,-215.63,9.465895182628742,13.929553828828624,62.567248656813874,0.286812946072361,0.3928707888735498,0.873722425725223
,1160,0,0.569091796875,0.20953360768175577,-0.569091796875,-0.20953360768175577,2487,2527,2142,1721,2488,2527,2186,1730,0,0,-181,-30,4900,4800,5000,4900,-37.31,50.93,-182.64000000000001,-24.923540658591065,-5.987575998307243,58.08795831440027,-0.6627869289544607,-0.1738260734304598,0.7283529247575395
,1161,0,-0.649658203125,0.7095336076817556,0.649658203125,-0.7095336076817556,1692,2853,2937,1395,1738,2854,2936,1440,-197,0,13,-186,4900,5000,5000,4900,-27.17,71.18,-232.01,23.016549499025956,-29.549787404997744,48.24677193744478,0.5965235283762519,-0.724184743685537,0.34600019813095556
,1162,0,0.100341796875,-0.7163923182441702,-0.100341796875,0.7163923182441702,2181,1923,2448,2325,2181,1986,2449,2325,-3,-297,-15,0,5000,4900,5100,4900,-31.7,10.59,-207.22,2.3482779745988864,32.58676415469405,52.499372607895836,0.0834617786192986,0.8496663232440297,0.5206738620813179
,1163,0,-0.274658203125,-0.21639231824417005,0.274658203125,0.21639231824417005,1937,2249,2692,1999,1956,2256,2691,1999,-54,-15,14,17,5000,5000,4900,5000,-41.19,30.7,-220.13,13.826431714030065,11.679129796834587,62.10474153844899,0.41343949643944455,0.30880019542780657,0.8565688659341097
,1164,0,0.475341796875,0.28360768175582973,-0.475341796875,-0.28360768175582973,2426,2575,2203,1673,2427,2576,2235,1690,0,0,-121,-52,5000,4900,5000,4900,-38.57,55.03,-187.27,-20.58677677356411,-10.386861481787392,59.38150624175615,-0.5455490662788718,-0.3074532184497809,0.7796465447541737
,1165,0,-0.462158203125,-0.5497256515775034,0.462158203125,0.5497256515775034,1815,2032,2814,2216,1846,2070,2814,2217,-115,-136,0,0,5100,4900,4800,5000,-33.57,18.34,-224.33,18.887329595874036,23.705921286789042,54.474695726875744,0.5309311630561628,0.6159037466644371,0.5820435335441327
,1166,0,0.287841796875,-0.049725651577503416,-0.287841796875,0.049725651577503416,2304,2358,2325,1890,2304,2359,2347,1890,0,-8,-67,0,5000,5000,5000,4900,-42.94,40.33,-194.09,-12.81196947758363,3.832177804035375,63.74849528440298,-0.34974206984584416,0.08159949674518863,0.9332855976124755
,1167,0,-0.087158203125,0.4502743484224965,0.087158203125,-0.4502743484224965,2059,2684,2570,1564,2063,2685,2569,1599,-15,0,14,-130,5000,4900,5000,4900,-39.74,64.69,-210.49,1.9228385395517762,-21.587394916879916,60.69229578432734,0.06429517091840102,-0.607169137281294,0.7919670256580527
,1168,0,0.662841796875,-0.3830589849108368,-0.662841796875,0.3830589849108368,2548,2140,2081,2108,2548,2166,2127,2108,0,-75,-192,0,5000,5000,5100,5000,-33.19,30.88,-178.99,-27.19288353434365,14.25106946912615,53.89907868425941,-0.7167366571258532,0.3768427214451678,0.5867521858722436
,1169,0,-0.696533203125,0.11694101508916321,0.696533203125,-0.11694101508916321,1662,2466,2967,1782,1721,2466,2966,1784,-285,-2,15,-16,5100,4900,5000,4800,-33.04,43.38,-237.79,30.63010090357477,-2.1862012851938317,54.07543299075432,0.8379928271896041,-0.059348478504971124,0.542444264121135
,1170,0,0.053466796875,0.6169410150891632,-0.053466796875,-0.6169410150891632,2151,2792,2478,1456,2152,2792,2478,1503,0,0,0,-207,4800,4900,4800,5000,-35.34,72.04,-211.43,2.3861788283201406,-28.996600798251393,56.31564364093575,0.06954911106602933,-0.7722994808429593,0.6314399678826331
,1171,0,-0.321533203125,-0.6608367626886146,0.321533203125,0.6608367626886146,1906,1959,2723,2289,1924,2015,2723,2289,-46,-252,0,0,4900,4800,5100,4700,-32.730000000000004,13.61,-217.48000000000002,12.37611261092701,28.88468267736156,53.588420468024026,0.35919550198160966,0.7525701923430573,0.5519209154878206
,1172,0,0.428466796875,-0.16083676268861447,-0.428466796875,0.16083676268861447,2395,2285,2234,1963,2396,2290,2266,1963,-1,-12,-124,16,4900,5000,4900,4900,-40.34,36.69,-187.96,-18.669853106702504,7.869839045710677,61.10861061169963,-0.5082080787606792,0.19576546419124155,0.8386897112236242
,1173,0,-0.509033203125,0.33916323731138553,0.509033203125,-0.33916323731138553,1784,2611,2845,1637,1820,2612,2844,1657,-140,0,15,-66,5000,4900,4900,4900,-36.76,55.47,-230.12,22.144200682047483,-13.720746582626944,57.787462383383954,0.6294741563318176,-0.36960084793171966,0.6834892096576953
,1174,0,0.240966796875,-0.4941700960219479,-0.240966796875,0.4941700960219479,2273,2068,2356,2180,2273,2104,2371,2181,0,-134,-38,0,5000,5000,5000,5000,-37.77,19.96,-200.04,-5.476630548895173,23.739688142627685,58.556950724244814,-0.13651057297627067,0.6553994400166514,0.7428434811530285
,1175,0,-0.134033203125,0.005829903978052053,0.134033203125,-0.005829903978052053,2029,2394,2600,1854,2040,2395,2599,1856,-34,-2,15,-18,5000,5000,5000,4900,-44.300000000000004,41.74,-214.99,7.938510932894189,1.0198283015833667,65.2168116707569,0.24443842137235236,0.005837431483321047,0.9696472464513424
,1176,0,0.615966796875,0.5058299039780518,-0.615966796875,-0.5058299039780518,2518,2720,2111,1528,2518,2721,2151,1558,0,0,-155,-109,5000,5000,5000,5000,-32.65,64.38,-183.72,-24.730716924137113,-19.49305456734143,53.4674207235144,-0.6288335702382851,-0.5363733942654387,0.56291377924647
,1177,0,-0.602783203125,-0.32750342935528115,0.602783203125,0.32750342935528115,1723,2177,2906,2071,1767,2197,2905,2072,-189,-53,15,-17,5000,5000,4900,5000,-34.33,29.79,-232.99,26.751517796895428,11.700194371513206,55.30702088853886,0.7409159862164371,0.3053880282560526,0.5981485213279434
,1178,0,0.147216796875,0.1724965706447188,-0.147216796875,-0.1724965706447188,2212,2502,2417,1746,2212,2502,2428,1756,0,0,-29,-33,5000,4900,5000,5000,-43.87,51.4,-202.81,-4.863108515706443,-7.797976100834191,64.75015867985704,-0.13333688215227946,-0.24191420066072605,0.9610925009470164
,1179,0,-0.227783203125,0.6724965706447186,0.227783203125,-0.6724965706447186,1968,2828,2661,1420,1979,2829,2660,1471,-28,0,12,-230,4900,5000,5000,5000,-33.7,73.4,-215.18,6.04378454934843,-30.6110790770893,54.69790439227367,0.16996262213421728,-0.80156941514913,0.5732357104845639
,1180,0,0.522216796875,-0.605281207133059,-0.522216796875,0.605281207133059,2456,1995,2173,2253,2457,2044,2204,2253,0,-206,-109,0,4900,4800,4900,5000,-32.410000000000004,19.43,-186.88,-18.544860089349186,25.14064161770759,53.129722514682754,-0.48642233554808,0.6735670992218341,0.5565075689744342
,1181,0,-0.415283203125,-0.10528120713305889,0.415283203125,0.10528120713305889,1845,2321,2784,1927,1879,2324,2783,1928,-122,-9,15,0,5000,5000,5000,5000,-40.1,37.87,-227.01,20.212323788560383,4.058393341146449,61.067361046345624,0.5908490135150113,0.09756235614899023,0.8008614298934592
,1182,0,0.334716796875,0.3947187928669409,-0.334716796875,-0.3947187928669409,2334,2647,2295,1601,2334,2648,2316,1626,0,0,-62,-81,5000,5000,5000,5000,-39.54,61.32,-195.64000000000001,-12.664891195336537,-17.224199154453288,60.40934009769492,-0.32867746406929693,-0.5002204761162413,0.80109337775756
,1183,0,-0.040283203125,-0.43861454046639237,0.040283203125,0.43861454046639237,2090,2104,2539,2144,2092,2142,2540,2145,-13,-145,0,0,5000,5000,5000,4900,-39.47,21.39,-206.76,1.1233179126083996,21.864625822635595,60.29422491148254,0.04753195546277917,0.6045705552970464,0.7951321631513251
,1184,0,0.709716796875,0.06138545953360741,-0.709716796875,-0.06138545953360741,2579,2430,2050,1818,2580,2431,2106,1819,0,0,-266,0,5000,5000,4800,4800,-33.28,43.53,-175.87,-31.159433833463652,1.840582909826324,54.00538995360257,-0.8079873829994084,0.039652465758233515,0.5878639901142597
,1185,0,-0.719970703125,0.5613854595336074,0.719970703125,-0.5613854595336074,1647,2756,2982,1492,1703,2756,2981,1526,-266,0,13,-127,4800,4700,4900,5000,-28.900000000000002,63.99,-235.96,27.434123131930164,-22.637619896523162,49.97838492326406,0.7220206957854052,-0.5627295670262494,0.4025190048333237
,1186,0,0.030029296875,-0.2719478737997256,-0.030029296875,0.2719478737997256,2136,2213,2493,2035,2137,2238,2494,2036,0,-73,-15,0,5000,4900,5000,5000,-42.64,28.76,-208.43,2.27706418068135,14.407873700420389,63.49116365608601,0.07829969926359749,0.40758594483841765,0.9098037451370512
,1187,0,-0.344970703125,0.22805212620027415,0.344970703125,-0.22805212620027415,1891,2539,2738,1709,1917,2539,2737,1724,-84,0,13,-39,5000,5000,5000,5000,-40.85,51.65,-223.87,16.146410684125414,-9.476280834999713,61.83641603316129,0.4804107521768337,-0.27025245614811966,0.8343674964539292
,1188,0,0.405029296875,0.7280521262002742,-0.405029296875,-0.7280521262002742,2380,2865,2249,1383,2381,2866,2272,1433,0,0,-74,-222,4800,4800,4900,5000,-31.0,75.49,-196.86,-12.362206839098292,-31.468567443803508,51.91138421302228,-0.30193982361358046,-0.819032991282868,0.4878701693139657
,1189,0,-0.532470703125,-0.6978737997256516,0.532470703125,0.6978737997256516,1769,1935,2860,2313,1802,1991,2860,2313,-125,-250,0,0,5000,5100,5000,5000,-29.17,13.98,-225.77,20.639378739586363,27.94629035676995,50.07097071861669,0.5751161657740175,0.6990059522885139,0.42500832289570645
,1190,0,0.217529296875,-0.19787379972565156,-0.217529296875,0.19787379972565156,2258,2261,2371,1987,2258,2269,2388,1988,0,-17,-50,0,5000,5000,5000,5000,-42.730000000000004,32.3,-198.84,-7.530195167344175,11.52293402287794,63.54202756772798,-0.20366735848520492,0.30370342172585635,0.9307437019500403
,1191,0,-0.157470703125,0.30212620027434833,0.157470703125,-0.30212620027434833,2013,2587,2616,1661,2023,2588,2615,1683,-28,0,13,-72,5000,5000,5000,4900,-42.09,57.01,-215.02,6.9491400759493445,-14.223686720970264,63.04556892416908,0.2080358968699119,-0.4248642846853915,0.881028606352996
,1192,0,0.592529296875,-0.5312071330589849,-0.592529296875,0.5312071330589849,2502,2044,2127,2204,2502,2079,2168,2205,0,-125,-167,0,5000,4800,4800,4800,-32.62,22.68,-183.65,-21.987697185641167,22.116478383393982,53.33173603062103,-0.5774340093082191,0.588972187330504,0.565404039113055
,1193,0,-0.626220703125,-0.031207133058984926,0.626220703125,0.031207133058984926,1708,2370,2921,1878,1759,2371,2920,1878,-235,0,14,0,5000,5000,4800,4900,-34.87,40.4,-235.72,28.757002409443004,0.9318297669410356,55.88749932210205,0.7954840944413377,0.014786342525557739,0.605794040549725
,1194,0,0.123779296875,0.46879286694101485,-0.123779296875,-0.46879286694101485,2197,2696,2432,1552,2197,2697,2438,1588,-1,0,-20,-136,5000,5000,4900,4800,-39.37,65.47,-207.65,-0.9614846489184856,-22.17514992997785,60.31003436980701,-0.016788599932535866,-0.6226889792815016,0.7822893185987312
,1195,0,-0.251220703125,-0.3645404663923182,0.251220703125,0.3645404663923182,1952,2152,2677,2096,1965,2182,2677,2096,-34,-97,0,0,5000,4900,5000,4900,-39.97,25.66,-218.02,12.06711009935185,16.84644226796145,60.86145183694623,0.3593311529022923,0.4664333648285853,0.8082827715153862
,1196,0,0.498779296875,0.1354595336076817,-0.498779296875,-0.1354595336076817,2441,2478,2188,1770,2442,2478,2225,1775,0,0,-149,-22,5000,4900,5000,5000,-39.09,47.5,-185.0,-22.346185360433168,-2.7194641363876073,59.87109726721286,-0.6013780384781984,-0.09316881379452213,0.7935137219810603
,1197,0,-0.438720703125,0.6354595336076816,0.438720703125,-0.6354595336076816,1830,2804,2799,1444,1860,2804,2798,1487,-104,0,13,-182,4900,5000,5000,4700,-32.78,70.17,-224.33,15.395151331238765,-28.0081321648306,53.8156308051586,0.4194679653656657,-0.7278051316213384,0.5425369263171271
,1198,0,0.311279296875,-0.6423182441700961,-0.311279296875,0.6423182441700961,2319,1971,2310,2277,2319,2025,2325,2277,0,-236,-41,0,4800,4800,5100,5000,-33.68,15.11,-196.96,-8.2026812315259,28.7746452058401,54.43932336770368,-0.20809193307443577,0.7723641099945237,0.6001261775507815
,1199,0,-0.063720703125,-0.14231824417009598,0.063720703125,0.14231824417009598,2074,2297,2555,1951,2080,2303,2556,1952,-19,-14,5,0,5000,5000,5000,4900,-43.800000000000004,33.35,-210.23000000000002,3.7577383441164613,9.710269202915498,64.6717635064831,0.12823836847345618,0.25408049056213444,0.9586438468831742
,1200,0,0.686279296875,0.3576817558299039,-0.686279296875,-0.3576817558299039,2563,2623,2066,1625,2564,2623,2116,1645,0,0,-219,-63,5000,5000,4800,4700,-33.02,57.01,-179.0,-28.944584635510665,-11.8204981697765,53.795135900502714,-0.7449808689279172,-0.32861277956744683,0.5805317786619104
,1201,0,-0.673095703125,-0.47565157750342935,0.673095703125,0.47565157750342935,1677,2080,2952,2168,1730,2108,2952,2169,-244,-92,0,0,5000,4900,5000,4900,-30.830000000000002,23.41,-233.6,27.807370024699054,18.014502588328924,51.79401821047333,0.7508423563170977,0.45760279710451973,0.4762724388858851
,1202,0,0.076904296875,0.024348422496570654,-0.076904296875,-0.024348422496570654,2166,2406,2463,1842,2167,2407,2469,1846,0,-8,-19,-18,5000,5000,5000,5000,-44.87,43.53,-204.98000000000002,-2.1720664909919094,-0.0894065225127747,65.74114196800973,-0.05572138609769068,-0.029567533530091557,0.99800846093222
,1203,0,-0.298095703125,0.5243484224965704,0.298095703125,-0.5243484224965704,1922,2732,2707,1516,1941,2733,2706,1553,-54,0,14,-148,5000,4900,5000,4900,-36.94,66.57000000000001,-219.55,10.848818861112079,-24.082098339150463,57.94250849545754,0.3110181619222035,-0.6520244164380734,0.6914707971585814
,1204,0,0.451904296875,-0.3089849108367626,-0.451904296875,0.3089849108367626,2411,2189,2218,2059,2412,2211,2246,2059,0,-62,-104,0,5000,5000,4800,4900,-38.800000000000004,31.490000000000002,-187.44,-18.830476178398214,13.088645645146627,59.55289280100171,-0.5103457182137562,0.3534261499383563,0.7839880129444806
,1205,0,-0.485595703125,0.19101508916323717,0.485595703125,-0.19101508916323717,1799,2515,2830,1733,1837,2515,2829,1741,-149,0,15,-27,4900,4900,5000,4900,-38.53,48.480000000000004,-229.74,22.228002721800436,-6.716002415328973,59.53787272637161,0.6427652847913227,-0.1848173649601299,0.7434348191175368
,1206,0,0.264404296875,0.691015089163237,-0.264404296875,-0.691015089163237,2288,2840,2341,1408,2288,2841,2355,1459,0,0,-35,-225,5100,5000,4900,4600,-33.3,74.41,-203.32,-5.855259581702683,-30.82010524687604,54.24100524843294,-0.13727485190350727,-0.8162721863851533,0.5611197134024718
,1207,0,-0.110595703125,-0.5867626886145405,0.110595703125,0.5867626886145405,2044,2007,2585,2241,2046,2058,2585,2241,-12,-219,0,0,5100,5000,4900,5000,-35.730000000000004,15.46,-208.97,3.7463140527039798,27.621373637457864,56.55038385641854,0.12033649176174703,0.7413297809719932,0.6602645565184393
,1208,0,0.639404296875,-0.0867626886145404,-0.639404296875,0.0867626886145404,2533,2333,2096,1915,2533,2334,2146,1914,0,0,-224,1,5000,4800,5100,4900,-35.26,42.33,-178.36,-28.603758557761353,2.875585303011448,55.99481045497099,-0.7511630957715132,0.06174845802311044,0.657222284682073
,1209,0,-0.579345703125,0.41323731138545927,0.579345703125,-0.41323731138545927,1738,2659,2891,1589,1780,2660,2890,1611,-172,0,14,-71,4800,5000,4800,5000,-34.39,58.79,-232.14000000000001,23.947089201326833,-17.176173844634405,55.43601274028582,0.6642453054406352,-0.45032990247178356,0.5966415616933097
,1210,0,0.170654296875,-0.4200960219478738,-0.170654296875,0.4200960219478738,2227,2116,2402,2132,2227,2151,2412,2134,0,-122,-28,-16,4900,4900,4900,4900,-39.84,22.89,-202.8,-2.930581573356477,20.636158520340295,60.64815575908551,-0.06498538943452704,0.5762539118638514,0.8146829617843074
,1211,0,-0.204345703125,0.07990397805212601,0.204345703125,-0.07990397805212601,1983,2442,2646,1806,1999,2442,2645,1813,-50,0,14,-23,5000,5000,5000,5000,-43.53,45.06,-218.16,10.881036670361851,-2.5085791847190606,64.47110201214622,0.3327944124249738,-0.08826142296943447,0.9388598405907704
,1212,0,0.545654296875,0.579903978052126,-0.545654296875,-0.579903978052126,2472,2768,2157,1480,2473,2768,2194,1518,0,0,-140,-146,4900,4800,5100,5000,-32.9,68.29,-188.03,-20.69552504808587,-23.68408018370893,53.7489003966737,-0.5224200476229655,-0.6366816219128465,0.5671982071199145
,1213,0,-0.391845703125,-0.2534293552812071,0.391845703125,0.2534293552812071,1861,2225,2768,2023,1888,2244,2768,2025,-90,-51,0,-17,5000,5000,4900,5000,-39.71,32.01,-224.92000000000002,18.524256277692587,10.044859387142118,60.65208721031273,0.5449484144482971,0.2743775839811743,0.792305602024207
,1214,0,0.358154296875,0.24657064471879275,-0.358154296875,-0.24657064471879275,2349,2551,2280,1697,2349,2551,2305,1711,-9,0,-81,-39,5000,4900,5000,4900,-41.050000000000004,54.26,-192.62,-15.209068115940369,-9.972321693308032,61.88634283472705,-0.4073230955667346,-0.2883011183371908,0.8665854608654919
,1215,0,-0.016845703125,0.7465706447187928,0.016845703125,-0.7465706447187928,2105,2877,2524,1371,2106,2878,2524,1427,-4,0,12,-268,5100,5000,5000,4700,-31.42,77.25,-207.9,-1.4682220478821932,-33.967867687179634,52.39116922968313,-0.029294032673830874,-0.8723103074557776,0.48807436641982277
,1216,0,0.733154296875,-0.74519890260631,-0.733154296875,0.74519890260631,2594,1904,2035,2344,2595,1963,2085,2344,0,-263,-227,0,5000,5100,4800,4900,-25.03,17.07,-180.18,-25.03468219654991,27.925998682548602,45.71028890838713,-0.6350018488782744,0.7085204225357531,0.30784974057311
,1217,0,-0.731689453125,-0.24519890260630994,0.731689453125,0.24519890260630994,1639,2230,2990,2018,1699,2237,2989,2019,-293,-15,13,0,5000,4800,5100,4700,-31.580000000000002,34.04,-238.12,31.59639348299882,7.106069973700144,52.5935175066315,0.8510996071803251,0.1784119766336734,0.4937596837036845
,1218,0,0.018310546875,0.25480109739369006,-0.018310546875,-0.25480109739369006,2128,2556,2501,1692,2129,2556,2503,1712,0,0,-14,-61,5000,4900,5000,4900,-43.14,55.68,-210.45000000000002,2.474238444626849,-12.585527363743239,64.06928241451533,0.06958455247314746,-0.372902202926013,0.9252577679274239
,1219,0,-0.356689453125,-0.5785322359396434,0.356689453125,0.5785322359396434,1883,2013,2746,2235,1902,2059,2746,2236,-55,-184,0,0,4900,5000,5000,4800,-34.36,17.0,-219.96,14.613900824090393,25.339827078393835,55.23939069655455,0.42443963261737366,0.6683055442523516,0.6109162772305201
,1220,0,0.393310546875,-0.07853223593964331,-0.393310546875,0.07853223593964331,2372,2339,2257,1909,2373,2341,2287,1909,0,-8,-110,0,5000,5000,5000,5000,-41.25,40.22,-189.20000000000002,-17.675190916867024,4.266867733027915,62.0337294408761,-0.4835112208753468,0.09394441066185034,0.870282337516411
,1221,0,-0.544189453125,0.4214677640603566,0.544189453125,-0.4214677640603566,1761,2665,2868,1583,1797,2666,2867,1609,-140,0,14,-86,5000,4900,5000,5000,-34.97,59.120000000000005,-231.14000000000001,22.9243172016337,-17.436325465658143,56.01182396866058,0.6387031555981305,-0.457927880844202,0.6183529210527994
,1222,0,0.205810546875,-0.4118655692729767,-0.205810546875,0.4118655692729767,2250,2122,2379,2126,2250,2154,2391,2127,0,-108,-32,0,5000,5000,5000,4900,-39.85,23.45,-200.91,-4.854076111062,20.204921923994995,60.65009518928953,-0.1211317380933676,0.5637293450455818,0.817028963722192
,1223,0,-0.169189453125,0.08813443072702343,0.169189453125,-0.08813443072702343,2006,2447,2623,1801,2019,2447,2622,1809,-35,0,15,-27,5000,5000,5000,5000,-43.86,45.730000000000004,-216.64000000000001,9.317729468373898,-3.073602266460533,64.79516914919029,0.2817584289312821,-0.1066229859504688,0.9535427240523529
,1224,0,0.580810546875,0.5881344307270233,-0.580810546875,-0.5881344307270233,2495,2773,2134,1475,2495,2773,2172,1513,0,0,-146,-145,5000,5000,5100,5000,-32.0,68.27,-186.51,-22.206348269189192,-23.564192684857048,52.84124397368419,-0.562083820180318,-0.6284365355027242,0.5377074482809708
,1225,0,-0.637939453125,-0.6896433470507545,0.637939453125,0.6896433470507545,1700,1940,2929,2308,1744,1992,2929,2308,-185,-226,0,0,5000,5000,5000,4900,-27.07,15.120000000000001,-229.73000000000002,24.523565464814254,26.535833529231994,47.99373577253695,0.6655232095715212,0.6534144310192833,0.3607331962231469
,1226,0,0.112060546875,-0.18964334705075436,-0.112060546875,0.18964334705075436,2189,2266,2440,1982,2189,2274,2448,1983,0,-17,-25,0,5000,5000,5000,5000,-43.33,31.54,-204.28,-2.0542839512354476,11.916053476891733,64.1673702323292,-0.049817863979571296,0.31524303884831695,0.9477024885934358
,1227,0,-0.262939453125,0.31035665294924564,0.262939453125,-0.31035665294924564,1945,2592,2684,1656,1962,2593,2683,1678,-51,0,13,-74,4900,4800,5000,5000,-41.14,56.25,-219.88,11.853867702283793,-13.795883739575117,62.11802834792413,0.34638870879525646,-0.4044768869449034,0.8464120216221618
,1228,0,0.487060546875,-0.5229766803840878,-0.487060546875,0.5229766803840878,2434,2049,2195,2199,2435,2085,2226,2200,0,-131,-112,0,4900,5000,5000,4900,-34.65,21.69,-187.96,-17.630594434612988,22.819365608597295,55.38081025222182,-0.467073527848075,0.6156587997598463,0.6346704356292474
,1229,0,-0.450439453125,-0.022976680384087733,0.450439453125,0.022976680384087733,1822,2375,2807,1873,1860,2376,2806,1873,-145,-2,15,0,5000,4900,5000,4900,-39.46,39.79,-228.77,21.841880766873146,2.0222520402771025,60.44104430752541,0.6305869319040615,0.036882497433498,0.7752417704786623
,1230,0,0.299560546875,0.47702331961591193,-0.299560546875,-0.47702331961591193,2311,2701,2318,1547,2311,2702,2335,1581,0,0,-49,-126,5000,4900,5000,4900,-38.42,65.2,-198.38,-10.187462799507983,-21.283331614062476,59.312894832809704,-0.25885290732000926,-0.6002595159892579,0.7567586708035265
,1231,0,-0.075439453125,-0.3563100137174211,0.075439453125,0.3563100137174211,2067,2158,2562,2090,2070,2187,2562,2090,-13,-92,0,0,5000,5000,5000,5000,-41.1,24.85,-209.27,3.38631586889818,18.24790672959132,61.94552235647462,0.11212377039223029,0.5082390248532549,0.8538860308783853
,1232,0,0.674560546875,0.1436899862825789,-0.674560546875,-0.1436899862825789,2556,2484,2073,1764,2556,2484,2124,1769,0,0,-231,-20,5000,4900,5000,4800,-34.33,46.95,-177.45000000000002,-29.818806715085202,-1.675167993380967,55.07193320920236,-0.7781999937094485,-0.05621478765207262,0.6254955375059408
,1233,0,-0.684814453125,0.6436899862825789,0.684814453125,-0.6436899862825789,1670,2810,2959,1438,1722,2810,2959,1479,-238,0,8,-170,4800,4800,5000,4600,-28.330000000000002,67.78,-233.63,24.856570700012554,-26.263475249376924,49.40628666168878,0.6543333704623423,-0.6528802601558352,0.38156939892795483
,1234,0,0.065185546875,-0.6340877914951989,-0.065185546875,0.6340877914951989,2158,1977,2471,2271,2159,2033,2471,2271,0,-252,-2,0,4800,4800,4800,5000,-34.37,13.65,-207.67000000000002,2.577947310385383,29.51102763127619,55.179316046611056,0.09221990026090887,0.7844632652029342,0.6132804216205008
,1235,0,-0.309814453125,-0.1340877914951989,0.309814453125,0.1340877914951989,1914,2303,2715,1945,1938,2307,2714,1945,-71,-10,13,15,5000,5000,5000,5000,-41.56,35.13,-222.5,15.89041009857641,7.100462675539077,62.497807207889934,0.4717936656131033,0.1798411899426661,0.8631731480342502
,1237,0,-0.497314453125,-0.46742112482853226,0.497314453125,0.46742112482853226,1792,2085,2837,2163,1826,2117,2837,2164,-132,-113,0,0,5000,5000,5000,4900,-34.72,22.43,-226.97,21.23985480466723,19.45050004045479,55.64824383336287,0.6025051696974238,0.5051951610200167,0.6178716450605568
,1238,0,0.252685546875,0.032578875171467736,-0.252685546875,-0.032578875171467736,2281,2411,2348,1837,2281,2412,2367,1840,-1,0,-58,-17,5000,5000,5000,5000,-43.47,43.56,-196.0,-11.126769699499562,0.4822527182797458,64.2962211535845,-0.3036477435819058,-0.012645410047999002,0.952700446846927
,1239,0,-0.122314453125,0.5325788751714677,0.122314453125,-0.5325788751714677,2036,2737,2593,1511,2040,2738,2592,1550,-16,0,13,-159,5000,5000,5000,5000,-37.71,68.25,-211.59,2.7900020798559524,-25.21926009743673,58.67683486815308,0.08723531487456064,-0.6901003668330695,0.7184368333650489
,1240,0,0.627685546875,-0.3007544581618655,-0.627685546875,0.3007544581618655,2525,2194,2104,2054,2525,2215,2147,2055,0,-52,-179,0,4800,4800,4900,4900,-34.97,34.32,-179.84,-26.585461325151016,10.766680468053977,55.69200131197841,-0.7066465106896873,0.2820824355571039,0.6489069336047052
,1241,0,-0.591064453125,0.19924554183813448,0.591064453125,-0.19924554183813448,1731,2520,2898,1728,1777,2520,2897,1735,-204,0,14,-27,4800,5000,4900,4700,-35.980000000000004,48.24,-233.97,26.476828168105527,-6.769101005141486,57.00851255696309,0.7410580837954117,-0.17703202222937087,0.6476824681484378
,1242,0,0.158935546875,0.6992455418381345,-0.158935546875,-0.6992455418381345,2220,2846,2409,1402,2220,2847,2415,1453,0,0,-17,-234,5100,4800,5100,4700,-33.04,75.18,-208.3,-0.9373406561921911,-31.924933191402474,54.00792016718741,-0.01441373991546013,-0.8366206511961335,0.5475930332772752
,1243,0,-0.216064453125,-0.7266803840877915,0.216064453125,0.7266803840877915,1975,1916,2654,2332,1983,1978,2654,2332,-20,-292,0,0,4900,5000,5100,5000,-31.3,10.63,-211.84,6.956936752292222,32.23414883633045,52.122640995145446,0.21389831723168423,0.8365015079857967,0.5044925539816647
,1244,0,0.533935546875,-0.22668038408779145,-0.533935546875,0.22668038408779145,2464,2242,2165,2006,2465,2249,2205,2007,0,-14,-157,0,5000,4900,5000,4900,-37.68,34.71,-183.49,-22.983215766571305,10.13916766902387,58.42124197977345,-0.6179543478071611,0.25749387075385055,0.7428521592823332
,1245,0,-0.403564453125,0.27331961591220844,0.403564453125,-0.27331961591220844,1853,2568,2776,1680,1882,2569,2776,1696,-104,0,6,-46,5000,5000,5000,5000,-39.59,53.22,-225.97,18.141792764222913,-11.187921433793662,60.59092945555957,0.5279976959511916,-0.31692943530691164,0.7878922300075533
,1246,0,0.346435546875,-0.5600137174211248,-0.346435546875,0.5600137174211248,2342,2025,2287,2223,2342,2067,2308,2224,0,-162,-64,-4,5000,5000,4900,5000,-35.58,18.35,-195.24,-10.146465510804092,25.663458542224095,56.33885494674335,-0.2592817336141581,0.7003146681959239,0.6650807079773624
,1247,0,-0.028564453125,-0.060013717421124824,0.028564453125,0.060013717421124824,2097,2351,2532,1897,2101,2355,2534,1898,-15,-12,-2,-17,5000,5000,5000,5000,-44.61,37.78,-209.21,2.4373510251039363,5.36147431617416,65.48782745057281,0.0900426357514427,0.12743027657874123,0.9877519164031008
,1248,0,0.721435546875,0.4399862825788752,-0.721435546875,-0.4399862825788752,2586,2677,2043,1571,2587,2678,2095,1598,0,0,-242,-91,4900,5000,5100,4900,-31.23,60.27,-178.69,-29.465117619095963,-15.057274060052904,52.01184477196395,-0.7492770559402984,-0.4131060311836893,0.5176169437345526
,1249,0,-0.708251953125,-0.3933470507544582,0.708251953125,0.3933470507544582,1654,2134,2975,2114,1709,2157,2975,2115,-261,-65,0,0,5000,4900,4900,4700,-31.02,27.740000000000002,-236.21,30.118413796300388,13.518907797807927,52.008037287154025,0.8047307553661561,0.3522902739086579,0.4778074656984541
,1250,0,0.041748046875,0.10665294924554203,-0.041748046875,-0.10665294924554203,2143,2460,2486,1788,2144,2460,2490,1796,0,-6,-18,-28,5000,5000,5000,5000,-44.63,48.36,-207.75,0.266962942342019,-5.09588016658256,65.52723293462107,0.007084824292662251,-0.16514195270447318,0.9862443615664911
,1251,0,-0.333251953125,0.6066529492455419,0.333251953125,-0.6066529492455419,1899,2785,2730,1463,1919,2785,2729,1507,-55,0,14,-186,5000,5000,5000,5000,-34.660000000000004,69.79,-220.59,11.680261010748666,-27.37140724748575,55.675891885319466,0.3250020147382335,-0.7239792565079668,0.6084634143169667
,1252,0,0.416748046875,-0.671124828532236,-0.416748046875,0.671124828532236,2388,1952,2241,2296,2389,2005,2261,2296,0,-229,-62,0,5000,4800,5100,4800,-31.810000000000002,15.07,-192.27,-12.870212420872406,29.125492688266398,52.54573982305802,-0.33580110841225547,0.77441929923335,0.5362017946296228
,1253,0,-0.520751953125,-0.17112482853223587,0.520751953125,0.17112482853223587,1777,2278,2852,1970,1818,2282,2851,1971,-169,-11,13,0,4900,4900,5000,5000,-37.480000000000004,35.26,-230.9,24.282125053381833,6.392618483991434,58.46031086513156,0.6903541197910718,0.16267954713820376,0.704944362507002
,1254,0,0.229248046875,0.32887517146776424,-0.229248046875,-0.32887517146776424,2265,2604,2364,1644,2265,2605,2379,1664,0,0,-36,-66,5000,5000,5000,5000,-41.58,58.7,-200.33,-7.818761188176609,-14.920627170189945,62.46620180112105,-0.20668750625801208,-0.4386874703562103,0.8745476419894532
,1255,0,-0.145751953125,-0.5044581618655692,0.145751953125,0.5044581618655692,2021,2061,2608,2187,2026,2102,2608,2188,-17,-163,0,0,4900,5000,4900,4900,-37.69,18.67,-211.23000000000002,5.775152714371387,24.271887129898673,58.52979129820575,0.17502826372025967,0.659896778856736,0.730685533012373
,1256,0,0.604248046875,-0.004458161865569243,-0.604248046875,0.004458161865569243,2510,2387,2119,1861,2510,2388,2167,1861,0,0,-210,0,4900,5000,5000,4900,-36.35,42.28,-179.86,-27.109085943018073,2.8274300085298663,57.09218679987273,-0.7170460833438378,0.060171441520315394,0.694423726543548
,1257,0,-0.614501953125,0.49554183813443053,0.614501953125,-0.49554183813443053,1715,2713,2914,1535,1760,2714,2913,1563,-195,0,14,-102,5000,4800,4800,4900,-32.33,62.27,-232.74,24.320938341060867,-20.694588265249422,53.38784361017754,0.6622530569645693,-0.5335963891795457,0.5260188038422523
,1258,0,0.135498046875,-0.33779149519890256,-0.135498046875,0.33779149519890256,2204,2170,2425,2078,2204,2197,2433,2078,0,-85,-24,0,5000,5000,5000,5000,-41.49,26.35,-203.92000000000002,-2.0544983649836297,17.113235305376094,62.31248452272372,-0.043650612577300095,0.4819942556800452,0.8750863737443668
,1259,0,-0.239501953125,0.1622085048010975,0.239501953125,-0.1622085048010975,1960,2496,2669,1752,1978,2496,2668,1762,-54,0,13,-31,5000,5000,5000,5000,-42.81,49.15,-219.49,11.935595407151482,-6.681001898106693,63.76811227433515,0.357297434023481,-0.20265293930434752,0.9117402754247201
,1260,0,0.510498046875,0.6622085048010975,-0.510498046875,-0.6622085048010975,2449,2822,2180,1426,2450,2823,2211,1471,0,0,-112,-192,4800,5000,4800,5000,-31.560000000000002,71.79,-190.68,-18.281196264651953,-27.358638707374027,52.43104752869385,-0.4538627795287444,-0.7257051477034109,0.5170692564398051
,1261,0,-0.427001953125,-0.6155692729766804,0.427001953125,0.6155692729766804,1838,1989,2791,2259,1865,2040,2791,2259,-85,-215,0,0,5000,4900,5000,4700,-32.97,16.28,-222.09,16.79430553808524,25.910569129174412,53.85827202147269,0.48836211647232447,0.6709201821828499,0.5580040791377818
,1262,0,0.322998046875,-0.1155692729766804,-0.322998046875,0.1155692729766804,2327,2315,2302,1933,2327,2319,2327,1934,0,-9,-81,0,5000,4900,5000,4900,-42.25,37.86,-192.77,-13.959009712268482,6.383590450625107,63.045649492755885,-0.3816440439561056,0.1553759224856946,0.9111564884390324
,1263,0,-0.052001953125,0.3844307270233198,0.052001953125,-0.3844307270233198,2082,2641,2547,1607,2085,2642,2547,1635,-13,0,13,-101,4900,5000,4900,5000,-41.08,61.9,-208.99,0.6079869211032474,-18.69877076095723,62.01770730807509,0.02859335233158529,-0.5378979374090384,0.8425249130640255
,1265,0,-0.661376953125,0.051097393689986226,0.661376953125,-0.051097393689986226,1685,2423,2944,1825,1739,2424,2943,1826,-258,0,14,0,5000,5000,4900,5000,-34.04,41.08,-237.03,30.02214693866466,0.1626644694618662,55.065797389930616,0.8185053129574223,-0.002688725511090856,0.5744926661112376
,1266,0,0.088623046875,0.5510973936899861,-0.088623046875,-0.5510973936899861,2174,2749,2455,1499,2175,2750,2457,1539,0,0,-15,-164,4800,5000,5100,4700,-37.22,69.29,-210.22,1.3553563436499303,-26.165898897094905,58.1826015279507,0.03963318469774944,-0.7123466690210515,0.7007078091510943
,1267,0,-0.286376953125,-0.28223593964334703,0.286376953125,0.28223593964334703,1929,2206,2700,2042,1946,2231,2700,2044,-50,-67,0,-16,5000,4900,5000,5000,-40.82,30.09,-220.55,14.288403137075761,12.258357094838765,61.735312057308235,0.42324016495292077,0.34450752764819736,0.8379632009607287
,1268,0,0.463623046875,0.21776406035665297,-0.463623046875,-0.21776406035665297,2418,2532,2211,1716,2419,2532,2244,1727,0,0,-123,-31,4900,5000,4900,5000,-39.46,52.11,-187.37,-20.294348189801752,-7.477720745656697,60.26461761682936,-0.5474430513873016,-0.21870113082313697,0.8077598163219315
,1269,0,-0.473876953125,0.7177640603566529,0.473876953125,-0.7177640603566529,1807,2858,2822,1390,1838,2860,2821,1438,-114,0,11,-211,5100,4800,5100,5000,-29.990000000000002,73.36,-225.1,15.961699109808308,-31.250759019629314,51.037592883326724,0.4233670284733468,-0.7886147955589207,0.44592271014965185
,1270,0,0.276123046875,-0.708161865569273,-0.276123046875,0.708161865569273,2296,1928,2333,2320,2296,1988,2344,2320,0,-274,-30,0,5000,5000,5100,4900,-31.93,12.23,-198.93,-6.034476375522871,31.510222168030452,52.69195208879979,-0.14736573183294724,0.832448438012491,0.5341469265397902
,1271,0,-0.098876953125,-0.20816186556927296,0.098876953125,0.20816186556927296,2052,2254,2577,1994,2061,2262,2577,1995,-25,-17,14,0,5000,5000,5000,5000,-42.910000000000004,30.22,-211.20000000000002,4.9409400888575306,12.76517212554075,63.77873396353536,0.15604381614325358,0.3423858219190656,0.9265108074881029
,1272,0,0.651123046875,0.29183813443072704,-0.651123046875,-0.29183813443072704,2540,2580,2089,1668,2540,2581,2136,1684,0,0,-201,-47,4900,4900,5100,5000,-34.58,53.78,-179.64000000000001,-28.095719368837536,-8.636565799036262,55.35016079341874,-0.7315710028481713,-0.2511582789064956,0.6338165244993594
,1273,0,-0.567626953125,-0.5414951989026063,0.567626953125,0.5414951989026063,1746,2037,2883,2211,1786,2072,2883,2212,-160,-121,0,0,4900,5000,4900,4900,-31.75,19.66,-228.44,22.90767893791434,22.106559625498285,52.678663031085044,0.6379463337414779,0.5689042848550308,0.5190109728506643
,1274,0,0.182373046875,-0.04149519890260622,-0.182373046875,0.04149519890260622,2235,2363,2394,1885,2235,2365,2409,1885,0,-9,-42,0,5000,5000,5000,4900,-44.15,39.75,-199.33,-7.550688824107198,4.0609389575149635,64.98328037502137,-0.20504815089326636,0.0880370733895186,0.9747844528531732
,1275,0,-0.192626953125,0.45850480109739356,0.192626953125,-0.45850480109739356,1990,2689,2639,1559,2000,2690,2638,1594,-30,0,15,-132,5000,5000,5000,4800,-39.22,64.16,-215.4,6.8598604208183644,-21.391210191103212,60.195580073616675,0.20219439700916286,-0.5983464985097013,0.7753056774842301
,1276,0,0.557373046875,-0.3748285322359397,-0.557373046875,0.3748285322359397,2479,2146,2150,2102,2480,2172,2189,2102,0,-77,-154,0,4800,4900,4900,5000,-35.99,29.59,-183.4,-22.71949454141034,15.24872965716731,56.717884294283046,-0.6072716823435216,0.40672968367600854,0.6824896103535074
,1277,0,-0.380126953125,0.12517146776406052,0.380126953125,-0.12517146776406052,1868,2472,2761,1776,1897,2472,2761,1781,-102,0,0,-21,4900,5000,5000,4900,-40.910000000000004,46.21,-225.59,18.229117971967696,-4.164509143566974,61.89129636900556,0.5392651234011907,-0.1269982572857357,0.8325049965792906
,1278,0,0.369873046875,0.6251714677640603,-0.369873046875,-0.6251714677640603,2357,2798,2272,1450,2357,2798,2293,1495,0,0,-66,-192,5000,4800,5000,4900,-34.31,71.28,-197.08,-11.874732981508032,-27.27354401578755,55.211800501396105,-0.2960660370374637,-0.737734111695205,0.6067069161911854
,1279,0,-0.005126953125,-0.6526063100137174,0.005126953125,0.6526063100137174,2113,1965,2516,2283,2114,2023,2517,2283,0,-265,0,0,5000,4900,4900,5000,-33.82,13.02,-206.02,0.9768758991193351,30.249291308307413,54.61946153050628,0.042860699589223915,0.8027575875515433,0.5947631596351184
,1280,0,0.744873046875,-0.15260631001371738,-0.744873046875,0.15260631001371738,2602,2291,2027,1957,2603,2293,2088,1958,0,-6,-307,0,4800,5100,4700,4900,-32.14,41.13,-174.74,-32.11945644044934,4.308055730289588,52.853680582992304,-0.8274636090273295,0.10565896673065034,0.5514890375019954
,1281,0,-0.746337890625,0.3473936899862826,0.746337890625,-0.3473936899862826,1629,2616,3000,1632,1686,2617,2999,1649,-273,0,15,-50,5000,5000,5100,5000,-30.66,53.7,-238.86,31.013054084933515,-12.561626748934472,51.726902959596615,0.8295068136313821,-0.31451370645099996,0.4615187694921694
,1282,0,0.003662109375,-0.48593964334705075,-0.003662109375,0.48593964334705075,2118,2073,2511,2175,2119,2113,2512,2175,0,-156,0,0,5000,5000,4900,4900,-38.17,19.14,-209.02,3.5361905300689784,23.953368844332708,58.999891754516916,0.11790517634313324,0.6563224336812488,0.7452108644123607
,1283,0,-0.371337890625,0.014060356652949357,0.371337890625,-0.014060356652949357,1874,2399,2755,1849,1902,2400,2755,1851,-95,0,11,-17,4900,5000,5000,4900,-40.89,40.29,-225.78,18.81809070268787,1.7291191996233692,61.85729526885424,0.5570839108245782,0.03303493492265681,0.8297988969473564
,1284,0,0.378662109375,0.5140603566529491,-0.378662109375,-0.5140603566529491,2363,2725,2266,1523,2363,2726,2289,1556,0,0,-76,-123,5000,4900,5000,4900,-36.74,66.69,-195.01,-13.642133921254583,-22.54746974616826,57.619790517202986,-0.3482501301395633,-0.6239751008625605,0.69955480154262
,1285,0,-0.558837890625,-0.319272976680384,0.558837890625,0.319272976680384,1752,2182,2877,2066,1789,2204,2876,2067,-149,-61,12,-16,5000,4900,4900,4900,-35.550000000000004,30.490000000000002,-231.64000000000001,25.351497934245202,11.096319207392199,56.52200202845121,0.7146228691542472,0.28566559200691916,0.6385212012338259
,1286,0,0.191162109375,0.18072702331961588,-0.191162109375,-0.18072702331961588,2241,2508,2388,1740,2241,2509,2402,1749,0,0,-39,-30,5000,5000,5000,4900,-43.5,51.89,-200.54,-7.1591756595415745,-8.134832109624313,64.37002225652597,-0.19260722782255651,-0.25245523719213586,0.9482451207387104
,1287,0,-0.183837890625,0.6807270233196159,0.183837890625,-0.6807270233196159,1996,2834,2633,1414,2002,2835,2632,1467,-18,0,12,-238,4900,5000,5000,4700,-33.59,74.02,-213.52,4.346296213883022,-31.11803256191706,54.58115031234538,0.12251510427980386,-0.8146511257166048,0.5668629398646358
,1288,0,0.566162109375,-0.5970507544581619,-0.566162109375,0.5970507544581619,2485,2001,2144,2247,2486,2048,2177,2247,0,-191,-122,0,5000,5000,5000,4700,-31.85,20.490000000000002,-184.8,-20.688891371911154,24.221729269091554,52.5619814161557,-0.5441853494364502,0.6459818057550095,0.5353221572961699
,1289,0,-0.652587890625,-0.0970507544581618,0.652587890625,0.0970507544581618,1691,2327,2938,1921,1745,2329,2937,1922,-251,-6,15,0,5000,5000,4800,5000,-34.25,39.97,-236.54,29.607124827349054,1.3037778169488874,55.270533745534834,0.811651708791735,0.028157327016798222,0.5834626539468709
,1290,0,0.097412109375,0.4029492455418382,-0.097412109375,-0.4029492455418382,2180,2653,2449,1595,2180,2654,2453,1623,0,0,-17,-102,5000,5000,5000,5000,-40.65,62.800000000000004,-208.08,-0.358558531116671,-19.53657878964698,61.585425460369244,-0.003962180581410438,-0.555065372049342,0.8317972913377186
,1291,0,-0.277587890625,-0.43038408779149523,0.277587890625,0.43038408779149523,1935,2109,2694,2139,1949,2145,2694,2140,-36,-134,0,0,4900,5000,4900,5000,-38.56,22.88,-218.55,12.790223486622693,19.58032974360529,59.44710877401298,0.3740010557166248,0.5332465202802684,0.7587959929597912
,1292,0,0.472412109375,0.06961591220850483,-0.472412109375,-0.06961591220850483,2424,2435,2205,1813,2425,2435,2240,1815,0,0,-136,-16,5000,4900,5000,5000,-39.76,44.37,-185.71,-21.42992547706791,0.3574316965011306,60.53673970853355,-0.579962486440418,-0.014261487330174462,0.8145183388365043
,1293,0,-0.465087890625,0.5696159122085047,0.465087890625,-0.5696159122085047,1813,2761,2816,1487,1844,2761,2815,1524,-115,0,13,-141,5000,4800,5000,5000,-33.76,67.15,-226.22,17.47979267515612,-25.11967611734049,54.79746181350382,0.4783260249000049,-0.6586760145935434,0.5808184929068001
,1294,0,0.284912109375,-0.2637174211248285,-0.284912109375,0.2637174211248285,2302,2218,2327,2030,2302,2240,2343,2032,0,-61,-47,-17,5000,4900,5000,4900,-41.65,31.580000000000002,-195.09,-11.217828154985568,12.491097144971917,62.44142631501372,-0.30264484871276404,0.34473049302393394,0.8885758170955943
,1295,0,-0.090087890625,0.23628257887517157,0.090087890625,-0.23628257887517157,2057,2544,2572,1704,2064,2544,2571,1721,-21,0,13,-51,5000,4900,5000,4900,-43.24,54.59,-211.82,3.914140998580706,-11.590117357877588,64.17339559974972,0.12321999329714706,-0.3434198385636108,0.9310637184064224
,1296,0,0.659912109375,0.7362825788751715,-0.659912109375,-0.7362825788751715,2546,2870,2083,1378,2546,2871,2125,1426,0,0,-170,-211,5100,5100,5100,4900,-26.95,73.49,-185.22,-23.821091774668247,-28.69972766491466,47.79804222478323,-0.571957641590019,-0.7388435974476957,0.35633494739827404
,1297,0,-0.699462890625,-0.7390260631001372,0.699462890625,0.7390260631001372,1660,1908,2969,2340,1708,1965,2969,2340,-211,-259,0,0,5000,5000,5000,4900,-24.76,14.11,-231.6,26.468571112461234,27.410818362528374,45.690595617851926,0.6995845112990868,0.6585574139133769,0.2772790005213952
,1298,0,0.050537109375,-0.2390260631001372,-0.050537109375,0.2390260631001372,2149,2234,2480,2014,2150,2244,2484,2015,-9,-21,-17,0,5000,5000,5000,5000,-42.58,28.78,-207.89000000000001,1.737241169130499,14.424164288480696,63.4285079864237,0.05686626654381652,0.38882531765135847,0.9195548379964554
,1299,0,-0.324462890625,0.2609739368998629,0.324462890625,-0.2609739368998629,1904,2560,2725,1688,1927,2561,2724,1708,-67,0,14,-60,5000,5000,5000,5000,-40.89,52.96,-222.99,15.179870798114734,-10.723833514220004,61.87531283663844,0.44542222701490763,-0.31920621114445596,0.8364845691630427
,1300,0,0.425537109375,-0.5723593964334706,-0.425537109375,0.5723593964334706,2393,2017,2236,2231,2394,2058,2262,2232,0,-151,-89,0,5100,5000,5000,5000,-34.42,18.88,-191.8,-13.608735597510133,25.363338017375003,55.162966551841556,-0.3561733821694029,0.6895675827224579,0.6305847054062718
,1301,0,-0.511962890625,-0.07235939643347056,0.511962890625,0.07235939643347056,1782,2343,2847,1905,1823,2344,2846,1905,-168,0,14,0,4800,5000,5000,5000,-37.95,39.17,-231.31,24.42518159346446,2.465229601615725,58.94223554070988,0.6941566226068819,0.05116452353907461,0.7180033250772778
,1302,0,0.238037109375,0.42764060356652944,-0.238037109375,-0.42764060356652944,2271,2669,2358,1579,2271,2670,2373,1609,0,0,-37,-110,5000,5000,5000,4900,-39.82,63.370000000000005,-201.25,-7.207360911441356,-19.64705027528855,60.72263811338316,-0.1835467675852685,-0.5614198005067269,0.8069190738283402
,1303,0,-0.136962890625,-0.4056927297668039,0.136962890625,0.4056927297668039,2027,2126,2602,2122,2032,2159,2602,2124,-17,-111,0,-17,5000,4900,4900,4900,-39.94,22.97,-212.07,6.312319019898666,19.931477275218533,60.794828749022315,0.19274953669263428,0.549946358260818,0.8126540587116017
,1304,0,0.613037109375,0.09430727023319618,-0.613037109375,-0.09430727023319618,2516,2451,2113,1797,2516,2451,2161,1800,0,0,-211,-18,4900,5000,4800,4900,-36.21,44.910000000000004,-179.74,-27.40553147338929,0.2111204247135916,56.9582308027914,-0.7236366932522306,-0.012288411915359653,0.6900716854875112
,1305,0,-0.605712890625,0.5943072702331962,0.605712890625,-0.5943072702331962,1721,2777,2908,1471,1763,2777,2907,1508,-176,0,12,-146,4800,5000,5000,4800,-31.220000000000002,66.8,-232.25,23.53186901680084,-25.184385250497883,52.28684741001806,0.6095496070723966,-0.6362866126100416,0.4728515867913805
,1306,0,0.144287109375,-0.6834705075445816,-0.144287109375,0.6834705075445816,2210,1944,2419,2304,2210,2001,2424,2304,-2,-257,-18,0,5000,4800,5100,5000,-32.83,12.05,-205.33,0.35866616391817274,31.260781488211503,53.62356779156618,0.03579041499593657,0.8266345843053787,0.5615997776216557
,1307,0,-0.230712890625,-0.1834705075445816,0.230712890625,0.1834705075445816,1966,2270,2663,1978,1983,2276,2662,1979,-51,-13,14,0,5000,5000,5000,4900,-42.59,32.58,-218.55,12.116476289607334,9.913970994883492,63.50154748430611,0.3549527186041623,0.26698270223852283,0.8959513403421699
,1308,0,0.519287109375,0.3165294924554185,-0.519287109375,-0.3165294924554185,2455,2596,2174,1652,2456,2597,2211,1669,0,0,-143,-56,4900,4800,5000,4900,-37.49,56.28,-185.66,-22.27218732521291,-11.528522685449289,58.29660948701674,-0.5848304296397766,-0.3358825161993489,0.7383470077673152
,1309,0,-0.418212890625,-0.516803840877915,0.418212890625,0.516803840877915,1843,2053,2786,2195,1871,2087,2785,2196,-93,-124,11,0,5000,5000,4900,4800,-35.6,20.03,-222.64000000000001,17.077397898847266,22.139548108416683,56.50046035243655,0.4931869024811356,0.5892588371677474,0.6399536717925581
,1310,0,0.331787109375,-0.016803840877914977,-0.331787109375,0.016803840877914977,2332,2379,2297,1869,2332,2381,2323,1869,0,0,-87,0,5000,4900,4900,4900,-42.42,41.410000000000004,-191.96,-15.00742858503736,2.8967972985705828,63.2205534149753,-0.4072875485896522,0.055355804250279306,0.9116208574290277
,1311,0,-0.043212890625,0.4831961591220848,0.043212890625,-0.4831961591220848,2088,2705,2541,1543,2090,2706,2541,1581,-13,0,14,-147,4900,4900,4900,5000,-39.11,66.28,-208.45000000000002,-0.21669523757083198,-23.03799613810503,60.056095097804835,0.002139174571813305,-0.6421264090489661,0.7665957857528509
,1312,0,0.706787109375,-0.35013717421124824,-0.706787109375,0.35013717421124824,2577,2162,2052,2086,2578,2184,2102,2086,0,-60,-227,0,4800,5000,4800,4900,-32.32,33.45,-177.21,-29.137955104460474,11.804483390456,53.02666069568932,-0.7615759991196328,0.3215018138216376,0.562706478791856
,1313,0,-0.722900390625,0.14986282578875176,0.722900390625,-0.14986282578875176,1645,2488,2984,1760,1704,2488,2983,1764,-289,0,15,-20,4800,4900,4900,5000,-33.37,45.87,-239.72,32.38613506495196,-4.799734463096975,54.4213930347997,0.8449318065431994,-0.11562527237961984,0.5222269991859716
,1314,0,0.027099609375,0.6498628257887515,-0.027099609375,-0.6498628257887515,2134,2814,2495,1434,2135,2814,2495,1484,0,0,0,-229,4800,4900,4800,5000,-34.51,73.24,-211.94,2.8180800378187882,-30.23062983496861,55.49124465878428,0.06816033651834467,-0.7995831385527918,0.5966749308189283
,1315,0,-0.347900390625,-0.6279149519890261,0.347900390625,0.6279149519890261,1889,1981,2740,2267,1907,2035,2740,2268,-52,-237,0,-17,4800,5000,5000,4700,-33.97,15.75,-218.9,13.642525538123238,26.657345734455795,54.84092533452055,0.40574627070240527,0.7019084384369086,0.5854011512306332
,1317,0,-0.535400390625,0.37208504801097386,0.535400390625,-0.37208504801097386,1767,2633,2862,1615,1804,2634,2861,1637,-145,0,15,-69,5000,4900,5000,4900,-35.88,57.07,-231.46,23.37746301582223,-15.40997976346054,56.91823555633402,0.6452737434704894,-0.405481565805163,0.6474615786127971
,1318,0,0.214599609375,-0.4612482853223594,-0.214599609375,0.4612482853223594,2256,2089,2373,2159,2256,2125,2385,2160,0,-133,-32,0,4900,5000,5000,4900,-38.72,21.330000000000002,-200.96,-4.655734530043958,22.313485155113078,59.515008532854836,-0.11225975438254379,0.6195692490075667,0.7768730225913182
,1319,0,-0.160400390625,0.0387517146776406,0.160400390625,-0.0387517146776406,2011,2415,2618,1833,2024,2417,2617,1838,-37,0,14,-18,5000,5000,5000,5000,-44.06,43.49,-216.63,9.457876735332519,-0.8374648081868514,64.9894576235508,0.28048059308044343,-0.044258288033226505,0.9588387981541063
,1320,0,0.589599609375,0.5387517146776406,-0.589599609375,-0.5387517146776406,2500,2741,2129,1507,2500,2742,2169,1539,0,0,-156,-121,5000,4900,5000,5000,-32.77,66.11,-185.59,-22.982267911557074,-21.34487499978478,53.60116352292161,-0.586206616164333,-0.5789958258009639,0.5666794833679988
,1321,0,-0.629150390625,-0.2945816186556927,0.629150390625,0.2945816186556927,1706,2198,2923,2050,1753,2216,2922,2050,-208,-42,15,0,4800,5000,4900,4900,-33.85,31.7,-234.24,27.872143710671565,9.70888094287352,54.83811962996452,0.7714913033187162,0.2528784876858182,0.5838267203283201
,1322,0,0.120849609375,0.20541838134430734,-0.120849609375,-0.20541838134430734,2195,2524,2434,1724,2195,2524,2442,1737,0,-2,-25,-41,5000,5000,5000,5000,-43.67,53.21,-204.64000000000001,-3.15841797517254,-9.727831243697409,64.56390807293548,-0.08693408649749974,-0.2938396134564269,0.9518932430522985
,1323,0,-0.254150390625,0.7054183813443071,0.254150390625,-0.7054183813443071,1950,2850,2679,1398,1962,2851,2678,1450,-33,0,13,-236,5000,5000,4900,4700,-32.57,74.62,-216.8,7.583245238234554,-31.94077610387636,53.57912532367796,0.19280491643666248,-0.8279766522986249,0.5265747121218547
,1324,0,0.495849609375,-0.7205075445816187,-0.495849609375,0.7205075445816187,2439,1920,2190,2328,2440,1978,2217,2328,0,-264,-93,0,4900,5000,5100,4700,-29.66,14.450000000000001,-189.42000000000002,-15.661481106070113,29.9301312918869,50.37991992182009,-0.4072002691213663,0.7880998532277305,0.46161300043425607
,1325,0,-0.441650390625,-0.2205075445816187,0.441650390625,0.2205075445816187,1828,2246,2801,2002,1863,2253,2800,2002,-135,-14,15,15,5000,4900,5000,5000,-39.02,32.62,-227.07,20.631523126512235,9.2892867633269,59.97441735115813,0.598456627550102,0.24516875267189278,0.7627200978436764
,1326,0,0.308349609375,0.2794924554183813,-0.308349609375,-0.2794924554183813,2317,2572,2312,1676,2317,2573,2332,1694,0,0,-62,-57,4900,4900,5000,5000,-41.42,55.81,-195.6,-12.342226673673935,-11.718694139088015,62.27519168135532,-0.32876110960460786,-0.3567010840275694,0.8744601016999595
,1327,0,-0.066650390625,-0.553840877914952,0.066650390625,0.553840877914952,2073,2029,2556,2219,2075,2074,2557,2220,-13,-182,0,0,5000,5000,5000,4800,-36.44,16.54,-206.74,1.4451411966543333,26.696252714106365,57.251921285040495,0.05785456288282101,0.7224700122569321,0.688977453145679
,1328,0,0.683349609375,-0.05384087791495196,-0.683349609375,0.05384087791495196,2561,2355,2068,1893,2562,2356,2122,1893,0,0,-245,0,4900,4900,5100,5000,-33.82,42.17,-176.69,-30.252186270995708,3.1437256853948483,54.546056918451995,-0.7861829068899491,0.06485076081952662,0.614581821839206
,1329,0,-0.676025390625,0.44615912208504804,0.676025390625,-0.44615912208504804,1675,2681,2954,1567,1728,2682,2953,1593,-246,0,13,-89,5000,4900,5000,4900,-31.95,59.33,-235.71,27.484282084249514,-17.962670100625402,53.015312397758244,0.7330113696857922,-0.456665656178216,0.5041337227151925
,1330,0,0.073974609375,-0.3871742112482853,-0.073974609375,0.3871742112482853,2164,2138,2465,2110,2165,2171,2468,2110,0,-113,-17,0,5000,5000,5000,4900,-40.59,23.740000000000002,-207.26,1.4582518550215298,19.489467694227166,61.42264997291771,0.05772771195138829,0.5441345426757871,0.8370096240425611
,1331,0,-0.301025390625,0.11282578875171478,0.301025390625,-0.11282578875171478,1920,2464,2709,1784,1945,2464,2708,1791,-81,0,14,-26,4900,5000,5000,5000,-42.31,46.13,-222.61,15.254571648783866,-3.8797248753837934,63.27613285459826,0.44942618551782565,-0.12040010005485362,0.8851666056046615
,1332,0,0.448974609375,0.6128257887517148,-0.448974609375,-0.6128257887517148,2409,2790,2220,1458,2410,2791,2247,1500,0,0,-93,-175,5000,4800,4900,5000,-33.56,70.19,-193.27,-15.598866054497051,-25.931235187961136,54.43995863585067,-0.3951974146841261,-0.7064615601333548,0.5871380310292706
,1333,0,-0.488525390625,-0.6649519890260631,0.488525390625,0.6649519890260631,1798,1957,2831,2291,1830,2011,2831,2291,-119,-235,0,0,5100,5000,4800,5000,-30.71,14.92,-224.23000000000002,19.03205946693697,27.116690424151788,51.60560054615484,0.5391480338237024,0.69053214515714,0.4821667285584051
,1334,0,0.261474609375,-0.16495198902606312,-0.261474609375,0.16495198902606312,2286,2282,2343,1966,2286,2289,2362,1966,0,-14,-58,15,5000,5000,5000,4900,-42.68,34.51,-196.28,-10.233160567752577,9.49047235883809,63.48477699215541,-0.27670459307150297,0.24296478907688437,0.9297325849092085
,1335,0,-0.113525390625,0.3350480109739371,0.113525390625,-0.3350480109739371,2042,2608,2587,1640,2049,2609,2586,1664,-19,0,15,-78,5000,5000,5000,5000,-41.89,59.02,-212.73000000000002,4.529771564804804,-16.07524150313995,62.839169079433496,0.13073892173948579,-0.4751678032491786,0.8701280900521177
,1336,0,0.636474609375,-0.49828532235939643,-0.636474609375,0.49828532235939643,2531,2065,2098,2183,2531,2098,2140,2184,0,-120,-172,0,4900,4900,4700,4700,-32.230000000000004,25.18,-181.08,-24.718557852715406,19.794380634672756,52.93517322045019,-0.6485949808609162,0.5256236938327814,0.5504945806123887
,1337,0,-0.582275390625,0.0017146776406036235,0.582275390625,-0.0017146776406036235,1736,2391,2893,1857,1782,2393,2892,1857,-204,0,15,0,4800,5000,4900,5000,-36.37,40.79,-234.42000000000002,27.426425158210776,0.6346760562476561,57.38194365051459,0.7568234913668425,0.009818549302806207,0.6535455600070222
,1338,0,0.167724609375,0.5017146776406034,-0.167724609375,-0.5017146776406034,2225,2717,2404,1531,2225,2718,2413,1566,-4,0,-26,-137,4900,5000,5000,4900,-38.45,67.16,-206.25,-2.467827468319115,-23.769512284761063,59.38729930919087,-0.0656093432961461,-0.658876268467977,0.749384732245035
,1339,0,-0.207275390625,-0.33161865569272975,0.207275390625,0.33161865569272975,1981,2174,2648,2074,1992,2202,2648,2074,-28,-89,0,0,5000,5000,5000,5000,-40.97,27.14,-216.19,10.13664000364281,15.496087351083503,61.8560003817829,0.30701194144222727,0.4353176699726908,0.8463109322355596
,1340,0,0.542724609375,0.16838134430727036,-0.542724609375,-0.16838134430727036,2470,2500,2159,1748,2471,2500,2201,1754,0,0,-171,-23,4900,4900,5000,4900,-37.94,48.92,-183.42000000000002,-24.01279308758467,-4.032960857497308,58.71678143199574,-0.6419413262283605,-0.12344382491382967,0.7567515812806846
,1341,0,-0.394775390625,0.6683813443072701,0.394775390625,-0.6683813443072701,1859,2826,2770,1422,1885,2827,2769,1469,-84,0,12,-201,5100,4900,5000,4900,-32.64,72.0,-222.53,13.47651247793246,-29.71297053856898,53.671231809273806,0.35171240690714045,-0.768908524363351,0.5339270212200925
,1342,0,0.355224609375,-0.6093964334705075,-0.355224609375,0.6093964334705075,2348,1993,2281,2255,2348,2044,2299,2255,0,-216,-59,0,5000,5000,4900,4800,-34.33,17.16,-194.46,-10.83837379128218,26.899773223018094,55.0819583951294,-0.2808389549579602,0.7304111078086806,0.6225986628381215
,1343,0,-0.019775390625,-0.10939643347050754,0.019775390625,0.10939643347050754,2103,2319,2526,1929,2107,2324,2527,1930,-17,-12,-3,0,5000,5000,5000,5000,-44.26,35.18,-208.05,1.457070498515833,8.032772258812429,65.12545003564642,0.06322997250492725,0.20733979189254018,0.9762234279482254
,1344,0,0.730224609375,0.39060356652949246,-0.730224609375,-0.39060356652949246,2592,2645,2037,1603,2593,2646,2091,1626,0,0,-251,-74,4900,4900,4800,4800,-31.48,58.01,-177.79,-30.211825580642568,-12.74101954587789,52.25162017880707,-0.7703306057342048,-0.35424685816668683,0.5301885714990507
,1345,0,-0.734619140625,-0.4427297668038409,0.734619140625,0.4427297668038409,1637,2101,2992,2147,1696,2128,2992,2148,-288,-86,0,0,5100,5000,4700,5000,-29.78,26.21,-236.28,30.297444851173452,15.037153417454093,50.76454296878491,0.8087230589737081,0.39368514613376815,0.437011463920391
,1346,0,0.015380859375,0.05727023319615898,-0.015380859375,-0.05727023319615898,2126,2427,2503,1821,2127,2429,2507,1827,0,-10,-17,-22,5000,5000,5000,4900,-44.86,45.64,-208.77,1.4669840402909529,-2.450212715126014,65.75547206531715,0.041612258081796756,-0.09232276941105141,0.9948592494547194
,1347,0,-0.359619140625,0.557270233196159,0.359619140625,-0.557270233196159,1882,2753,2747,1495,1902,2753,2746,1534,-59,0,13,-153,5000,5000,5000,5000,-35.6,67.48,-222.85,14.08635829271276,-25.216398323669495,56.62137187347226,0.3772828230780838,-0.6706350291231098,0.6386754489748903
,1348,0,0.390380859375,-0.27606310013717417,-0.390380859375,0.27606310013717417,2370,2210,2259,2038,2371,2230,2284,2039,0,-52,-85,0,5000,4900,4900,4900,-40.230000000000004,31.96,-190.22,-16.09545094558331,12.436327579271392,60.99799422194027,-0.43317099127886743,0.3328721001633689,0.8375912232391829
,1349,0,-0.547119140625,0.22393689986282572,0.547119140625,-0.22393689986282572,1759,2536,2870,1712,1800,2536,2869,1723,-171,0,15,-30,5000,4800,5000,5000,-37.11,49.78,-232.69,25.09042389743334,-8.216038353896167,58.13596788070797,0.6985523060164445,-0.21402873926660143,0.6828003914227478
,1350,0,0.202880859375,0.7239368998628257,-0.202880859375,-0.7239368998628257,2248,2862,2381,1386,2248,2863,2390,1439,0,0,-22,-244,5000,5000,5000,4700,-32.29,75.9,-207.0,-2.2793060784842396,-32.55776561983363,53.25323352831106,-0.057620374022870166,-0.8509998528080855,0.5219953476977374
,1351,0,-0.172119140625,-0.7019890260631001,0.172119140625,0.7019890260631001,2004,1932,2625,2316,2008,1993,2625,2316,-15,-283,0,0,5100,4900,5100,4800,-32.01,11.370000000000001,-210.54,5.606568416084485,31.5855352344598,52.82798187162715,0.17191951012901113,0.8271805395981656,0.534991623249457
,1352,0,0.577880859375,-0.2019890260631001,-0.577880859375,0.2019890260631001,2493,2258,2136,1990,2494,2264,2180,1990,0,-12,-182,3,4900,5000,4800,4900,-36.74,36.81,-181.41,-25.195560341075037,8.181540988655875,57.47613390977545,-0.6717202004707243,0.20499953530145365,0.7118758057454663
,1353,0,-0.640869140625,0.2980109739368999,0.640869140625,-0.2980109739368999,1698,2584,2931,1664,1747,2585,2930,1679,-221,0,13,-45,5100,4900,5000,5000,-34.35,52.63,-235.74,27.954540937094066,-11.273113330146074,55.398500771734476,0.7583171414330059,-0.2876706520580712,0.584979238053248
,1354,0,0.109130859375,-0.5353223593964335,-0.109130859375,0.5353223593964335,2187,2041,2442,2207,2187,2084,2446,2208,0,-168,-19,0,5000,4800,5000,5000,-37.0,17.47,-206.65,1.2899120107805118,25.776043790702012,57.81381045306205,0.05441448855722506,0.70276228714061,0.7093407017843784
,1355,0,-0.265869140625,-0.03532235939643347,0.265869140625,0.03532235939643347,1943,2367,2686,1881,1963,2367,2685,1881,-61,0,16,0,5000,5000,5000,4900,-42.63,39.230000000000004,-221.53,14.640911043382346,3.0782864624613495,63.57328413559268,0.43462153877095117,0.06787467341313812,0.8980518619464193
,1356,0,0.484130859375,0.4646776406035664,-0.484130859375,-0.4646776406035664,2432,2693,2197,1555,2433,2694,2229,1585,0,0,-118,-106,5000,4900,4900,4900,-36.18,63.52,-189.41,-19.012788964501766,-19.008647644033104,57.02371792440627,-0.4913512141931132,-0.5386051884784556,0.6844548453002871
,1357,0,-0.453369140625,-0.3686556927297668,0.453369140625,0.3686556927297668,1820,2150,2809,2098,1850,2175,2809,2098,-110,-76,0,0,5000,5000,5000,5000,-37.230000000000004,27.23,-226.70000000000002,20.63458027009503,14.686829764843125,58.1689755213956,0.5948311961252275,0.39018348562395666,0.7028034545038685
,1358,0,0.296630859375,0.13134430727023327,-0.296630859375,-0.13134430727023327,2309,2476,2320,1772,2309,2476,2341,1778,0,0,-65,-23,5000,5000,5000,5000,-42.67,48.61,-194.67000000000002,-12.790488522368321,-4.468824395942697,63.50232249036925,-0.3467351531102521,-0.1501144815368008,0.925872764493344
,1359,0,-0.078369140625,0.6313443072702332,0.078369140625,-0.6313443072702332,2065,2802,2564,1446,2067,2802,2563,1496,-12,0,12,-223,5000,5000,5000,4700,-35.2,72.52,-209.38,0.30917136007971635,-29.337658531834833,56.1665812404569,0.006797631044977842,-0.7816566962920364,0.6236718699396308
,1360,0,0.671630859375,-0.6464334705075446,-0.671630859375,0.6464334705075446,2554,1969,2075,2279,2554,2019,2118,2279,0,-208,-179,0,4900,4900,5100,4900,-28.71,20.12,-181.12,-24.320339764983316,24.830081720904126,49.4026476473324,-0.6291488779956925,0.6498727404255241,0.4264236280608525
,1361,0,-0.687744140625,-0.14643347050754452,0.687744140625,0.14643347050754452,1668,2295,2961,1953,1726,2298,2960,1954,-280,-11,15,8,5000,5000,5100,5000,-33.51,38.74,-237.69,30.841032557251395,2.451303851095659,54.53320361930736,0.8313574561486616,0.06470029214156989,0.5519589226589443
,1362,0,0.062255859375,0.3535665294924555,-0.062255859375,-0.3535665294924555,2157,2620,2472,1628,2158,2621,2475,1654,0,0,-15,-86,5000,4900,5000,4900,-41.660000000000004,60.36,-209.71,1.4274113525034693,-17.209180370640638,62.59741764117334,0.03446654373404293,-0.49745842603451945,0.8668028447866838
,1363,0,-0.312744140625,-0.47976680384087794,0.312744140625,0.47976680384087794,1912,2077,2717,2171,1931,2114,2717,2172,-52,-139,0,0,4900,5000,5000,5000,-37.09,20.8,-219.26,13.645998885791698,21.603503327103347,57.97543723551917,0.39931911754108745,0.5832338911702872,0.7073771770113685
,1364,0,0.437255859375,0.020233196159122224,-0.437255859375,-0.020233196159122224,2401,2403,2228,1845,2402,2404,2260,1846,0,-2,-122,0,4900,4900,5000,5000,-40.33,42.44,-186.98,-20.035405785418533,2.1990132036585948,61.10822232602753,-0.5427864782802981,0.0365336305053806,0.839075761083686
,1365,0,-0.500244140625,0.520233196159122,0.500244140625,-0.520233196159122,1790,2729,2839,1519,1824,2730,2838,1552,-131,0,13,-127,5000,5000,5000,4900,-34.480000000000004,64.59,-228.71,20.133289170930112,-22.731376911524208,55.52346680688368,0.540875628584001,-0.5926148936846815,0.5968761531397921
,1366,0,0.249755859375,-0.31310013717421126,-0.249755859375,0.31310013717421126,2279,2186,2350,2062,2279,2210,2365,2062,0,-63,-42,-2,5000,4900,5000,4900,-41.25,28.46,-197.77,-8.331582723633034,15.422104627462538,62.04698690574959,-0.21902025874543363,0.4324398733794187,0.8746575799538212
,1367,0,-0.125244140625,0.18689986282578874,0.125244140625,-0.18689986282578874,2034,2512,2595,1736,2043,2512,2594,1748,-27,0,12,-37,5000,5000,5000,4900,-43.62,51.76,-214.14000000000001,6.417881152852544,-8.921941317843306,64.55787168388761,0.19057444693378384,-0.26948969566495534,0.9439579885282459
,1368,0,0.624755859375,0.6868998628257885,-0.624755859375,-0.6868998628257885,2523,2838,2106,1410,2523,2839,2146,1455,0,0,-161,-189,5000,4900,4900,4700,-28.830000000000002,71.7,-186.33,-22.601978165152644,-26.983292343961025,49.67905572714748,-0.5614513527103157,-0.708670447110333,0.4272687397086256
,1369,0,-0.593994140625,-0.590877914951989,0.593994140625,0.590877914951989,1729,2005,2900,2243,1767,2049,2900,2243,-152,-171,0,0,5000,5000,4900,4900,-30.39,18.93,-229.77,24.290444519098486,22.741314958160146,51.323508052807696,0.6702186313018952,0.5762900275888353,0.46765028638660583
,1370,0,0.156005859375,-0.09087791495198905,-0.156005859375,0.09087791495198905,2218,2331,2411,1917,2218,2335,2424,1917,0,-10,-35,9,5000,5000,5000,5000,-44.14,37.26,-201.20000000000002,-5.516967710302282,6.4191227111162945,64.97636549867264,-0.14764595754421023,0.1550956196127282,0.9768039823822364
,1371,0,-0.218994140625,0.40912208504801084,0.218994140625,-0.40912208504801084,1973,2657,2656,1591,1985,2658,2655,1619,-32,0,14,-101,5000,5000,5000,5000,-39.97,61.870000000000005,-217.44,9.04603025803928,-19.241862401636723,60.95001066866231,0.2498753232561108,-0.5444698921094128,0.8006964839525764
,1372,0,0.531005859375,-0.42421124828532236,-0.531005859375,0.42421124828532236,2462,2113,2167,2135,2463,2144,2203,2136,0,-100,-133,0,5000,5000,5000,5000,-35.87,27.23,-185.01,-20.953415452690336,17.49442933100248,56.5999960958807,-0.55962844106897,0.47535970649248005,0.6788587168108671
,1373,0,-0.406494140625,0.07578875171467758,0.406494140625,-0.07578875171467758,1851,2439,2778,1809,1884,2439,2777,1812,-120,0,6,-18,5000,5000,5000,4900,-40.76,43.800000000000004,-226.92000000000002,19.719355517445422,-1.8501266338296745,61.74187864358243,0.5714024908620361,-0.06060143944732666,0.8184293854533651
,1374,0,0.343505859375,0.5757887517146776,-0.343505859375,-0.5757887517146776,2340,2765,2289,1483,2340,2765,2309,1523,0,0,-59,-158,5000,5000,4900,5000,-35.79,69.37,-197.89000000000001,-10.944905919894353,-25.418294339426808,56.691013222357576,-0.2804901991549941,-0.6975696029970155,0.6593344349816548
,1375,0,-0.031494140625,-0.2575445816186557,0.031494140625,0.2575445816186557,2095,2222,2534,2026,2097,2246,2535,2027,-14,-68,0,-1,5000,5000,5000,5000,-42.86,29.67,-207.94,1.7257423544491814,13.533622488751163,63.71100237609438,0.07091893043221652,0.38484229570609807,0.9202537219386895
,1376,0,0.718505859375,0.24245541838134432,-0.718505859375,-0.24245541838134432,2584,2548,2045,1700,2585,2548,2099,1711,0,0,-254,-31,5100,4900,5100,5000,-33.0,51.21,-176.71,-30.838029022814993,-5.879350106798732,53.7490051519581,-0.7991520263768659,-0.16654772307939283,0.577596653967817
,1377,0,-0.711181640625,0.7424554183813443,0.711181640625,-0.7424554183813443,1652,2874,2977,1374,1704,2875,2976,1421,-241,0,13,-205,4600,5100,4600,5100,-25.66,71.72,-233.78,24.753369571623466,-30.212237122223385,46.74703315766678,0.6243777391936207,-0.7286013958738441,0.2815891417120862
,1378,0,0.038818359375,-0.7328532235939643,-0.038818359375,0.7328532235939643,2141,1912,2488,2336,2142,1976,2488,2336,0,-305,0,0,4900,5100,5100,5000,-31.04,10.0,-207.74,2.9100725767608253,33.138464346913395,51.840499537504535,0.09477976097075064,0.8604023180972352,0.5007241235682893
,1380,0,0.413818359375,0.26714677640603557,-0.413818359375,-0.26714677640603557,2386,2564,2243,1684,2387,2566,2271,1700,0,0,-104,-47,4900,5000,4900,5000,-40.11,54.36,-190.15,-17.675617555713416,-9.908208829063184,60.93422760966572,-0.4732592923645063,-0.3074447351408413,0.8255321780674718
,1381,0,-0.523681640625,-0.5661865569272977,0.523681640625,0.5661865569272977,1775,2021,2854,2227,1810,2060,2854,2228,-135,-145,0,0,4900,5000,5100,5000,-32.24,18.46,-226.58,21.130510730964886,23.430658011739958,53.156299532789255,0.5922978703515237,0.6029577374343084,0.5344391449408905
,1382,0,0.226318359375,-0.06618655692729758,-0.226318359375,0.06618655692729758,2264,2347,2365,1901,2264,2350,2384,1901,0,-9,-54,0,5000,5000,5000,5000,-43.660000000000004,39.0,-197.32,-9.503131894445772,4.943378113520275,64.48131703668325,-0.25819285019694727,0.11116004497847559,0.9596769750846162
,1383,0,-0.148681640625,0.4338134430727023,0.148681640625,-0.4338134430727023,2019,2673,2610,1575,2026,2674,2609,1607,-22,0,13,-122,5000,4900,5000,5000,-39.95,63.43,-213.88,5.38905230996977,-20.55828279782895,60.91610450664821,0.15013266522539398,-0.5824564845881544,0.7988771034355213
,1384,0,0.601318359375,-0.39951989026063106,-0.601318359375,0.39951989026063106,2508,2130,2121,2118,2508,2157,2162,2119,0,-81,-164,0,4900,4900,4800,4700,-34.59,29.240000000000002,-181.75,-24.335345568566254,15.705202297505572,55.30875045157621,-0.6465406245707722,0.42020971753973974,0.6367173737733305
,1385,0,-0.617431640625,0.10048010973936905,0.617431640625,-0.10048010973936905,1713,2456,2916,1792,1762,2456,2915,1794,-221,0,16,-14,5000,5000,5000,4700,-35.550000000000004,43.44,-235.67000000000002,28.498779879305687,-2.0959215562214624,56.574916989911976,0.7799681163136589,-0.055752796808831405,0.6233308617276351
,1386,0,0.132568359375,0.6004801097393688,-0.132568359375,-0.6004801097393688,2202,2781,2427,1467,2202,2781,2432,1511,-3,0,-16,-188,5000,5000,5000,4600,-36.04,71.24,-209.06,0.07218299800311456,-28.036596566317215,57.00173049545485,-1.0503183901295275e-05,-0.7542983873939959,0.6565317529750564
,1387,0,-0.242431640625,-0.6772976680384089,0.242431640625,0.6772976680384089,1958,1948,2671,2300,1969,2003,2671,2300,-26,-242,0,0,4900,4900,4900,4900,-32.410000000000004,12.26,-213.62,8.617553787475657,30.49099953674994,53.245664406224044,0.25545029352892873,0.7970055305456156,0.5472909023688286
,1388,0,0.507568359375,-0.17729766803840874,-0.507568359375,0.17729766803840874,2447,2274,2182,1974,2448,2279,2221,1974,0,-11,-157,15,5000,5000,4900,4700,-38.54,36.9,-184.4,-22.22717200214842,7.895251918141206,59.29132239514777,-0.5981950970944669,0.19639625453408938,0.7769112800166577
,1389,0,-0.429931640625,0.32270233196159115,0.429931640625,-0.32270233196159115,1836,2600,2793,1648,1867,2601,2792,1666,-109,0,14,-58,5000,5000,4900,4900,-38.79,55.78,-227.11,19.110373267152966,-13.821248963603992,59.80312368629481,0.5386947185603007,-0.37965331401109925,0.7521112692651456
,1390,0,0.320068359375,-0.5106310013717421,-0.320068359375,0.5106310013717421,2325,2057,2304,2191,2325,2094,2324,2192,0,-137,-63,0,5000,5000,5100,4900,-36.86,20.14,-196.16,-9.355493363518207,23.81915667682869,57.62796847607929,-0.2410640973763762,0.6571798537574917,0.7141447617755061
,1391,0,-0.054931640625,-0.01063100137174211,0.054931640625,0.01063100137174211,2080,2383,2549,1865,2086,2386,2550,1867,-20,-11,2,-19,5000,5000,5000,5000,-44.75,41.09,-210.97,3.9693823348642354,1.9407326057458718,65.64500956294683,0.13122428636629777,0.030173747169878147,0.9908934007497398
,1392,0,0.695068359375,0.48936899862825767,-0.695068359375,-0.48936899862825767,2569,2709,2060,1539,2570,2710,2109,1569,0,0,-223,-105,4800,4800,4700,5000,-31.220000000000002,62.88,-180.38,-27.954985524106092,-17.77532030651527,52.01691012223015,-0.7103509935235149,-0.4764001714717747,0.5181161478103324
,1393,0,-0.664306640625,-0.34396433470507537,0.664306640625,0.34396433470507537,1683,2166,2946,2082,1735,2185,2945,2082,-239,-50,9,0,5000,5000,4900,4800,-32.980000000000004,29.97,-235.19,28.940862945454285,11.368382662560272,53.96852590898781,0.7831292948136941,0.30458442598072677,0.542159418487402
,1394,0,0.085693359375,0.15603566529492452,-0.085693359375,-0.15603566529492452,2172,2492,2457,1756,2173,2492,2463,1766,0,-1,-19,-33,5000,5000,5000,4900,-44.2,50.83,-205.99,-1.6535351212969545,-7.442785384952259,65.09465567730396,-0.04688547378866807,-0.23202039137558425,0.971580305653389
,1395,0,-0.289306640625,0.6560356652949244,0.289306640625,-0.6560356652949244,1927,2818,2702,1430,1944,2819,2701,1479,-45,0,11,-216,4900,4900,5100,4900,-33.85,72.25,-218.67000000000002,9.602639662655491,-29.698631383668868,54.86249324140979,0.2495467723949243,-0.7789506222332658,0.5752932613108588
,1396,0,0.460693359375,-0.6217421124828533,-0.460693359375,0.6217421124828533,2416,1985,2213,2263,2417,2037,2238,2263,0,-220,-83,0,4800,4900,5100,4800,-32.94,18.06,-189.78,-15.561651076139697,26.313462126855995,53.67079186035533,-0.4074754256848189,0.7091400079643586,0.5753991888830612
,1397,0,-0.476806640625,-0.12174211248285316,0.476806640625,0.12174211248285316,1805,2311,2824,1937,1843,2314,2823,1938,-151,-12,15,0,4900,4900,5000,5000,-38.9,37.88,-229.6,22.801518166510334,3.8703218919145144,59.880389436248635,0.6514694973431874,0.09779528733719817,0.7523453833220819
,1399,0,-0.101806640625,-0.4550754458161866,0.101806640625,0.4550754458161866,2050,2093,2579,2155,2054,2131,2579,2156,-16,-143,0,0,5000,5000,5000,5000,-39.01,20.81,-209.38,3.7786645586495524,22.265300859278447,59.84590169730643,0.12164003726694461,0.6119760602174854,0.78146593211373
,1400,0,0.648193359375,0.04492455418381347,-0.648193359375,-0.04492455418381347,2539,2419,2090,1829,2539,2420,2140,1830,0,-1,-220,0,5000,4900,5100,5000,-34.99,43.160000000000004,-178.06,-28.957751820767584,2.066937837227158,55.72540732613458,-0.7585839993214352,0.04428107160030115,0.6500688445629624
,1401,0,-0.570556640625,0.5449245541838132,0.570556640625,-0.5449245541838132,1744,2745,2885,1503,1784,2746,2884,1535,-163,0,13,-119,5000,4900,5000,4900,-32.730000000000004,65.13,-230.96,22.350170008161484,-23.426882838827268,53.78613815098618,0.5938912489955934,-0.6040086292613983,0.5314760202908696
,1402,0,0.179443359375,-0.2884087791495198,-0.179443359375,0.2884087791495198,2233,2202,2396,2046,2233,2227,2407,2047,0,-70,-31,0,5000,5000,5000,5000,-42.11,29.03,-201.0,-5.151578798910833,14.638038290664923,62.92460585395668,-0.1270122830052711,0.41075181556831286,0.9028570351795036
,1403,0,-0.195556640625,0.2115912208504802,0.195556640625,-0.2115912208504802,1989,2528,2640,1720,2002,2528,2639,1733,-39,0,10,-39,5000,5000,5000,5000,-42.88,52.43,-217.35,9.578916031761906,-9.809004219305237,63.83566817851796,0.28130423043472524,-0.2882715692097049,0.91529636311137
,1404,0,0.554443359375,0.71159122085048,-0.554443359375,-0.71159122085048,2477,2854,2152,1394,2478,2855,2188,1441,0,0,-136,-211,4900,4900,5000,4600,-29.580000000000002,73.23,-190.15,-18.897546506294873,-28.76527207715918,50.45205916525318,-0.47188468884264095,-0.7592916517706803,0.44810827707958684
,1405,0,-0.383056640625,-0.7143347050754458,0.383056640625,0.7143347050754458,1866,1924,2763,2324,1887,1983,2763,2324,-59,-274,-6,-4,4800,5000,5100,5000,-30.560000000000002,11.98,-219.08,14.092879658127401,30.39686193478686,51.42235841926838,0.40691975559502214,0.7763967721950847,0.48127368994319786
,1406,0,0.366943359375,-0.21433470507544572,-0.366943359375,0.21433470507544572,2355,2250,2274,1998,2355,2258,2301,1999,0,-17,-95,0,5000,5000,5000,5000,-40.9,33.21,-191.37,-15.035634481519821,11.11353985271495,61.67690636130119,-0.40678359261643243,0.28905160819844367,0.8665888740204094
,1407,0,-0.008056640625,0.28566529492455395,0.008056640625,-0.28566529492455395,2111,2576,2518,1672,2113,2577,2518,1695,-13,0,12,-75,5000,5000,5000,4900,-42.82,57.08,-207.59,-0.47210026978541464,-13.790376714252588,63.738486068506695,-0.0006339636056482221,-0.4200117010126222,0.9075184676372323
,1408,0,0.741943359375,-0.5476680384087792,-0.741943359375,0.5476680384087792,2600,2033,2029,2215,2601,2070,2083,2216,0,-129,-245,0,5100,4900,5000,4900,-28.89,24.73,-177.73,-28.014399274922255,20.45972444946348,49.57729488319832,-0.7221401278867369,0.5341625478466256,0.43952702780799296
,1409,0,-0.740478515625,-0.04766803840877909,0.740478515625,0.04766803840877909,1633,2359,2996,1889,1696,2360,2995,1889,-315,-5,15,0,5000,4800,4800,4800,-31.900000000000002,41.14,-239.95000000000002,32.94175489237563,-0.10023432659882303,52.94062125142876,0.8711187388655054,-0.0034863270918982356,0.49106006589905055
,1410,0,0.009521484375,0.4523319615912209,-0.009521484375,-0.4523319615912209,2122,2685,2507,1563,2123,2686,2508,1598,0,0,0,-131,5000,4800,5000,4900,-39.64,64.97,-211.78,3.1914823815224906,-21.954037097821868,60.599471685172816,0.0790215447744906,-0.6105576729071518,0.7880196212758006
,1411,0,-0.365478515625,-0.3810013717421125,0.365478515625,0.3810013717421125,1878,2142,2751,2106,1899,2172,2751,2106,-62,-99,0,0,5000,5000,5000,5000,-38.300000000000004,26.03,-223.13,17.148524232829573,16.127904848882196,59.218030289845295,0.5003640440339194,0.43944913217182047,0.7460028710879442
,1412,0,0.384521484375,0.11899862825788765,-0.384521484375,-0.11899862825788765,2367,2468,2262,1780,2367,2468,2291,1785,0,-1,-106,-21,5000,4900,5000,4900,-41.43,47.36,-190.29,-17.070157203717457,-2.929841451747329,62.23722665393816,-0.46559063907854,-0.10394198073833351,0.8788750886460646
,1413,0,-0.552978515625,0.6189986282578874,0.552978515625,-0.6189986282578874,1756,2794,2873,1454,1791,2794,2872,1495,-134,0,13,-167,5100,5000,5100,4700,-31.5,68.31,-230.0,21.18381544777995,-26.53840584510975,52.559377530142754,0.5525487440896446,-0.6754972562552346,0.4882554067254224
,1414,0,0.197021484375,-0.6587791495198903,-0.197021484375,0.6587791495198903,2244,1961,2385,2287,2244,2017,2393,2287,0,-250,-25,0,4900,4800,5000,4800,-33.59,13.41,-202.86,-2.20108520699236,30.072627158553892,54.37460854148423,-0.045916342631547036,0.8034813146828731,0.5935566244553456
,1415,0,-0.177978515625,-0.15877914951989025,0.177978515625,0.15877914951989025,2000,2286,2629,1962,2013,2292,2629,1962,-37,-13,0,16,5000,5000,5000,4900,-42.910000000000004,33.230000000000004,-216.04,9.56683265729228,9.435637259234753,63.81060117791892,0.2895881604676893,0.24993864212664907,0.9239422993287117
,1416,0,0.572021484375,0.34122085048010975,-0.572021484375,-0.34122085048010975,2489,2612,2140,1636,2490,2613,2180,1656,0,0,-157,-60,5000,5000,5100,4900,-35.94,56.980000000000004,-183.61,-24.357221736337863,-12.093108977933156,56.73812502358307,-0.6382491196181979,-0.3408788164872681,0.6902461110189857
,1417,0,-0.646728515625,-0.4921124828532236,0.646728515625,0.4921124828532236,1694,2069,2935,2179,1743,2098,2935,2180,-220,-104,0,0,5100,4800,4800,5000,-31.11,22.64,-232.33,26.590861824906483,18.86919301173137,52.06570199722095,0.7240050381594948,0.48742210981764383,0.4880946543249427
,1418,0,0.103271484375,0.00788751714677638,-0.103271484375,-0.00788751714677638,2183,2395,2446,1853,2183,2396,2454,1855,0,-3,-28,-16,5000,5000,5000,5000,-44.730000000000004,42.480000000000004,-203.62,-3.4574531356992395,1.0495142259044812,65.59167390308374,-0.09270827953096694,0.002778777360712208,0.9956894361711321
,1419,0,-0.271728515625,0.5078875171467763,0.271728515625,-0.5078875171467763,1939,2721,2690,1527,1955,2722,2689,1562,-41,-2,14,-138,5000,4800,4900,4800,-37.65,65.95,-219.27,10.607849235877183,-23.44260026728378,58.64952748798389,0.28475517257407895,-0.6410211874784814,0.7127456270619865
,1420,0,0.478271484375,-0.3254458161865569,-0.478271484375,0.3254458161865569,2428,2178,2201,2070,2429,2200,2232,2071,0,-62,-112,-16,5000,4900,4900,4800,-38.14,31.02,-186.39000000000001,-19.84318179602397,13.626497048667964,58.88645210614633,-0.5346841484083037,0.36839653046542037,0.760524067851851
,1421,0,-0.459228515625,0.17455418381344312,0.459228515625,-0.17455418381344312,1817,2504,2812,1744,1852,2504,2811,1751,-135,0,13,-27,5000,5000,5000,4900,-39.35,48.26,-229.02,21.52052837776162,-6.445604988851763,60.353694572292234,0.6133697264649726,-0.17809039518722167,0.7694552552282325
,1422,0,0.290771484375,0.674554183813443,-0.290771484375,-0.674554183813443,2306,2830,2323,1418,2306,2831,2338,1468,0,0,-41,-218,5000,4900,5000,4700,-33.6,73.5,-202.23000000000002,-6.882833285856179,-29.837815769142907,54.53323745827127,-0.1756486179588576,-0.7993546130327914,0.5746127092506219
,1423,0,-0.084228515625,-0.6032235939643347,0.084228515625,0.6032235939643347,2061,1997,2568,2251,2063,2050,2568,2251,-14,-232,0,0,5000,5000,5100,4900,-35.2,14.85,-207.77,2.5927668837699684,28.309393029617436,56.01283549109996,0.09079972454025102,0.7587286215282382,0.6450475090233855
,1424,0,0.665771484375,-0.10322359396433467,-0.665771484375,0.10322359396433467,2550,2323,2079,1925,2550,2324,2131,1925,0,-1,-237,17,4900,5000,5100,5000,-34.45,42.230000000000004,-177.42000000000002,-29.53094820386974,3.0364336105793015,55.17985819741111,-0.7712231179800748,0.06616610860493399,0.6331168520622168
,1425,0,-0.693603515625,0.39677640603566533,0.693603515625,-0.39677640603566533,1664,2649,2965,1599,1718,2650,2964,1618,-254,0,14,-63,5000,4900,4800,4700,-32.160000000000004,57.22,-236.76,28.67318591221226,-15.927691774482739,53.22524310057494,0.7637615082939286,-0.39957582002326275,0.5069590935187188
,1426,0,0.056396484375,-0.4365569272976681,-0.056396484375,0.4365569272976681,2153,2105,2476,2143,2154,2142,2477,2144,0,-139,-14,-6,5000,4900,4900,5000,-39.44,21.46,-208.24,2.595353370598815,21.69489159153592,60.27182175965068,0.09202003440607118,0.6013666051023177,0.7936564241128645
,1427,0,-0.318603515625,0.06344307270233185,0.318603515625,-0.06344307270233185,1908,2431,2721,1817,1935,2431,2720,1822,-84,0,15,-19,5000,4900,5000,5000,-42.13,43.25,-223.51,16.347640518576526,-1.0675017029274585,63.09337269977836,0.4816846254714192,-0.042876298503838076,0.8752951185806238
,1428,0,0.431396484375,0.5634430727023316,-0.431396484375,-0.5634430727023316,2397,2757,2232,1491,2398,2757,2257,1529,0,0,-84,-143,4900,4900,4900,5000,-35.03,68.28,-193.21,-15.536999141716791,-24.017343103629784,55.90481001897348,-0.3948086101154167,-0.6604409917850697,0.6387048283430198
,1429,0,-0.506103515625,-0.2698902606310013,0.506103515625,0.2698902606310013,1786,2214,2843,2034,1820,2234,2843,2035,-130,-52,0,-10,4900,5000,5000,5000,-37.35,32.45,-229.91,23.48455721052855,9.26260188977487,58.31825176977303,0.6679583867177146,0.24622087881366608,0.7022868875678191
,1430,0,0.243896484375,0.2301097393689986,-0.243896484375,-0.2301097393689986,2275,2540,2354,1708,2275,2540,2371,1722,-4,0,-45,-40,5000,5000,5000,5000,-42.59,54.0,-198.47,-9.362362580105838,-10.1030246120078,63.4549891059703,-0.25246306996806894,-0.30566764616955305,0.918057562676471
,1431,0,-0.131103515625,0.7301097393689986,0.131103515625,-0.7301097393689986,2031,2866,2598,1382,2034,2867,2597,1437,-13,0,12,-258,5000,5000,5100,4900,-32.06,76.24,-211.15,1.8393718870348152,-33.17751500623136,53.0449008270671,0.042631943943202126,-0.8582492043766169,0.5114595003932645
,1432,0,0.618896484375,-0.6958161865569273,-0.618896484375,0.6958161865569273,2519,1936,2110,2312,2519,1991,2146,2312,0,-239,-139,0,5100,5000,4700,4800,-28.47,17.34,-183.66,-21.597480289555165,27.431763262530918,49.16836270750585,-0.5558418133650682,0.7169687849557018,0.4207084975540393
,1433,0,-0.599853515625,-0.19581618655692723,0.599853515625,0.19581618655692723,1725,2262,2904,1986,1772,2267,2903,1987,-208,-13,15,0,5000,5000,4900,4800,-35.7,35.550000000000004,-233.92000000000002,27.28425100609661,5.894529450633492,56.69621135578268,0.7575024515369015,0.15289169955354376,0.6346764247419413
,1434,0,0.150146484375,0.30418381344307255,-0.150146484375,-0.30418381344307255,2214,2588,2415,1660,2214,2590,2424,1680,0,0,-27,-66,5000,5000,5000,4900,-42.32,57.83,-204.29,-3.812718839998496,-14.317550289729837,63.223844844287235,-0.10330582547240548,-0.4234767679619197,0.8999974074518167
,1435,0,-0.224853515625,-0.5291495198902607,0.224853515625,0.5291495198902607,1969,2045,2660,2203,1980,2087,2660,2204,-29,-161,0,0,4900,5000,5000,5000,-36.730000000000004,18.150000000000002,-214.45000000000002,9.027494531221464,24.570807068120672,57.584635450262304,0.2676050000965126,0.6642784198821534,0.6979410754513705
,1436,0,0.525146484375,-0.0291495198902606,-0.525146484375,0.0291495198902606,2458,2371,2171,1877,2459,2372,2212,1877,0,-1,-162,0,5000,5000,4800,4700,-38.5,41.9,-183.19,-23.771464848356317,2.9881405802623107,59.25788704242758,-0.6369839492034136,0.056185450196734016,0.768826796907738
,1437,0,-0.412353515625,0.4708504801097393,0.412353515625,-0.4708504801097393,1847,2697,2782,1551,1874,2698,2781,1582,-89,0,14,-108,5000,5000,5000,5000,-36.85,63.14,-225.33,16.847380136343418,-21.04996931256558,57.87282210197756,0.4608851229354727,-0.5644667566779822,0.6848081366793145
,1438,0,0.337646484375,-0.36248285322359386,-0.337646484375,0.36248285322359386,2336,2154,2293,2094,2336,2181,2313,2094,0,-82,-61,0,5000,4900,5000,5000,-39.69,27.32,-193.23000000000002,-12.776758717942755,16.861213830478604,60.46137185744593,-0.3393539475715248,0.4663271494808985,0.8169319971237767
,1439,0,-0.037353515625,0.13751714677640603,0.037353515625,-0.13751714677640603,2092,2480,2537,1768,2096,2480,2538,1778,-15,-6,0,-30,5000,5000,5000,4900,-44.38,49.96,-209.49,1.8962658250771938,-6.8102877455076865,65.29000146614575,0.06724487746395648,-0.2161597294706309,0.9740395771271518
,1440,0,0.712646484375,0.637517146776406,-0.712646484375,-0.637517146776406,2581,2806,2048,1442,2582,2806,2097,1483,0,0,-215,-167,4900,5100,4700,4800,-28.16,69.0,-181.91,-26.826504974402212,-23.99328951682064,48.98008767950575,-0.662533167850299,-0.6297740311106909,0.40550520494420034
,1441,0,-0.717041015625,-0.6402606310013718,0.717041015625,0.6402606310013718,1649,1973,2980,2275,1701,2019,2980,2275,-236,-193,1,0,5000,4700,4900,4900,-26.71,18.03,-233.46,28.050483393795986,23.37989768175791,47.659791392654256,0.7394553893221988,0.5789381615082042,0.34356416045894084
,1442,0,0.032958984375,-0.14026063100137165,-0.032958984375,0.14026063100137165,2137,2299,2492,1949,2138,2306,2495,1949,0,-16,-16,16,5000,5000,5000,5000,-43.95,33.64,-208.12,1.632282833877838,9.56365335245765,64.81191580361335,0.05385311501092116,0.24966243442932395,0.9668342726850576
,1443,0,-0.342041015625,0.35973936899862835,0.342041015625,-0.35973936899862835,1893,2625,2736,1623,1916,2626,2735,1648,-71,0,14,-81,4900,5000,4900,5000,-39.61,58.26,-223.36,15.197716756525296,-16.040356954850367,60.610575699128724,0.42689619248760674,-0.4497774968521836,0.7845124882147947
,1444,0,0.407958984375,-0.47359396433470513,-0.407958984375,0.47359396433470513,2382,2081,2247,2167,2383,2114,2272,2168,0,-115,-85,0,5000,5000,4900,4900,-36.76,22.72,-191.44,-14.238229626776103,21.563061835024946,57.51082476838305,-0.3781134025814747,0.5898277852131311,0.7135358705621127
,1445,0,-0.529541015625,0.02640603566529498,0.529541015625,-0.02640603566529498,1771,2407,2858,1841,1813,2408,2857,1842,-177,0,14,0,5000,5000,5000,5000,-37.800000000000004,40.74,-232.24,25.247879058172856,0.835664156946784,58.80086601392525,0.7086196197728374,0.01654150380864089,0.7053967770870154
,1446,0,0.220458984375,0.5264060356652946,-0.220458984375,-0.5264060356652946,2260,2733,2369,1515,2260,2734,2381,1552,0,0,-31,-145,5000,5000,5000,5000,-37.800000000000004,67.73,-203.85,-4.8976403204111705,-24.178219256410685,58.726717660086564,-0.13373778483084536,-0.6723346340377281,0.7280661678596889
,1447,0,-0.154541015625,-0.30692729766803833,0.154541015625,0.30692729766803833,2015,2190,2614,2058,2022,2216,2614,2059,-24,-73,0,-16,5000,5000,5000,5000,-41.59,27.650000000000002,-213.95000000000002,7.86437204506322,15.140083599271001,62.46604927581337,0.23925952236809447,0.42568803045484355,0.8726652174136811
,1448,0,0.595458984375,0.1930727023319616,-0.595458984375,-0.1930727023319616,2504,2516,2125,1732,2504,2516,2169,1740,0,0,-182,-27,5000,5000,4700,4900,-36.54,49.7,-181.23,-26.243627831329775,-4.667494636319255,57.30779483531224,-0.6936558452624852,-0.1478455204155325,0.704970403936397
,1449,0,-0.623291015625,0.6930727023319614,0.623291015625,-0.6930727023319614,1710,2842,2919,1406,1753,2843,2918,1449,-185,0,13,-181,5000,5000,4900,4900,-28.68,70.73,-231.91,22.939835984367107,-29.089753760517866,49.75511012320261,0.5785330472223139,-0.7195070534459987,0.38419931456617856
,1450,0,0.126708984375,-0.5847050754458162,-0.126708984375,0.5847050754458162,2199,2009,2430,2239,2199,2058,2435,2239,0,-206,-18,0,5000,5000,5000,4800,-35.78,15.6,-205.76,0.5339773989869343,27.698311570615378,56.5846442946443,0.031136176444620817,0.7448253382426889,0.6665326353810992
,1451,0,-0.248291015625,-0.08470507544581607,0.248291015625,0.08470507544581607,1954,2335,2675,1913,1972,2338,2674,1913,-54,-10,14,0,5000,5000,5000,5000,-42.67,37.410000000000004,-220.3,13.536294570099841,4.977198707720397,63.60251993142866,0.40398480657480373,0.1220875123172972,0.9065819959567323
,1452,0,0.501708984375,0.4152949245541837,-0.501708984375,-0.4152949245541837,2443,2661,2186,1587,2444,2662,2220,1611,0,0,-129,-80,4800,5000,5000,4900,-36.81,60.800000000000004,-188.16,-20.079504130402057,-16.208752764637694,57.64057075869793,-0.5267081325350442,-0.47720762580251785,0.7034567683926068
,1453,0,-0.435791015625,-0.41803840877914955,0.435791015625,0.41803840877914955,1832,2117,2797,2131,1862,2148,2797,2132,-105,-102,0,0,4800,5000,4900,4900,-36.59,24.18,-224.82,18.967702061888417,17.854827804741404,57.51185646201085,0.5511198195068597,0.4715147119552465,0.688433599526118
,1454,0,0.314208984375,0.08196159122085045,-0.314208984375,-0.08196159122085045,2321,2443,2308,1805,2321,2443,2331,1809,0,0,-74,-18,5000,5000,5000,5000,-42.63,45.61,-193.32,-13.934851384053275,-1.3847394037760665,63.447977280010576,-0.3773674780625145,-0.06766992850718742,0.9235878773980141
,1455,0,-0.060791015625,0.5819615912208502,0.060791015625,-0.5819615912208502,2076,2769,2553,1479,2078,2769,2553,1524,-13,0,14,-187,5000,5000,5000,4900,-36.58,70.24,-209.47,0.5460866729961538,-27.064983218916694,57.54125140328073,0.0057780769684263565,-0.7394388401134365,0.673198942035891
,1456,0,0.689208984375,-0.2513717421124828,-0.689208984375,0.2513717421124828,2565,2226,2064,2022,2566,2243,2114,2023,-4,-37,-221,0,5000,5000,5100,4800,-33.61,37.83,-177.31,-29.339852768778627,7.431416016212985,54.32820557523599,-0.7706604562294705,0.19076899565598482,0.6080210946180983
,1457,0,-0.670166015625,0.2486282578875172,0.670166015625,-0.2486282578875172,1679,2552,2950,1696,1733,2552,2949,1706,-254,0,14,-30,5000,5000,5100,4800,-33.910000000000004,50.42,-237.15,29.51250623022949,-9.164498655738925,54.959993872974216,0.7917646766676819,-0.22844768691653042,0.5664983240255954
,1458,0,0.079833984375,0.7486282578875172,-0.079833984375,-0.7486282578875172,2168,2878,2461,1370,2169,2879,2462,1426,0,0,-4,-263,5000,4700,4800,4700,-31.34,76.87,-212.47,3.1173346269722515,-33.897154293801705,52.33312099375005,0.0632658175673359,-0.8738793959978622,0.48200854512959446
,1459,0,-0.295166015625,-0.7486282578875172,0.295166015625,0.7486282578875172,1924,1902,2705,2346,1938,1966,2705,2346,-34,-306,0,0,4800,4800,5000,4700,-30.04,9.96,-215.03,10.190914350571546,32.68389230909018,50.876960577647644,0.295474194299115,0.8339785754619671,0.4660201027570782
,1460,0,0.454833984375,-0.2486282578875172,-0.454833984375,0.2486282578875172,2413,2228,2216,2020,2414,2237,2249,2021,0,-18,-125,0,5000,5000,4900,5000,-39.09,32.61,-187.21,-19.136896126342634,11.987539590215796,59.84456431366004,-0.5162669124072131,0.30915022363247346,0.798683050015157
,1461,0,-0.482666015625,0.2513717421124828,0.482666015625,-0.2513717421124828,1801,2554,2828,1694,1837,2554,2827,1708,-139,0,14,-40,5000,4900,5000,5000,-38.36,51.39,-229.95000000000002,22.242060391091485,-9.63401368992298,59.37627884258789,0.6206442440176183,-0.26833746516457824,0.7367467184567896
,1462,0,0.267333984375,-0.5819615912208504,-0.267333984375,0.5819615912208504,2290,2011,2339,2237,2290,2056,2354,2238,0,-181,-43,0,5100,5000,4900,5000,-35.46,16.6,-199.61,-5.667849625991948,27.11442073260572,56.23634407711687,-0.14198939841151795,0.7356215069343787,0.6623443283325746
,1463,0,-0.107666015625,-0.08196159122085056,0.107666015625,0.08196159122085056,2046,2337,2583,1911,2057,2341,2582,1911,-29,-11,14,0,5000,5000,5000,5000,-44.07,36.65,-213.21,6.50702334981554,6.21760200969824,64.96503443048007,0.20163389645012667,0.15340205472432464,0.967373548019944
,1464,0,0.642333984375,0.41803840877914933,-0.642333984375,-0.41803840877914933,2535,2663,2094,1585,2535,2664,2139,1610,0,0,-191,-86,5000,4800,5100,4900,-33.59,59.61,-181.67000000000002,-26.458823599329463,-14.592998533264904,54.385079800767876,-0.6855197912057639,-0.41509123308948204,0.5981319955306339
,1465,0,-0.576416015625,-0.4152949245541838,0.576416015625,0.4152949245541838,1740,2119,2889,2129,1782,2146,2888,2131,-178,-83,15,-17,5000,4900,5000,4900,-33.83,25.330000000000002,-230.64000000000001,24.710145251654268,16.307072728151375,54.78398175169112,0.6871429940377493,0.4288091865239665,0.586478633282997
,1466,0,0.173583984375,0.08470507544581629,-0.173583984375,-0.08470507544581629,2229,2445,2400,1803,2229,2445,2413,1809,-2,0,-35,-23,5000,5000,5000,5000,-44.13,46.38,-200.38,-6.950197153631194,-2.6248075009781715,64.98529195038509,-0.18785955712942254,-0.10274299240281878,0.9768073834217526
,1467,0,-0.201416015625,0.5847050754458163,0.201416015625,-0.5847050754458163,1985,2771,2644,1477,1994,2771,2643,1521,-26,0,13,-179,5000,5000,4800,4900,-36.31,69.83,-215.57,6.661082497598983,-27.068061353478925,57.300800597132486,0.16825449431912526,-0.7283567127187149,0.6642190332857096
,1468,0,0.548583984375,-0.6930727023319616,-0.548583984375,0.6930727023319616,2474,1938,2155,2310,2475,1993,2189,2310,0,-240,-131,0,4800,4800,4900,4700,-29.77,16.12,-186.91,-18.27891034993192,28.433523534230094,50.48155344531747,-0.4740292064796267,0.7484947874573584,0.463736848388673
,1469,0,-0.388916015625,-0.1930727023319616,0.388916015625,0.1930727023319616,1862,2264,2767,1984,1893,2270,2767,1985,-111,-15,0,0,5000,5000,4900,4900,-40.14,33.42,-224.98000000000002,18.48693523906556,8.635257886704984,61.08594288912909,0.5445507297670664,0.224763600762781,0.8080506336129593
,1470,0,0.361083984375,0.3069272976680386,-0.361083984375,-0.3069272976680386,2351,2590,2278,1658,2351,2591,2302,1676,0,0,-82,-59,5000,5000,4900,4800,-40.49,56.660000000000004,-193.39000000000001,-14.60000799100743,-12.420376083975341,61.336274234867716,-0.38532711186021773,-0.38162766907847334,0.8401686372742047
,1471,0,-0.013916015625,-0.526406035665295,0.013916015625,0.526406035665295,2107,2047,2522,2201,2108,2090,2523,2202,0,-174,0,0,5000,4800,4800,5000,-37.15,17.6,-205.57,0.20289089418727713,25.71960198161018,57.9587221995385,0.024110501226295936,0.6984632035631613,0.7152397059719928
,1472,0,0.736083984375,-0.02640603566529498,-0.736083984375,0.02640603566529498,2596,2373,2033,1875,2597,2374,2093,1875,0,0,-293,0,5000,4900,5100,4800,-32.4,42.54,-174.92000000000002,-32.03623083044101,2.8898757570917013,53.1181405260067,-0.8248825600316961,0.05919801462660168,0.5621960131660692
,1473,0,-0.728759765625,0.4735939643347049,0.728759765625,-0.4735939643347049,1641,2699,2988,1549,1698,2700,2987,1577,-273,0,15,-93,4900,4900,5000,4800,-30.47,60.03,-237.71,29.439638525504392,-18.80017988922195,51.54713034445285,0.7634512069436259,-0.46722637461251176,0.44591677416617764
,1474,0,0.021240234375,-0.3597393689986283,-0.021240234375,0.3597393689986283,2130,2155,2499,2093,2131,2185,2500,2093,0,-99,0,0,5000,5000,5000,5000,-40.910000000000004,24.54,-208.82,2.95917381458014,18.587003711784703,61.75248634403051,0.10152966993129534,0.5184470922531565,0.8490608568635639
,1475,0,-0.353759765625,0.14026063100137176,0.353759765625,-0.14026063100137176,1885,2481,2744,1767,1913,2481,2743,1775,-94,0,15,-28,5000,5000,5000,4900,-41.38,46.910000000000004,-225.04,17.63089038476997,-4.824478419191216,62.36029989686819,0.5096291992233973,-0.1425310747020593,0.8485063182105334
,1476,0,0.396240234375,0.6402606310013716,-0.396240234375,-0.6402606310013716,2374,2807,2255,1441,2375,2807,2278,1486,0,0,-74,-190,4800,5000,5100,4700,-33.61,71.66,-196.45000000000002,-12.525540283606148,-27.61219234487905,54.50961308714029,-0.32221700998150643,-0.7412799640353063,0.5887955616327221
,1477,0,-0.541259765625,-0.637517146776406,0.541259765625,0.637517146776406,1763,1974,2866,2274,1795,2025,2866,2274,-119,-209,0,0,5000,5000,5000,5000,-30.21,16.2,-226.88,21.592071486104004,25.65946994612542,51.12212672045095,0.6067754690998547,0.6445109544858187,0.4652194747067572
,1478,0,0.208740234375,-0.13751714677640603,-0.208740234375,0.13751714677640603,2252,2300,2377,1948,2252,2306,2394,1948,-1,-13,-49,15,5000,4900,5000,4900,-43.32,35.35,-198.89000000000001,-7.688886292802636,8.478204460873094,64.1399732349541,-0.20882046438530624,0.21521912839394278,0.9539783752408939
,1479,0,-0.166259765625,0.36248285322359397,0.166259765625,-0.36248285322359397,2008,2626,2621,1622,2017,2627,2620,1648,-29,0,14,-84,5000,5000,5000,4900,-41.15,59.870000000000005,-215.41,7.14987846489214,-17.106151794226804,62.114763251291635,0.1961368874350313,-0.4972882259028408,0.8451240984409941
,1480,0,0.583740234375,-0.4708504801097394,-0.583740234375,0.4708504801097394,2497,2083,2132,2165,2497,2114,2171,2166,0,-107,-153,0,5000,4900,4900,4900,-33.92,25.53,-183.12,-22.715000698624266,19.312436131074563,54.636257646850495,-0.6013786972952135,0.5157693065532815,0.6101849595467416
,1481,0,-0.635009765625,0.02914951989026071,0.635009765625,-0.02914951989026071,1702,2409,2927,1839,1754,2410,2926,1840,-242,0,15,0,5000,4800,5000,4900,-34.88,40.95,-236.28,29.27857403272074,0.3453474569112771,55.90169586441341,0.7984694347806464,0.0030663525259786084,0.602027540236543
,1482,0,0.114990234375,0.5291495198902605,-0.114990234375,-0.5291495198902605,2191,2735,2438,1513,2192,2736,2442,1551,0,0,-17,-157,5100,5000,5000,4800,-37.97,68.09,-209.41,0.6245283855249113,-24.911867153220385,58.92549780669883,0.007135389793231124,-0.6869887462949701,0.7266330220108113
,1483,0,-0.260009765625,-0.30418381344307277,0.260009765625,0.30418381344307277,1946,2192,2683,2056,1961,2217,2683,2057,-41,-69,0,-17,5000,4900,5000,5000,-40.800000000000004,28.75,-219.1,12.93220358626968,13.69302887959585,61.70465837212549,0.38247914937670263,0.38576478349758164,0.8395803904958342
,1484,0,0.489990234375,0.19581618655692745,-0.489990234375,-0.19581618655692745,2435,2518,2194,1730,2436,2518,2229,1738,0,0,-139,-28,4900,5000,5000,4900,-39.03,50.370000000000005,-185.92000000000002,-21.62158637828219,-5.6451331398379025,59.82295999146959,-0.5811601728462904,-0.17431482666403095,0.794900745189208
,1485,0,-0.447509765625,0.6958161865569272,0.447509765625,-0.6958161865569272,1824,2844,2805,1404,1852,2845,2804,1450,-101,0,12,-197,5000,4800,4900,4800,-31.29,72.63,-224.92000000000002,15.82506965836896,-30.506569172524237,52.33482604065239,0.40060587394751324,-0.7794892290480581,0.48157187994816963
,1486,0,0.302490234375,-0.7301097393689986,-0.302490234375,0.7301097393689986,2313,1914,2316,2334,2313,1973,2329,2334,0,-270,-36,0,5100,4900,5000,5000,-30.91,11.49,-198.32,-6.588238070936853,32.28675610639149,51.66704085983129,-0.16898935433143297,0.8479862966515208,0.5023562867267459
,1487,0,-0.072509765625,-0.2301097393689987,0.072509765625,0.2301097393689987,2069,2240,2560,2008,2075,2249,2560,2009,-19,-19,6,0,5000,5000,5000,4900,-42.63,29.18,-209.42000000000002,3.2365167642741426,13.922039435958645,63.48718781503978,0.10950837320088591,0.37685130289889834,0.9197776968932757
,1488,0,0.677490234375,0.2698902606310014,-0.677490234375,-0.2698902606310014,2558,2566,2071,1682,2558,2567,2121,1697,0,0,-213,-42,4800,5000,4800,4900,-33.96,51.96,-178.39000000000001,-29.21710131480259,-6.738191316797369,54.71930672436006,-0.7600158713142096,-0.20821625655486145,0.6156475175429381
,1489,0,-0.681884765625,-0.563443072702332,0.681884765625,0.563443072702332,1671,2023,2958,2225,1725,2059,2958,2226,-249,-128,0,0,4900,4900,5100,5000,-28.95,19.71,-232.52,26.988494765903226,21.773523512926943,49.899287359147394,0.7190568733152067,0.5542339658789955,0.4192635495773508
,1490,0,0.068115234375,-0.06344307270233207,-0.068115234375,0.06344307270233207,2160,2349,2469,1899,2161,2352,2475,1899,-5,-10,-22,0,5000,5000,5000,4900,-44.54,38.17,-205.87,-0.9209710679580212,5.197406330807844,65.40206956213234,-0.027315417344294636,0.1302387262930681,0.9911063223231227
,1491,0,-0.306884765625,0.43655692729766793,0.306884765625,-0.43655692729766793,1916,2675,2713,1573,1937,2676,2712,1605,-59,0,13,-118,4900,4900,5000,5000,-38.81,62.14,-221.63,13.213831473230016,-19.797127228679543,59.81171632952864,0.3519035859713371,-0.5506258851455895,0.7569511217959518
,1492,0,0.443115234375,-0.39677640603566533,-0.443115234375,0.39677640603566533,2405,2131,2224,2117,2406,2158,2252,2118,0,-80,-103,0,5000,4800,5100,5000,-37.77,26.71,-188.85,-17.09631078638489,17.75971268422512,58.51790337613896,-0.457124634853583,0.48239464160630846,0.7472164866753805
,1493,0,-0.494384765625,0.10322359396433489,0.494384765625,-0.10322359396433489,1794,2457,2835,1791,1834,2457,2834,1794,-166,-5,14,-18,5000,5000,5000,5000,-38.78,44.0,-230.62,23.40696175992383,-2.3048503829275404,59.78096393038338,0.6620818414781029,-0.06889008544345945,0.7462585284688925
,1494,0,0.255615234375,0.6032235939643349,-0.255615234375,-0.6032235939643349,2283,2783,2346,1465,2283,2783,2359,1507,-4,0,-34,-176,5000,5000,5100,4900,-35.82,70.69,-203.36,-5.576607933359128,-27.104083597051414,56.751769346652864,-0.15117894154891884,-0.7425767785088956,0.6524757893221013
,1495,0,-0.119384765625,-0.6745541838134431,0.119384765625,0.6745541838134431,2038,1950,2591,2298,2039,2009,2591,2298,-13,-273,0,0,4900,4800,5000,5000,-32.93,12.01,-208.55,3.5735100928242787,31.08382599295141,53.73960772207644,0.11218336880960064,0.8162500157608293,0.5667016883096216
,1496,0,0.630615234375,-0.17455418381344312,-0.630615234375,0.17455418381344312,2527,2276,2102,1972,2527,2280,2150,1972,0,-8,-207,12,5000,4800,5000,5000,-35.37,38.76,-179.01,-27.714977202423682,6.393923252477258,56.099049486781745,-0.7295467952822619,0.15398863832641105,0.6663699968934365
,1497,0,-0.588134765625,0.3254458161865572,0.588134765625,-0.3254458161865572,1733,2602,2896,1646,1777,2603,2895,1663,-188,0,14,-51,5100,5000,4900,5000,-35.53,54.56,-233.70000000000002,25.78332886469991,-13.057765497611754,56.57313040606605,0.6976243729871522,-0.34366776142006317,0.6286594499208663
,1498,0,0.161865234375,-0.5078875171467765,-0.161865234375,0.5078875171467765,2222,2059,2407,2189,2222,2099,2415,2190,0,-154,-23,0,4900,5000,4900,5000,-37.69,18.84,-203.95000000000002,-1.4996491735537916,24.59322290358481,58.493724526937974,-0.023699095147862524,0.6756670720485031,0.7368258686002923
,1499,0,-0.213134765625,-0.00788751714677649,0.213134765625,0.00788751714677649,1977,2385,2652,1863,1995,2386,2651,1864,-53,0,10,-16,5000,4900,5000,5000,-43.46,40.64,-218.87,11.887883846173622,1.8532594545987493,64.39349757210556,0.3555227510601285,0.03285693451701668,0.9340899289323175
,1500,0,0.536865234375,0.4921124828532235,-0.536865234375,-0.4921124828532235,2466,2711,2163,1537,2467,2712,2200,1568,0,0,-140,-113,5000,4800,4900,4900,-34.81,64.02,-187.58,-20.865706402652563,-19.388011897851968,55.645828331470376,-0.5415676040517222,-0.5480863470505823,0.6374212786049939
,1501,0,-0.400634765625,-0.34122085048010975,0.400634765625,0.34122085048010975,1855,2168,2774,2080,1882,2191,2774,2081,-90,-66,0,-17,5000,4900,5000,5000,-38.49,27.68,-224.29,18.19365641747021,14.403982976460405,59.41801052490385,0.5332197665001465,0.3884637814084986,0.7515135202691564
,1502,0,0.349365234375,0.15877914951989036,-0.349365234375,-0.15877914951989036,2344,2494,2285,1754,2344,2494,2310,1762,0,0,-82,-28,5000,5000,5000,4900,-41.83,49.53,-192.25,-15.262945535944198,-5.225927480842778,62.65252767110147,-0.4119976613888562,-0.17067367674036038,0.8950577763910212
,1504,0,0.724365234375,-0.6189986282578875,-0.724365234375,0.6189986282578875,2588,1986,2041,2262,2589,2035,2091,2262,0,-204,-227,0,4900,5000,4600,5000,-28.240000000000002,22.13,-178.93,-26.638632701875395,22.97101138781884,48.92675337819442,-0.6850859872028242,0.599549048804415,0.41376095540305946
,1505,0,-0.705322265625,-0.11899862825788754,0.705322265625,0.11899862825788754,1656,2312,2973,1936,1715,2314,2972,1937,-287,-9,16,0,4800,5000,5000,5000,-32.910000000000004,39.92,-238.42000000000002,31.49266795422892,1.2230502833613954,53.93985339999838,0.846369484861606,0.029924026654032963,0.5317548755995647
,1506,0,0.044677734375,0.38100137174211257,-0.044677734375,-0.38100137174211257,2145,2638,2484,1610,2146,2639,2485,1638,0,-4,-15,-96,5000,5000,4800,5000,-41.07,61.76,-210.98000000000002,2.602923047392352,-18.69332009535819,62.017330119591634,0.061577917298701886,-0.5320481273212632,0.8444719949856779
,1507,0,-0.330322265625,-0.4523319615912209,0.330322265625,0.4523319615912209,1901,2095,2728,2153,1921,2131,2728,2155,-55,-135,0,-17,5000,4900,4800,5000,-37.51,22.19,-220.33,14.617763171204246,20.145715329933843,58.40430589712229,0.42641473524870754,0.5447829376620795,0.7220678807390964
,1508,0,0.419677734375,0.04766803840877909,-0.419677734375,-0.04766803840877909,2390,2421,2239,1827,2391,2422,2271,1829,0,0,-121,-16,4900,5000,5000,5000,-40.79,43.64,-188.02,-19.080950357786747,0.932929360514585,61.57646002078737,-0.5177547191806824,0.001619120770735855,0.8555275736141188
,1509,0,-0.517822265625,0.5476680384087791,0.517822265625,-0.5476680384087791,1778,2747,2851,1501,1813,2748,2850,1535,-137,0,14,-131,5000,4900,4900,5000,-33.64,65.68,-229.46,20.812108935994615,-23.871870501499345,54.689993293337274,0.5475807082610464,-0.6177386335172206,0.5644061911430531
,1510,0,0.232177734375,-0.2856652949245542,-0.232177734375,0.2856652949245542,2267,2204,2362,2044,2267,2228,2377,2046,0,-65,-36,-16,5000,5000,5000,5000,-41.85,29.76,-198.54,-7.65393075210747,14.074857256553159,62.654121427141085,-0.20092971735448464,0.3928840858379839,0.8973680091128152
,1511,0,-0.142822265625,0.21433470507544583,0.142822265625,-0.21433470507544583,2023,2530,2606,1718,2033,2530,2605,1732,-30,0,15,-44,5000,5000,5000,4900,-43.13,53.03,-214.8,6.993074723992919,-10.234954554824085,64.07439614652087,0.20662076036254629,-0.3043032156298166,0.9298964535605869
,1512,0,0.607177734375,0.7143347050754456,-0.607177734375,-0.7143347050754456,2512,2856,2117,1392,2512,2857,2155,1439,0,0,-142,-206,4900,4900,5000,4800,-28.46,72.98,-187.32,-21.698794288218892,-28.328194284884546,49.31725791932236,-0.5308392099074305,-0.7398221977540622,0.4133676921763526
,1513,0,-0.611572265625,-0.7115912208504801,0.611572265625,0.7115912208504801,1717,1926,2912,2322,1758,1979,2911,2322,-165,-227,14,0,4800,5000,4900,4800,-26.89,13.530000000000001,-228.4,23.304727045431434,28.211385269294368,47.80305469374221,0.6318948177214972,0.6888462768785786,0.35524603610348277
,1514,0,0.138427734375,-0.2115912208504802,-0.138427734375,0.2115912208504802,2206,2252,2423,1996,2206,2261,2434,1997,0,-18,-30,0,5000,5000,5000,5000,-42.89,30.82,-203.3,-2.9813499253080806,12.699242910804728,63.72064549569177,-0.07468231496993037,0.3394509879903881,0.9376542958804598
,1515,0,-0.236572265625,0.28840877914952,0.236572265625,-0.28840877914952,1962,2578,2667,1670,1978,2579,2666,1692,-47,0,15,-69,5000,5000,5000,5000,-41.63,55.39,-219.14000000000001,11.171202273718194,-12.886540413710051,62.602138488642076,0.31621726176759796,-0.3838316597177377,0.867571265290944
,1516,0,0.513427734375,-0.5449245541838135,-0.513427734375,0.5449245541838135,2451,2035,2178,2213,2452,2073,2212,2214,0,-134,-132,0,5100,5000,4800,5000,-33.85,21.12,-187.32,-18.22681707332694,23.42893923088625,54.57617458057003,-0.4792678864434887,0.6324275969624845,0.6085537179446431
,1517,0,-0.424072265625,-0.04492455418381347,0.424072265625,0.04492455418381347,1840,2361,2789,1887,1873,2362,2789,1887,-120,0,12,0,5000,4900,5000,5000,-39.92,39.730000000000004,-227.78,20.855971611227034,2.150193593415608,60.89592241844494,0.6043525723552418,0.040293502939293284,0.7956974311310072
,1518,0,0.325927734375,0.45507544581618653,-0.325927734375,-0.45507544581618653,2328,2687,2301,1561,2328,2687,2321,1592,0,0,-61,-109,5000,5000,5000,4900,-38.45,64.07000000000001,-197.13,-11.358526496025178,-20.071525564598872,59.333773462622716,-0.29553626118416304,-0.5716184127393477,0.7654480443130248
,1519,0,-0.049072265625,-0.37825788751714684,0.049072265625,0.37825788751714684,2084,2143,2545,2105,2086,2175,2546,2105,-14,-108,0,0,4900,5000,5000,4800,-40.71,24.07,-207.58,1.7546806717499805,19.138983168656637,61.54508589064037,0.06860279660581099,0.5344877141120004,0.8423874047973356
,1520,0,0.700927734375,0.12174211248285327,-0.700927734375,-0.12174211248285327,2573,2469,2056,1779,2574,2469,2110,1782,0,0,-258,-17,5100,5000,4700,4600,-33.63,45.67,-176.51,-30.6669354163395,-0.3366963999671668,54.3639985372636,-0.7967125651037911,-0.027665907530708682,0.6037248430918168
,1521,0,-0.658447265625,0.6217421124828533,0.658447265625,-0.6217421124828533,1687,2795,2942,1453,1736,2795,2941,1493,-220,0,14,-163,5000,5000,5100,4800,-29.6,67.2,-233.67000000000002,24.929464906239332,-25.683865402602194,50.67500209874326,0.6424008093292854,-0.6408788684239696,0.42023264530577775
,1522,0,0.091552734375,-0.6560356652949245,-0.091552734375,0.6560356652949245,2176,1962,2453,2286,2176,2020,2454,2286,0,-264,-14,0,5000,4800,4800,4800,-33.61,12.77,-207.28,2.2518690021119596,30.413149114910844,54.415149987669444,0.08002693936092754,0.8039756012532012,0.5892528502825222
,1523,0,-0.283447265625,-0.15603566529492463,0.283447265625,0.15603566529492463,1931,2288,2698,1960,1952,2293,2697,1961,-65,-13,13,0,5000,5000,5000,4900,-41.69,33.97,-221.12,14.591184380517092,8.351253072698341,62.617956764307756,0.43296565677213367,0.21635347640944438,0.8750610911824516
,1525,0,-0.470947265625,-0.4893689986282579,0.470947265625,0.4893689986282579,1809,2071,2820,2177,1841,2103,2820,2178,-118,-113,0,0,5000,4900,5100,4900,-34.62,20.94,-225.22,19.594846183497197,21.054832439013815,55.535708544630495,0.5607423800261221,0.5485366065226871,0.6202221977220869
,1526,0,0.279052734375,0.010631001371742221,-0.279052734375,-0.010631001371742221,2298,2397,2331,1851,2298,2399,2352,1853,0,-3,-65,-16,5000,5000,5000,5000,-43.12,42.34,-194.66,-12.379720823994859,1.7888367456415253,63.93642724164454,-0.33678394392305044,0.021290514966177683,0.9413412182031071
,1527,0,-0.095947265625,0.5106310013717419,0.095947265625,-0.5106310013717419,2053,2723,2576,1525,2057,2724,2575,1562,-17,0,12,-145,4900,5000,4800,5000,-38.33,67.29,-210.76,2.023659705076426,-24.20370383332343,59.2902391712334,0.05207505897738045,-0.6706948859549837,0.7399030735078302
,1528,0,0.654052734375,-0.32270233196159126,-0.654052734375,0.32270233196159126,2542,2180,2087,2068,2542,2201,2133,2068,0,-52,-195,0,5000,4800,5100,4900,-34.11,33.8,-179.03,-27.35437748651043,11.337661066151668,54.8266406395439,-0.7237708797571429,0.29589377986225945,0.6233799681208847
,1529,0,-0.564697265625,0.17729766803840885,0.564697265625,-0.17729766803840885,1748,2506,2881,1742,1791,2506,2880,1747,-177,0,14,-22,5000,5000,5000,5000,-36.730000000000004,47.68,-233.41,25.952259168690034,-6.170469143303919,57.75427877961275,0.7209863446859059,-0.16246912286796214,0.6736337839590374
,1530,0,0.185302734375,0.6772976680384086,-0.185302734375,-0.6772976680384086,2237,2832,2392,1416,2237,2833,2400,1468,0,0,-24,-232,5000,4900,4800,4900,-33.88,73.96000000000001,-207.61,-1.547529114131578,-30.658782357620055,54.84136609339355,-0.04795938537164228,-0.8133603914088384,0.5797799332867908
,1531,0,-0.189697265625,-0.600480109739369,0.189697265625,0.600480109739369,1992,1999,2637,2249,1999,2050,2637,2249,-21,-219,0,0,5000,4800,4800,5000,-35.13,15.25,-212.11,6.896189815591612,27.617424614026394,55.965604339346456,0.21240793223419036,0.7365758289760598,0.6421362149047707
,1532,0,0.560302734375,-0.10048010973936905,-0.560302734375,0.10048010973936905,2481,2324,2148,1924,2482,2326,2194,1925,0,-7,-193,0,4900,4900,4800,5000,-37.65,41.0,-181.89000000000001,-25.0036762022535,3.971327707010225,58.39910985763284,-0.6669890944134518,0.08037575896550903,0.7407194376444033
,1533,0,-0.377197265625,0.39951989026063095,0.377197265625,-0.39951989026063095,1870,2650,2759,1598,1896,2651,2759,1620,-86,0,0,-77,4900,5000,5000,4900,-38.480000000000004,60.38,-224.23000000000002,15.928188217949497,-18.21742298044589,59.49031012157913,0.43905907145833883,-0.5008097821471803,0.7459334379660395
,1534,0,0.372802734375,-0.43381344307270236,-0.372802734375,0.43381344307270236,2359,2107,2270,2141,2359,2139,2293,2142,0,-113,-77,0,4900,5000,4900,5000,-38.07,24.310000000000002,-192.55,-13.244347118090388,19.90557639106227,58.83038513531609,-0.3485207200310355,0.5506870984110999,0.7584701888357984
,1535,0,-0.002197265625,0.06618655692729769,0.002197265625,-0.06618655692729769,2115,2433,2514,1815,2118,2433,2515,1822,-14,-3,0,-24,5000,5000,5000,5000,-44.75,46.2,-208.14000000000001,0.8011849796293404,-2.9667640963508575,65.64373003483261,0.03857626005846966,-0.11163092938371175,0.9930007088440722
,1536,0,0.747802734375,0.5661865569272977,-0.747802734375,-0.5661865569272977,2603,2759,2026,1489,2604,2759,2081,1524,0,0,-263,-130,5000,4900,4700,5000,-28.63,65.42,-179.86,-28.63260779095407,-20.28186297406549,49.43076010353015,-0.7156906853333423,-0.5511363653422446,0.4289936476504403
,1537,0,-0.747802734375,-0.2671467764060357,0.747802734375,0.2671467764060357,1629,2216,3000,2032,1687,2231,2999,2033,-279,-36,14,0,5000,4800,4900,5000,-30.86,34.52,-238.94,32.38561846260703,6.569807553480722,51.87885216661363,0.865406106458762,0.16866302935529648,0.4718315943560583
,1538,0,0.002197265625,0.23285322359396443,-0.002197265625,-0.23285322359396443,2117,2542,2512,1706,2118,2542,2513,1723,0,-2,0,-52,5000,4900,5000,4900,-43.33,54.72,-211.07,3.156654357354455,-11.66898518298541,64.2599626519492,0.08221568184914366,-0.3460930296221568,0.9345909246857886
,1539,0,-0.372802734375,0.7328532235939642,0.372802734375,-0.7328532235939642,1873,2868,2756,1380,1893,2869,2755,1432,-58,0,13,-238,5000,4900,5100,4700,-30.86,74.57000000000001,-221.91,12.693182128111346,-32.240385718983845,51.894643486432045,0.3229528617518003,-0.8225756474953598,0.46804994737091155
,1540,0,0.377197265625,-0.7424554183813443,-0.377197265625,0.7424554183813443,2362,1906,2267,2342,2362,1967,2285,2342,0,-285,-55,0,5000,5000,4900,5000,-30.22,12.07,-194.97,-9.96635751097287,31.93202363167425,50.96172254854787,-0.2574885450822616,0.8380665044919742,0.4809825186012733
,1541,0,-0.560302734375,-0.24245541838134432,0.560302734375,0.24245541838134432,1751,2232,2878,2016,1791,2239,2877,2017,-163,-15,14,0,4900,5000,5000,5000,-35.94,32.49,-232.07,25.64372697627482,9.072996908596913,56.91920356695808,0.7202115156732415,0.23582514643330638,0.6524430036419753
,1542,0,0.189697265625,0.2575445816186557,-0.189697265625,-0.2575445816186557,2240,2558,2389,1690,2240,2558,2402,1708,0,0,-36,-56,5000,5000,5000,5000,-42.78,55.07,-201.69,-6.2228242991863,-11.387191363513494,63.66383147946768,-0.1684848574494052,-0.3525886655706,0.9204857878975627
,1543,0,-0.185302734375,-0.5757887517146776,0.185302734375,0.5757887517146776,1995,2015,2634,2233,2002,2063,2634,2234,-21,-196,0,0,4800,4800,4900,4900,-35.75,16.080000000000002,-212.24,6.966912255643251,26.782322787624224,56.5883428687574,0.20637451524772243,0.7185038880013711,0.6642000620168453
,1544,0,0.564697265625,-0.0757887517146777,-0.564697265625,0.0757887517146777,2484,2341,2145,1907,2485,2342,2191,1907,0,0,-196,0,5000,5000,5000,5000,-37.52,41.52,-181.66,-25.267596235873043,3.4676527650089852,58.269272387485245,-0.6732740873315495,0.06502085117532556,0.7365285413616394
,1545,0,-0.654052734375,0.4242112482853222,0.654052734375,-0.4242112482853222,1690,2667,2939,1581,1739,2668,2938,1605,-221,0,14,-80,4800,4800,5000,4900,-32.71,58.6,-235.38,27.20060497430083,-17.209908082857154,53.771802081690986,0.7258774309928522,-0.43709189811718785,0.5310862714997744
,1546,0,0.095947265625,-0.409122085048011,-0.095947265625,0.409122085048011,2179,2123,2450,2125,2179,2157,2454,2126,0,-118,-17,0,5000,5000,5000,5000,-40.14,22.94,-206.34,0.5964929429692916,20.348399819407575,60.96602410655494,0.033174933213924986,0.5677197187470916,0.82255318657943
,1547,0,-0.279052734375,0.09087791495198916,0.279052734375,-0.09087791495198916,1934,2449,2695,1799,1956,2449,2694,1806,-68,0,15,-23,5000,5000,5000,5000,-42.57,44.99,-221.82,14.542018238385339,-2.688305651852531,63.52928867840965,0.42791288676892464,-0.08784570876553745,0.8995408233029594
,1548,0,0.470947265625,0.5908779149519889,-0.470947265625,-0.5908779149519889,2423,2775,2206,1473,2424,2775,2234,1512,0,-3,-99,-155,5000,5000,5100,5000,-33.8,69.03,-191.74,-17.048279861610723,-24.67001468234858,54.66935447707423,-0.43396278044702735,-0.6719050200287439,0.6001832630512601
,1549,0,-0.466552734375,-0.6868998628257887,0.466552734375,0.6868998628257887,1812,1942,2817,2306,1841,1996,2817,2306,-104,-234,0,0,5000,5000,5100,5000,-30.14,13.41,-222.81,17.719915231861393,28.717379264256756,51.02467650333913,0.5051958873115658,0.7255882001851057,0.46722465602279534
,1550,0,0.283447265625,-0.18689986282578885,-0.283447265625,0.18689986282578885,2301,2268,2328,1980,2301,2276,2349,1980,-4,-16,-65,15,5000,5000,5000,4900,-42.24,33.71,-195.33,-11.124899120436424,10.351456205319188,63.03800057183321,-0.3005862600160346,0.26694457853143133,0.9156355673969031
,1551,0,-0.091552734375,0.31310013717421126,0.091552734375,-0.31310013717421126,2056,2594,2573,1654,2061,2595,2572,1677,-15,0,13,-79,5000,4900,5000,5000,-42.29,57.95,-212.0,3.871682823423072,-14.957308740111287,63.23280031017326,0.11056175436948913,-0.4495910499523233,0.8863656053082769
,1552,0,0.658447265625,-0.5202331961591221,-0.658447265625,0.5202331961591221,2545,2051,2084,2197,2545,2085,2128,2198,0,-123,-179,0,4900,5000,5000,4900,-31.330000000000002,24.67,-180.51,-25.248504658170702,20.339084603221885,52.03104160943629,-0.6600896159063471,0.538113454050181,0.5241331982834084
,1554,0,0.049072265625,0.4797668038408778,-0.049072265625,-0.4797668038408778,2148,2703,2481,1545,2149,2704,2482,1583,0,0,-14,-149,5000,4900,4800,4800,-39.07,65.96000000000001,-211.92000000000002,3.267139143812699,-22.95284985919791,60.032683257245665,0.07659372656879328,-0.6373000520299851,0.7667998726740135
,1555,0,-0.325927734375,-0.3535665294924555,0.325927734375,0.3535665294924555,1904,2160,2725,2088,1923,2187,2725,2088,-52,-82,0,0,5000,5000,5000,4800,-39.19,26.73,-221.59,15.560533675945123,15.535899629105366,60.10206411895067,0.4544866905689681,0.4272260693074795,0.7816135450462389
,1556,0,0.424072265625,0.14643347050754452,-0.424072265625,-0.14643347050754452,2392,2485,2237,1763,2393,2485,2267,1769,0,0,-116,-25,5000,5000,5000,4900,-40.62,48.410000000000004,-188.67000000000002,-18.75335911298899,-3.870512641894564,61.42177031258585,-0.5088818423825074,-0.1287034692196339,0.8511607882792854
,1557,0,-0.513427734375,0.6464334705075445,0.513427734375,-0.6464334705075445,1781,2811,2848,1437,1814,2811,2847,1480,-123,0,13,-180,5100,4900,5100,5000,-31.63,69.78,-228.43,19.51762803752152,-27.898804206051537,52.685217958635185,0.5005752356718403,-0.7108184673874531,0.4941270482912607
,1558,0,0.236572265625,-0.6313443072702332,-0.236572265625,0.6313443072702332,2270,1978,2359,2270,2270,2032,2371,2270,0,-236,-31,0,5100,5000,5100,5000,-34.47,14.81,-200.89000000000001,-4.265258958640828,28.811188096984477,55.24825504720169,-0.09680549487639782,0.7748701831249788,0.6246638259620909
,1559,0,-0.138427734375,-0.13134430727023327,0.138427734375,0.13134430727023327,2026,2304,2603,1944,2035,2309,2602,1945,-27,-12,15,0,5000,5000,5000,4900,-43.44,34.36,-214.48000000000002,7.931623187224062,8.41493245380574,64.33562659556382,0.24244455177503751,0.21797641408617074,0.9453607365533726
,1560,0,0.611572265625,0.36865569272976684,-0.611572265625,-0.36865569272976684,2515,2630,2114,1618,2515,2631,2157,1639,0,0,-176,-64,5000,5000,4800,4900,-34.93,57.6,-182.38,-25.621346106167465,-12.631633298216144,55.72354080624735,-0.6675327368853964,-0.3727760342219411,0.6445448576290509
,1561,0,-0.607177734375,-0.46467764060356653,0.607177734375,0.46467764060356653,1720,2087,2909,2161,1764,2116,2909,2162,-184,-101,0,0,5000,5000,5000,4900,-32.14,23.52,-231.31,25.508863309817315,18.06293075606277,53.092795171392154,0.7085525498234245,0.4618722954191028,0.5335047018190306
,1562,0,0.142822265625,0.03532235939643347,-0.142822265625,-0.03532235939643347,2209,2413,2420,1835,2209,2414,2431,1839,0,0,-31,-17,5000,5000,5000,4900,-44.49,44.01,-201.65,-5.524984338441072,-0.34482972448758176,65.34566643633954,-0.14794639792516162,-0.04163567153420378,0.9881185830642318
,1563,0,-0.232177734375,0.5353223593964334,0.232177734375,-0.5353223593964334,1965,2739,2664,1509,1978,2740,2663,1547,-34,0,14,-151,5000,5000,5000,4800,-37.27,67.56,-217.26,8.495689903399807,-24.91446442224617,58.263523778719815,0.22237917145288227,-0.6777772424937913,0.7008320152942801
,1564,0,0.517822265625,-0.2980109739368999,-0.517822265625,0.2980109739368999,2454,2196,2175,2052,2455,2216,2209,2052,0,-50,-134,0,5000,4900,4900,4900,-37.7,32.910000000000004,-184.55,-21.80432672624022,11.863635519378917,58.442008868780924,-0.5874867403399623,0.3172481573530467,0.7444547914956433
,1566,0,0.330322265625,0.7019890260631001,-0.330322265625,-0.7019890260631001,2331,2848,2298,1400,2331,2849,2316,1450,0,0,-50,-219,4900,5000,5100,5000,-32.44,74.5,-201.1,-8.072093304824392,-30.76264599994157,53.37011680610972,-0.20851000719667123,-0.8188037335166503,0.5348682294528615
,1567,0,-0.044677734375,-0.7239368998628258,0.044677734375,0.7239368998628258,2087,1918,2542,2330,2088,1980,2543,2330,0,-292,0,0,4900,4900,5100,4700,-31.3,10.21,-206.57,1.7273299286709403,33.008588820779615,52.095160441651295,0.06358354094289027,0.858352196676029,0.5091057255449006
,1568,0,0.705322265625,-0.22393689986282583,-0.705322265625,0.22393689986282583,2576,2244,2053,2004,2577,2250,2108,2004,0,-9,-261,12,5000,5000,5100,5000,-33.19,37.5,-176.56,-30.063847833213515,7.810041338241632,53.90361870286167,-0.7824932665836986,0.2004890018061807,0.5894984715043233
,1569,0,-0.724365234375,0.27606310013717406,0.724365234375,-0.27606310013717406,1644,2570,2985,1678,1702,2571,2984,1691,-279,0,14,-37,5100,4900,4800,4800,-32.22,50.61,-238.94,31.29375809400571,-9.479609855071544,53.27947409330814,0.828216709211971,-0.23634435768582196,0.5081322929830085
,1570,0,0.025634765625,-0.5572702331961592,-0.025634765625,0.5572702331961592,2133,2027,2496,2221,2134,2073,2497,2222,0,-186,0,0,5000,5000,4900,5000,-36.31,16.29,-208.97,3.6875273359861183,26.794924406206096,57.13247129839001,0.12219128822554509,0.7220001509603151,0.6810176731150697
,1571,0,-0.349365234375,-0.057270233196159204,0.349365234375,0.057270233196159204,1888,2353,2741,1895,1915,2354,2740,1895,-88,0,15,0,4900,5000,5000,5000,-41.24,38.71,-225.06,18.204620747750596,3.355071547738163,62.199689159058515,0.5333913976717511,0.07280578618850174,0.8427294550371724
,1572,0,0.400634765625,0.4427297668038408,-0.400634765625,-0.4427297668038408,2377,2679,2252,1569,2378,2680,2277,1598,0,0,-84,-101,5000,5000,5000,4900,-37.9,62.9,-193.31,-15.08820686903428,-18.648153134181683,58.76167623354467,-0.39376825949404587,-0.539215908031426,0.7444412416980094
,1573,0,-0.536865234375,-0.39060356652949246,0.536865234375,0.39060356652949246,1766,2135,2863,2113,1803,2161,2863,2115,-142,-79,14,-16,5000,5000,4900,4900,-35.04,26.39,-229.79,23.78474671408196,15.310271043718636,55.99237901607528,0.6705409096072473,0.39559081583136907,0.6276008245477035
,1574,0,0.213134765625,0.10939643347050776,-0.213134765625,-0.10939643347050776,2255,2461,2374,1787,2255,2461,2390,1793,0,-1,-47,-23,5000,5000,5000,5000,-43.69,48.02,-198.81,-8.62509734990391,-4.156447424640859,64.54157078031528,-0.23466854133495482,-0.14401819933528293,0.9613477175132559
,1575,0,-0.161865234375,0.6093964334705075,0.161865234375,-0.6093964334705075,2010,2787,2619,1461,2016,2787,2618,1507,-18,0,12,-200,5000,5000,4900,4900,-35.72,71.01,-213.71,4.72859840835568,-28.12162212109638,56.70446599830499,0.11384176134012858,-0.7574516771578184,0.6428895785014603
,1576,0,0.588134765625,-0.6683813443072703,-0.588134765625,0.6683813443072703,2499,1954,2130,2294,2499,2005,2167,2295,0,-211,-138,-15,5000,5100,4900,5000,-29.79,17.61,-184.85,-20.43479365630165,27.08590094698643,50.494989652633905,-0.5276411883475232,0.7116047284973945,0.46391107632752504
,1577,0,-0.630615234375,-0.16838134430727036,0.630615234375,0.16838134430727036,1705,2280,2924,1968,1756,2284,2923,1969,-233,-11,14,0,5000,4800,5000,5000,-34.800000000000004,36.84,-235.42000000000002,28.69815357726182,4.503742042122887,55.80700389766016,0.7876428553358393,0.11344084264215858,0.6055988009062134
,1578,0,0.119384765625,0.33161865569272986,-0.119384765625,-0.33161865569272986,2194,2606,2435,1642,2194,2607,2441,1664,0,0,-22,-74,5000,4900,5000,5000,-42.01,59.11,-206.51,-1.6826404700257456,-15.745229372040939,62.92821234318915,-0.048504426364624216,-0.46446056562913984,0.8842644986645672
,1580,0,0.494384765625,-0.0017146776406036235,-0.494384765625,0.0017146776406036235,2438,2389,2191,1859,2439,2390,2229,1859,0,0,-153,0,5000,5000,4900,4900,-39.19,41.75,-184.48,-22.477633826336813,3.052775840708094,59.95396431512586,-0.6044917139138526,0.056813404666164136,0.7945829125143147
,1581,0,-0.443115234375,0.4982853223593964,0.443115234375,-0.4982853223593964,1827,2715,2802,1533,1858,2716,2801,1563,-109,0,12,-110,5000,4900,5100,4900,-35.86,64.31,-226.53,17.970498415808265,-22.30105627226149,56.89180897790086,0.47704814240985044,-0.594001824909159,0.6477552792744341
,1582,0,0.306884765625,-0.335048010973937,-0.306884765625,0.335048010973937,2316,2172,2313,2076,2316,2197,2330,2077,0,-78,-52,-16,5000,5000,5000,4900,-40.44,28.41,-194.62,-11.467085967737319,15.682104772470588,61.22108174726756,-0.3056786691143932,0.43350981160271196,0.8477203515857301
,1583,0,-0.068115234375,0.16495198902606312,0.068115234375,-0.16495198902606312,2072,2498,2557,1750,2078,2498,2557,1761,-19,0,13,-35,5000,5000,5000,4900,-44.03,51.08,-211.17000000000002,3.498565768781873,-8.042029584468295,64.95125830007744,0.1077158099134852,-0.2505765303905612,0.9620856025905957
,1584,0,0.681884765625,0.6649519890260631,-0.681884765625,-0.6649519890260631,2561,2823,2068,1425,2562,2824,2115,1470,0,0,-197,-188,5000,5000,5000,4900,-28.310000000000002,70.10000000000001,-183.59,-25.225271722733112,-25.20364778531315,49.14128611510921,-0.6213683063847909,-0.6670075527985028,0.4110989568586237
,1585,0,-0.677490234375,-0.6128257887517147,0.677490234375,0.6128257887517147,1674,1990,2955,2258,1724,2037,2955,2258,-221,-186,14,0,4900,4900,4900,4800,-28.080000000000002,18.39,-232.12,26.682649329237904,23.11500148169194,49.02396146087344,0.7181840282505015,0.5739153393864376,0.39348809992531364
,1586,0,0.072509765625,-0.11282578875171478,-0.072509765625,0.11282578875171478,2163,2316,2466,1932,2164,2322,2472,1933,0,-14,-19,0,5000,5000,5000,5000,-44.21,35.230000000000004,-205.81,-0.7809328542151661,8.133804315603449,65.06434752616188,-0.013839962214546907,0.20506840474732863,0.9786497866041178
,1587,0,-0.302490234375,0.38717421124828544,0.302490234375,-0.38717421124828544,1919,2642,2710,1606,1940,2643,2709,1634,-64,0,14,-95,4900,5000,5000,4900,-39.71,59.76,-221.65,13.389971230756942,-17.42133133909826,60.705790530513674,0.36452372447428116,-0.49135763180518016,0.7910057723949955
,1588,0,0.447509765625,-0.44615912208504804,-0.447509765625,0.44615912208504804,2408,2099,2221,2149,2409,2130,2250,2150,0,-107,-107,0,5000,4900,5000,4800,-36.89,24.560000000000002,-189.25,-16.54795472060212,19.875318815635474,57.634491625108794,-0.4392767438347796,0.5431126113306947,0.7155869155731305
,1589,0,-0.489990234375,0.05384087791495196,0.489990234375,-0.05384087791495196,1797,2425,2832,1823,1837,2426,2832,1825,-161,0,6,-17,5000,5000,5000,4900,-38.76,41.85,-230.53,23.462284464704055,-0.1537414754104418,59.75508215423879,0.6651255275043216,-0.013012491046446837,0.7466181806913523
,1590,0,0.260009765625,0.5538408779149517,-0.260009765625,-0.5538408779149517,2286,2751,2343,1497,2286,2751,2357,1535,0,0,-36,-151,5000,5000,5100,4800,-36.910000000000004,68.83,-202.11,-6.703553579836836,-25.16091253413643,57.830787293739355,-0.1769828884678978,-0.6941315445591903,0.6977524317674801
,1591,0,-0.114990234375,-0.2794924554183814,0.114990234375,0.2794924554183814,2041,2208,2588,2040,2045,2233,2588,2042,-16,-75,0,-17,5000,5000,5000,4900,-42.300000000000004,29.01,-212.20000000000002,6.023214077305028,13.903231047904804,63.17070032700077,0.18994048658558887,0.39602007847859855,0.8983822733098835
,1592,0,0.635009765625,0.2205075445816187,-0.635009765625,-0.2205075445816187,2530,2534,2099,1714,2530,2534,2146,1724,0,0,-206,-30,5000,5000,5000,5000,-35.37,50.67,-179.79,-27.740106372256207,-5.541516113809394,56.13304446462381,-0.728979546387695,-0.1684767329032755,0.6634790210840338
,1593,0,-0.583740234375,0.7205075445816185,0.583740234375,-0.7205075445816185,1735,2860,2894,1388,1774,2861,2893,1433,-157,0,12,-193,4700,5000,5000,5000,-28.71,72.23,-229.89000000000001,20.8231382868845,-30.450022474736045,49.778771961486996,0.5265924396284393,-0.757228163748878,0.38640123000796944
,1594,0,0.166259765625,-0.7054183813443072,-0.166259765625,0.7054183813443072,2224,1930,2405,2318,2224,1991,2411,2318,-3,-285,-18,0,4800,4800,4900,5000,-32.11,11.38,-204.74,-0.18131232662361185,31.9669838214594,52.89892891994291,0.011443925089017447,0.8408759874753325,0.5411068381252833
,1595,0,-0.208740234375,-0.20541838134430734,0.208740234375,0.20541838134430734,1980,2256,2649,1992,1994,2264,2648,1993,-36,-16,15,0,5000,5000,5000,5000,-42.14,31.17,-217.06,10.727167402494388,11.419951555623946,63.040523225876214,0.32003827562680476,0.306345090277684,0.8965088888553082
,1596,0,0.541259765625,0.29458161865569266,-0.541259765625,-0.29458161865569266,2469,2582,2160,1666,2470,2583,2199,1683,0,0,-151,-51,5000,4800,5000,4900,-37.35,54.49,-184.62,-23.18839260979368,-9.672869732437121,58.14687640956384,-0.6143206423554699,-0.29392613702098624,0.7322687855916585
,1597,0,-0.396240234375,-0.5387517146776406,0.396240234375,0.5387517146776406,1858,2039,2771,2209,1885,2076,2771,2210,-88,-133,0,0,5000,5000,5000,5000,-34.84,18.19,-221.13,15.698636549007972,24.07501066655913,55.72825453387646,0.4503477839789129,0.634186998314681,0.6284852620657848
,1599,0,-0.021240234375,0.4612482853223594,0.021240234375,-0.4612482853223594,2102,2691,2527,1557,2103,2692,2527,1594,0,0,14,-140,5000,4900,5000,4800,-39.54,65.36,-207.95000000000002,-0.6555730984110255,-22.085146252670953,60.48125779500746,-0.017899349954246583,-0.6188347708299736,0.7853172223267675
,1600,0,0.728759765625,-0.372085048010974,-0.728759765625,0.372085048010974,2591,2147,2038,2101,2592,2171,2091,2101,0,-64,-245,0,5000,5000,5000,4700,-31.69,32.55,-176.55,-29.732694411914082,12.745139087982686,52.3910885008285,-0.7739710996667242,0.3324338030061486,0.5389401669012528
,1602,0,0.013916015625,0.6279149519890259,-0.013916015625,-0.6279149519890259,2125,2799,2504,1449,2126,2799,2505,1498,0,0,0,-219,4900,5000,5000,4700,-35.2,72.17,-212.59,3.535431191783772,-29.204932477398316,56.18178955419543,0.07806326466616734,-0.7790800339858807,0.6220453579556875
,1603,0,-0.361083984375,-0.6498628257887518,0.361083984375,0.6498628257887518,1881,1966,2748,2282,1899,2019,2748,2282,-52,-231,0,0,5000,4900,5000,4800,-32.45,14.06,-219.37,14.2327859348664,28.307450943525236,53.31903655309187,0.4088298917919221,0.7313151932312856,0.5459269252624322
,1604,0,0.388916015625,-0.14986282578875176,-0.388916015625,0.14986282578875176,2370,2292,2259,1956,2371,2297,2289,1957,0,-12,-111,0,4900,4900,5000,4800,-41.07,36.84,-189.89000000000001,-16.757915737074796,7.592112557796362,61.84865351081561,-0.45690414734730145,0.1855453894063873,0.869949141390959
,1605,0,-0.548583984375,0.35013717421124824,0.548583984375,-0.35013717421124824,1758,2618,2871,1630,1796,2619,2870,1649,-153,0,13,-60,5000,5000,5000,4900,-36.01,55.94,-232.19,24.181383712967204,-14.33141496181068,57.04903877244112,0.6602579041697999,-0.37878752204672106,0.6485210198004443
,1606,0,0.201416015625,-0.4831961591220851,-0.201416015625,0.4831961591220851,2247,2075,2382,2173,2247,2112,2394,2174,0,-137,-31,0,4900,5000,5000,4900,-38.300000000000004,20.31,-202.03,-3.51735447799814,23.257799830736253,59.0978027676659,-0.08205303393724551,0.6443000768371784,0.7603582777936329
,1607,0,-0.173583984375,0.016803840877914977,0.173583984375,-0.016803840877914977,2003,2401,2626,1847,2016,2402,2625,1851,-37,0,3,-18,5000,5000,5000,5000,-43.82,42.11,-217.33,10.250516532960887,0.4914953801556834,64.74948477296925,0.3036307221017457,-0.007509481727764786,0.9527601966288016
,1608,0,0.576416015625,0.5168038408779148,-0.576416015625,-0.5168038408779148,2492,2727,2137,1521,2493,2728,2176,1552,0,0,-149,-120,5000,4900,4900,4700,-33.5,64.94,-186.11,-22.388067310048598,-20.210524440034504,54.330803470266346,-0.5743783614984014,-0.5658075216821447,0.5915668569572847
,1609,0,-0.642333984375,-0.31652949245541845,0.642333984375,0.31652949245541845,1697,2184,2932,2064,1746,2203,2931,2065,-220,-51,14,-16,5000,5000,4800,4700,-33.59,31.26,-234.58,28.242300104034996,10.124205400634835,54.57871677871294,0.7773309273029525,0.2641678068550732,0.5709395758569497
,1610,0,0.107666015625,0.1834705075445816,-0.107666015625,-0.1834705075445816,2186,2510,2443,1738,2186,2510,2450,1749,0,0,-24,-37,5000,5000,5000,5000,-43.84,52.15,-205.36,-2.3693892272528387,-8.718318084634362,64.7348373467151,-0.06868698703930971,-0.2698080661973173,0.9604611940241652
,1611,0,-0.267333984375,0.6834705075445815,0.267333984375,-0.6834705075445815,1942,2836,2687,1412,1955,2837,2686,1464,-35,0,12,-230,5000,5000,5000,5000,-33.28,73.39,-217.95000000000002,8.810147392305623,-30.789105439274763,54.291772350355195,0.2161858914043323,-0.8049901315984099,0.552498460076487
,1612,0,0.482666015625,-0.5943072702331962,-0.482666015625,0.5943072702331962,2431,2003,2198,2245,2431,2050,2226,2245,0,-192,-102,0,5000,5000,4800,5000,-33.34,19.43,-188.56,-16.87319904707647,25.030004189957253,54.068130059051676,-0.44397192117995676,0.6761690385730715,0.5879492873360305
,1613,0,-0.454833984375,-0.09430727023319618,0.454833984375,0.09430727023319618,1819,2329,2810,1919,1857,2331,2809,1918,-147,-9,13,15,4900,5000,4900,4900,-39.47,39.03,-228.98000000000002,22.102614639961786,2.766385387438312,60.45017716397083,0.6312070607251797,0.06664255778954732,0.7727460229479971
,1614,0,0.295166015625,0.4056927297668038,-0.295166015625,-0.4056927297668038,2308,2654,2321,1594,2308,2656,2339,1619,0,0,-54,-85,5000,4900,4900,4900,-39.81,61.88,-198.11,-10.239622480740877,-17.948721913041297,60.6931330403337,-0.2716463782600676,-0.5211545942604084,0.8090773350301298
,1615,0,-0.079833984375,-0.4276406035665295,0.079833984375,0.4276406035665295,2064,2111,2565,2137,2067,2148,2565,2139,-14,-139,0,-16,5000,4900,4900,4900,-39.730000000000004,21.98,-208.58,2.8980993356985323,21.153977547978513,60.56483520319589,0.09789400999855835,0.5841717050572376,0.8057047733611375
,1616,0,0.670166015625,0.07235939643347056,-0.670166015625,-0.07235939643347056,2553,2437,2076,1811,2553,2437,2128,1813,0,0,-234,-10,5000,5000,5000,4900,-34.51,43.72,-177.38,-29.671648795593512,1.5527007567155167,55.24342046494304,-0.7747923531815459,0.024930047854545712,0.6317240712252238
,1617,0,-0.689208984375,0.5723593964334703,0.689208984375,-0.5723593964334703,1667,2763,2962,1485,1720,2763,2961,1520,-239,0,14,-131,5100,4900,5100,4700,-29.96,65.0,-235.26,26.662478500097336,-23.595080055160878,51.037410233058424,0.6864139177373865,-0.5872918191169887,0.42886390934033086
,1618,0,0.060791015625,-0.2609739368998629,-0.060791015625,0.2609739368998629,2156,2220,2473,2028,2157,2243,2476,2030,0,-65,-16,-17,5000,5000,5000,5000,-42.800000000000004,29.51,-207.14000000000001,0.938655728745573,13.747036424352302,63.646588590848154,0.038871924227653065,0.38966911100789325,0.9201342062075282
,1619,0,-0.314208984375,0.2390260631001373,0.314208984375,-0.2390260631001373,1911,2546,2718,1702,1936,2546,2717,1718,-70,0,14,-47,5000,5000,5000,5000,-41.4,52.71,-222.92000000000002,15.12442980369596,-10.468225248739614,62.38432237560206,0.43225690985242826,-0.295783145128536,0.8518604903050155
,1620,0,0.435791015625,0.7390260631001371,-0.435791015625,-0.7390260631001371,2400,2872,2229,1376,2401,2873,2253,1426,0,0,-78,-224,5100,4800,5000,4600,-30.37,75.24,-196.26,-12.940926766391357,-31.180475617021713,51.27775471158201,-0.3263251831330016,-0.8209813178091075,0.468509925894462
,1621,0,-0.501708984375,-0.7362825788751715,0.501708984375,0.7362825788751715,1789,1910,2840,2338,1818,1968,2840,2338,-103,-264,0,0,4900,5100,5000,4800,-28.39,11.99,-223.83,18.841816019452835,30.060351960447818,49.27623063340577,0.526307382958122,0.7478579891971723,0.4046096472376006
,1622,0,0.248291015625,-0.23628257887517146,-0.248291015625,0.23628257887517146,2278,2236,2351,2012,2278,2246,2369,2013,0,-22,-50,0,5000,5000,5000,5000,-42.050000000000004,30.900000000000002,-197.65,-8.619754073916482,12.99804858927721,62.85253615726255,-0.23183559270507914,0.34543291977786506,0.9093560116306612
,1623,0,-0.126708984375,0.26371742112482854,0.126708984375,-0.26371742112482854,2033,2562,2596,1686,2040,2563,2595,1706,-22,0,14,-63,5000,4900,5000,5000,-42.88,55.2,-214.16,6.209378541634635,-12.357559926036984,63.82667305140209,0.17482556594796209,-0.3796830634770782,0.9084474628725844
,1624,0,0.623291015625,-0.5696159122085048,-0.623291015625,0.5696159122085048,2522,2019,2107,2229,2522,2058,2149,2230,0,-141,-166,0,5100,5000,4900,4800,-31.330000000000002,21.81,-182.73,-22.84067611195377,23.04284983771059,52.03494657974865,-0.5961560529853771,0.6108422498699247,0.5210275484681632
,1625,0,-0.595458984375,-0.06961591220850483,0.595458984375,0.06961591220850483,1728,2345,2901,1903,1775,2346,2900,1903,-210,0,13,0,5100,5000,5100,5000,-36.09,40.31,-234.9,27.939055750548647,1.0804108127998404,57.10314192419162,0.7647801990814757,0.020456291607133692,0.6439664488361042
,1626,0,0.154541015625,0.43038408779149506,-0.154541015625,-0.43038408779149506,2217,2671,2412,1577,2217,2672,2421,1608,0,0,-25,-117,5000,5000,5000,4900,-40.21,63.65,-206.06,-2.4291421832732,-20.249673340345552,61.13745280362981,-0.06725048677653184,-0.5762176731576623,0.8145247480396707
,1627,0,-0.220458984375,-0.4029492455418382,0.220458984375,0.4029492455418382,1972,2127,2657,2121,1983,2159,2657,2122,-28,-109,0,0,5000,4900,5000,4900,-39.480000000000004,23.64,-215.81,10.000787862865053,19.0094726178406,60.355277834747554,0.3034212829331368,0.523281345339945,0.7963115964761706
,1628,0,0.529541015625,0.09705075445816191,-0.529541015625,-0.09705075445816191,2461,2453,2168,1795,2462,2453,2209,1799,0,0,-162,-18,4900,5000,5000,4900,-38.480000000000004,45.06,-183.53,-23.64529227687666,-0.18763871364843965,59.24757401309927,-0.6331023735575044,-0.03197816417716319,0.7734072546929668
,1629,0,-0.407958984375,0.5970507544581618,0.407958984375,-0.5970507544581618,1850,2779,2779,1469,1876,2779,2778,1508,-86,0,13,-158,5100,5000,5000,5000,-34.2,68.85000000000001,-223.91,15.058287698647945,-26.658759779884534,55.23016855996853,0.39917165777311964,-0.700719038262566,0.5913161735036886
,1630,0,0.342041015625,-0.6807270233196159,-0.342041015625,0.6807270233196159,2339,1946,2290,2302,2339,2001,2308,2302,0,-241,-52,0,4800,5100,4800,4800,-32.34,13.82,-195.92000000000002,-9.146814392385352,30.128008431039675,53.09087219867941,-0.2289616962786489,0.8015703732591558,0.5523237079380005
,1631,0,-0.032958984375,-0.18072702331961588,0.032958984375,0.18072702331961588,2095,2272,2534,1976,2099,2280,2535,1976,-16,-16,0,15,5000,5000,5000,5000,-43.42,31.45,-208.06,1.7226989426301884,11.751190130863847,64.2760914196979,0.06915877339492349,0.31227376604373924,0.9474714555612583
,1632,0,0.717041015625,0.3192729766803841,-0.717041015625,-0.3192729766803841,2583,2598,2046,1650,2584,2599,2098,1666,0,0,-240,-50,4900,5000,4800,5000,-32.58,54.15,-177.57,-30.176274961105378,-8.871842203097572,53.34074957587885,-0.7792662638678839,-0.2645122964666338,0.5681349619723612
,1633,0,-0.712646484375,-0.5140603566529494,0.712646484375,0.5140603566529494,1651,2055,2978,2193,1706,2085,2978,2195,-260,-102,0,-17,5000,4800,5100,4800,-28.94,22.01,-234.57,28.878712645088086,19.340492621821667,49.90537440583047,0.7647216961112729,0.49142449932371374,0.41677654559864064
,1634,0,0.037353515625,-0.014060356652949246,-0.037353515625,0.014060356652949246,2140,2381,2489,1867,2141,2384,2493,1869,0,-10,-18,-17,5000,5000,5000,5000,-44.85,40.94,-207.41,0.42716614719330437,2.330755349202313,65.72678204847068,0.014736674024990274,0.03934934087193373,0.9991168399199492
,1635,0,-0.337646484375,0.4859396433470504,0.337646484375,-0.4859396433470504,1896,2707,2733,1541,1917,2708,2732,1577,-64,0,12,-136,5000,4800,4800,4800,-37.58,64.14,-222.57,14.02271998182772,-21.859473420041326,58.59150013244137,0.3754450915248563,-0.5954670499110725,0.7102534587878448
,1636,0,0.412353515625,-0.3473936899862826,-0.412353515625,0.3473936899862826,2385,2164,2244,2084,2386,2187,2271,2084,0,-64,-93,-5,5000,5000,5000,4900,-38.95,28.67,-189.98,-16.106802913760447,15.731350724552712,59.70850067605535,-0.43248499727864603,0.42781797096397123,0.7936803581097113
,1637,0,-0.525146484375,0.15260631001371738,0.525146484375,-0.15260631001371738,1774,2489,2855,1759,1814,2489,2854,1765,-162,0,14,-23,4900,4800,4900,4800,-37.95,46.13,-231.83,24.474530978223868,-4.513964985830363,58.962423378315364,0.6881255765300215,-0.12282841494035082,0.7151198301043444
,1638,0,0.224853515625,0.6526063100137174,-0.224853515625,-0.6526063100137174,2263,2815,2366,1433,2263,2815,2378,1481,0,0,-29,-213,4900,4800,5000,4700,-34.63,72.55,-205.69,-3.3716513963626937,-29.12037345167508,55.578167245385856,-0.09748629622337206,-0.7875375431206477,0.6085072228200274
,1639,0,-0.150146484375,-0.6251714677640603,0.150146484375,0.6251714677640603,2018,1982,2611,2266,2022,2038,2611,2266,-15,-252,0,0,5000,4900,5100,5000,-34.6,14.06,-210.22,5.093343830682414,28.93065341098659,55.42313177641694,0.15752223813609098,0.7672775385565678,0.6216686603964943
,1640,0,0.599853515625,-0.1251714677640604,-0.599853515625,0.1251714677640604,2507,2308,2122,1940,2507,2310,2169,1940,0,-6,-205,15,4800,4800,5000,4700,-36.46,40.550000000000004,-180.16,-26.693613581380134,4.53356757564908,57.199319048890075,-0.7058811113027565,0.09708075315864555,0.7016460532719717
,1641,0,-0.618896484375,0.3748285322359397,0.618896484375,-0.3748285322359397,1713,2634,2916,1614,1759,2635,2915,1634,-201,0,14,-63,5000,5000,5000,5000,-34.31,56.52,-234.48000000000002,26.435233366168887,-15.069384262783956,55.362010897276136,0.7102820971713566,-0.39214223837204226,0.5845714732369548
,1642,0,0.131103515625,-0.4585048010973937,-0.131103515625,0.4585048010973937,2201,2091,2428,2157,2201,2129,2434,2159,0,-144,-20,-17,5000,5000,5000,5000,-39.09,20.95,-205.12,-0.48141345905816024,22.413134360894063,59.90489778906922,0.002983583262146988,0.6207930591378261,0.7839687978211997
,1643,0,-0.243896484375,0.04149519890260622,0.243896484375,-0.04149519890260622,1957,2417,2672,1831,1977,2418,2671,1835,-60,-4,15,-18,5000,5000,5000,5000,-43.160000000000004,42.81,-220.23000000000002,13.09985098976236,-0.4043646777308112,64.10580169103567,0.38685438584426074,-0.027298203390446762,0.9217366718562923
,1644,0,0.506103515625,0.5414951989026062,-0.506103515625,-0.5414951989026062,2446,2743,2183,1505,2447,2744,2216,1538,0,0,-123,-128,5100,4900,4900,5000,-34.33,66.63,-189.74,-18.884379422530856,-22.139097399318757,55.183257297508,-0.4835725741229648,-0.6198699669842462,0.6179957844411553
,1645,0,-0.431396484375,-0.29183813443072704,0.431396484375,0.29183813443072704,1835,2200,2794,2048,1865,2221,2794,2049,-105,-54,0,-1,4900,5000,5000,5000,-38.58,30.560000000000002,-226.29,19.994383920353783,11.39593257898288,59.52531041583545,0.5822057190216633,0.305525325301317,0.7534525707289036
,1646,0,0.318603515625,0.20816186556927296,-0.318603515625,-0.20816186556927296,2324,2526,2305,1722,2324,2526,2327,1732,0,0,-67,-31,5000,4900,5000,5000,-41.9,52.33,-194.35,-13.35695422163684,-8.160961287567687,62.740127118398284,-0.3593680900655348,-0.2514957954076407,0.8986681482810699
,1647,0,-0.056396484375,0.708161865569273,0.056396484375,-0.708161865569273,2079,2852,2550,1396,2080,2853,2550,1450,0,0,13,-248,4900,5000,4900,5000,-32.78,75.4,-209.20000000000002,-0.05298395596071259,-32.20586875886862,53.752991875920635,-0.015234260436124058,-0.8437303841572162,0.5365509818823192
,1648,0,0.693603515625,-0.717764060356653,-0.693603515625,0.717764060356653,2568,1922,2061,2326,2569,1978,2104,2326,0,-244,-175,0,4800,5100,5100,5000,-26.48,17.56,-181.14000000000001,-24.116936412609107,27.376520413408212,47.16631648635443,-0.6147383316321212,0.704092759308461,0.35545769074751143
,1649,0,-0.665771484375,-0.21776406035665297,0.665771484375,0.21776406035665297,1682,2248,2947,2000,1736,2254,2946,2001,-253,-15,15,0,5000,4800,5000,5000,-33.62,34.92,-236.02,29.431987474627874,6.375527622646331,54.625180496461354,0.8070865346063416,0.16191032873806335,0.5677995870948297
,1650,0,0.084228515625,0.2822359396433469,-0.084228515625,-0.2822359396433469,2171,2574,2458,1674,2172,2575,2462,1695,0,0,-17,-64,5000,5000,5000,5000,-42.84,56.69,-207.81,-0.22639454195498843,-13.416045332370643,63.75860351987792,-0.010416340709977842,-0.40187662149146247,0.9156345782815443
,1651,0,-0.290771484375,-0.5510973936899863,0.290771484375,0.5510973936899863,1926,2031,2703,2217,1943,2074,2703,2218,-48,-170,0,0,5000,5000,4900,4900,-35.74,17.46,-217.09,11.712775684284168,25.07836754398429,56.60614299124832,0.340724089302192,0.6684614523642871,0.6611099618612778
,1652,0,0.459228515625,-0.05109739368998634,-0.459228515625,0.05109739368998634,2415,2357,2214,1891,2416,2358,2249,1891,0,0,-133,0,5000,4900,4900,5000,-40.02,41.24,-186.03,-20.900791948844955,3.459456388750091,60.79043345695491,-0.565019040548038,0.06425042929429754,0.8225724078484958
,1653,0,-0.478271484375,0.44890260631001366,0.478271484375,-0.44890260631001366,1804,2683,2825,1565,1837,2684,2824,1593,-123,0,14,-97,5000,5000,5100,5000,-36.2,61.44,-228.57,20.1977708292697,-19.5742031737597,57.2347809525939,0.5417959872531041,-0.5225115163824109,0.6583607092196406
,1654,0,0.271728515625,-0.38443072702331965,-0.271728515625,0.38443072702331965,2293,2139,2336,2109,2293,2167,2352,2110,-1,-88,-49,-17,5000,4900,5000,5000,-39.97,25.330000000000002,-197.38,-8.503383513534231,18.56760836053479,60.757145538054395,-0.2221524595731966,0.5188168336375963,0.8255164309932528
,1655,0,-0.103271484375,0.11556927297668051,0.103271484375,-0.11556927297668051,2049,2465,2580,1783,2058,2465,2580,1791,-26,0,0,-27,5000,5000,5000,5000,-44.17,48.06,-213.33,5.856647452089277,-5.174182803057555,65.09445611152074,0.1732828219452128,-0.169782223035043,0.9701273423422222
,1656,0,0.646728515625,0.6155692729766804,-0.646728515625,-0.6155692729766804,2538,2791,2091,1457,2538,2791,2134,1497,0,0,-174,-162,5100,5000,4700,5000,-30.150000000000002,68.29,-184.36,-24.34383753042718,-23.444443518159886,50.98054523526159,-0.6141325189845884,-0.6302434863118767,0.4750098915676337
,1657,0,-0.572021484375,-0.6622085048010974,0.572021484375,0.6622085048010974,1743,1958,2886,2290,1780,2008,2886,2290,-140,-213,0,0,4800,4600,4900,5000,-28.900000000000002,15.16,-227.5,22.287130641316594,26.651542128347334,49.812628512732964,0.6163188107339662,0.6629357187472883,0.4250498280725292
,1658,0,0.177978515625,-0.1622085048010974,-0.177978515625,0.1622085048010974,2232,2284,2397,1964,2232,2291,2411,1965,0,-14,-38,0,5000,5000,5000,5000,-43.36,33.61,-200.6,-5.86562888223952,10.099031666968749,64.18414995740861,-0.15481638177382506,0.2585955710682064,0.9534989347442233
,1659,0,-0.197021484375,0.3377914951989027,0.197021484375,-0.3377914951989027,1988,2610,2641,1638,2000,2611,2640,1662,-34,0,13,-77,5000,5000,4900,4900,-41.410000000000004,58.19,-217.07,8.918140345337406,-15.541187014235575,62.37883740669339,0.24363753093989732,-0.45615285900224983,0.855900299533529
,1660,0,0.552978515625,-0.49554183813443076,-0.552978515625,0.49554183813443076,2476,2067,2153,2181,2477,2100,2192,2182,0,-115,-153,0,5100,5000,5000,5000,-34.21,23.61,-185.13,-20.58149666889321,21.09333604017776,54.93147971390777,-0.5437624316916662,0.5645132435586819,0.6210050045914461
,1661,0,-0.384521484375,0.004458161865569243,0.384521484375,-0.004458161865569243,1865,2393,2764,1855,1896,2394,2764,1855,-112,0,0,0,5000,5000,4900,5000,-40.93,40.53,-226.28,19.300564598795347,1.4560619229188916,61.90040748537813,0.5574459542260025,0.020905772764735875,0.8299499724574796
,1662,0,0.365478515625,0.504458161865569,-0.365478515625,-0.504458161865569,2354,2719,2275,1529,2354,2720,2297,1562,0,0,-69,-124,5000,5000,5000,4900,-37.13,65.97,-196.06,-12.547856902879573,-21.898806849083087,58.01322952518436,-0.32425025685192405,-0.6231005986001529,0.7117635948512626
,1663,0,-0.009521484375,-0.32887517146776407,0.009521484375,0.32887517146776407,2110,2176,2519,2072,2111,2205,2520,2072,0,-88,0,0,5000,5000,4900,5000,-41.7,26.35,-206.4,0.4188100097933045,16.94658951709745,62.534913982344406,0.03357929132186664,0.47592697969712894,0.8788435248613315
,1664,0,0.740478515625,0.17112482853223598,-0.740478515625,-0.17112482853223598,2599,2502,2030,1746,2600,2502,2088,1751,0,0,-285,-19,4900,4800,5100,5000,-32.45,47.660000000000004,-175.43,-31.87298993934826,-2.252697878007723,53.183629601855486,-0.8221101670345955,-0.07856012382508237,0.5638822396590767
,1665,0,-0.741943359375,0.671124828532236,0.741943359375,-0.671124828532236,1632,2828,2997,1420,1686,2829,2996,1461,-245,0,12,-159,5100,4900,5000,4800,-26.75,68.28,-236.3,27.494366809824243,-26.946910406376787,47.84095983663309,0.6881942053543171,-0.6547972862700898,0.3124567963896233
,1666,0,0.008056640625,-0.6066529492455418,-0.008056640625,0.6066529492455418,2121,1995,2508,2253,2122,2047,2509,2253,0,-225,0,0,5100,4800,5000,5000,-35.09,14.49,-208.17000000000002,3.01666511994992,28.64128241675816,55.90393314922034,0.09708686567784615,0.7630861231312396,0.6389629951706016
,1667,0,-0.366943359375,-0.10665294924554192,0.366943359375,0.10665294924554192,1877,2320,2752,1928,1903,2323,2751,1929,-85,-10,8,0,5000,5000,5000,5000,-40.82,37.13,-225.4,18.652444524965574,4.907338757465837,61.777409187753754,0.5464137120793989,0.11997577351027312,0.828877475277392
,1668,0,0.383056640625,0.3933470507544583,-0.383056640625,-0.3933470507544583,2366,2646,2263,1602,2366,2647,2287,1626,0,0,-83,-78,5000,5000,5000,5000,-38.800000000000004,60.88,-193.39000000000001,-14.876486886706147,-16.635582495832296,59.656960587667385,-0.39116791777102955,-0.4805978732672298,0.7848651758854462
,1669,0,-0.554443359375,-0.43998628257887523,0.554443359375,0.43998628257887523,1755,2103,2874,2145,1791,2133,2874,2146,-138,-104,0,0,5000,5000,4900,5000,-33.86,24.32,-229.91,24.049797068662457,17.364084733164752,54.807770372437865,0.6727639643139032,0.4477853164680486,0.5889626122906712
,1670,0,0.195556640625,0.06001371742112471,-0.195556640625,-0.06001371742112471,2243,2429,2386,1819,2243,2431,2401,1823,0,0,-43,-19,5000,5000,5000,4900,-44.1,45.21,-199.18,-8.068387372856108,-1.376636074429804,64.94632114621157,-0.21666574105954495,-0.07148376281092757,0.9736251990912667
,1671,0,-0.179443359375,0.5600137174211246,0.179443359375,-0.5600137174211246,1999,2755,2630,1493,2006,2755,2629,1534,-23,0,14,-164,5000,4900,4900,4900,-36.92,68.87,-214.89000000000001,6.04444506871306,-26.0626493612358,57.90495703974534,0.14827192285251178,-0.7109281493480955,0.6874566192554341
,1672,0,0.570556640625,-0.27331961591220855,-0.570556640625,0.27331961591220855,2488,2212,2141,2036,2489,2231,2181,2037,0,-49,-153,-7,4900,5000,5000,4900,-36.75,34.93,-182.15,-24.330494372053238,10.007377940415118,57.48509464807618,-0.6522784578543583,0.2581193528328336,0.7126760927043213
,1673,0,-0.648193359375,0.22668038408779145,0.648193359375,-0.22668038408779145,1693,2538,2936,1710,1745,2538,2935,1719,-235,0,14,-27,4800,5000,4900,4900,-34.56,49.32,-236.52,28.955004254316634,-8.022663512064852,55.60404670584126,0.7811844092921836,-0.2036688929588603,0.5901439660961852
,1674,0,0.101806640625,0.7266803840877913,-0.101806640625,-0.7266803840877913,2182,2864,2447,1384,2182,2865,2448,1439,0,0,-12,-259,5000,4900,4800,4700,-32.15,75.92,-212.24,2.948026294613072,-32.93149488680436,53.13955549094822,0.056375233894942645,-0.8573518014059741,0.5116343632216488
,1675,0,-0.273193359375,-0.6992455418381345,0.273193359375,0.6992455418381345,1938,1934,2691,2314,1950,1993,2691,2314,-29,-272,0,0,4900,4800,4900,4900,-31.73,11.65,-214.66,9.699603698173377,31.027529230070748,52.569348001762265,0.28453550373177144,0.8027254989771301,0.5240909466953468
,1676,0,0.476806640625,-0.19924554183813448,-0.476806640625,0.19924554183813448,2427,2260,2202,1988,2428,2267,2237,1988,0,-13,-137,17,5000,4900,5000,4900,-39.14,35.53,-185.93,-20.611165090892598,9.160662465232981,59.8955225358978,-0.5566901981966926,0.22735906068408632,0.7990018027242344
,1677,0,-0.460693359375,0.3007544581618655,0.460693359375,-0.3007544581618655,1816,2586,2813,1662,1849,2587,2812,1679,-125,0,12,-55,5000,5000,4900,5000,-38.44,54.19,-228.93,21.03514545427086,-12.358612598182418,59.458236907418424,0.5828825300302058,-0.33841997965843834,0.7387285520091725
,1678,0,0.289306640625,-0.5325788751714677,-0.289306640625,0.5325788751714677,2305,2043,2324,2205,2305,2083,2340,2206,0,-148,-45,0,5000,5000,4900,5000,-36.64,19.0,-197.82,-7.621336037645875,24.843980977300355,57.41341423518412,-0.19382480759243528,0.6818506740316328,0.7053450235766632
,1679,0,-0.085693359375,-0.032578875171467736,0.085693359375,0.032578875171467736,2060,2369,2569,1879,2068,2372,2569,1880,-23,-11,1,-16,5000,5000,5000,5000,-44.49,39.62,-212.52,5.616243613688027,3.3021081375579087,65.38907091855248,0.17705506288886086,0.06887034428296612,0.981788358244162
,1680,0,0.664306640625,0.46742112482853204,-0.664306640625,-0.46742112482853204,2549,2695,2080,1553,2549,2696,2126,1582,0,-2,-190,-102,5100,5000,4800,4600,-32.28,61.800000000000004,-181.43,-26.839663137078503,-16.76556332837623,53.07942921292669,-0.684893941202609,-0.4725427866013299,0.5546382642182259
,1681,0,-0.695068359375,-0.3659122085048011,0.695068359375,0.3659122085048011,1663,2151,2966,2097,1717,2173,2965,2098,-249,-60,5,-16,4800,4900,5100,4900,-31.78,29.1,-236.06,29.873351660455086,12.174297490473187,52.77070869148497,0.8022123091201241,0.3185379386182225,0.5049643480058894
,1682,0,0.054931640625,0.134087791495199,-0.054931640625,-0.134087791495199,2152,2477,2477,1771,2154,2477,2481,1780,-1,-3,-17,-30,5000,5000,5000,4900,-44.43,49.6,-207.57,0.0047017971346576815,-6.321485042156894,65.32946594879442,-0.001961567775587683,-0.20328474416379091,0.9791176972367128
,1683,0,-0.320068359375,0.6340877914951988,0.320068359375,-0.6340877914951988,1907,2803,2722,1445,1926,2803,2721,1493,-52,0,13,-211,5000,5000,4800,4700,-34.44,70.8,-220.6,11.623175334173965,-28.380407038589937,55.45849674489155,0.2966624075499659,-0.7486406206744253,0.5928985048242826
,1684,0,0.429931640625,-0.6436899862825789,-0.429931640625,0.6436899862825789,2396,1970,2233,2278,2397,2023,2255,2278,0,-229,-71,0,5000,5000,5000,5000,-32.67,16.59,-191.52,-13.725176416335017,27.66199586994133,53.40580588401788,-0.35833723507876997,0.7419856879222453,0.5666142116772704
,1685,0,-0.507568359375,-0.1436899862825789,0.507568359375,0.1436899862825789,1785,2296,2844,1952,1826,2299,2843,1952,-166,-11,7,16,5000,5000,5000,4900,-38.22,37.0,-230.83,24.091344964745275,4.663422612127306,59.20434352201422,0.6783938422796045,0.12038739107334588,0.7247680117304215
,1686,0,0.242431640625,0.3563100137174211,-0.242431640625,-0.3563100137174211,2274,2622,2355,1626,2274,2623,2371,1649,0,0,-38,-74,5000,4900,4900,4900,-41.08,59.7,-200.31,-7.90375087833246,-15.918426972308126,61.968635416142995,-0.2113074432553928,-0.47330060159392306,0.855181679501905
,1687,0,-0.132568359375,-0.47702331961591227,0.132568359375,0.47702331961591227,2030,2079,2599,2169,2034,2118,2599,2170,-16,-150,0,-4,4900,5000,5000,5000,-38.410000000000004,19.93,-210.72,5.177853038846024,23.05121207740232,59.25040597598462,0.16085220650202997,0.6307208671806063,0.7591559493057883
,1688,0,0.617431640625,0.022976680384087844,-0.617431640625,-0.022976680384087844,2519,2405,2110,1843,2519,2406,2158,1844,0,-1,-208,0,5000,4900,5100,4800,-35.9,42.550000000000004,-179.31,-27.67386460211773,2.5938503687224994,56.64011864340397,-0.7293527404647037,0.04968753584224418,0.6823310990703497
,1689,0,-0.601318359375,0.5229766803840876,0.601318359375,-0.5229766803840876,1724,2731,2905,1517,1766,2732,2904,1547,-168,0,13,-111,5100,4900,5000,5000,-32.58,63.72,-232.85,24.331674456445768,-22.14798494271197,53.64205382587951,0.6383393168177709,-0.5643419539829185,0.523489327092123
,1690,0,0.148681640625,-0.3103566529492455,-0.148681640625,0.3103566529492455,2213,2188,2416,2060,2213,2214,2425,2060,0,-75,-25,0,5000,5000,5000,4900,-41.96,27.73,-202.9,-3.167516872580478,15.806512676026692,62.780849521088385,-0.07000856775111054,0.44151369015649206,0.894519123242111
,1691,0,-0.226318359375,0.18964334705075436,0.226318359375,-0.18964334705075436,1968,2514,2661,1734,1984,2514,2660,1746,-47,0,14,-35,5000,5000,5000,5000,-42.78,50.85,-219.27,11.601576936812052,-8.362374248343514,63.74130404180787,0.3322847512470354,-0.24769893823059433,0.9100725685834797
,1692,0,0.523681640625,0.6896433470507544,-0.523681640625,-0.6896433470507544,2457,2840,2172,1408,2458,2841,2205,1454,0,0,-119,-193,4900,4800,4800,4500,-30.63,72.38,-191.58,-17.418559444957225,-28.010645549670343,51.50706441472166,-0.4426500164185905,-0.7539869261665697,0.4853500573138002
,1693,0,-0.413818359375,-0.5881344307270233,0.413818359375,0.5881344307270233,1846,2007,2783,2241,1871,2054,2783,2241,-80,-191,0,0,5000,5000,5000,4800,-33.8,17.14,-221.97,16.61256212255094,25.06299545862095,54.68982971874598,0.4811651266439323,0.6511347286684603,0.5869443636526208
,1694,0,0.336181640625,-0.08813443072702332,-0.336181640625,0.08813443072702332,2335,2333,2294,1915,2335,2336,2320,1915,0,-10,-83,0,5000,5000,5000,5000,-42.17,39.56,-192.13,-14.711825179444531,4.7303991090900155,62.96673649855369,-0.3989800658761817,0.10190535549718541,0.9112794332993747
,1695,0,-0.038818359375,0.4118655692729767,0.038818359375,-0.4118655692729767,2091,2658,2538,1590,2093,2659,2538,1619,-14,0,13,-106,5000,5000,5000,5000,-40.56,62.79,-208.91,0.4706508376742988,-19.58283232356787,61.49956258533554,0.007275395960803621,-0.5701167904499004,0.821531444231271
,1696,0,0.711181640625,-0.4214677640603567,-0.711181640625,0.4214677640603567,2580,2115,2049,2133,2581,2145,2099,2134,0,-88,-227,0,5100,5000,5100,4900,-31.59,30.080000000000002,-177.48,-28.637735717585116,15.146502847234409,52.289513142272384,-0.7456891255894054,0.3953806731642252,0.5363038795924485
,1698,0,0.031494140625,0.5785322359396432,-0.031494140625,-0.5785322359396432,2137,2767,2492,1481,2138,2767,2492,1525,0,-2,0,-182,4900,5000,4900,5000,-36.56,69.93,-213.13,4.218714980528176,-27.00257017153767,57.53881701808968,0.08285081260571354,-0.7370919716808855,0.6706945416015835
,1699,0,-0.343505859375,-0.25480109739369,0.343505859375,0.25480109739369,1892,2224,2737,2024,1913,2245,2737,2025,-63,-58,0,0,5000,5000,5000,5000,-40.37,32.04,-223.52,17.122248769122336,10.11122741723917,61.30513409262188,0.4984672475648931,0.2851639644280491,0.8186647155562272
,1700,0,0.406494140625,0.24519890260631005,-0.406494140625,-0.24519890260631005,2381,2550,2248,1698,2382,2550,2277,1711,0,0,-106,-38,5000,5000,5000,4800,-40.300000000000004,53.58,-190.6,-17.174953706021853,-9.159791689638794,61.12451028104666,-0.46365059669871567,-0.28116509360306785,0.8402227766016002
,1701,0,-0.531005859375,0.7451989026063099,0.531005859375,-0.7451989026063099,1770,2876,2859,1372,1803,2877,2858,1422,-126,0,11,-220,5000,5000,4700,4900,-28.93,73.34,-228.67000000000002,19.529997282625317,-31.4745878793003,49.99545623612086,0.4746211798533881,-0.7872729764753356,0.3936191003320905
,1702,0,0.218994140625,-0.7465706447187929,-0.218994140625,0.7465706447187929,2259,1903,2370,2345,2259,1966,2378,2345,0,-296,-24,0,5000,4800,4800,4700,-30.63,9.97,-202.6,-2.214156909349697,33.51385491431218,51.40466230230811,-0.05537222166137406,0.8698998649337877,0.4901103366145852
,1703,0,-0.156005859375,-0.24657064471879286,0.156005859375,0.24657064471879286,2014,2229,2615,2019,2023,2238,2614,2019,-29,-19,15,16,5000,5000,5000,5000,-42.06,28.76,-213.96,7.797207561837524,14.033284142827029,62.93889586341695,0.2363193996854648,0.3803763097890198,0.894129187692466
,1704,0,0.593994140625,0.253429355281207,-0.593994140625,-0.253429355281207,2503,2555,2126,1693,2503,2555,2169,1707,0,0,-174,-39,5000,4900,5000,4800,-36.33,51.74,-181.77,-25.841449781381925,-6.73985890107371,57.10565832127058,-0.6786306426749313,-0.22672379940351683,0.6986105994090287
,1705,0,-0.624755859375,-0.5799039780521262,0.624755859375,0.5799039780521262,1709,2012,2920,2236,1755,2051,2919,2238,-200,-139,11,-16,5100,5000,4800,5000,-29.61,18.05,-229.71,24.29370742892769,23.621124760412037,50.5409966693244,0.6688471402276125,0.5921036920030945,0.4495071978574419
,1706,0,0.125244140625,-0.07990397805212623,-0.125244140625,0.07990397805212623,2198,2338,2431,1910,2198,2342,2441,1909,0,-10,-30,11,5000,5000,5000,4900,-44.22,37.160000000000004,-202.67000000000002,-4.043974116529853,6.419989573669405,65.06348106131594,-0.10846581104781054,0.15050243997809884,0.9826414317513681
,1707,0,-0.249755859375,0.42009602194787377,0.249755859375,-0.42009602194787377,1953,2664,2676,1584,1968,2665,2675,1614,-40,0,12,-111,5000,5000,5000,5000,-39.64,61.730000000000004,-219.63,11.242054617879518,-19.250813997386075,60.63064116491824,0.2864618183296144,-0.5475537790926691,0.7862089325622212
,1708,0,0.500244140625,-0.41323731138545955,-0.500244140625,0.41323731138545955,2442,2121,2187,2127,2443,2150,2221,2129,0,-93,-123,-17,5000,4900,5000,5000,-36.57,26.830000000000002,-186.44,-19.503090425077232,17.799081710516553,57.30614356060421,-0.520443027785518,0.47866708319468293,0.7071187158429175
,1709,0,-0.437255859375,0.0867626886145405,0.437255859375,-0.0867626886145405,1831,2447,2798,1801,1866,2447,2797,1805,-130,0,14,-18,5000,5000,5000,5000,-40.1,43.75,-228.65,21.45195663925449,-1.918794790440245,61.09043560157976,0.604534811710269,-0.06374309376711235,0.7940242310077364
,1710,0,0.312744140625,0.5867626886145403,-0.312744140625,-0.5867626886145403,2320,2773,2309,1475,2320,2773,2327,1516,0,0,-51,-164,5000,5000,5000,4700,-35.83,69.32000000000001,-200.12,-8.716831361619114,-25.51868060066201,56.742065757277196,-0.22995297978978976,-0.7158379300262188,0.659316073686646
,1711,0,-0.062255859375,-0.6910150891632373,0.062255859375,0.6910150891632373,2075,1940,2554,2308,2076,1998,2555,2308,0,-264,-2,0,5000,4900,4800,4800,-32.34,11.07,-206.99,2.0833357861780257,32.125198929487865,53.1394219651138,0.0696449357978806,0.8364334770101125,0.5436254422435389
,1712,0,0.687744140625,-0.1910150891632374,-0.687744140625,0.1910150891632374,2564,2265,2065,1983,2565,2269,2118,1983,0,-7,-242,15,4900,4800,5000,4700,-33.730000000000004,38.67,-176.91,-29.79617588971439,6.620649911467694,54.448320240017644,-0.7751813540919762,0.16024991884050507,0.6110759623645337
,1713,0,-0.671630859375,0.3089849108367626,0.671630859375,-0.3089849108367626,1678,2591,2951,1657,1732,2591,2950,1670,-250,0,15,-39,5000,4800,4800,4700,-33.86,53.01,-237.21,29.39791187644323,-11.752781037379435,54.91683779611792,0.7732642342607283,-0.29790224716772895,0.5597469742174468
,1714,0,0.078369140625,-0.5243484224965707,-0.078369140625,0.5243484224965707,2167,2048,2462,2200,2168,2090,2464,2202,0,-169,-16,-16,5000,4800,5100,4900,-37.25,17.51,-207.78,2.41341939655905,25.66064475585831,58.06957248475988,0.08557753277467665,0.6947162275401185,0.7141749429072861
,1715,0,-0.296630859375,-0.024348422496570654,0.296630859375,0.024348422496570654,1923,2374,2706,1874,1946,2375,2705,1874,-70,0,14,0,5000,5000,5000,4900,-42.27,39.29,-223.03,16.135169603231134,2.916237405985534,63.22096118769699,0.4695628942415993,0.06091904020727743,0.8807948449506713
,1716,0,0.453369140625,0.4756515775034291,-0.453369140625,-0.4756515775034291,2412,2700,2217,1548,2413,2701,2245,1579,0,0,-103,-114,4900,5000,5000,4900,-36.53,63.660000000000004,-191.17000000000002,-17.267951988100094,-19.266018670546714,57.382889304798574,-0.4498456727804095,-0.5563687662902281,0.6986362906244062
,1717,0,-0.484130859375,-0.357681755829904,0.484130859375,0.357681755829904,1800,2157,2829,2091,1833,2181,2829,2091,-124,-69,3,0,5000,5000,5000,5000,-36.78,27.64,-227.59,21.49706210776108,14.216458805333339,57.72448003194038,0.6241986149577334,0.37182886293038225,0.6871094423574358
,1718,0,0.265869140625,0.14231824417009598,-0.265869140625,-0.14231824417009598,2289,2483,2340,1765,2289,2483,2359,1772,0,0,-53,-25,5000,5000,5000,5000,-43.01,49.2,-196.49,-11.016093613806845,-5.179244001333302,63.8529315215532,-0.29796097604482846,-0.17977196241848714,0.9374973590803435
,1719,0,-0.109130859375,0.6423182441700959,0.109130859375,-0.6423182441700959,2045,2809,2584,1439,2049,2810,2583,1490,-13,0,13,-233,5000,4800,5100,5000,-34.96,72.32000000000001,-211.58,2.5187850711521094,-29.2871640912157,55.93710889068983,0.0438912551401911,-0.7873459809253552,0.6149470416571728
,1720,0,0.640869140625,-0.6354595336076818,-0.640869140625,0.6354595336076818,2534,1976,2095,2272,2534,2025,2136,2272,0,-199,-157,0,5000,4800,5000,5000,-29.61,19.93,-182.27,-23.164504818870455,24.944667322277404,50.30791872126674,-0.6013572901356767,0.6543103584289292,0.45852738680833627
,1721,0,-0.577880859375,-0.13545953360768181,0.577880859375,0.13545953360768181,1739,2302,2890,1946,1784,2305,2889,1947,-194,-9,14,1,5000,5000,5000,4900,-36.46,38.1,-233.75,26.938967738492522,3.3639818423461634,57.46178843701217,0.7459757728398209,0.08305575669921388,0.6607737037860643
,1722,0,0.172119140625,0.3645404663923182,-0.172119140625,-0.3645404663923182,2228,2628,2401,1620,2228,2629,2411,1644,-1,0,-26,-78,5000,5000,4900,5000,-41.230000000000004,60.39,-204.33,-3.94021918680383,-16.87752503207733,62.140529110021625,-0.11086342764321315,-0.5000580772454296,0.8588662409204366
,1723,0,-0.202880859375,-0.4687928669410151,0.202880859375,0.4687928669410151,1984,2084,2645,2164,1993,2122,2645,2165,-26,-145,0,0,5000,4900,5000,5000,-38.26,20.35,-214.05,8.472625475472853,22.40717290561887,59.1181632595399,0.2554681336278436,0.6084725488227194,0.7513302802562202
,1724,0,0.547119140625,0.031207133058984926,-0.547119140625,-0.031207133058984926,2473,2410,2156,1838,2474,2411,2200,1839,0,-4,-184,0,4900,5000,5000,5000,-37.980000000000004,42.35,-182.3,-24.687268219400636,2.5977002601534664,58.734570176640574,-0.656495724750412,0.037148860653169004,0.7534144447358317
,1725,0,-0.390380859375,0.5312071330589847,0.390380859375,-0.5312071330589847,1862,2736,2767,1512,1888,2737,2766,1545,-86,0,0,-125,5000,5000,5000,4900,-36.160000000000004,66.01,-224.52,15.848983102880169,-23.860771482445628,57.18602189422471,0.40066489474172534,-0.6419326252362731,0.6537508292758556
,1726,0,0.359619140625,-0.30212620027434844,-0.359619140625,0.30212620027434844,2350,2193,2279,2055,2350,2216,2300,2055,0,-61,-67,0,5000,5000,5000,5000,-40.24,30.6,-191.83,-14.397451131388408,13.684679463033603,61.01262997615305,-0.3882001372399393,0.3734595147188007,0.8425132902885804
,1727,0,-0.015380859375,0.19787379972565167,0.015380859375,-0.19787379972565167,2106,2519,2523,1729,2109,2519,2523,1742,-14,0,14,-42,5000,5000,5000,5000,-43.800000000000004,52.84,-208.25,0.4676471450640918,-9.601754382715256,64.71106910353785,0.022227350655787896,-0.3016779504815008,0.9531507535936303
,1728,0,0.734619140625,0.6978737997256514,-0.734619140625,-0.6978737997256514,2595,2845,2034,1403,2596,2846,2086,1448,0,-1,-233,-186,5100,4800,4800,4500,-26.45,70.52,-182.64000000000001,-26.19244009240151,-25.56394045902175,47.277613790373756,-0.6442686517427849,-0.6821558383938071,0.34580531593192104
,1729,0,-0.730224609375,-0.7280521262002744,0.730224609375,0.7280521262002744,1640,1915,2989,2333,1691,1968,2989,2333,-225,-225,0,0,4900,4900,5100,5000,-23.490000000000002,13.52,-232.15,27.063244214219452,27.95875181394847,44.42188255539054,0.7105238602200953,0.6575700255469626,0.25051448173728763
,1730,0,0.019775390625,-0.22805212620027437,-0.019775390625,0.22805212620027437,2129,2241,2500,2007,2130,2251,2503,2008,0,-20,-15,0,5000,5000,5000,5000,-42.74,29.2,-209.46,3.2745447181162888,13.899701951790924,63.59743713035573,0.09852073007930473,0.373770801742748,0.9222738495204251
,1731,0,-0.355224609375,0.2719478737997254,0.355224609375,-0.2719478737997254,1884,2567,2745,1681,1908,2568,2744,1701,-72,0,13,-61,5000,5000,5000,5000,-40.58,53.13,-225.51,17.68413325038432,-11.064275463784497,61.57838043839036,0.47870845555350794,-0.32422830292501376,0.8159131217010428
,1732,0,0.394775390625,-0.5613854595336076,-0.394775390625,0.5613854595336076,2373,2024,2256,2224,2374,2065,2280,2226,0,-152,-80,-16,5000,5000,4900,4800,-35.1,18.78,-193.09,-12.318228820595351,25.37805872528093,55.84917028215478,-0.3227686184761567,0.6864345368098698,0.6516349020744767
,1733,0,-0.542724609375,-0.061385459533607745,0.542724609375,0.061385459533607745,1762,2350,2867,1898,1804,2351,2866,1898,-174,0,14,0,5000,5000,5000,5000,-37.36,39.63,-233.03,26.113067300196917,1.8885990272356423,58.36202952411034,0.7218364729469082,0.038911954113777354,0.6909688604782527
,1734,0,0.207275390625,0.43861454046639237,-0.207275390625,-0.43861454046639237,2251,2676,2378,1572,2251,2677,2390,1603,0,0,-32,-114,5000,4900,5000,4900,-39.86,63.440000000000005,-203.85,-4.618227471218205,-19.892114892762123,60.77584865727017,-0.13294622664919944,-0.5782355319708309,0.8049651982453339
,1735,0,-0.167724609375,-0.394718792866941,0.167724609375,0.394718792866941,2007,2133,2622,2115,2013,2166,2622,2117,-18,-110,0,0,5000,5000,4900,5000,-40.02,23.48,-213.39000000000001,7.5945107571598385,19.333851005628638,60.882733190294275,0.23635172850139874,0.5295190803431113,0.8147069436226668
,1736,0,0.582275390625,0.10528120713305911,-0.582275390625,-0.10528120713305911,2496,2459,2133,1789,2496,2459,2177,1792,0,0,-180,-16,5000,5000,4700,4800,-37.14,45.050000000000004,-181.12,-26.04262686064982,-0.018966339481316652,57.89548802336417,-0.6906794245998538,-0.03508931282199661,0.7223092637922442
,1737,0,-0.636474609375,0.6052812071330589,0.636474609375,-0.6052812071330589,1701,2785,2928,1463,1748,2785,2927,1501,-205,0,11,-142,5000,4800,5000,4900,-30.67,66.7,-233.86,25.147585935291886,-25.194760467416003,51.74467474916561,0.6289788143693068,-0.6345491033129638,0.4491470656247188
,1738,0,0.113525390625,-0.6724965706447188,-0.113525390625,0.6724965706447188,2190,1952,2439,2296,2190,2009,2441,2296,0,-259,-15,0,5000,5000,5000,4800,-33.01,11.91,-206.85,1.8837602059256255,31.298471066382323,53.81083139916419,0.06368926786854658,0.8201482327005724,0.5685952458089117
,1739,0,-0.261474609375,-0.1724965706447188,0.261474609375,0.1724965706447188,1946,2278,2683,1970,1965,2283,2682,1971,-55,-13,13,0,5000,5000,5000,5000,-42.0,33.06,-220.07,13.603470797134833,9.330873617233287,62.920389345104276,0.39835858084069065,0.2444226256391497,0.8840633581063377
,1740,0,0.488525390625,0.3275034293552812,-0.488525390625,-0.3275034293552812,2434,2603,2195,1645,2435,2604,2228,1663,0,0,-124,-59,5000,5000,4900,4900,-38.12,56.49,-187.54,-20.413699427588597,-11.863026276533915,58.93655486119752,-0.5391543567099301,-0.3679835527028579,0.7575623304922731
,1741,0,-0.448974609375,-0.5058299039780522,0.448974609375,0.5058299039780522,1823,2060,2806,2188,1853,2094,2805,2189,-109,-121,0,0,5100,4900,5100,5000,-34.64,19.63,-223.81,18.276338274861644,22.4569894602187,55.545330537736675,0.5262521224577419,0.5809596562492547,0.6209223634396411
,1742,0,0.301025390625,-0.005829903978052164,-0.301025390625,0.005829903978052164,2312,2386,2317,1862,2312,2387,2340,1862,0,-2,-74,0,5000,5000,5000,4800,-42.79,41.37,-193.49,-13.480020525105147,2.834583649272055,63.598116761044615,-0.3646194664395673,0.0434306554768596,0.9301432270667646
,1743,0,-0.073974609375,0.4941700960219477,0.073974609375,-0.4941700960219477,2068,2712,2561,1536,2071,2713,2560,1575,-14,-1,13,-154,5000,5000,4900,5000,-38.9,66.12,-210.51,1.8503959602109603,-23.01788341261843,59.856021465542995,0.035300533114350975,-0.6512852175135475,0.7580115024260344
,1745,0,-0.683349609375,0.16083676268861458,0.683349609375,-0.16083676268861458,1671,2495,2958,1753,1728,2495,2957,1757,-272,0,14,-18,5000,5000,4900,4900,-34.07,45.92,-238.16,30.82295153499973,-4.742416418493299,55.11368769276621,0.8159215153400312,-0.12184399400672752,0.5651779559835256
,1746,0,0.066650390625,0.6608367626886145,-0.066650390625,-0.6608367626886145,2159,2821,2470,1427,2160,2822,2470,1478,0,-2,0,-228,5000,4800,5100,4700,-34.32,73.26,-212.8,3.675680340433587,-30.30912392444391,55.30560953583486,0.06817765753149597,-0.8056198102899486,0.5884968379540417
,1747,0,-0.308349609375,-0.6169410150891632,0.308349609375,0.6169410150891632,1915,1988,2714,2260,1932,2041,2714,2260,-42,-231,0,0,5000,5000,4800,4700,-34.04,14.92,-217.12,11.922246462909754,27.605692403612014,54.89990413141372,0.34875991444001825,0.7204780524239759,0.5993979463220962
,1748,0,0.441650390625,-0.11694101508916321,-0.441650390625,0.11694101508916321,2404,2314,2225,1934,2405,2317,2257,1935,0,-10,-121,0,5000,4900,5000,5000,-40.17,39.12,-186.97,-19.820671919591717,5.511658578074595,60.9397883917169,-0.534848314136769,0.1217300008202915,0.8361334150512983
,1749,0,-0.495849609375,0.3830589849108368,0.495849609375,-0.3830589849108368,1793,2640,2836,1608,1828,2641,2835,1630,-134,0,14,-70,5000,4900,5000,4900,-36.97,58.14,-230.31,22.152656475003738,-16.396870269145538,58.005156007589335,0.5845493631501937,-0.4414523437545209,0.6807509605093073
,1750,0,0.254150390625,-0.4502743484224966,-0.254150390625,0.4502743484224966,2282,2096,2347,2152,2282,2131,2361,2154,0,-127,-39,-15,4900,4900,5000,5000,-38.81,22.17,-198.96,-6.708250111524762,21.610533973652956,59.59710252936058,-0.17194623784231045,0.5989414829083812,0.782114819795268
,1751,0,-0.120849609375,0.049725651577503305,0.120849609375,-0.049725651577503305,2037,2422,2592,1826,2047,2424,2591,1831,-32,-2,15,-20,5000,5000,5000,5000,-44.300000000000004,44.29,-214.69,7.46719713927817,-1.5041247349518443,65.22174900931145,0.21866809913693241,-0.06928099562892276,0.9733367382691902
,1752,0,0.629150390625,0.5497256515775031,-0.629150390625,-0.5497256515775031,2526,2748,2103,1500,2526,2749,2145,1534,0,0,-172,-122,5000,4900,5000,5000,-31.720000000000002,65.62,-184.31,-24.22121374883966,-20.772673249460013,52.54352541411244,-0.6144488921848785,-0.5827068846718524,0.5318883768694327
,1753,0,-0.589599609375,-0.28360768175582995,0.589599609375,0.28360768175582995,1732,2205,2897,2043,1775,2223,2897,2044,-182,-42,0,-4,4800,4900,4900,4900,-35.300000000000004,32.25,-232.77,26.361404991751982,9.263413660107773,56.282116660135465,0.7375811709625788,0.239615550018464,0.6313148219635114
,1754,0,0.160400390625,0.21639231824417005,-0.160400390625,-0.21639231824417005,2221,2531,2408,1717,2221,2531,2419,1730,0,0,-30,-38,5000,5000,5000,5000,-43.31,53.300000000000004,-202.87,-4.928697519365642,-9.699289878483114,64.1952676982026,-0.13571095750664403,-0.30686807579841285,0.9420268149412779
,1755,0,-0.214599609375,0.71639231824417,0.214599609375,-0.71639231824417,1976,2857,2653,1391,1985,2858,2652,1444,-23,0,13,-244,4900,5000,5000,4700,-32.49,74.71000000000001,-216.09,6.869186423005573,-31.982918592926723,53.495794542987746,0.14584657488669117,-0.8389654816873172,0.5242763556856144
,1756,0,0.535400390625,-0.7095336076817559,-0.535400390625,0.7095336076817559,2465,1927,2164,2321,2466,1985,2197,2321,0,-259,-115,0,5000,4800,4800,4800,-29.67,15.450000000000001,-187.74,-17.405134882470207,29.045736205887334,50.38402356720617,-0.45379845725662593,0.7626641815041975,0.4608799262736864
,1757,0,-0.402099609375,-0.20953360768175588,0.402099609375,0.20953360768175588,1854,2253,2775,1995,1886,2259,2775,1995,-117,-17,0,0,5000,5000,5000,5000,-39.87,32.660000000000004,-225.3,18.858770109494543,9.371172720078157,60.815631610869374,0.5529987744340293,0.24234914797470006,0.7971569769815723
,1758,0,0.347900390625,0.290466392318244,-0.347900390625,-0.290466392318244,2343,2579,2286,1669,2343,2580,2310,1687,0,-4,-71,-54,5000,5000,5000,4900,-40.85,55.64,-193.86,-14.064022981925689,-11.433369130156521,61.69604825165176,-0.37272903778855904,-0.3616657028983848,0.8545589410545252
,1759,0,-0.027099609375,-0.5428669410150891,0.027099609375,0.5428669410150891,2098,2036,2531,2212,2099,2081,2532,2213,0,-179,0,0,5000,4800,5000,4800,-36.85,16.86,-205.69,0.373979508359497,26.448964260738315,57.65745927137501,0.026474036194796532,0.7136601637467959,0.69999164001326
,1760,0,0.722900390625,-0.042866941015089255,-0.722900390625,0.042866941015089255,2587,2362,2042,1886,2588,2363,2099,1885,0,-1,-273,17,5000,4800,4900,4800,-32.81,42.58,-175.35,-31.611894087748055,2.8221406057697465,53.53039078746944,-0.8158476168389559,0.06328795444790748,0.5747932679842336
,1761,0,-0.706787109375,0.45713305898491075,0.706787109375,-0.45713305898491075,1655,2688,2974,1560,1709,2689,2973,1587,-247,0,13,-89,4900,4900,4800,5000,-30.810000000000002,59.1,-236.51,28.30347239136472,-17.790403517947567,51.87875995056499,0.75867708927232,-0.451174939729106,0.46994706933198205
,1762,0,0.043212890625,-0.3762002743484225,-0.043212890625,0.3762002743484225,2144,2145,2485,2103,2145,2177,2486,2103,0,-108,-14,0,5000,5000,5000,4800,-40.77,24.14,-208.48000000000002,2.6476089921293635,19.008620184901027,61.60977365710972,0.09055409714423253,0.5299139700724668,0.8432029054814919
,1764,0,0.418212890625,0.6237997256515775,-0.418212890625,-0.6237997256515775,2389,2797,2240,1451,2390,2797,2264,1495,0,0,-81,-187,5000,4800,4800,4900,-33.84,70.82000000000001,-194.63,-14.285826311080086,-26.650713626557078,54.728363574440536,-0.3531595911501961,-0.7228574106674145,0.5939322074292883
,1765,0,-0.519287109375,-0.6539780521262003,0.519287109375,0.6539780521262003,1777,1964,2852,2284,1809,2016,None,2284,-119,-224,None,0,5100,5000,4800,4700,-30.54,15.67,-225.78,20.52874427863233,26.263386190547845,51.44526820583032,0.5777303158096305,0.6643157019921951,0.47424922802374925
,1768,0,0.605712890625,-0.4873113854595336,-0.605712890625,0.4873113854595336,2511,2072,2118,2176,2511,2104,2158,2177,0,-109,-155,0,5000,5000,5000,5000,-33.12,25.13,-182.33,-23.472346670946393,19.762513147378137,53.83129941339816,-0.6194193003690226,0.5242172715070068,0.5843936880084343
,1769,0,-0.613037109375,0.012688614540466436,0.613037109375,-0.012688614540466436,1716,2398,2913,1850,1765,2399,2912,1851,-222,0,14,0,5100,4900,4900,5000,-35.27,40.59,-235.20000000000002,28.22344445486553,0.7784741506580346,56.28536608882373,0.7830900518109841,0.01003644774520918,0.6218273397586573
,1770,0,0.136962890625,0.5126886145404661,-0.136962890625,-0.5126886145404661,2205,2724,2424,1524,2205,2725,2431,1560,0,0,-18,-144,5000,5000,5000,5000,-38.230000000000004,67.47,-207.63,-1.1108334112614386,-24.172498463858787,59.17500407003952,-0.01919335200133171,-0.6686856232340423,0.7432974858823713
,1771,0,-0.238037109375,-0.32064471879286693,0.238037109375,0.32064471879286693,1961,2181,2668,2067,1975,2207,2668,2068,-35,-78,0,-15,5000,4900,5000,5000,-40.81,27.71,-217.68,11.585555062306042,14.826447464396196,61.7049124109301,0.3475609011485551,0.4141872861219511,0.8412195385318493
,1772,0,0.511962890625,0.17935528120713307,-0.511962890625,-0.17935528120713307,2450,2507,2179,1741,2451,2507,2217,1748,0,0,-157,-24,5000,5000,4900,4900,-38.71,49.59,-184.84,-22.644956140561135,-4.79499374722608,59.495580482668636,-0.6069698216697027,-0.15058931519779054,0.78032717095492
,1773,0,-0.425537109375,0.6793552812071328,0.425537109375,-0.6793552812071328,1839,2833,2790,1415,1866,2834,2789,1462,-89,0,14,-197,5000,5000,4900,4600,-31.78,72.07000000000001,-223.24,14.184320648726185,-29.83315001382067,52.81498156134048,0.38318301696332824,-0.7700679154914802,0.5100648792472273
,1775,0,-0.050537109375,-0.09842249657064472,0.050537109375,0.09842249657064472,2083,2326,2546,1922,2089,2330,2547,1923,-19,-10,0,0,5000,5000,5000,5000,-44.27,35.72,-209.67000000000002,3.036890163492046,7.384782945861666,65.14493532384355,0.11004408524867693,0.18695146269767776,0.9761861758378779
,1776,0,0.699462890625,0.40157750342935516,-0.699462890625,-0.40157750342935516,2572,2652,2057,1596,2573,2653,2107,1618,0,0,-225,-72,5100,4800,4800,4800,-32.24,58.75,-179.12,-28.938455881438557,-13.566851962772006,53.0201450179346,-0.7425481289481488,-0.3737486204561207,0.5558185359474341
