DATE: 2026-5-13
TIME: 20-40-50
NUM_CABLES: 4
num_coils: 1
NUM_MEASUREMENTS: 1385
---
,0,0,0.0,0.0,-0.0,-0.0,2131,2424,2632,1862,2135,2427,2631,1863,-17,-16,21,-12,5000,5000,5000,5000,-49.52,42.86,-207.65,0.2536002871077585,-0.7555364345257161,69.34733202083392,0.02629035740586339,-0.02597839238941207,0.9993167366937941
,1,0,0.0,0.0,-0.0,-0.0,2131,2424,2632,1862,2135,2427,2631,1863,-16,-17,16,-11,5000,5000,5000,4900,-49.52,42.85,-207.67000000000002,0.2742797852645822,-0.7470301590425237,69.34737243601138,0.02650841681319181,-0.025740868268102953,0.999317122608665
,2,0,0.0,-0.25,-0.0,0.25,2131,2261,2632,2025,2133,2286,2631,2026,-15,-82,21,0,5000,4900,5000,5000,-47.62,28.72,-206.24,-0.11001179532544825,13.445443802398614,67.41403262239788,0.02757965544609326,0.35124300877926934,0.9358780430104988
,3,0,-0.375,0.25,0.375,-0.25,1887,2587,2876,1699,1917,2588,2875,1717,-111,0,21,-51,5000,5000,5000,4900,-44.46,53.34,-225.76,17.560706775973046,-12.546934053449682,64.36404924985737,0.5189560075673376,-0.3175001952159234,0.7936487184186845
,4,0,0.375,-0.5833333333333334,-0.375,0.5833333333333334,2375,2044,2388,2242,2376,2090,2402,2242,0,-198,-44,0,5000,4800,5100,4700,-39.58,13.89,-199.75,-5.471579512885427,28.693185884345937,59.32388101612797,-0.10611488374275281,0.7361624801693623,0.6684343155757007
,5,0,-0.5625,-0.08333333333333337,0.5625,0.08333333333333337,1764,2370,2999,1916,1808,2372,2998,1916,-190,-15,22,0,5000,4800,5000,4900,-40.63,37.46,-234.84,27.791991573604236,2.6156542200630994,60.52915313161711,0.7717906183793671,0.05488942992029082,0.6335032690244153
,6,0,0.1875,0.4166666666666665,-0.1875,-0.4166666666666665,2253,2696,2510,1590,2253,2697,2513,1621,0,0,-21,-114,5000,4900,5000,4900,-44.62,64.65,-210.87,1.8808802307215444,-22.734074935567612,64.50189031307065,0.0723026283572313,-0.6074061220748437,0.7910942629033761
,7,0,-0.1875,-0.4166666666666667,0.1875,0.4166666666666667,2009,2152,2754,2134,2015,2185,2753,2135,-19,-121,20,0,5000,5000,5000,4900,-43.59,20.84,-215.05,9.265819683475797,20.648943276898386,63.39473176254663,0.28548510642418096,0.5276224827729294,0.8000704779471018
,8,0,0.5625,0.08333333333333337,-0.5625,-0.08333333333333337,2498,2478,2265,1808,2498,2478,2297,1814,0,0,-132,-16,5000,5000,5000,5000,-45.410000000000004,46.0,-187.3,-20.259937623277892,-2.4039641095101345,65.18180101032448,-0.5182057910723823,-0.07416339875747298,0.8520343586873632
,9,0,-0.65625,0.5833333333333333,0.65625,-0.5833333333333333,1703,2804,3060,1482,1752,2804,3059,1520,-218,0,20,-134,5000,4800,5100,5000,-32.55,67.36,-235.12,25.901559200604453,-27.24262741251058,52.511417578917204,0.668745395162671,-0.6272498335664443,0.3991706937383947
,10,0,0.09375,-0.6944444444444444,-0.09375,0.6944444444444444,2192,1971,2571,2315,2192,2030,2572,2315,0,-284,-21,0,5000,4900,5000,5000,-36.35,8.48,-207.77,2.9329106344244167,33.49309658950527,56.10723640003057,0.11816474388520264,0.8533661337976434,0.507743375131382
,11,0,-0.28125,-0.19444444444444442,0.28125,0.19444444444444442,1948,2297,2815,1989,1969,2301,2814,1990,-67,-17,19,0,5000,4900,5000,5000,-45.71,30.61,-221.58,15.055502201021739,10.431190151660196,65.55466171921378,0.4661021576679025,0.3079646177647435,0.8294013339887644
,12,0,0.46875,0.3055555555555556,-0.46875,-0.3055555555555556,2437,2623,2326,1663,2438,2623,2347,1684,0,0,-76,-64,5000,5000,4900,4900,-45.26,58.17,-194.34,-14.131102684316971,-15.05780361867982,65.0782251099036,-0.3375157583660419,-0.3838169395639989,0.8595159508457774
,13,0,-0.46875,-0.5277777777777778,0.46875,0.5277777777777778,1825,2080,2938,2206,1855,2117,2937,2207,-116,-151,19,0,5000,5000,5000,5000,-37.42,16.93,-227.1,21.587912322659037,23.65066929326823,57.25346365945636,0.5716980981910723,0.5738823590260759,0.5863619381605342
,14,0,0.28125,-0.02777777777777779,-0.28125,0.02777777777777779,2314,2406,2449,1880,2314,2408,2460,1882,0,-15,-40,-11,5000,5000,5000,4900,-49.21,40.17,-201.73000000000002,-5.452237124216026,2.3606728825541126,69.01377703633715,-0.1179693064143116,0.05737239007452367,0.9913584879352489
,15,0,-0.09375,0.4722222222222219,0.09375,-0.4722222222222219,2070,2732,2693,1554,2074,2733,2692,1592,-16,0,18,-141,5000,4900,4800,4800,-43.42,66.89,-212.58,3.425440530877239,-25.09616988199648,63.31170505722257,0.09898899433322723,-0.6504329443774467,0.7530857612977301
,16,0,0.65625,-0.36111111111111116,-0.65625,0.36111111111111116,2559,2189,2204,2097,2559,2214,2237,2097,0,-80,-135,0,5000,5000,5100,5000,-41.160000000000004,28.650000000000002,-183.06,-23.20369149091985,15.200577071577733,60.88330790574416,-0.5657946852041179,0.3809998642310022,0.7312424205766038
,17,0,-0.703125,0.13888888888888884,0.703125,-0.13888888888888884,1673,2515,3090,1771,1731,2515,3089,1775,-285,0,22,-14,5000,5000,4900,5000,-36.83,44.050000000000004,-240.33,32.79481381237551,-4.367836886533929,56.75942879005896,0.8573138932667969,-0.116417103201476,0.5014578212511057
,18,0,0.046875,0.6388888888888888,-0.046875,-0.6388888888888888,2162,2840,2601,1446,2163,2841,2602,1496,0,0,-20,-224,5000,4900,5100,4700,-38.15,75.75,-210.72,0.9358422789237579,-33.80784127128343,58.054254900640075,0.10054707002299235,-0.8321075914196471,0.5454239112943119
,19,0,-0.328125,-0.6388888888888888,0.328125,0.6388888888888888,1917,2008,2846,2278,1935,2058,2845,2278,-50,-222,21,0,5000,4800,4900,4900,-36.5,11.5,-218.79,13.701248830864813,29.6733872920671,56.297008289800075,0.4087378532723564,0.7312386097189751,0.5460984004358247
,20,0,0.421875,-0.13888888888888895,-0.421875,0.13888888888888895,2406,2333,2357,1953,2407,2337,2380,1954,0,-17,-75,10,5000,5000,5000,5000,-47.4,34.94,-194.48000000000002,-12.293858602011824,8.104170880366922,67.17096768545919,-0.3275456757302016,0.22780887385120402,0.9169607119746688
,21,0,-0.515625,0.36111111111111116,0.515625,-0.36111111111111116,1795,2659,2968,1627,1832,2660,2967,1650,-149,0,20,-70,5000,4900,5000,5000,-39.76,57.04,-232.55,24.074588267718156,-16.74559811935486,59.69236133506929,0.6513142468526767,-0.41025072024206133,0.6383448115145928
,22,0,0.234375,-0.4722222222222222,-0.234375,0.4722222222222222,2284,2116,2479,2170,2284,2153,2483,2171,0,-145,-25,-2,5000,5000,5000,4900,-43.02,18.03,-206.48000000000002,0.9266830621541828,24.078585929675313,62.792858283162374,0.05993632021393958,0.6311170540268706,0.7733685419227088
,23,0,-0.140625,0.02777777777777768,0.140625,-0.02777777777777768,2039,2442,2724,1844,2051,2442,2723,1850,-33,0,20,-16,5000,5000,5000,4900,-48.69,42.84,-216.04,8.624831878388875,-1.3527843556788355,68.5428591711893,0.2750048391532869,-0.03133371317913636,0.9609321187579706
,24,0,0.609375,0.5277777777777777,-0.609375,-0.5277777777777777,2528,2768,2235,1518,2528,2768,2263,1552,0,0,-106,-125,5000,5000,5000,4900,-39.410000000000004,68.58,-189.87,-19.335669859354084,-25.125200166334004,59.236007442544135,-0.44452591961444726,-0.6313256399943074,0.6354719844939729
,25,0,-0.609375,-0.3055555555555556,0.609375,0.3055555555555556,1734,2225,3029,2061,1778,2245,3029,2062,-192,-62,19,-1,4900,4800,4900,4900,-38.02,29.080000000000002,-235.4,28.972649187376163,10.92607187929034,57.90368061638365,0.7742819819521122,0.2518034140432804,0.5805880235592683
,26,0,0.140625,0.19444444444444442,-0.140625,-0.19444444444444442,2223,2551,2540,1735,2223,2551,2542,1749,0,-5,-21,-41,5000,5000,5000,4900,-48.28,53.25,-211.1,2.9358213695442146,-11.3733630191146,68.13917280759621,0.11037675421555597,-0.3040816637281089,0.9462300533766532
,27,0,-0.234375,0.6944444444444444,0.234375,-0.6944444444444444,1978,2877,2785,1409,1989,2878,2784,1462,-29,0,19,-234,5000,5000,5100,5000,-36.12,76.68,-216.43,6.568091333413122,-35.15870534176887,56.043574207124735,0.21137340692720052,-0.8483239436374163,0.4854562487963777
,28,0,0.515625,-0.7314814814814815,-0.515625,0.7314814814814815,2467,1947,2296,2339,2467,2003,2315,2339,11,-263,-65,0,5000,4900,5000,4900,-33.93,9.38,-193.45000000000002,-11.407481749440478,33.64023626514903,53.64546951572959,-0.25870194650989126,0.839324703374513,0.4781290047437814
,29,0,-0.421875,-0.2314814814814815,0.421875,0.2314814814814815,1856,2273,2907,2013,1888,2278,2906,2014,-119,-18,19,0,5000,5000,4900,5000,-43.04,29.71,-227.22,20.754009641780982,10.909074254578478,62.900016784050266,0.6056819203511892,0.2927096548312128,0.7399124740996662
,30,0,0.328125,0.2685185185185184,-0.328125,-0.2685185185185184,2345,2599,2418,1687,2345,2600,2431,1707,0,0,-41,-59,5000,4900,5000,4900,-47.25,56.51,-201.91,-6.4655178525176495,-13.952933163336517,67.08786947232142,-0.1422519651317948,-0.36092020918683354,0.9216837749557464
,31,0,-0.046875,-0.5648148148148149,0.046875,0.5648148148148149,2100,2056,2663,2230,2101,2100,2662,2231,0,-190,20,0,5000,4800,5000,4800,-40.38,13.540000000000001,-207.07,1.852034695377938,28.507220736473897,60.145459918181714,0.09030051175739114,0.7480949872990827,0.6574189741362342
,32,0,0.703125,-0.06481481481481488,-0.703125,0.06481481481481488,2589,2382,2174,1904,2590,2383,2217,1904,0,0,-187,0,5000,4900,4800,5000,-41.95,40.95,-179.78,-27.379267507345247,3.176074967232509,61.688549530134296,-0.7099152707188212,0.08729317067199176,0.698856359171363
,33,0,-0.7265625,0.4351851851851851,0.7265625,-0.4351851851851851,1657,2708,3106,1578,1714,2709,3105,1604,-278,0,21,-87,4800,4900,4700,5000,-33.71,58.620000000000005,-238.54,29.950017918657096,-18.77437030320656,53.663894710553805,0.7929241416952417,-0.4487930297694557,0.4121360478618888
,34,0,0.0234375,-0.39814814814814814,-0.0234375,0.39814814814814814,2146,2164,2617,2122,2147,2197,2618,2124,0,-121,0,-12,5000,5000,5000,5000,-44.65,21.18,-209.53,3.7327115026144497,20.717094390300147,64.4386040174838,0.1392643954291598,0.5445319893897154,0.827097540013891
,35,0,-0.3515625,0.10185185185185197,0.3515625,-0.10185185185185197,1902,2490,2861,1796,1929,2490,2860,1805,-87,0,20,-21,5000,5000,5000,4900,-45.63,45.04,-225.66,18.066360217690573,-4.259316757700397,65.51670451318493,0.5517168361480996,-0.10897982478424535,0.8268808441974737
,36,0,0.3984375,0.6018518518518519,-0.3984375,-0.6018518518518519,2391,2816,2372,1470,2393,2817,2387,1512,-1,0,-48,-171,5000,4800,4900,4900,-39.87,71.75,-204.29,-5.188400364486199,-29.343152301059625,59.74644414649906,-0.14568498859238505,-0.7696984881373475,0.6215626448379263
,37,0,-0.5390625,-0.6759259259259259,0.5390625,0.6759259259259259,1780,1983,2983,2303,1813,2037,2982,2303,-122,-245,19,0,4800,4800,4900,4700,-32.59,11.82,-227.97,22.844307391978845,28.672126830311928,52.415660890279426,0.6100814118696428,0.6751279859472975,0.41473229134212536
,38,0,0.2109375,-0.17592592592592593,-0.2109375,0.17592592592592593,2269,2309,2494,1977,2269,2315,2502,1978,0,-20,-29,0,5000,5000,5000,5000,-48.21,31.21,-206.4,-0.13477619662231177,10.951760679392848,68.00962577755047,0.03262887098783217,0.2925262531127447,0.9557006581654518
,39,0,-0.1640625,0.3240740740740742,0.1640625,-0.3240740740740742,2024,2635,2739,1651,2032,2636,2738,1675,-24,0,19,-77,5000,5000,5000,4900,-45.92,58.74,-216.32,7.745892504057707,-17.23674895909773,65.80635884164688,0.23711728559916082,-0.44769515307457586,0.8621742531435383
,40,0,0.5859375,-0.5092592592592593,-0.5859375,0.5092592592592593,2513,2092,2250,2194,2513,2127,2278,2195,0,-136,-109,0,5000,5000,5000,5000,-39.68,19.580000000000002,-188.44,-17.168691600850252,23.848208440168072,59.401097380942716,-0.4032705124354855,0.6021335527820969,0.6890631889848932
,41,0,-0.6328125,-0.0092592592592593,0.6328125,0.0092592592592593,1718,2418,3045,1868,1767,2419,3045,1868,-226,0,20,0,5000,4900,5000,4900,-38.08,39.29,-238.89000000000001,31.704209941481565,0.48777756828283003,57.99526513155638,0.8375896249617553,0.008172873134246838,0.5462387978724681
,42,0,0.1171875,0.4907407407407405,-0.1171875,-0.4907407407407405,2207,2744,2556,1542,2207,2745,2558,1581,0,0,-18,-149,5000,4800,5000,5000,-42.980000000000004,67.95,-213.33,4.096942524361623,-26.2093153427113,62.876168312462156,0.11118052284257748,-0.6913526023810797,0.7139120887906018
,43,0,-0.2578125,-0.3425925925925926,0.2578125,0.3425925925925926,1963,2201,2800,2085,1976,2230,2799,2086,-36,-96,21,-10,4900,5000,5000,5000,-44.410000000000004,25.21,-219.6,13.480660363232289,15.958893787504628,64.23755667396483,0.39663754178756955,0.40566911575250925,0.8234750931080373
,44,0,0.4921875,0.15740740740740744,-0.4921875,-0.15740740740740744,2452,2527,2311,1759,2453,2527,2336,1768,0,0,-89,-24,5000,5000,4900,4900,-46.39,50.29,-191.71,-16.179313787795223,-7.0035986488550535,66.18403412580018,-0.3979772712500348,-0.19209273644658081,0.8970587896971081
,45,0,-0.4453125,0.6574074074074074,0.4453125,-0.6574074074074074,1841,2853,2922,1433,1869,2854,2921,1479,-94,0,19,-194,5000,5000,5000,5000,-35.050000000000004,72.89,-226.63,17.02164381299707,-32.129402670605494,54.9968813758383,0.4429173692936647,-0.7615759038984313,0.47310289216962864
,46,0,0.3046875,-0.6203703703703703,-0.3046875,0.6203703703703703,2330,2020,2433,2266,2330,2070,2439,2266,0,-222,-27,0,5000,5000,5000,4800,-38.88,11.99,-203.27,-1.81969789071195,30.328324003377745,58.630711520751376,-0.008943454643899828,0.7810164679741248,0.6244463879087263
,47,0,-0.0703125,-0.12037037037037046,0.0703125,0.12037037037037046,2085,2346,2678,1940,2091,2350,2677,1941,-19,-16,20,0,5000,5000,5000,5000,-48.660000000000004,34.27,-211.98000000000002,5.204436432342732,7.491801574196636,68.48290317302822,0.1809988719938143,0.22630502505238595,0.9570921815441844
,48,0,0.6796875,0.37962962962962976,-0.6796875,-0.37962962962962976,2574,2671,2189,1615,2575,2672,2225,1638,0,0,-152,-68,5000,4900,4900,4900,-40.88,60.51,-184.81,-23.79437234029342,-16.702523012006615,60.67402056502836,-0.5830299446646374,-0.4305342244400207,0.6889966365739238
,49,0,-0.6796875,-0.4537037037037037,0.6796875,0.4537037037037037,1688,2128,3075,2158,1740,2155,3074,2159,-241,-89,21,0,4800,5000,4900,5000,-34.53,21.990000000000002,-236.4,30.500046462282768,17.915700168930655,54.4022017949044,0.7857565688042946,0.420559468931644,0.4535596407010176
,50,0,0.0703125,0.04629629629629617,-0.0703125,-0.04629629629629617,2177,2454,2586,1832,2177,2455,2586,1839,0,-16,-6,-17,5000,5000,5000,4900,-49.38,44.93,-210.98000000000002,3.4231978263093197,-3.0644917630678847,69.22172656599895,0.12970186454867036,-0.08189003104769163,0.9881656992365229
,51,0,-0.3046875,0.5462962962962961,0.3046875,-0.5462962962962961,1932,2780,2831,1506,1950,2780,2830,1545,-54,0,20,-155,5000,4900,5100,5000,-39.910000000000004,68.98,-221.67000000000002,12.347766148079728,-27.8551508874582,59.83371290770384,0.34462569017401357,-0.6936056423786818,0.6325696376941762
,52,0,0.4453125,-0.2870370370370371,-0.4453125,0.2870370370370371,2421,2237,2342,2049,2422,2259,2361,2050,0,-68,-64,-13,5000,5000,5000,4900,-45.79,29.6,-193.72,-12.65549683512512,13.481859589985916,65.54770494308286,-0.2945227993540353,0.33851132420727975,0.8936813772503578
,53,0,-0.4921875,0.2129629629629629,0.4921875,-0.2129629629629629,1810,2563,2953,1723,1846,2564,2952,1734,-145,0,20,-29,5000,5000,5000,5000,-42.06,49.730000000000004,-231.19,23.247765622541124,-9.350340708683241,61.97320156255758,0.6603548353725629,-0.24301029584745362,0.710547315463375
,54,0,0.2578125,0.7129629629629628,-0.2578125,-0.7129629629629628,2299,2889,2464,1397,2299,2890,2468,1450,0,0,-22,-240,5000,5000,5000,4700,-35.61,79.52,-206.74,-3.3025960574673263,-37.28155794256444,55.509882098499105,0.02756088948964995,-0.8846608563641061,0.46541977459887357
,55,0,-0.1171875,-0.712962962962963,0.1171875,0.712962962962963,2055,1959,2708,2327,2057,2019,2708,2327,-13,-291,0,-5,5000,4900,4900,4700,-35.47,7.71,-208.93,4.148798574799912,34.173950827879025,55.22919652477549,0.15251389240561297,0.8604956443055968,0.48609336423611627
,56,0,0.6328125,-0.21296296296296302,-0.6328125,0.21296296296296302,2544,2285,2219,2001,2544,2290,2253,2002,0,-18,-143,0,5000,4900,5000,5000,-43.13,33.480000000000004,-183.57,-23.055012677933888,10.350665490737988,62.864759966381925,-0.6026544052161563,0.28315762682613826,0.7460760190783174
,57,0,-0.5859375,0.287037037037037,0.5859375,-0.287037037037037,1749,2611,3014,1675,1790,2612,3014,1691,-174,0,21,-42,5000,5000,5000,5000,-39.01,53.02,-234.96,26.775099778464465,-12.914882188263526,58.94145985310931,0.7358471063322207,-0.3083666075394645,0.6028590809277904
,58,0,0.1640625,-0.5462962962962963,-0.1640625,0.5462962962962963,2238,2068,2525,2218,2238,2111,2527,2220,0,-184,-22,-12,4900,4800,4900,4800,-40.910000000000004,14.41,-208.62,3.332512742047129,27.527094244178496,60.68196417019776,0.12756916444318592,0.728438996963478,0.6731290633943163
,59,0,-0.2109375,-0.04629629629629628,0.2109375,0.04629629629629628,1993,2394,2770,1892,2007,2396,2769,1893,-42,-16,21,-11,5000,5000,5000,5000,-47.78,38.53,-219.46,12.35435098413376,2.6927148148318807,67.63444092980431,0.4044576917841283,0.08709790683785373,0.910399873781362
,60,0,0.5390625,0.4537037037037035,-0.5390625,-0.4537037037037035,2482,2720,2281,1566,2483,2721,2308,1598,0,0,-99,-109,5000,5000,5100,4900,-42.15,64.48,-193.42000000000002,-15.502445374774851,-21.290383452622088,61.978391591976546,-0.3768244475956677,-0.5675174976488526,0.7320705058644311
,61,0,-0.3984375,-0.37962962962962965,0.3984375,0.37962962962962965,1871,2177,2892,2109,1896,2204,2891,2110,-82,-90,21,-11,5000,4900,5000,5000,-41.77,24.01,-225.28,19.240976732332825,16.73310380804292,61.612417787739844,0.5351898861802121,0.41860808826095036,0.7337159219840635
,62,0,0.3515625,0.12037037037037046,-0.3515625,-0.12037037037037046,2360,2502,2403,1784,2360,2502,2419,1792,0,0,-54,-22,5000,5000,5000,4900,-48.32,48.75,-198.92000000000002,-8.881385943185848,-5.992139080722119,68.13282829576978,-0.20528912897872245,-0.16004113874600445,0.9655274244846904
,63,0,-0.0234375,0.6203703703703702,0.0234375,-0.6203703703703702,2116,2828,2647,1458,2117,2829,2645,1506,-2,0,18,-208,5000,4800,5000,5000,-38.6,73.86,-208.71,-0.9314134118923505,-31.774503861180968,58.49424940264278,0.023350046717468195,-0.812538871941751,0.5824391443764054
,64,0,0.7265625,-0.6574074074074074,-0.7265625,0.6574074074074074,2605,1995,2158,2291,2606,2045,2195,2291,0,-219,-146,0,5000,4700,5000,4900,-33.52,15.700000000000001,-182.58,-22.71051512755548,28.1335303367908,53.21532271311152,-0.5383435277526892,0.6944176078761719,0.47746249276600233
,65,0,-0.73828125,-0.15740740740740744,0.73828125,0.15740740740740744,1650,2321,3113,1965,1709,2324,3112,1966,-291,-15,20,0,5100,4900,5100,4900,-35.160000000000004,36.25,-240.70000000000002,33.74072911308858,3.380212260659995,55.07456124139392,0.8934509546688644,0.0713425727185666,0.4434587116284802
,66,0,0.01171875,0.34259259259259256,-0.01171875,-0.34259259259259256,2139,2647,2624,1639,2140,2648,2625,1664,0,0,-21,-82,5000,5000,5000,5000,-45.96,60.82,-212.13,3.4145222904564605,-19.003763305007432,65.83786081106807,0.12377782893069976,-0.5164221137260163,0.8473412827898544
,67,0,-0.36328125,-0.49074074074074076,0.36328125,0.49074074074074076,1894,2104,2869,2182,1914,2142,2868,2183,-60,-154,19,0,4900,4900,4900,4900,-40.06,18.36,-222.61,16.997516543819927,22.55980643179422,59.88270020474333,0.48479197287220666,0.5582017077015127,0.6733406244671336
,68,0,0.38671875,0.0092592592592593,-0.38671875,-0.0092592592592593,2383,2430,2380,1856,2384,2431,2400,1857,0,0,-67,-12,5000,5000,5000,5000,-48.370000000000005,42.61,-196.26,-11.084017130746389,0.32650457321524584,68.1621237927419,-0.27376906169635135,-0.002083112046916767,0.9617932010063801
,69,0,-0.55078125,0.5092592592592591,0.55078125,-0.5092592592592591,1772,2756,2991,1530,1808,2756,2990,1562,-142,0,21,-117,5000,4800,5000,4900,-36.74,64.54,-232.58,23.56314253831067,-24.23443760015865,56.68786362386605,0.6199922402169377,-0.5764575047675595,0.5322653166118785
,70,0,0.19921875,-0.32407407407407407,-0.19921875,0.32407407407407407,2261,2213,2502,2073,2261,2241,2506,2074,0,-96,-24,-11,5000,5000,4900,5000,-46.27,25.13,-207.88,1.7927713662921576,16.90242742436815,66.06167154735215,0.08323518361048143,0.4371688573708952,0.895519566706588
,71,0,-0.17578125,0.17592592592592582,0.17578125,-0.17592592592592582,2016,2539,2747,1747,2027,2539,2746,1760,-34,0,21,-33,5000,5000,5000,5000,-47.61,50.71,-217.46,9.466896058287318,-9.308163210108397,67.483342677959,0.2877176194061141,-0.24286090518040857,0.926410898153854
,72,0,0.57421875,0.6759259259259258,-0.57421875,-0.6759259259259258,2505,2865,2258,1421,2505,2866,2283,1470,0,0,-90,-209,5100,5100,5000,4900,-35.42,75.9,-193.25,-16.490148844550873,-32.68241066597776,55.271353659628446,-0.34952573073131127,-0.7829010583626791,0.51468213138921
,73,0,-0.64453125,-0.6018518518518519,0.64453125,0.6018518518518519,1711,2032,3052,2254,1755,2075,3052,2254,-190,-180,20,0,4900,4900,4800,4900,-32.15,15.82,-233.02,27.588575901480795,24.311550572027592,51.999258434192726,0.726068132600829,0.5591546754150977,0.4002138375705947
,74,0,0.10546875,-0.10185185185185186,-0.10546875,0.10185185185185186,2200,2358,2563,1928,2200,2362,2564,1929,0,-18,-21,0,5000,5000,5000,4900,-48.89,35.19,-211.1,4.258668697558306,6.63934138126919,68.71210834599532,0.1569436439053577,0.17643549717104373,0.971719716778308
,75,0,-0.26953125,0.39814814814814814,0.26953125,-0.39814814814814814,1955,2684,2808,1602,1971,2686,2807,1632,-45,0,20,-100,5000,5000,4900,4900,-43.6,61.730000000000004,-220.85,12.05107169537331,-20.556179232900867,63.5063121490725,0.35383657439140276,-0.5236709259599817,0.774963508771331
,76,0,0.48046875,-0.43518518518518523,-0.48046875,0.43518518518518523,2444,2140,2319,2146,2445,2171,2340,2147,0,-111,-71,-4,5000,4900,4900,5000,-42.69,21.85,-193.45000000000002,-12.347392388829064,21.223734044483408,62.430999698602434,-0.2831438169193922,0.5381997552719499,0.7938328554333908
,77,0,-0.45703125,0.06481481481481477,0.45703125,-0.06481481481481477,1833,2466,2930,1820,1868,2466,2929,1823,-134,0,20,-11,5000,4900,5000,4900,-43.35,42.31,-230.37,22.97047120767894,-1.887275282848499,63.24546814515587,0.6616385131615553,-0.05338642412528405,0.7479200275567449
,78,0,0.29296875,0.5648148148148147,-0.29296875,-0.5648148148148147,2322,2792,2441,1494,2322,2792,2448,1535,0,0,-29,-158,5000,5000,5000,4700,-41.02,71.24,-208.26,-1.1950250187991571,-29.12307029140488,60.907485600317685,-0.027606962084237005,-0.7517841092364685,0.6588311686191003
,79,0,-0.08203125,-0.26851851851851855,0.08203125,0.26851851851851855,2078,2249,2685,2037,2080,2272,2684,2039,-13,-72,22,-12,5000,5000,5000,5000,-47.06,28.02,-211.31,4.99927040652355,13.770459636621439,66.86804719276323,0.16860118749285213,0.3534710344765123,0.9201260062415935
,80,0,0.66796875,0.2314814814814815,-0.66796875,-0.2314814814814815,2566,2575,2197,1711,2567,2576,2233,1724,0,0,-152,-32,5000,5000,5000,4800,-42.02,53.79,-183.18,-24.930389966007255,-9.878507077642006,61.79525670501202,-0.6130072521009516,-0.25683294071219726,0.7471672834357543
,81,0,-0.69140625,0.7314814814814814,0.69140625,-0.7314814814814814,1680,2901,3083,1385,1731,2902,3082,1431,-236,0,20,-193,5100,4900,5100,4900,-28.37,73.25,-235.1,25.461683830558655,-33.12477288443453,48.3434715252894,0.6228881378932779,-0.744569771263611,0.24005462585065676
,82,0,0.05859375,-0.7438271604938271,-0.05859375,0.7438271604938271,2169,1939,2594,2347,2170,1997,2594,2347,0,-276,-7,0,4900,5100,5100,4900,-34.18,6.33,-207.67000000000002,2.9971390876263797,35.639709266593755,53.932534415766455,0.12215826098493653,0.8912989808053831,0.43665030183022036
,83,0,-0.31640625,-0.24382716049382724,0.31640625,0.24382716049382724,1925,2265,2838,2021,1949,2270,2837,2022,-76,-19,20,0,5000,5000,5000,5000,-44.56,28.240000000000002,-222.73000000000002,16.379548754412582,12.707852113340756,64.40330988910684,0.4934531729124367,0.36610866098754064,0.78896667514703
,84,0,0.43359375,0.25617283950617287,-0.43359375,-0.25617283950617287,2414,2591,2349,1695,2415,2591,2369,1713,0,0,-64,-51,5000,4900,4900,5000,-46.44,55.5,-195.76,-12.522510233151053,-12.496462593694893,66.25706457301175,-0.2983984073266638,-0.3211165363068451,0.89880062339498
,85,0,-0.50390625,-0.5771604938271605,0.50390625,0.5771604938271605,1803,2048,2960,2238,1837,2087,2959,2239,-131,-157,20,0,5000,4900,5000,5000,-36.12,15.280000000000001,-227.57,22.18141808593768,25.258801669591186,55.95151851115827,0.5885226147314633,0.6138650714762057,0.5261281269530789
,86,0,0.24609375,-0.07716049382716061,-0.24609375,0.07716049382716061,2291,2374,2472,1912,2292,2377,2481,1912,0,-16,-33,-1,5000,5000,5000,5000,-49.17,36.96,-203.89000000000001,-3.0625111433523386,5.403518470602961,68.97377124079654,-0.05365417563633552,0.1462479190971019,0.9877918685616687
,87,0,-0.12890625,0.4228395061728394,0.12890625,-0.4228395061728394,2047,2700,2716,1586,2053,2701,2715,1617,-18,0,21,-111,5000,4900,4900,5000,-44.15,64.24,-214.01,5.043838746508072,-22.55652983195008,64.04061906576078,0.15452661009768934,-0.5861633118861025,0.7953201233279795
,88,0,0.62109375,-0.4104938271604938,-0.62109375,0.4104938271604938,2536,2156,2227,2130,2536,2184,2256,2131,0,-94,-116,-1,5000,5000,5000,4800,-41.07,25.36,-185.27,-20.75808839042449,18.319426597193257,60.793290621763134,-0.5001926292871265,0.46115314665083,0.7329018412726694
,89,0,-0.59765625,0.08950617283950613,0.59765625,-0.08950617283950613,1741,2482,3022,1804,1786,2482,3022,1808,-199,0,20,-11,4800,5000,5000,5000,-39.43,42.88,-237.32,29.871237951591638,-2.974339747830669,59.34783948209913,0.8015040419085371,-0.06948199054521818,0.5939389899595353
,90,0,0.15234375,0.5895061728395061,-0.15234375,-0.5895061728395061,2230,2808,2533,1478,2230,2808,2535,1524,0,0,-19,-191,4900,5000,5100,4900,-39.65,72.58,-211.54,1.9818015256200852,-30.703118492001018,59.550238095082904,0.09865435932939576,-0.7897287014996288,0.605471630560026
,91,0,-0.22265625,-0.6882716049382716,0.22265625,0.6882716049382716,1986,1975,2777,2311,1994,2032,2776,2312,-23,-269,21,-11,4900,5000,5000,4800,-36.0,9.13,-213.65,8.7503856982363,32.412823841225546,55.77648774734824,0.27625610230332687,0.8129753976115851,0.5125949363956486
,92,0,0.52734375,-0.18827160493827166,-0.52734375,0.18827160493827166,2475,2301,2288,1985,2476,2306,2316,1986,0,-19,-105,0,5000,5000,5000,5000,-45.45,33.36,-189.09,-17.54780210338336,10.070779978958875,65.20131636156164,-0.4688303854114804,0.27554255504813224,0.8392105636087224
,93,0,-0.41015625,0.31172839506172845,0.41015625,-0.31172839506172845,1864,2627,2899,1659,1892,2628,2898,1678,-93,0,20,-57,5000,5000,5000,5000,-42.84,55.72,-227.58,19.205915054277057,-15.05767226648539,62.754489264456964,0.532799770939025,-0.3724116739916434,0.7598907481750682
,94,0,0.33984375,-0.5216049382716049,-0.33984375,0.5216049382716049,2353,2084,2410,2202,2353,2124,2421,2203,0,-165,-35,0,4900,4800,4800,5000,-41.480000000000004,16.29,-201.48000000000002,-3.9277614117085022,26.17709244147512,61.23406411133665,-0.06855604692588203,0.6717573127234232,0.7375921510106392
,95,0,-0.03515625,-0.021604938271605034,0.03515625,0.021604938271605034,2108,2410,2655,1876,2111,2412,2654,1879,-15,-15,22,-14,5000,5000,5000,5000,-49.36,40.1,-210.59,3.3885635425449436,1.7810456974349052,69.19062696387373,0.1177724202672,0.050299960186284284,0.9917658851914922
,96,0,0.71484375,0.47839506172839474,-0.71484375,-0.47839506172839474,2597,2736,2166,1550,2598,2737,2205,1582,0,0,-163,-108,5100,4900,5100,4900,-38.13,65.89,-183.99,-24.998813730386843,-22.01412628786742,57.9325808743376,-0.5891131543217593,-0.5315307899020196,0.6086219769209801
,97,0,-0.71484375,-0.3549382716049383,0.71484375,0.3549382716049383,1665,2193,3098,2093,1722,2214,3098,2094,-274,-61,20,-12,4800,5000,5100,4700,-34.42,28.82,-238.44,32.03391542657832,10.954250056002017,54.31243361804475,0.8507391298140783,0.27323812232751127,0.4489809144163274
,98,0,0.03515625,0.1450617283950617,-0.03515625,-0.1450617283950617,2154,2519,2609,1767,2155,2519,2609,1778,0,0,-2,-30,5000,5000,5000,5000,-48.74,50.49,-211.55,3.5857109038655324,-8.652760653178,68.59487705339583,0.12949108407783033,-0.232161529663177,0.9640192338790765
,99,0,-0.33984375,0.6450617283950615,0.33984375,-0.6450617283950615,1909,2845,2854,1441,1929,2846,2853,1490,-53,0,19,-213,5100,5000,5000,5000,-36.730000000000004,73.10000000000001,-222.25,12.633204654521904,-32.0138004457343,56.6639560226273,0.35115089593936494,-0.7787607094312321,0.5198315166735713
,100,0,0.41015625,-0.6327160493827161,-0.41015625,0.6327160493827161,2398,2012,2365,2274,2399,2061,2379,2274,0,-215,-42,0,4900,4800,5100,4900,-38.09,12.290000000000001,-198.25,-6.845878091881104,30.395498555560412,57.82603757130701,-0.13932128496458857,0.7732543836763824,0.6186010327190489
,101,0,-0.52734375,-0.13271604938271608,0.52734375,0.13271604938271608,1787,2337,2976,1949,1828,2340,2975,1950,-172,-17,21,0,5000,4900,5000,5000,-41.17,35.45,-233.43,26.53165881621777,4.724869380283145,61.06072885393388,0.7409006836041758,0.11844346187229586,0.6610879845940111
,102,0,0.22265625,0.3672839506172838,-0.22265625,-0.3672839506172838,2276,2663,2487,1623,2276,2664,2492,1649,-2,-1,-25,-85,5000,5000,5000,5000,-45.660000000000004,61.96,-208.75,-0.03910677258738815,-19.893487373266673,65.52990403283611,0.032735090647593966,-0.5257859053019309,0.8499868208543723
,103,0,-0.15234375,-0.4660493827160494,0.15234375,0.4660493827160494,2032,2120,2731,2166,2035,2157,2730,2168,-17,-140,20,-4,5000,5000,5000,4900,-42.660000000000004,18.31,-212.72,7.13035350637864,23.340891299636255,62.45244727824702,0.23217987870344617,0.5980607570171447,0.7670826779698089
,104,0,0.59765625,0.033950617283950546,-0.59765625,-0.033950617283950546,2521,2446,2242,1840,2521,2446,2276,1843,0,0,-141,-12,5000,4900,5000,4900,-44.84,43.480000000000004,-185.29,-22.078040174918442,0.25535975156927293,64.6005095914889,-0.5764975433322449,-0.002404697397114865,0.817095343250905
,105,0,-0.62109375,0.5339506172839505,0.62109375,-0.5339506172839505,1726,2772,3037,1514,1770,2772,3037,1546,-190,0,21,-115,5000,4900,5000,5000,-33.92,66.24,-233.31,24.174631382449235,-25.98979378418739,53.87359532452321,0.659362583222891,-0.6026559366976917,0.4494961688475932
,106,0,0.12890625,-0.29938271604938277,-0.12890625,0.29938271604938277,2215,2229,2548,2057,2215,2256,2550,2058,0,-91,-21,-10,5000,5000,5000,4900,-46.69,26.37,-209.65,3.4658360255999128,15.536914091035968,66.4896061010721,0.12902886224810595,0.404522377843914,0.9053801403446315
,107,0,-0.24609375,0.2006172839506173,0.24609375,-0.2006172839506173,1971,2555,2792,1731,1988,2555,2791,1745,-50,0,20,-36,5000,5000,5000,5000,-46.64,51.39,-220.6,12.551352665425185,-10.218815037037807,66.52431155813355,0.37513796668144217,-0.26581148090341394,0.8880404059354774
,108,0,0.50390625,0.7006172839506171,-0.50390625,-0.7006172839506171,2459,2881,2304,1405,2460,2882,2326,1453,0,0,-76,-210,5100,4800,5100,4900,-35.35,76.4,-196.49,-13.295359184668115,-33.41883852822193,55.21225177457721,-0.24763088893849183,-0.8376287732735687,0.4868849772048309
,109,0,-0.43359375,-0.7253086419753086,0.43359375,0.7253086419753086,1848,1951,2915,2335,1872,2008,2914,2335,-74,-268,21,0,5000,4900,5000,4700,-32.59,8.75,-222.52,17.634177892912618,32.13354647692012,52.39275602104448,0.4921618943971924,0.7630963641306343,0.4188801842460125
,110,0,0.31640625,-0.22530864197530875,-0.31640625,0.22530864197530875,2337,2277,2426,2009,2337,2284,2440,2010,0,-23,-45,0,5000,5000,5000,4900,-47.38,29.45,-200.96,-5.428617391871342,13.10409391563212,67.15944518516777,-0.11913896619251313,0.36394128959287547,0.9237708831003789
,111,0,-0.05859375,0.27469135802469125,0.05859375,-0.27469135802469125,2093,2603,2670,1683,2096,2604,2669,1706,-14,0,19,-68,5000,5000,5000,4900,-47.33,56.71,-211.29,2.8742791303871513,-14.84012748347461,67.19685826273863,0.0987846841894527,-0.39721345605286285,0.912394134406908
,112,0,0.69140625,-0.558641975308642,-0.69140625,0.558641975308642,2582,2060,2181,2226,2583,2098,2216,2227,0,-151,-142,0,5000,5000,5000,5000,-36.64,19.12,-183.37,-22.18249660313046,24.67189385695648,56.34472670098914,-0.5279623590262945,0.6170697897447487,0.5835071739368436
,113,0,-0.66796875,-0.058641975308642014,0.66796875,0.058641975308642014,1696,2386,3067,1900,1750,2387,3067,1900,-258,0,21,0,4800,5000,5100,5000,-37.11,39.18,-240.33,33.151194856336275,0.48967174441505534,57.02943333031996,0.8592694885951833,0.011208613972162764,0.5114003450743809
,114,0,0.08203125,0.441358024691358,-0.08203125,-0.441358024691358,2184,2712,2579,1574,2184,2713,2580,1607,0,0,-20,-122,5000,4900,5000,5000,-43.910000000000004,65.71000000000001,-212.5,3.4307881659383384,-23.912371165271033,63.799036567673554,0.11991048241059833,-0.6371612666913392,0.7613455171184407
,115,0,-0.29296875,-0.39197530864197533,0.29296875,0.39197530864197533,1940,2168,2823,2118,1956,2199,2822,2119,-46,-110,21,0,5000,5000,5000,5000,-43.04,22.62,-220.47,14.542233488364928,18.474998121214284,62.86490177127311,0.4269548050148196,0.4650911467954416,0.775499722532032
,116,0,0.45703125,0.10802469135802473,-0.45703125,-0.10802469135802473,2429,2494,2334,1792,2430,2494,2357,1799,0,0,-79,-16,5000,5000,5000,4900,-47.21,47.5,-193.16,-14.53096116343815,-4.325598435306674,67.00272117346242,-0.3606861405871308,-0.1242109356795218,0.9243793330911169
,117,0,-0.48046875,0.6080246913580247,0.48046875,-0.6080246913580247,1818,2820,2945,1466,1849,2821,2944,1507,-113,0,18,-164,5000,4800,5000,4700,-35.79,70.2,-228.71,19.291193538762514,-29.59751775666502,55.73769364952079,0.496140482676558,-0.7059285063896085,0.5054795399578594
,118,0,0.26953125,-0.6697530864197531,-0.26953125,0.6697530864197531,2307,1987,2456,2299,2307,2043,2460,2299,0,-265,-25,0,5000,4800,5100,4800,-36.96,9.57,-204.86,-0.050947187210454103,32.620834357344705,56.71060287126893,0.04263267401610411,0.8311456071188987,0.5544181047487482
,119,0,-0.10546875,-0.16975308641975317,0.10546875,0.16975308641975317,2062,2313,2701,1973,2070,2317,2700,1974,-26,-18,20,0,5000,5000,5000,5000,-47.88,31.41,-213.59,7.022112528385634,10.224246947852563,67.70194485796874,0.2342852821762603,0.30813999916586515,0.9220412937985214
,120,0,0.64453125,0.33024691358024705,-0.64453125,-0.33024691358024705,2551,2639,2212,1647,2551,2640,2245,1667,0,0,-134,-60,5000,5000,4900,4900,-42.39,58.21,-185.70000000000002,-22.742440873697717,-14.47056616263739,62.18200226655517,-0.5589906847270417,-0.37626987065825357,0.7388845639362174
,121,0,-0.57421875,-0.5030864197530864,0.57421875,0.5030864197530864,1757,2096,3006,2190,1798,2128,3005,2191,-172,-120,20,0,4900,4900,5100,5000,-35.63,18.95,-231.05,25.384269968094515,21.342363830028006,55.47965574530133,0.6795749856070379,0.522685797870748,0.5147595512872146
,122,0,0.17578125,-0.0030864197530864335,-0.17578125,0.0030864197530864335,2246,2422,2517,1864,2246,2424,2522,1867,-4,-16,-23,-12,5000,5000,5000,5000,-49.51,41.49,-207.82,0.5236531105761912,0.5982805202534465,69.33503871008469,0.04449837052892436,0.01580618673595061,0.99888440746722
,123,0,-0.19921875,0.49691358024691334,0.19921875,-0.49691358024691334,2001,2748,2762,1538,2010,2749,2761,1577,-28,0,19,-147,5000,4900,5000,5000,-42.160000000000004,67.18,-217.06,7.875724484515928,-25.71680481796445,62.065958289921085,0.2290323045939344,-0.6557449503143167,0.7194044506323727
,124,0,0.55078125,-0.3364197530864198,-0.55078125,0.3364197530864198,2490,2205,2273,2081,2491,2231,2299,2081,0,-81,-96,0,5000,5000,4900,4900,-43.65,28.490000000000002,-188.54,-17.733930192531858,14.963903180106634,63.3896591995082,-0.427225580837011,0.37498206319296146,0.8227191230073774
,125,0,-0.38671875,0.1635802469135803,0.38671875,-0.1635802469135803,1879,2531,2884,1755,1908,2531,2883,1763,-102,0,22,-21,5000,4900,4900,5000,-44.71,48.17,-227.07,19.2456441489889,-7.4863755842942865,64.60742967075053,0.5496222191630229,-0.19124286417728087,0.8132291086179738
,126,0,0.36328125,0.6635802469135801,-0.36328125,-0.6635802469135801,2368,2857,2395,1429,2369,2858,2407,1478,-4,0,-39,-212,5000,5000,4800,4700,-37.64,76.2,-202.87,-6.924514265044792,-33.68207887754735,57.52126444855651,-0.09942167982474795,-0.8278804082816374,0.5520229697795688
,127,0,-0.01171875,-0.6141975308641976,0.01171875,0.6141975308641976,2123,2024,2640,2262,2124,2073,2640,2262,0,-213,0,0,4900,5000,5000,5000,-39.07,11.77,-207.18,2.095341845433296,30.2614088112671,58.83217174379452,0.10164106860662442,0.7920391678072488,0.6019493748079686
,128,0,0.73828125,-0.1141975308641976,-0.73828125,0.1141975308641976,2612,2350,2151,1936,2613,2352,2198,1937,0,-13,-214,0,4900,5000,5100,4900,-41.06,40.14,-178.5,-28.593834875693773,4.075744596731155,60.79299346516646,-0.7357400958829403,0.12004843523622158,0.6665394845824936
,129,0,-0.744140625,0.3858024691358024,0.744140625,-0.3858024691358024,1646,2676,3117,1610,1704,2677,3116,1632,-288,0,22,-64,4800,4800,4800,4800,-33.88,56.28,-242.65,34.220067114595906,-16.741713002265392,53.84161404319099,0.8331393566546765,-0.3855628381896946,0.39650991185610934
,130,0,0.005859375,-0.44753086419753085,-0.005859375,0.44753086419753085,2135,2132,2628,2154,2136,2168,2628,2155,0,-139,-3,-2,5000,4900,4900,5000,-43.550000000000004,18.94,-209.46,3.8303698206086096,22.953693218912946,63.33380153161839,0.1416383571663525,0.6063663247736666,0.7824694600811543
,131,0,-0.369140625,0.052469135802468925,0.369140625,-0.052469135802468925,1890,2458,2873,1828,1918,2458,2872,1834,-100,0,21,-16,5000,5000,5000,5000,-45.37,42.47,-226.20000000000002,18.79415086104703,-1.736437114530716,65.25307772106616,0.5846238119143625,-0.037878354987484465,0.8104197855223937
,132,0,0.380859375,0.5524691358024689,-0.380859375,-0.5524691358024689,2379,2784,2384,1502,2380,2784,2398,1539,0,0,-43,-143,5000,4900,5000,5000,-40.82,70.48,-202.67000000000002,-6.71362598457236,-27.95561070644498,60.68889580629225,-0.137608577991583,-0.7221171518900716,0.6779459404770456
,133,0,-0.556640625,-0.2808641975308642,0.556640625,0.2808641975308642,1768,2241,2995,2045,1806,2261,2994,2047,-155,-62,20,-11,5100,4900,5000,4900,-39.26,30.330000000000002,-233.8,27.281702900673025,9.799597603748907,59.14136246646801,0.7411556340017729,0.22866411460148142,0.6311901843984513
,134,0,0.193359375,0.21913580246913567,-0.193359375,-0.21913580246913567,2257,2567,2506,1719,2257,2568,2511,1734,0,0,-25,-43,5000,5000,5000,5000,-47.99,54.54,-209.17000000000002,0.9172502464945183,-12.519000873230304,67.8459416216576,0.05579020608551313,-0.33206432166486455,0.9416054052426576
,135,0,-0.181640625,0.7191358024691357,0.181640625,-0.7191358024691357,2013,2893,2750,1393,2018,2894,2749,1448,-19,0,17,-250,5000,4900,4800,4900,-35.58,78.61,-213.31,3.3165115702961145,-36.85591279047748,55.49803234792782,0.1398460942523438,-0.8770112894398548,0.45966756261172975
,136,0,0.568359375,-0.7067901234567902,-0.568359375,0.7067901234567902,2502,1963,2261,2323,2502,2019,2283,2323,0,-264,-77,0,5000,5000,4800,4700,-34.410000000000004,11.26,-190.51,-14.478825671909192,31.98200851389089,54.12036659391818,-0.33464397523172107,0.7967094948426803,0.5032567840264375
,137,0,-0.650390625,-0.20679012345679015,0.650390625,0.20679012345679015,1707,2289,3056,1997,1758,2294,3056,1998,-229,-20,21,0,5000,5000,5000,5000,-37.53,32.83,-237.36,30.653733747854062,7.041324179230067,57.42735089087917,0.8260142464280962,0.16844320102110563,0.5378915808298073
,138,0,0.099609375,0.29320987654320985,-0.099609375,-0.29320987654320985,2196,2615,2567,1671,2196,2616,2568,1694,0,0,-20,-69,4900,5000,5000,5000,-46.97,58.03,-212.1,3.5863185479053357,-16.216790829733846,66.84203732343728,0.12569270583818412,-0.4394360272794718,0.8894365191670012
,139,0,-0.275390625,-0.5401234567901234,0.275390625,0.5401234567901234,1951,2072,2812,2214,1965,2114,2812,2215,-36,-176,3,0,5000,5000,4900,4900,-39.82,15.4,-217.46,12.079202981049008,25.888976234668387,59.62093672009661,0.36474258904124396,0.6504355224341501,0.6662555627499891
,140,0,0.474609375,-0.040123456790123524,-0.474609375,0.040123456790123524,2440,2398,2323,1888,2441,2399,2348,1888,0,-6,-88,0,5000,4900,4900,4900,-47.14,40.38,-191.42000000000002,-15.743849512850886,2.9026598433772293,66.91280950293853,-0.4183382960708128,0.0703256540132736,0.9055646704836566
,141,0,-0.462890625,0.45987654320987637,0.462890625,-0.45987654320987637,1829,2724,2934,1562,1861,2725,2933,1593,-119,0,20,-109,5000,5000,5000,5000,-39.18,62.72,-229.25,20.368566177001185,-22.169587404710306,59.113966577600635,0.5501717243271536,-0.5434077281844389,0.6340497730464968
,142,0,0.287109375,-0.37345679012345684,-0.287109375,0.37345679012345684,2318,2181,2445,2105,2318,2211,2453,2106,0,-104,-31,-12,5000,4900,5000,4900,-45.33,23.240000000000002,-203.54,-2.3941846028684495,19.10348821226321,65.1045764004094,-0.030236918425626477,0.49132656507084516,0.870450420885536
,143,0,-0.087890625,0.12654320987654322,0.087890625,-0.12654320987654322,2074,2506,2689,1780,2080,2506,2688,1790,-18,0,20,-27,5000,5000,5000,5000,-48.730000000000004,48.63,-213.08,5.248034069253691,-6.910004825074942,68.5857218676124,0.16683888503801628,-0.18263961886001417,0.9689208203263775
,144,0,0.662109375,0.6265432098765431,-0.662109375,-0.6265432098765431,2563,2832,2200,1454,2564,2833,2232,1497,0,0,-129,-177,4900,4900,5000,5000,-35.15,72.9,-189.76,-19.749919896013353,-29.435158671821164,54.98456597074815,-0.47230862550722547,-0.7099486235347743,0.5223959362519531
,145,0,-0.697265625,-0.6512345679012346,0.697265625,0.6512345679012346,1676,1999,3087,2287,1726,2046,3087,2287,-223,-195,21,0,4900,5100,5100,4900,-28.47,13.31,-233.75,28.51133056608552,26.75289423425379,48.31635673147812,0.7412747684749734,0.5956405916928774,0.30939295911531806
,146,0,0.052734375,-0.15123456790123457,-0.052734375,0.15123456790123457,2165,2325,2598,1961,2166,2331,2598,1962,0,-21,0,0,5000,5000,5000,4900,-48.34,32.13,-210.93,4.315151149163739,9.702312267717005,68.15531477434267,0.1612606347175413,0.2667666449147325,0.9501739655723225
,147,0,-0.322265625,0.3487654320987654,0.322265625,-0.3487654320987654,1921,2651,2842,1635,1944,2652,2841,1661,-72,0,21,-83,4900,5000,5000,4900,-43.92,58.52,-223.38,14.808759873447997,-17.53965168566041,63.82743123795784,0.4333561617685601,-0.44564719926185303,0.7833268863298951
,148,0,0.427734375,-0.4845679012345679,-0.427734375,0.4845679012345679,2410,2108,2353,2178,2411,2144,2372,2180,0,-139,-59,-13,5000,5000,4900,5000,-42.06,18.830000000000002,-197.20000000000002,-8.384187070061586,23.959144277988585,61.806232177256845,-0.18514741198059603,0.6101579379800216,0.7703426033635007
,149,0,-0.509765625,0.015432098765432167,0.509765625,-0.015432098765432167,1799,2434,2964,1852,1839,2434,2963,1853,-167,0,20,0,5000,5000,5000,4800,-41.81,39.93,-231.58,24.3562157103905,0.3940741151653171,61.70428123326401,0.7235616942088449,0.005570530706685117,0.6902372373765938
,150,0,0.240234375,0.515432098765432,-0.240234375,-0.515432098765432,2288,2760,2475,1526,2288,2760,2479,1563,-1,0,-22,-139,5000,5000,5000,4900,-42.39,69.15,-210.02,0.7095614830586214,-27.16466967627789,62.27854989042642,0.029497279751863,-0.7083387907292504,0.7052560301305218
,151,0,-0.134765625,-0.3179012345679013,0.134765625,0.3179012345679013,2043,2217,2720,2069,2045,2245,2719,2069,-15,-95,21,-8,5000,5000,5000,4900,-46.02,25.75,-213.71,7.562292846246407,15.855967736100304,65.83070831829393,0.23619183071568522,0.40902676120378995,0.8814252819849855
,152,0,0.615234375,0.18209876543209869,-0.615234375,-0.18209876543209869,2532,2543,2231,1743,2532,2543,2263,1752,-1,0,-129,-25,5000,4900,5000,4800,-44.06,50.96,-185.46,-22.454865972419327,-7.2187162291179945,63.83638227667055,-0.5621351755237539,-0.19707815043396074,0.8032211694548439
,153,0,-0.603515625,0.6820987654320985,0.603515625,-0.6820987654320985,1738,2869,3025,1417,1779,2870,3024,1462,-173,0,19,-183,4700,4800,5000,4900,-31.42,72.75,-231.44,21.839420647897725,-32.350778260084105,51.38127365133643,0.5745692564503153,-0.7382094257592674,0.35343601013805165
,154,0,0.146484375,-0.595679012345679,-0.146484375,0.595679012345679,2226,2036,2537,2250,2226,2084,2539,2250,0,-209,-21,0,5100,5000,5000,5000,-39.550000000000004,12.530000000000001,-208.29,3.1452191569152603,29.423141251262013,59.3171100168546,0.12339393767477394,0.7722621147251809,0.6232055538145543
,155,0,-0.228515625,-0.0956790123456791,0.228515625,0.0956790123456791,1982,2362,2781,1924,1998,2364,2780,1925,-49,-16,21,0,5000,5000,5000,5000,-47.32,35.76,-220.01,13.107361250797908,5.413867978081342,67.17043554143487,0.42772073979572556,0.1675093052998645,0.88825424366369
,156,0,0.521484375,0.4043209876543208,-0.521484375,-0.4043209876543208,2471,2688,2292,1598,2472,2689,2316,1624,0,0,-82,-86,5000,4900,5000,4900,-43.33,62.86,-193.48000000000002,-15.327196414666076,-19.67647183432377,63.155242088132496,-0.3710274413124983,-0.5036101461502329,0.7802021907734183
,157,0,-0.416015625,-0.42901234567901236,0.416015625,0.42901234567901236,1860,2144,2903,2142,1886,2174,2902,2143,-84,-106,20,0,5000,5000,5000,4900,-40.59,21.62,-225.25,19.389759931609348,19.11618317579822,60.42742990316377,0.5397752224414744,0.47677267486748187,0.6937798827711594
,158,0,0.333984375,0.07098765432098753,-0.333984375,-0.07098765432098753,2349,2470,2414,1816,2349,2470,2428,1822,0,0,-49,-17,5000,4900,5000,5000,-48.79,45.85,-199.39000000000001,-8.201310953362139,-3.1333581512095066,68.59830612045242,-0.18927669985700252,-0.08929234734918771,0.9778554124184793
,159,0,-0.041015625,0.5709876543209875,0.041015625,-0.5709876543209875,2104,2796,2659,1490,2105,2796,2658,1533,0,0,19,-175,4800,5000,5000,4700,-40.65,72.78,-209.26,-0.30960513433410597,-30.73309764558099,60.54369507405487,0.028317061166526797,-0.7669349514268481,0.6410997772007022
,160,0,0.708984375,-0.26234567901234573,-0.708984375,0.26234567901234573,2593,2253,2170,2033,2594,2270,2209,2034,0,-49,-159,0,5000,5000,5000,5000,-41.19,34.68,-180.41,-26.28889943690129,9.381245885254998,60.91760767170118,-0.6534064221680694,0.22995150838337902,0.721236681860907
,161,0,-0.720703125,0.23765432098765427,0.720703125,-0.23765432098765427,1661,2579,3102,1707,1721,2580,3102,1718,-297,0,21,-25,5100,5100,5000,4900,-34.730000000000004,50.620000000000005,-240.1,32.08962317272815,-10.908026754176895,54.67222428236593,0.8601094164529892,-0.24396509555987433,0.4479875264751917
,162,0,0.029296875,0.7376543209876543,-0.029296875,-0.7376543209876543,2150,2905,2613,1381,2151,2906,2614,1436,0,0,-18,-254,4900,5000,4900,4900,-34.9,79.88,-211.89000000000001,1.8091579496228292,-38.01989248251825,54.81631661629201,0.09329261779960003,-0.9021192116598218,0.4212806848389322
,163,0,-0.345703125,-0.7376543209876543,0.345703125,0.7376543209876543,1906,1943,2857,2343,1924,2002,2856,2343,-47,-281,20,-4,4900,4800,4900,4900,-32.88,7.23,-218.43,13.66585757648761,33.9500620679053,52.66717353862711,0.396868221226866,0.8110047231578751,0.4298452675042989
,164,0,0.404296875,-0.23765432098765427,-0.404296875,0.23765432098765427,2395,2269,2368,2017,2396,2276,2388,2018,0,-21,-67,0,5000,5000,5000,4900,-46.58,29.6,-195.97,-10.413847902219771,13.318641291770213,66.3445548967955,-0.2606155203420851,0.3732586955912227,0.8903693035602492
,165,0,-0.533203125,0.2623456790123455,0.533203125,-0.2623456790123455,1783,2595,2980,1691,1820,2596,2979,1708,-147,0,20,-45,5000,5000,5000,4900,-40.78,51.46,-233.34,25.268775952583155,-11.236260882487663,60.703310880687326,0.703451822212335,-0.27369564951885045,0.6559315705625094
,166,0,0.216796875,-0.5709876543209876,-0.216796875,0.5709876543209876,2272,2052,2491,2234,2272,2096,2494,2236,0,-190,-24,-1,5000,4800,5000,4800,-40.25,13.52,-207.44,2.2228789522763748,28.499736486596177,60.01654706727379,0.0970053015797451,0.7491221604305787,0.6552907447974875
,167,0,-0.158203125,-0.07098765432098764,0.158203125,0.07098765432098764,2028,2378,2735,1908,2037,2380,2734,1909,-28,-16,21,-11,5000,5000,5000,5000,-48.26,37.160000000000004,-216.98000000000002,9.980137144977078,4.2419910617506815,68.10407031207292,0.32669596018090885,0.133626056316045,0.9356355202080006
,168,0,0.591796875,0.42901234567901225,-0.591796875,-0.42901234567901225,2517,2704,2246,1582,2517,2706,2275,1609,0,0,-115,-91,5000,5000,4900,4900,-41.69,63.1,-190.17000000000002,-18.641133854225018,-19.676797324011183,61.50566076526724,-0.45400607607552085,-0.5244616252158127,0.7202905570410434
,169,0,-0.626953125,-0.404320987654321,0.626953125,0.404320987654321,1722,2160,3041,2126,1766,2184,3041,2128,-187,-77,21,-10,5000,4800,5000,4900,-35.21,24.28,-234.43,28.365436889768063,15.777893229566168,55.08089426055699,0.7746447812473487,0.3711197554258398,0.5120503783993452
,170,0,0.123046875,0.095679012345679,-0.123046875,-0.095679012345679,2211,2486,2552,1800,2211,2486,2554,1810,0,-2,-20,-23,5000,5000,5000,4900,-49.14,47.660000000000004,-211.13,3.3732547325807616,-5.798678686154794,68.98778734951438,0.12536342850534082,-0.15295092155334689,0.9802499815809069
,171,0,-0.251953125,0.5956790123456788,0.251953125,-0.5956790123456788,1967,2812,2796,1474,1979,2812,2795,1519,-30,0,20,-183,5000,4900,4900,5000,-39.19,71.52,-219.19,9.690239415695032,-30.208059327729508,59.111373971773574,0.2661304582553065,-0.7535848047550724,0.6010694812008673
,172,0,0.498046875,-0.6820987654320988,-0.498046875,0.6820987654320988,2456,1979,2307,2307,2457,2035,2326,2307,0,-262,-63,0,4900,4800,5000,4800,-36.2,11.5,-193.68,-11.340149344914465,31.51423572027365,55.92050534632443,-0.2519122109859166,0.7948339378484873,0.5520681562999754
,173,0,-0.439453125,-0.1820987654320988,0.439453125,0.1820987654320988,1845,2305,2918,1981,1878,2309,2917,1982,-122,-16,21,0,5000,5000,4900,4900,-43.09,32.54,-228.57,21.892657456475405,7.9878089935118695,62.959936969104916,0.6388876461552647,0.2081625653895726,0.7406017296500311
,174,0,0.310546875,0.3179012345679011,-0.310546875,-0.3179012345679011,2333,2631,2430,1655,2333,2632,2441,1677,0,0,-36,-73,5000,5000,5000,5000,-46.49,59.21,-203.64000000000001,-4.936020918785772,-16.774256160904507,66.33868613488067,-0.09996233426602907,-0.4411889779674751,0.8918294777860291
,175,0,-0.064453125,-0.5154320987654322,0.064453125,0.5154320987654322,2089,2088,2674,2198,2090,2130,2673,2199,0,-174,21,0,4900,5000,5000,4900,-41.88,15.89,-208.4,3.001754294593013,26.069419915274707,61.654324391665426,0.11936097059761715,0.6858679626358272,0.7178705290843014
,176,0,0.685546875,-0.015432098765432167,-0.685546875,0.015432098765432167,2578,2414,2185,1872,2579,2415,2225,1872,0,0,-175,0,5000,4900,5000,4800,-42.53,41.68,-180.72,-26.497020074111276,2.3804210857718147,62.27290761168072,-0.6903587309230902,0.06571376332450245,0.720476595003607
,177,0,-0.673828125,0.4845679012345676,0.673828125,-0.4845679012345676,1692,2740,3071,1546,1743,2741,3069,1576,-235,0,21,-103,5000,5100,4900,5000,-34.64,62.38,-238.66,29.791231435780475,-22.530924832320885,54.60196982622756,0.7368012417022048,-0.5165019688892349,0.4362907818870725
,178,0,0.076171875,-0.3487654320987654,-0.076171875,0.3487654320987654,2181,2197,2582,2089,2181,2228,2582,2089,0,-106,-8,0,5000,5000,5000,4900,-45.85,23.92,-209.59,3.588118897030597,17.9828036845415,65.64440139466305,0.13177397968085872,0.4719839075095082,0.8717033952733719
,179,0,-0.298828125,0.15123456790123446,0.298828125,-0.15123456790123446,1936,2523,2827,1763,1957,2523,2826,1773,-64,0,21,-27,5000,5000,5000,5000,-46.26,48.19,-223.33,15.509789544350156,-7.228517231942412,66.14606524915169,0.4639291414454403,-0.1887704762195688,0.8655261168939583
,180,0,0.451171875,0.6512345679012344,-0.451171875,-0.6512345679012344,2425,2849,2338,1437,2427,2850,2356,1484,-2,0,-58,-200,5000,5000,5000,4700,-37.81,75.72,-198.64000000000001,-11.108389060301988,-32.892765002979694,57.677390375380284,-0.20385780689499275,-0.7961776797246994,0.5696868410593294
,181,0,-0.486328125,-0.6265432098765432,0.486328125,0.6265432098765432,1814,2016,2949,2270,1844,2065,2948,2270,-104,-212,19,0,4900,4800,5000,5000,-34.550000000000004,13.24,-226.16,20.929379534547536,27.393146267479597,54.37304690758177,0.5740298678695875,0.6582440433732404,0.48703643617009973
,182,0,0.263671875,-0.12654320987654322,-0.263671875,0.12654320987654322,2303,2342,2460,1944,2303,2347,2470,1945,0,-19,-34,0,5000,5000,5000,5000,-48.71,34.4,-203.36,-3.4019899571282792,7.994443250634028,68.50690625044254,-0.0589701737019577,0.2053133579870214,0.9769180844091555
,183,0,-0.111328125,0.3734567901234567,0.111328125,-0.3734567901234567,2058,2667,2705,1619,2063,2668,2704,1647,-18,0,20,-91,5000,5000,5000,4900,-45.43,61.92,-213.45000000000002,4.651812813551459,-20.198808184622898,65.31414342815602,0.14624249386534913,-0.5245879868095886,0.8387017211637918
,184,0,0.638671875,-0.4598765432098766,-0.638671875,0.4598765432098766,2547,2124,2216,2162,2547,2155,2248,2164,0,-108,-127,-13,5000,5000,4900,4800,-39.910000000000004,22.87,-185.31,-20.532217290196883,20.797148123172285,59.628310670956196,-0.4933717705419844,0.5231187923828816,0.6949323888610626
,185,0,-0.580078125,0.04012345679012341,0.580078125,-0.04012345679012341,1753,2450,3010,1836,1797,2450,3009,1837,-190,0,22,0,5000,5000,5000,5000,-40.34,40.230000000000004,-236.23000000000002,28.97591412977792,-0.24947810876801668,60.24907435828713,0.7820721480913431,-0.01616651640460015,0.6229781689009117
,186,0,0.169921875,0.5401234567901232,-0.169921875,-0.5401234567901232,2242,2776,2521,1510,2242,2776,2523,1551,0,0,-19,-167,5000,4900,5000,5000,-41.14,70.4,-211.13,1.7284961755796644,-28.49554355137449,61.034505349036394,0.09989723688635767,-0.7438084611275595,0.6608854024848202
,187,0,-0.205078125,-0.29320987654320985,0.205078125,0.29320987654320985,1997,2233,2766,2053,2005,2258,2765,2054,-25,-81,21,-12,5000,4900,5000,4900,-45.77,27.6,-217.5,11.207103083279918,13.732433998534923,65.59605367538832,0.3389118430321788,0.3488707743683667,0.8737436382853656
,188,0,0.544921875,0.20679012345679015,-0.544921875,-0.20679012345679015,2486,2559,2277,1727,2487,2559,2307,1738,0,0,-111,-30,5000,5000,5000,4900,-45.12,52.83,-189.64000000000001,-18.426358067759992,-9.387824368603496,64.91294808576687,-0.45415258419017873,-0.25041485048807244,0.8550075046035668
,189,0,-0.392578125,0.7067901234567899,0.392578125,-0.7067901234567899,1875,2885,2888,1401,1898,2886,2887,1450,-70,0,20,-216,4900,5000,5000,5000,-34.7,75.34,-224.86,15.077734272908174,-34.443784130388984,54.64651848031171,0.36087239632458007,-0.823108900959282,0.438477879410762
,190,0,0.357421875,-0.7191358024691358,-0.357421875,0.7191358024691358,2364,1955,2399,2331,2364,2015,2408,2331,0,-288,-32,0,4800,4900,5100,5000,-35.54,8.61,-200.53,-4.294754616713391,33.89257895361454,55.27544985393794,-0.07092880914036281,0.858171516185488,0.5084395272220987
,191,0,-0.017578125,-0.21913580246913578,0.017578125,0.21913580246913578,2120,2281,2643,2005,2122,2288,2642,2005,-13,-22,21,12,5000,5000,5000,5000,-47.65,28.68,-208.58,2.2265230991131375,13.313792021941275,67.45107983245892,0.09747652154891423,0.391883823519296,0.9148362676515517
,192,0,0.732421875,0.2808641975308639,-0.732421875,-0.2808641975308639,2608,2607,2155,1679,2609,2608,2197,1697,0,0,-182,-50,4900,5000,5100,5000,-39.95,56.230000000000004,-180.84,-27.437060949671462,-12.145016952565818,59.72314822172048,-0.6852246563223912,-0.2802782959650626,0.6722434433884658
,193,0,-0.732421875,-0.5524691358024691,0.732421875,0.5524691358024691,1654,2064,3109,2222,1709,2097,3108,2223,-262,-125,19,0,4900,4900,4800,4900,-30.55,18.03,-235.88,30.283389604033744,21.894127500748112,50.41251812683979,0.7948809694266914,0.502956400435736,0.3394099345982839
,194,0,0.017578125,-0.05246913580246915,-0.017578125,0.05246913580246915,2142,2390,2621,1896,2143,2393,2621,1898,-1,-17,0,-12,5000,5000,5000,5000,-49.29,38.32,-210.68,3.6090768675965705,3.5494883860746995,69.1172489666872,0.13702609233479032,0.10220903140139728,0.9852802463865019
,195,0,-0.357421875,0.44753086419753085,0.357421875,-0.44753086419753085,1898,2716,2865,1570,1921,2717,2863,1603,-68,0,20,-118,5000,4800,5000,4900,-41.57,63.31,-224.65,15.730798873185819,-22.415214732254064,61.49114592540441,0.44718706814648496,-0.5604191274846324,0.6971041010006429
,196,0,0.392578125,-0.3858024691358025,-0.392578125,0.3858024691358025,2387,2172,2376,2114,2388,2200,2392,2115,0,-96,-57,-1,5000,5000,5000,4900,-44.52,23.39,-197.95000000000002,-7.977767704321792,19.362015981073135,64.27785810381832,-0.17314356510254136,0.49296285608054463,0.8526481855891644
,197,0,-0.544921875,0.1141975308641976,0.544921875,-0.1141975308641976,1776,2498,2987,1788,1816,2498,2986,1793,-166,0,19,-17,5000,4900,5000,5000,-41.01,44.0,-234.99,27.4608137634076,-3.9168555395118574,60.92302811062868,0.7469438976558448,-0.09621643058012033,0.65788844969426
,198,0,0.205078125,0.6141975308641974,-0.205078125,-0.6141975308641974,2265,2824,2498,1462,2265,2825,2501,1508,0,0,-19,-195,5000,4800,5000,5000,-39.17,73.52,-212.11,2.4827059900078723,-31.683477282016618,59.073906949349606,0.08613506710714952,-0.8078734755189917,0.5830276132116833
,199,0,-0.169921875,-0.6635802469135803,0.169921875,0.6635802469135803,2020,1991,2743,2295,2024,2045,2743,2295,-17,-245,0,0,5000,5100,5100,4800,-37.28,10.0,-211.81,6.847842364850408,31.683017321779705,57.052658311482716,0.22473076008140316,0.8070462714744477,0.5460516469826155
,200,0,0.580078125,-0.1635802469135803,-0.580078125,0.1635802469135803,2509,2317,2254,1969,2509,2321,2286,1970,0,-16,-130,0,5000,5000,4900,5000,-44.69,35.410000000000004,-186.28,-20.498384116458283,8.230661656381393,64.43696674062018,-0.5477527492970526,0.2239314631022385,0.8061151440522691
,201,0,-0.638671875,0.3364197530864197,0.638671875,-0.3364197530864197,1715,2643,3048,1643,1762,2644,3048,1661,-208,0,22,-52,5100,4900,5000,4900,-37.11,54.77,-236.87,28.55708123405742,-14.804554614906444,57.05088316545334,0.7626880649000954,-0.3545375890950375,0.540934389346459
,202,0,0.111328125,-0.4969135802469136,-0.111328125,0.4969135802469136,2204,2100,2559,2186,2204,2140,2559,2187,0,-164,-18,-1,4900,5000,5000,5000,-42.33,16.76,-209.47,4.003758210476775,25.1243142971834,62.10936672288949,0.14485275089572688,0.6666348314084682,0.7311741804186905
,203,0,-0.263671875,0.0030864197530863224,0.263671875,-0.0030864197530863224,1959,2426,2804,1860,1978,2427,2803,1863,-56,0,21,-12,5000,5000,5000,4900,-47.160000000000004,40.84,-221.85,14.570267719732385,0.21225497951170524,67.02646722456917,0.46738108712365767,0.01354089844205047,0.8839522404906786
,204,0,0.486328125,0.5030864197530862,-0.486328125,-0.5030864197530862,2448,2752,2315,1534,2449,2752,2337,1567,0,0,-74,-119,4900,5000,5000,5000,-41.45,67.93,-195.79,-13.389856837923503,-24.906485275315525,61.292696848028925,-0.294411482189004,-0.6421532614276387,0.7077860326349487
,205,0,-0.451171875,-0.33024691358024694,0.451171875,0.33024691358024694,1837,2209,2926,2077,1867,2233,2925,2078,-106,-77,20,-12,4900,5000,4900,4900,-41.46,27.05,-228.37,22.10056809525412,13.473978428576928,61.318072755462225,0.6115320492455452,0.3338812680686382,0.7173226969631051
,206,0,0.298828125,0.16975308641975306,-0.298828125,-0.16975308641975306,2326,2535,2437,1751,2326,2535,2448,1762,0,0,-40,-28,5000,5000,5000,5000,-48.32,51.68,-202.63,-5.396294425495995,-9.186327125268143,68.15014445600413,-0.11322594125253888,-0.24283608732539522,0.9634368276747415
,207,0,-0.076171875,0.669753086419753,0.076171875,-0.669753086419753,2081,2861,2682,1425,2082,2862,2681,1478,-7,0,18,-238,5000,4900,5000,4900,-37.84,76.66,-211.02,1.169184453809038,-34.73809363404231,57.7470384118226,0.04216610294530369,-0.8472784967141137,0.5294725382569695
,208,0,0.673828125,-0.6080246913580247,-0.673828125,0.6080246913580247,2570,2028,2193,2258,2571,2073,2225,2258,0,-188,-133,0,4900,4800,4900,5000,-35.97,17.13,-184.65,-20.758058076959742,26.561135695715077,55.67454750118911,-0.500790362643958,0.6666030677164948,0.5521316534975069
,209,0,-0.685546875,-0.10802469135802473,0.685546875,0.10802469135802473,1684,2354,3079,1932,1739,2356,3078,1933,-265,-16,20,0,5000,5000,5100,5000,-37.56,38.31,-239.66,32.54551264552208,1.407484966565157,57.47560364393313,0.8618873474098083,0.03010115794095852,0.5062056110569093
,210,0,0.064453125,0.3919753086419753,-0.064453125,-0.3919753086419753,2173,2680,2590,1606,2174,2681,2590,1635,0,0,-6,-99,5000,5000,5000,4900,-44.96,63.230000000000004,-212.4,3.5099208064274876,-21.42933859828772,64.8436356757095,0.12070242523420187,-0.5797128877248633,0.8058311810474214
,211,0,-0.310546875,-0.44135802469135804,0.310546875,0.44135802469135804,1929,2136,2834,2150,1948,2170,2833,2152,-56,-124,22,-11,5000,5000,5000,5000,-42.04,20.46,-220.42000000000002,14.65368145422002,20.63057281807017,61.86032371199576,0.4275962913270249,0.5196376415146896,0.7396878619826239
,212,0,0.439453125,0.05864197530864179,-0.439453125,-0.05864197530864179,2417,2462,2346,1824,2418,2462,2367,1829,0,-8,-75,-15,4900,5000,5000,4900,-47.660000000000004,45.0,-193.79,-13.720597983069467,-1.8775188733637123,67.4495074470877,-0.34810203144614554,-0.05977110931410108,0.9355492452000741
,213,0,-0.498046875,0.5586419753086416,0.498046875,-0.5586419753086416,1806,2788,2957,1498,1840,2788,2955,1534,-132,0,18,-132,5000,4900,4800,5000,-37.06,67.62,-230.57,21.331738099911036,-27.157998773530174,57.00805778034781,0.5358457148043193,-0.6485246124615449,0.5406340693643451
,214,0,0.251953125,-0.27469135802469136,-0.251953125,0.27469135802469136,2295,2245,2468,2041,2295,2268,2474,2043,0,-73,-26,-12,5000,5000,5000,4900,-47.18,28.17,-204.95000000000002,-1.35492150270764,14.087569140154429,66.96897659100681,-0.004082866522653772,0.359315962809304,0.9332070344095039
,215,0,-0.123046875,0.22530864197530853,0.123046875,-0.22530864197530853,2051,2571,2712,1715,2059,2572,2711,1731,-24,0,21,-45,5000,5000,5000,5000,-47.59,53.94,-214.31,6.088547035601522,-12.298485985685694,67.46037359479014,0.19137605358128648,-0.319281830562467,0.9281348602376341
,216,0,0.626953125,0.7253086419753085,-0.626953125,-0.7253086419753085,2540,2897,2223,1389,2540,2898,2251,1438,0,0,-105,-212,5000,5100,4900,5000,-33.76,76.59,-190.75,-19.029218744408922,-33.19097276647906,53.605163804429296,-0.3888779721197832,-0.8106820150576866,0.43768549583235483
,217,0,-0.591796875,-0.7006172839506173,0.591796875,0.7006172839506173,1745,1967,3018,2319,1783,2022,3018,2319,-150,-248,20,0,4900,4900,4900,4800,-30.62,11.38,-229.83,24.73725124192933,28.970059335380174,50.4504383066115,0.6485124836691697,0.67201863433775,0.35752274560938263
,218,0,0.158203125,-0.2006172839506173,-0.158203125,0.2006172839506173,2234,2293,2529,1993,2234,2300,2533,1994,0,-24,-23,0,5000,5000,5000,5000,-47.92,29.84,-208.81,2.3700427858500177,12.140663821824155,67.72415917186214,0.10360085534831624,0.3470293132663204,0.9321145415156893
,219,0,-0.216796875,0.2993827160493825,0.216796875,-0.2993827160493825,1990,2619,2773,1667,2002,2620,2772,1690,-35,0,18,-68,5000,5000,5000,4900,-45.95,56.64,-218.96,10.532708647370697,-15.33595496673059,65.84009282971653,0.3161476552451007,-0.3989736035965254,0.8607384757963521
,220,0,0.533203125,-0.5339506172839507,-0.533203125,0.5339506172839507,2479,2076,2284,2210,2480,2113,2310,2211,0,-145,-92,0,4900,4900,5000,5000,-39.85,17.64,-191.88,-13.59617301226075,25.53108071837098,59.57759618954675,-0.31395112582982176,0.6476921108725654,0.6942115096306227
,221,0,-0.404296875,-0.03395061728395066,0.404296875,0.03395061728395066,1867,2402,2896,1884,1897,2403,2895,1883,-107,-2,21,11,5000,4900,5000,5000,-44.45,38.660000000000004,-228.09,20.961153639574405,1.9225949803478173,64.3310239880856,0.6177009657147057,0.04172370710415037,0.785305449631293
,222,0,0.345703125,0.46604938271604923,-0.345703125,-0.46604938271604923,2356,2728,2407,1558,2356,2729,2419,1592,0,0,-39,-119,4900,4900,5000,5000,-43.46,66.48,-204.18,-4.9219441870770595,-24.071140929973957,63.32527037986998,-0.11649561208521886,-0.6217154310102486,0.7745312745193902
,223,0,-0.029296875,-0.3672839506172839,0.029296875,0.3672839506172839,2112,2185,2651,2101,2113,2216,2650,2102,0,-106,20,-12,5000,5000,5000,5000,-45.46,22.87,-208.38,2.4595214362605873,19.117827705160387,65.24856273540705,0.10087051470330076,0.49643133251420457,0.8621954948627737
,224,0,0.720703125,0.13271604938271597,-0.720703125,-0.13271604938271597,2601,2511,2162,1775,2602,2511,2205,1781,-1,0,-188,-18,5000,5000,5000,5000,-41.61,48.19,-180.3,-27.390705425274547,-4.083317598854862,61.36499312783506,-0.7013080219704961,-0.10673539278777272,0.7048223990809808
,225,0,-0.708984375,0.632716049382716,0.708984375,-0.632716049382716,1669,2836,3094,1450,1723,2837,3093,1492,-252,0,19,-166,5000,4800,4900,4900,-29.96,68.41,-237.48000000000002,28.18566097502753,-28.46875529130852,49.93078015593197,0.6961911064645487,-0.6494639401672992,0.30580146124901747
,226,0,0.041015625,-0.6450617283950617,-0.041015625,0.6450617283950617,2158,2003,2605,2283,2159,2055,2605,2283,0,-236,0,0,5100,4800,4800,4800,-37.86,10.35,-208.17000000000002,3.190315627670458,31.602229433377605,57.62228229614384,0.1265213597489095,0.8153058942802789,0.5650386219358128
,227,0,-0.333984375,-0.1450617283950617,0.333984375,0.1450617283950617,1913,2329,2850,1957,1938,2332,2849,1958,-77,-16,21,0,5000,5000,5000,5000,-45.31,33.46,-224.39000000000001,17.650044337398356,7.381883108387136,65.16907429927949,0.5460278938000472,0.21708111173849728,0.809153465121829
,228,0,0.416015625,0.3549382716049383,-0.416015625,-0.3549382716049383,2402,2655,2361,1631,2403,2656,2379,1655,0,-3,-54,-70,5000,4900,5000,5000,-45.230000000000004,60.86,-198.39000000000001,-10.289238911778142,-18.03764176331334,65.06608488581296,-0.23956815337868265,-0.4614521055150435,0.8542066811975079
,229,0,-0.521484375,-0.4783950617283951,0.521484375,0.4783950617283951,1791,2112,2972,2174,1826,2146,2971,2175,-130,-130,20,0,5000,5000,4900,5000,-37.79,20.29,-229.8,24.033121460278608,20.102552075767825,57.6385824517518,0.6450662583740353,0.49187867703060634,0.5847605402127806
,230,0,0.228515625,0.021604938271604923,-0.228515625,-0.021604938271604923,2280,2438,2483,1848,2280,2439,2490,1852,0,-15,-29,-13,5000,5000,5000,5000,-49.45,43.27,-205.02,-2.399174411780564,-0.9717099664067419,69.2701607758523,-0.03480306232533281,-0.027722162909968092,0.9990096238457226
,231,0,-0.146484375,0.5216049382716046,0.146484375,-0.5216049382716046,2036,2764,2727,1522,2041,2764,2726,1560,-18,0,19,-149,5000,5000,5000,5000,-41.79,69.11,-214.18,4.863006335780398,-27.431227603895387,61.691146514011805,0.15097689276392018,-0.6994245024079848,0.6985780867467108
,232,0,0.603515625,-0.3117283950617284,-0.603515625,0.3117283950617284,2524,2221,2239,2065,2524,2243,2268,2066,0,-66,-115,-11,5000,4800,4900,4900,-43.050000000000004,30.69,-185.64000000000001,-20.785733256327973,12.981152842701178,62.7853420978777,-0.507427379819045,0.32542855997483494,0.7978807596142946
,233,0,-0.615234375,0.18827160493827155,0.615234375,-0.18827160493827155,1730,2547,3033,1739,1777,2547,3033,1746,-210,0,19,-19,4800,5000,5000,5000,-38.800000000000004,47.71,-237.96,30.15707510372559,-7.83968732967471,58.729705167969726,0.7917084017636506,-0.18760526798827165,0.5813794544012505
,234,0,0.134765625,0.6882716049382713,-0.134765625,-0.6882716049382713,2219,2873,2544,1413,2219,2874,2546,1468,0,0,-20,-244,5100,4800,5100,4700,-37.56,76.34,-214.89000000000001,5.053023982551451,-34.70341173382101,57.478174727449044,0.10043711371431056,-0.8636398717653506,0.49400258914895157
,235,0,-0.240234375,-0.5895061728395061,0.240234375,0.5895061728395061,1974,2040,2789,2246,1984,2086,2789,2246,-25,-194,0,0,5000,5000,5000,4900,-39.050000000000004,13.31,-215.47,10.250085784469093,28.117538380916777,58.84058997570379,0.31638277756783045,0.7122383700222845,0.6265927244442467
,236,0,0.509765625,-0.08950617283950613,-0.509765625,0.08950617283950613,2463,2366,2300,1920,2464,2369,2328,1921,0,-15,-104,0,4900,5000,5000,4900,-46.47,38.74,-189.78,-17.25720486839063,4.656993483075333,66.23445189187869,-0.46777947458354585,0.12750030515223862,0.8746005004254384
,237,0,-0.427734375,0.41049382716049365,0.427734375,-0.41049382716049365,1852,2692,2911,1594,1881,2693,2910,1619,-104,-3,20,-80,5000,5000,4900,5000,-40.9,61.26,-227.70000000000002,18.92486343616531,-20.59594374541836,60.826236424813146,0.5163092821079214,-0.5028612660837358,0.693220940452512
,238,0,0.322265625,-0.42283950617283955,-0.322265625,0.42283950617283955,2341,2148,2422,2138,2341,2180,2432,2140,0,-117,-34,-13,5000,5000,5000,5000,-44.2,20.990000000000002,-201.98000000000002,-3.781686848588862,21.459266332921132,63.96521387498122,-0.06605805144746596,0.5502961105612184,0.8323524040574157
,239,0,-0.052734375,0.07716049382716039,0.052734375,-0.07716049382716039,2097,2474,2666,1812,2101,2474,2665,1820,-16,-5,20,-18,5000,5000,5000,4900,-49.17,46.09,-211.33,3.6877800880935467,-4.247510181273363,69.01517475909381,0.12482180942394544,-0.1140147672745274,0.9856064877705848
,240,0,0.697265625,0.5771604938271602,-0.697265625,-0.5771604938271602,2586,2800,2177,1486,2587,2800,2213,1524,0,0,-145,-143,5000,5000,5000,5000,-36.25,69.71000000000001,-186.84,-22.43124969242001,-26.037111857427966,56.06911581750205,-0.5242267750973083,-0.6551348264975564,0.5440447108290757
,241,0,-0.662109375,-0.25617283950617287,0.662109375,0.25617283950617287,1699,2257,3064,2029,1749,2272,3064,2031,-228,-42,19,-12,4800,4800,4900,4800,-36.85,32.94,-236.62,29.909625890034818,6.984347563184997,56.74532657961477,0.82791866971913,0.15902216405197436,0.5378314119412639
,242,0,0.087890625,0.24382716049382713,-0.087890625,-0.24382716049382713,2188,2583,2575,1703,2188,2584,2575,1721,0,0,0,-51,5000,5000,5000,4900,-47.6,55.730000000000004,-211.74,3.394163462472136,-13.895158469836609,67.46621647129479,0.12346320943862478,-0.37253213390795886,0.9197698870484384
,243,0,-0.287109375,0.7438271604938271,0.287109375,-0.7438271604938271,1944,2909,2819,1377,1958,2910,2818,1431,-37,0,17,-247,4900,4900,4900,4700,-33.87,78.39,-218.36,8.373963464083772,-37.01074685688885,53.80297873405533,0.24837344362792674,-0.8769915890225226,0.41133488216312997
,244,0,0.462890625,-0.7479423868312757,-0.462890625,0.7479423868312757,2433,1936,2330,2350,2434,1996,2345,2350,0,-287,-49,0,5000,4700,4900,5000,-33.99,8.36,-195.93,-8.859533143096996,34.475743629760785,53.71093204785123,-0.18985171181773758,0.8612454455045874,0.4713943255041153
,245,0,-0.474609375,-0.24794238683127579,0.474609375,0.24794238683127579,1822,2262,2941,2024,1859,2268,2940,2025,-141,-20,20,0,5000,5000,5000,5000,-41.87,29.59,-229.37,22.910390364477678,10.868417149817013,61.73632903443075,0.6582239674765322,0.2898108244061424,0.694802773955664
,246,0,0.275390625,0.2520576131687242,-0.275390625,-0.2520576131687242,2311,2588,2452,1698,2311,2589,2461,1717,0,-1,-34,-53,5000,5000,5000,5000,-47.64,55.54,-204.73000000000002,-3.583106725478359,-13.191477011065366,67.48446829088824,-0.06846780222582434,-0.3479059962902803,0.9350259770742375
,247,0,-0.099609375,-0.581275720164609,0.099609375,0.581275720164609,2066,2045,2697,2241,2068,2092,2696,2242,-13,-202,20,-12,5000,5000,4900,5000,-39.97,13.08,-208.96,3.7718591049744816,28.8264403759427,59.74027717164043,0.14839450770495285,0.7491209202479374,0.6455981079045137
,248,0,0.650390625,-0.08127572016460904,-0.650390625,0.08127572016460904,2555,2371,2208,1915,2555,2373,2245,1915,0,-14,-156,0,5000,4900,5000,5000,-43.43,40.09,-182.32,-24.787317019551125,3.85083669744607,63.17451361996389,-0.6530533465443483,0.10650077065957805,0.7497859110547108
,249,0,-0.568359375,0.41872427983539073,0.568359375,-0.41872427983539073,1760,2697,3003,1589,1801,2698,3002,1613,-171,0,19,-79,5000,5000,5100,4900,-38.74,59.52,-234.6,25.940108768531843,-19.371572637519314,58.68370327061197,0.6626307981978221,-0.47060210881435977,0.5826268792796938
,250,0,0.181640625,-0.4146090534979424,-0.181640625,0.4146090534979424,2249,2154,2514,2132,2249,2186,2516,2134,0,-115,-21,-11,5000,5000,5000,5000,-44.31,20.51,-208.53,2.7855320873064215,21.45785510937329,64.09418463316443,0.10920991491462508,0.5655500226973438,0.8174511400147253
,251,0,-0.193359375,0.08539094650205759,0.193359375,-0.08539094650205759,2005,2480,2758,1806,2018,2481,2757,1814,-38,-4,22,-19,5000,5000,5000,5000,-48.06,45.31,-218.25,10.649527867781103,-3.979634687008911,67.92466544157845,0.33201079137626355,-0.10407435912048739,0.9375165930176206
,252,0,0.556640625,0.5853909465020575,-0.556640625,-0.5853909465020575,2494,2806,2269,1480,2495,2806,2295,1521,0,0,-96,-157,5000,5000,5100,5000,-39.17,70.59,-195.43,-13.93739834637708,-27.538089051081165,59.01707388631132,-0.3529277636190353,-0.704967637423308,0.6151931597902123
,253,0,-0.380859375,-0.6923868312757202,0.380859375,0.6923868312757202,1883,1973,2880,2313,1903,2029,2879,2314,-60,-261,19,-12,5000,4800,5000,5000,-34.59,9.98,-220.46,15.483744431522979,31.062479195527303,54.38899017736621,0.434689691548027,0.7560160909989656,0.48937157887695715
,254,0,0.369140625,-0.1923868312757202,-0.369140625,0.1923868312757202,2372,2299,2391,1987,2373,2305,2409,1988,0,-19,-60,0,5000,5000,5000,5000,-47.44,31.740000000000002,-197.65,-8.897821639230244,11.06315315045444,67.21405913158105,-0.22207818779313057,0.30875705007603943,0.9248515354016885
,255,0,-0.005859375,0.3076131687242798,0.005859375,-0.3076131687242798,2127,2625,2636,1661,2128,2627,2635,1685,-11,0,19,-81,5000,5000,5000,5000,-46.94,58.77,-209.24,0.6798449413532808,-16.745116202339027,66.80484222862971,0.030771050864920584,-0.45372911678711914,0.8906082365486238
,256,0,0.744140625,-0.5257201646090535,-0.744140625,0.5257201646090535,2616,2081,2147,2205,2617,2116,2190,2207,0,-134,-185,-12,4900,4900,5000,4800,-36.4,21.12,-181.08,-24.612315899099997,22.84468514645002,56.10185530048376,-0.5925397529671679,0.567345051932376,0.5718533318967872
,257,0,-0.7470703125,-0.025720164609053464,0.7470703125,0.025720164609053464,1644,2407,3119,1879,1705,2408,3118,1879,-306,0,22,0,4800,5100,5100,5000,-35.51,39.1,-243.22,36.04388747449528,0.35387587814650345,55.438085191302974,0.9020733596287017,-0.0005508121063804541,0.431582379684587
,258,0,0.0029296875,0.4742798353909463,-0.0029296875,-0.4742798353909463,2133,2733,2630,1553,2135,2734,2630,1590,-1,0,-15,-136,5000,4900,5000,5000,-43.14,67.11,-212.94,3.7691421977466746,-25.342614332584567,63.03325524672614,0.1245088866310445,-0.6728247331085572,0.729249213689872
,259,0,-0.3720703125,-0.35905349794238683,0.3720703125,0.35905349794238683,1888,2190,2875,2096,1912,2217,2874,2097,-75,-86,21,-12,5000,5000,5000,4900,-42.51,24.97,-224.33,18.220991106255752,15.847042827833029,62.35148832696166,0.5249725433103392,0.3960340642658199,0.753366344291654
,260,0,0.3779296875,0.14094650205761305,-0.3779296875,-0.14094650205761305,2377,2516,2386,1770,2378,2516,2404,1778,0,0,-60,-22,5000,5000,5000,5000,-48.03,49.730000000000004,-197.9,-9.96967491193115,-6.895350556312174,67.84173355024912,-0.23029145181049457,-0.19204531152324106,0.9539834618823094
,261,0,-0.5595703125,0.6409465020576128,0.5595703125,-0.6409465020576128,1766,2842,2997,1444,1803,2843,2995,1489,-146,0,19,-189,5000,5000,5000,4700,-32.71,71.27,-230.19,20.69761741764316,-30.780166156248306,52.664419396240206,0.5664020963687013,-0.7097109012524553,0.4189261293743431
,262,0,0.1904296875,-0.6368312757201646,-0.1904296875,0.6368312757201646,2255,2009,2508,2277,2255,2062,2510,2277,0,-240,-21,0,5100,4800,4900,4700,-38.230000000000004,10.76,-208.16,3.149202599036869,31.1949078631295,57.993090679661805,0.12259409388742001,0.8065131644481432,0.5783659773151986
,263,0,-0.1845703125,-0.13683127572016462,0.1845703125,0.13683127572016462,2011,2335,2752,1951,2022,2339,2751,1952,-32,-17,20,0,5000,5000,5000,4900,-47.5,33.5,-217.87,11.138373640322754,7.825129165672827,67.33927651694212,0.35890494242469917,0.24026063314789778,0.901921321658655
,264,0,0.5654296875,0.36316872427983515,-0.5654296875,-0.36316872427983515,2500,2661,2263,1625,2500,2662,2290,1648,0,-3,-103,-69,5000,4900,5000,4900,-43.15,60.4,-190.5,-18.118209393546493,-17.00496261189914,62.96111577301471,-0.44465071747277346,-0.44072238692450383,0.7797752991179673
,265,0,-0.6533203125,-0.47016460905349794,0.6533203125,0.47016460905349794,1705,2118,3058,2168,1753,2148,3058,2169,-216,-104,20,0,4800,5000,4900,5000,-34.34,21.34,-234.20000000000002,28.354203992182022,18.724861482712917,54.204166288517186,0.766160943879821,0.43460239059634154,0.4734112062056908
,266,0,0.0966796875,0.029835390946501894,-0.0966796875,-0.029835390946501894,2194,2443,2569,1843,2194,2444,2570,1849,0,-15,-20,-16,5000,5000,5000,5000,-49.38,43.730000000000004,-211.12,3.6508340607735477,-1.877993722721392,69.21969063553526,0.1346532070060183,-0.04697132626140048,0.9897788684106359
,267,0,-0.2783203125,0.5298353909465019,0.2783203125,-0.5298353909465019,1950,2769,2813,1517,1965,2769,2812,1555,-42,0,17,-146,5000,5000,5000,4900,-40.69,68.22,-220.85,11.583467561316752,-27.035291290072642,60.609649703355984,0.3184483012577708,-0.6778979914334102,0.662604703150067
,268,0,0.4716796875,-0.30349794238683125,-0.4716796875,0.30349794238683125,2438,2226,2325,2060,2439,2250,2345,2060,0,-76,-66,0,4900,5000,5000,5000,-45.28,29.27,-192.58,-13.766744888608457,13.893418259391218,65.03355785783698,-0.3236673776186161,0.34948442936787955,0.8792610888097436
,269,0,-0.4658203125,0.19650205761316863,0.4658203125,-0.19650205761316863,1827,2552,2936,1734,1862,2552,2935,1743,-131,0,20,-24,5000,4900,4900,4900,-42.86,48.92,-230.68,22.796240280051336,-8.50330541633209,62.7699801256484,0.6339176866982162,-0.21943648683142658,0.7416171483577385
,270,0,0.2841796875,0.6965020576131686,-0.2841796875,-0.6965020576131686,2316,2878,2447,1408,2316,2879,2452,1461,0,0,-23,-235,4800,5000,4900,4700,-36.25,78.26,-205.67000000000002,-4.279143471098337,-35.9450292611756,56.14403210658514,4.14597296073052e-05,-0.8660525170882183,0.4999530337204213
,271,0,-0.0908203125,-0.7294238683127572,0.0908203125,0.7294238683127572,2072,1948,2691,2338,2074,2008,2691,2339,-12,-288,0,-11,5000,4800,4900,5000,-34.83,6.890000000000001,-207.78,3.063891953290522,35.074626998974736,54.584014335447904,0.12606024088907536,0.8773452643388905,0.46300551056019895
,272,0,0.6591796875,-0.22942386831275718,-0.6591796875,0.22942386831275718,2561,2274,2202,2012,2562,2280,2239,2013,0,-20,-158,0,4900,5000,4900,4900,-42.49,33.17,-182.57,-24.027729835133982,10.731715581498406,62.22108135059604,-0.6262554054367394,0.2933486858446077,0.7223231379891597
,273,0,-0.7001953125,0.2705761316872426,0.7001953125,-0.2705761316872426,1675,2600,3088,1686,1730,2601,3088,1701,-263,0,21,-38,4800,5100,5100,5000,-35.62,51.5,-238.26,30.187472743284303,-11.648691618500457,55.558417998504254,0.8286942785633191,-0.2751098105836877,0.4874221833247106
,274,0,0.0498046875,-0.5627572016460906,-0.0498046875,0.5627572016460906,2163,2057,2600,2229,2164,2101,2600,2231,0,-188,-3,-12,5000,4800,5000,4900,-40.4,13.66,-209.19,3.957456745479959,28.2321119995175,60.17216523215447,0.14574853331617238,0.7452062517756501,0.6507111550839367
,275,0,-0.3251953125,-0.06275720164609055,0.3251953125,0.06275720164609055,1919,2383,2844,1903,1943,2385,2843,1903,-76,-16,21,0,5000,5000,5000,5000,-45.92,37.2,-224.53,17.5135949888749,3.643081500290748,65.78717146848781,0.5525230433342205,0.11444458762212698,0.8256032479034298
,276,0,0.4248046875,0.43724279835390933,-0.4248046875,-0.43724279835390933,2408,2709,2355,1577,2409,2710,2374,1607,0,0,-59,-107,5000,5000,4900,4900,-43.2,65.31,-198.8,-10.20086693982364,-22.510323772606988,63.046479469323444,-0.2321565166003554,-0.5739921202474085,0.7852619930277239
,277,0,-0.5126953125,-0.39609053497942387,0.5126953125,0.39609053497942387,1797,2166,2966,2120,1831,2193,2965,2121,-133,-90,19,0,5000,4900,5000,5000,-39.0,24.12,-230.07,24.017987538031235,16.26582105655841,58.85725634194297,0.6651704739342705,0.3967064027091521,0.6325917092846084
,278,0,0.2373046875,0.10390946502057619,-0.2373046875,-0.10390946502057619,2286,2492,2477,1794,2286,2493,2485,1802,0,-2,-32,-20,5000,5000,5000,5000,-49.07,48.03,-205.44,-2.328331676895658,-5.7505442645021745,68.90121083580517,-0.032088530439416216,-0.1539893660556475,0.9875513158089649
,279,0,-0.1376953125,0.6039094650205761,0.1376953125,-0.6039094650205761,2041,2818,2722,1468,2045,2819,2721,1514,-15,0,18,-193,5000,5000,4900,4700,-39.61,72.76,-214.12,4.541755294750345,-31.071937404708287,59.51846846264243,0.12476451246703783,-0.7855159106139664,0.6061341193178074
,280,0,0.6123046875,-0.6738683127572016,-0.6123046875,0.6738683127572016,2530,1985,2233,2301,2530,2039,2258,2301,0,-240,-93,-10,5000,5100,5100,4800,-35.050000000000004,13.46,-188.03,-17.115342930369337,29.971270810474188,54.75732077900554,-0.39911982497449067,0.7480967480684901,0.5301458486508049
,281,0,-0.6064453125,-0.1738683127572016,0.6064453125,0.1738683127572016,1736,2311,3027,1975,1782,2315,3027,1976,-207,-18,20,0,5000,4900,5000,5000,-38.56,35.06,-235.27,28.40283774585373,4.972950629505938,58.45555225587559,0.802943632271403,0.12677711190019772,0.5824165925633052
,282,0,0.1435546875,0.3261316872427984,-0.1435546875,-0.3261316872427984,2225,2637,2538,1649,2225,2638,2540,1673,0,0,-19,-76,5000,5000,5000,5000,-46.35,59.79,-211.89000000000001,3.249588605091162,-17.9580531087254,66.22501331954967,0.11680193328814271,-0.4860853221228275,0.8660706483866656
,283,0,-0.2314453125,-0.507201646090535,0.2314453125,0.507201646090535,1980,2093,2783,2193,1989,2133,2782,2194,-25,-163,20,0,5000,5000,5000,5000,-41.15,16.72,-215.97,10.492565892938359,24.68482770871853,60.94909675491341,0.3190284500473215,0.6239001544156785,0.713420945431585
,284,0,0.5185546875,-0.007201646090534974,-0.5185546875,0.007201646090534974,2469,2419,2294,1867,2470,2420,2323,1867,0,0,-109,-4,5000,5000,5000,4800,-46.39,41.52,-189.3,-17.939577846679754,1.919507780942979,66.15869471979711,-0.4735664647253073,0.03992404147138702,0.8798527572271198
,285,0,-0.4189453125,0.4927983539094649,0.4189453125,-0.4927983539094649,1858,2745,2905,1541,1885,2746,2904,1575,-91,0,19,-119,5000,4900,5000,4900,-39.74,65.01,-227.07,18.024869659467498,-24.29226566153185,59.672020026400645,0.47960277518369104,-0.5934944632298934,0.646332344967791
,286,0,0.3310546875,-0.34053497942386834,-0.3310546875,0.34053497942386834,2347,2202,2416,2084,2347,2230,2427,2084,0,-89,-36,-4,5000,4900,5000,4900,-45.77,25.25,-200.91,-5.165784079633141,17.292785141731017,65.54068502307456,-0.10374669848036067,0.4407257359364042,0.891626294047983
,287,0,-0.0439453125,0.15946502057613166,0.0439453125,-0.15946502057613166,2102,2528,2661,1758,2105,2528,2660,1770,-14,0,19,-32,5000,5000,5000,4900,-48.67,50.85,-210.62,2.6320176209664794,-8.94374438807656,68.52278275280479,0.0932760713829364,-0.23418398139283148,0.9677073097617728
,288,0,0.7060546875,0.6594650205761314,-0.7060546875,-0.6594650205761314,2591,2854,2172,1432,2592,2855,2208,1477,0,0,-139,-186,5000,5000,4800,4900,-34.42,71.52,-189.89000000000001,-19.51694630059788,-28.070069531626267,54.25213512543837,-0.4911757534629499,-0.734211354313868,0.46870040154313836
,289,0,-0.7236328125,-0.6183127572016461,0.7236328125,0.6183127572016461,1659,2021,3104,2265,1709,2064,3104,2265,-225,-177,21,0,5100,5000,4900,4700,-29.91,16.19,-236.93,31.467360187039077,23.65070961308696,49.77194577246503,0.7779809964796225,0.5467654463142541,0.3095046297446107
,290,0,0.0263671875,-0.11831275720164613,-0.0263671875,0.11831275720164613,2148,2347,2615,1939,2149,2351,2615,1940,-7,-18,0,0,5000,5000,5000,5000,-48.730000000000004,34.17,-211.14000000000001,4.373834696598237,7.65329525624567,68.5501381879868,0.16133558955613927,0.2056393880202829,0.9652374162024677
,291,0,-0.3486328125,0.38168724279835375,0.3486328125,-0.38168724279835375,1904,2673,2859,1613,1927,2674,2858,1639,-66,0,20,-81,5000,5000,5000,4900,-42.89,59.980000000000004,-224.47,15.791710707343043,-19.077993341216207,62.80375521062942,0.45736234132200043,-0.48164260864454783,0.7475560756749509
,292,0,0.4013671875,-0.4516460905349794,-0.4013671875,0.4516460905349794,2393,2130,2370,2156,2394,2163,2387,2158,0,-120,-55,-12,5000,5000,5000,5000,-43.12,20.25,-198.25,-7.444230634956796,22.46837264096412,62.87233809429716,-0.15833029549914765,0.5732196018298591,0.8039594551998069
,293,0,-0.5361328125,0.048353909465020384,0.5361328125,-0.048353909465020384,1781,2456,2982,1830,1822,2456,2981,1832,-172,0,21,-12,5000,5000,4900,4800,-41.6,40.37,-234.26,26.99732102286012,-0.24176372236583887,61.50335096474201,0.7420011678948346,-0.017015296847997304,0.6701826217650503
,294,0,0.2138671875,0.5483539094650203,-0.2138671875,-0.5483539094650203,2270,2781,2493,1505,2270,2781,2497,1545,-1,0,-23,-161,4800,4900,5000,4900,-41.22,71.12,-210.47,1.0172371750510933,-29.16501780670034,61.113971414894465,0.06600820454484589,-0.7462164919930974,0.6624227230479658
,295,0,-0.1611328125,-0.28497942386831276,0.1611328125,0.28497942386831276,2026,2238,2737,2048,2030,2263,2736,2049,-16,-77,21,-11,5000,5000,5000,5000,-46.28,27.650000000000002,-215.49,9.197384983584158,13.83113683228953,66.10002878426175,0.2809785163141787,0.3532514833426545,0.8923365188571503
,296,0,0.5888671875,0.21502057613168712,-0.5888671875,-0.21502057613168712,2515,2564,2248,1722,2515,2565,2279,1733,0,0,-125,-30,4900,5000,4900,5000,-44.410000000000004,52.88,-187.28,-20.781608562758095,-9.266222463000126,64.19586504847972,-0.5151664609059975,-0.24795808115024393,0.8204390943573314
,297,0,-0.6298828125,0.715020576131687,0.6298828125,-0.715020576131687,1720,2890,3043,1396,1762,2891,3042,1443,-172,0,18,-200,4900,5000,4800,4900,-29.060000000000002,73.58,-232.82,23.16163763866942,-33.28510532582968,49.02719736465201,0.590967525298251,-0.751861437621111,0.2923384385625299
,298,0,0.1201171875,-0.7109053497942387,-0.1201171875,0.7109053497942387,2209,1961,2554,2325,2209,2021,2556,2325,0,-288,-6,0,5100,4900,5000,4900,-35.7,7.83,-207.95000000000002,3.161976522029363,34.1266681028183,55.456455364155985,0.1259277359330966,0.8633853119542022,0.4885775357346154
,299,0,-0.2548828125,-0.2109053497942387,0.2548828125,0.2109053497942387,1965,2287,2798,1999,1981,2292,2797,1999,-46,-18,20,12,5000,5000,5000,5000,-45.88,29.92,-220.45000000000002,13.978667441776253,11.202588664148877,65.71980176950738,0.43322118078123983,0.3300932879152606,0.8386643129380204
,300,0,0.4951171875,0.2890946502057612,-0.4951171875,-0.2890946502057612,2454,2612,2309,1674,2455,2613,2333,1693,0,0,-83,-54,4900,5000,5000,4900,-45.27,56.96,-193.04,-15.338877414292739,-13.75570241071376,65.08178120963836,-0.36949565006479695,-0.35630966531470454,0.8582053291529459
,301,0,-0.4423828125,-0.5442386831275721,0.4423828125,0.5442386831275721,1843,2069,2920,2217,1871,2105,2919,2218,-93,-141,22,0,5000,5000,5000,4900,-37.35,15.76,-224.84,19.420024487969357,24.983101668613962,57.17417746056344,0.5302692123017791,0.6133758729780455,0.5853072705282858
,302,0,0.3076171875,-0.044238683127572065,-0.3076171875,0.044238683127572065,2332,2395,2431,1891,2332,2397,2444,1891,0,-16,-46,0,5000,5000,5000,4900,-48.99,39.2,-200.4,-6.7068694465097,3.425099059639244,68.78773578038609,-0.16149357135137002,0.08854564333890029,0.9828934303666294
,303,0,-0.0673828125,0.4557613168724277,0.0673828125,-0.4557613168724277,2087,2721,2676,1565,2089,2722,2675,1600,-14,0,18,-134,5000,4900,4900,5000,-43.67,66.28,-210.3,1.1956093108804282,-24.320034870554174,63.55350492145104,0.0676099787284428,-0.6343901667644035,0.7700506522878684
,304,0,0.6826171875,-0.3775720164609053,-0.6826171875,0.3775720164609053,2576,2178,2187,2108,2577,2204,2222,2109,0,-83,-145,-12,4900,4900,4900,4800,-40.49,28.29,-182.16,-24.07292451479489,15.624090439781924,60.2098315682553,-0.5890649211636176,0.391464040106324,0.7069359404911699
,305,0,-0.6767578125,0.12242798353909468,0.6767578125,-0.12242798353909468,1690,2504,3073,1782,1744,2504,3071,1785,-257,0,20,-13,5000,5000,5000,5000,-36.33,44.230000000000004,-239.99,32.44397293696903,-4.523551614524287,56.25876562621434,0.8562736533068963,-0.10464364982539956,0.5058113652377545
,306,0,0.0732421875,0.6224279835390945,-0.0732421875,-0.6224279835390945,2179,2830,2584,1456,2180,2831,2585,1504,0,0,-19,-211,5100,4900,4900,4700,-39.01,74.86,-211.88,2.1555063410187643,-33.00336069165636,58.91595703748135,0.10527803705590372,-0.8165154913721108,0.5676433627402122
,307,0,-0.3017578125,-0.6553497942386831,0.3017578125,0.6553497942386831,1934,1997,2829,2289,1950,2049,2828,2289,-44,-234,20,0,4900,4900,5100,4900,-36.51,10.950000000000001,-217.37,12.325390166443867,30.326068132816733,56.301553139198845,0.3698529563074885,0.7543728842951323,0.5423378487168811
,308,0,0.4482421875,-0.15534979423868311,-0.4482421875,0.15534979423868311,2423,2323,2340,1963,2424,2328,2362,1963,0,-19,-78,10,5000,5000,5000,4900,-46.99,34.6,-193.29,-13.454527137536303,8.529596519306857,66.75664706519504,-0.35973091979471417,0.2357282966688471,0.9027878131062983
,309,0,-0.4892578125,0.3446502057613168,0.4892578125,-0.3446502057613168,1812,2649,2951,1637,1845,2650,2950,1659,-127,0,19,-66,5000,5000,5000,5000,-40.88,56.38,-230.34,21.915722831217067,-15.922756676668492,60.80426600152177,0.6192687148727778,-0.397879797126544,0.6769031879215514
,310,0,0.2607421875,-0.4886831275720165,-0.2607421875,0.4886831275720165,2301,2105,2462,2181,2301,2144,2468,2183,0,-157,-27,-13,5000,4900,5000,5000,-42.61,17.5,-205.43,-0.08042759717176295,24.683232039861096,62.37857432099477,0.03472161903029428,0.6447775994173154,0.7635812048901931
,311,0,-0.1142578125,0.011316872427983515,0.1142578125,-0.011316872427983515,2057,2431,2706,1855,2065,2432,2705,1858,-25,-16,22,-16,5000,5000,5000,4900,-48.910000000000004,41.96,-214.67000000000002,7.322435658870575,-0.3741832466376067,68.75687776096059,0.23488173126392345,-0.0077536489860264195,0.9719930314800943
,312,0,0.6357421875,0.5113168724279833,-0.6357421875,-0.5113168724279833,2545,2757,2218,1529,2545,2757,2249,1561,0,0,-121,-115,5000,4800,5000,4900,-39.39,67.41,-188.26,-20.855455503664274,-23.840324308085663,59.20870132163127,-0.47898401911565774,-0.5991813667372906,0.6415263043606579
,313,0,-0.5830078125,-0.3220164609053498,0.5830078125,0.3220164609053498,1751,2214,3012,2072,1791,2235,3012,2072,-164,-63,19,0,4900,4900,5000,4800,-38.33,28.32,-234.23000000000002,27.86065214178447,11.770533047830654,58.20855420563474,0.7534968657189851,0.2781289604613607,0.595723723469486
,314,0,0.1669921875,0.17798353909465003,-0.1669921875,-0.17798353909465003,2240,2540,2523,1746,2240,2540,2526,1759,0,-1,-21,-35,5000,5000,5000,4900,-48.49,52.15,-210.13,2.0485108921925246,-10.204713009922848,68.34395872702925,0.08486945212342559,-0.2699820210120935,0.9591177635861485
,315,0,-0.2080078125,0.67798353909465,0.2080078125,-0.67798353909465,1995,2866,2768,1420,2003,2867,2767,1472,-24,0,17,-237,4900,5000,5100,4900,-37.26,74.67,-218.25,8.527312649213599,-33.28501149760425,57.18498702203992,0.19141511756674315,-0.8350148772046393,0.5158589028153256
,316,0,0.5419921875,-0.5997942386831276,-0.5419921875,0.5997942386831276,2484,2033,2279,2253,2485,2077,2302,2253,0,-181,-85,0,4900,5000,5000,5000,-38.08,15.42,-191.26,-14.046562924989104,27.786548725400564,57.801163529472475,-0.32822407888562627,0.7033131592881595,0.63057081601656
,317,0,-0.3955078125,-0.09979423868312765,0.3955078125,0.09979423868312765,1873,2359,2890,1927,1902,2362,2889,1928,-103,-15,21,0,5000,5000,5000,4900,-44.63,37.01,-227.27,20.263864872797456,3.6286936045258003,64.50513849151565,0.599121639066684,0.09073360202099266,0.7955002671692492
,318,0,0.3544921875,0.40020576131687235,-0.3544921875,-0.40020576131687235,2362,2685,2401,1601,2363,2686,2415,1629,-1,0,-44,-92,5000,5000,5000,5000,-44.81,63.33,-202.14000000000001,-6.729303642163302,-20.776956666005013,64.66258180026908,-0.14203815934108147,-0.5401262829201449,0.8295111571219913
,319,0,-0.0205078125,-0.4331275720164609,0.0205078125,0.4331275720164609,2118,2142,2645,2144,2119,2177,2644,2146,0,-130,21,-11,5000,5000,5000,4800,-44.07,19.86,-207.54,1.8465699898772243,22.178163352998958,63.849836083432095,0.08762528895022044,0.5836159844131144,0.8072881712708924
,320,0,0.7294921875,0.06687242798353898,-0.7294921875,-0.06687242798353898,2607,2468,2156,1818,2608,2468,2201,1822,0,0,-201,-13,5000,5000,4800,5000,-41.63,44.56,-179.22,-28.20160781618057,-0.38385121046157167,61.37425345024607,-0.7235269323766311,-0.020907998919209848,0.6899794444089301
,321,0,-0.7353515625,0.5668724279835389,0.7353515625,-0.5668724279835389,1652,2794,3111,1492,1707,2794,3110,1528,-263,-4,20,-130,5000,5000,5000,4900,-30.04,66.8,-236.65,27.475754195821253,-26.802042463114766,50.00494694884786,0.7276550730000396,-0.6075501354710586,0.3184351231042295
,322,0,0.0146484375,-0.2664609053497943,-0.0146484375,0.2664609053497943,2141,2250,2622,2036,2142,2273,2622,2038,0,-71,0,-12,5000,5000,5000,4900,-47.18,27.93,-209.93,3.6292474926954412,13.961696556781916,66.98365712293143,0.13595146906224714,0.36121607517910687,0.922518371140661
,323,0,-0.3603515625,0.23353909465020573,0.3603515625,-0.23353909465020573,1896,2576,2867,1710,1924,2577,2866,1725,-90,0,21,-40,5000,4900,5000,4900,-44.69,52.26,-225.63,17.509605699476595,-11.459789064481292,64.59143538167247,0.5142853904482187,-0.29453841505524025,0.8054549392910013
,324,0,0.3896484375,0.7335390946502056,-0.3896484375,-0.7335390946502056,2385,2902,2378,1384,2386,2903,2391,1436,0,0,-39,-238,5000,5000,5100,4900,-35.800000000000004,79.24,-205.25,-4.768588874339372,-36.89260702928015,55.69476651627113,-0.10614648934260987,-0.8789985879366512,0.4648595542802286
,325,0,-0.5478515625,-0.7417695473251029,0.5478515625,0.7417695473251029,1774,1940,2989,2346,1807,1996,2988,2346,-120,-262,19,0,4800,4700,5000,4900,-30.85,9.07,-227.13,22.213297098855918,31.47236880227024,50.66747013739919,0.5984658195408531,0.7268677137432562,0.33690056331052237
,326,0,0.2021484375,-0.24176954732510292,-0.2021484375,0.24176954732510292,2263,2266,2500,2020,2263,2274,2507,2021,0,-24,-29,0,5000,5000,5000,5000,-47.42,27.96,-206.78,0.4848512773439211,14.16333845732251,67.21411966832528,0.051813059003751105,0.4079598049030277,0.9115284990060142
,327,0,-0.1728515625,0.25823045267489686,0.1728515625,-0.25823045267489686,2018,2592,2745,1694,2027,2594,2744,1715,-26,-1,19,-60,5000,5000,5000,5000,-46.87,54.83,-216.97,8.67817401307579,-13.382801788727413,66.75030926192198,0.2700892324665512,-0.3525381884357492,0.8959735666860209
,328,0,0.5771484375,-0.5751028806584362,-0.5771484375,0.5751028806584362,2507,2049,2256,2237,2507,2088,2284,2238,0,-158,-107,0,4900,5000,5000,4800,-38.22,16.31,-189.99,-15.378818341643893,26.992405378502934,57.93911949843432,-0.35635522896018096,0.6829176415636459,0.6376789518510745
,329,0,-0.6416015625,-0.07510288065843629,0.6416015625,0.07510288065843629,1713,2375,3050,1911,1762,2376,3050,1911,-221,-2,20,0,4800,5000,5000,4900,-37.06,38.71,-237.89000000000001,30.752393381945154,1.1372372808376383,56.971035021297695,0.8447379990904534,0.021754061956298625,0.5347377616000762
,330,0,0.1083984375,0.4248971193415636,-0.1083984375,-0.4248971193415636,2202,2701,2561,1585,2202,2702,2562,1616,0,0,-19,-121,5000,4900,5000,4900,-44.26,64.82000000000001,-212.71,3.7044878206407077,-23.039376721789615,64.14784769230457,0.12610216071531494,-0.6181009175922607,0.7759184884603115
,331,0,-0.2666015625,-0.40843621399176955,0.2666015625,0.40843621399176955,1957,2158,2806,2128,1971,2189,2805,2129,-36,-110,20,-5,5000,5000,5000,4900,-43.06,21.7,-218.85,12.994023068840647,19.511372033337814,62.87807792952297,0.38605074154198876,0.4927756476201123,0.779831383099872
,332,0,0.4833984375,0.09156378600823034,-0.4833984375,-0.09156378600823034,2446,2484,2317,1802,2447,2484,2341,1808,0,0,-86,-16,5000,4900,5000,5000,-46.99,46.49,-191.65,-15.962174130950444,-3.20807914946829,66.7760494120895,-0.40123245352870734,-0.09548138294893553,0.910986181972862
,333,0,-0.4541015625,0.5915637860082303,0.4541015625,-0.5915637860082303,1835,2810,2928,1476,1865,2810,2927,1517,-105,0,19,-157,4900,4800,4800,4800,-36.52,69.60000000000001,-227.21,17.83713850255458,-28.887470211366853,56.46188729426949,0.4762267379996898,-0.6971820619387429,0.5358593719671398
,334,0,0.2958984375,-0.6862139917695473,-0.2958984375,0.6862139917695473,2324,1977,2439,2309,2324,2035,2444,2310,0,-274,-27,-1,5100,4900,5100,4800,-36.95,9.53,-204.12,-0.7859883254039062,32.71497431925896,56.69826622934082,0.017087771014536346,0.8356262111662935,0.5490326431949376
,335,0,-0.0791015625,-0.18621399176954734,0.0791015625,0.18621399176954734,2079,2303,2684,1983,2085,2308,2683,1983,-20,-19,21,0,5000,5000,5000,5000,-47.910000000000004,30.66,-212.09,5.581080887845133,11.082301172377775,67.72583541542632,0.19318957482612872,0.33177423489672747,0.9233653909678391
,336,0,0.6708984375,0.31378600823045266,-0.6708984375,-0.31378600823045266,2568,2629,2195,1657,2569,2630,2229,1676,0,0,-140,-58,4900,4900,5100,5000,-42.15,56.730000000000004,-184.32,-24.009474653281302,-12.893893153975576,61.93476225128359,-0.6077747372946363,-0.3476524052373048,0.7139661573486185
,337,0,-0.6884765625,-0.5195473251028806,0.6884765625,0.5195473251028806,1682,2085,3081,2201,1735,2117,3081,2202,-245,-122,21,0,4800,5000,4900,4900,-32.45,18.92,-236.4,30.73122254962695,20.972703459111827,52.31591598024197,0.7725627898518143,0.4920425281613469,0.4012989985247566
,338,0,0.0615234375,-0.019547325102880708,-0.0615234375,0.019547325102880708,2171,2411,2592,1875,2172,2414,2592,1878,0,-17,0,-12,5000,5000,5000,5000,-49.38,40.49,-210.85,3.6191999041188865,1.3730743262897462,69.2122193015395,0.1372365870877096,0.0408521219890816,0.9896955204978484
,339,0,-0.3134765625,0.48045267489711896,0.3134765625,-0.48045267489711896,1927,2737,2836,1549,1947,2738,2835,1585,-60,0,20,-134,5100,5000,5000,4800,-41.5,65.35,-221.97,12.908606849681206,-24.25332771364163,61.417167211428804,0.37552997948969563,-0.6117645913346561,0.6962193040225259
,340,0,0.4365234375,-0.352880658436214,-0.4365234375,0.352880658436214,2416,2194,2347,2092,2417,2220,2365,2093,0,-82,-60,-12,5000,4900,5000,5000,-44.88,25.73,-195.06,-11.032638592183616,17.241088824560954,64.63385228251157,-0.2506381328898678,0.43636926744845783,0.8641541464160065
,341,0,-0.5009765625,0.14711934156378592,0.5009765625,-0.14711934156378592,1804,2520,2959,1766,1842,2520,2958,1773,-154,0,20,-18,5000,4900,5000,4800,-42.28,45.95,-232.36,24.69121787089074,-5.665836239380383,62.18900800922151,0.6863962339788627,-0.14949843069166155,0.7116954609946343
,342,0,0.2490234375,0.6471193415637857,-0.2490234375,-0.6471193415637857,2293,2846,2470,1440,2293,2847,2474,1491,-7,0,-21,-227,4900,4800,5100,5000,-37.93,76.72,-206.33,-3.51282467412247,-34.453770097911494,57.822871470366664,0.035265158391285176,-0.828976130394188,0.5581710704079135
,343,0,-0.1259765625,-0.6306584362139918,0.1259765625,0.6306584362139918,2049,2013,2714,2273,2052,2065,2713,2273,-12,-234,19,0,5000,4800,5000,4800,-38.44,11.25,-210.12,5.067369904130629,30.562961910211687,58.21006648997276,0.17743471746388328,0.7883196954028916,0.5891256053494911
,344,0,0.6240234375,-0.13065843621399176,-0.6240234375,0.13065843621399176,2538,2339,2225,1947,2538,2342,2259,1947,0,-15,-137,10,5000,4900,4900,5000,-44.1,37.9,-183.67000000000002,-23.28226837331843,5.937447545593123,63.84412824112162,-0.6157508974519801,0.16366738626868504,0.7707553561014402
,345,0,-0.5947265625,0.369341563786008,0.5947265625,-0.369341563786008,1743,2665,3020,1621,1785,2666,3020,1642,-176,0,20,-61,4800,5000,5000,5000,-38.660000000000004,56.69,-236.07,27.613940514552723,-16.657190011939058,58.602375243703804,0.7097748354133795,-0.40494241318459595,0.5764037864363373
,346,0,0.1552734375,-0.4639917695473251,-0.1552734375,0.4639917695473251,2232,2122,2531,2164,2232,2158,2533,2165,0,-135,-7,0,4900,5000,5000,4900,-43.22,18.330000000000002,-209.25,3.666629767973177,23.576700961206058,63.00191217022548,0.134126702044463,0.6254754933018846,0.7686289319804713
,347,0,-0.2197265625,0.03600823045267476,0.2197265625,-0.03600823045267476,1988,2447,2775,1839,2002,2447,2774,1845,-43,-4,19,-14,5000,5000,5000,4900,-47.76,42.65,-219.76,12.35141845600694,-1.4382267697924576,67.6238096222599,0.3946902307173608,-0.033582805745289844,0.9182003141660056
,348,0,0.5302734375,0.5360082304526745,-0.5302734375,-0.5360082304526745,2477,2773,2286,1513,2478,2773,2311,1549,0,0,-84,-135,4900,4800,4900,4900,-40.59,68.32000000000001,-194.56,-14.64265961715924,-25.20717989886763,60.42975540174993,-0.33681794336641335,-0.6579429009132,0.6735464439549382
,349,0,-0.4072265625,-0.2973251028806585,0.4072265625,0.2973251028806585,1866,2230,2897,2056,1892,2252,2896,2057,-84,-67,22,-11,5000,4900,4900,4800,-42.89,28.79,-226.49,20.09388938005145,11.879791012743155,62.74590573489286,0.5661138090140833,0.2991295730295098,0.7681384339966002
,350,0,0.3427734375,0.2026748971193415,-0.3427734375,-0.2026748971193415,2354,2556,2409,1730,2354,2556,2423,1742,0,-3,-46,-31,5000,5000,5000,4900,-47.79,53.27,-200.5,-7.635636371620109,-10.617033438766178,67.61692115114401,-0.16847552325832346,-0.2786011987308605,0.9455143415774092
,351,0,-0.0322265625,0.7026748971193415,0.0322265625,-0.7026748971193415,2110,2882,2653,1404,2111,2883,2651,1458,0,0,19,-247,4900,4900,4700,5000,-36.7,78.53,-209.09,-0.8894718445649801,-36.464097611211436,56.6050031601944,0.020249311699595655,-0.874806120539155,0.4840498082252757
,352,0,0.7177734375,-0.7232510288065843,-0.7177734375,0.7232510288065843,2599,1953,2164,2333,2600,2008,2200,2333,0,-251,-139,0,5100,5000,4800,4800,-31.91,12.82,-183.96,-21.11835458727475,30.900905553879333,51.60362819434651,-0.5028843238433399,0.7602715437807313,0.41121106083116304
,353,0,-0.7119140625,-0.22325102880658443,0.7119140625,0.22325102880658443,1667,2278,3096,2008,1726,2284,3095,2009,-290,-19,22,0,4800,4800,5100,4700,-34.84,33.730000000000004,-238.99,32.22109527624852,6.01810207517677,54.74418217365587,0.8756248059491819,0.15949958230432967,0.4558959118605944
,354,0,0.0380859375,0.27674897119341546,-0.0380859375,-0.27674897119341546,2156,2604,2607,1682,2157,2605,2608,1704,0,0,-2,-64,5000,5000,5000,5000,-47.19,57.1,-212.08,3.6339478857376832,-15.287331452990323,67.06006648011405,0.1291412605783048,-0.41540098431825323,0.9004246537293791
,355,0,-0.3369140625,-0.5565843621399177,0.3369140625,0.5565843621399177,1911,2061,2852,2225,1930,2102,2851,2226,-52,-169,20,0,4900,5000,5000,4900,-39.02,15.06,-220.41,15.048492955026859,26.009895234597415,58.8292324534095,0.4301798017605769,0.6504239902511266,0.6260143537196521
,356,0,0.4130859375,-0.0565843621399178,-0.4130859375,0.0565843621399178,2400,2387,2363,1899,2401,2389,2385,1899,0,-15,-70,0,5000,4900,5000,4900,-47.94,39.230000000000004,-194.94,-12.151308699610809,3.7932245681244723,67.72116893799206,-0.31899634920109116,0.09419073783040943,0.9430638547327206
,357,0,-0.5244140625,0.4434156378600822,0.5244140625,-0.4434156378600822,1789,2713,2974,1573,1825,2714,2973,1601,-142,0,19,-97,5000,5000,4800,4900,-38.31,61.38,-232.05,23.261807858094215,-21.04052200768883,58.249753696399026,0.6188129075084771,-0.506523331600957,0.6004204360652402
,358,0,0.2255859375,-0.389917695473251,-0.2255859375,0.389917695473251,2278,2170,2485,2116,2278,2201,2489,2117,0,-111,-24,-3,5000,5000,5000,4900,-45.03,22.14,-206.94,1.078189563694707,19.95049133036776,64.81268024540528,0.06276466797605393,0.5178735205182053,0.8531515769193277
,359,0,-0.1494140625,0.11008230452674894,0.1494140625,-0.11008230452674894,2034,2496,2729,1790,2043,2496,2728,1799,-28,0,21,-25,5000,5000,5000,5000,-48.38,47.14,-216.15,8.42004734505619,-5.6499647416535055,68.2420203018551,0.2616495531231143,-0.14888166239844203,0.9536109070013573
,360,0,0.6005859375,0.6100823045267489,-0.6005859375,-0.6100823045267489,2523,2822,2240,1464,2523,2823,2268,1506,0,0,-107,-170,5000,5000,5000,4600,-36.86,72.84,-192.15,-17.36690496302785,-29.54671768774441,56.70171314415364,-0.40484029887844003,-0.7154197675722944,0.5694549047736964
,361,0,-0.6181640625,-0.6676954732510288,0.6181640625,0.6676954732510288,1728,1989,3035,2297,1767,2040,3035,2297,-159,-228,23,0,5100,5000,5000,4700,-30.32,13.040000000000001,-231.29,26.07242669986084,27.206778633901205,50.15829508090002,0.6800437052561744,0.6364312257013298,0.36399979930455606
,362,0,0.1318359375,-0.16769547325102885,-0.1318359375,0.16769547325102885,2217,2315,2546,1971,2217,2321,2548,1972,0,-22,-21,0,5000,5000,5000,4900,-48.21,31.54,-210.41,3.840202820895911,10.328562850556807,68.02252059913745,0.14310810458283907,0.27804272027401244,0.9498485753557432
,363,0,-0.2431640625,0.33230452674897126,0.2431640625,-0.33230452674897126,1972,2641,2791,1645,1986,2642,2789,1668,-39,0,20,-70,5000,5000,5000,5000,-45.11,58.28,-219.9,11.352313293533058,-17.042379363591728,65.006327873757,0.33826308463729127,-0.4394473763394558,0.8321442717462123
,364,0,0.5068359375,-0.5010288065843621,-0.5068359375,0.5010288065843621,2461,2097,2302,2189,2462,2133,2326,2190,0,-137,-85,0,4900,5000,5000,5000,-41.01,19.06,-192.94,-12.646532361093591,24.039802696376263,60.743731899816495,-0.29010843493015376,0.6106179543894387,0.7368736728636965
,365,0,-0.4306640625,-0.0010288065843622185,0.4306640625,0.0010288065843622185,1850,2423,2913,1863,1884,2424,2912,1863,-125,-2,21,0,5000,5000,5000,5000,-43.92,39.300000000000004,-229.05,21.87315393771823,1.2127120373064315,63.8052658085349,0.6402581779793675,0.021045140044357005,0.76787145253034
,366,0,0.3193359375,0.49897119341563756,-0.3193359375,-0.49897119341563756,2339,2749,2424,1537,2339,2750,2435,1575,0,0,-34,-142,5000,5000,5000,4800,-42.72,68.24,-205.26,-3.971807395030339,-25.907282258079,62.59217754835153,-0.07203192442536072,-0.6689667707416881,0.7397937966129593
,367,0,-0.0556640625,-0.3343621399176955,0.0556640625,0.3343621399176955,2095,2206,2668,2080,2096,2236,2667,2081,0,-102,17,-11,5000,5000,5000,5000,-46.050000000000004,24.67,-209.3,3.243314886766285,17.256547452913487,65.84505552626047,0.1221335797482835,0.4465147572920389,0.8864016923597908
,368,0,0.6943359375,0.16563786008230452,-0.6943359375,-0.16563786008230452,2584,2532,2179,1754,2585,2532,2219,1762,0,-4,-175,-22,5000,5000,4800,4900,-42.45,49.52,-181.52,-26.27397115265657,-5.497298771449245,62.211433797881725,-0.6609133838907167,-0.14980512674870622,0.7353583636526655
,369,0,-0.6650390625,0.6656378600823043,0.6650390625,-0.6656378600823043,1697,2858,3066,1428,1745,2859,3066,1472,-217,0,19,-181,5000,5000,5100,4900,-32.0,69.44,-237.86,28.483198958022598,-29.519216778127095,51.97403780326529,0.6471759540755568,-0.6915958319429496,0.3207155900568807
,370,0,0.0849609375,-0.6121399176954733,-0.0849609375,0.6121399176954733,2186,2025,2577,2261,2186,2074,2578,2261,0,-213,0,0,5000,5000,4900,4900,-39.02,11.67,-208.05,2.970473874916138,30.297221279338828,58.78461758410435,0.12420134220120976,0.7871494486436403,0.6041272813699372
,371,0,-0.2900390625,-0.11213991769547327,0.2900390625,0.11213991769547327,1942,2351,2821,1935,1963,2353,2820,1936,-64,-15,19,0,5000,5000,5000,5000,-46.35,35.03,-222.56,15.706825732451676,5.952685237582251,66.20671339813603,0.4999860706428849,0.17876286133071595,0.847382893721571
,372,0,0.4599609375,0.3878600823045266,-0.4599609375,-0.3878600823045266,2431,2677,2332,1609,2431,2678,2353,1635,0,0,-71,-79,5000,4900,5000,4900,-44.29,62.160000000000004,-196.42000000000002,-12.346558326993488,-19.191794622555342,64.1227567343823,-0.2906248738065796,-0.5089347875512491,0.8102608004495062
,373,0,-0.4775390625,-0.4454732510288066,0.4775390625,0.4454732510288066,1820,2134,2943,2152,1850,2164,2942,2153,-109,-104,20,-4,5000,5000,5100,5000,-39.06,21.19,-228.12,22.287975052985047,19.33106956257201,58.905302132242895,0.6057774609815235,0.4740019293183945,0.6390272598013474
,374,0,0.2724609375,0.05452674897119314,-0.2724609375,-0.05452674897119314,2309,2460,2454,1826,2310,2460,2464,1831,-2,0,-35,-14,5000,5000,5000,5000,-49.15,45.1,-202.68,-4.866216910771072,-2.625846183412584,68.96678858898561,-0.09772254422275742,-0.07496016694816683,0.9923866573678498
,375,0,-0.1025390625,0.5545267489711931,0.1025390625,-0.5545267489711931,2064,2785,2699,1501,2067,2785,2697,1541,-13,0,18,-157,4900,5000,5000,5000,-41.08,71.26,-211.70000000000002,2.2340552371265403,-29.39516457986978,60.97800720413791,0.08769895338012376,-0.7433459952508483,0.6631331879197098
,376,0,0.6474609375,-0.27880658436213995,-0.6474609375,0.27880658436213995,2553,2242,2210,2044,2553,2261,2244,2046,0,-56,-140,-11,5000,4900,5000,4900,-42.65,33.03,-183.31,-23.27991982599451,10.817430933740525,62.3830476082574,-0.5719014851652672,0.2679891822447317,0.775313155741318
,377,0,-0.5712890625,0.22119341563785988,0.5712890625,-0.22119341563785988,1759,2568,3004,1718,1802,2569,3003,1727,-184,0,21,-22,5000,4900,5000,5000,-40.78,49.81,-234.72,26.76607243820976,-9.691915531239253,60.704129542766964,0.7274936489329793,-0.23915997483940085,0.6430828074182959
,378,0,0.1787109375,0.7211934156378599,-0.1787109375,-0.7211934156378599,2248,2894,2515,1392,2248,2895,2517,1447,0,0,-18,-256,4900,5000,4900,5000,-36.26,77.66,-215.19,5.259153948530269,-36.044806250447216,56.181806265980356,0.09292672375090465,-0.8866352555602548,0.45303702675446406
,379,0,-0.1962890625,-0.7047325102880658,0.1962890625,0.7047325102880658,2003,1965,2760,2321,2008,2023,2760,2321,-16,-272,0,0,4900,5000,5100,5000,-35.800000000000004,8.540000000000001,-212.17000000000002,7.318229180774495,33.10932047239025,55.57076912333022,0.23951077095513923,0.8305508941526543,0.5028118960592542
,380,0,0.5537109375,-0.20473251028806594,-0.5537109375,0.20473251028806594,2492,2291,2271,1995,2493,2296,2302,1996,0,-18,-122,0,5000,5000,5000,4900,-44.9,33.07,-188.11,-18.502300037325057,10.430621509403359,64.64773911576083,-0.49375256307254073,0.2865697233164113,0.8210275270279628
,381,0,-0.3837890625,0.29526748971193406,0.3837890625,-0.29526748971193406,1881,2616,2882,1670,1907,2617,2881,1689,-85,0,19,-53,5000,5000,5000,4900,-43.65,54.95,-226.27,17.95358507197068,-14.191835664881204,63.55891240854157,0.5136682168525959,-0.35381787196338765,0.7816379446231962
,382,0,0.3662109375,-0.5380658436213992,-0.3662109375,0.5380658436213992,2370,2073,2393,2213,2371,2113,2407,2214,0,-163,-45,-7,4900,5000,4900,5000,-40.980000000000004,15.77,-200.45000000000002,-4.915399543437928,26.77009443675015,60.72986221293303,-0.09389221882132338,0.6892032021952798,0.7184589044117841
,383,0,-0.0087890625,-0.0380658436213992,0.0087890625,0.0380658436213992,2125,2399,2638,1887,2127,2401,2637,1889,-14,-17,22,-12,5000,5000,5000,4900,-49.4,39.17,-209.27,2.1402195463943485,2.8054365084472437,69.22469650434938,0.08337721095478368,0.08035398742934584,0.9932731131957645
,384,0,0.7412109375,0.4619341563786006,-0.7412109375,-0.4619341563786006,2614,2725,2149,1561,2615,2726,2191,1591,0,-1,-179,-103,5100,4800,4800,4900,-38.61,63.02,-183.41,-25.36813554460136,-19.1082363819204,58.4049210611316,-0.6204701171496598,-0.505127026416679,0.5998862566418162
,385,0,-0.7412109375,-0.37139917695473257,0.7412109375,0.37139917695473257,1648,2182,3115,2104,1705,2203,3114,2104,-271,-63,21,-4,4800,4900,5100,4900,-33.86,27.12,-239.82,33.536496485096706,12.547189433961734,53.753153455043176,0.8581570201970042,0.2933648777053146,0.42131173401122485
,386,0,0.0087890625,0.12860082304526743,-0.0087890625,-0.12860082304526743,2137,2508,2626,1778,2138,2508,2626,1788,0,-2,-5,-28,5000,5000,5000,5000,-48.84,49.51,-211.63,3.737084302646082,-7.681042298907407,68.69310909559846,0.13498212180020513,-0.20476069851347475,0.9694600987862203
,387,0,-0.3662109375,0.6286008230452673,0.3662109375,-0.6286008230452673,1892,2834,2871,1452,1913,2835,2870,1499,-63,0,20,-199,5000,5000,4900,4900,-37.02,72.05,-223.56,14.015845478352844,-31.06204581492748,56.955790693312466,0.3819598527420801,-0.7553443742663346,0.5325049738335296
,388,0,0.3837890625,-0.6491769547325104,-0.3837890625,0.6491769547325104,2381,2001,2382,2285,2382,2052,2393,2285,0,-226,-36,-4,5100,5000,5000,4900,-37.76,11.540000000000001,-199.45000000000002,-5.593153398145006,31.054721663437142,57.49815689827912,-0.11087140114547185,0.7935930963997783,0.5982620911896829
,389,0,-0.5537109375,-0.14917695473251036,0.5537109375,0.14917695473251036,1770,2327,2993,1959,1812,2330,2992,1960,-180,-16,20,0,5000,5000,5000,5000,-40.410000000000004,34.79,-234.67000000000002,27.81891644268015,5.290425441899359,60.30315763993244,0.7651317487514425,0.13889562725864407,0.6287140938304054
,390,0,0.1962890625,0.35082304526748964,-0.1962890625,-0.35082304526748964,2259,2653,2504,1633,2259,2654,2508,1660,0,0,-21,-84,5000,5000,5000,5000,-46.03,60.92,-210.27,1.5520030705588397,-18.96692527020442,65.90239851093214,0.06917784853925407,-0.5087773856268993,0.858114209849795
,391,0,-0.1787109375,-0.4825102880658436,0.1787109375,0.4825102880658436,2014,2109,2749,2177,2018,2148,2748,2178,-17,-159,19,0,4900,5000,5000,4900,-42.230000000000004,17.78,-213.94,8.387177177631685,23.779013642600454,62.02507967070807,0.2638813264667994,0.6064044082671396,0.7500935536160162
,392,0,0.5712890625,0.017489711934156382,-0.5712890625,-0.017489711934156382,2503,2435,2260,1851,2503,2435,2292,1853,0,0,-127,-12,5000,5000,4900,5000,-45.21,42.64,-186.77,-20.541491411737127,0.9853944893699662,64.97329261144864,-0.5383484962871121,0.01463856358865874,0.8425951631723657
,393,0,-0.6474609375,0.5174897119341559,0.6474609375,-0.5174897119341559,1709,2761,3054,1525,1756,2761,3054,1555,-210,0,20,-105,4800,4800,4900,4800,-33.89,64.44,-234.46,25.45363668274473,-24.2790530021446,53.84340561648291,0.6888866062159191,-0.5677712903669286,0.4506340040558264
,394,0,0.1025390625,-0.315843621399177,-0.1025390625,0.315843621399177,2198,2218,2565,2068,2198,2246,2565,2068,0,-95,0,-3,5000,5000,4900,4900,-46.36,25.43,-209.85,3.7351937988257475,16.458963546217454,66.15828874233226,0.13522315103445756,0.4285584639984065,0.8933377537973186
,395,0,-0.2724609375,0.1841563786008229,0.2724609375,-0.1841563786008229,1953,2544,2810,1742,1972,2544,2809,1754,-57,0,21,-33,5000,5000,5000,5000,-46.42,50.2,-221.8,13.83603142988062,-9.120528238763576,66.30552723306923,0.4148965546357148,-0.23840189801843437,0.8780805110994218
,396,0,0.4775390625,0.6841563786008229,-0.4775390625,-0.6841563786008229,2442,2870,2321,1416,2443,2871,2340,1466,0,0,-62,-215,4800,5000,4800,5000,-36.42,77.08,-199.73000000000002,-10.117064024996836,-34.33219340581616,56.29351157017915,-0.22365776201092938,-0.8200114329835555,0.5268381680065699
,397,0,-0.4599609375,-0.5936213991769548,0.4599609375,0.5936213991769548,1831,2037,2932,2249,1860,2082,2931,2249,-104,-190,19,0,4900,4800,5000,4900,-36.19,14.540000000000001,-225.31,19.981587608444897,26.162710899546695,56.013113756876166,0.5547838883437695,0.6352187760995718,0.5373192195750405
,398,0,0.2900390625,-0.09362139917695478,-0.2900390625,0.09362139917695478,2320,2363,2443,1923,2320,2366,2455,1924,0,-17,-42,0,5000,5000,5000,4900,-48.95,36.54,-201.61,-5.304920496282335,5.989098722946395,68.7459641690065,-0.12240429666694773,0.16098078093665197,0.979337723324541
,399,0,-0.0849609375,0.4063786008230452,0.0849609375,-0.4063786008230452,2076,2689,2687,1597,2079,2690,2685,1627,-15,0,18,-106,5000,5000,5000,5000,-44.77,63.77,-211.98000000000002,3.0519962612005145,-21.937512176133602,64.65346542131098,0.10143717425006714,-0.5767888123830042,0.8105708886889321
,400,0,0.6650390625,-0.42695473251028804,-0.6650390625,0.42695473251028804,2565,2146,2198,2140,2566,2175,2231,2142,0,-102,-132,-12,5000,4900,5100,4900,-40.08,25.560000000000002,-183.4,-22.63485375598802,18.254861365468656,59.79801021229373,-0.5504683814913474,0.45875361988651076,0.6975167935034391
,401,0,-0.6943359375,0.07304526748971174,0.6943359375,-0.07304526748971174,1678,2472,3085,1814,1734,2472,3085,1816,-269,0,20,-11,4800,5000,5100,5000,-36.74,40.9,-240.02,32.716946443388224,-1.2037970050762468,56.66202087768882,0.8634977984519309,-0.045506962025829274,0.5022953996164495
,402,0,0.0556640625,0.5730452674897117,-0.0556640625,-0.5730452674897117,2167,2798,2596,1488,2168,2798,2596,1531,-1,0,-10,-172,5000,4900,5100,4900,-40.38,72.10000000000001,-212.86,3.331338018485553,-30.31956202508045,60.28326994371423,0.11013738770620563,-0.7760415658643157,0.6209905344529125
,403,0,-0.3193359375,-0.2602880658436214,0.3193359375,0.2602880658436214,1923,2254,2840,2032,1943,2275,2839,2033,-61,-64,20,-2,4900,5000,5000,5000,-44.84,30.09,-223.08,16.592107867362813,10.837805873217064,64.6881707030161,0.48091731848362795,0.27248731799226406,0.8333481831238967
,404,0,0.4306640625,0.23971193415637848,-0.4306640625,-0.23971193415637848,2412,2580,2351,1706,2413,2581,2372,1720,0,0,-67,-34,5000,5000,5000,4900,-46.5,55.2,-196.17000000000002,-12.091786039647104,-12.227203816577905,66.31769773288202,-0.28123716304299345,-0.3244587271744236,0.9031235754224788
,405,0,-0.5068359375,0.7397119341563785,0.5068359375,-0.7397119341563785,1801,2906,2962,1380,1834,2907,2961,1430,-121,0,17,-221,4800,4900,4900,5000,-31.560000000000002,75.86,-228.11,18.289896479174956,-35.20786036514726,51.51750881779722,0.46332873264104624,-0.8140560275520253,0.35019889993467807
,406,0,0.2431640625,-0.73559670781893,-0.2431640625,0.73559670781893,2290,1944,2473,2342,2290,2002,2475,2342,0,-272,-23,0,4900,4900,4900,5000,-34.67,6.86,-206.43,1.7201960822261242,35.20318989332945,54.41984068262987,0.08664681625586976,0.8834218189188413,0.46049779488163456
,407,0,-0.1318359375,-0.23559670781893005,0.1318359375,0.23559670781893005,2045,2270,2718,2016,2053,2276,2717,2016,-24,-21,21,0,5000,5000,5000,5000,-46.82,28.11,-214.37,8.045108011981398,13.45574165711679,66.63755668416185,0.26361920149422524,0.3982574266468386,0.8785760859050202
,408,0,0.6181640625,0.2644032921810697,-0.6181640625,-0.2644032921810697,2534,2596,2229,1690,2534,2597,2260,1707,0,0,-126,-46,5000,5000,5000,4900,-43.57,54.65,-186.15,-22.03595483302263,-10.950485778277418,63.35606000021879,-0.5508835516268618,-0.29036882875505765,0.7824405765515937
,409,0,-0.6005859375,-0.5689300411522633,0.6005859375,0.5689300411522633,1739,2053,3024,2233,1781,2088,3024,2234,-179,-135,20,0,5100,5000,5100,4900,-33.81,15.94,-231.12,25.680105630593488,24.33498535439289,53.65370457599208,0.6794783009664096,0.5784454301116804,0.4513425782027602
,410,0,0.1494140625,-0.06893004115226331,-0.1494140625,0.06893004115226331,2228,2379,2535,1907,2228,2382,2538,1908,0,-17,-23,-11,5000,5000,5000,5000,-49.22,37.19,-209.12,2.136366953817202,4.790691639026278,69.04017760547968,0.09148797761117435,0.13000224171655272,0.9872838331003342
,411,0,-0.2255859375,0.43106995884773625,0.2255859375,-0.43106995884773625,1984,2705,2779,1581,1995,2706,2778,1612,-32,0,20,-110,5000,5000,4900,5000,-43.480000000000004,63.75,-218.44,9.499762636665679,-22.39426101546308,63.383115365148555,0.2818352778633544,-0.572708465003882,0.7697882113052806
,412,0,0.5244140625,-0.40226337448559674,-0.5244140625,0.40226337448559674,2473,2162,2290,2124,2474,2188,2315,2126,0,-85,-87,-10,5000,5000,5100,4700,-42.910000000000004,24.18,-190.93,-15.032123588037166,19.08532689286414,62.64810161453646,-0.35423301826066184,0.4837846186394787,0.8002945779785063
,413,0,-0.4130859375,0.09773662551440321,0.4130859375,-0.09773662551440321,1862,2488,2901,1798,1893,2488,2900,1804,-111,0,20,-16,5000,5000,5000,4900,-44.46,44.14,-228.28,20.748682122572035,-3.556545423101838,64.35284814324072,0.5996452621896365,-0.0938265261818023,0.7947465901268014
,414,0,0.3369140625,0.5977366255144032,-0.3369140625,-0.5977366255144032,2351,2814,2412,1472,2351,2814,2423,1517,0,0,-33,-185,5100,5000,5000,4900,-39.97,71.92,-205.88,-3.6154469068432604,-29.629075265764534,59.85163672391522,-0.07253375263639288,-0.7734674585104894,0.6296720935167821
,415,0,-0.0380859375,-0.6800411522633745,0.0380859375,0.6800411522633745,2106,1981,2657,2305,2107,2039,2657,2305,0,-275,0,0,5100,5100,5100,5000,-36.910000000000004,9.19,-207.53,2.639865832697012,32.80388281411007,56.667958359638035,0.110433683694891,0.8387367121987238,0.5332214634799056
,416,0,0.7119140625,-0.18004115226337447,-0.7119140625,0.18004115226337447,2595,2307,2168,1979,2596,2311,2211,1979,0,-15,-188,12,5000,5000,5100,5000,-41.57,36.550000000000004,-179.93,-26.90585706680494,7.552351499411422,61.29998001423333,-0.6961346682332656,0.20717161500851508,0.6873692207384066
,417,0,-0.7177734375,0.31995884773662553,0.7177734375,-0.31995884773662553,1663,2633,3100,1653,1721,2635,3099,1669,-283,-1,19,-45,4900,5000,5100,4700,-36.0,52.13,-241.97,33.840160079887625,-12.548216658515464,55.951011838756145,0.8285657249143447,-0.2999715535299673,0.4727535368138297
,418,0,0.0322265625,-0.5133744855967078,-0.0322265625,0.5133744855967078,2152,2089,2611,2197,2153,2130,2611,2199,0,-169,0,-14,5000,5000,4900,4800,-41.81,15.89,-209.44,4.039151011905574,25.992988988057682,61.5874935284816,0.1488355804521522,0.6893291551716042,0.7089945597970928
,419,0,-0.3427734375,-0.013374485596707841,0.3427734375,0.013374485596707841,1908,2415,2855,1871,1934,2416,2854,1873,-81,-2,21,-12,4900,5000,5000,5000,-45.76,39.46,-225.49,18.30570794281715,1.3184051282504967,65.63473514251973,0.566033141560715,0.050409443826460364,0.8228398207597967
,420,0,0.4072265625,0.4866255144032918,-0.4072265625,-0.4866255144032918,2396,2741,2367,1545,2397,2742,2383,1580,0,0,-53,-128,4900,5000,5000,4900,-42.77,67.55,-201.28,-7.890607575883422,-24.927141455332027,62.62863504876232,-0.18938351757034344,-0.628266539212003,0.7545959441842075
,421,0,-0.5302734375,-0.3467078189300411,0.5302734375,0.3467078189300411,1785,2198,2978,2088,1820,2222,2977,2088,-137,-73,20,0,5000,5000,5000,4800,-39.47,27.060000000000002,-231.4,25.127408368076686,13.237272467233737,59.33733848487363,0.694687913272151,0.32482882772901195,0.6417904142551368
,422,0,0.2197265625,0.15329218106995868,-0.2197265625,-0.15329218106995868,2274,2524,2489,1762,2274,2524,2495,1772,-11,-6,-27,-26,5000,5000,5000,5000,-48.75,50.730000000000004,-207.21,-0.7602134023024973,-8.573802001988149,68.5921464014026,0.009077633606280009,-0.22694998506909211,0.9738641079972342
,423,0,-0.1552734375,0.6532921810699586,0.1552734375,-0.6532921810699586,2030,2850,2733,1436,2034,2851,2731,1488,-16,0,17,-235,4800,5000,4900,4700,-38.32,73.15,-217.18,7.5686219163930275,-31.688230240399925,58.23860065874213,0.13725407423779964,-0.8236412470483468,0.5502512292269496
,424,0,0.5947265625,-0.6244855967078189,-0.5947265625,0.6244855967078189,2519,2017,2244,2269,2519,2065,2269,2269,0,-206,-93,0,5000,4800,5000,4800,-36.77,15.23,-188.55,-16.73153364960291,28.17181018800588,56.48252566660108,-0.39435132221075125,0.707615399525703,0.5863168776563676
,425,0,-0.6240234375,-0.12448559670781889,0.6240234375,0.12448559670781889,1724,2343,3039,1943,1773,2346,3039,1944,-221,-17,20,0,5100,5000,5000,5000,-38.44,37.35,-238.03,30.98777924498856,2.486436643725071,58.34866144913052,0.8222380759096061,0.060178824549493005,0.5659532273963203
,426,0,0.1259765625,0.3755144032921809,-0.1259765625,-0.3755144032921809,2213,2669,2550,1617,2213,2670,2552,1644,0,0,-20,-86,5000,5000,5000,5000,-45.33,62.39,-212.17000000000002,3.341082374545664,-20.573895046398682,65.21120867995648,0.12093894875341554,-0.5561109466368548,0.8222617501167617
,427,0,-0.2490234375,-0.45781893004115226,0.2490234375,0.45781893004115226,1969,2126,2794,2160,1979,2161,2793,2162,-27,-132,22,0,5000,5000,5000,5000,-42.31,19.39,-217.48000000000002,11.799311511602042,21.913916712399335,62.119168606801466,0.35220567751668425,0.5551501912644342,0.7534981259857756
,428,0,0.5009765625,0.04218106995884763,-0.5009765625,-0.04218106995884763,2458,2451,2305,1835,2459,2451,2332,1838,0,-11,-102,-12,5000,5000,5000,4900,-46.74,43.9,-190.51,-16.908413591723075,-0.5420220563753944,66.5172628992149,-0.4344326240320674,-0.024770168971451508,0.9003636675842366
,429,0,-0.4365234375,0.5421810699588474,0.4365234375,-0.5421810699588474,1846,2777,2917,1509,1874,2777,2916,1544,-93,0,19,-131,4900,5000,4900,5000,-38.04,67.7,-226.77,17.53329086180679,-26.956872282816313,57.97663752103573,0.47718663362502606,-0.6516312331369385,0.589635186102431
,430,0,0.3134765625,-0.2911522633744856,-0.3134765625,0.2911522633744856,2335,2234,2428,2052,2335,2258,2439,2053,0,-75,-35,-9,5000,5000,5000,5000,-46.79,27.89,-201.66,-4.614383646308482,14.607212731963166,66.56838069496538,-0.08913784500382324,0.37103450770790136,0.9243310222415071
,431,0,-0.0615234375,0.20884773662551437,0.0615234375,-0.20884773662551437,2091,2560,2672,1726,2094,2561,2671,1741,-13,0,20,-42,5000,4900,5000,5000,-48.1,53.44,-211.25,3.0720010600354897,-11.574260251647466,67.96002093387357,0.10732912103382493,-0.3041391744928609,0.946562106951735
,432,0,0.6884765625,0.7088477366255141,-0.6884765625,-0.7088477366255141,2580,2886,2183,1400,2581,2887,2217,1448,0,0,-136,-210,5000,5000,4900,4900,-33.730000000000004,75.05,-187.83,-21.82830410523951,-31.441043515412538,53.56310718728321,-0.4592265942525777,-0.7787901492774612,0.4273135131487983
,433,0,-0.6708984375,-0.7170781893004116,0.6708984375,0.7170781893004116,1694,1957,3069,2329,1739,2012,3069,2330,-195,-251,20,-11,5100,4800,4800,4900,-28.03,11.58,-232.68,27.57237439124438,28.55570444285719,47.86954955440615,0.701734185246703,0.6525898256722935,0.28582451379325685
,434,0,0.0791015625,-0.21707818930041145,-0.0791015625,0.21707818930041145,2183,2282,2580,2004,2183,2289,2580,2005,0,-23,0,0,5000,5000,5000,5000,-47.5,28.740000000000002,-210.89000000000001,4.526324284283049,13.084201343897426,67.30824205998137,0.1672737716392465,0.3693249696440822,0.9141217381284502
,435,0,-0.2958984375,0.2829218106995883,0.2958984375,-0.2829218106995883,1938,2608,2825,1678,1956,2609,2824,1700,-53,-1,18,-65,5000,5000,5000,5000,-45.160000000000004,54.88,-222.6,14.294258204273376,-13.849444399488696,65.0575768462099,0.42832770518334895,-0.35642880806472194,0.8303576830221587
,436,0,0.4541015625,-0.5504115226337449,-0.4541015625,0.5504115226337449,2427,2065,2336,2221,2428,2104,2355,2222,0,-156,-65,0,5000,4800,5000,4900,-40.13,15.96,-196.4,-8.965955139860142,26.875697953475324,59.867918329871,-0.19710131681230864,0.6829792249565882,0.7033423413875719
,437,0,-0.4833984375,-0.05041152263374482,0.4833984375,0.05041152263374482,1816,2391,2947,1895,1853,2392,2946,1895,-148,-1,19,0,5000,5000,5000,4900,-42.6,37.9,-232.16,25.081259711986064,2.3778592749670437,62.49187734517716,0.6997202538345684,0.04881941870308504,0.7127469612219893
,438,0,0.2666015625,0.44958847736625485,-0.2666015625,-0.44958847736625485,2305,2717,2458,1569,2306,2718,2465,1603,-12,0,-27,-127,5000,5000,4900,4900,-44.03,65.6,-207.51,-1.5380297059506347,-23.43643621378012,63.903606534423815,-0.011770994573659068,-0.6211859705412293,0.7835747786200742
,439,0,-0.1083984375,-0.3837448559670782,0.1083984375,0.3837448559670782,2060,2174,2703,2112,2062,2206,2702,2113,-13,-114,20,-10,5000,5000,5100,4900,-44.81,22.14,-211.39000000000001,5.51682085930625,19.623635659990548,64.60623995776696,0.1849024847588184,0.5051597722842149,0.8429855725905248
,440,0,0.6416015625,0.11625514403292181,-0.6416015625,-0.11625514403292181,2549,2500,2214,1786,2549,2500,2250,1792,0,0,-146,-18,5000,4900,5000,4900,-43.410000000000004,47.67,-183.84,-23.82731394045095,-3.82025149482147,63.1746995545229,-0.6071172136876529,-0.09821801541428507,0.7885188078240237
,441,0,-0.5771484375,0.6162551440329218,0.5771484375,-0.6162551440329218,1755,2826,3008,1460,1793,2827,3007,1501,-150,0,20,-162,4800,5000,4800,5000,-33.95,68.98,-233.34,24.00349876236902,-28.724540234230254,53.90930919189314,0.5933371320293658,-0.6833515570357576,0.4254194368525882
,442,0,0.1728515625,-0.661522633744856,-0.1728515625,0.661522633744856,2244,1993,2519,2293,2244,2048,2521,2293,0,-251,-21,0,4800,4800,4800,4700,-37.44,9.77,-208.02,3.084473302578175,32.19071343077188,57.20063791158509,0.12022755827544943,0.8262879108185174,0.550266864953991
,443,0,-0.2021484375,-0.16152263374485598,0.2021484375,0.16152263374485598,1999,2319,2764,1967,2011,2323,2763,1968,-36,-18,19,0,5000,5000,5000,5000,-47.08,32.3,-218.34,11.69633267993541,8.986472105443568,66.91824886184187,0.37545957720620393,0.27116507015450836,0.886284159066515
,444,0,0.5478515625,0.33847736625514413,-0.5478515625,-0.33847736625514413,2488,2645,2275,1641,2489,2646,2302,1662,0,0,-103,-61,5000,4900,4900,5000,-43.54,59.58,-190.92000000000002,-17.640325890691173,-16.217089767556978,63.35071009900899,-0.42265889279040253,-0.41471485228953875,0.8058356232108737
,445,0,-0.3896484375,-0.4948559670781893,0.3896484375,0.4948559670781893,1877,2101,2886,2185,1900,2137,2885,2186,-71,-139,20,0,5000,4900,5000,5000,-39.59,18.17,-223.14000000000001,17.541379776597125,22.709357993244318,59.41392828312155,0.4897921883418687,0.564697902799957,0.6642438489083763
,446,0,0.3603515625,0.005144032921810537,-0.3603515625,-0.005144032921810537,2366,2427,2397,1859,2366,2428,2414,1861,0,0,-55,-12,5000,5000,5000,4900,-48.58,42.28,-197.68,-9.644250324886713,0.5519511132606141,68.37577163927027,-0.23906195546665154,0.010918396755976934,0.970942928323153
,447,0,-0.0146484375,0.5051440329218104,0.0146484375,-0.5051440329218104,2121,2753,2642,1533,2122,2753,2641,1572,0,0,19,-154,5000,5000,5000,5000,-42.74,68.56,-210.34,1.0709609348666334,-26.598933823609862,62.62831178263146,0.024185240064017875,-0.6982226655498772,0.7154720004832266
,448,0,0.7353515625,-0.3281893004115226,-0.7353515625,0.3281893004115226,2610,2210,2153,2076,2611,2233,2195,2076,0,-69,-176,0,5000,5000,5000,5000,-39.96,31.59,-179.67000000000002,-26.79671513877767,12.51439524607737,59.679020454059184,-0.6627174155440694,0.3096909920003728,0.6818336429132944
,449,0,-0.7294921875,0.17181069958847728,0.7294921875,-0.17181069958847728,1655,2536,3108,1750,1714,2536,3108,1755,-290,0,22,-17,5100,5000,4800,5000,-34.61,47.14,-239.22,31.467583867955,-7.3731415417875255,54.54240271810028,0.875314627097418,-0.17255924860081565,0.4517162929446212
,450,0,0.0205078125,0.6718106995884772,-0.0205078125,-0.6718106995884772,2144,2862,2619,1424,2145,2863,2620,1476,0,0,-18,-231,5000,5000,4700,4900,-36.86,77.02,-210.35,0.47741796583457585,-35.050211074919254,56.76574241712173,0.1026093300000236,-0.8561526091586545,0.5064326561624698
,451,0,-0.3544921875,-0.6059670781893004,0.3544921875,0.6059670781893004,1900,2029,2863,2257,1919,2075,2862,2257,-56,-196,20,-3,5000,4800,4900,4800,-37.42,13.1,-220.5,15.286627133323776,27.954379638948176,57.22549540689484,0.4417352109183766,0.6897886465868063,0.5736389338903347
,452,0,0.3955078125,-0.1059670781893004,-0.3955078125,0.1059670781893004,2389,2355,2374,1931,2390,2358,2394,1932,0,-16,-66,0,5000,5000,5000,5000,-47.99,36.78,-195.9,-11.01434772124648,6.166329203280057,67.76906595543511,-0.29551483100031256,0.17206784747801693,0.9397146590977168
,453,0,-0.5419921875,0.3940329218106995,0.5419921875,-0.3940329218106995,1778,2681,2985,1605,1814,2682,2984,1630,-141,0,20,-78,5000,5000,4900,4900,-38.61,58.78,-231.66,23.062690239767193,-18.418247235694473,58.543228046613464,0.6518629738152728,-0.4447584729018133,0.6142186615129469
,454,0,0.2080078125,-0.43930041152263377,-0.2080078125,0.43930041152263377,2267,2138,2496,2148,2267,2173,2500,2149,0,-132,-23,0,5000,5000,5000,5000,-43.89,19.650000000000002,-207.89000000000001,2.211548134688769,22.361520232456705,63.67047274111978,0.09418643610125717,0.5853264500229826,0.8053085509033395
,455,0,-0.1669921875,0.06069958847736601,0.1669921875,-0.06069958847736601,2022,2464,2741,1822,2032,2464,2740,1829,-29,-6,21,-19,5000,5000,5000,5000,-48.32,44.28,-217.21,9.687127670824395,-2.875548800389808,68.17938139291681,0.3062655462715186,-0.07497070914863489,0.9489893613401362
,456,0,0.5830078125,0.560699588477366,-0.5830078125,-0.560699588477366,2511,2790,2252,1496,2511,2790,2279,1533,0,0,-101,-134,4900,5000,4900,5000,-38.62,71.49,-190.86,-18.55949252941511,-28.101754732934744,58.455000615085396,-0.39849748318191663,-0.672218313704678,0.6239569653571608
,457,0,-0.6357421875,-0.27263374485596703,0.6357421875,0.27263374485596703,1717,2246,3046,2040,1762,2264,3046,2042,-195,-54,21,-11,5000,4900,5000,4900,-37.800000000000004,31.35,-237.88,31.28010170625373,8.479811760655117,57.69589634099164,0.8067335582064766,0.19560031842089226,0.5576033370570548
,458,0,0.1142578125,0.22736625514403275,-0.1142578125,-0.22736625514403275,2205,2572,2558,1714,2205,2573,2560,1730,0,0,-19,-47,5000,5000,5000,5000,-47.82,54.85,-211.87,3.5877209228337392,-13.026565092451825,67.68480525028781,0.12722054587814033,-0.35086783063792715,0.927742797401253
,459,0,-0.2607421875,0.7273662551440325,0.2607421875,-0.7273662551440325,1961,2898,2802,1388,1973,2899,2801,1442,-30,0,19,-248,4800,4900,5100,5000,-35.28,76.55,-220.34,10.479504754975693,-35.31771604007397,55.215226065674116,0.23550499783404105,-0.8664157151331533,0.4402967233190535
,460,0,0.4892578125,-0.6985596707818931,-0.4892578125,0.6985596707818931,2450,1969,2313,2317,2451,2025,2331,2317,0,-261,-62,0,5000,5000,4800,5000,-35.64,10.68,-194.61,-10.350897910433162,32.26254943673172,55.36165994629201,-0.2309521310814665,0.8113247756227264,0.5370411731046904
,461,0,-0.4482421875,-0.19855967078189296,0.4482421875,0.19855967078189296,1839,2295,2924,1991,1872,2300,2923,1992,-122,-19,20,0,5000,4900,5000,5000,-42.92,32.05,-228.88,22.238251196878508,8.453367379152574,62.789877108603335,0.6450899576416452,0.22608323612837608,0.7298940449761334
,462,0,0.3017578125,0.30144032921810693,-0.3017578125,-0.30144032921810693,2328,2621,2435,1665,2328,2622,2445,1688,0,0,-35,-67,5000,5000,5000,5000,-46.83,58.13,-203.86,-4.638383825960801,-15.712529942757747,66.67713790201223,-0.09269127574557144,-0.4179258850171573,0.9037401628971038
,463,0,-0.0732421875,-0.5318930041152263,0.0732421875,0.5318930041152263,2083,2077,2680,2209,2084,2121,2679,2210,0,-190,20,0,5000,4800,5100,5000,-41.44,15.290000000000001,-208.44,3.0869240954963857,26.663870290488244,61.21321799132356,0.12441998619843615,0.7003634495034786,0.7028589514504097
,464,0,0.6767578125,-0.03189300411522633,-0.6767578125,0.03189300411522633,2572,2403,2191,1883,2573,2404,2230,1883,0,-3,-168,0,4900,4900,4900,4900,-42.730000000000004,41.410000000000004,-181.15,-26.04895451067577,2.6186117572879724,62.47366232486553,-0.680946179670487,0.06956951868823866,0.7290215240043708
,465,0,-0.6826171875,0.46810699588477345,0.6826171875,-0.46810699588477345,1686,2729,3077,1557,1738,2730,3076,1586,-241,0,21,-94,5000,5000,4900,4900,-33.24,61.88,-236.62,27.797450204313492,-21.8858400540416,53.19473778072748,0.749774089300809,-0.5072072692514581,0.4249465860924433
,466,0,0.0673828125,-0.36522633744855965,-0.0673828125,0.36522633744855965,2175,2186,2588,2100,2175,2217,2588,2101,0,-105,0,-11,5000,5000,4900,4900,-45.4,23.02,-209.69,3.7551591987283928,18.872022407656644,65.19286224899548,0.13854247444956813,0.4950845545939344,0.8577279677006668
,467,0,-0.3076171875,0.1347736625514402,0.3076171875,-0.1347736625514402,1930,2512,2833,1774,1953,2512,2832,1783,-70,0,21,-23,5000,5000,5000,5000,-46.26,47.21,-223.44,15.691370825198504,-6.259226032212432,66.14438936983747,0.4775303715573464,-0.16339172930068144,0.8632889939275465
,468,0,0.4423828125,0.6347736625514402,-0.4423828125,-0.6347736625514402,2419,2838,2344,1448,2420,2839,2361,1494,0,0,-55,-195,5000,5000,5000,4900,-38.92,72.43,-203.66,-5.863831767807255,-29.97727262911102,58.79592648282322,-0.18333617303319746,-0.7843662087474131,0.5925854353869585
,469,0,-0.4951171875,-0.6430041152263375,0.4951171875,0.6430041152263375,1808,2005,2955,2281,1840,2053,2954,2282,-119,-211,21,-13,4900,5000,4800,4900,-34.47,12.68,-226.05,20.860980460603287,27.959522434571166,54.29156314211755,0.5733030463415519,0.669191229264296,0.4727649688071619
,470,0,0.2548828125,-0.1430041152263375,-0.2548828125,0.1430041152263375,2297,2331,2466,1955,2297,2336,2475,1955,0,-19,-36,9,5000,5000,5000,5000,-48.6,33.59,-203.98000000000002,-2.7239353703630798,8.756540352646063,68.39713382917216,-0.04275778137275748,0.22971299948551507,0.9723187286067504
,471,0,-0.1201171875,0.3569958847736625,0.1201171875,-0.3569958847736625,2053,2657,2710,1629,2059,2658,2709,1656,-19,0,20,-84,5000,5000,5000,4900,-45.63,60.870000000000005,-213.66,4.937680866426916,-19.16658551718475,65.51262723397411,0.15748333268753323,-0.5007336248412598,0.8511550016765221
,472,0,0.6298828125,-0.4763374485596708,-0.6298828125,0.4763374485596708,2542,2113,2221,2173,2542,2148,2251,2174,0,-131,-118,-2,5000,4900,5100,4800,-39.800000000000004,22.43,-185.56,-20.2503022275298,21.21737779183063,59.51817020146059,-0.48456825260330666,0.5330913208318818,0.6935468637537751
,473,0,-0.5888671875,0.023662551440329138,0.5888671875,-0.023662551440329138,1747,2439,3016,1847,1790,2439,3016,1848,-183,0,21,0,4800,5000,5000,4900,-39.160000000000004,40.83,-234.84,27.549064714199716,-0.7485989239916648,59.06607851844885,0.7983692038922319,-0.019659182451790328,0.601847265360417
,474,0,0.1611328125,0.5236625514403288,-0.1611328125,-0.5236625514403288,2236,2765,2527,1521,2236,2765,2529,1559,-6,0,-19,-148,5000,5000,4900,4800,-41.9,69.51,-212.94,3.596695640759492,-27.738959988706007,61.79818857590581,0.10773042505498019,-0.7258212207020271,0.6793951067649022
,475,0,-0.2138671875,-0.3096707818930041,0.2138671875,0.3096707818930041,1992,2222,2771,2064,1999,2248,2770,2065,-24,-85,15,-11,5000,5000,5000,5000,-45.43,26.73,-217.72,11.491301642775682,14.583182667299901,65.25494096472633,0.3433103403193035,0.3705191763967953,0.8630489847929171
,476,0,0.5361328125,0.19032921810699577,-0.5361328125,-0.19032921810699577,2481,2548,2282,1738,2482,2548,2311,1747,0,0,-110,-24,5000,5000,5000,5000,-45.49,51.980000000000004,-189.88,-18.125730897521066,-8.556876860728188,65.28193256195783,-0.4451061434487601,-0.23069741059862253,0.8652509611709556
,477,0,-0.4013671875,0.6903292181069955,0.4013671875,-0.6903292181069955,1869,2874,2894,1412,1893,2875,2893,1461,-75,0,20,-210,5000,4800,5100,4600,-34.94,74.60000000000001,-224.54,14.81217958032741,-33.68176566686646,54.88402335710187,0.3765670654971127,-0.8036309116449689,0.4608411906845671
,478,0,0.3486328125,-0.5874485596707819,-0.3486328125,0.5874485596707819,2358,2041,2405,2245,2358,2088,2414,2246,0,-202,-33,-1,5000,5000,5000,5000,-39.88,14.030000000000001,-200.73000000000002,-4.505357821392153,28.4823725327121,59.6271521384934,-0.08514502184365108,0.7364196724624156,0.6711455812754734
,479,0,-0.0263671875,-0.08744855967078191,0.0263671875,0.08744855967078191,2114,2367,2649,1919,2118,2369,2648,1920,-15,-16,19,-11,5000,5000,5000,5000,-49.11,36.28,-209.70000000000002,2.7818639333696638,5.655452732935352,68.93007810570857,0.10737237195046416,0.16399293799299364,0.9806005761930578
,480,0,0.7236328125,0.41255144032921787,-0.7236328125,-0.41255144032921787,2603,2693,2160,1593,2604,2694,2200,1617,0,0,-164,-78,5000,5000,4900,4900,-39.45,61.620000000000005,-183.32,-25.35763588370017,-17.70350278539147,59.24176828727498,-0.6201516223797049,-0.45874737599403753,0.6363668833922808
,481,0,-0.7060546875,-0.4207818930041152,0.7060546875,0.4207818930041152,1671,2150,3092,2136,1726,2175,3092,2137,-262,-80,20,0,5100,4900,5100,4700,-33.18,24.55,-237.28,31.193808568007853,15.294998219854648,53.06014537479045,0.826829405892935,0.35826431180282964,0.43358945609779426
,482,0,0.0439453125,0.07921810699588461,-0.0439453125,-0.07921810699588461,2160,2476,2603,1810,2161,2477,2603,1818,-1,-11,0,-20,5000,5000,5000,4900,-49.21,46.87,-211.23000000000002,3.53072529022441,-5.0179830611456495,69.0564704228804,0.13198534041776247,-0.13470652764310473,0.982056017406922
,483,0,-0.3310546875,0.5792181069958846,0.3310546875,-0.5792181069958846,1915,2802,2848,1484,1936,2802,2847,1527,-57,0,19,-170,4900,4800,5100,4800,-38.82,70.24,-222.37,12.956611292122886,-29.165565827955383,58.74843862242072,0.35769053896257946,-0.7200831936103982,0.5945903401641416
,484,0,0.4189453125,-0.25411522633744854,-0.4189453125,0.25411522633744854,2404,2258,2359,2028,2405,2277,2378,2029,0,-57,-60,0,5000,4900,5000,4900,-46.49,31.04,-195.31,-11.177424262954304,11.930721879421014,66.25549959851607,-0.25943807526769497,0.29646789917328453,0.9191292998600211
,485,0,-0.5185546875,0.24588477366255135,0.5185546875,-0.24588477366255135,1793,2584,2970,1702,1832,2585,2969,1716,-160,0,19,-36,5000,5000,5000,5000,-41.35,51.120000000000005,-232.04,23.995573824192917,-10.800543410799783,61.268648501166055,0.6735007418013806,-0.27713187476079154,0.6852697824831906
,486,0,0.2314453125,0.7458847736625511,-0.2314453125,-0.7458847736625511,2282,2910,2481,1376,2283,2911,2483,1432,0,0,-19,-261,4800,5000,5100,4700,-35.56,77.4,-216.36,6.447089154513208,-35.87290210428737,55.48484219881523,0.08438485184491462,-0.90194393575084,0.4235284329787044
,487,0,-0.1435546875,-0.7458847736625515,0.1435546875,0.7458847736625515,2037,1938,2726,2348,2039,1997,2726,2348,-13,-284,0,0,5000,5000,5000,5000,-34.480000000000004,6.71,-209.8,5.092655822159173,35.10520356829642,54.23980184616008,0.1726146226011452,0.878265346425729,0.4459306822051589
,488,0,0.6064453125,-0.24588477366255146,-0.6064453125,0.24588477366255146,2526,2264,2237,2022,2526,2271,2270,2023,0,-22,-132,0,4900,4900,5000,4900,-43.53,31.68,-185.5,-20.999353340522617,12.005178351921536,63.26694385553239,-0.5521543336310069,0.3291445832484699,0.7660218242130504
,489,0,-0.6123046875,0.25411522633744843,0.6123046875,-0.25411522633744843,1732,2590,3031,1696,1778,2591,3031,1710,-202,0,19,-34,5000,5000,5000,5000,-38.910000000000004,49.910000000000004,-237.95000000000002,29.98542558969308,-10.032774197395263,58.844188507212124,0.7702878237172605,-0.24843354938479068,0.5873137493478273
,490,0,0.1376953125,-0.5792181069958848,-0.1376953125,0.5792181069958848,2221,2046,2542,2240,2221,2092,2544,2241,0,-194,-8,-11,5000,4800,5000,4900,-39.93,13.11,-208.92000000000002,3.7298821829571978,28.799363979774693,59.700217131843786,0.1397131257862253,0.7580806884000089,0.6370195541410101
,491,0,-0.2373046875,-0.07921810699588483,0.2373046875,0.07921810699588483,1976,2372,2787,1914,1992,2374,2786,1914,-45,-17,20,0,5000,4900,5000,4900,-47.26,36.52,-220.46,13.500578508871769,4.622778020504782,67.11336657461051,0.4407015509124979,0.14274033756240986,0.8862321022485524
,492,0,0.5126953125,0.42078189300411517,-0.5126953125,-0.42078189300411517,2465,2698,2298,1588,2466,2699,2323,1614,0,0,-87,-89,5000,4900,5000,4900,-42.68,64.43,-193.92000000000002,-15.001657587581548,-21.275984370804913,62.509808809086465,-0.3509252538673426,-0.5307880293946833,0.7714373169930594
,493,0,-0.4248046875,-0.41255144032921814,0.4248046875,0.41255144032921814,1854,2155,2909,2131,1881,2183,2908,2133,-91,-96,21,-9,5000,4900,5000,5000,-40.71,22.56,-225.94,20.00860783956631,18.128385766694905,60.55146032437585,0.5551684868180699,0.45143905880248847,0.6985633310099079
,494,0,0.3251953125,0.08744855967078191,-0.3251953125,-0.08744855967078191,2343,2481,2420,1805,2343,2481,2434,1811,0,-2,-45,-16,5000,5000,5000,5000,-48.77,46.71,-200.19,-7.466487850955133,-4.049756231929116,68.5825084680218,-0.16831519720255608,-0.11122122419523355,0.9794385298114313
,495,0,-0.0498046875,0.5874485596707819,0.0498046875,-0.5874485596707819,2099,2807,2664,1479,2100,2807,2663,1525,0,0,18,-190,4900,5000,5100,4700,-40.06,71.96000000000001,-209.89000000000001,0.3805422067122777,-29.96285048276389,59.953935838587725,0.03819990953490832,-0.7794527330024673,0.625295293382662
,496,0,0.7001953125,-0.6903292181069959,-0.7001953125,0.6903292181069959,2587,1974,2176,2312,2588,2027,2209,2312,0,-237,-134,0,4800,4800,5000,5000,-33.21,13.9,-184.35,-20.81237364252641,29.7981656566747,52.90702390577265,-0.49567647462784986,0.7393747840080095,0.4556640881983303
,497,0,-0.6591796875,-0.19032921810699588,0.6591796875,0.19032921810699588,1701,2300,3062,1986,1754,2303,3062,1987,-245,-16,20,0,5100,5000,5000,5000,-37.27,33.8,-239.31,32.52807987182169,5.930338540171107,57.175284396929115,0.8402769531981247,0.1472367083418996,0.5217815573980359
,498,0,0.0908203125,0.30967078189300423,-0.0908203125,-0.30967078189300423,2190,2626,2573,1660,2190,2627,2573,1683,0,0,-3,-72,5000,5000,5000,5000,-46.68,58.85,-211.96,3.387390923490784,-17.024971450744424,66.55329542473234,0.12225893177574898,-0.46271765099212797,0.878034810848283
,499,0,-0.2841796875,-0.5236625514403292,0.2841796875,0.5236625514403292,1946,2083,2817,2203,1960,2124,2816,2205,-36,-171,19,-12,5000,4900,5000,4800,-40.36,16.4,-218.08,12.62262602715299,24.847427647888665,60.16487415614988,0.3743464594889668,0.6247220479204086,0.6852642491113966
,500,0,0.4658203125,-0.02366255144032925,-0.4658203125,0.02366255144032925,2435,2409,2328,1877,2436,2410,2352,1877,0,0,-81,0,5000,4900,5000,5000,-47.32,40.95,-191.96,-15.247632641569652,2.295002081212985,67.09562323529306,-0.40296899228777744,0.053450732791239186,0.9136514709771184
,501,0,-0.4716796875,0.47633744855967053,0.4716796875,-0.47633744855967053,1824,2735,2939,1551,1855,2736,2938,1584,-115,0,20,-112,5000,5000,4900,4900,-39.43,63.56,-229.91,20.9644540512667,-23.05515910691458,59.36769951113176,0.5472134312240551,-0.5565834381369138,0.6251178585512411
,502,0,0.2783203125,-0.3569958847736625,-0.2783203125,0.3569958847736625,2312,2191,2451,2095,2312,2220,2458,2096,0,-94,-30,-1,5000,5000,4900,4900,-45.660000000000004,24.03,-204.0,-1.9943210205710216,18.282631033732194,65.43759683222459,-0.01880679832839185,0.4705071284992689,0.8821957528621454
,503,0,-0.0966796875,0.1430041152263375,0.0966796875,-0.1430041152263375,2068,2517,2695,1769,2074,2517,2694,1779,-19,-1,21,-27,5000,5000,5000,5000,-48.56,49.39,-213.31,5.4221624769290315,-7.685210015240095,68.41798334853746,0.17301585631057334,-0.20219701941246582,0.9639408066919016
,504,0,0.6533203125,0.6430041152263373,-0.6533203125,-0.6430041152263373,2557,2843,2206,1443,2557,2844,2237,1488,0,0,-121,-189,5100,4700,4900,4600,-35.25,72.83,-189.25,-20.253698812000522,-29.327717726480152,55.082867786962325,-0.4503051568227866,-0.7271498763893744,0.5181489390182356
,505,0,-0.5654296875,-0.6347736625514403,0.5654296875,0.6347736625514403,1762,2010,3001,2276,1797,2057,3000,2276,-134,-204,21,0,5000,5100,4800,4900,-32.79,13.85,-228.78,23.5026545965504,26.588648471592457,52.62229314086102,0.6414108423183581,0.6301747660166647,0.43757501714825686
,506,0,0.1845703125,-0.1347736625514403,-0.1845703125,0.1347736625514403,2251,2336,2512,1950,2251,2341,2518,1950,0,-19,-25,12,5000,5000,5000,4900,-48.68,33.57,-207.73000000000002,1.0171846807440375,8.501648713908153,68.48851772110989,0.06342312336423979,0.22460682899945042,0.9723832988022447
,507,0,-0.1904296875,0.3652263374485596,0.1904296875,-0.3652263374485596,2007,2662,2756,1624,2016,2663,2755,1650,-26,0,17,-83,5000,4900,5000,5000,-45.07,60.620000000000005,-216.87,8.158975296096543,-19.15394713144584,64.96189820025114,0.2496892934853296,-0.49462489639678364,0.8324670975980183
,508,0,0.5595703125,-0.46810699588477367,-0.5595703125,0.46810699588477367,2496,2119,2267,2167,2496,2152,2293,2169,0,-118,-96,-10,5000,4900,5000,4900,-41.15,21.53,-189.5,-16.258819057802896,21.82906272023962,60.878318595623554,-0.3826181160775577,0.5519012625849093,0.7409509927157416
,509,0,-0.3779296875,0.03189300411522633,0.3779296875,-0.03189300411522633,1885,2445,2878,1841,1914,2445,2876,1843,-102,0,20,-11,5000,5000,4900,5000,-45.24,41.13,-226.29,18.98256571114419,-0.40694461633468393,65.12060303856671,0.5653729328615974,-0.01864115246230619,0.8246247353932292
,510,0,0.3720703125,0.5318930041152261,-0.3720703125,-0.5318930041152261,2374,2771,2389,1515,2375,2771,2402,1552,0,0,-40,-140,5000,5000,5000,4900,-41.550000000000004,69.19,-202.21,-7.079878482066846,-26.633695066963817,61.41484218872982,-0.13514321862839404,-0.6958623070303791,0.7053452772317372
,511,0,-0.0029296875,-0.301440329218107,0.0029296875,0.301440329218107,2129,2227,2634,2059,2130,2255,2634,2059,0,-94,16,0,5000,4900,5000,5000,-46.77,26.42,-208.13,1.9460380044200463,15.598704966180712,66.56507703962917,0.085849219333305,0.4026922264273369,0.9113006541832702
,512,0,0.7470703125,0.19855967078189307,-0.7470703125,-0.19855967078189307,2618,2553,2145,1733,2619,2553,2191,1742,0,-1,-208,-24,4900,4900,5100,5000,-40.0,51.74,-179.49,-28.454245023607257,-7.567999181980774,59.75982092928392,-0.7071623469263323,-0.18703269280818835,0.6818652263538295
,513,0,-0.74853515625,0.6985596707818931,0.74853515625,-0.6985596707818931,1643,2879,3120,1407,1699,2879,3119,1451,-269,0,19,-178,4800,5100,4800,5000,-26.650000000000002,71.0,-236.52,27.047846865507125,-30.988882756788122,46.62319242317088,0.6843876834896471,-0.698609422752933,0.2087064280957555
,514,0,0.00146484375,-0.727366255144033,-0.00146484375,0.727366255144033,2132,1950,2631,2336,2133,2012,2631,2336,0,-295,0,0,4800,5100,4800,5000,-35.18,7.2700000000000005,-207.9,3.1546863525491347,34.68764516105077,54.935157374935045,0.1240029654751322,0.8728619455301253,0.4719483961184089
,515,0,-0.37353515625,-0.22736625514403297,0.37353515625,0.22736625514403297,1887,2276,2876,2010,1914,2281,2875,2010,-91,-19,21,11,5000,5000,5000,4900,-43.84,29.67,-225.54,19.07916484892087,11.073991094247894,63.694810691816826,0.567627503432372,0.3165444944149509,0.7599990792117556
,516,0,0.37646484375,0.27263374485596703,-0.37646484375,-0.27263374485596703,2376,2602,2387,1684,2377,2603,2403,1703,0,0,-54,-54,5000,5000,5000,4900,-46.9,56.4,-199.48000000000002,-8.879884044268294,-13.665811640104373,66.7302423997608,-0.20335028223581936,-0.361966146129387,0.9097412663888846
,517,0,-0.56103515625,-0.5606995884773662,0.56103515625,0.5606995884773662,1765,2058,2998,2228,1802,2096,2997,2230,-145,-153,20,-11,4800,4900,4800,5000,-35.15,16.45,-229.98000000000002,24.50190489670544,23.91300772204218,54.991268745840145,0.6533588073991522,0.5721797889473328,0.4957141897445986
,518,0,0.18896484375,-0.06069958847736623,-0.18896484375,0.06069958847736623,2254,2384,2509,1902,2254,2387,2515,1903,-1,-17,-25,-11,5000,5000,5000,5000,-49.31,37.81,-207.27,0.24562364398758518,4.308243336524818,69.12581271363051,0.043764270883255754,0.11705318023910789,0.992160895011473
,519,0,-0.18603515625,0.43930041152263377,0.18603515625,-0.43930041152263377,2010,2710,2753,1576,2018,2711,2752,1609,-25,0,21,-122,4900,5000,5000,4900,-43.64,64.42,-216.52,7.5353387437205015,-22.92128195007846,63.53863932890732,0.2251317105194974,-0.5887771189992945,0.7763100006192475
,520,0,0.56396484375,-0.3940329218106996,-0.56396484375,0.3940329218106996,2499,2167,2264,2119,2499,2193,2292,2120,0,-83,-108,0,4900,4900,5000,5000,-42.550000000000004,25.14,-188.68,-17.345425510171395,18.292108947774388,62.283218744785444,-0.41173181626537403,0.4616531295042499,0.7857183334336474
,521,0,-0.65478515625,0.10596707818930051,0.65478515625,-0.10596707818930051,1704,2493,3059,1793,1756,2493,3059,1797,-238,0,19,-11,5100,5000,4900,5000,-37.58,43.27,-237.21,29.738273123854526,-3.3594207767701505,57.49831712328978,0.8332014262055701,-0.08862220136879978,0.5458218471200579
,522,0,0.09521484375,0.6059670781893005,-0.09521484375,-0.6059670781893005,2193,2819,2570,1467,2193,2820,2571,1513,0,0,-19,-193,4900,5000,5000,4900,-39.62,72.99,-214.03,4.435099864000506,-31.294694281306413,59.52866615943199,0.11507656774312887,-0.8017507795186618,0.5864751240229031
,523,0,-0.27978515625,-0.6718106995884774,0.27978515625,0.6718106995884774,1949,1986,2814,2300,1961,2042,2813,2300,-32,-262,15,0,4800,4900,5000,4800,-36.64,10.38,-216.69,11.68865564544953,30.94469698298205,56.42831076428422,0.34209719839846203,0.7736859635536971,0.5332724788022637
,524,0,0.47021484375,-0.1718106995884774,-0.47021484375,0.1718106995884774,2438,2312,2325,1974,2439,2317,2350,1975,0,-18,-87,0,5000,5000,5000,4900,-46.6,33.97,-192.24,-14.454361067638871,9.234018481860339,66.36215776129957,-0.38762784434612696,0.25522832810391777,0.8857782763315283
,525,0,-0.46728515625,0.32818930041152283,0.46728515625,-0.32818930041152283,1826,2638,2937,1648,1859,2639,2936,1667,-121,0,20,-55,5000,5000,5000,5000,-41.57,55.88,-229.76,21.37196708447283,-15.38000179246881,61.49146817232743,0.5926045505516875,-0.3814534969336786,0.7094456119693049
,526,0,0.28271484375,-0.5051440329218106,-0.28271484375,0.5051440329218106,2315,2095,2448,2191,2315,2134,2454,2193,0,-159,-28,-11,5000,5000,5000,5000,-42.21,16.88,-204.48000000000002,-0.9812358501937126,25.370324408408116,61.97441028452944,0.009588240318452594,0.6593270860955157,0.7517950912239267
,527,0,-0.09228515625,-0.005144032921810648,0.09228515625,0.005144032921810648,2071,2421,2692,1865,2077,2423,2691,1868,-20,-16,20,-14,5000,5000,5000,4900,-49.06,41.1,-213.53,6.248154271346181,0.5674450198038414,68.90163862672595,0.2028014330789467,0.017726771067364432,0.9790594161380864
,528,0,0.65771484375,0.49485596707818913,-0.65771484375,-0.49485596707818913,2560,2747,2203,1539,2561,2748,2235,1572,0,0,-126,-115,4900,4900,5000,4800,-39.160000000000004,65.68,-187.53,-21.455935342186706,-22.06197248551873,58.9729286372489,-0.514338609376136,-0.573595120505278,0.6375299464633472
,529,0,-0.70166015625,-0.338477366255144,0.70166015625,0.338477366255144,1674,2203,3089,2083,1728,2224,3089,2083,-256,-61,22,0,5100,5100,4900,5000,-34.67,28.84,-238.41,32.001807433621764,10.93707161992657,54.56238156887112,0.8452794015394484,0.2538352583482635,0.47018123628275843
,530,0,0.04833984375,0.1615226337448561,-0.04833984375,-0.1615226337448561,2163,2529,2600,1757,2164,2530,2600,1769,0,0,0,-33,5000,5000,5000,5000,-48.56,51.18,-211.71,3.6951911643023436,-9.353043532519585,68.41678168154205,0.1337119817776372,-0.25250650761342996,0.9583118331430359
,531,0,-0.32666015625,0.6615226337448559,0.32666015625,-0.6615226337448559,1918,2855,2845,1431,1937,2856,2844,1481,-52,0,21,-218,4800,5000,4800,4700,-36.74,73.64,-222.20000000000002,12.543704400058289,-32.5486552642405,56.674911732172674,0.32383850906841816,-0.7964446054908934,0.5106903273303692
,532,0,0.42333984375,-0.6162551440329218,-0.42333984375,0.6162551440329218,2407,2022,2356,2264,2408,2071,2371,2264,0,-210,-44,0,5000,5000,4900,4900,-38.64,13.39,-197.39000000000001,-7.785826048356341,29.362783178286264,58.375670893313114,-0.1704196493345693,0.748017315328973,0.6414259420141333
,533,0,-0.51416015625,-0.11625514403292181,0.51416015625,0.11625514403292181,1796,2348,2967,1938,1836,2351,2966,1939,-163,-15,21,0,5000,5000,5000,4900,-41.77,36.6,-232.5,25.51808803832097,3.6475359709136015,61.66025116648768,0.7265191764583473,0.08642504926850195,0.6816895166402536
,534,0,0.23583984375,0.3837448559670782,-0.23583984375,-0.3837448559670782,2285,2674,2478,1612,2285,2675,2483,1639,0,-1,-26,-86,5000,5000,5000,5000,-45.39,62.61,-208.54,-0.29543469586414517,-20.526947131095234,65.26059987215456,0.0208655266873561,-0.5463288459958633,0.8373108274881482
,535,0,-0.13916015625,-0.4495884773662552,0.13916015625,0.4495884773662552,2040,2131,2723,2155,2042,2167,2723,2157,-13,-136,1,-11,5000,4900,5000,4900,-43.33,19.26,-212.36,6.699711942741885,22.42137475694488,63.123295376839664,0.21475369721742593,0.5760773397258827,0.7886797500797116
,536,0,0.61083984375,0.05041152263374471,-0.61083984375,-0.05041152263374471,2529,2457,2234,1829,2529,2457,2268,1832,0,0,-142,-12,5000,5000,4900,4900,-44.63,44.230000000000004,-184.89000000000001,-22.531363340312822,-0.4637599460245383,64.39083134214151,-0.5858898619941981,-0.02196438255409752,0.8100929795470619
,537,0,-0.60791015625,0.5504115226337447,0.60791015625,-0.5504115226337447,1735,2783,3028,1503,1778,2783,3028,1536,-183,0,18,-120,5100,5000,5000,4900,-34.87,66.04,-234.28,25.153940063472874,-25.85931471343192,54.82613389033905,0.639740935663784,-0.6154508677416308,0.460382194086718
,538,0,0.14208984375,-0.28292181069958844,-0.14208984375,0.28292181069958844,2224,2240,2539,2046,2224,2264,2541,2047,0,-78,-20,-12,5000,4900,5000,4900,-47.01,27.39,-209.65,3.3901000311378198,14.520389876400586,66.81169705127523,0.12564252486882221,0.37599757899636493,0.9180630569484102
,539,0,-0.23291015625,0.21707818930041145,0.23291015625,-0.21707818930041145,1979,2566,2784,1720,1995,2567,2783,1735,-46,0,19,-41,5000,5000,5000,5000,-46.72,52.47,-219.77,11.644148080540901,-11.234851378032921,66.60399841365047,0.3483086296039805,-0.29297152205401106,0.8904205668159028
,540,0,0.51708984375,0.7170781893004115,-0.51708984375,-0.7170781893004115,2468,2891,2295,1395,2469,2892,2317,1445,0,0,-74,-220,5000,4900,4900,5000,-34.42,77.10000000000001,-195.95000000000002,-13.882558027073856,-34.07946001066846,54.28204922867256,-0.25904838407790703,-0.8414548352521071,0.4741810782153532
,541,0,-0.42041015625,-0.7088477366255144,0.42041015625,0.7088477366255144,1857,1962,2906,2324,1881,2019,2905,2325,-75,-267,20,-10,4800,5000,5100,5000,-33.68,9.52,-221.92000000000002,16.976172828571578,31.4120993852003,53.48250068340833,0.4734339721997139,0.7548471712816684,0.45394495478556024
,542,0,0.32958984375,-0.20884773662551437,-0.32958984375,0.20884773662551437,2346,2288,2417,1998,2346,2294,2432,1998,0,-19,-51,11,5000,5000,5000,5000,-47.54,30.59,-200.16,-6.310534644484619,12.02620074849812,67.31934602878304,-0.1480968958030139,0.33944572884931523,0.9288939156973031
,543,0,-0.04541015625,0.29115226337448563,0.04541015625,-0.29115226337448563,2101,2614,2662,1672,2103,2615,2661,1695,-15,0,20,-67,5000,4900,5000,5000,-47.09,57.58,-210.6,2.123023506989483,-15.657723662450529,66.95654289403043,0.07813386621306907,-0.4221479891147686,0.9031534610668087
,544,0,0.70458984375,-0.5421810699588477,-0.70458984375,0.5421810699588477,2590,2071,2173,2215,2591,2107,2210,2217,0,-139,-148,-11,5000,5000,5100,4800,-36.95,20.14,-182.81,-22.816693090567384,23.696416495482097,56.65511151468603,-0.5458391634861873,0.5916057626206619,0.593348320330246
,545,0,-0.72509765625,-0.04218106995884774,0.72509765625,0.04218106995884774,1658,2397,3105,1889,1719,2398,3105,1889,-306,0,21,0,5000,5100,5100,5000,-34.52,39.04,-240.71,33.54791821523489,0.5955464547994467,54.44032129678314,0.8909879022531834,-0.0060429514618909755,0.45398682885751446
,546,0,0.02490234375,0.45781893004115215,-0.02490234375,-0.45781893004115215,2147,2722,2616,1564,2148,2723,2616,1599,0,0,-15,-126,5000,5000,5000,5000,-43.53,66.29,-212.71,3.5987791059873473,-24.50707147119129,63.420869157390996,0.12295615178318957,-0.65212983531138,0.7480698247058373
,547,0,-0.35009765625,-0.3755144032921811,0.35009765625,0.3755144032921811,1903,2179,2860,2107,1925,2209,2859,2107,-62,-101,20,-1,5000,5000,5000,5000,-42.64,24.11,-223.09,17.04703723510005,16.795959543070076,62.47594464838532,0.4949723689601325,0.4229681422876759,0.7590127170052599
,548,0,0.39990234375,0.124485596707819,-0.39990234375,-0.124485596707819,2392,2505,2371,1781,2393,2505,2390,1788,0,0,-66,-18,5000,5000,5000,5000,-47.75,48.9,-196.73000000000002,-11.074833843906532,-5.982417370555559,67.55646747547102,-0.26406897361809817,-0.16501623380935618,0.9502827051733919
,549,0,-0.53759765625,0.6244855967078189,0.53759765625,-0.6244855967078189,1781,2831,2982,1455,1815,2832,2981,1498,-132,0,17,-176,4900,5000,4900,4900,-34.53,69.77,-231.55,22.158709803671087,-29.379818315507926,54.48547265312891,0.5581101390948987,-0.6923180899934798,0.45739341371214975
,550,0,0.21240234375,-0.6532921810699589,-0.21240234375,0.6532921810699589,2269,1998,2494,2288,2269,2051,2495,2288,0,-237,-20,0,4900,4800,4900,4700,-37.68,10.17,-207.68,2.7153593644740113,31.817271506847106,57.4404212099038,0.11058443427012653,0.8195328304994633,0.5622606358537773
,551,0,-0.16259765625,-0.1532921810699588,0.16259765625,0.1532921810699588,2025,2324,2738,1962,2033,2328,2737,1963,-26,-18,20,0,5000,5000,5000,5000,-47.550000000000004,32.56,-216.8,10.14005982573022,8.841181099971791,67.3840871674727,0.3244034421883561,0.26849802904067716,0.9070122463878966
,552,0,0.58740234375,0.3467078189300412,-0.58740234375,-0.3467078189300412,2514,2650,2249,1636,2514,2651,2278,1658,0,0,-112,-64,5000,5000,5000,4900,-42.36,60.14,-188.71,-19.882029521570104,-16.616180841853954,62.165133806347555,-0.4750915860413385,-0.4090260141979129,0.7790928728862136
,553,0,-0.63134765625,-0.4866255144032922,0.63134765625,0.4866255144032922,1719,2107,3044,2179,1763,2137,3044,2181,-190,-109,21,0,4800,5000,5000,5000,-34.95,20.35,-234.58,28.80402865283233,19.685709035418895,54.81328840692183,0.7439945198553825,0.470340115736063,0.47460755362146007
,554,0,0.11865234375,0.013374485596707952,-0.11865234375,-0.013374485596707952,2208,2433,2555,1853,2208,2434,2557,1856,0,-16,-21,-12,5000,5000,5000,5000,-49.4,42.68,-210.87,3.4784628403988904,-0.8124439507420149,69.23677413111639,0.13189226556148792,-0.019787742064983488,0.9910665343704363
,555,0,-0.25634765625,0.5133744855967075,0.25634765625,-0.5133744855967075,1964,2759,2799,1527,1978,2759,2798,1564,-37,0,19,-140,5000,5000,5000,5000,-41.27,67.66,-219.4,10.176777064109814,-26.369143349978707,61.18407878250875,0.29407144164359195,-0.6669157108065172,0.6846498534938118
,556,0,0.49365234375,-0.31995884773662553,-0.49365234375,0.31995884773662553,2453,2215,2310,2071,2454,2238,2334,2072,0,-70,-84,-10,5000,5000,5000,4900,-44.76,28.2,-191.9,-14.364929699959504,15.00922387208903,64.50929383452339,-0.3376841759857648,0.3775465363572766,0.8622227149486599
,557,0,-0.44384765625,0.18004115226337447,0.44384765625,-0.18004115226337447,1842,2541,2921,1745,1874,2541,2920,1753,-117,0,22,-21,5000,5000,4900,5000,-43.38,48.47,-229.61,21.76063006015363,-7.974865799160419,63.285793118356864,0.6135659943993365,-0.20272441920886827,0.7631772928836267
,558,0,0.30615234375,0.6800411522633745,-0.30615234375,-0.6800411522633745,2331,2867,2432,1419,2331,2868,2439,1471,-3,0,-28,-232,5100,5000,4800,4700,-37.42,77.87,-206.11,-3.815104936190295,-35.58569353257129,57.31456449497463,-0.030646151601026232,-0.845760261860561,0.5326822625633431
,559,0,-0.06884765625,-0.5977366255144033,0.06884765625,0.5977366255144033,2086,2034,2677,2252,2087,2082,2677,2252,0,-209,0,-2,5000,5000,5100,5000,-39.56,12.47,-208.42000000000002,3.279240289541633,29.473468219274256,59.32738290837773,0.12403539755270941,0.7714129862575039,0.624129173158267
,560,0,0.68115234375,-0.09773662551440332,-0.68115234375,0.09773662551440332,2575,2360,2188,1926,2576,2362,2228,1927,0,-15,-171,0,4900,5000,5000,4800,-42.44,40.27,-181.11,-26.004395867783984,3.757814154269873,62.18120305239441,-0.6804836470659296,0.10922981471248949,0.7245763270033919
,561,0,-0.67822265625,0.4022633744855968,0.67822265625,-0.4022633744855968,1689,2686,3074,1600,1740,2687,3073,1623,-235,0,20,-69,5000,5100,4900,4900,-34.6,58.26,-239.11,30.542314088929402,-18.45512331346925,54.554886633202074,0.774748627530136,-0.4310585039326038,0.46255067865862787
,562,0,0.07177734375,-0.43106995884773663,-0.07177734375,0.43106995884773663,2178,2143,2585,2143,2178,2177,2585,2144,0,-125,-3,0,5000,5000,5000,5000,-44.0,19.85,-209.59,3.891975634067336,22.03763359837187,63.7860619603121,0.14409898859013645,0.5847933930922926,0.7982807581815459
,563,0,-0.30322265625,0.06893004115226331,0.30322265625,-0.06893004115226331,1933,2469,2830,1817,1955,2470,2829,1824,-71,-6,21,-17,5000,5000,5000,5000,-46.550000000000004,43.78,-223.39000000000001,15.892241196439102,-2.8341462912454816,66.42719648073714,0.49792798084648987,-0.07204331793772084,0.8642207392967738
,564,0,0.44677734375,0.5689300411522633,-0.44677734375,-0.5689300411522633,2422,2795,2341,1491,2423,2795,2359,1530,0,0,-59,-149,5000,4900,5000,5000,-40.24,70.55,-200.01,-9.369909564741192,-27.83165824510784,60.10093889541004,-0.21771969808935013,-0.7250458890336275,0.6533808933993394
,565,0,-0.49072265625,-0.26440329218106995,0.49072265625,0.26440329218106995,1811,2252,2952,2034,1844,2270,2951,2035,-126,-54,20,0,5000,4900,5000,5000,-41.42,31.14,-230.66,24.084525558070595,9.226966989022728,61.29344313852195,0.6716042088235562,0.22391371915600497,0.7062651294409286
,566,0,0.25927734375,0.23559670781893005,-0.25927734375,-0.23559670781893005,2300,2578,2463,1708,2300,2579,2471,1723,0,0,-30,-39,5000,5000,5000,5000,-47.78,55.160000000000004,-205.9,-2.3887961215442033,-12.89798952281938,67.62725230810803,-0.033610403429946645,-0.34101565685512575,0.9394565783265044
,567,0,-0.11572265625,0.73559670781893,0.11572265625,-0.73559670781893,2056,2904,2707,1382,2058,2905,2706,1438,-11,0,18,-261,5000,4900,5000,4700,-34.56,79.03,-209.92000000000002,-0.09220276168960595,-37.0284786160121,54.46857247072394,0.06641725885070861,-0.8961937891371357,0.4386632421787608
,568,0,0.63427734375,-0.7397119341563786,-0.63427734375,0.7397119341563786,2544,1942,2219,2344,2544,1998,2245,2344,0,-252,-101,0,4900,5100,5000,4900,-32.57,10.790000000000001,-187.96,-16.982160744541687,32.633577985624655,52.271645214793566,-0.3981871611732823,0.8077685258165608,0.43469183725589206
,569,0,-0.58447265625,-0.2397119341563786,0.58447265625,0.2397119341563786,1750,2268,3013,2018,1791,2274,3013,2019,-173,-20,22,0,5000,4900,5000,5000,-38.94,30.92,-234.82,28.256602093683313,9.135656277440042,58.82568307422477,0.7740473510645683,0.2318815898458422,0.589136339568771
,570,0,0.16552734375,0.2602880658436213,-0.16552734375,-0.2602880658436213,2239,2594,2524,1692,2239,2595,2527,1713,0,0,-20,-59,5000,5000,5000,5000,-47.52,56.15,-210.72,2.3463411450768774,-14.239402712258247,67.38397115089319,0.09523955195427529,-0.38500054266140554,0.9179891120781182
,571,0,-0.20947265625,-0.573045267489712,0.20947265625,0.573045267489712,1994,2050,2769,2236,2001,2094,2768,2237,-21,-186,19,0,4900,4800,5000,4900,-39.53,13.72,-213.99,8.742620460235969,27.8182740875902,59.31691883161584,0.27659438895088095,0.7079209357007522,0.6498795986930658
,572,0,0.54052734375,-0.07304526748971196,-0.54052734375,0.07304526748971196,2483,2376,2280,1910,2484,2378,2310,1910,0,-15,-113,0,5000,5000,5000,5000,-45.910000000000004,39.4,-188.20000000000002,-18.87973305715255,4.113376108522715,65.67099610234644,-0.5105894464969224,0.10801984229210192,0.8530123860748774
,573,0,-0.39697265625,0.4269547325102878,0.39697265625,-0.4269547325102878,1872,2702,2891,1584,1898,2703,2890,1611,-84,-2,19,-89,4900,5000,5000,5000,-41.32,62.15,-225.99,17.152986276362526,-21.35718255795586,61.2428499157802,0.47316593031874515,-0.5264693078425458,0.70635973150045
,574,0,0.35302734375,-0.4063786008230453,-0.35302734375,0.4063786008230453,2361,2159,2402,2127,2361,2189,2415,2129,0,-106,-41,-12,5000,5000,5000,4900,-44.39,22.12,-200.31,-5.530610428981845,20.455218795358732,64.15244328575945,-0.1134026563722625,0.5235260605260369,0.8444289795345746
,575,0,-0.02197265625,0.09362139917695478,0.02197265625,-0.09362139917695478,2117,2485,2646,1801,2119,2486,2645,1810,-14,0,21,-21,5000,5000,5000,5000,-49.18,47.2,-209.66,1.9408432611303965,-5.232020228191949,69.02236434297212,0.07577132326265883,-0.1391607154250135,0.9873667008024039
,576,0,0.72802734375,0.5936213991769548,-0.72802734375,-0.5936213991769548,2606,2811,2157,1475,2607,2811,2197,1515,0,0,-165,-152,4800,4900,4900,5000,-35.27,70.76,-185.12,-24.22079174364046,-26.960364007610174,55.08603661718418,-0.5530293663375617,-0.6519245681852446,0.5187994577529522
,577,0,-0.73681640625,-0.684156378600823,0.73681640625,0.684156378600823,1651,1978,3112,2308,1703,2026,3112,2309,-239,-204,20,-12,5000,4900,5000,4900,-27.5,13.620000000000001,-235.28,30.01726783987999,26.329320046464577,47.3516610101052,0.7589467413463675,0.5974460785943927,0.258955646727221
,578,0,0.01318359375,-0.18415637860082312,-0.01318359375,0.18415637860082312,2140,2304,2623,1982,2141,2310,2623,1982,0,-20,0,10,5000,5000,5000,5000,-47.85,30.48,-211.14000000000001,4.647018925987965,11.331351350110879,67.66257199485312,0.16912557383376406,0.3048304451791191,0.9372699397544447
,579,0,-0.36181640625,0.3158436213991771,0.36181640625,-0.3158436213991771,1895,2630,2868,1656,1919,2631,2867,1679,-76,0,19,-70,5000,5000,5000,5000,-43.81,56.01,-225.24,16.84815584784306,-15.173076617918902,63.71794832437901,0.49647998998711124,-0.38854792143526923,0.7762332975921159
,580,0,0.38818359375,-0.5174897119341564,-0.38818359375,0.5174897119341564,2384,2087,2379,2199,2385,2125,2394,2201,0,-152,-51,-10,4900,4900,4900,5000,-41.54,16.97,-199.58,-5.872683896210162,25.638404691958254,61.28967020632925,-0.11696110676634079,0.6531385929577876,0.7481511063235249
,581,0,-0.54931640625,-0.017489711934156382,0.54931640625,0.017489711934156382,1773,2413,2990,1873,1814,2414,2989,1873,-171,0,21,0,5000,4900,4900,5000,-40.99,37.99,-234.1,27.014075245841866,2.1421705030336113,60.887983671996125,0.7595376006335456,0.038484265211689406,0.6493239519338201
,582,0,0.20068359375,0.4825102880658434,-0.20068359375,-0.4825102880658434,2262,2739,2501,1547,2262,2740,2504,1585,0,0,-21,-139,5000,5000,5000,4900,-43.25,67.22,-211.5,2.3246410357355956,-25.34646070792099,63.13909285037164,0.08005132891440063,-0.6702380944623411,0.7378161569595292
,583,0,-0.17431640625,-0.35082304526748975,0.17431640625,0.35082304526748975,2017,2195,2746,2091,2021,2225,2745,2091,-16,-102,20,0,5000,5000,5000,5000,-45.11,24.32,-215.28,9.235569075051615,17.164906080264657,64.92256346570065,0.28341434211538546,0.4375677664547107,0.8533526588949841
,584,0,0.57568359375,0.14917695473251025,-0.57568359375,-0.14917695473251025,2506,2521,2257,1765,2506,2521,2287,1772,0,0,-117,-18,5000,5000,5000,5000,-44.88,49.27,-187.48,-20.31873034979924,-5.679553929847309,64.65906327090663,-0.5120179499549803,-0.15512985075083952,0.8448504887433759
,585,0,-0.64306640625,0.6491769547325101,0.64306640625,-0.6491769547325101,1712,2847,3051,1439,1757,2847,3050,1482,-192,0,19,-178,5000,5000,4900,5000,-32.24,69.44,-237.08,27.70460990415657,-29.461467957887827,52.21165968559305,0.6400265952015525,-0.6816343811353434,0.35459910869733857
,586,0,0.10693359375,-0.6286008230452675,-0.10693359375,0.6286008230452675,2201,2014,2562,2272,2201,2066,2562,2273,0,-232,-2,-11,4900,5000,5000,5000,-38.660000000000004,11.11,-208.32,3.2818583969246617,30.835093221336535,58.42429348906609,0.131079975370744,0.799062807236169,0.5867850289063778
,587,0,-0.26806640625,-0.12860082304526754,0.26806640625,0.12860082304526754,1956,2340,2807,1946,1975,2343,2806,1947,-57,-16,20,0,5000,5000,5000,4900,-46.54,34.14,-221.54,14.754305463204787,6.915522821170029,66.3917780471232,0.47003178302518006,0.20742538357970006,0.8579305526632001
,588,0,0.48193359375,0.37139917695473246,-0.48193359375,-0.37139917695473246,2445,2666,2318,1620,2446,2667,2340,1643,0,-4,-76,-67,4900,5000,5000,5000,-44.09,61.51,-195.19,-13.524988536591565,-18.45379434190165,63.91767668449502,-0.3241390667773748,-0.47603120977623176,0.817513396041722
,589,0,-0.45556640625,-0.4619341563786008,0.45556640625,0.4619341563786008,1834,2123,2929,2163,1863,2155,2928,2164,-102,-117,19,-5,5000,5000,5100,4800,-39.19,20.35,-226.61,20.84328262126749,20.279841579029984,59.02897686096426,0.5758123316095632,0.5001422500620392,0.6467595290904026
,590,0,0.29443359375,0.0380658436213992,-0.29443359375,-0.0380658436213992,2323,2449,2440,1837,2323,2449,2451,1841,0,-3,-39,-12,5000,5000,5000,5000,-49.11,43.910000000000004,-201.46,-5.995529938434942,-1.349671644899182,68.92062981085252,-0.13145017880190474,-0.040581123605370764,0.9904918085980685
,591,0,-0.08056640625,0.538065843621399,0.08056640625,-0.538065843621399,2078,2775,2685,1511,2080,2775,2684,1551,-13,0,20,-160,4900,5000,4800,4700,-41.38,70.3,-210.46,1.0669448824889116,-28.346131512403822,61.2722571717856,0.06976840598255273,-0.7281589802343991,0.6818481275406232
,592,0,0.66943359375,-0.2952674897119342,-0.66943359375,0.2952674897119342,2567,2232,2196,2054,2568,2253,2230,2054,0,-63,-138,-7,5000,4900,4900,5000,-41.910000000000004,32.7,-182.38,-24.181070104813216,11.21306642092675,61.639541901309656,-0.597622185785384,0.27824555023508596,0.751948892433172
,593,0,-0.68994140625,0.20473251028806594,0.68994140625,-0.20473251028806594,1681,2557,3082,1729,1735,2557,3082,1736,-258,0,20,-21,5100,5000,5100,5000,-37.550000000000004,47.4,-239.95000000000002,32.168054013421,-7.679304016785018,57.485140578361424,0.8385365176214475,-0.1882870382297582,0.5112773218615928
,594,0,0.06005859375,0.7047325102880657,-0.06005859375,-0.7047325102880657,2170,2883,2593,1403,2171,2884,2594,1456,0,0,0,-238,4900,5000,4700,4700,-36.39,77.75,-213.25,3.317410696381984,-35.99199189143942,56.306079296921226,0.10080686696353183,-0.8772213374759996,0.4693833195266056
,595,0,-0.31494140625,-0.7211934156378601,0.31494140625,0.7211934156378601,1926,1954,2837,2332,1943,2014,2837,2333,-47,-288,8,-11,5100,4800,5000,5000,-34.72,8.56,-217.33,12.46596207285603,32.70849618601421,54.50653890235688,0.3632262522096936,0.8053426791964707,0.46849744798702064
,596,0,0.43505859375,-0.2211934156378601,-0.43505859375,0.2211934156378601,2415,2280,2348,2006,2416,2286,2370,2007,0,-20,-70,0,5000,5000,5000,5000,-46.51,30.95,-194.29,-12.188129485141047,12.095329944076475,66.2722070487962,-0.3171332484827019,0.3402670863688394,0.88523715050876
,597,0,-0.50244140625,0.2788065843621399,0.50244140625,-0.2788065843621399,1803,2606,2960,1680,1839,2607,2959,1697,-140,0,20,-47,5000,5000,5000,4900,-41.32,52.26,-233.06,24.929295772593974,-12.01234392550112,61.244095789631274,0.6572187642647023,-0.29574067172310936,0.6932538863844485
,598,0,0.24755859375,-0.5545267489711934,-0.24755859375,0.5545267489711934,2292,2063,2471,2223,2292,2104,2475,2224,0,-172,-23,0,5000,4800,4900,4800,-40.75,14.39,-206.29,1.0107270177027488,27.717555811310145,60.514825181100335,0.06400856867193568,0.7248131627452232,0.6859655838654272
,599,0,-0.12744140625,-0.05452674897119347,0.12744140625,0.05452674897119347,2048,2388,2715,1898,2056,2390,2714,1899,-25,-16,22,-12,5000,5000,5000,5000,-48.65,38.21,-215.24,8.166692368649905,3.3233155800561534,68.49092093252617,0.27031442008970535,0.10741378300267779,0.9567614088750758
,600,0,0.62255859375,0.4454732510288064,-0.62255859375,-0.4454732510288064,2537,2714,2226,1572,2537,2715,2256,1601,0,0,-116,-103,5000,4900,4900,5000,-41.11,63.38,-188.79,-20.036272725156152,-19.856152077031915,60.92203468344266,-0.49091017695613315,-0.5177947324670308,0.7006395743820738
,601,0,-0.59619140625,-0.38786008230452673,0.59619140625,0.38786008230452673,1742,2171,3021,2115,1784,2194,3021,2117,-178,-72,20,-12,5000,5000,5000,4800,-37.800000000000004,24.59,-234.16,28.065948166167715,15.494409516470434,57.67069029284326,0.7380237367901065,0.36894608580554755,0.5649776541626527
,602,0,0.15380859375,0.11213991769547338,-0.15380859375,-0.11213991769547338,2231,2497,2532,1789,2231,2497,2535,1798,-1,-1,-21,-25,5000,5000,5000,5000,-49.050000000000004,48.370000000000005,-210.13,2.324137321437121,-6.433630710242582,68.89619813212457,0.09417039862682167,-0.16792533694980075,0.9812915047185323
,603,0,-0.22119140625,0.6121399176954734,0.22119140625,-0.6121399176954734,1987,2823,2776,1463,1996,2824,2775,1508,-26,0,19,-189,5000,5000,5000,4900,-38.97,72.84,-216.77,7.1805875773468415,-31.347521558618077,58.88671094710321,0.2158131930957577,-0.7766680853685142,0.5917865754271722
,604,0,0.52880859375,-0.6656378600823045,-0.52880859375,0.6656378600823045,2476,1990,2287,2296,2477,2043,2309,2296,0,-235,-76,-6,5000,4800,5000,4900,-36.39,12.58,-192.49,-12.606700502287168,30.52485093477429,56.10909461425955,-0.29012389332333666,0.7678399566320104,0.5711829194945011
,605,0,-0.40869140625,-0.16563786008230452,0.40869140625,0.16563786008230452,1865,2316,2898,1970,1895,2320,2897,1971,-108,-18,19,0,5000,5000,5000,5000,-43.97,33.64,-227.11,20.353374960096545,6.999845808594927,63.83773998891651,0.5984290016829533,0.18078621923693752,0.7805120581251501
,606,0,0.34130859375,0.3343621399176957,-0.34130859375,-0.3343621399176957,2353,2642,2410,1644,2353,2643,2423,1666,0,0,-42,-72,5000,5000,4900,4900,-46.21,59.730000000000004,-202.59,-6.020519183755653,-17.21648470089415,66.05655596688025,-0.13497218982634548,-0.44756938321440487,0.8840046126477836
,607,0,-0.03369140625,-0.4989711934156379,0.03369140625,0.4989711934156379,2109,2099,2654,2187,2110,2139,2654,2188,0,-163,0,0,4900,4800,5000,4900,-42.46,16.87,-207.58,2.1104131828077186,25.153515641325406,62.23383313482873,0.09558225139109859,0.666925690178672,0.7389683058147429
,608,0,0.71630859375,0.0010288065843621075,-0.71630859375,-0.0010288065843621075,2598,2425,2165,1861,2599,2426,2209,1861,0,0,-191,0,5000,5000,5000,4900,-41.62,42.35,-179.57,-27.690430827420386,1.7945006165629351,61.360784825183046,-0.7166170469666081,0.05119041788082501,0.6955857597119456
,609,0,-0.71337890625,0.501028806584362,0.71337890625,-0.501028806584362,1666,2751,3097,1535,1722,2751,3096,1563,-270,0,21,-97,4900,4800,4900,4900,-33.34,61.51,-240.97,32.16256468388946,-21.835632802108883,53.307231389655655,0.7633610849518249,-0.5132752033120623,0.3922096628668585
,610,0,0.03662109375,-0.3323045267489712,-0.03662109375,0.3323045267489712,2155,2207,2608,2079,2156,2235,2608,2080,0,-94,0,-11,5000,5000,5000,5000,-46.07,24.64,-209.69,3.634405429116242,17.257909978380162,65.86618207848193,0.13645990084183618,0.45461816892032375,0.8801710151724879
,611,0,-0.33837890625,0.16769547325102885,0.33837890625,-0.16769547325102885,1910,2533,2853,1753,1936,2533,2852,1764,-82,0,19,-30,5000,5000,5000,5000,-45.54,48.61,-224.59,16.73766519458161,-7.741426025889631,65.43077093443898,0.5099242395859552,-0.20186616600358465,0.83619813495708
,612,0,0.41162109375,0.6676954732510287,-0.41162109375,-0.6676954732510287,2399,2859,2364,1427,2400,2860,2380,1476,0,0,-46,-212,4800,5000,5100,4900,-37.62,75.89,-200.48000000000002,-9.285272444782152,-33.197680889359,57.493346607626364,-0.14824196029595135,-0.822137870160568,0.5496486547381507
,613,0,-0.52587890625,-0.6100823045267489,0.52587890625,0.6100823045267489,1788,2026,2975,2260,1819,2071,2974,2261,-116,-186,20,-12,5000,4800,5100,4900,-34.46,14.43,-228.06,22.7372336814349,26.06680645740223,54.29127838193705,0.6232403484689563,0.6193313767906827,0.47749357457755515
,614,0,0.22412109375,-0.11008230452674894,-0.22412109375,0.11008230452674894,2277,2352,2486,1934,2277,2356,2494,1935,0,-17,-32,0,5000,5000,5000,4900,-49.03,35.31,-205.43,-1.4052419333469288,6.935811863937566,68.83507833430471,-0.010757371012626357,0.1944099254297889,0.9808613866715726
,615,0,-0.15087890625,0.38991769547325106,0.15087890625,-0.38991769547325106,2033,2678,2730,1608,2039,2679,2729,1637,-20,0,20,-95,5000,5000,5000,5000,-44.88,62.32,-214.99,6.15990907447798,-20.711919764826057,64.76966002708592,0.1912425555408571,-0.5389045521444107,0.8203707507147207
,616,0,0.59912109375,-0.4434156378600823,-0.59912109375,0.4434156378600823,2522,2135,2241,2151,2522,2164,2271,2153,0,-100,-117,0,5000,5000,5000,4800,-41.09,23.240000000000002,-187.33,-18.548211890967906,20.282680302954063,60.8152164961126,-0.4430750355932623,0.51260796969919,0.7354709934694253
,617,0,-0.61962890625,0.05658436213991758,0.61962890625,-0.05658436213991758,1727,2461,3036,1825,1775,2461,3036,1826,-217,0,19,0,5000,4900,4900,5000,-38.54,41.52,-236.45000000000002,29.105904289122662,-1.5562214101940057,58.452403964850475,0.8168168090711644,-0.04014263335003512,0.5754988005257065
,618,0,0.13037109375,0.5565843621399176,-0.13037109375,-0.5565843621399176,2216,2787,2547,1499,2217,2787,2549,1539,0,0,-19,-166,4900,4900,5000,4900,-40.72,71.33,-211.87,2.3995022210301045,-29.478260639128045,60.618671232583495,0.1081271826634696,-0.7587291574270821,0.6423695027312949
,619,0,-0.24462890625,-0.2767489711934157,0.24462890625,0.2767489711934157,1972,2244,2791,2042,1983,2266,2790,2044,-29,-68,21,-12,5000,5000,5000,5000,-45.62,28.88,-219.51,13.118232743281595,12.308133347710694,65.45480538788176,0.38955035130646565,0.3116972717879383,0.8666575647607104
,620,0,0.50537109375,0.22325102880658432,-0.50537109375,-0.22325102880658432,2460,2570,2303,1716,2461,2571,2329,1728,0,0,-93,-32,5000,5000,5000,4900,-45.81,53.71,-192.04,-16.099368478469586,-10.439898420890906,65.61206155283608,-0.38995463519877993,-0.27947307611909844,0.8773996707382073
,621,0,-0.43212890625,0.7232510288065841,0.43212890625,-0.7232510288065841,1849,2895,2914,1391,1875,2896,2913,1441,-85,0,18,-217,5100,4900,5000,4700,-33.4,75.68,-225.31,15.505337617865507,-34.81882098679605,53.34859601124138,0.3992719513253962,-0.8201909312204703,0.40971788492633404
,622,0,0.31787109375,-0.7026748971193416,-0.31787109375,0.7026748971193416,2338,1966,2425,2320,2338,2024,2432,2321,0,-272,-28,-14,4900,4900,5000,4800,-36.32,9.0,-203.15,-1.7126794098351468,33.31325395062664,56.064227494935594,-0.0034842479800732402,0.8485769254734039,0.529060546223321
,623,0,-0.05712890625,-0.2026748971193416,0.05712890625,0.2026748971193416,2094,2292,2669,1994,2097,2298,2668,1995,-16,-20,19,0,5000,5000,5000,5000,-47.83,29.830000000000002,-210.75,4.305802921876307,12.008155900870378,67.64005003647229,0.1581174327054578,0.3579607061908006,0.9202516016275213
,624,0,0.69287109375,0.2973251028806585,-0.69287109375,-0.2973251028806585,2583,2618,2180,1668,2584,2619,2218,1687,0,0,-164,-53,4900,4900,4900,4900,-41.84,55.72,-182.99,-25.26091325158481,-11.789779095852673,61.61863951984614,-0.6293652778283654,-0.31255397561551274,0.7114839136557913
,625,0,-0.66650390625,-0.5360082304526749,0.66650390625,0.5360082304526749,1697,2075,3066,2211,1747,2106,3066,2213,-225,-115,20,-12,5000,5000,5000,4900,-32.51,18.19,-233.69,28.081901399925442,21.899619263334905,52.366160757342,0.7501578234880336,0.5167276920466151,0.412620566782456
,626,0,0.08349609375,-0.03600823045267498,-0.08349609375,0.03600823045267498,2185,2401,2578,1885,2185,2403,2578,1886,0,-16,0,-12,5000,5000,5000,5000,-49.34,39.37,-210.69,3.5418933332612994,2.5016987510955957,69.16943376854148,0.1356084484006595,0.07029485892006915,0.9882656432011451
,627,0,-0.29150390625,0.463991769547325,0.29150390625,-0.463991769547325,1941,2726,2822,1560,1957,2727,2821,1595,-45,0,22,-129,4900,4900,5000,5000,-42.19,64.54,-221.19,12.188127534130246,-23.386740729490533,62.10312388262831,0.35729876386717646,-0.5917382052981282,0.7226226468424156
,628,0,0.45849609375,-0.36934156378600824,-0.45849609375,0.36934156378600824,2430,2183,2333,2103,2431,2210,2354,2103,0,-86,-70,-3,5000,5000,4900,5000,-44.4,25.17,-194.35,-11.69826390419911,17.85056008468524,64.15054314015357,-0.26876223835862334,0.45552932151149356,0.8486812690732257
,629,0,-0.47900390625,0.13065843621399176,0.47900390625,-0.13065843621399176,1819,2509,2944,1777,1855,2509,2943,1782,-142,0,21,-15,5000,4900,5000,4900,-42.88,45.2,-231.4,23.787083346826904,-4.8460908987789395,62.78453998901615,0.6677622879262913,-0.12737844223997474,0.7333950226692039
,630,0,0.27099609375,0.6306584362139918,-0.27099609375,-0.6306584362139918,2308,2835,2455,1451,2308,2836,2460,1499,0,0,-25,-207,4900,5000,5100,5000,-39.97,73.33,-212.49,2.8733059872256206,-31.520042048576094,59.87466944013181,0.01552324567088229,-0.8084260506825962,0.5883930229205497
,631,0,-0.10400390625,-0.647119341563786,0.10400390625,0.647119341563786,2063,2002,2700,2284,2065,2053,2699,2284,-12,-225,10,0,5100,4800,5100,5000,-37.84,10.53,-208.96,3.965040243783278,31.364731813761882,57.6050587696257,0.14705566621307098,0.8096799559450593,0.5681487481068996
,632,0,0.64599609375,-0.14711934156378603,-0.64599609375,0.14711934156378603,2552,2328,2211,1958,2552,2332,2247,1959,0,-16,-153,0,5000,5000,4900,4900,-43.550000000000004,37.46,-182.82,-24.096115251961123,6.437350751206694,63.29063926820449,-0.6342885631497643,0.18000795412484627,0.7518478270961446
,633,0,-0.57275390625,0.3528806584362141,0.57275390625,-0.3528806584362141,1758,2654,3005,1632,1799,2655,3004,1651,-175,0,18,-55,4900,5000,4900,5000,-38.71,56.86,-232.68,24.220472159229445,-16.578000807498306,58.64239513025316,0.68674180138757,-0.40231868839931395,0.6054133886788529
,634,0,0.17724609375,-0.48045267489711935,-0.17724609375,0.48045267489711935,2247,2111,2516,2175,2247,2150,2518,2175,0,-157,-20,-3,5000,5000,5000,5000,-42.86,17.71,-208.75,3.214492095527106,24.23088181021913,62.639118920647164,0.1216511271874357,0.6443275846275245,0.7550118985433849
,635,0,-0.19775390625,0.019547325102880708,0.19775390625,-0.019547325102880708,2002,2437,2761,1849,2014,2437,2760,1853,-37,0,18,-13,5000,5000,5000,5000,-48.050000000000004,41.95,-218.6,11.245051502091371,-0.6543826575430742,67.90883693845178,0.3644309582245899,-0.01096682564376946,0.9311658313226525
,636,0,0.55224609375,0.5195473251028804,-0.55224609375,-0.5195473251028804,2491,2763,2272,1523,2492,2763,2298,1556,0,0,-94,-120,5000,5000,4800,4900,-40.12,68.16,-194.27,-14.91878474332492,-25.0274099131612,59.95854667205671,-0.3670012978301402,-0.6390455286142357,0.6759666114159375
,637,0,-0.38525390625,-0.31378600823045266,0.38525390625,0.31378600823045266,1880,2219,2883,2067,1904,2242,2882,2068,-76,-72,21,-11,5000,4900,5000,4900,-43.17,27.61,-225.23000000000002,18.9230266180611,13.149652445232661,63.01964344669007,0.5316813857903894,0.3306974840765917,0.7797141001863593
,638,0,0.36474609375,0.18621399176954734,-0.36474609375,-0.18621399176954734,2369,2545,2394,1741,2370,2545,2410,1751,0,0,-52,-26,5000,5000,5000,5000,-47.78,52.15,-199.21,-8.839981357194944,-9.405468422806912,67.60069253985598,-0.2032778207765853,-0.2480163150994206,0.9471884897024602
,639,0,-0.01025390625,0.6862139917695471,0.01025390625,-0.6862139917695471,2124,2871,2639,1415,2125,2872,2638,1471,0,0,17,-249,5000,4800,5100,5000,-36.95,78.02,-206.66,-3.276232923467205,-35.77669227898969,56.846551212288844,0.014155238314818625,-0.8586226729875102,0.5124126605188776
,640,0,0.73974609375,-0.5915637860082305,-0.73974609375,0.5915637860082305,2613,2038,2150,2248,2614,2081,2190,2248,0,-170,-170,0,5000,4700,4800,5000,-35.31,18.97,-181.87,-23.663607393980726,24.928478168422963,55.00985767507828,-0.5769817589556262,0.6250678348550757,0.5257206973879377
,641,0,-0.74267578125,-0.09156378600823045,0.74267578125,0.09156378600823045,1647,2364,3116,1922,1708,2365,3116,1923,-295,-9,21,0,5100,5000,5000,4900,-34.97,38.94,-243.70000000000002,36.53588740326376,0.4770163283340594,54.89922296436603,0.904496317394248,0.007620745069726654,0.42641333945460297
,642,0,0.00732421875,0.40843621399176944,-0.00732421875,-0.40843621399176944,2136,2690,2627,1596,2137,2691,2627,1625,0,0,0,-100,5000,4900,5000,5000,-44.64,63.99,-212.48000000000002,3.5348870588201464,-22.193883515148435,64.52544114976048,0.12428478698553354,-0.5985913452201906,0.7913543410833378
,643,0,-0.36767578125,-0.4248971193415638,0.36767578125,0.4248971193415638,1891,2147,2872,2139,1913,2179,2871,2141,-69,-115,20,-11,5000,5000,5100,4900,-41.53,21.91,-223.25,17.37117020182251,18.97577563855033,61.36192507505237,0.5044264894740804,0.47362087835278044,0.7219675756605669
,644,0,0.38232421875,0.07510288065843618,-0.38232421875,-0.07510288065843618,2380,2473,2383,1813,2381,2473,2402,1819,0,-2,-62,-15,5000,5000,5000,4900,-48.28,46.02,-197.21,-10.386426012815917,-3.144179716453415,68.0820164046202,-0.2528309819411812,-0.09212976507207311,0.9631140124400756
,645,0,-0.55517578125,0.5751028806584362,0.55517578125,-0.5751028806584362,1769,2799,2994,1487,1806,2799,2993,1525,-146,0,19,-140,5000,4900,5000,4900,-35.69,67.74,-232.75,23.50101273494397,-27.440663118466567,55.64495528020174,0.5891452532116824,-0.6441728155986444,0.48780042462246564
,646,0,0.19482421875,-0.25823045267489714,-0.19482421875,0.25823045267489714,2258,2256,2505,2030,2258,2279,2509,2031,0,-72,-24,0,5000,5000,5000,4900,-47.49,28.97,-208.1,1.7270099914433956,13.059412984299414,67.29021355111155,0.08006366351622278,0.3347533605311132,0.9388982891652785
,647,0,-0.18017578125,0.24176954732510292,0.18017578125,-0.24176954732510292,2014,2582,2749,1704,2024,2583,2748,1721,-30,-5,20,-47,5000,5000,5000,5000,-46.93,54.26,-217.11,8.85942966967832,-12.824469398469525,66.80956572940437,0.26862888009279806,-0.33233555625015243,0.9040971202431689
,648,0,0.56982421875,0.7417695473251027,-0.56982421875,-0.7417695473251027,2502,2908,2261,1378,2502,2909,2285,1429,0,0,-87,-223,5000,5000,4900,4900,-33.86,77.72,-198.0,-11.881944514159443,-34.84940391487519,53.72957121434163,-0.30990880457394343,-0.8425717389698045,0.44048768148150175
,649,0,-0.64892578125,-0.7335390946502057,0.64892578125,0.7335390946502057,1708,1946,3055,2340,1751,2000,3055,2340,-181,-244,22,0,4800,5000,4700,5000,-28.62,10.67,-231.3,26.261136903129028,29.56579797214961,48.45347361782755,0.6828908262266208,0.6731216784849892,0.28384383982935796
,650,0,0.10107421875,-0.23353909465020573,-0.10107421875,0.23353909465020573,2197,2272,2566,2014,2197,2280,2567,2015,0,-22,-22,0,5000,5000,5000,5000,-47.25,28.01,-211.19,4.879778825131524,13.789664600216753,67.05765977501909,0.1780380472902852,0.3873568261836784,0.9045756700939781
,651,0,-0.27392578125,0.26646090534979416,0.27392578125,-0.26646090534979416,1952,2598,2811,1688,1970,2599,2810,1709,-53,0,20,-59,5000,4900,5000,4900,-45.67,54.17,-221.67000000000002,13.417368885063382,-13.071995694391596,65.5632829197331,0.4034121455146744,-0.3385522861926879,0.8500829314631321
,652,0,0.47607421875,-0.5668724279835391,-0.47607421875,0.5668724279835391,2441,2054,2322,2232,2442,2094,2342,2234,0,-161,-67,-13,4900,5000,5000,4800,-39.53,15.44,-195.49,-9.833628168729007,27.459672330310372,59.264082721303836,-0.21542813293037474,0.6989732143472611,0.6819290030253816
,653,0,-0.46142578125,-0.0668724279835391,0.46142578125,0.0668724279835391,1830,2380,2933,1906,1865,2382,2932,1906,-133,-8,21,0,5000,5000,5000,5000,-43.11,37.92,-230.34,23.26322942568362,2.4925469317610265,62.99636978264891,0.6785306440285095,0.05470829503844668,0.7325320249437857
,654,0,0.28857421875,0.4331275720164607,-0.28857421875,-0.4331275720164607,2319,2706,2444,1580,2319,2707,2452,1611,0,0,-30,-108,5000,5000,5000,4900,-44.410000000000004,64.85,-206.29,-2.7008274892258726,-22.598122266154654,64.2783478324239,-0.042434807055800286,-0.5973684804082614,0.8008434215031435
,655,0,-0.08642578125,-0.40020576131687247,0.08642578125,0.40020576131687247,2075,2163,2688,2123,2076,2195,2687,2124,0,-115,20,-1,5000,4900,5000,4900,-44.660000000000004,21.43,-210.19,4.37256601362111,20.419387557396554,64.45112785024185,0.15179587582795728,0.5294823085514715,0.8346295567571446
,656,0,0.66357421875,0.09979423868312765,-0.66357421875,-0.09979423868312765,2564,2489,2199,1797,2565,2489,2236,1802,0,0,-160,-13,5000,4900,5100,5000,-43.19,46.300000000000004,-182.5,-25.06258132360756,-2.3561701233138166,62.94780700349112,-0.6429139155817083,-0.07048230105155857,0.7626886274161121
,657,0,-0.69580078125,0.5997942386831274,0.69580078125,-0.5997942386831274,1677,2815,3086,1471,1730,2815,3085,1508,-243,0,21,-142,5000,5000,4800,4800,-31.01,67.5,-237.99,28.75799660459799,-27.596227304328885,50.980459554158614,0.6981960735888053,-0.6305097484356499,0.33908656704857754
,658,0,0.05419921875,-0.6779835390946503,-0.05419921875,0.6779835390946503,2166,1982,2597,2304,2167,2039,2598,2304,0,-268,-1,0,5000,4900,4900,4700,-36.89,9.17,-208.35,3.459178504242203,32.76364594463362,56.65041582332803,0.1314579879495665,0.8365941771459645,0.5318166791007203
,659,0,-0.32080078125,-0.17798353909465014,0.32080078125,0.17798353909465014,1922,2308,2841,1978,1946,2312,2840,1979,-77,-17,20,4,5000,5000,5000,5000,-45.31,31.8,-223.45000000000002,16.83433258056911,9.10634679650282,65.16280388135068,0.5181789920594154,0.2639695790224018,0.8135174205504296
,660,0,0.42919921875,0.32201646090534974,-0.42919921875,-0.32201646090534974,2411,2634,2352,1652,2412,2635,2372,1672,0,0,-62,-60,5000,5000,5000,5000,-45.57,58.95,-197.37,-11.167380586372843,-16.057213065525097,65.39905541351295,-0.2643932084345398,-0.418940153347727,0.8686687396508941
,661,0,-0.50830078125,-0.5113168724279835,0.50830078125,0.5113168724279835,1800,2091,2963,2195,1833,2126,2962,2197,-127,-134,23,-1,5000,4900,5000,4900,-37.29,18.12,-228.42000000000002,22.817446570047593,22.366775006135036,57.12992826385873,0.6119519012425597,0.5422728824313457,0.5757212793923956
,662,0,0.24169921875,-0.011316872427983515,-0.24169921875,0.011316872427983515,2289,2417,2474,1869,2289,2419,2482,1870,0,-16,-33,-11,5000,5000,5000,4900,-49.370000000000005,41.08,-204.35,-2.9065106575930884,1.2613421277316874,69.18362593576525,-0.049633500697892165,0.029963637747519038,0.9983179333365736
,663,0,-0.13330078125,0.48868312757201626,0.13330078125,-0.48868312757201626,2044,2743,2719,1543,2049,2744,2718,1581,-17,0,18,-149,5000,5000,4900,5000,-42.82,67.23,-213.77,4.589026031950652,-25.5238882200018,62.716032491943864,0.1433032035860036,-0.6579151293911569,0.7393320460795716
,664,0,0.61669921875,-0.34465020576131683,-0.61669921875,0.34465020576131683,2533,2199,2230,2087,2533,2223,2260,2088,0,-70,-117,-11,5000,5000,5000,4800,-42.31,28.78,-185.29,-20.992563155764884,14.909993154682255,62.04036126350968,-0.508962078353124,0.37144032195840276,0.7765241078175915
,665,0,-0.60205078125,0.155349794238683,0.60205078125,-0.155349794238683,1739,2525,3024,1761,1784,2525,3024,1766,-198,-1,20,-15,5000,5000,5000,5000,-38.93,46.5,-235.72,28.01148949752752,-6.468375543314991,58.85039647282039,0.7860274162082268,-0.15440913001291745,0.5985972949635453
,666,0,0.14794921875,0.655349794238683,-0.14794921875,-0.655349794238683,2227,2851,2536,1435,2227,2852,2538,1487,0,0,-20,-236,5100,4800,4900,4900,-38.63,74.92,-214.20000000000002,4.4659448102026715,-33.23420685436509,58.543151284739025,0.10156250394957816,-0.8359139235565544,0.5393820262075656
,667,0,-0.22705078125,-0.6224279835390947,0.22705078125,0.6224279835390947,1983,2018,2780,2268,1991,2068,2779,2268,-24,-220,22,0,4900,4800,4800,5000,-38.25,11.9,-214.43,9.318618022782545,29.598193787584325,58.03453329305373,0.29257221781492426,0.7494071300861942,0.5939616576335811
,668,0,0.52294921875,-0.12242798353909468,-0.52294921875,0.12242798353909468,2472,2344,2291,1942,2473,2348,2320,1942,0,-17,-108,11,5000,4900,5000,5000,-46.14,37.26,-189.28,-17.64635256148813,6.1689243225819865,65.89989366151273,-0.4766869595260728,0.16880763362541606,0.8627128870299638
,669,0,-0.41455078125,0.3775720164609053,0.41455078125,-0.3775720164609053,1861,2670,2902,1616,1888,2671,2901,1639,-90,0,19,-67,5000,5000,5000,4900,-41.87,59.15,-227.4,18.77762901638556,-18.46742775463577,61.79098597916132,0.5181017893305357,-0.45489756619870886,0.7243195014349595
,670,0,0.33544921875,-0.45576131687242805,-0.33544921875,0.45576131687242805,2350,2127,2413,2159,2350,2161,2424,2161,0,-125,-35,0,4900,5000,4900,5000,-43.33,19.56,-201.63,-4.023346853418047,22.909105373568735,63.09121891030462,-0.07288310129886506,0.5901568545135639,0.8039918784513407
,671,0,-0.03955078125,0.044238683127571954,0.03955078125,-0.044238683127571954,2105,2453,2658,1833,2108,2454,2657,1839,-16,-17,20,-16,5000,5000,5000,4900,-49.33,44.27,-210.73000000000002,3.2224242572859225,-2.3880496553299366,69.16961084034294,0.11064321392054502,-0.06142907170892033,0.9919599530033016
,672,0,0.71044921875,0.5442386831275718,-0.71044921875,-0.5442386831275718,2594,2779,2169,1507,2595,2779,2206,1540,0,0,-145,-118,5000,4900,4900,5000,-36.4,69.25,-185.26,-23.973682123045478,-25.46213646591209,56.21335692158161,-0.5558437131309091,-0.6090166191594727,0.5658060835307527
,673,0,-0.71923828125,-0.2890946502057613,0.71923828125,0.2890946502057613,1662,2236,3101,2050,1718,2254,3101,2050,-270,-54,21,-2,5100,4900,4900,5000,-35.19,31.62,-240.72,34.10017544908814,7.996333536358009,55.095120900549574,0.8667403748988367,0.1862609610022407,0.46267480688572854
,674,0,0.03076171875,0.2109053497942387,-0.03076171875,-0.2109053497942387,2151,2561,2612,1725,2152,2562,2612,1739,0,0,0,-39,5000,5000,5000,5000,-48.04,53.730000000000004,-211.98000000000002,3.7789351123320785,-11.917151859584742,67.902840597133,0.13257710200826264,-0.32258494867502513,0.9372098286464042
,675,0,-0.34423828125,0.7109053497942386,0.34423828125,-0.7109053497942386,1907,2887,2856,1399,1926,2888,2855,1451,-53,0,18,-231,4900,4900,5000,4900,-34.82,76.05,-221.70000000000002,11.873837064950038,-34.919848321085816,54.75834677357527,0.32391180398038805,-0.8348271221443972,0.4451346081515956
,676,0,0.40576171875,-0.7150205761316872,-0.40576171875,0.7150205761316872,2396,1958,2367,2328,2397,2017,2379,2328,0,-275,-38,0,5100,5000,5000,5000,-35.68,9.31,-198.69,-6.181536898979516,33.329726404280144,55.41127925809806,-0.12747627836744194,0.8430665894461479,0.5224830372492748
,677,0,-0.53173828125,-0.21502057613168724,0.53173828125,0.21502057613168724,1784,2284,2979,2002,1823,2289,2978,2003,-162,-17,20,0,5000,5000,5000,4800,-40.660000000000004,31.62,-232.86,26.245580343197787,8.585190945176102,60.541136203007255,0.7306930626902403,0.22712456330112896,0.6438183601619546
,678,0,0.21826171875,0.28497942386831254,-0.21826171875,-0.28497942386831254,2273,2610,2490,1676,2273,2611,2495,1697,0,-8,-25,-64,5000,5000,4900,4900,-47.22,57.370000000000005,-208.55,0.09358045773555546,-15.297650712629327,67.07986515739728,0.031883020728143745,-0.40483248752099094,0.9138348483379343
,679,0,-0.15673828125,-0.5483539094650206,0.15673828125,0.5483539094650206,2029,2067,2734,2219,2031,2107,2733,2220,-14,-163,14,0,4900,4800,5100,5000,-40.52,14.61,-211.82,6.510337963656582,27.09206487889989,60.30212695210545,0.2197738727951238,0.6979266939799038,0.6816140951204831
,680,0,0.59326171875,-0.048353909465020495,-0.59326171875,0.048353909465020495,2518,2392,2245,1894,2518,2393,2279,1894,0,0,-140,0,5000,5000,5000,5000,-44.95,40.64,-185.37,-21.790274125921258,3.082087220213971,64.7049247199622,-0.5805077703094765,0.07605868242742755,0.8106946437702196
,681,0,-0.62548828125,0.4516460905349793,0.62548828125,-0.4516460905349793,1723,2718,3040,1568,1767,2719,3040,1596,-188,0,19,-89,4900,4900,4700,4800,-36.45,60.88,-235.74,26.98389820273141,-20.81671096391151,56.39998287734012,0.7019943180494423,-0.49236517765780924,0.5145682746305812
,682,0,0.12451171875,-0.381687242798354,-0.12451171875,0.381687242798354,2212,2175,2551,2111,2212,2206,2553,2112,0,-109,-22,-12,5000,4900,5000,4900,-45.04,22.22,-209.61,3.7350906403000295,19.67491590610107,64.8309792801806,0.13681941508971696,0.5180642288814097,0.8443280774722693
,683,0,-0.25048828125,0.11831275720164625,0.25048828125,-0.11831275720164625,1968,2501,2795,1785,1985,2501,2794,1794,-50,0,20,-25,5000,5000,5000,5000,-47.15,46.57,-220.89000000000001,13.19261991588931,-5.431917693948343,67.02530071989773,0.40480378636839814,-0.14195359329508517,0.9033178133372677
,684,0,0.49951171875,0.618312757201646,-0.49951171875,-0.618312757201646,2457,2827,2306,1459,2458,2828,2328,1502,0,0,-73,-178,5000,5000,5100,4900,-38.75,73.56,-197.35,-12.239199020802744,-30.641846783083004,58.60902120385765,-0.26967718692143827,-0.7465318013529054,0.6082470587047057
,685,0,-0.43798828125,-0.6594650205761317,0.43798828125,0.6594650205761317,1845,1994,2918,2292,1871,2045,2917,2292,-84,-224,22,0,4900,4800,4900,4800,-34.79,11.86,-223.23000000000002,18.107806180847092,28.98485307935604,54.60128633168199,0.5077000448307469,0.7027056477724356,0.49844301285862097
,686,0,0.31201171875,-0.15946502057613166,-0.31201171875,0.15946502057613166,2334,2320,2429,1966,2334,2326,2443,1967,0,-18,-46,0,5000,4900,5000,4900,-48.22,33.25,-201.12,-5.5501856453616085,9.304509366135754,68.00772486249821,-0.12327100993455319,0.24843896297031787,0.9607717417721799
,687,0,-0.06298828125,0.34053497942386834,0.06298828125,-0.34053497942386834,2090,2646,2673,1640,2092,2647,2672,1665,-14,0,20,-83,5000,5000,5000,4900,-46.22,60.24,-211.19,2.518847129696809,-18.35579830290333,66.09380487223451,0.0864609336970841,-0.48660038300215797,0.8693357085766014
,688,0,0.68701171875,-0.492798353909465,-0.68701171875,0.492798353909465,2579,2103,2184,2183,2580,2136,2221,2185,0,-123,-155,-11,4800,5000,4900,5000,-38.5,22.21,-183.44,-22.344693038295986,21.589311382357685,58.21126831684343,-0.53839353582493,0.5418596337460402,0.6453840235848242
,689,0,-0.67236328125,0.007201646090534863,0.67236328125,-0.007201646090534863,1693,2429,3070,1857,1746,2430,3070,1857,-249,0,20,0,4800,5000,4900,5000,-37.37,38.92,-241.20000000000002,34.03716676502938,0.6857566360178566,57.2915487482027,0.8578684239221673,0.004947201666462095,0.5138455920147299
,690,0,0.07763671875,0.5072016460905349,-0.07763671875,-0.5072016460905349,2182,2755,2581,1531,2182,2755,2581,1569,0,0,0,-145,5000,5000,4900,4800,-42.1,68.94,-212.09,2.79021753678299,-27.107704695684397,61.99442777392362,0.11677766268856626,-0.7085684174845515,0.6959121893173261
,691,0,-0.29736328125,-0.3261316872427983,0.29736328125,0.3261316872427983,1937,2211,2826,2075,1952,2237,2825,2075,-40,-85,21,0,5000,5000,5000,5000,-44.24,26.55,-221.31,15.08825635440158,14.496711011598471,64.07551760762657,0.44392788127139526,0.36594393901046546,0.8179321914018272
,692,0,0.45263671875,0.1738683127572016,-0.45263671875,-0.1738683127572016,2426,2537,2337,1749,2427,2537,2359,1758,0,0,-76,-25,5000,5000,5000,5000,-46.980000000000004,51.160000000000004,-194.24,-13.721652622019946,-8.055460659221517,66.78352382995519,-0.3319983841129731,-0.2183694643533535,0.9176556271196751
,693,0,-0.48486328125,0.6738683127572016,0.48486328125,-0.6738683127572016,1815,2863,2948,1423,1845,2864,2947,1471,-109,-5,19,-197,5100,5000,4900,4800,-34.12,72.82000000000001,-228.02,18.41571428543412,-32.16364295107622,54.07097904779691,0.47584960736779164,-0.7592104028815821,0.44403458798195516
,694,0,0.26513671875,-0.6039094650205761,-0.26513671875,0.6039094650205761,2304,2030,2459,2256,2304,2077,2463,2256,0,-202,-26,0,4900,5000,4800,5000,-39.45,12.55,-205.33,0.19202580557228544,29.620050084679367,59.20813322618007,0.04080162586865016,0.7699856837746474,0.6367552701851503
,695,0,-0.10986328125,-0.10390946502057608,0.10986328125,0.10390946502057608,2059,2356,2704,1930,2066,2359,2703,1931,-20,-15,21,0,5000,5000,5000,5000,-48.49,35.43,-214.15,7.28399363565984,6.175397908210996,68.32189625916597,0.24524547383999787,0.19330728271046332,0.9499931326131217
,696,0,0.64013671875,0.3960905349794239,-0.64013671875,-0.3960905349794239,2548,2682,2215,1604,2548,2683,2247,1629,0,0,-128,-77,5000,5000,5000,5000,-40.69,62.67,-186.47,-22.29672653561542,-18.978873973072588,60.49351198965189,-0.5283827810269627,-0.45162973155301345,0.7189173960140105
,697,0,-0.57861328125,-0.4372427983539095,0.57861328125,0.4372427983539095,1754,2139,3009,2147,1793,2167,3009,2148,-157,-92,19,0,5000,5000,5000,5000,-37.050000000000004,22.38,-232.22,26.29543971965731,17.839026681175206,56.91024950500564,0.7108055813149966,0.42949198983891085,0.5570386487809111
,698,0,0.17138671875,0.06275720164609044,-0.17138671875,-0.06275720164609044,2243,2465,2520,1821,2243,2465,2524,1828,0,0,-22,-17,5000,5000,5000,5000,-49.36,45.660000000000004,-208.67000000000002,1.0659451372912656,-3.623157558717729,69.19618661909067,0.059213206910561596,-0.09638577504871619,0.9935811886784214
,699,0,-0.20361328125,0.5627572016460902,0.20361328125,-0.5627572016460902,1998,2791,2765,1495,2006,2791,2764,1535,-24,0,18,-158,5000,5000,5000,4700,-40.45,70.57000000000001,-216.41,6.98377727264176,-29.053878835223237,60.360945922057965,0.20866147630646026,-0.7305658008472934,0.650179974267096
,700,0,0.54638671875,-0.27057613168724276,-0.54638671875,0.27057613168724276,2487,2248,2276,2038,2488,2267,2302,2039,0,-57,-98,0,5000,5000,5000,4900,-44.62,32.3,-188.62,-17.936391542385365,11.160507764273028,64.36771477698395,-0.43648496138951115,0.27744306440012434,0.8558657748134721
,701,0,-0.39111328125,0.22942386831275718,0.39111328125,-0.22942386831275718,1876,2574,2887,1712,1903,2575,2886,1725,-94,0,21,-33,5000,4900,4900,5000,-44.18,51.68,-226.85,18.77032766296449,-10.97198309524996,64.08396571049843,0.535082619513847,-0.2784939456005194,0.7975761484385393
,702,0,0.35888671875,0.729423868312757,-0.35888671875,-0.729423868312757,2365,2900,2398,1386,2365,2901,2409,1440,0,0,-34,-247,5000,5000,4700,4700,-36.480000000000004,77.86,-209.48000000000002,-0.4507474200151762,-35.82500499025098,56.3848180082487,-0.07176773485710136,-0.8796503538656151,0.4701751239459391
,703,0,-0.01611328125,-0.6965020576131687,0.01611328125,0.6965020576131687,2120,1970,2643,2316,2121,2029,2643,2316,0,-285,0,0,5100,4900,5000,5000,-36.39,8.61,-207.32,2.4744741688797376,33.39654012086313,56.146131842209144,0.10695555579903451,0.8504140027661626,0.5151276860963242
,704,0,0.73388671875,-0.19650205761316863,-0.73388671875,0.19650205761316863,2609,2296,2154,1990,2610,2301,2200,1991,0,-18,-206,0,5000,5000,4800,5000,-41.1,36.2,-179.20000000000002,-27.60685973965903,7.95387827927086,60.82704080280428,-0.709319968185076,0.22154913193433434,0.6691645275065508
,705,0,-0.73095703125,0.30349794238683114,0.73095703125,-0.30349794238683114,1654,2622,3109,1664,1709,2623,3109,1679,-260,0,21,-38,5000,5000,4900,4900,-33.74,53.65,-238.31,30.085075910462507,-13.80083086745271,53.682994968426144,0.8455961632638184,-0.3125120691329868,0.4327855535016502
,706,0,0.01904296875,-0.5298353909465021,-0.01904296875,0.5298353909465021,2143,2079,2620,2207,2144,2121,2620,2208,0,-176,0,0,4900,5000,5000,4900,-41.44,15.370000000000001,-209.52,4.15814315227604,26.50488036178664,61.21667269299371,0.1511757620324103,0.7052639993223597,0.6926388526741412
,707,0,-0.35595703125,-0.029835390946502005,0.35595703125,0.029835390946502005,1899,2405,2864,1881,1926,2407,2863,1882,-87,-7,21,-13,5000,4900,5000,4900,-45.44,38.53,-226.03,18.913386220210356,2.2055691523419725,65.31447414654576,0.5835772085468495,0.07253626072134035,0.8088115556452153
,708,0,0.39404296875,0.4701646090534979,-0.39404296875,-0.4701646090534979,2388,2730,2375,1556,2389,2731,2390,1589,0,0,-50,-117,5000,5000,5000,5000,-43.29,66.64,-201.55,-7.556093850201705,-24.038215330796938,63.147586792616735,-0.17563123420460008,-0.6113276339225515,0.7716425296563324
,709,0,-0.54345703125,-0.3631687242798354,0.54345703125,0.3631687242798354,1777,2187,2986,2099,1813,2212,2985,2100,-140,-77,21,-7,5000,4900,5000,4900,-38.9,25.97,-232.13,25.937031318231305,14.269503402698,58.767329735420205,0.7032167812746876,0.346711835429395,0.620706904832586
,710,0,0.20654296875,0.13683127572016462,-0.20654296875,-0.13683127572016462,2266,2513,2497,1773,2266,2513,2503,1782,0,0,-27,-24,5000,5000,5000,5000,-48.86,49.870000000000005,-207.82,-0.08909997324559527,-7.760606889108878,68.70223942447282,0.027919211877429156,-0.20352640965815613,0.9786713024196649
,711,0,-0.16845703125,0.6368312757201644,0.16845703125,-0.6368312757201644,2021,2839,2742,1447,2026,2840,2741,1497,-17,0,18,-222,5000,4900,5000,4900,-38.980000000000004,74.05,-215.21,5.536019529324193,-32.43982929157766,58.89444088497926,0.14798578956617883,-0.8051727659957989,0.5742795686642085
,712,0,0.58154296875,-0.6409465020576132,-0.58154296875,0.6409465020576132,2510,2006,2253,2280,2510,2054,2278,2280,0,-206,-93,0,5100,4800,5100,5000,-36.5,14.290000000000001,-189.69,-15.524884855401098,29.025057664627134,56.21407188828762,-0.36593152571352877,0.7305237135334547,0.5765667545516825
,713,0,-0.63720703125,-0.14094650205761317,0.63720703125,0.14094650205761317,1716,2332,3047,1954,1764,2335,3047,1954,-216,-16,20,10,5000,5000,4900,5000,-37.68,36.84,-236.46,29.461615241433122,3.108478177398389,57.58283655750259,0.8310145922256119,0.07328372385246333,0.5514020704770856
,714,0,0.11279296875,0.3590534979423867,-0.11279296875,-0.3590534979423867,2205,2658,2558,1628,2205,2659,2560,1654,0,0,-18,-82,5000,5000,5000,4900,-45.77,61.32,-212.37,3.6177511607436372,-19.520448103827654,65.64961935721185,0.12633443122487395,-0.530119726334372,0.8384585184958513
,715,0,-0.26220703125,-0.47427983539094654,0.26220703125,0.47427983539094654,1960,2115,2803,2171,1972,2152,2802,2172,-33,-140,20,0,4900,5000,5000,4800,-41.86,18.66,-218.04,12.412642307236723,22.59985796208329,61.66937983736841,0.3651526272394386,0.5685287607122207,0.7371828857638807
,716,0,0.48779296875,0.025720164609053464,-0.48779296875,-0.025720164609053464,2449,2441,2314,1845,2450,2441,2340,1847,0,-2,-93,-12,5000,4900,4900,5000,-46.9,43.04,-191.13,-16.227471542368704,0.27055317157989833,66.67738605286388,-0.4187954031028055,-0.004083699503300552,0.9080714364731032
,717,0,-0.44970703125,0.5257201646090532,0.44970703125,-0.5257201646090532,1838,2767,2925,1519,1867,2767,2924,1553,-103,0,19,-125,5000,5000,5000,4900,-38.36,66.56,-227.73000000000002,18.573390226283664,-25.889623674169847,58.29722092571687,0.4967216319295827,-0.6278969763620857,0.5991769416863123
,718,0,0.30029296875,-0.3076131687242798,-0.30029296875,0.3076131687242798,2327,2223,2436,2063,2327,2249,2445,2064,0,-88,-34,-10,5000,5000,5000,4900,-46.67,27.25,-202.58,-3.6495780772798696,15.177743818596618,66.44987123054906,-0.06201651729474418,0.3868328781611455,0.9200621044017598
,719,0,-0.07470703125,0.1923868312757201,0.07470703125,-0.1923868312757201,2082,2549,2681,1737,2086,2549,2680,1750,-15,0,21,-33,5000,5000,5000,4900,-48.230000000000004,52.32,-211.97,3.8718296736414857,-10.509787796237383,68.08991543156445,0.12817318805996336,-0.2748710392857265,0.9528995464499551
,720,0,0.67529296875,0.69238683127572,-0.67529296875,-0.69238683127572,2571,2875,2192,1411,2572,2876,2225,1459,0,0,-132,-200,5000,4800,5000,4800,-34.300000000000004,74.18,-189.34,-20.260213538125782,-30.682835796714194,54.13591869959349,-0.4517521423438395,-0.7639069744791148,0.460832004346396
,721,0,-0.68408203125,-0.5853909465020576,0.68408203125,0.5853909465020576,1685,2042,3078,2244,1733,2082,3078,2245,-213,-160,22,-11,5100,4900,5100,5000,-31.84,17.32,-234.79,29.244679186235714,22.685080963166797,51.69773145086258,0.7613598420735499,0.5255148521067752,0.37969109957034003
,722,0,0.06591796875,-0.08539094650205759,-0.06591796875,0.08539094650205759,2174,2368,2589,1918,2175,2372,2589,1918,0,-16,0,0,5000,5000,5000,5000,-48.97,36.230000000000004,-211.33,4.411538509489475,5.585458424191323,68.79494271918036,0.16177593907395627,0.14617803214384023,0.9759408427027194
,723,0,-0.30908203125,0.4146090534979423,0.30908203125,-0.4146090534979423,1930,2694,2833,1592,1950,2695,2832,1621,-60,0,21,-98,5000,5000,5000,4900,-43.01,62.1,-222.37,13.541537777898071,-21.03799570759572,62.921706519989144,0.38938218877765784,-0.5348030389905347,0.7499114751417059
,724,0,0.44091796875,-0.41872427983539096,-0.44091796875,0.41872427983539096,2418,2151,2345,2135,2419,2180,2364,2137,0,-103,-64,-9,4900,4900,5000,5000,-43.61,22.45,-196.03,-9.821016042865807,20.438226430865775,63.36008545756438,-0.22138110247870427,0.5218764593928813,0.8237932802571672
,725,0,-0.49658203125,0.08127572016460904,0.49658203125,-0.08127572016460904,1807,2477,2956,1809,1844,2477,2955,1812,-146,0,21,-12,5000,4900,5000,5000,-42.32,42.43,-231.69,24.281083784115367,-2.1060967286164995,62.21974310921368,0.697569860136814,-0.06721435258184341,0.7133572183946203
,726,0,0.25341796875,0.5812757201646088,-0.25341796875,-0.5812757201646088,2296,2803,2467,1483,2296,2803,2472,1527,0,0,-23,-175,4900,4900,4900,4700,-40.21,71.72,-208.54,-0.9486465396832102,-29.624149938684987,60.099329159948525,0.02808542843021458,-0.769293948442597,0.6382773923612604
,727,0,-0.12158203125,-0.2520576131687242,0.12158203125,0.2520576131687242,2052,2260,2711,2026,2055,2282,2710,2028,-14,-68,21,-11,5000,4900,5000,5000,-47.160000000000004,29.490000000000002,-213.48000000000002,7.0553109051272145,12.145504467988722,66.97767459825765,0.22473420266238334,0.3093237944842743,0.9240201990863366
,728,0,0.62841796875,0.24794238683127579,-0.62841796875,-0.24794238683127579,2541,2586,2222,1700,2541,2587,2255,1714,0,0,-133,-34,5000,4900,5000,4900,-42.85,54.49,-185.62,-22.550710526793637,-10.75368205527463,62.63412172699692,-0.5585857829393347,-0.2819366833131792,0.7800600167297478
,729,0,-0.59033203125,0.7479423868312756,0.59033203125,-0.7479423868312756,1746,2912,3017,1374,1784,2913,3017,1423,-153,0,19,-214,5100,4900,5000,5000,-30.28,74.64,-232.63,22.890881105490507,-34.32554440957589,50.24878543464709,0.5422782797444744,-0.7840258485358559,0.30205584938054936
,730,0,0.15966796875,-0.7493141289437586,-0.15966796875,0.7493141289437586,2235,1936,2528,2350,2235,1997,2530,2350,0,-295,-11,0,4900,4800,5100,5000,-34.29,6.48,-207.41,2.726521024087191,35.50943129473311,54.04204931764829,0.12205460166592977,0.8891085178268044,0.44112211205061413
,731,0,-0.21533203125,-0.2493141289437586,0.21533203125,0.2493141289437586,1991,2261,2772,2025,2003,2268,2771,2026,-35,-22,21,0,5000,5000,5000,5000,-45.87,27.72,-218.23000000000002,11.92604367658376,13.559447359506137,65.69852340758993,0.3691245214292623,0.39414624435113726,0.841662536735188
,732,0,0.53466796875,0.2506858710562414,-0.53466796875,-0.2506858710562414,2480,2587,2283,1699,2481,2588,2310,1715,0,0,-97,-42,4900,4900,4900,5000,-45.04,54.660000000000004,-190.49,-17.71264111950697,-11.275410961802315,64.83929368364119,-0.43657656149924984,-0.2889109713620563,0.8520160541774576
,733,0,-0.40283203125,-0.5826474622770919,0.40283203125,0.5826474622770919,1868,2044,2895,2242,1893,2084,2894,2242,-80,-158,20,0,5000,5000,5100,5000,-37.2,13.9,-221.95000000000002,16.674675141836275,27.04969581279423,57.011556395118205,0.4690790797714922,0.6654474275121639,0.5806414884747508
,734,0,0.34716796875,-0.08264746227709185,-0.34716796875,0.08264746227709185,2357,2370,2406,1916,2357,2373,2422,1916,0,-16,-53,0,5000,5000,5000,5000,-48.53,37.28,-198.42000000000002,-8.53937755937423,5.484089751666517,68.3177662638952,-0.20987687311662584,0.14140617514706974,0.9674481855691621
,735,0,-0.02783203125,0.4173525377229079,0.02783203125,-0.4173525377229079,2113,2696,2650,1590,2114,2697,2649,1621,0,0,19,-112,4900,5000,5000,4900,-44.71,64.35,-209.9,0.9352403961948994,-22.363540945354437,64.58831869644732,0.0417009628246331,-0.593773855538292,0.8035506444392226
,736,0,0.72216796875,-0.4159807956104253,-0.72216796875,0.4159807956104253,2602,2153,2161,2133,2603,2180,2201,2134,0,-88,-167,0,5000,4800,4800,4800,-39.07,26.8,-180.81,-25.305897831740822,17.205857740141155,58.78267039753433,-0.6165663500729262,0.42919321810962324,0.6600296337941616
,737,0,-0.70751953125,0.08401920438957489,0.70751953125,-0.08401920438957489,1670,2479,3093,1807,1728,2479,3093,1809,-284,-10,19,-12,4800,4900,5100,4900,-35.75,41.83,-241.4,34.02787226720085,-2.2347446244757663,55.67814055441997,0.8799110255381543,-0.05241588313858816,0.4722384591826427
,738,0,0.04248046875,0.5840192043895747,-0.04248046875,-0.5840192043895747,2159,2805,2604,1481,2160,2805,2605,1525,0,0,-1,-177,5000,5000,5000,4900,-40.1,72.61,-212.39000000000001,2.8260086254943246,-30.794353842738637,60.00288639486739,0.1099928365284892,-0.7826136980716814,0.6127131265959497
,739,0,-0.33251953125,-0.693758573388203,0.33251953125,0.693758573388203,1914,1972,2849,2314,1931,2026,2848,2314,-44,-246,20,0,5100,5000,4900,4900,-35.19,9.46,-218.21,13.276220413652425,31.747451144865014,54.981063770042894,0.39047398257097893,0.7792664820841256,0.49017733406940645
,740,0,0.41748046875,-0.19375857338820301,-0.41748046875,0.19375857338820301,2403,2298,2360,1988,2404,2303,2382,1989,0,-17,-72,0,5000,5000,5000,5000,-47.06,32.19,-195.28,-11.293336190382092,10.787315731085357,66.82776422701252,-0.2971887044696834,0.3039913824470969,0.9051343067929388
,741,0,-0.52001953125,0.306241426611797,0.52001953125,-0.306241426611797,1792,2624,2971,1662,1829,2625,2970,1680,-144,0,20,-51,5000,5000,4900,4900,-41.21,54.01,-232.84,24.58185333114099,-13.741742074848268,61.1370173561732,0.6572151065402395,-0.3332274447547706,0.6760382931443369
,742,0,0.22998046875,-0.5270919067215364,-0.22998046875,0.5270919067215364,2281,2080,2482,2206,2281,2122,2486,2208,0,-176,-23,-12,4900,5000,5100,5000,-41.63,15.74,-207.16,1.776823010110519,26.30938781892135,61.40024024514007,0.08324502469885943,0.6919695204249308,0.717111182917808
,743,0,-0.14501953125,-0.027091906721536385,0.14501953125,0.027091906721536385,2036,2406,2727,1880,2044,2408,2726,1882,-26,-16,21,-13,5000,5000,5000,5000,-48.550000000000004,39.71,-216.21,9.02434719301479,1.7559934612178054,68.3969550980771,0.29618082561208003,0.05911200186720559,0.9533009439704748
,744,0,0.60498046875,0.4729080932784635,-0.60498046875,-0.4729080932784635,2525,2732,2238,1554,2525,2734,2267,1586,0,0,-114,-115,4900,5000,5000,5000,-40.5,64.95,-190.11,-18.83322326259679,-21.520111682788517,60.31928231219388,-0.45375365690624364,-0.5603531398402528,0.6929011311257766
,745,0,-0.61376953125,-0.36042524005486964,0.61376953125,0.36042524005486964,1731,2189,3032,2097,1774,2211,3032,2098,-185,-64,20,-12,5000,4800,5000,4900,-37.410000000000004,26.69,-235.51,29.25940852182802,13.300177758230255,57.289115437018864,0.7669390891893879,0.31623317513435245,0.5583914508817256
,746,0,0.13623046875,0.13957475994513024,-0.13623046875,-0.13957475994513024,2220,2515,2543,1771,2220,2515,2545,1781,0,-1,-21,-26,5000,5000,5000,5000,-48.77,49.92,-211.15,3.228509878252339,-8.054893579496017,68.622488455168,0.11926390725542708,-0.2126278482633136,0.9698275715657305
,747,0,-0.23876953125,0.6395747599451302,0.23876953125,-0.6395747599451302,1975,2841,2788,1445,1985,2842,2787,1494,-27,0,17,-218,4900,5000,5000,4900,-38.36,73.25,-218.6,8.977341385707177,-31.8920105454579,58.28313204144736,0.23610542662858952,-0.7927926146054091,0.561902213684598
,748,0,0.51123046875,-0.6382030178326474,-0.51123046875,0.6382030178326474,2464,2008,2299,2278,2465,2057,2319,2278,0,-213,-68,0,4800,4900,5000,5000,-37.4,13.540000000000001,-193.09,-12.081647108691186,29.52572819826955,57.12288586065725,-0.2766158166599007,0.7462178490275031,0.6055102078134955
,749,0,-0.42626953125,-0.13820301783264743,0.42626953125,0.13820301783264743,1853,2334,2910,1952,1885,2337,2909,1952,-117,-17,19,12,5000,5000,5000,4900,-43.81,35.21,-228.14000000000001,21.26590707309657,5.358175863875502,63.684101011607254,0.626544036897135,0.13365364586038994,0.7678406558504617
,750,0,0.32373046875,0.36179698216735257,-0.32373046875,-0.36179698216735257,2342,2660,2421,1626,2342,2661,2432,1651,0,0,-36,-77,5000,4900,5000,5000,-45.58,61.43,-203.47,-5.2657598771263565,-18.97787036011507,65.43272991055743,-0.10524825446418007,-0.4989856211504729,0.8601954166451483
,751,0,-0.05126953125,-0.4715363511659808,0.05126953125,0.4715363511659808,2098,2117,2665,2169,2099,2155,2664,2171,0,-146,21,-12,5000,5000,4900,5000,-43.15,18.17,-208.23000000000002,2.661318617051819,23.81091604261514,62.92847658298277,0.10935539865033168,0.6300642476402335,0.7688045529466989
,752,0,0.69873046875,0.028463648834019195,-0.69873046875,-0.028463648834019195,2587,2443,2176,1843,2588,2443,2217,1845,0,-1,-180,-12,4900,5000,5100,4900,-42.25,43.24,-180.47,-26.859955082019496,0.8423250507488831,61.99534902852858,-0.6960955106403417,0.0216627524807441,0.7176222998355888
,753,0,-0.66064453125,0.5284636488340191,0.66064453125,-0.5284636488340191,1700,2769,3063,1517,1749,2769,3063,1548,-220,0,19,-112,4800,4900,4700,4900,-33.06,64.64,-234.53,25.511175982940273,-24.48553170029293,53.01403490555566,0.6948174638842265,-0.5729824176071211,0.43464910099365367
,754,0,0.08935546875,-0.3048696844993141,-0.08935546875,0.3048696844993141,2189,2225,2574,2061,2189,2251,2574,2062,0,-87,0,-11,5000,4900,5000,5000,-46.6,26.28,-209.74,3.562454215841541,15.619866734367449,66.39969623354493,0.13160484933523017,0.4084466573751062,0.9032449787906678
,755,0,-0.28564453125,0.19513031550068594,0.28564453125,-0.19513031550068594,1945,2551,2818,1735,1964,2551,2817,1747,-56,0,20,-32,5000,5000,5000,5000,-46.19,50.61,-222.20000000000002,14.205545257902031,-9.559280588442569,66.07758884983349,0.4296529744061934,-0.2478231639320618,0.8683213696567728
,756,0,0.46435546875,0.6951303155006858,-0.46435546875,-0.6951303155006858,2434,2877,2329,1409,2435,2878,2348,1459,0,0,-63,-213,5000,5000,4900,5000,-36.38,75.67,-198.47,-11.27013327077259,-32.83367833254227,56.246779465399555,-0.20052072276665883,-0.8373435086554828,0.5085737785746158
,757,0,-0.47314453125,-0.7307956104252401,0.47314453125,0.7307956104252401,1823,1948,2940,2338,1849,2002,2939,2339,-87,-243,20,-13,4800,5000,5000,4700,-32.1,9.0,-224.0,19.09326445793792,31.77456708450701,51.90778159740404,0.5285574254781323,0.7523328979922744,0.39322036896691337
,758,0,0.27685546875,-0.23079561042524,-0.27685546875,0.23079561042524,2311,2274,2452,2012,2311,2282,2462,2013,0,-24,-37,0,5000,5000,5000,5000,-47.46,29.150000000000002,-203.29,-3.083130249815156,13.232588196210344,67.24592805230212,-0.0524885882405559,0.3686033105992817,0.9281037374775317
,759,0,-0.09814453125,0.2692043895747598,0.09814453125,-0.2692043895747598,2067,2599,2696,1687,2072,2600,2695,1708,-16,0,20,-65,5000,5000,5000,5000,-47.300000000000004,55.83,-213.03,4.674215561662038,-14.090176571169742,67.1703540649098,0.15237828740885465,-0.37647532860584365,0.9138091619574991
,760,0,0.65185546875,-0.5641289437585735,-0.65185546875,0.5641289437585735,2556,2056,2207,2230,2556,2094,2240,2231,0,-150,-133,0,5000,4900,4900,5000,-37.39,18.06,-185.99,-19.49398463540888,25.53859231359629,57.10052904596833,-0.4619428609112167,0.6424919981293259,0.6114023434637346
,761,0,-0.56689453125,-0.06412894375857336,0.56689453125,0.06412894375857336,1761,2382,3002,1904,1805,2383,3001,1904,-189,-9,20,0,5000,4900,5100,5000,-39.89,39.02,-234.25,27.091302250552786,1.101449071307961,59.790561742522186,0.7778095207802206,0.024384997607514704,0.6280268475752656
,762,0,0.18310546875,0.4358710562414265,-0.18310546875,-0.4358710562414265,2250,2708,2513,1578,2250,2709,2516,1610,0,0,-22,-116,4900,5000,5000,5000,-44.17,65.12,-211.33,2.3064668900221648,-23.237565265741004,64.05425934581386,0.0942816726559226,-0.6212900978031629,0.7778878971760249
,763,0,-0.19189453125,-0.39746227709190673,0.19189453125,0.39746227709190673,2006,2165,2757,2121,2012,2196,2756,2122,-22,-110,19,0,5000,5000,5000,4900,-44.11,22.04,-215.27,9.395710528137727,19.437223780473154,63.917861029990135,0.2878370238391495,0.4961087366768942,0.8191617478253466
,764,0,0.55810546875,0.10253772290809349,-0.55810546875,-0.10253772290809349,2495,2491,2268,1795,2495,2491,2299,1801,0,-5,-123,-16,5000,5000,4900,5000,-45.300000000000004,46.78,-188.08,-19.538933049578844,-3.239315358482081,65.07577886383591,-0.49589220135786205,-0.09355685743634655,0.8633296236427246
,765,0,-0.37939453125,0.6025377229080933,0.37939453125,-0.6025377229080933,1884,2817,2879,1469,1907,2818,2878,1510,-70,0,19,-167,5000,4900,4900,5000,-37.58,71.05,-223.14000000000001,13.668706029727389,-30.03266792671983,57.512455194136066,0.3799430091155903,-0.7304497692753705,0.5675266023630512
,766,0,0.37060546875,-0.6752400548696845,-0.37060546875,0.6752400548696845,2373,1984,2390,2302,2374,2039,2401,2302,0,-254,-35,0,5000,5100,5000,4900,-37.25,10.63,-200.52,-4.457822982617699,31.88263889870859,56.989553025782044,-0.07712508769612883,0.8135878935137414,0.5763041387806768
,767,0,-0.00439453125,-0.17524005486968453,0.00439453125,0.17524005486968453,2128,2310,2635,1976,2130,2316,2634,1977,-15,-21,20,0,5000,5000,5000,5000,-48.28,31.28,-208.23000000000002,1.6849509832598812,10.74789883003686,68.08534458086358,0.07781067782351711,0.31365127703484874,0.9463447441767999
,768,0,0.74560546875,0.3247599451303156,-0.74560546875,-0.3247599451303156,2617,2636,2146,1650,2618,2637,2189,1669,0,-1,-181,-57,5000,4900,5100,4900,-39.65,57.410000000000004,-180.94,-27.423011271760885,-13.329851139222505,59.42587636519821,-0.6832362682251942,-0.3392203928879366,0.6466202338549761
,769,0,-0.74560546875,-0.5085733882030179,0.74560546875,0.5085733882030179,1645,2092,3118,2194,1703,2123,3118,2195,-280,-113,21,0,4800,4800,5000,5000,-32.14,20.36,-238.81,33.030000099014416,19.35913548950934,52.016215820240205,0.8152693920733112,0.452616250595077,0.3612123309712288
,770,0,0.00439453125,-0.008573388203017895,-0.00439453125,0.008573388203017895,2134,2418,2629,1868,2135,2421,2629,1870,0,-17,0,-12,5000,5000,5000,4900,-49.36,41.230000000000004,-211.09,3.804335021804974,0.6174223415853248,69.19446919698699,0.14259423337940377,0.022000621840959765,0.9895366881756085
,771,0,-0.37060546875,0.4914266117969821,0.37060546875,-0.4914266117969821,1889,2744,2874,1542,1912,2745,2873,1579,-69,0,19,-136,5000,5000,4900,5000,-40.71,65.06,-224.72,15.674740206702722,-24.16758354236078,60.63495612210299,0.4430387020161352,-0.6034180544258766,0.6630259120945039
,772,0,0.37939453125,-0.34190672153635115,-0.37939453125,0.34190672153635115,2378,2201,2385,2085,2379,2228,2401,2086,0,-84,-54,-13,5000,5000,4900,4900,-45.63,25.82,-198.66,-7.451116865823934,16.889015360743876,65.3950003625126,-0.16047931915399163,0.4295613419827234,0.888663851857311
,773,0,-0.55810546875,0.15809327846364885,0.55810546875,-0.15809327846364885,1767,2527,2996,1759,1808,2527,2995,1766,-170,0,19,-19,5000,4900,5000,4900,-40.45,46.300000000000004,-233.46,25.767865046262983,-6.099719257586756,60.363090052062674,0.7454450017355575,-0.14991930449122418,0.6494889926152273
,774,0,0.19189453125,0.6580932784636488,-0.19189453125,-0.6580932784636488,2256,2853,2507,1433,2256,2854,2509,1484,0,-3,-18,-225,5000,4900,5000,4900,-37.97,76.2,-210.89000000000001,1.0728983420948737,-34.26950444977586,57.8756975004229,0.09269409504361051,-0.8391982294316112,0.535867648270443
,775,0,-0.18310546875,-0.619684499314129,0.18310546875,0.619684499314129,2012,2020,2751,2266,2016,2070,2750,2266,-16,-222,5,0,4900,4800,5000,4800,-38.69,11.93,-212.79,7.679570894903094,29.68954857140569,58.46959514619999,0.24111986988669717,0.7606275502703839,0.60274948205328
,776,0,0.56689453125,-0.11968449931412894,-0.56689453125,0.11968449931412894,2501,2346,2262,1940,2501,2349,2294,1941,0,-13,-128,0,5000,5000,5000,4800,-45.37,37.84,-186.99,-19.970491401538567,5.756684936450036,65.124111900519,-0.5378415441880792,0.15820531141541389,0.8280685676834583
,777,0,-0.65185546875,0.38031550068587117,0.65185546875,-0.38031550068587117,1706,2672,3057,1614,1754,2673,3057,1635,-217,0,21,-66,5100,4800,5000,5000,-36.160000000000004,57.78,-236.61,28.07975810006468,-17.789529724031603,56.10627413328261,0.755713465290968,-0.4111790112325734,0.5097342239831667
,778,0,0.09814453125,-0.4530178326474623,-0.09814453125,0.4530178326474623,2195,2129,2568,2157,2195,2164,2568,2159,0,-133,-1,-11,4900,5000,5000,4900,-43.47,18.84,-209.66,4.037395848952798,23.03857437381899,63.254206223152124,0.14537962540442828,0.6124242771407838,0.7770465039403092
,779,0,-0.27685546875,0.046982167352537685,0.27685546875,-0.046982167352537685,1951,2455,2812,1831,1971,2456,2811,1836,-58,-5,21,-15,5000,5000,5000,5000,-47.0,42.84,-222.13,14.703284681847634,-1.8032520446401676,66.87142554183805,0.4685643389322275,-0.04387678749133049,0.882339100233264
,780,0,0.47314453125,0.5469821673525375,-0.47314453125,-0.5469821673525375,2439,2781,2324,1505,2440,2781,2344,1541,0,-4,-65,-135,4800,4900,5100,4800,-40.01,70.52,-196.44,-12.927414716098724,-27.54044280783679,59.86000183483294,-0.2606283001340614,-0.6942983417215118,0.6708373139979532
,781,0,-0.46435546875,-0.2863511659807956,0.46435546875,0.2863511659807956,1828,2237,2935,2049,1859,2258,2934,2049,-111,-64,20,0,5000,5000,5000,4900,-41.82,29.810000000000002,-229.18,22.704911422576373,10.662830967290112,61.686201936079286,0.6366497565845953,0.2612543417877433,0.725550312754277
,782,0,0.28564453125,0.21364883401920443,-0.28564453125,-0.21364883401920443,2317,2563,2446,1723,2317,2564,2455,1736,0,0,-35,-35,5000,5000,5000,5000,-48.0,53.800000000000004,-204.15,-4.034961716895225,-11.412813616971398,67.83912812402673,-0.0760994782983972,-0.30067411753628415,0.9506860388406304
,783,0,-0.08935546875,0.7136488340192042,0.08935546875,-0.7136488340192042,2073,2889,2690,1397,2074,2890,2688,1451,-7,0,18,-245,4900,5000,4900,4900,-35.71,78.12,-208.84,-1.105866841262042,-36.03911543356917,55.6134067936768,0.047709281383377024,-0.8818506511939291,0.4691089995499186
,784,0,0.66064453125,-0.7122770919067215,-0.66064453125,0.7122770919067215,2562,1960,2201,2326,2563,2017,2230,2326,0,-265,-111,0,4800,5000,4900,4900,-33.410000000000004,12.8,-186.23,-18.857343247259223,30.757778275728448,53.11049325219686,-0.445053844105372,0.7625551552010923,0.46950688080503095
,785,0,-0.69873046875,-0.2122770919067215,0.69873046875,0.2122770919067215,1675,2286,3088,2000,1732,2291,3088,2000,-277,-19,21,11,5000,5000,5100,4800,-35.67,33.730000000000004,-240.0,33.22597364373172,5.945914301760048,55.57725383439907,0.8663332240571523,0.150836978973302,0.47614593421444673
,786,0,0.05126953125,0.2877229080932784,-0.05126953125,-0.2877229080932784,2164,2612,2599,1674,2165,2613,2599,1696,0,0,0,-64,4900,5000,4900,4900,-47.050000000000004,57.550000000000004,-212.09,3.6113200330001973,-15.737169673476394,66.92102132316707,0.1291191400546641,-0.42978871885325437,0.8936497663055823
,787,0,-0.32373046875,-0.5456104252400549,0.32373046875,0.5456104252400549,1920,2068,2843,2218,1938,2109,2842,2220,-51,-171,21,-9,5000,5000,4900,4900,-39.45,15.74,-219.44,14.02999316071103,25.403842591111168,59.25766956933428,0.41237847123059923,0.6345600982382847,0.6536646526999397
,788,0,0.42626953125,-0.045610425240054875,-0.42626953125,0.045610425240054875,2409,2394,2354,1892,2410,2395,2377,1892,0,0,-76,0,5000,5000,5000,5000,-47.85,39.980000000000004,-194.27,-12.874250097547815,3.094178662117784,67.63066724494628,-0.3442582994293362,0.0773061521702375,0.9356869038896787
,789,0,-0.51123046875,0.4543895747599449,0.51123046875,-0.4543895747599449,1798,2720,2965,1566,1833,2721,2964,1596,-137,0,18,-102,4900,5000,4900,5000,-39.02,61.89,-231.28,22.45442852527205,-21.491064979931814,58.95844943019043,0.5874329886919756,-0.5224471446893645,0.6180384007505881
,790,0,0.23876953125,-0.37894375857338825,-0.23876953125,0.37894375857338825,2287,2177,2476,2109,2287,2207,2481,2110,0,-105,-25,-12,5000,5000,4900,4900,-45.28,22.87,-206.34,0.4255442868702346,19.267029620379724,65.0623484925232,0.04510479800714815,0.4995806719333094,0.8650923126622946
,791,0,-0.13623046875,0.12105624142661187,0.13623046875,-0.12105624142661187,2042,2503,2721,1783,2051,2503,2720,1792,-25,0,20,-23,5000,5000,5000,5000,-48.410000000000004,47.68,-215.31,7.542620390828404,-6.126836754839154,68.27056891013729,0.23652774328791937,-0.16197882952412743,0.9580279147504617
,792,0,0.61376953125,0.6210562414266119,-0.61376953125,-0.6210562414266119,2531,2829,2232,1457,2531,2830,2259,1500,0,0,-100,-175,5000,5000,5000,5000,-36.18,73.29,-191.83,-17.7170830595999,-29.973580006766362,56.021666188951,-0.414774506455137,-0.7128486902134313,0.5655164486165656
,793,0,-0.60498046875,-0.656721536351166,0.60498046875,0.656721536351166,1737,1996,3026,2290,1777,2045,3026,2291,-156,-211,20,-12,5000,4800,5100,5000,-31.89,13.19,-230.56,25.328859879627828,27.114283949941896,51.72636813955762,0.663263678948545,0.6335583224574654,0.39835303969283875
,794,0,0.14501953125,-0.15672153635116604,-0.14501953125,0.15672153635116604,2226,2322,2537,1964,2226,2328,2540,1965,0,-18,-20,0,5000,5000,5000,5000,-48.45,32.31,-209.45000000000002,2.825623745380341,9.631588115221085,68.26117415102729,0.11790680986361773,0.27017606350613765,0.9555641678590258
,795,0,-0.22998046875,0.3432784636488342,0.22998046875,-0.3432784636488342,1981,2648,2782,1638,1994,2649,2781,1663,-38,0,20,-77,5000,5000,5000,5000,-45.14,58.96,-219.01,10.414752929358258,-17.655207085729508,65.03501143190186,0.3099738688719273,-0.4563098343491176,0.834084849216703
,796,0,0.52001953125,-0.49005486968449935,-0.52001953125,0.49005486968449935,2470,2105,2293,2181,2471,2140,2318,2182,0,-133,-90,0,4900,5000,4900,5000,-41.26,19.900000000000002,-192.27,-13.377056749654912,23.251771182907362,60.99341259890437,-0.3094999344635885,0.5924462336054354,0.7437857560169919
,797,0,-0.41748046875,0.009945130315500705,0.41748046875,-0.009945130315500705,1859,2430,2904,1856,1890,2431,2903,1856,-110,0,22,0,5000,4900,4900,5000,-44.28,39.730000000000004,-228.5,21.292059566991412,0.8250244599866576,64.16447003276052,0.623789194711388,0.012989245724727223,0.7814846895856769
,798,0,0.33251953125,0.5099451303155005,-0.33251953125,-0.5099451303155005,2348,2756,2415,1530,2348,2756,2426,1565,0,0,-34,-132,5000,4900,4800,5000,-42.15,68.97,-204.71,-4.572219319736519,-26.5962722916968,62.02200366763975,-0.0833290735973677,-0.6792802194074073,0.7291328061575811
,799,0,-0.04248046875,-0.32338820301783266,0.04248046875,0.32338820301783266,2103,2213,2660,2073,2104,2241,2660,2074,0,-96,20,-11,5000,4900,5000,4800,-46.32,25.29,-208.9,2.7981402789075673,16.66816694297757,66.11510726953459,0.11001886232316813,0.4342188315888213,0.8940636757114978
,800,0,0.70751953125,0.17661179698216734,-0.70751953125,-0.17661179698216734,2592,2539,2171,1747,2593,2539,2212,1754,0,0,-175,-20,5000,5000,5100,4900,-42.1,49.86,-181.17000000000002,-26.646953450768706,-5.811508338518621,61.86106748492189,-0.6731356149230897,-0.16924717867834113,0.7198915449090475
,801,0,-0.72216796875,0.6766117969821672,0.72216796875,-0.6766117969821672,1660,2865,3103,1421,1713,2866,3102,1466,-248,0,20,-182,5000,5100,4800,5000,-29.27,69.98,-236.23000000000002,26.82587417950208,-29.944416583419702,49.24019806690893,0.6744592751740291,-0.6878357722534801,0.26830325480728384
,802,0,0.02783203125,-0.6011659807956105,-0.02783203125,0.6011659807956105,2149,2032,2614,2254,2150,2079,2614,2254,0,-200,0,0,5000,5000,5100,4800,-39.32,12.23,-208.55,3.4271855269947764,29.702742501813002,59.087288114429015,0.13003367905647517,0.7765597789581301,0.6164788333880882
,803,0,-0.34716796875,-0.10116598079561046,0.34716796875,0.10116598079561046,1905,2358,2858,1928,1931,2361,2857,1929,-81,-17,20,0,5000,5000,5000,5000,-45.44,35.93,-225.25,18.32618707052515,4.855764934844608,65.30676227165873,0.5673910130831111,0.14675156276296883,0.8102662630883429
,804,0,0.40283203125,0.39883401920438954,-0.40283203125,-0.39883401920438954,2394,2684,2369,1602,2395,2685,2386,1629,-4,0,-54,-85,5000,5000,4900,5000,-44.58,63.01,-199.71,-9.128613973151658,-20.280128792872894,64.42452298381488,-0.20607420637757898,-0.5243469568928498,0.8261922840737855
,805,0,-0.53466796875,-0.43449931412894377,0.53466796875,0.43449931412894377,1782,2141,2981,2145,1816,2171,2980,2146,-133,-105,19,0,5000,4900,5100,4800,-37.97,22.67,-230.91,24.96504644430928,17.647970187383855,57.82684709887597,0.6784774127876746,0.42888427228907133,0.5964282700543442
,806,0,0.21533203125,0.06550068587105629,-0.21533203125,-0.06550068587105629,2271,2467,2492,1819,2271,2467,2499,1825,0,-3,-27,-16,5000,5000,5000,5000,-49.33,45.86,-206.42000000000002,-1.1925677218223711,-3.657674965977698,69.15974195124397,-0.0010210985557088151,-0.09766839877958973,0.9952184891960006
,807,0,-0.15966796875,0.5655006858710561,0.15966796875,-0.5655006858710561,2027,2793,2736,1493,2032,2793,2735,1535,-17,-1,19,-163,5000,5000,5000,5000,-40.59,70.97,-214.81,5.358351051908642,-29.33514126446405,60.496890936129134,0.15691048670782717,-0.7429771404354538,0.6506643281688869
,808,0,0.59033203125,-0.2678326474622771,-0.59033203125,0.2678326474622771,2516,2249,2247,2037,2516,2268,2276,2039,0,-56,-114,-12,5000,5000,5000,4900,-43.84,33.04,-186.24,-20.36199390784941,10.595277418231802,63.58198720296781,-0.4999346093369505,0.26301667577809873,0.8251591450440022
,809,0,-0.62841796875,0.23216735253772303,0.62841796875,-0.23216735253772303,1721,2575,3042,1711,1767,2576,3042,1721,-207,0,20,-26,4800,5000,4900,4900,-37.7,50.68,-236.89000000000001,28.875303991669966,-10.725706582612112,57.63254716295208,0.7929463320115552,-0.24631289796400987,0.5572845510562736
,810,0,0.12158203125,0.7321673525377228,-0.12158203125,-0.7321673525377228,2210,2901,2553,1385,2210,2902,2555,1441,0,0,-19,-256,5100,4700,4700,4700,-35.550000000000004,79.18,-212.29,2.257543112289653,-37.349639211524696,55.46609450035908,0.09596651106287671,-0.8942832754543746,0.43709021036510826
,811,0,-0.25341796875,-0.7431412894375857,0.25341796875,0.7431412894375857,1966,1940,2797,2346,1976,1997,2796,2346,-25,-265,21,0,5000,4800,5100,5000,-33.84,7.11,-214.20000000000002,9.453297027013235,34.38213961315159,53.61403287976826,0.29127692979948056,0.8471831503605638,0.4443404774626541
,812,0,0.49658203125,-0.24314128943758573,-0.49658203125,0.24314128943758573,2455,2265,2308,2021,2456,2272,2334,2021,0,-23,-92,11,4900,5000,5000,4800,-45.480000000000004,30.400000000000002,-191.19,-15.236452662937523,12.86885864524369,65.2316403031334,-0.39825660790889333,0.3568553322847245,0.8450123940374251
,813,0,-0.44091796875,0.25685871056241427,0.44091796875,-0.25685871056241427,1844,2591,2919,1695,1874,2591,2918,1711,-107,0,18,-40,5000,5000,4900,5000,-42.87,52.07,-229.1,20.98943705916605,-11.528917155828601,62.78163013935813,0.5901084995923553,-0.2848619507021155,0.7553976619973383
,814,0,0.30908203125,-0.5764746227709191,-0.30908203125,0.5764746227709191,2332,2048,2431,2238,2332,2090,2438,2239,0,-181,-29,-12,5000,4800,4900,4900,-40.050000000000004,13.75,-203.56,-1.6629462785159888,28.554455778844325,59.80519883616377,-0.009074927336680099,0.7401187293603875,0.6724149850678521
,815,0,-0.06591796875,-0.0764746227709191,0.06591796875,0.0764746227709191,2088,2374,2675,1912,2092,2377,2674,1913,-17,-16,19,-10,5000,5000,5000,5000,-48.99,36.81,-212.03,5.067052417751796,4.955730258893169,68.81826553858198,0.1716831559599597,0.14942515427451017,0.973754084576628
,816,0,0.68408203125,0.4235253772290808,-0.68408203125,-0.4235253772290808,2577,2700,2186,1586,2578,2701,2222,1612,0,0,-149,-83,5000,4900,5000,5000,-40.19,61.77,-185.36,-23.336277798119,-18.00102917970832,59.98828656202815,-0.5725342839175726,-0.4799943641305187,0.6646878245777722
,817,0,-0.67529296875,-0.4098079561042524,0.67529296875,0.4098079561042524,1691,2157,3072,2129,1743,2180,3071,2130,-237,-72,20,0,5000,5000,5100,5000,-34.82,24.47,-236.85,30.76609964693168,15.410040929987538,54.69866002339056,0.7997632900789459,0.3700865787638945,0.4726675407312584
,818,0,0.07470703125,0.09019204389574764,-0.07470703125,-0.09019204389574764,2180,2483,2583,1803,2180,2483,2583,1812,0,0,0,-23,5000,5000,5000,4900,-49.13,47.17,-211.20000000000002,3.4790337906507887,-5.315155863597106,68.97699517921937,0.12905780907186523,-0.1384748320889248,0.9819209758404766
,819,0,-0.30029296875,0.5901920438957475,0.30029296875,-0.5901920438957475,1935,2809,2828,1477,1951,2809,2827,1522,-43,0,18,-178,4900,5000,5000,5000,-38.99,70.76,-220.77,11.322297039747838,-29.566436700087415,58.91462968222805,0.3188979956495969,-0.7345115647006238,0.5989965189312131
,820,0,0.44970703125,-0.6875857338820301,-0.44970703125,0.6875857338820301,2424,1976,2339,2310,2425,2031,2355,2310,0,-252,-53,0,4800,5100,5000,5000,-36.47,10.77,-196.95000000000002,-8.026208321948758,32.003064067432035,56.19896852758778,-0.16619343716031718,0.8099976005287297,0.5623909926221619
,821,0,-0.48779296875,-0.18758573388203015,0.48779296875,0.18758573388203015,1813,2302,2950,1984,1849,2306,2949,1984,-142,-17,19,11,5000,5000,5000,5000,-41.9,32.79,-230.57,23.872362956483784,7.589104588105606,61.7765516006191,0.6923352219014419,0.19647265276926273,0.6943129245725524
,822,0,0.26220703125,0.31241426611796985,-0.26220703125,-0.31241426611796985,2302,2628,2461,1658,2302,2629,2468,1680,-5,0,-29,-68,5000,5000,5000,4900,-46.75,58.75,-206.42000000000002,-2.1305323425441145,-16.518786876171852,66.60621051346281,-0.025830417703436883,-0.43622855711685754,0.8994650829670993
,823,0,-0.11279296875,-0.5209190672153635,0.11279296875,0.5209190672153635,2057,2084,2706,2202,2059,2126,2705,2203,-13,-178,21,0,5000,5000,5000,4900,-41.63,15.92,-210.13,4.725609212621464,25.912057695946416,61.40965859201776,0.16991398298623706,0.6761602734804635,0.7168936622349077
,824,0,0.63720703125,-0.020919067215363518,-0.63720703125,0.020919067215363518,2546,2410,2217,1876,2546,2411,2252,1876,0,-2,-144,0,5000,5000,4900,5000,-43.99,41.38,-183.21,-23.99595009642323,2.5003138070296984,63.739868654822956,-0.6333199802829944,0.06406699194993427,0.7712335723481146
,825,0,-0.58154296875,0.47908093278463637,0.58154296875,-0.47908093278463637,1752,2736,3011,1550,1790,2737,3011,1580,-157,0,20,-102,4900,4900,4900,4800,-36.27,62.9,-232.57,23.674812564633385,-22.599191695712285,56.21447093569638,0.6511292472680759,-0.5376308083670284,0.5357087055916913
,826,0,0.16845703125,-0.3542524005486969,-0.16845703125,0.3542524005486969,2241,2193,2522,2093,2241,2223,2524,2094,0,-103,-20,-12,5000,4900,5000,4800,-45.69,23.76,-209.21,3.2213412438145212,18.169877833860447,65.48291636205047,0.12152856418470805,0.4763241093477806,0.8708307246194561
,827,0,-0.20654296875,0.1457475994513031,0.20654296875,-0.1457475994513031,1996,2519,2767,1767,2008,2519,2766,1777,-34,-1,20,-28,5000,5000,5000,5000,-47.550000000000004,48.45,-218.74,10.909375978266866,-7.1482644504715225,67.42260530416875,0.33375379794541243,-0.18708820758122607,0.9239082232240695
,828,0,0.54345703125,0.6457475994513029,-0.54345703125,-0.6457475994513029,2485,2845,2278,1441,2486,2846,2303,1487,0,0,-91,-195,4900,5000,5000,4900,-37.38,73.55,-195.67000000000002,-13.90997701713485,-30.511774977121426,57.233891314623065,-0.3133853437748691,-0.7665054237593769,0.5605881390598317
,829,0,-0.39404296875,-0.6320301783264747,0.39404296875,0.6320301783264747,1874,2012,2889,2274,1895,2060,2888,2274,-65,-207,21,0,5000,4800,5000,4800,-36.44,12.49,-221.53,16.361419377778702,28.48497215700677,56.24738845413363,0.460658772149773,0.6959726322412922,0.5508317264034372
,830,0,0.35595703125,-0.13203017832647468,-0.35595703125,0.13203017832647468,2363,2338,2400,1948,2363,2343,2417,1949,0,-18,-56,0,5000,5000,5000,5000,-48.17,35.21,-198.42000000000002,-8.386513886891379,7.547692916394048,67.95352091229606,-0.20422184171225605,0.19831231304740984,0.958626969087267
,831,0,-0.01904296875,0.3679698216735252,0.01904296875,-0.3679698216735252,2119,2664,2644,1622,2120,2665,2643,1649,-1,0,20,-86,5000,5000,5000,5000,-45.7,61.940000000000005,-209.53,0.7401405157455656,-19.930654503287805,65.57223921999429,0.038828096713818185,-0.5340034946364088,0.8445902240860268
,832,0,0.73095703125,-0.46536351165980794,-0.73095703125,0.46536351165980794,2608,2121,2155,2165,2609,2153,2195,2166,0,-113,-168,0,4900,4900,4900,4800,-38.12,24.7,-180.92000000000002,-25.039426572150717,19.2899735074757,57.828702611830835,-0.6098042293210386,0.48352800718627736,0.627964543719342
,833,0,-0.73388671875,0.03463648834019195,0.73388671875,-0.03463648834019195,1653,2447,3110,1839,1710,2447,3110,1840,-276,0,21,7,4800,5000,5100,4900,-33.92,40.99,-240.72,33.41660151769929,-1.3512927510540038,53.84435734527243,0.9051242908268581,-0.030474679758775654,0.42405343065323464
,834,0,0.01611328125,0.534636488340192,-0.01611328125,-0.534636488340192,2142,2773,2621,1513,2143,2773,2621,1552,0,0,0,-155,4900,4900,4900,4900,-41.57,69.91,-213.13,3.757798211159667,-28.152565210621923,61.469590520198935,0.11601328896408143,-0.736574030315815,0.6663329607996695
,835,0,-0.35888671875,-0.2986968449931413,0.35888671875,0.2986968449931413,1897,2229,2866,2057,1918,2253,2865,2058,-65,-76,20,-11,5000,5000,5000,4900,-43.77,28.560000000000002,-224.42000000000002,18.04380111638949,12.262979322103007,63.61912096080533,0.524266647335145,0.3065073642642441,0.7944795265730596
,836,0,0.39111328125,0.2013031550068587,-0.39111328125,-0.2013031550068587,2386,2555,2377,1731,2387,2555,2395,1742,0,-1,-60,-29,5000,4900,5000,5000,-47.44,53.01,-198.14000000000001,-9.969189655266916,-10.185449931098695,67.25919954389819,-0.22939190973343324,-0.27786270814699354,0.9328299240322786
,837,0,-0.54638671875,0.7013031550068587,0.54638671875,-0.7013031550068587,1775,2881,2988,1405,1809,2882,2987,1452,-134,0,17,-201,4900,4900,4900,5000,-31.7,73.7,-229.69,20.023655027272667,-33.16923960441296,51.657889339242004,0.5203690428474046,-0.7723445827651209,0.36427998122247685
,838,0,0.20361328125,-0.7246227709190672,-0.20361328125,0.7246227709190672,2264,1952,2499,2334,2264,2014,2501,2334,0,-303,-21,0,5000,4800,5000,4800,-35.38,7.5600000000000005,-207.76,2.993216368492824,34.409148237233644,55.13532457422919,0.12164588073070774,0.868537729528377,0.48046278949252935
,839,0,-0.17138671875,-0.22462277091906724,0.17138671875,0.22462277091906724,2019,2278,2744,2008,2027,2284,2743,2009,-25,-20,20,0,5000,5000,5000,4900,-46.67,29.0,-216.39000000000001,9.994815211093481,12.419656385721034,66.49553855810967,0.32181662643901654,0.367760461784709,0.8724599140907897
,840,0,0.57861328125,0.27537722908093265,-0.57861328125,-0.27537722908093265,2508,2604,2255,1682,2508,2605,2284,1700,0,0,-111,-51,4900,4900,4900,4900,-44.15,55.47,-188.57,-19.6843008107995,-11.944438028786728,63.94511202124001,-0.4933540491296656,-0.31512805017023543,0.810737993560971
,841,0,-0.64013671875,-0.5579561042524006,0.64013671875,0.5579561042524006,1714,2060,3049,2226,1759,2094,3049,2227,-197,-132,21,0,5000,4900,5100,5000,-32.39,17.05,-232.56,27.038909394371814,23.119146511829854,52.24037933371528,0.7253841421589982,0.5456668481091099,0.4196016410584259
,842,0,0.10986328125,-0.05795610425240061,-0.10986328125,0.05795610425240061,2203,2386,2560,1900,2203,2389,2561,1901,0,-17,-20,-11,5000,5000,5000,4900,-49.2,37.79,-210.67000000000002,3.638236572549431,4.078588868682566,69.02613151001074,0.13716285851219495,0.11241783497695465,0.9841486577869513
,843,0,-0.26513671875,0.4420438957475994,0.26513671875,-0.4420438957475994,1958,2712,2805,1574,1972,2713,2804,1606,-36,0,19,-115,5000,5000,5000,5000,-42.9,63.76,-220.11,11.166199373634043,-22.52802593474251,62.80822794308018,0.3291297858004172,-0.5746422682063022,0.749306244261776
,844,0,0.48486328125,-0.39128943758573387,-0.48486328125,0.39128943758573387,2447,2169,2316,2117,2448,2196,2338,2118,0,-91,-74,0,5000,4900,5000,5000,-43.72,24.5,-192.89000000000001,-13.10322049920498,18.624284708447654,63.464724525115216,-0.3030296148784278,0.47054361194883726,0.8287109036091982
,845,0,-0.45263671875,0.10871056241426624,0.45263671875,-0.10871056241426624,1836,2495,2927,1791,1870,2495,2926,1795,-127,0,20,-15,5000,5000,5000,5000,-43.4,44.22,-230.11,22.570939389075676,-3.772945416650785,63.29859509132828,0.6456190631273744,-0.10368285659160112,0.7565883230499513
,846,0,0.29736328125,0.6087105624142661,-0.29736328125,-0.6087105624142661,2325,2821,2438,1465,2325,2822,2445,1510,0,0,-28,-185,5000,5000,5000,4900,-40.04,72.9,-209.15,-0.4263480616246511,-30.846091654225155,59.93361029065329,-0.0190126679619507,-0.7878549318547223,0.6155673194778614
,847,0,-0.07763671875,-0.6690672153635117,0.07763671875,0.6690672153635117,2080,1988,2683,2298,2081,2043,2683,2298,0,-256,0,0,5100,4900,5000,5000,-37.25,9.68,-208.03,3.101596105029728,32.27930615321756,57.010484975331494,0.12422814357718177,0.8291305129975519,0.545077940078099
,848,0,0.67236328125,-0.16906721536351166,-0.67236328125,0.16906721536351166,2569,2314,2194,1972,2570,2318,2232,1972,0,-16,-163,10,5000,4900,5000,4900,-42.660000000000004,36.67,-181.74,-25.112689027842492,7.302406592673897,62.3957336031572,-0.6568670513816754,0.20084476331720852,0.7267647885369775
,849,0,-0.68701171875,0.33093278463648845,0.68701171875,-0.33093278463648845,1683,2640,3080,1646,1735,2641,3080,1663,-241,0,20,-45,4800,5000,5000,5000,-35.18,54.09,-239.4,31.135704982501267,-14.316315010954874,55.12720916680007,0.812855691432941,-0.3330121168101989,0.4778792263351346
,850,0,0.06298828125,-0.502400548696845,-0.06298828125,0.502400548696845,2172,2096,2591,2190,2173,2136,2591,2191,0,-162,0,0,5000,5000,5000,5000,-42.230000000000004,16.66,-209.45000000000002,3.991435460799323,25.225284519417556,62.0091012549438,0.14649587551824939,0.6734739623811075,0.7245493637088036
,851,0,-0.31201171875,-0.0024005486968450285,0.31201171875,0.0024005486968450285,1928,2422,2835,1864,1950,2424,2834,1866,-70,0,21,-11,5000,5000,5000,5000,-46.34,40.11,-223.76,16.531025418598745,0.7983493710472445,66.21079412182097,0.5273759840566392,0.0358201438561428,0.848876603950431
,852,0,0.43798828125,0.49759945130315497,-0.43798828125,-0.49759945130315497,2417,2748,2346,1538,2418,2749,2363,1573,0,0,-55,-128,5000,5000,5000,4800,-42.050000000000004,67.87,-199.63,-9.55754757370164,-25.126904797479533,61.90426936017131,-0.22612471734597123,-0.6323880606472742,0.7409135934479704
,853,0,-0.49951171875,-0.33573388203017834,0.49951171875,0.33573388203017834,1805,2205,2958,2081,1838,2230,2957,2082,-126,-75,21,-9,5000,5000,5100,5000,-40.67,27.41,-230.38,24.081023445905117,12.96574514029799,60.534940883576624,0.660759914832913,0.31584071003441083,0.6809118744998952
,854,0,0.25048828125,0.1642661179698217,-0.25048828125,-0.1642661179698217,2294,2531,2469,1755,2295,2531,2476,1765,-1,0,-29,-27,5000,5000,5000,4900,-48.6,51.13,-205.56,-2.4346672011347152,-8.85205580657206,68.43794103245936,-0.03532181780351908,-0.23505807684551633,0.971339317487325
,855,0,-0.12451171875,0.6642661179698215,0.12451171875,-0.6642661179698215,2050,2857,2713,1429,2053,2858,2712,1481,-13,0,17,-234,4900,4900,5100,5000,-37.800000000000004,76.06,-211.07,1.2631720453641435,-34.14346864407663,57.70595978061395,0.08560972075526184,-0.8378004253102324,0.5392229808364996
,856,0,0.62548828125,-0.6135116598079562,-0.62548828125,0.6135116598079562,2539,2024,2224,2262,2539,2071,2251,2262,0,-197,-101,0,4900,4800,4900,4800,-36.7,16.26,-186.95000000000002,-18.402560665328224,27.26176920892631,56.40976490030488,-0.43658817882144507,0.6836612116513157,0.5848060445966926
,857,0,-0.59326171875,-0.11351165980795619,0.59326171875,0.11351165980795619,1744,2350,3019,1936,1788,2353,3019,1936,-190,-16,21,11,5000,4900,4900,5000,-39.52,37.76,-236.96,29.887475075768123,2.158465569857192,59.42623544190414,0.798331267387338,0.05208589403540329,0.5999618714170591
,858,0,0.15673828125,0.3864883401920438,-0.15673828125,-0.3864883401920438,2233,2676,2530,1610,2233,2677,2532,1638,0,0,-19,-91,5000,5000,5000,5000,-45.15,62.800000000000004,-212.02,3.161935449042687,-20.97219772784991,65.0315942233234,0.11419856606906777,-0.5661896675231094,0.8163258833932927
,859,0,-0.21826171875,-0.44684499314128945,0.21826171875,0.44684499314128945,1989,2133,2774,2153,1995,2168,2773,2155,-19,-131,22,-12,5000,5000,5000,4900,-42.89,19.95,-216.1,10.380285887847919,21.457949891623826,62.696109277478456,0.3145548800483263,0.5457650767455021,0.7766567507224537
,860,0,0.53173828125,0.05315500685871044,-0.53173828125,-0.05315500685871044,2478,2459,2285,1827,2479,2459,2315,1830,0,0,-110,-12,5000,4900,4900,5000,-46.21,44.34,-188.99,-18.455054395812567,-0.870564644972383,65.98353825990797,-0.47392003440636626,-0.033610255547648515,0.8799262194697293
,861,0,-0.40576171875,0.5531550068587103,0.40576171875,-0.5531550068587103,1866,2785,2897,1501,1891,2785,2896,1536,-80,0,20,-131,5000,4900,5000,4900,-38.44,68.44,-225.39000000000001,16.101583009647726,-27.592762517720423,58.37394877838908,0.4342919660236035,-0.6734528023532133,0.5982071641580013
,862,0,0.34423828125,-0.2801783264746228,-0.34423828125,0.2801783264746228,2355,2241,2408,2045,2355,2263,2420,2046,0,-70,-38,-12,5000,4900,5000,4900,-46.81,28.85,-199.69,-6.649538353718526,13.794322609945915,66.58434836334726,-0.14074283535370863,0.3482404152625434,0.9267794060478308
,863,0,-0.03076171875,0.21982167352537718,0.03076171875,-0.21982167352537718,2111,2567,2652,1719,2113,2568,2651,1734,-14,0,18,-42,5000,5000,4900,5000,-48.050000000000004,54.11,-209.75,1.5270506952440996,-12.132560050932305,67.90682596748175,0.06389208668168807,-0.32206195165423007,0.9445601624862906
,864,0,0.71923828125,0.7198216735253771,-0.71923828125,-0.7198216735253771,2600,2893,2163,1393,2601,2894,2201,1441,0,0,-152,-207,4900,4800,4900,5000,-32.62,74.16,-190.1,-19.495944793170565,-30.722440555388282,52.45820455571351,-0.47654392763580616,-0.7830235012909348,0.3997250072981742
,865,0,-0.71044921875,-0.7061042524005487,0.71044921875,0.7061042524005487,1668,1964,3095,2322,1716,2016,3095,2322,-214,-229,20,0,5000,5100,4900,5000,-27.810000000000002,12.4,-234.43,29.25814623754937,27.609072979894716,47.656565621831476,0.7325689184120049,0.6247989705871925,0.2701277959223198
,866,0,0.03955078125,-0.20610425240054875,-0.03955078125,0.20610425240054875,2157,2290,2606,1996,2158,2297,2606,1996,0,-22,0,10,5000,5000,5000,5000,-47.65,29.48,-211.04,4.621211206776991,12.335535722935077,67.46021659708771,0.1714761889811848,0.3428659529885633,0.9236010258189051
,867,0,-0.33544921875,0.29389574759945125,0.33544921875,-0.29389574759945125,1912,2616,2851,1670,1935,2617,2850,1692,-68,0,19,-64,4900,5000,5000,4900,-44.52,55.09,-224.12,15.79660387650108,-14.171805650319364,64.42264322361488,0.4709357185876152,-0.3628406190315004,0.8040934237631874
,868,0,0.41455078125,-0.539437585733882,-0.41455078125,0.539437585733882,2401,2072,2362,2214,2402,2111,2380,2216,0,-156,-55,-1,5000,5000,4900,4800,-40.77,16.14,-198.6,-6.7869402005634925,26.53629126549181,60.51498632820967,-0.1396970476195338,0.6781202354984975,0.7215522719067881
,869,0,-0.52294921875,-0.03943758573388201,0.52294921875,0.03943758573388201,1790,2398,2973,1888,1830,2399,2972,1888,-164,0,20,0,5000,4900,5000,5000,-41.74,37.84,-233.47,26.394610373141973,2.3396719282146066,61.63575132210032,0.7363561794520458,0.04946939555078843,0.6747831917635672
,870,0,0.22705078125,0.46056241426611777,-0.22705078125,-0.46056241426611777,2279,2724,2484,1562,2279,2725,2488,1598,-4,0,-22,-130,5000,5000,5000,5000,-43.86,66.08,-210.13,1.0401881395687838,-24.107675123036536,63.742575271168704,0.046792141319135894,-0.6391268946558455,0.7676765647317534
,871,0,-0.14794921875,-0.3727709190672154,0.14794921875,0.3727709190672154,2035,2181,2728,2105,2037,2212,2727,2106,-14,-106,21,-12,4900,4900,5000,5000,-44.86,22.92,-213.57,7.6335867740075685,18.68597372799119,64.6644822417007,0.23649213145511647,0.47843832098093164,0.8456762056347356
,872,0,0.60205078125,0.12722908093278473,-0.60205078125,-0.12722908093278473,2523,2507,2240,1779,2523,2507,2273,1784,0,-3,-133,-16,5000,5000,4900,4900,-44.59,48.01,-186.02,-21.681539801426226,-4.31653433736718,64.36203130449317,-0.5504303390728934,-0.1226965387907862,0.8258159608513632
,873,0,-0.61669921875,0.6272290809327845,0.61669921875,-0.6272290809327845,1729,2833,3034,1453,1770,2834,3034,1494,-168,0,18,-172,4900,4900,5000,4900,-32.81,70.03,-232.81,23.40120872407229,-29.73542838471186,52.769856754542474,0.6120643685800392,-0.6825152017800532,0.3994373643687472
,874,0,0.13330078125,-0.6505486968449932,-0.13330078125,0.6505486968449932,2218,2000,2545,2286,2218,2052,2546,2286,0,-233,-9,0,4800,5000,5000,5000,-37.75,10.23,-208.44,3.4687063684669113,31.701854884644675,57.51285942422659,0.130280454744662,0.8172572342563303,0.5613533790467623
,875,0,-0.24169921875,-0.15054869684499317,0.24169921875,0.15054869684499317,1973,2326,2790,1960,1988,2330,2789,1961,-43,-18,20,0,5000,5000,5000,5000,-46.68,33.02,-220.21,13.509635166794538,8.130361876501325,66.5254265520745,0.4321918487189733,0.24286309481859963,0.8684628507172938
,876,0,0.50830078125,0.34945130315500683,-0.50830078125,-0.34945130315500683,2462,2652,2301,1634,2463,2653,2326,1656,0,0,-89,-65,5000,5000,4900,4900,-44.06,60.29,-193.44,-15.18070039805147,-17.10880856916304,63.87984147666394,-0.3622716225103012,-0.4315335239984048,0.8261586343973365
,877,0,-0.42919921875,-0.4838820301783265,0.42919921875,0.4838820301783265,1851,2109,2912,2177,1878,2143,2911,2178,-87,-130,21,0,5000,5000,5000,5000,-39.27,19.0,-224.88,19.216733957748033,21.753259870013466,59.10093507799628,0.5369399112621963,0.5352690690428162,0.652060239103552
,878,0,0.32080078125,0.016117969821673572,-0.32080078125,-0.016117969821673572,2340,2435,2423,1851,2340,2435,2437,1854,0,0,-45,-11,5000,5000,5000,4900,-48.99,42.660000000000004,-200.04,-7.319671715422885,0.0008272626741714362,68.79373908984263,-0.16890933829623336,-0.004587218425062131,0.9856209174238587
,879,0,-0.05419921875,0.5161179698216734,0.05419921875,-0.5161179698216734,2096,2760,2667,1526,2098,2760,2666,1564,-1,0,20,-146,4900,5000,5000,5000,-42.18,69.4,-210.13,0.8015350234103664,-27.422539740703876,62.06939947147369,0.05008175059372556,-0.7072199012413146,0.7052175760328816
,880,0,0.69580078125,-0.3172153635116598,-0.69580078125,0.3172153635116598,2585,2217,2178,2069,2586,2239,2215,2069,0,-66,-154,0,4900,5000,5000,4800,-41.11,31.91,-181.34,-25.158011710187623,12.075393022799851,60.834757500746065,-0.6217474753483847,0.30043528263920116,0.7233040286376212
,881,0,-0.66357421875,0.1827846364883401,0.66357421875,-0.1827846364883401,1698,2543,3065,1743,1750,2544,3065,1749,-241,-1,21,-17,5000,4900,4800,5000,-37.800000000000004,46.25,-239.94,32.241705613263036,-6.531102929697312,57.73274854562281,0.8256110334753112,-0.1646400858612217,0.5396851522243676
,882,0,0.08642578125,0.6827846364883401,-0.08642578125,-0.6827846364883401,2187,2869,2576,1417,2187,2870,2576,1471,0,0,-9,-237,4900,4900,5000,5000,-37.85,75.9,-215.13,5.323810786805211,-34.281540680655105,57.76800109123039,0.10254529413217771,-0.8565898353941603,0.5057057608439429
,883,0,-0.28857421875,-0.5949931412894376,0.28857421875,0.5949931412894376,1943,2036,2820,2250,1956,2082,2819,2250,-35,-195,20,0,5100,4800,4900,4900,-38.51,13.42,-217.27,12.03872182605491,27.874599805803907,58.306303573609966,0.36640610242984856,0.7000866876292705,0.6128826950619861
,884,0,0.46142578125,-0.09499314128943759,-0.46142578125,0.09499314128943759,2432,2362,2331,1924,2433,2365,2355,1925,0,-16,-86,0,4900,5000,5000,5000,-47.26,38.14,-192.47,-14.532735910549434,5.059888964557615,67.03141119370086,-0.39609073562996033,0.13992828909256055,0.9074867509003892
,885,0,-0.47607421875,0.4050068587105624,0.47607421875,-0.4050068587105624,1821,2688,2942,1598,1852,2690,2941,1622,-120,0,18,-79,5000,5000,5000,5000,-40.45,59.89,-230.46,21.77920037082859,-19.433072273558828,60.38183727612787,0.5781191136856082,-0.47564300002986126,0.6629796579940901
,886,0,0.27392578125,-0.42832647462277096,-0.27392578125,0.42832647462277096,2310,2145,2453,2141,2310,2178,2459,2143,0,-118,-28,-11,4900,5000,4900,4900,-44.2,20.67,-204.70000000000002,-1.045553804804257,21.578923093819952,63.97284448971456,0.006703210424190938,0.55900199765344,0.8291392124302605
,887,0,-0.10107421875,0.07167352537722904,0.10107421875,-0.07167352537722904,2065,2471,2698,1815,2071,2471,2697,1822,-19,0,22,-16,5000,5000,5000,4900,-48.870000000000005,45.37,-213.69,6.095088637787114,-3.7032107549545614,68.72088972535757,0.19646399037470266,-0.09812029714066715,0.9755892105671712
,888,0,0.64892578125,0.5716735253772289,-0.64892578125,-0.5716735253772289,2554,2797,2209,1489,2554,2797,2241,1527,0,0,-126,-142,5000,4900,4800,4800,-37.83,70.25,-189.16,-20.161677425655427,-26.74221499340414,57.65728183324774,-0.470825945519299,-0.6598545866687782,0.5855893215198124
,889,0,-0.56982421875,-0.2616598079561043,0.56982421875,0.2616598079561043,1760,2253,3003,2033,1800,2269,3002,2034,-164,-46,19,0,4900,5000,5000,4800,-39.62,31.69,-233.58,26.961507573987973,8.460215118273034,59.50348055545216,0.7465237001627246,0.19707044096026438,0.6355042143015905
,890,0,0.18017578125,0.23834019204389578,-0.18017578125,-0.23834019204389578,2248,2579,2515,1707,2248,2580,2519,1724,0,0,-23,-47,5000,5000,5000,5000,-47.76,55.24,-210.11,1.8040373756122392,-13.286574318225597,67.62024360622729,0.08009357560394786,-0.35303819594650576,0.9321743674601931
,891,0,-0.19482421875,0.7383401920438957,0.19482421875,-0.7383401920438957,2004,2905,2759,1381,2010,2906,2758,1436,-17,0,19,-252,4900,5000,5000,5000,-35.06,77.04,-217.45000000000002,7.561997038212894,-35.59494642690472,54.98742783203936,0.15743298086719973,-0.8855408433514086,0.43707238678706833
,892,0,0.55517578125,-0.7369684499314129,-0.55517578125,0.7369684499314129,2493,1944,2270,2342,2494,2002,2291,2342,0,-272,-72,0,5000,4900,5100,4800,-33.83,10.040000000000001,-191.73000000000002,-13.170960800620747,33.107930478458684,53.54158407158914,-0.3024074837243292,0.8268388516553471,0.47422276113740747
,893,0,-0.38232421875,-0.23696844993141286,0.38232421875,0.23696844993141286,1882,2270,2881,2016,1911,2276,2880,2017,-100,-19,21,11,5000,5000,5000,5000,-43.96,29.71,-224.9,18.437610912307605,11.081307945355789,63.81294201749235,0.5500237113500331,0.29870466384123023,0.7799034816900314
,894,0,0.36767578125,0.2630315500685869,-0.36767578125,-0.2630315500685869,2371,2595,2392,1691,2372,2596,2407,1709,0,0,-51,-50,5000,5000,5000,5000,-46.97,56.0,-199.89000000000001,-8.441854240694,-13.296799710610436,66.80067028537304,-0.19424995053497082,-0.3442407283224574,0.918566969622349
,895,0,-0.00732421875,-0.5703017832647462,0.00732421875,0.5703017832647462,2126,2052,2637,2234,2127,2096,2636,2235,0,-190,19,0,5000,5000,4800,5000,-40.31,13.540000000000001,-206.87,1.6527763706564258,28.521729534092863,60.07485103190794,0.08422446650524254,0.7526272204308903,0.653037905720931
,896,0,0.74267578125,-0.07030178326474623,-0.74267578125,0.07030178326474623,2615,2378,2148,1908,2616,2379,2196,1907,0,0,-216,11,4900,5000,5100,4700,-40.99,41.32,-178.38,-28.79985599698037,2.90756697717125,60.72504976241791,-0.7411087393389688,0.08739535291669237,0.6656725086436804
,897,0,-0.73974609375,0.42969821673525366,0.73974609375,-0.42969821673525366,1649,2704,3114,1582,1705,2705,3114,1606,-267,0,19,-75,5000,5100,5000,5000,-32.6,59.32,-240.17000000000002,31.527485255057314,-19.594544903949505,52.56030491951431,0.8072623477024514,-0.4422732679332652,0.3907964411986859
,898,0,0.01025390625,-0.4036351165980796,-0.01025390625,0.4036351165980796,2138,2161,2625,2125,2139,2193,2625,2127,-1,-116,0,-12,5000,5000,5000,5000,-44.660000000000004,21.31,-209.6,3.792958955302538,20.582333808044865,64.44908399433552,0.14197432717034844,0.5439089164224479,0.8270467828730642
,899,0,-0.36474609375,0.0963648834019204,0.36474609375,-0.0963648834019204,1893,2487,2870,1799,1921,2487,2869,1807,-90,0,22,-21,4900,5000,5000,4900,-45.45,44.57,-226.16,18.600003406875345,-3.8276614752041667,65.3372646521456,0.5663280888469601,-0.09407487455489588,0.8187932668020852
,900,0,0.38525390625,0.5963648834019204,-0.38525390625,-0.5963648834019204,2382,2813,2381,1473,2383,2813,2395,1516,-2,0,-42,-170,5000,5000,4900,4700,-39.910000000000004,73.12,-202.21,-7.363387516209457,-30.556824644224015,59.78291788056299,-0.13202651365486492,-0.7654142067216747,0.6298492612052276
,901,0,-0.55224609375,-0.6814128943758573,0.55224609375,0.6814128943758573,1771,1980,2992,2306,1805,2034,2991,2306,-125,-244,21,0,4900,4700,5100,5000,-32.480000000000004,11.84,-228.15,23.022672624698174,28.638730112137704,52.30625109651227,0.618363024618382,0.6714689077601543,0.4083585136815344
,902,0,0.19775390625,-0.18141289437585728,-0.19775390625,0.18141289437585728,2260,2306,2503,1980,2261,2312,2510,1980,0,-20,-28,11,5000,5000,5000,4900,-48.28,31.36,-207.1,0.5521316183497333,10.750986959309095,68.08206587041371,0.05081417706457173,0.30719467910884046,0.9502890868238292
,903,0,-0.17724609375,0.3185871056241427,0.17724609375,-0.3185871056241427,2015,2632,2748,1654,2023,2634,2747,1677,-25,0,20,-71,4900,5000,5000,4900,-45.95,58.13,-216.67000000000002,8.139602114751455,-16.653993570289508,65.83617325531466,0.25286672227332935,-0.43695573958943035,0.8632080296235645
,904,0,0.57275390625,-0.5147462277091908,-0.57275390625,0.5147462277091908,2504,2088,2259,2198,2504,2124,2286,2200,0,-137,-103,-10,5000,5000,5000,5000,-39.96,19.36,-189.69,-15.90673631798191,23.976577925444914,59.68445252787048,-0.3726853541783096,0.6097827904798214,0.6994787882528175
,905,0,-0.64599609375,-0.014746227709190651,0.64599609375,0.014746227709190651,1710,2414,3053,1872,1760,2415,3053,1871,-230,0,20,14,5100,4900,5100,4800,-37.43,39.87,-236.87,29.648996193645246,0.056009190341690385,57.34030519498408,0.8422057484291516,-0.0005216022694127351,0.5391560119705292
,906,0,0.10400390625,0.485253772290809,-0.10400390625,-0.485253772290809,2199,2740,2564,1546,2199,2741,2564,1584,0,0,-11,-138,5000,4900,4900,5000,-42.980000000000004,67.49,-212.71,3.5123536615646174,-25.705085399316765,62.873335349691715,0.117788883779403,-0.6795231844690315,0.7241367416635268
,907,0,-0.27099609375,-0.34807956104252397,0.27099609375,0.34807956104252397,1954,2197,2809,2089,1967,2226,2808,2089,-34,-95,21,0,5000,5000,4900,4800,-44.26,25.28,-219.82,13.695365972011103,15.872607503663481,64.08837162518381,0.40550380401173186,0.40287337555490316,0.8205240448646298
,908,0,0.47900390625,0.15192043895747598,-0.47900390625,-0.15192043895747598,2443,2523,2320,1763,2444,2523,2344,1771,0,0,-82,-21,5000,5000,5000,5000,-46.77,49.94,-192.66,-15.20730321118046,-6.723351029237385,66.56620779136027,-0.37124547178916023,-0.1852655449180679,0.9098645380177507
,909,0,-0.45849609375,0.6519204389574758,0.45849609375,-0.6519204389574758,1832,2849,2931,1437,1861,2850,2930,1483,-103,0,18,-193,5000,4900,4900,4900,-35.09,72.3,-226.87,17.304154374802437,-31.55850343862894,55.036401616184236,0.45547143424161235,-0.7501025463537293,0.4794704814100035
,910,0,0.29150390625,-0.6258573388203018,-0.29150390625,0.6258573388203018,2321,2016,2442,2270,2321,2067,2447,2270,0,-225,-27,0,5000,5000,5000,4900,-38.86,11.96,-204.20000000000002,-0.8899485002171161,30.28999294548511,58.61348361097215,0.014488652472335176,0.7839973576954531,0.6205950548272875
,911,0,-0.08349609375,-0.1258573388203017,0.08349609375,0.1258573388203017,2077,2342,2686,1944,2082,2346,2685,1945,-20,-17,21,0,5000,5000,5000,4900,-48.5,34.160000000000004,-212.56,5.791401888791057,7.5586055490623565,68.32444566491164,0.19750722356331665,0.23156342333735652,0.9525593302322931
,912,0,0.66650390625,0.3741426611796981,-0.66650390625,-0.3741426611796981,2565,2668,2198,1618,2566,2669,2232,1641,0,0,-140,-66,5000,5000,4900,4800,-40.5,61.13,-184.97,-23.679180319274025,-17.3334485744928,60.29578289782033,-0.5691934188248295,-0.42226716097558764,0.7054851498990741
,913,0,-0.69287109375,-0.4591906721536352,0.69287109375,0.4591906721536352,1679,2125,3084,2161,1731,2153,3084,2163,-240,-93,21,-12,5000,5000,5000,4900,-33.96,22.490000000000002,-236.04,30.105991332804678,17.44215586312464,53.83213482921465,0.7985157269357737,0.4025793160173315,0.447551704444583
,914,0,0.05712890625,0.04080932784636482,-0.05712890625,-0.04080932784636482,2168,2451,2595,1835,2169,2451,2595,1841,0,-1,0,-15,5000,5000,5000,5000,-49.34,44.44,-211.16,3.6387667967782136,-2.5891042741372488,69.18126974532315,0.13617335575966083,-0.0666739281992282,0.988438872404175
,915,0,-0.31787109375,0.5408093278463646,0.31787109375,-0.5408093278463646,1924,2777,2839,1509,1944,2777,2838,1547,-62,0,18,-147,5000,4900,5100,5000,-40.050000000000004,68.47,-221.66,12.374794695367626,-27.3454743955404,59.97263494057795,0.3521624384433099,-0.6825524529508857,0.6403934461878815
,916,0,0.43212890625,-0.29252400548696844,-0.43212890625,0.29252400548696844,2413,2233,2350,2053,2414,2255,2369,2054,0,-68,-61,-11,5000,5000,5000,5000,-45.9,29.1,-194.95000000000002,-11.392460052353783,13.890555211856856,65.66042572213536,-0.263683683887804,0.3475822925460793,0.8998096825216807
,917,0,-0.50537109375,0.20747599451303156,0.50537109375,-0.20747599451303156,1802,2559,2961,1727,1840,2559,2960,1737,-150,0,22,-26,4900,4900,5100,5000,-41.78,49.2,-231.8,23.895801584604385,-8.867141388317556,61.69397439935369,0.675755450200643,-0.22995472254011676,0.7003394870386963
,918,0,0.24462890625,0.7074759945130316,-0.24462890625,-0.7074759945130316,2290,2885,2473,1401,2290,2886,2475,1454,0,0,-19,-238,4900,5000,4900,4700,-35.92,76.84,-211.21,1.3510149589035336,-34.93590115923728,55.82799962889159,0.06122248990420309,-0.878037811721421,0.47465925453675606
,919,0,-0.13037109375,-0.7184499314128944,0.13037109375,0.7184499314128944,2046,1956,2717,2330,2047,2016,2717,2331,-13,-286,0,-12,4800,4900,5000,5000,-35.64,7.88,-209.68,4.883815805780955,33.949791092836946,55.40182932393836,0.16227618315097056,0.8579364492517908,0.48745408955837277
,920,0,0.61962890625,-0.21844993141289437,-0.61962890625,0.21844993141289437,2535,2282,2228,2004,2535,2287,2262,2005,0,-18,-136,9,5000,4900,5100,4900,-43.59,33.43,-184.62,-22.005506375522117,10.324569504345916,63.327853391828924,-0.5802094922279483,0.28305074582541023,0.7637010019741135
,921,0,-0.59912109375,0.2815500685871055,0.59912109375,-0.2815500685871055,1740,2608,3023,1678,1783,2609,3023,1693,-183,0,19,-37,5000,5000,4900,5000,-38.480000000000004,52.74,-234.1,25.939486928127366,-12.573768921608682,58.408268608185324,0.7451097925761939,-0.3038504052211455,0.593705590553102
,922,0,0.15087890625,-0.5517832647462277,-0.15087890625,0.5517832647462277,2229,2064,2534,2222,2229,2106,2535,2223,0,-175,-10,0,5000,5000,4900,4800,-40.69,14.26,-208.95000000000002,3.673259666631253,27.65198882199696,60.462663285981535,0.1389642805749674,0.7329137926237017,0.6659777033101207
,923,0,-0.22412109375,-0.05178326474622774,0.22412109375,0.05178326474622774,1985,2390,2778,1896,1999,2392,2777,1897,-42,-16,23,-10,5000,5000,5000,4900,-47.58,38.15,-219.76,12.68199040253623,3.0492349877532376,67.43457653125117,0.4209429267179809,0.0971874764170703,0.9018656479064839
,924,0,0.52587890625,0.44821673525377226,-0.52587890625,-0.44821673525377226,2474,2716,2289,1570,2475,2718,2314,1599,0,-4,-86,-101,5000,4900,5000,4900,-41.83,65.35,-193.09,-15.894441068225206,-22.134563087121528,61.65917360844054,-0.36037503258679693,-0.5519322746650521,0.7519977394055958
,925,0,-0.41162109375,-0.3851165980795611,0.41162109375,0.3851165980795611,1863,2173,2900,2113,1889,2199,2899,2115,-87,-84,21,-12,5000,4900,5000,5000,-41.57,23.93,-225.78,19.746073168633757,16.775764926251476,61.41377836811402,0.5456562837112725,0.41884242129006377,0.725830728320509
,926,0,0.33837890625,0.114883401920439,-0.33837890625,-0.114883401920439,2352,2499,2411,1787,2352,2499,2425,1794,0,0,-51,-19,5000,5000,5000,4900,-48.550000000000004,48.2,-199.84,-7.924192245628603,-5.510570901560122,68.36450115601725,-0.18115777905857383,-0.14700301476523014,0.9724052512900669
,927,0,-0.03662109375,0.614883401920439,0.03662109375,-0.614883401920439,2107,2825,2656,1461,2108,2826,2655,1508,0,0,19,-199,5100,5000,4800,5000,-39.300000000000004,74.32000000000001,-209.43,-0.24911596306137085,-32.28447865400036,59.19738232180357,0.027982155223481103,-0.8038343656906601,0.5941946747689205
,928,0,0.71337890625,-0.6628943758573388,-0.71337890625,0.6628943758573388,2596,1992,2167,2294,2597,2043,2203,2294,0,-222,-145,0,5100,4900,5000,4900,-34.02,15.49,-183.62,-21.659362187596514,28.26782725905734,53.71805706988985,-0.5193039013538541,0.7041441129110659,0.4842566739770911
,929,0,-0.71630859375,-0.1628943758573388,0.71630859375,0.1628943758573388,1664,2318,3099,1968,1724,2322,3099,1969,-293,-16,20,0,5000,5100,5000,4700,-36.13,35.79,-240.0,33.07355461187041,3.892511182178602,56.04147799062066,0.8720065685297539,0.08345657178395985,0.4823272178376758
,930,0,0.03369140625,0.3371056241426613,-0.03369140625,-0.3371056241426613,2153,2644,2610,1642,2154,2645,2610,1666,0,0,0,-78,5000,5000,4900,5000,-46.09,60.26,-212.35,3.6746265282983757,-18.461112139074594,65.9673810703653,0.13066090673667297,-0.5025555718107669,0.8546143134143632
,931,0,-0.34130859375,-0.49622770919067216,0.34130859375,0.49622770919067216,1909,2101,2854,2185,1929,2139,2853,2187,-56,-151,19,-12,5000,4900,4900,5000,-40.52,18.27,-220.85,15.24753674895689,22.77968377699304,60.33715005966634,0.44702663418861793,0.5688394556025542,0.6903541569917468
,932,0,0.40869140625,0.0037722908093278384,-0.40869140625,-0.0037722908093278384,2397,2426,2366,1860,2398,2427,2388,1861,0,-3,-71,-12,5000,5000,5000,5000,-48.21,42.18,-195.47,-11.839885664319354,0.8129197239630415,67.99883551674739,-0.30636069995616816,0.01534715992422266,0.9517917767057178
,933,0,-0.52880859375,0.5037722908093276,0.52880859375,-0.5037722908093276,1786,2752,2977,1534,1820,2752,2976,1565,-132,0,18,-110,5000,4900,5000,4900,-37.5,64.46000000000001,-231.51,22.499701561690074,-24.074455857038025,57.44443426241371,0.596329608638012,-0.5786187249597413,0.5564093537923308
,934,0,0.22119140625,-0.3295610425240054,-0.22119140625,0.3295610425240054,2275,2209,2488,2077,2275,2237,2492,2077,0,-95,-25,0,5000,5000,5000,4900,-46.31,25.38,-207.12,1.016369751138086,16.708929344071556,66.099868731904,0.06196808775924666,0.433465734921361,0.8990369362537598
,935,0,-0.15380859375,0.17043895747599458,0.15380859375,-0.17043895747599458,2031,2535,2732,1751,2039,2535,2731,1763,-27,0,19,-32,5000,5000,4900,5000,-47.910000000000004,50.35,-216.01,8.046345242962104,-8.842111774527773,67.77818405984449,0.24823003471643246,-0.22981308805020617,0.9410461170556451
,936,0,0.59619140625,0.6704389574759944,-0.59619140625,-0.6704389574759944,2520,2861,2243,1425,2520,2862,2271,1472,0,-3,-108,-198,5000,5000,5100,4900,-36.03,72.83,-196.03,-13.494240885010782,-29.823182074289072,55.883519779594494,-0.35949807103063997,-0.7790293012483761,0.5136871467359451
,937,0,-0.62255859375,-0.6073388203017833,0.62255859375,0.6073388203017833,1725,2028,3038,2258,1765,2072,3038,2259,-161,-178,21,0,5000,4900,4900,4900,-32.15,15.65,-232.38,26.96277096595827,24.528028973257555,51.99695963525161,0.7062946872096111,0.5782525225993952,0.40837707443845883
,938,0,0.12744140625,-0.10733882030178321,-0.12744140625,0.10733882030178321,2214,2354,2549,1932,2214,2358,2552,1933,0,-18,-22,0,5000,5000,5000,4900,-48.82,35.06,-210.53,3.699943303325682,6.810635007465471,68.64010537755557,0.14091660115172014,0.18042456056531384,0.9734420832615879
,939,0,-0.24755859375,0.3926611796982167,0.24755859375,-0.3926611796982167,1970,2680,2793,1606,1983,2681,2792,1634,-34,0,18,-91,4900,5000,5000,4900,-44.04,61.43,-219.6,10.825176344290043,-20.1643159664357,63.941885069015555,0.3205805211552293,-0.5175918878887632,0.7933011830620118
,940,0,0.50244140625,-0.44067215363511664,-0.50244140625,0.44067215363511664,2459,2137,2304,2149,2460,2168,2327,2150,0,-109,-79,0,5000,5000,5000,4900,-42.58,22.3,-192.52,-13.307571190165703,20.842902102474284,62.319090354000195,-0.30792714868864707,0.5284372409883727,0.7911605105394711
,941,0,-0.43505859375,0.0593278463648832,0.43505859375,-0.0593278463648832,1847,2463,2916,1823,1880,2463,2915,1825,-121,0,20,-11,5000,4900,5000,4800,-44.0,41.88,-228.97,21.60390882901291,-1.3542849553099572,63.89031586048483,0.6323951763926408,-0.04347562653973707,0.773424987165723
,942,0,0.31494140625,0.5593278463648832,-0.31494140625,-0.5593278463648832,2336,2789,2427,1497,2336,2789,2436,1536,0,0,-29,-153,5000,5000,5000,4800,-40.94,71.75,-206.20000000000002,-3.2866429294034845,-29.4807999136923,60.82225630149834,-0.05093200072754314,-0.7410696150515291,0.6694936571389365
,943,0,-0.06005859375,-0.2740054869684499,0.06005859375,0.2740054869684499,2092,2245,2671,2041,2093,2268,2671,2042,0,-72,2,-3,5000,5000,5000,5000,-47.13,27.87,-209.9,3.603873517883386,14.023621482893027,66.93344293242347,0.1300522671215555,0.359498950974099,0.9240383715328416
,944,0,0.68994140625,0.22599451303154994,-0.68994140625,-0.22599451303154994,2581,2571,2182,1715,2582,2572,2221,1726,0,0,-165,-28,5000,5000,5000,5000,-41.51,53.54,-182.44,-25.64858463092321,-9.57606816525405,61.28249250232244,-0.636082490065562,-0.23338173028217005,0.7354808181064239
,945,0,-0.66943359375,0.7259945130315499,0.66943359375,-0.7259945130315499,1695,2897,3068,1389,1743,2898,3067,1436,-214,0,19,-200,4800,5000,4900,5000,-28.8,73.05,-233.8,24.17861774674236,-32.82899584595777,48.76909737984974,0.6101191142568645,-0.7508290735543378,0.25300270497359273
,946,0,0.08056640625,-0.6999314128943759,-0.08056640625,0.6999314128943759,2184,1968,2579,2318,2184,2026,2579,2318,0,-270,0,0,5100,4800,5100,4900,-36.35,8.46,-208.07,3.2335682685838663,33.49104113365122,56.10810939651729,0.12355056574299202,0.853394225835184,0.5064124337096731
,947,0,-0.29443359375,-0.19993141289437588,0.29443359375,0.19993141289437588,1939,2294,2824,1992,1959,2299,2823,1992,-61,-17,22,0,5000,5000,5000,4900,-45.52,30.85,-222.01,15.467288213812225,10.159870216367615,65.36646561834313,0.47967495326436405,0.29833771144710286,0.825170618199252
,948,0,0.45556640625,0.3000685871056241,-0.45556640625,-0.3000685871056241,2428,2620,2335,1666,2429,2621,2356,1686,0,0,-68,-58,5000,5000,5000,5000,-45.64,57.63,-195.55,-12.885857937113286,-14.607136146348829,65.46080104869799,-0.3076363003588562,-0.37926970012051286,0.8726479251519548
,949,0,-0.48193359375,-0.5332647462277093,0.48193359375,0.5332647462277093,1817,2076,2946,2210,1847,2112,2945,2212,-108,-142,21,-11,5000,5000,4900,4700,-37.21,17.14,-226.62,21.094411211958345,23.47596111758159,57.04243355002784,0.5821229777231633,0.5724334899228258,0.577453667770404
,950,0,0.26806640625,-0.03326474622770914,-0.26806640625,0.03326474622770914,2306,2402,2457,1884,2306,2404,2467,1885,0,-16,-37,-7,5000,5000,5000,5000,-49.27,39.83,-202.82,-4.340413466132929,2.619953668941335,69.07639993260601,-0.0943056711911531,0.06726038170065012,0.9932685847416441
,951,0,-0.10693359375,0.46673525377229064,0.10693359375,-0.46673525377229064,2061,2728,2702,1558,2065,2729,2701,1595,-16,0,19,-136,5000,5000,4800,4900,-43.53,66.29,-212.56,3.4491837379993626,-24.49607069802564,63.42041213846882,0.1116789064794551,-0.6381395562868722,0.7617780047688086
,952,0,0.64306640625,-0.3665980795610425,-0.64306640625,0.3665980795610425,2550,2185,2213,2101,2550,2210,2245,2102,0,-74,-127,-11,4900,5000,4900,5000,-41.61,28.41,-184.12,-22.13024775038548,15.36321285985099,61.33604197369169,-0.5392033036184956,0.38534674587670326,0.7488442313386247
,953,0,-0.57568359375,0.1334019204389575,0.57568359375,-0.1334019204389575,1756,2511,3007,1775,1800,2511,3006,1779,-189,0,20,-15,4800,5000,5000,5000,-39.94,45.59,-233.95000000000002,26.310091057068604,-5.428726604180554,59.85312945330948,0.7616155287712076,-0.1341940287313985,0.6339824516399416
,954,0,0.17431640625,0.6334019204389574,-0.17431640625,-0.6334019204389574,2245,2837,2518,1449,2245,2838,2520,1498,0,0,-18,-214,5000,5000,4800,4700,-38.89,74.68,-212.12,2.4084075836150873,-32.841719514315194,58.79631970517664,0.09374679256141653,-0.8210846439438393,0.5630555446526265
,955,0,-0.20068359375,-0.6443758573388203,0.20068359375,0.6443758573388203,2000,2004,2763,2282,2006,2054,2762,2283,-18,-221,16,-10,4900,5000,4900,4800,-37.69,10.81,-212.92000000000002,7.894254596802853,30.794725635646294,57.46769966022596,0.25419098155896236,0.7816783356273921,0.5695313200385748
,956,0,0.54931640625,-0.1443758573388203,-0.54931640625,0.1443758573388203,2489,2330,2274,1956,2490,2334,2305,1956,0,-16,-119,0,4900,5000,5000,4800,-45.54,36.4,-188.02,-18.83814417987648,7.117650708249954,65.29429397238083,-0.5073986459663953,0.19624386863118154,0.8390679103005524
,957,0,-0.38818359375,0.3556241426611797,0.38818359375,-0.3556241426611797,1878,2656,2885,1630,1902,2657,2884,1652,-77,0,20,-66,4900,4900,5000,5000,-42.67,58.21,-226.31,17.757203089201482,-17.448206551275398,62.58573063359516,0.495356609156368,-0.43489564046167645,0.7519891034267282
,958,0,0.36181640625,-0.47770919067215367,-0.36181640625,0.47770919067215367,2367,2113,2396,2173,2367,2150,2409,2174,0,-140,-40,0,5000,5000,5000,5000,-42.82,18.93,-200.39000000000001,-5.212321679474513,23.627189248909737,62.57615152541287,-0.10340718725294883,0.607260133640537,0.7877449356963906
,959,0,-0.01318359375,0.02229080932784644,0.01318359375,-0.02229080932784644,2122,2439,2641,1847,2124,2440,2640,1852,-15,-7,20,-14,5000,5000,5000,5000,-49.44,43.13,-209.45000000000002,2.0291726242628556,-1.1569995338821784,69.27337084598696,0.07887275281057046,-0.027001800863545186,0.9965189369069752
,960,0,0.73681640625,0.522290809327846,-0.73681640625,-0.522290809327846,2611,2764,2152,1522,2612,2764,2193,1554,0,0,-169,-114,5100,4800,5000,5000,-36.96,66.44,-184.48,-24.547096169237193,-22.601235533916643,56.76521033412662,-0.5894948240432231,-0.5750485688697807,0.5672874014704242
,961,0,-0.72802734375,-0.31104252400548693,0.72802734375,0.31104252400548693,1656,2221,3107,2065,1710,2239,3107,2065,-257,-54,20,0,5000,5000,4900,4900,-33.96,30.990000000000002,-239.65,33.082821461070125,8.700315469444206,53.86057632826713,0.8739841419835591,0.2055563927896436,0.4403388342453711
,962,0,0.02197265625,0.18895747599451296,-0.02197265625,-0.18895747599451296,2145,2547,2618,1739,2147,2547,2618,1751,-4,0,0,-32,5000,5000,5000,5000,-48.24,52.64,-211.78,3.6588429557406528,-10.814968231206002,68.09999313518188,0.13102880462363617,-0.29224407783254597,0.9473251032938509
,963,0,-0.35302734375,0.688957475994513,0.35302734375,-0.688957475994513,1901,2873,2862,1413,1921,2874,2861,1465,-54,0,18,-225,5000,5000,5000,4700,-35.61,74.68,-222.81,13.079043726715014,-33.63315354555164,55.54891205048183,0.34171715629311755,-0.812932257983734,0.47156179767281164
,964,0,0.39697265625,-0.5888203017832647,-0.39697265625,0.5888203017832647,2390,2040,2373,2246,2391,2085,2386,2246,0,-188,-41,-3,5000,5000,5000,4800,-39.63,14.31,-198.85,-6.4001009869015775,28.340436123271488,59.37200043375579,-0.13185200385497484,0.72565210247767,0.6753103547622865
,965,0,-0.54052734375,-0.08882030178326472,0.54052734375,0.08882030178326472,1779,2366,2984,1920,1819,2367,2983,1921,-166,-14,21,0,5000,5000,5000,5000,-41.160000000000004,37.93,-232.31,25.23281357466962,2.3336705674180536,61.05240564179746,0.7477892003844429,0.04138685655375795,0.6626450331006752
,966,0,0.20947265625,0.4111796982167353,-0.20947265625,-0.4111796982167353,2268,2692,2495,1594,2268,2693,2499,1623,0,0,-20,-101,4900,5000,5000,4900,-44.74,64.01,-210.03,1.089740341695915,-22.03392331067935,64.6180168740239,0.06165246430090615,-0.5868541605583015,0.807342038965541
,967,0,-0.16552734375,-0.4221536351165981,0.16552734375,0.4221536351165981,2023,2149,2740,2137,2026,2182,2739,2139,-16,-121,16,-12,5000,5000,4900,5000,-43.77,20.76,-213.8,8.024539354396751,20.820809348354487,63.570757891640284,0.2511040954341394,0.5342012412038136,0.8072024325734577
,968,0,0.58447265625,0.0778463648834018,-0.58447265625,-0.0778463648834018,2512,2475,2251,1811,2512,2475,2283,1815,0,0,-130,-12,4900,5000,5000,5000,-45.15,45.45,-186.47,-21.04660805740994,-1.7951658762955276,64.91814528917035,-0.5421443917767486,-0.05871007614973695,0.8382318208130201
,969,0,-0.63427734375,0.5778463648834018,0.63427734375,-0.5778463648834018,1718,2801,3045,1485,1762,2801,3045,1522,-185,0,19,-133,5100,5000,4900,4900,-33.68,66.04,-236.33,27.201846913437407,-26.012359912261225,53.642387844523626,0.6665312101127381,-0.6109057514343562,0.4272356595721788
,970,0,0.11572265625,-0.25548696844993135,-0.11572265625,0.25548696844993135,2206,2257,2557,2029,2206,2279,2558,2030,0,-67,0,-9,5000,5000,4900,5000,-47.39,28.8,-210.05,3.6845072183170657,13.085717702295106,67.19580662025868,0.1332034875807373,0.3398796089837108,0.9309880140439021
,971,0,-0.25927734375,0.24451303155006854,0.25927734375,-0.24451303155006854,1962,2583,2801,1703,1979,2584,2800,1720,-50,0,21,-46,4900,5000,5000,4900,-46.11,53.56,-220.84,12.633077486190444,-12.401770190393016,65.99949935161499,0.3762417085979821,-0.32059198325316834,0.869288765017167
,972,0,0.49072265625,0.7445130315500685,-0.49072265625,-0.7445130315500685,2451,2909,2312,1377,2452,2910,2332,1428,0,0,-65,-224,5000,4900,4900,4900,-34.45,76.89,-202.41,-7.4246683906721955,-34.34372459168562,54.33130037358946,-0.2011550173417894,-0.8719597908118956,0.44634379373471744
,973,0,-0.44677734375,-0.7472565157750343,0.44677734375,0.7472565157750343,1840,1937,2923,2349,1865,1995,2922,2349,-79,-272,19,0,5000,5100,5100,4900,-31.86,8.35,-222.48000000000002,17.62573206028449,32.53374472665128,51.66181824748003,0.4945173424682379,0.7751392850013489,0.39320692624335823
,974,0,0.30322265625,-0.24725651577503427,-0.30322265625,0.24725651577503427,2329,2263,2434,2023,2329,2271,2446,2024,0,-24,-42,0,5000,5000,5000,5000,-47.18,28.5,-201.76,-4.560520148613051,13.992408423269346,66.95993450432947,-0.09709390708884488,0.3997070862136982,0.9114861592129513
,975,0,-0.07177734375,0.2527434842249656,0.07177734375,-0.2527434842249656,2084,2589,2679,1697,2087,2590,2678,1717,-13,-10,20,-55,5000,5000,5000,5000,-47.61,55.22,-211.83,3.5212977060966466,-13.39311092657561,67.47544406055869,0.11985664620374566,-0.361066541353676,0.9248055671738167
,976,0,0.67822265625,-0.5805898491083676,-0.67822265625,0.5805898491083676,2573,2046,2190,2240,2574,2086,2224,2240,0,-157,-138,-3,5000,5000,5000,4800,-36.62,17.91,-184.67000000000002,-20.797198312106616,25.78324689674579,56.32620466445118,-0.49264105877735354,0.644935998638501,0.5842622226936184
,977,0,-0.68115234375,-0.08058984910836764,0.68115234375,0.08058984910836764,1687,2371,3076,1915,1740,2372,3075,1914,-247,0,21,10,4800,4900,5000,5000,-36.59,38.480000000000004,-241.16,34.03179913300329,1.1257335667497657,56.51052922927238,0.8684083483318873,0.020318584283844542,0.4954332403868198
,978,0,0.06884765625,0.41941015089163214,-0.06884765625,-0.41941015089163214,2176,2697,2587,1589,2176,2698,2587,1619,0,-1,0,-105,5000,5000,4900,5000,-44.46,64.3,-212.78,3.811860728198525,-22.52545806371038,64.34699254310578,0.1276375761315336,-0.606641975679977,0.7846618140972336
,979,0,-0.30615234375,-0.41392318244170095,0.30615234375,0.41392318244170095,1931,2154,2832,2132,1949,2185,2831,2134,-52,-110,16,-11,4900,4900,5000,4900,-42.54,21.93,-220.51,14.63417761617606,19.159069703630927,62.36361108964114,0.42734747044326465,0.4829442336993931,0.7642898708227455
,980,0,0.44384765625,0.0860768175582991,-0.44384765625,-0.0860768175582991,2420,2480,2343,1806,2421,2480,2365,1811,0,0,-77,-14,5000,4900,5000,5000,-47.6,46.160000000000004,-193.93,-13.665882449173722,-3.0447957092760873,67.39231480164342,-0.33714038704298765,-0.08972696739466805,0.9371688379084424
,981,0,-0.49365234375,0.5860768175582989,0.49365234375,-0.5860768175582989,1809,2806,2954,1480,1841,2806,2953,1519,-120,0,18,-147,4900,5000,5000,4800,-36.21,68.88,-229.18,19.855527976326414,-28.314591474808132,56.156414078805454,0.5195308806892179,-0.6760609332518314,0.5225220364165983
,982,0,0.25634765625,-0.6917009602194788,-0.25634765625,0.6917009602194788,2298,1973,2465,2313,2298,2031,2468,2314,0,-271,-22,-12,5000,4800,5100,4800,-36.7,9.13,-205.95000000000002,1.0691351488946736,32.97911919641423,56.45302271978558,0.0695745591739377,0.8424101435825952,0.5343262399554265
,983,0,-0.11865234375,-0.1917009602194787,0.11865234375,0.1917009602194787,2054,2299,2709,1987,2060,2303,2708,1988,-20,-19,22,0,5000,5000,5000,5000,-47.54,30.63,-214.03,7.519116585771428,10.96910374216035,67.36168712783528,0.249455562659488,0.3306856873167421,0.9101752020694104
,984,0,0.63134765625,0.3082990397805212,-0.63134765625,-0.3082990397805212,2543,2625,2220,1661,2543,2626,2252,1679,0,0,-129,-53,5000,5000,5000,5000,-42.38,57.160000000000004,-186.11,-22.256505832384164,-13.453487892559117,62.17109684780348,-0.5499044557765012,-0.34608156517781036,0.7601530370663704
,985,0,-0.58740234375,-0.5250342935528121,0.58740234375,0.5250342935528121,1748,2082,3015,2204,1788,2115,3015,2205,-159,-121,19,0,4900,5000,5000,5000,-35.25,18.0,-230.70000000000002,25.105989245357904,22.3146089987684,55.096642467184054,0.6843780290331168,0.5288180534891705,0.5019742818916839
,986,0,0.16259765625,-0.02503429355281206,-0.16259765625,0.02503429355281206,2237,2408,2526,1878,2237,2410,2530,1880,0,-15,-23,-12,5000,5000,5000,4900,-49.44,40.160000000000004,-208.61,1.4092729437768412,1.8665992317156537,69.26471689841495,0.07214581406657342,0.05511114387852469,0.9958703446398389
,987,0,-0.21240234375,0.4749657064471877,0.21240234375,-0.4749657064471877,1993,2734,2770,1552,2002,2736,2769,1588,-26,0,19,-131,5000,4900,4900,4900,-42.730000000000004,65.93,-217.33,8.235031075081707,-24.488681655362534,62.634211993346455,0.24584647247328723,-0.6267165807374181,0.7394496868626295
,988,0,0.53759765625,-0.3583676268861454,-0.53759765625,0.3583676268861454,2481,2190,2282,2096,2482,2214,2309,2097,0,-71,-99,-1,5000,4900,5000,5000,-43.62,26.82,-190.02,-16.13534992085536,16.52079267308295,63.36074170192127,-0.3845578898179121,0.41721946931055093,0.8234337519236239
,989,0,-0.39990234375,0.14163237311385446,0.39990234375,-0.14163237311385446,1870,2516,2893,1770,1899,2516,2892,1776,-96,0,20,-16,5000,4900,5000,5000,-44.53,46.49,-227.35,19.64862813855845,-5.8318473606153844,64.4248365131555,0.5708673939411694,-0.15256619128771762,0.806742818877725
,990,0,0.35009765625,0.6416323731138545,-0.35009765625,-0.6416323731138545,2359,2842,2404,1444,2359,2843,2415,1494,0,0,-34,-214,5000,5000,5000,5000,-38.4,75.08,-203.74,-5.976909776813045,-32.62717709588588,58.28161171456756,-0.08156529267723668,-0.806563901789663,0.5854927628590396
,991,0,-0.02490234375,-0.6361454046639232,0.02490234375,0.6361454046639232,2115,2009,2648,2277,2116,2060,2648,2277,0,-225,0,0,5000,5000,5100,4900,-38.34,10.94,-207.65,2.627058574909171,31.05304537749574,58.10190544537646,0.11027674827186004,0.806042383525769,0.5814935208157375
,992,0,0.72509765625,-0.13614540466392322,-0.72509765625,0.13614540466392322,2604,2335,2159,1951,2605,2338,2204,1952,0,-17,-198,3,5100,5000,5000,5000,-41.06,39.14,-179.29,-27.7326210284497,5.015111715254122,60.79334836360847,-0.7168882023271059,0.13981488182722668,0.6830249660033292
,993,0,-0.70458984375,0.3638545953360768,0.70458984375,-0.3638545953360768,1672,2661,3091,1625,1727,2662,3090,1644,-261,0,22,-55,4800,4800,4900,4700,-34.29,56.980000000000004,-237.53,29.061353002789502,-17.06340241196086,54.237448145233,0.8017884665649291,-0.39520894672865686,0.4482690523659711
,994,0,0.04541015625,-0.46947873799725653,-0.04541015625,0.46947873799725653,2161,2118,2602,2168,2162,2155,2602,2170,0,-140,0,-13,5000,4900,5000,4800,-43.12,18.2,-209.4,3.8260487826239853,23.695122776235017,62.902103095021786,0.1428779724155622,0.6326071717092652,0.7611793818151029
,995,0,-0.32958984375,0.03052126200274341,0.32958984375,-0.03052126200274341,1916,2444,2847,1842,1942,2444,2846,1846,-82,0,21,-13,5000,5000,5000,4900,-46.19,41.65,-224.41,17.066754065790718,-0.7855101126126129,66.06593573373588,0.5370547485266397,-0.008142486905922612,0.8435080894644549
,996,0,0.42041015625,0.5305212620027433,-0.42041015625,-0.5305212620027433,2405,2770,2358,1516,2406,2770,2375,1552,0,-1,-53,-137,4900,4900,5000,4800,-41.18,69.79,-201.08,-8.24976860840772,-27.15004518975747,61.0426330499636,-0.1907658627584159,-0.6802334629910254,0.7077364067456716
,997,0,-0.51708984375,-0.30281207133058985,0.51708984375,0.30281207133058985,1794,2227,2969,2059,1829,2248,2968,2060,-135,-65,21,-11,5000,5000,5000,5000,-40.550000000000004,29.310000000000002,-231.49,25.049020411749922,10.989188423645402,60.4222225622139,0.6865414109424469,0.2674992251384081,0.676095448595467
,998,0,0.23291015625,0.19718792866941015,-0.23291015625,-0.19718792866941015,2283,2553,2480,1733,2283,2553,2486,1745,0,0,-27,-31,5000,5000,5000,5000,-48.27,53.11,-207.08,-1.0630373244025861,-10.938942364925374,68.11663747844844,0.0003105099637517462,-0.28641666576154,0.9581051075730701
,999,0,-0.14208984375,0.69718792866941,0.14208984375,-0.69718792866941,2038,2878,2725,1408,2041,2879,2724,1462,-14,0,18,-238,5000,4800,5100,4900,-36.72,77.63,-211.03,1.111247571308951,-35.708754806029795,56.62906694222147,0.09627536547036165,-0.8617738488840186,0.4980731747275429
,1000,0,0.60791015625,-0.7287379972565158,-0.60791015625,0.7287379972565158,2527,1949,2236,2337,2527,2003,2259,2338,0,-241,-82,0,4800,5100,5000,4800,-33.31,10.94,-189.05,-15.908239989551134,32.405723154690236,53.015269036372985,-0.37103547288471034,0.8053315067278451,0.4623568342013324
,1001,0,-0.61083984375,-0.22873799725651578,0.61083984375,0.22873799725651578,1733,2275,3030,2011,1779,2281,3030,2012,-204,-20,22,0,4800,5000,5000,5000,-38.660000000000004,31.740000000000002,-236.49,29.86276302881018,8.194755693554761,58.55245580304418,0.7916556938790841,0.20846236782826472,0.574303668409196
,1002,0,0.13916015625,0.271262002743484,-0.13916015625,-0.271262002743484,2222,2601,2541,1685,2222,2602,2543,1706,0,0,-20,-61,5000,5000,4900,4900,-47.35,56.59,-211.63,3.2221055919001174,-14.745340626471808,67.21764778921005,0.12047505510654276,-0.4016229080020018,0.9078462429646836
,1003,0,-0.23583984375,-0.562071330589849,0.23583984375,0.562071330589849,1977,2058,2786,2228,1986,2100,2785,2229,-23,-175,19,0,4900,4900,5000,5000,-39.74,14.31,-215.26,9.96531458166757,27.137201238848153,59.53199756167295,0.3067806213128623,0.684922289591552,0.6608835809789503
,1004,0,0.51416015625,-0.06207133058984904,-0.51416015625,0.06207133058984904,2466,2384,2297,1902,2467,2385,2326,1902,0,0,-110,0,5000,5000,5000,5000,-46.480000000000004,39.800000000000004,-189.63,-17.484574720950093,3.6108741609379678,66.24616999744097,-0.47122380996275776,0.09340668288942332,0.8770537683151342
,1005,0,-0.42333984375,0.43792866941015074,0.42333984375,-0.43792866941015074,1855,2709,2908,1577,1883,2711,2907,1605,-94,-1,20,-103,5000,5000,4900,4900,-40.65,62.29,-226.93,18.08211731188655,-21.56726426918126,60.576005711010694,0.49989781770033836,-0.5297384902685356,0.6851855980582574
,1006,0,0.32666015625,-0.39540466392318246,-0.32666015625,0.39540466392318246,2344,2166,2419,2120,2344,2196,2429,2122,0,-106,-36,-11,5000,4900,5000,4900,-44.76,22.56,-201.69,-4.187673394868597,19.916037591393128,64.52754827332598,-0.07822736361995909,0.510372800150914,0.856387811944557
,1007,0,-0.04833984375,0.1045953360768177,0.04833984375,-0.1045953360768177,2099,2492,2664,1794,2102,2493,2663,1803,-15,-7,21,-22,5000,5000,5000,5000,-49.04,47.53,-210.84,3.0938606678001292,-5.647987936506603,68.88663768547232,0.1056588021487207,-0.1471260115086438,0.983458262594837
,1008,0,0.70166015625,0.6045953360768175,-0.70166015625,-0.6045953360768175,2588,2818,2175,1468,2589,2819,2211,1508,0,0,-149,-155,5000,4800,5000,4600,-35.81,71.04,-187.07,-22.298148100104328,-27.381393525944624,55.63254879880611,-0.518336829018762,-0.6735588810663482,0.5269206443283693
,1009,0,-0.65771484375,-0.6731824417009602,0.65771484375,0.6731824417009602,1702,1985,3061,2301,1747,2035,3061,2301,-196,-215,20,0,4900,5000,4900,5000,-29.57,13.32,-231.93,26.692329758900684,26.878894235740436,49.41082466754855,0.7051577824040834,0.6243637327798478,0.33603932969842987
,1010,0,0.09228515625,-0.1731824417009602,-0.09228515625,0.1731824417009602,2191,2311,2572,1975,2191,2317,2572,1976,0,-20,0,0,5000,5000,5000,5000,-48.07,31.17,-210.74,4.196854578722167,10.673046023550882,67.88276772022832,0.15525446060495343,0.2864523367917414,0.9454317062637658
,1011,0,-0.28271484375,0.3268175582990398,0.28271484375,-0.3268175582990398,1947,2637,2816,1649,1964,2638,2815,1672,-50,0,19,-72,5000,5000,5000,5000,-44.78,57.4,-221.49,13.003520782230538,-16.282108677843603,64.67936868110219,0.3858276698802375,-0.4178742874104866,0.8225071969751782
,1012,0,0.46728515625,-0.5065157750342936,-0.46728515625,0.5065157750342936,2436,2094,2327,2192,2437,2130,2348,2193,0,-139,-68,0,4900,5000,5000,4800,-41.38,18.41,-195.38,-10.166508775532208,24.509944626383046,61.11982973377562,-0.22932625068149523,0.6250948544657867,0.7461004581614763
,1013,0,-0.47021484375,-0.006515775034293569,0.47021484375,0.006515775034293569,1824,2420,2939,1866,1860,2421,2938,1866,-138,-1,21,0,5000,5000,5000,5000,-43.07,38.730000000000004,-230.29,23.154070449978093,1.6883063918583403,62.95787988787163,0.6802991220787015,0.03046165291466651,0.7323012987839466
,1014,0,0.27978515625,0.4934842249657063,-0.27978515625,-0.4934842249657063,2313,2746,2450,1540,2313,2747,2457,1579,0,0,-28,-143,5000,5000,5000,5000,-42.94,67.78,-207.04,-2.1635057486538756,-25.578565285538367,62.816655403998666,-0.020091252264991723,-0.6671562011063285,0.7446468591942068
,1015,0,-0.09521484375,-0.33984910836762683,0.09521484375,0.33984910836762683,2069,2202,2694,2084,2071,2232,2693,2085,-14,-102,20,-11,5000,5000,4900,4900,-45.89,24.63,-210.98000000000002,4.92217889815106,17.172867774560807,65.69009313499151,0.1659232385019417,0.4443972481144851,0.8803298045580992
,1016,0,0.65478515625,0.16015089163237306,-0.65478515625,-0.16015089163237306,2558,2528,2205,1758,2558,2528,2241,1765,0,0,-150,-20,4900,4900,5000,4900,-43.19,49.32,-183.62,-24.167104201669332,-5.450168891680633,62.957416656445275,-0.6151814288571839,-0.15014058639475167,0.7739571137383991
,1017,0,-0.56396484375,0.6601508916323731,0.56396484375,-0.6601508916323731,1763,2854,3000,1432,1801,2855,2999,1476,-151,0,20,-183,5000,4800,5000,4700,-33.39,71.09,-231.79,22.30453952890238,-30.716449323015944,53.34892030457338,0.5552394251737487,-0.721615322520295,0.41349789242105817
,1018,0,0.18603515625,-0.6176268861454046,-0.18603515625,0.6176268861454046,2252,2021,2511,2265,2252,2071,2513,2266,0,-221,-3,-10,5000,5000,5100,4800,-38.97,11.71,-207.99,2.9078463355890847,30.26161590769687,58.734517196600095,0.11664058539943854,0.789670635044703,0.6023414828697854
,1019,0,-0.18896484375,-0.11762688614540462,0.18896484375,0.11762688614540462,2008,2347,2755,1939,2019,2350,2754,1940,-33,-16,21,0,5000,5000,5000,4900,-47.63,34.64,-217.96,11.14414221364595,6.681896644450433,67.47188920857191,0.36411786529335266,0.20807422260346375,0.9078123694146142
,1020,0,0.56103515625,0.3823731138545954,-0.56103515625,-0.3823731138545954,2497,2673,2266,1613,2497,2674,2293,1637,0,0,-101,-73,5000,5000,5000,4900,-42.92,61.19,-190.78,-17.896242925401594,-17.81389006211318,62.73359156043618,-0.4271274230608941,-0.46783990337690584,0.7737493064795907
,1021,0,-0.37646484375,-0.450960219478738,0.37646484375,0.450960219478738,1886,2130,2877,2156,1909,2161,2876,2157,-72,-110,20,0,5000,4900,5000,4900,-41.04,20.21,-222.61,16.85899813884015,20.717017661742616,60.86648991827643,0.4732321737182596,0.5170038547397123,0.7132729659409293
,1022,0,0.37353515625,0.0490397805212619,-0.37353515625,-0.0490397805212619,2375,2456,2388,1830,2376,2456,2405,1834,0,-3,-57,-12,5000,5000,5000,4900,-48.51,44.28,-197.19,-10.279416179399675,-1.406880975390898,68.30838331884314,-0.249764718389996,-0.042358511282951115,0.9673796266044978
,1023,0,-0.00146484375,0.5490397805212617,0.00146484375,-0.5490397805212617,2130,2782,2633,1504,2131,2782,2632,1545,0,0,18,-163,4900,4900,5000,5000,-41.47,71.14,-209.4,-0.052065369288897045,-29.105924215493992,61.360750701193766,0.016354932070913868,-0.7435921495675537,0.6684334157554219
,1024,0,0.74853515625,-0.2842935528120713,-0.74853515625,0.2842935528120713,2619,2239,2144,2047,2620,2258,2187,2047,0,-57,-187,0,5100,5000,5100,5000,-40.14,34.410000000000004,-178.95000000000002,-27.722125404237033,9.755208799814966,59.86261238020069,-0.6886304723252287,0.23843585223258976,0.6847893230441394
,1025,0,-0.749267578125,0.21570644718792864,0.749267578125,-0.21570644718792864,1643,2565,3120,1721,1703,2566,3120,1729,-296,0,19,-23,5100,5000,4900,5000,-33.52,49.6,-239.1,31.170627109321686,-9.820184350946981,53.457092544167,0.8783855495005227,-0.22189816322612646,0.4233202470772409
,1026,0,0.000732421875,0.7157064471879284,-0.000732421875,-0.7157064471879284,2131,2891,2632,1395,2132,2892,2633,1449,0,0,-17,-243,5100,5000,5000,4700,-36.15,77.67,-214.59,4.660356716803761,-36.01102590292145,56.069999453139076,0.10417153904200264,-0.8861779848102184,0.4514829672217116
,1027,0,-0.374267578125,-0.7102194787379973,0.374267578125,0.7102194787379973,1887,1961,2876,2325,1904,2018,2875,2325,-47,-267,19,0,4800,5000,5000,4800,-33.79,9.03,-220.26,15.356272072349157,32.02277019149071,53.58643675190578,0.43946336739488284,0.7747586974515592,0.45455572754186446
,1028,0,0.375732421875,-0.21021947873799718,-0.375732421875,0.21021947873799718,2376,2287,2387,1999,2377,2293,2405,2000,0,-21,-64,0,5000,5000,5000,4900,-47.28,31.07,-197.65,-8.848218456531356,11.730983981590057,67.05268532561846,-0.2211722706629626,0.329615453824726,0.9178433849463148
,1029,0,-0.561767578125,0.2897805212620026,0.561767578125,-0.2897805212620026,1765,2613,2998,1673,1803,2614,2997,1691,-154,0,21,-51,4900,5000,4900,5000,-39.9,52.17,-235.46,27.333523782504273,-12.10182228768985,59.83123298699867,0.7275215707590115,-0.29033029613717143,0.6216274472907736
,1030,0,0.188232421875,-0.5435528120713307,-0.188232421875,0.5435528120713307,2254,2070,2509,2216,2254,2112,2512,2217,0,-176,-21,-1,5000,4800,5100,4800,-41.13,14.870000000000001,-208.82,3.4975991958433212,27.05416586544419,60.90351599564892,0.13325931473699743,0.7166610363629501,0.6845720663268468
,1031,0,-0.186767578125,-0.04355281207133055,0.186767578125,0.04355281207133055,2009,2396,2754,1890,2020,2397,2753,1891,-34,0,19,-11,5000,5000,5000,5000,-48.07,38.7,-218.14000000000001,11.024605566716303,2.620638149364659,67.92076605820272,0.3635147799494516,0.08561750430770285,0.9276457555093014
,1032,0,0.563232421875,0.45644718792866934,-0.563232421875,-0.45644718792866934,2498,2722,2265,1564,2498,2723,2292,1594,0,0,-102,-105,5000,4800,5000,4900,-42.02,64.19,-192.28,-16.617724696811905,-20.917854364522903,61.844324025590765,-0.4018604232878979,-0.5583256194783217,0.7257965987995671
,1033,0,-0.655517578125,-0.3768861454046639,0.655517578125,0.3768861454046639,1704,2178,3059,2108,1751,2201,3059,2109,-208,-73,21,-11,5000,5000,5100,5000,-35.47,26.57,-236.87,30.63014413167511,13.315710159520378,55.35302591625613,0.8050092088924996,0.31538294918674664,0.5024875809017997
,1034,0,0.094482421875,0.12311385459533608,-0.094482421875,-0.12311385459533608,2193,2504,2570,1782,2193,2504,2570,1791,0,0,0,-24,5000,5000,5000,5000,-48.88,48.88,-211.59,3.743283973907495,-7.049716109400514,68.73169415124109,0.13726443163965746,-0.1891332234761515,0.9723101869178179
,1035,0,-0.280517578125,0.6231138545953359,0.280517578125,-0.6231138545953359,1948,2830,2815,1456,1962,2831,2814,1502,-35,0,17,-196,4900,5000,4900,5000,-38.21,72.5,-219.61,10.0400587580788,-31.21844452507124,58.13467126332701,0.2856204646503234,-0.7726602294625049,0.5669366101954283
,1036,0,0.469482421875,-0.6546639231824417,-0.469482421875,0.6546639231824417,2437,1997,2326,2289,2438,2048,2342,2289,0,-226,-51,0,5000,4800,5100,4900,-37.26,12.38,-195.36,-9.732286113306117,30.515805278838965,56.987422626181896,-0.2170651370854027,0.7737755259917338,0.5951085292938684
,1037,0,-0.468017578125,-0.1546639231824417,0.468017578125,0.1546639231824417,1826,2323,2937,1963,1861,2327,2936,1963,-133,-16,21,1,5000,5000,5000,5000,-42.72,34.52,-229.85,23.025050267814834,5.918432872260588,62.59790245469797,0.6741118988774712,0.15584722343912683,0.7220005476023721
,1038,0,0.281982421875,0.3453360768175582,-0.281982421875,-0.3453360768175582,2315,2649,2448,1637,2315,2650,2456,1661,0,0,-30,-75,4900,4900,5000,4900,-46.11,60.45,-205.64000000000001,-3.0312662274682225,-18.158453345683718,65.9673268485378,-0.04825590429151235,-0.47666930861737145,0.8777572203765944
,1039,0,-0.093017578125,-0.487997256515775,0.093017578125,0.487997256515775,2070,2106,2693,2180,2071,2146,2692,2182,0,-163,21,-12,5000,5000,5100,4900,-42.730000000000004,17.59,-209.70000000000002,4.171106266229884,24.280591689820454,62.51176800278351,0.1506184438484339,0.6367837035608871,0.7561882035921719
,1040,0,0.656982421875,0.01200274348422492,-0.656982421875,-0.01200274348422492,2559,2432,2204,1854,2559,2432,2241,1855,0,0,-154,-4,5000,5000,5000,4900,-43.410000000000004,42.43,-182.44,-24.839210050933843,1.508298093094922,63.15968120888391,-0.650660768309704,0.0376282287037163,0.7584356801913043
,1041,0,-0.702392578125,0.5120027434842247,0.702392578125,-0.5120027434842247,1673,2758,3090,1528,1727,2758,3089,1557,-251,0,20,-103,5000,4800,5000,5000,-32.57,63.440000000000005,-237.78,28.841838008526167,-23.528228656460705,52.53147780676879,0.7442767602135026,-0.5451258388401852,0.38586257143557867
,1042,0,0.047607421875,-0.32133058984910834,-0.047607421875,0.32133058984910834,2162,2215,2601,2071,2163,2242,2601,2072,-1,-89,0,-11,5000,5000,4900,4900,-46.33,25.55,-210.0,3.8760744202539286,16.32821813021613,66.12899221180983,0.14269813822613042,0.4258448348225271,0.8934726733380105
,1043,0,-0.327392578125,0.17866941015089155,0.327392578125,-0.17866941015089155,1918,2540,2845,1746,1943,2540,2844,1757,-78,0,21,-30,5000,5000,5000,5000,-45.79,49.22,-223.8,15.904333840739895,-8.29127688033774,65.6796140427764,0.4807569936845225,-0.21712982419823984,0.8495453798750612
,1044,0,0.422607421875,0.6786694101508914,-0.422607421875,-0.6786694101508914,2406,2866,2357,1420,2407,2867,2373,1471,-2,0,-48,-217,4900,4900,5100,4900,-36.88,75.01,-200.85,-8.849589834325911,-32.348867948150904,56.75267309400266,-0.15207170248565086,-0.8307804160048239,0.5354232883298666
,1045,0,-0.514892578125,-0.5991083676268861,0.514892578125,0.5991083676268861,1795,2033,2968,2253,1829,2077,2967,2253,-128,-183,19,0,5000,4700,5000,4900,-35.28,14.86,-227.39000000000001,22.035134497354818,25.688963698189312,55.11011388741079,0.6099552665636244,0.616460503666525,0.4979267217277182
,1046,0,0.235107421875,-0.09910836762688613,-0.235107421875,0.09910836762688613,2284,2359,2479,1927,2284,2363,2487,1928,0,-17,-31,6,5000,5000,5000,5000,-49.04,35.97,-204.9,-1.9822487544730336,6.316482976697991,68.84481783144491,-0.027781013098125234,0.17520369462218324,0.9841401732995043
,1047,0,-0.139892578125,0.40089163237311376,0.139892578125,-0.40089163237311376,2040,2685,2723,1601,2045,2686,2721,1631,-17,0,19,-102,5000,4900,5000,4900,-44.76,62.800000000000004,-214.3,5.436911395493922,-21.140294779606826,64.64854354226547,0.17404589854174557,-0.5527331250292308,0.8149810535811346
,1048,0,0.610107421875,-0.4324417009602195,-0.610107421875,0.4324417009602195,2529,2142,2234,2144,2529,2172,2262,2145,0,-105,-108,0,5000,5000,5000,4900,-41.11,24.41,-186.28,-19.681250772311472,19.192884822176502,60.83441814813891,-0.4728551519859827,0.48303451556248,0.7369434591714843
,1049,0,-0.608642578125,0.0675582990397805,0.608642578125,-0.0675582990397805,1734,2468,3029,1818,1780,2468,3029,1820,-203,0,20,-12,5000,5000,4900,5000,-39.57,41.03,-237.51,30.196009167823377,-1.1429428914919484,59.48462110257503,0.8048699447966935,-0.035155642311344416,0.5924090248946623
,1050,0,0.141357421875,0.5675582990397803,-0.141357421875,-0.5675582990397803,2223,2794,2540,1492,2223,2794,2542,1534,0,0,-19,-166,5000,4900,4800,5000,-40.71,71.35000000000001,-213.18,3.7045304174554587,-29.594302848576014,60.61270363999799,0.10760698390926694,-0.7662136573673581,0.6335119322299206
,1051,0,-0.233642578125,-0.26577503429355276,0.233642578125,0.26577503429355276,1979,2251,2784,2035,1989,2272,2783,2037,-27,-64,4,-11,5000,5000,5000,4900,-45.97,29.53,-218.89000000000001,12.451220201655815,11.706149769294491,65.80424785901415,0.3725957360527807,0.2970087521759121,0.8791804243761316
,1052,0,0.516357421875,0.23422496570644724,-0.516357421875,-0.23422496570644724,2468,2577,2295,1709,2469,2578,2322,1722,0,0,-97,-33,5000,5000,5000,4900,-45.47,54.2,-191.56,-16.61303071272775,-10.894146963138617,65.2716068995227,-0.40366549901882515,-0.28839099470790847,0.8682653966807992
,1053,0,-0.421142578125,0.734224965706447,0.421142578125,-0.734224965706447,1856,2903,2907,1383,1881,2904,2906,1433,-81,0,18,-216,5000,4900,4900,4900,-33.35,76.3,-224.46,14.612301093147437,-35.3749255769389,53.297278856784914,0.3772982240789082,-0.8343720127581727,0.40183254526329487
,1054,0,0.328857421875,-0.7410836762688614,-0.328857421875,0.7410836762688614,2345,1941,2418,2345,2345,1998,2425,2345,0,-267,-28,0,4800,4800,5100,5000,-34.74,7.33,-202.88,-1.8549019000639362,34.99496729863645,54.479988567753594,-0.006611520409110075,0.8806903925349249,0.473646197382139
,1055,0,-0.046142578125,-0.2410836762688615,0.046142578125,0.2410836762688615,2101,2267,2662,2019,2104,2274,2661,2020,-15,-22,16,2,5000,5000,5000,5000,-47.29,27.84,-209.81,3.515854550813515,14.06050428236022,67.09310607951576,0.13449067305551526,0.41683709228004373,0.8989766945592043
,1056,0,0.703857421875,0.2589163237311385,-0.703857421875,-0.2589163237311385,2590,2593,2173,1693,2591,2594,2212,1709,0,0,-163,-40,5100,5000,5000,5000,-41.54,54.14,-182.06,-26.071653151204885,-10.14651415424607,61.31256575937219,-0.660163665987785,-0.2500526815817029,0.7082779048815285
,1057,0,-0.725830078125,-0.5744170096021948,0.725830078125,0.5744170096021948,1658,2050,3105,2236,1710,2084,3105,2238,-239,-133,19,-11,5000,5000,5100,4900,-30.05,17.23,-236.78,31.24108178165187,22.624831481306543,49.913621959561326,0.7844829384223037,0.530152962211687,0.32175201006750986
,1058,0,0.024169921875,-0.07441700960219477,-0.024169921875,0.07441700960219477,2147,2375,2616,1911,2148,2378,2616,1912,-1,-17,0,-11,5000,5000,5000,5000,-49.13,36.92,-210.79,3.8219251038503046,4.9372842859747905,68.95471229838076,0.14605650957356128,0.14245615902504774,0.9789656473886192
,1059,0,-0.350830078125,0.425582990397805,0.350830078125,-0.425582990397805,1902,2701,2861,1585,1925,2702,2860,1614,-67,0,20,-102,5000,4900,5000,5000,-42.22,62.07,-224.05,15.22148783355334,-21.133078530604045,62.136768900001,0.44173823552680236,-0.533158616954556,0.7215325498137786
,1060,0,0.399169921875,-0.40775034293552814,-0.399169921875,0.40775034293552814,2391,2158,2372,2128,2392,2186,2388,2129,0,-94,-52,-1,5000,5000,5000,4900,-44.15,22.52,-198.08,-7.78323972307777,20.219297013765257,63.90647138421265,-0.1677861120404847,0.5145797677608801,0.8408659127456033
,1061,0,-0.538330078125,0.09224965706447186,0.538330078125,-0.09224965706447186,1780,2484,2983,1802,1819,2484,2982,1806,-159,0,20,-12,5000,5000,5000,4900,-40.730000000000004,42.86,-233.57,26.129066139962816,-2.6764233294152646,60.63636419660371,0.7440298703691145,-0.06850429937311565,0.6646252424982947
,1062,0,0.211669921875,0.5922496570644717,-0.211669921875,-0.5922496570644717,2269,2810,2494,1476,2269,2810,2497,1522,0,0,-20,-188,4800,4800,5000,4700,-39.97,72.79,-210.71,1.1377138713887405,-30.850955097458275,59.868138032266046,0.07854031872127795,-0.7818738530162757,0.6184696405682689
,1063,0,-0.163330078125,-0.6855281207133059,0.163330078125,0.6855281207133059,2025,1977,2738,2309,2028,2034,2738,2309,-13,-266,0,0,4900,5100,5000,4900,-36.67,9.38,-211.26,6.346561590917133,32.340297595412665,56.43971440901049,0.20715645696393406,0.8217340809512318,0.5308853949219023
,1064,0,0.586669921875,-0.18552812071330593,-0.586669921875,0.18552812071330593,2513,2303,2250,1983,2513,2308,2283,1983,0,-16,-133,0,5000,4900,5000,4800,-44.53,34.65,-186.33,-20.39231476927108,8.984582970276051,64.275560588189,-0.5442918554482374,0.24512637079498395,0.8022838889280992
,1065,0,-0.632080078125,0.31447187928669407,0.632080078125,-0.31447187928669407,1719,2629,3044,1657,1763,2630,3044,1673,-200,0,18,-46,5000,5000,5100,5000,-36.77,54.43,-235.13,26.847694183314502,-14.338633907757249,56.70488633685211,0.7723362940643105,-0.3326207681160113,0.5411654769928717
,1066,0,0.117919921875,-0.5188614540466392,-0.117919921875,0.5188614540466392,2208,2086,2555,2200,2208,2127,2557,2202,0,-172,-20,-11,5000,5000,5000,5000,-41.83,16.0,-209.49,4.080890432865061,25.879663966025802,61.607871460649534,0.1466643893672705,0.6910352134883022,0.7077852008983391
,1067,0,-0.257080078125,-0.018861454046639192,0.257080078125,0.018861454046639192,1963,2412,2800,1874,1979,2414,2799,1876,-50,-2,21,-12,5000,5000,5000,5000,-47.2,39.69,-221.42000000000002,14.225658786995496,1.3907815316575451,67.06279695571581,0.4655596669871484,0.05005258108155547,0.8835999861939167
,1068,0,0.492919921875,0.48113854595336036,-0.492919921875,-0.48113854595336036,2452,2738,2311,1548,2453,2739,2333,1581,0,0,-77,-116,5100,4900,4900,4800,-41.64,66.73,-195.77,-13.322337732073123,-23.707821777101493,61.48017214878733,-0.30169338296285314,-0.6010109959873464,0.7401127518011884
,1069,0,-0.444580078125,-0.35219478737997256,0.444580078125,0.35219478737997256,1841,2194,2922,2092,1869,2219,2921,2093,-95,-77,21,-11,5000,4800,5000,5000,-41.44,26.14,-227.5,21.299716589966152,14.445284629670624,61.29355479888126,0.5959284053822811,0.35895093530813577,0.7183477999548312
,1070,0,0.305419921875,0.14780521262002733,-0.305419921875,-0.14780521262002733,2330,2520,2433,1766,2330,2520,2444,1774,0,0,-39,-21,5000,5000,5000,5000,-48.550000000000004,50.050000000000004,-202.1,-5.80597678324807,-7.5213292530672575,68.37518323335865,-0.12283792477488441,-0.19828317625341094,0.9724168994067606
,1071,0,-0.069580078125,0.6478052126200273,0.069580078125,-0.6478052126200273,2086,2846,2677,1440,2087,2847,2676,1491,0,0,20,-225,4800,5100,5100,4700,-38.39,74.39,-210.14000000000001,0.45646279218505015,-32.408425996146,58.28969532921198,0.04607464368441782,-0.8263812311187003,0.561222939716558
,1072,0,0.680419921875,-0.6299725651577504,-0.680419921875,0.6299725651577504,2575,2013,2188,2273,2576,2060,2220,2273,0,-201,-128,0,5000,5000,5000,5000,-35.410000000000004,16.490000000000002,-184.61,-20.749392105785432,27.201072931015812,55.11311608434529,-0.49422224624511824,0.6788800308184283,0.5430159068318348
,1073,0,-0.678955078125,-0.12997256515775035,0.678955078125,0.12997256515775035,1688,2339,3075,1947,1743,2342,3075,1948,-264,-17,21,0,4800,5000,5000,4800,-36.36,38.36,-238.48000000000002,31.368494206866842,1.4414351570522257,56.27211912819084,0.8642052909161013,0.04214131717597557,0.5013714436815201
,1074,0,0.071044921875,0.37002743484224965,-0.071044921875,-0.37002743484224965,2177,2665,2586,1621,2177,2666,2586,1647,-1,0,0,-81,5000,5000,4900,5000,-45.5,61.85,-212.34,3.549739068153343,-20.047432246591562,65.38061737109112,0.12413913765079242,-0.544620655471522,0.8294442815144892
,1075,0,-0.303955078125,-0.46330589849108367,0.303955078125,0.46330589849108367,1933,2122,2830,2164,1949,2157,2829,2166,-45,-130,21,-10,5000,5000,4900,4900,-41.67,19.63,-219.83,14.127217872754727,21.500765381002907,61.48682538427893,0.414787426858862,0.5411765553783775,0.7314911663366812
,1076,0,0.446044921875,0.036694101508916166,-0.446044921875,-0.036694101508916166,2422,2448,2341,1838,2423,2448,2363,1841,0,0,-73,-10,5000,5000,5000,5000,-47.61,43.59,-193.5,-13.906254968342495,-0.45016483321840894,67.39573079880805,-0.35804675791677865,-0.021903103556544425,0.9334467168509805
,1077,0,-0.491455078125,0.5366941015089162,0.491455078125,-0.5366941015089162,1811,2774,2952,1512,1843,2774,2951,1546,-118,-1,19,-128,5000,4900,5100,4900,-37.26,66.33,-229.61,20.468365060681975,-25.800616989673095,57.202484342281394,0.541793066685754,-0.6237125387726032,0.5634207503004134
,1078,0,0.258544921875,-0.296639231824417,-0.258544921875,0.296639231824417,2300,2231,2463,2055,2300,2256,2469,2056,0,-83,-27,-12,5000,5000,5000,5000,-46.9,27.41,-204.82,-1.428020026941823,14.8544189819589,66.68702282550748,-0.004906888963883578,0.3790646077187236,0.9253571989322538
,1079,0,-0.116455078125,0.2033607681755829,0.116455078125,-0.2033607681755829,2055,2557,2708,1729,2062,2557,2707,1743,-21,0,19,-38,5000,5000,4900,5000,-47.89,52.47,-214.05,5.936198988830881,-10.812699329065673,67.75656286477647,0.18438453301414262,-0.28334678349477543,0.941125360548913
,1080,0,0.633544921875,0.7033607681755829,-0.633544921875,-0.7033607681755829,2544,2883,2219,1403,2544,2884,2247,1451,0,0,-109,-209,4900,5000,5100,4900,-34.410000000000004,74.86,-192.85,-16.809874154762298,-31.618171265118256,54.25800760636312,-0.39659512939816,-0.7906169271393565,0.4665159995738388
,1081,0,-0.585205078125,-0.7225651577503429,0.585205078125,0.7225651577503429,1750,1953,3013,2333,1785,2008,3013,2333,-135,-256,20,0,5100,5100,5000,4700,-29.91,10.43,-228.39000000000001,23.372863913098257,30.021494356096298,49.73410625083224,0.6340957723934222,0.6923503517989532,0.3443450911464489
,1082,0,0.164794921875,-0.2225651577503429,-0.164794921875,0.2225651577503429,2238,2279,2525,2007,2238,2286,2529,2007,0,-23,-24,11,5000,5000,5000,5000,-47.6,28.88,-208.9,2.531135306554461,13.090749301128433,67.40246555708521,0.10686181972815222,0.3718532126142107,0.9221202414831152
,1083,0,-0.210205078125,0.27743484224965687,0.210205078125,-0.27743484224965687,1994,2605,2769,1681,2005,2606,2768,1702,-33,0,22,-60,5000,5000,5000,5000,-46.38,55.25,-218.44,10.114818919008997,-13.910589565319363,66.26565322189326,0.3089065179141867,-0.3639955501160376,0.8786831070902952
,1084,0,0.539794921875,-0.5558984910836763,-0.539794921875,0.5558984910836763,2483,2062,2280,2224,2484,2100,2307,2226,0,-151,-98,-12,4900,4900,4900,5000,-39.300000000000004,16.78,-192.01,-13.401858624862143,26.377980105991046,59.02623120507761,-0.3065770973283017,0.6685078237384673,0.6775749205764711
,1085,0,-0.397705078125,-0.05589849108367628,0.397705078125,0.05589849108367628,1872,2388,2891,1898,1901,2389,2890,1898,-100,0,21,0,5000,5000,5000,4900,-44.660000000000004,38.31,-227.46,20.357917314448315,2.3183315108009097,64.53838486798665,0.6068779772571037,0.05330662173837039,0.7930053750127859
,1086,0,0.352294921875,0.4441015089163236,-0.352294921875,-0.4441015089163236,2361,2714,2402,1572,2362,2715,2415,1603,-3,0,-41,-111,4800,5000,5000,5000,-43.93,65.15,-202.82,-6.182084194110047,-22.643918670303854,63.78839432027594,-0.1278481522122938,-0.5956415181035597,0.7930107388221102
,1087,0,-0.022705078125,-0.3892318244170096,0.022705078125,0.3892318244170096,2116,2170,2647,2116,2117,2202,2647,2117,0,-115,0,0,5000,5000,4900,5000,-45.07,22.06,-208.3,2.4402729694650134,19.930626148871198,64.85665944832297,0.1010364271238084,0.5212079146499538,0.8474278435951357
,1088,0,0.727294921875,0.11076817558299046,-0.727294921875,-0.11076817558299046,2605,2496,2158,1790,2606,2496,2202,1794,0,0,-190,-14,5000,4900,5000,4800,-41.230000000000004,46.84,-179.88,-27.709459356069317,-2.7070169264256876,60.98094574706822,-0.7061191745470574,-0.06903808617388842,0.7047194150826475
,1089,0,-0.737548828125,0.6107681755829903,0.737548828125,-0.6107681755829903,1650,2822,3113,1464,1704,2823,3112,1502,-251,0,20,-149,4900,5000,5000,4800,-30.88,66.27,-239.59,30.444270219098485,-26.487179420291845,50.852811256275984,0.7320470201723678,-0.608953799375521,0.30542172562356307
,1090,0,0.012451171875,-0.6670096021947873,-0.012451171875,0.6670096021947873,2139,1989,2624,2297,2140,2044,2624,2297,0,-252,0,0,5000,5100,4800,5000,-37.27,9.66,-208.28,3.352330854832502,32.280963021733555,57.03120549723775,0.131310726568018,0.8282968251944833,0.5446851039462328
,1091,0,-0.362548828125,-0.16700960219478733,0.362548828125,0.16700960219478733,1895,2315,2868,1971,1921,2318,2867,1972,-81,-17,21,7,4900,4900,5000,5000,-44.64,32.660000000000004,-225.35,18.668065636610976,8.107800879836624,64.50036208655773,0.57124565646383,0.23402034284804382,0.7867101620701821
,1092,0,0.387451171875,0.33299039780521267,-0.387451171875,-0.33299039780521267,2384,2641,2379,1645,2385,2642,2395,1666,0,-6,-52,-65,5000,5000,5000,4900,-45.800000000000004,59.620000000000005,-199.79,-8.803713998127932,-16.902364137131222,65.63780198579751,-0.19920121154300732,-0.4350340973720707,0.8781026201096687
,1093,0,-0.550048828125,-0.5003429355281207,0.550048828125,0.5003429355281207,1772,2098,2991,2188,1807,2132,2990,2190,-135,-130,21,-11,5000,5000,4900,5000,-36.7,19.72,-230.38,24.656511493719762,20.62600503247066,56.549187267107925,0.6672363545439822,0.49959662311158487,0.552448062129245
,1094,0,0.199951171875,-0.0003429355281207025,-0.199951171875,0.0003429355281207025,2261,2424,2502,1862,2261,2425,2508,1864,0,0,-28,-11,5000,5000,5000,5000,-49.46,41.74,-206.81,-0.5018141902680213,0.42291276198288585,69.28247480366178,0.018106306006420762,0.010481792807969742,0.9997811228975734
,1095,0,-0.175048828125,0.49965706447187896,0.175048828125,-0.49965706447187896,2017,2750,2746,1536,2023,2751,2745,1575,-22,0,18,-148,5000,5000,4800,4800,-42.39,67.34,-215.55,6.357398335154187,-25.765110325461045,62.29168441182516,0.1919166755732689,-0.6607776047800481,0.7256314123975391
,1096,0,0.574951171875,-0.3336762688614541,-0.574951171875,0.3336762688614541,2506,2206,2257,2080,2506,2231,2284,2081,0,-74,-103,-11,5000,4900,4900,5000,-43.410000000000004,29.38,-187.37,-18.965357891674586,14.161563384783541,63.14792241160667,-0.45792423330023285,0.35638849554202107,0.8144277971690852
,1097,0,-0.643798828125,0.16632373113854593,0.643798828125,-0.16632373113854593,1711,2532,3052,1754,1760,2532,3052,1759,-222,0,20,-16,5100,5000,4900,4800,-37.61,47.0,-236.94,29.19533830771607,-7.059497159105113,57.535148500017996,0.8205906814371995,-0.16094301007382902,0.5483869811062332
,1098,0,0.106201171875,0.6663237311385459,-0.106201171875,-0.6663237311385459,2200,2858,2563,1428,2200,2859,2563,1479,-1,0,-18,-226,4800,4700,5100,5000,-37.65,74.52,-214.68,4.97681827444174,-32.872712118043474,57.56379953018494,0.11309466088066943,-0.845471076296233,0.5219082839223533
,1099,0,-0.268798828125,-0.6114540466392319,0.268798828125,0.6114540466392319,1956,2025,2807,2261,1968,2073,2806,2261,-32,-208,21,-5,5000,5000,5100,4900,-38.14,12.68,-216.16,10.98705992707221,28.693170975229965,57.93140559973891,0.33900464867831276,0.7246870167260078,0.59992047469915
,1100,0,0.481201171875,-0.11145404663923186,-0.481201171875,0.11145404663923186,2445,2351,2318,1935,2446,2354,2343,1936,0,-16,-89,3,5000,4900,5000,4900,-46.86,37.42,-191.46,-15.486047819849205,5.851112094757099,66.62685914287852,-0.422406978758301,0.16089255760696142,0.8920122920694392
,1101,0,-0.456298828125,0.38854595336076825,0.456298828125,-0.38854595336076825,1834,2677,2929,1609,1865,2678,2928,1633,-111,0,19,-72,5000,5000,5000,4900,-40.910000000000004,59.14,-228.95000000000002,20.326953829333746,-18.57330856455382,60.83569446445276,0.5642839281096079,-0.4550555758820363,0.68884546259365
,1102,0,0.293701171875,-0.4447873799725651,-0.293701171875,0.4447873799725651,2322,2134,2441,2152,2322,2168,2448,2154,0,-125,-30,-12,5000,5000,5000,4800,-43.77,19.96,-203.88,-1.8100250545366237,22.34617076613209,63.538892052615395,-0.015586387571237115,0.5777597690070603,0.8160580333771537
,1103,0,-0.081298828125,0.055212620027434656,0.081298828125,-0.055212620027434656,2078,2460,2685,1826,2083,2460,2684,1832,-19,0,20,-17,5000,5000,5000,4900,-49.06,44.43,-212.72,5.196100736661634,-2.6941748695622394,68.90600411059138,0.16674903172242983,-0.07047187112837085,0.9834777454519742
,1104,0,0.668701171875,0.5552126200274345,-0.668701171875,-0.5552126200274345,2567,2786,2196,1500,2568,2786,2229,1535,0,0,-132,-124,5000,5000,4800,5000,-37.59,68.82000000000001,-187.96,-21.252864009112074,-25.22860813873421,57.41069284407686,-0.5006728305371799,-0.6352190027077977,0.5880676282204277
,1105,0,-0.690673828125,-0.2781207133058985,0.690673828125,0.2781207133058985,1681,2243,3082,2043,1734,2259,3082,2044,-246,-48,20,0,4800,5000,4900,4900,-35.93,32.09,-239.04,32.38809803763141,7.652488868913316,55.830961767754914,0.8499782581116678,0.1825714792113903,0.49417063421051255
,1106,0,0.059326171875,0.2218792866941014,-0.059326171875,-0.2218792866941014,2170,2569,2593,1717,2171,2570,2593,1732,0,-1,0,-42,4900,5000,5000,5000,-47.84,54.35,-211.99,3.744011910117109,-12.536668049071828,67.70414469654509,0.13260075756333112,-0.3385494056491836,0.9315585537303681
,1107,0,-0.315673828125,0.7218792866941013,0.315673828125,-0.7218792866941013,1925,2895,2838,1391,1943,2896,2837,1444,-53,0,16,-237,5000,4900,4900,4700,-35.14,76.3,-221.64000000000001,11.79473850335674,-35.16404774308118,55.078674823940815,0.29002267625413525,-0.8493449708111518,0.4410215049362027
,1108,0,0.434326171875,-0.7040466392318244,-0.434326171875,0.7040466392318244,2414,1965,2349,2321,2415,2023,2362,2321,0,-270,-39,0,5000,4900,5100,5000,-36.0,10.120000000000001,-197.29,-7.638093897069666,32.62531002253514,55.72867376410582,-0.16119289553539964,0.8268414465884171,0.5388414169609528
,1109,0,-0.503173828125,-0.20404663923182442,0.503173828125,0.20404663923182442,1803,2291,2960,1995,1841,2295,2959,1996,-153,-17,21,0,5000,5000,4900,4900,-41.59,32.0,-231.63,24.98834134143732,8.298532665206238,61.46816215894221,0.702548122839543,0.22441101570737124,0.6753264626266479
,1110,0,0.246826171875,0.29595336076817547,-0.246826171875,-0.29595336076817547,2292,2617,2471,1669,2293,2618,2477,1691,-1,-4,-26,-65,4900,5000,5000,4900,-47.08,57.74,-207.15,-1.3293762613551507,-15.564297303449372,66.93635985715133,-0.00771426326793969,-0.41616474041777823,0.9092565088990214
,1111,0,-0.128173828125,-0.5373799725651578,0.128173828125,0.5373799725651578,2047,2074,2716,2212,2049,2116,2716,2213,-13,-171,21,0,5000,5000,5000,4800,-41.160000000000004,15.200000000000001,-210.82,5.467913639781386,26.57844649700003,60.94028656126915,0.18679189707986807,0.6919727053132324,0.6973396319490169
,1112,0,0.621826171875,-0.03737997256515779,-0.621826171875,0.03737997256515779,2536,2400,2227,1886,2536,2402,2260,1886,0,-1,-137,0,5000,4900,4900,5000,-44.230000000000004,40.99,-183.94,-23.240007931298948,2.836270275040995,63.981290887826816,-0.6172962402959113,0.0733546274081627,0.783303549305339
,1113,0,-0.596923828125,0.462620027434842,0.596923828125,-0.462620027434842,1742,2726,3021,1560,1784,2727,3021,1588,-177,-6,18,-91,5000,5000,4800,4800,-35.94,61.88,-233.91,25.08696272730188,-21.680963754680754,55.88646275533455,0.6778666691043763,-0.5141013852712025,0.5255440462792532
,1114,0,0.153076171875,-0.37071330589849105,-0.153076171875,0.37071330589849105,2231,2182,2532,2104,2231,2212,2534,2105,0,-104,-20,-11,5000,5000,5000,4900,-45.32,22.88,-209.52,3.596117115735865,19.02393098399242,65.1120575444726,0.1303047184158461,0.5016206818356033,0.8552177336288996
,1115,0,-0.221923828125,0.12928669410150895,0.221923828125,-0.12928669410150895,1986,2508,2777,1778,2000,2508,2776,1787,-45,0,20,-24,5000,5000,5000,4900,-47.5,47.35,-219.43,11.678338475338109,-6.101946530738992,67.37245065389054,0.35925290532765025,-0.16045048272476906,0.9193437836886867
,1116,0,0.528076171875,0.6292866941015087,-0.528076171875,-0.6292866941015087,2475,2834,2288,1452,2476,2835,2312,1496,0,0,-84,-185,5000,5000,5100,5000,-37.34,73.01,-196.82,-12.723357421551555,-30.057660595135523,57.19628727958326,-0.2999332658777015,-0.7584806334011686,0.5785733875450011
,1117,0,-0.409423828125,-0.6484910836762688,0.409423828125,0.6484910836762688,1864,2001,2899,2285,1887,2050,2898,2285,-69,-215,20,0,5100,5000,5100,5000,-35.54,11.52,-222.09,16.993652589731028,29.409244992834015,55.347110224553305,0.4730595464536143,0.7123344032809901,0.5184538199410018
,1118,0,0.340576171875,-0.14849108367626884,-0.340576171875,0.14849108367626884,2353,2327,2410,1959,2353,2332,2426,1959,0,-18,-53,7,5000,5000,5000,5000,-48.17,34.05,-199.28,-7.443753682451728,8.641495064590977,67.95376075537406,-0.1857945871126566,0.24165840547643141,0.9524083086902517
,1119,0,-0.034423828125,0.35150891632373105,0.034423828125,-0.35150891632373105,2109,2653,2654,1633,2110,2654,2653,1660,-1,0,20,-84,5000,5000,5000,4900,-46.02,60.82,-209.98000000000002,1.2701487308798107,-18.84594935635537,65.89130980169767,0.055049489856657585,-0.507789525002962,0.8597205080511852
,1120,0,0.715576171875,-0.4818244170096022,-0.715576171875,0.4818244170096022,2597,2110,2166,2176,2598,2143,2204,2177,0,-123,-155,0,4800,4900,5000,4800,-38.14,23.5,-181.81,-24.06387125944056,20.42151308197547,57.84895164103827,-0.5835687560856242,0.5109457342112448,0.6311750657400916
,1121,0,-0.714111328125,0.018175582990397787,0.714111328125,-0.018175582990397787,1665,2436,3098,1850,1725,2436,3098,1850,-296,0,20,11,5100,5000,5000,5000,-35.11,40.69,-240.03,32.74702947691142,-0.9987965384345969,55.03163140895114,0.8890878955033173,-0.02052310654221239,0.45727619243444134
,1122,0,0.035888671875,0.5181755829903976,-0.035888671875,-0.5181755829903976,2154,2762,2609,1524,2155,2762,2609,1561,0,0,0,-140,5000,4900,5000,5000,-41.97,69.2,-212.75,3.4297429305561877,-27.415702373697066,61.8669730719387,0.11468360488040272,-0.7204714397945003,0.6839360900055468
,1123,0,-0.339111328125,-0.3151577503429355,0.339111328125,0.3151577503429355,1910,2219,2853,2067,1930,2245,2852,2068,-56,-85,20,-12,5000,5000,5000,5000,-43.92,27.62,-223.39000000000001,17.08509059145686,13.276324716798605,63.76405280834976,0.49214165697498247,0.330507334260876,0.8053331555758076
,1124,0,0.410888671875,0.1848422496570643,-0.410888671875,-0.1848422496570643,2399,2544,2364,1742,2400,2544,2385,1751,0,0,-66,-25,5000,5000,5000,4900,-47.39,52.050000000000004,-196.91,-11.125316155726352,-9.137944748186591,67.20348234091955,-0.2598659962996655,-0.24810269453611247,0.9332281162347726
,1125,0,-0.526611328125,0.6848422496570643,0.526611328125,-0.6848422496570643,1788,2870,2975,1416,1820,2871,2974,1464,-120,0,18,-199,4900,5000,5000,4600,-32.83,72.99,-228.9,19.284597439002937,-32.4006508881775,52.784017780627096,0.507464962289771,-0.7608689929181455,0.4044226596816367
,1126,0,0.223388671875,-0.5929355281207134,-0.223388671875,0.5929355281207134,2277,2037,2486,2249,2277,2084,2488,2249,0,-200,-22,0,5000,5000,4900,5000,-39.78,12.89,-207.23000000000002,2.061010129682728,29.14237251949607,59.54461760910148,0.09110848129230698,0.7639358720311442,0.6388280113306122
,1127,0,-0.151611328125,-0.09293552812071337,0.151611328125,0.09293552812071337,2032,2363,2731,1923,2040,2366,2730,1924,-26,-17,21,0,5000,5000,5000,5000,-48.18,36.08,-216.32,9.401361074513943,5.36730174952455,68.0198437352624,0.31263984750643886,0.17114239260078587,0.9343268203396655
,1128,0,0.598388671875,0.4070644718792866,-0.598388671875,-0.4070644718792866,2521,2689,2242,1597,2521,2690,2271,1621,0,0,-115,-76,5000,4900,4900,4900,-41.43,63.190000000000005,-188.97,-19.84374693793214,-19.679138745593015,61.242191054215866,-0.46704851895197447,-0.4818060193790557,0.7414368756912998
,1129,0,-0.620361328125,-0.42626886145404663,0.620361328125,0.42626886145404663,1727,2146,3036,2140,1770,2173,3036,2142,-183,-90,20,-12,5100,4900,5000,4900,-36.09,23.330000000000002,-235.09,29.090792658092795,16.678926724491944,55.96094974197838,0.7550423982031945,0.3955950463379818,0.5228915147795178
,1130,0,0.129638671875,0.07373113854595326,-0.129638671875,-0.07373113854595326,2216,2472,2547,1814,2216,2472,2549,1821,0,0,-22,-17,5000,5000,5000,5000,-49.21,46.17,-210.85,3.203091794409943,-4.292001269089269,69.05387619409387,0.12130254713243603,-0.11238919441137463,0.9862324072138096
,1131,0,-0.245361328125,0.5737311385459531,0.245361328125,-0.5737311385459531,1971,2798,2792,1488,1982,2798,2791,1530,-29,0,19,-167,5000,5000,5000,4700,-39.86,70.54,-218.47,9.04212464359287,-29.17637628376962,59.77716473394186,0.2583449488799856,-0.7329680458124175,0.629297808041728
,1132,0,0.504638671875,-0.25960219478738,-0.504638671875,0.25960219478738,2460,2255,2303,2031,2461,2273,2328,2032,0,-53,-86,-2,5000,4900,5000,4900,-45.47,32.160000000000004,-190.77,-15.784377852603086,11.144382148119583,65.2239723570925,-0.37541917982147766,0.27592016761083515,0.8848324703172784
,1133,0,-0.432861328125,0.24039780521262,0.432861328125,-0.24039780521262,1849,2581,2914,1705,1879,2582,2913,1718,-106,-3,19,-30,5000,4900,4900,4900,-43.18,51.83,-228.76,20.667061697004073,-11.263925284546453,63.09009964194361,0.5792183751659478,-0.28273319697387084,0.7645704762800182
,1134,0,0.317138671875,0.7403978052126199,-0.317138671875,-0.7403978052126199,2338,2907,2425,1379,2338,2908,2433,1433,0,0,-27,-245,5000,4900,5000,5000,-35.31,77.51,-210.91,1.004444865449159,-35.583478343329084,55.218464592190045,-0.006759823668898818,-0.8933962226687335,0.44921875974318404
,1135,0,-0.057861328125,-0.7349108367626886,0.057861328125,0.7349108367626886,2093,1945,2670,2341,2094,2002,2670,2341,0,-265,0,0,5100,5000,5000,4700,-34.69,6.88,-207.51,2.7957580718621386,35.10408363604107,54.443172125287404,0.11590892857507121,0.8821002014229783,0.45657896899235356
,1136,0,0.692138671875,-0.23491083676268854,-0.692138671875,0.23491083676268854,2582,2271,2181,2015,2583,2276,2221,2016,0,-18,-171,0,4900,4800,5000,4800,-41.75,33.6,-181.29,-25.333678103563585,10.395068101269338,61.4780688377531,-0.6561706764937139,0.2847859251229699,0.6988111477084747
,1137,0,-0.667236328125,0.26508916323731135,0.667236328125,-0.26508916323731135,1696,2597,3067,1689,1747,2598,3067,1703,-236,0,20,-33,5000,5100,4900,5000,-36.42,51.81,-235.96,27.868629711196263,-11.787361499764764,56.35204111848435,0.807021958280268,-0.2768073844150242,0.5216255656951596
,1138,0,0.082763671875,-0.5682441700960219,-0.082763671875,0.5682441700960219,2185,2054,2578,2232,2185,2098,2578,2234,0,-188,-1,-11,5000,4800,4900,4900,-40.35,13.69,-209.1,3.865643581647049,28.208679827747293,60.12195292018697,0.143711470202226,0.745529829019489,0.6507935827699027
,1139,0,-0.292236328125,-0.0682441700960219,0.292236328125,0.0682441700960219,1940,2380,2823,1906,1960,2381,2822,1906,-63,0,21,0,5000,5000,5000,5000,-46.49,37.19,-222.86,15.847187132753561,3.7768237195794327,66.35205895802606,0.5108018051761618,0.11923372312485978,0.8513899430334841
,1140,0,0.457763671875,0.4317558299039779,-0.457763671875,-0.4317558299039779,2429,2705,2334,1581,2430,2706,2354,1609,0,0,-66,-97,5000,5000,5000,5000,-43.49,64.35,-197.17000000000002,-11.756896370383004,-21.432711394901112,63.32954125524334,-0.2716367590645251,-0.5571496696456685,0.7847277978628281
,1141,0,-0.479736328125,-0.4015775034293553,0.479736328125,0.4015775034293553,1818,2162,2945,2124,1848,2188,2944,2126,-110,-86,20,-11,5000,4900,4900,4900,-39.94,23.56,-228.35,22.34098566795322,16.952587588017373,59.79086035812041,0.6192318597796092,0.4135546019536562,0.6674762130869082
,1142,0,0.270263671875,0.09842249657064461,-0.270263671875,-0.09842249657064461,2307,2488,2456,1798,2307,2488,2465,1805,0,0,-34,-18,5000,5000,5000,5000,-49.02,47.39,-203.59,-4.126256069307772,-4.976706666807914,68.84426128300362,-0.08027261898446203,-0.13260418064118842,0.9879131732687114
,1143,0,-0.104736328125,0.5984224965706446,0.104736328125,-0.5984224965706446,2063,2814,2700,1472,2065,2814,2699,1518,-11,0,19,-189,5000,4900,4900,4900,-39.53,72.45,-210.81,1.263652143102064,-30.520204207715118,59.427747977142204,0.07957092867836683,-0.7825294810948117,0.6175079582699701
,1144,0,0.645263671875,-0.6793552812071331,-0.645263671875,0.6793552812071331,2552,1981,2211,2305,2552,2035,2239,2305,0,-245,-109,0,5000,4800,4900,5000,-34.62,13.870000000000001,-186.63,-18.540395901263423,29.66407373896801,54.32389951810117,-0.43425987447087416,0.7378375475602729,0.5167340852264175
,1145,0,-0.573486328125,-0.17935528120713307,0.573486328125,0.17935528120713307,1757,2307,3006,1979,1800,2311,3005,1980,-183,-17,21,0,4800,5000,4800,4800,-40.19,34.32,-233.48000000000002,26.66723400925497,5.845931968765541,60.078568968916116,0.762322088200708,0.1427510794885813,0.6312583964955689
,1146,0,0.176513671875,0.32064471879286693,-0.176513671875,-0.32064471879286693,2246,2633,2517,1653,2246,2634,2520,1676,-7,0,-21,-70,4900,5000,5000,5000,-46.54,59.25,-210.8,2.2015864459056615,-17.339138414345364,66.41058291679832,0.09197851968172992,-0.46833555948244765,0.8787501098955383
,1147,0,-0.198486328125,-0.5126886145404664,0.198486328125,0.5126886145404664,2002,2090,2761,2196,2007,2130,2760,2197,-16,-162,19,0,5000,4800,5100,5000,-41.43,16.61,-214.16,8.694707728842502,24.9279094689497,61.22335444329579,0.2718484768368275,0.6362344386957798,0.7220139504600747
,1148,0,0.551513671875,-0.012688614540466325,-0.551513671875,0.012688614540466325,2491,2416,2272,1870,2492,2417,2303,1870,0,0,-126,0,5000,5000,4900,5000,-45.86,41.32,-187.84,-19.379439761702713,2.2248397783514307,65.62383956461493,-0.5169835129687803,0.05128107304258723,0.8544578976556185
,1149,0,-0.385986328125,0.48731138545953323,0.385986328125,-0.48731138545953323,1879,2742,2884,1544,1902,2743,2883,1577,-71,0,18,-116,5000,4900,4900,5000,-40.34,65.08,-225.06,16.01342473396508,-24.213304618337766,60.266035569402845,0.4391569123352636,-0.5954347292866926,0.6727545536876287
,1150,0,0.364013671875,-0.3460219478737997,-0.364013671875,0.3460219478737997,2368,2198,2395,2088,2369,2225,2409,2089,0,-85,-46,-12,5000,5000,5000,4900,-45.65,25.53,-199.37,-6.721819862047653,17.12620874632797,65.41656835078551,-0.14533788592304592,0.4364644179086921,0.887905237519774
,1151,0,-0.010986328125,0.1539780521262002,0.010986328125,-0.1539780521262002,2124,2524,2639,1762,2126,2524,2638,1773,-12,-1,20,-31,5000,5000,5000,4900,-48.77,50.51,-209.07,1.1108472790728285,-8.490759194010998,68.6173618461639,0.05165121185777635,-0.22369049955782222,0.9732906619921899
,1152,0,0.739013671875,0.6539780521262,-0.739013671875,-0.6539780521262,2613,2850,2150,1436,2614,2851,2191,1480,0,0,-173,-180,4900,5000,5100,4700,-34.11,73.16,-184.73,-24.782417304172583,-29.32792605357495,53.929781157407206,-0.5403451798480775,-0.7039087293862413,0.46102015933014934
,1153,0,-0.743408203125,-0.6237997256515775,0.743408203125,0.6237997256515775,1646,2017,3117,2269,1699,2058,3117,2269,-243,-161,22,0,5000,4800,5100,4800,-29.39,15.85,-237.28,31.842855118841896,23.962944280961402,49.25231795530381,0.7839742744655325,0.5446962294047931,0.2978092588359924
,1154,0,0.006591796875,-0.12379972565157749,-0.006591796875,0.12379972565157749,2135,2343,2628,1943,2136,2348,2628,1944,-10,-19,0,0,5000,5000,5000,5000,-48.7,34.03,-211.0,4.244567282968177,7.80311717790206,68.519424549899,0.16159497888919055,0.21317671504567148,0.9635573418121719
,1155,0,-0.368408203125,0.3762002743484223,0.368408203125,-0.3762002743484223,1891,2669,2872,1617,1914,2670,2871,1643,-71,0,18,-81,5000,5000,5000,4900,-42.800000000000004,59.26,-225.23000000000002,16.602728834044,-18.415875634658185,62.714593891522654,0.481491281753206,-0.46571356969926525,0.7424803139434898
,1156,0,0.381591796875,-0.45713305898491086,-0.381591796875,0.45713305898491086,2380,2126,2383,2160,2381,2159,2397,2162,0,-120,-47,-10,4900,4900,4900,5000,-43.15,19.93,-199.47,-6.204137913593172,22.69810523349163,62.90539831739916,-0.12706062357281767,0.578025828213936,0.8060655927744839
,1157,0,-0.555908203125,0.04286694101508903,0.555908203125,-0.04286694101508903,1769,2452,2994,1834,1810,2452,2993,1835,-174,0,20,-1,4800,5000,5000,5000,-40.6,40.19,-234.88,27.6317387122304,-0.10998876956331571,60.50487735105561,0.7672680597530791,-0.005957323717063202,0.6412988654105637
,1158,0,0.194091796875,0.542866941015089,-0.194091796875,-0.542866941015089,2258,2778,2505,1508,2258,2778,2507,1548,-1,0,-19,-157,5000,4900,5000,5000,-41.42,70.64,-211.43,2.009275469637373,-28.756262583691772,61.31590999401584,0.088912322602349,-0.7396891823567331,0.6670491079327544
,1159,0,-0.180908203125,-0.2904663923182441,0.180908203125,0.2904663923182441,2013,2235,2750,2051,2017,2259,2749,2052,-18,-78,21,-10,5000,4900,5000,5000,-46.13,27.830000000000002,-216.21,9.902673878980494,13.598477806938071,65.95259285935492,0.30211904923094235,0.34580557891907204,0.8883369752972329
,1160,0,0.569091796875,0.20953360768175577,-0.569091796875,-0.20953360768175577,2502,2561,2261,1725,2502,2562,2291,1735,0,0,-117,-25,5000,5000,5000,5000,-44.86,52.45,-188.48,-19.554606946025217,-8.924366203481021,64.64863577452381,-0.4853758635768315,-0.2394730729776855,0.8408703338658516
,1161,0,-0.649658203125,0.7095336076817556,0.649658203125,-0.7095336076817556,1707,2887,3056,1399,1752,2888,3055,1445,-187,0,20,-190,4900,5000,4900,4700,-28.63,72.67,-233.17000000000002,23.578679241078248,-32.40420277943719,48.59639926156951,0.6137747560656899,-0.7344515255189427,0.2895885106135966
,1162,0,0.100341796875,-0.7163923182441702,-0.100341796875,0.7163923182441702,2196,1957,2567,2329,2196,2017,2567,2329,0,-286,0,0,4800,4800,5100,4800,-35.730000000000004,7.78,-207.88,3.09574595321925,34.18173512312761,55.48613928285528,0.12956039183371418,0.8640046962057526,0.48652850872513115
,1163,0,-0.274658203125,-0.21639231824417005,0.274658203125,0.21639231824417005,1952,2283,2811,2003,1969,2288,2810,2003,-51,-18,20,10,5000,5000,5000,4900,-45.56,29.88,-221.07,14.600852946264837,11.196284582981477,65.40161085737303,0.45451497438983535,0.3250799053214394,0.8293004239789169
,1164,0,0.475341796875,0.28360768175582973,-0.475341796875,-0.28360768175582973,2441,2609,2322,1677,2442,2610,2343,1695,0,0,-68,-50,5000,4900,5000,4900,-45.65,56.42,-194.05,-14.29309315773969,-13.29036724082858,65.46374778986984,-0.3437243669282923,-0.342482765311691,0.8743907107490345
,1165,0,-0.462158203125,-0.5497256515775034,0.462158203125,0.5497256515775034,1830,2066,2933,2220,1860,2102,2932,2222,-105,-142,20,-12,5000,4900,5100,4800,-37.12,16.06,-225.26,19.817552305064964,24.65258604680438,56.94607428571703,0.5469485271722677,0.6038220853155056,0.579867396832519
,1166,0,0.287841796875,-0.049725651577503416,-0.287841796875,0.049725651577503416,2319,2392,2444,1894,2319,2394,2455,1894,0,-16,-40,0,5000,5000,5000,4900,-49.120000000000005,38.99,-201.68,-5.415295326430197,3.540954845183137,68.9212038638252,-0.12902775875571543,0.09408577551836793,0.9871675158328417
,1167,0,-0.087158203125,0.4502743484224965,0.087158203125,-0.4502743484224965,2074,2718,2689,1568,2077,2719,2688,1603,-14,0,19,-132,5000,5000,4900,5000,-43.81,65.65,-211.31,2.2486877495875603,-23.765487093299335,63.695288434850156,0.08990560148670577,-0.6226548943650438,0.777314521506301
,1168,0,0.662841796875,-0.3830589849108368,-0.662841796875,0.3830589849108368,2563,2174,2200,2112,2564,2199,2233,2114,0,-80,-135,-10,5000,4900,4900,5000,-40.93,27.62,-183.38,-22.80834518994817,16.20381031528175,60.652170801333995,-0.5546803336686512,0.40417347980478663,0.7273056617844543
,1169,0,-0.696533203125,0.11694101508916321,0.696533203125,-0.11694101508916321,1677,2500,3086,1786,1733,2500,3086,1788,-271,0,20,-10,5000,5000,4900,5000,-35.94,44.36,-238.32,30.770069354877165,-4.5316112276879466,55.86394688236378,0.8648527881046832,-0.10251272520407759,0.4914476534472306
,1170,0,0.053466796875,0.6169410150891632,-0.053466796875,-0.6169410150891632,2166,2826,2597,1460,2167,2827,2597,1507,0,0,-2,-200,5000,5000,5100,4700,-39.34,73.22,-213.9,4.289389879684109,-31.515175918125358,59.248743941135274,0.11322154727391076,-0.8078650833754131,0.5783899102644675
,1171,0,-0.321533203125,-0.6608367626886146,0.321533203125,0.6608367626886146,1921,1993,2842,2293,1937,2046,2842,2293,-42,-239,0,0,5000,4800,5100,5000,-36.39,10.69,-218.26,13.23240559638873,30.519823655015745,56.18373205679305,0.38904714284252556,0.7547824028925939,0.5281532400068658
,1172,0,0.428466796875,-0.16083676268861447,-0.428466796875,0.16083676268861447,2410,2319,2353,1967,2411,2324,2375,1968,0,-16,-73,0,5000,5000,5000,4800,-47.24,34.2,-194.63,-12.089525907682798,8.830812255007238,67.00990725366708,-0.3240651846322054,0.24634340663755708,0.9133984246294151
,1173,0,-0.509033203125,0.33916323731138553,0.509033203125,-0.33916323731138553,1799,2645,2964,1641,1834,2646,2963,1662,-138,0,21,-57,5000,4900,5000,4900,-40.730000000000004,56.04,-230.96,22.559420834058557,-15.629483500834603,60.65545832203516,0.6401694324372948,-0.3863247243458133,0.6640303495564369
,1174,0,0.240966796875,-0.4941700960219479,-0.240966796875,0.4941700960219479,2288,2102,2475,2184,2288,2141,2479,2186,0,-158,-25,-10,4900,4900,5000,5000,-42.63,17.47,-206.67000000000002,1.158370030443507,24.622256850722458,62.40229064710856,0.06580188602814431,0.6481835921364635,0.7586357114453612
,1175,0,-0.134033203125,0.005829903978052053,0.134033203125,-0.005829903978052053,2044,2428,2719,1858,2051,2429,2718,1861,-22,-3,19,-12,5000,5000,5000,5000,-48.71,41.52,-215.57,8.252857243775452,-0.0018278949471124406,68.55871831402325,0.2693831578127054,0.007339404639029928,0.9630051128765617
,1176,0,0.615966796875,0.5058299039780518,-0.615966796875,-0.5058299039780518,2533,2754,2230,1532,2533,2754,2258,1563,0,-6,-107,-110,5000,5000,4900,5000,-39.39,67.46000000000001,-189.26,-19.861820295869677,-23.96352802204975,59.21185071783984,-0.45858014524443663,-0.5901289682721043,0.6644185813127842
,1177,0,-0.602783203125,-0.32750342935528115,0.602783203125,0.32750342935528115,1738,2211,3025,2075,1780,2232,3025,2075,-174,-64,20,0,5000,5000,5000,4800,-37.85,28.63,-235.1,28.70695463492777,11.396474561516861,57.73184429498049,0.7693613177992021,0.2695727943740758,0.5791490923826335
,1178,0,0.147216796875,0.1724965706447188,-0.147216796875,-0.1724965706447188,2227,2536,2536,1750,2227,2537,2538,1762,0,-3,-19,-33,5000,5000,5000,5000,-48.49,51.480000000000004,-211.11,3.075008385527326,-9.608390696950842,68.34556969850689,0.11552667610868388,-0.25680921722596173,0.9595324971334052
,1179,0,-0.227783203125,0.6724965706447186,0.227783203125,-0.6724965706447186,1983,2862,2780,1424,1991,2863,2779,1475,-26,0,17,-228,5000,5000,5000,4700,-37.39,74.7,-218.06,8.335249384809003,-33.30070122076393,57.314468816333275,0.2132037757574698,-0.8242305839878269,0.5245837344236328
,1180,0,0.522216796875,-0.605281207133059,-0.522216796875,0.605281207133059,2471,2029,2292,2257,2472,2074,2313,2257,0,-188,-70,0,4900,4700,4900,4800,-38.32,15.19,-192.35,-12.943327062161472,27.936534613996393,58.0440109387506,-0.29982764768050785,0.7071207551175436,0.6403777161709862
,1181,0,-0.415283203125,-0.10528120713305889,0.415283203125,0.10528120713305889,1860,2355,2903,1931,1891,2357,2902,1932,-111,-16,20,0,5000,4900,5000,5000,-44.21,36.96,-227.99,20.986802880173315,3.6248017199124476,64.08723241268267,0.6154267746056599,0.08797316293134218,0.7832691795943019
,1182,0,0.334716796875,0.3947187928669409,-0.334716796875,-0.3947187928669409,2349,2681,2414,1605,2349,2682,2426,1632,0,0,-38,-83,5000,5000,5000,4900,-45.1,62.72,-203.37,-5.458718774629176,-20.258148946675824,64.95507563739692,-0.11264436710682584,-0.5363584333763352,0.8364394045626892
,1183,0,-0.040283203125,-0.43861454046639237,0.040283203125,0.43861454046639237,2105,2138,2658,2148,2106,2174,2657,2149,0,-133,19,-2,5000,5000,5000,4800,-44.01,19.87,-208.19,2.4942564204822304,22.120384090764723,63.79183742425957,0.10720182331566533,0.5869104314582427,0.8025234666496028
,1184,0,0.709716796875,0.06138545953360741,-0.709716796875,-0.06138545953360741,2594,2464,2169,1822,2595,2464,2212,1825,0,0,-187,-12,5000,4800,5000,4800,-42.26,44.36,-180.3,-27.111671678194426,-0.2621657730647726,62.007129322307435,-0.7028952952286794,-0.015019650388787812,0.7111347369152948
,1185,0,-0.719970703125,0.5613854595336074,0.719970703125,-0.5613854595336074,1662,2790,3101,1496,1715,2790,3100,1529,-241,0,21,-120,5100,5000,5100,5000,-31.23,64.52,-238.38,29.36487701207082,-24.652362433654282,51.1955311567324,0.7436722123044545,-0.5707931570082306,0.3480615068616132
,1186,0,0.030029296875,-0.2719478737997256,-0.030029296875,0.2719478737997256,2151,2247,2612,2039,2152,2270,2612,2041,0,-73,0,-11,5000,5000,5000,5000,-47.14,28.0,-210.0,3.6940400441690713,13.886660746004615,66.94401431305964,0.13411663503267582,0.3611428928905342,0.9228155498918341
,1187,0,-0.344970703125,0.22805212620027415,0.344970703125,-0.22805212620027415,1906,2573,2857,1713,1931,2574,2856,1727,-71,0,20,-37,5000,5000,5000,4900,-44.93,51.910000000000004,-224.71,16.617065020366,-11.042716272602384,64.8279124892477,0.49409412168955996,-0.28500596694188957,0.8213662993569567
,1188,0,0.405029296875,0.7280521262002742,-0.405029296875,-0.7280521262002742,2395,2899,2368,1387,2396,2900,2382,1439,0,-2,-46,-233,4800,5000,5100,5000,-34.980000000000004,77.08,-203.3,-6.552535424911866,-34.59728060582599,54.86439833618856,-0.1132141359917573,-0.8778755709563647,0.46531391697398977
,1189,0,-0.532470703125,-0.6978737997256516,0.532470703125,0.6978737997256516,1784,1969,2979,2317,1814,2023,2978,2317,-108,-244,20,0,4800,4800,5000,4900,-31.87,11.13,-227.05,21.979476543301274,29.426103961192272,51.69144677188275,0.6039771832878161,0.6916236710039411,0.3960659790675644
,1190,0,0.217529296875,-0.19787379972565156,-0.217529296875,0.19787379972565156,2273,2295,2490,1991,2273,2302,2498,1992,0,-23,-31,0,5000,5000,5000,4900,-48.02,30.66,-206.43,-0.0639686868856586,11.497646713059652,67.8185898259277,0.03454047811914556,0.3154274458441729,0.9483208749044396
,1191,0,-0.157470703125,0.30212620027434833,0.157470703125,-0.30212620027434833,2028,2621,2735,1665,2035,2622,2734,1688,-24,0,20,-67,5000,5000,5000,5000,-46.42,57.17,-215.91,7.45070596327605,-15.639777077110928,66.30188453652546,0.22669274912150686,-0.41207463783122356,0.8824992296608533
,1192,0,0.592529296875,-0.5312071330589849,-0.592529296875,0.5312071330589849,2517,2078,2246,2208,2517,2114,2275,2209,0,-138,-111,0,5000,5000,4900,4900,-39.31,18.88,-188.67000000000002,-16.88690200884048,24.528613855026556,59.030364192158345,-0.3964686889836123,0.6180563659510163,0.6788364362370651
,1193,0,-0.626220703125,-0.031207133058984926,0.626220703125,0.031207133058984926,1723,2404,3040,1882,1772,2406,3040,1882,-219,0,21,0,5000,4900,5100,5000,-38.74,38.78,-238.96,31.809520880984735,0.9927673806977637,58.654427399422275,0.8242242572140992,0.016666595950273887,0.5660181961733183
,1194,0,0.123779296875,0.46879286694101485,-0.123779296875,-0.46879286694101485,2212,2730,2551,1556,2212,2731,2553,1592,0,0,-19,-130,5000,5000,5000,4900,-43.410000000000004,66.64,-212.93,3.7928614976564177,-24.87253492174157,63.30225848520716,0.12230029025774614,-0.6609216743998467,0.7404222979566284
,1195,0,-0.251220703125,-0.3645404663923182,0.251220703125,0.3645404663923182,1967,2186,2796,2100,1980,2214,2795,2101,-35,-90,21,-11,5000,5000,5000,5000,-44.24,24.01,-218.26,12.232779941280995,17.253546889909472,64.06101263712354,0.37513527432657584,0.43911737901280823,0.8163635546769872
,1196,0,0.498779296875,0.1354595336076817,-0.498779296875,-0.1354595336076817,2456,2512,2307,1774,2457,2512,2333,1781,0,0,-94,-18,5000,5000,5000,4900,-46.65,48.75,-191.66,-16.116978652352458,-5.463492557959562,66.44071984740535,-0.40750509926185197,-0.15317732492060276,0.9002645728927446
,1197,0,-0.438720703125,0.6354595336076816,0.438720703125,-0.6354595336076816,1845,2838,2918,1448,1871,2839,2917,1493,-84,0,18,-186,5000,4800,4800,4900,-35.81,71.77,-225.74,16.213995983503054,-30.945425150467123,55.75186628649587,0.4398880515791516,-0.7402874581861424,0.5084023813183788
,1198,0,0.311279296875,-0.6423182441700961,-0.311279296875,0.6423182441700961,2334,2005,2429,2281,2334,2054,2436,2281,0,-215,-28,0,4900,5000,5000,5000,-38.21,11.22,-203.44,-1.5917458768446409,31.082260044450432,57.959653903742606,-0.003675995409563723,0.8010895956880197,0.5985331626051761
,1199,0,-0.063720703125,-0.14231824417009598,0.063720703125,0.14231824417009598,2089,2331,2674,1955,2093,2335,2673,1956,-16,-18,19,0,5000,5000,5000,5000,-48.45,33.2,-211.53,4.834735878982315,8.591443034420266,68.2693378204959,0.1728722009019354,0.25892465591844377,0.9503016493265898
,1200,0,0.686279296875,0.3576817558299039,-0.686279296875,-0.3576817558299039,2578,2657,2185,1629,2579,2658,2222,1650,0,0,-155,-61,5000,5000,4900,4900,-41.42,58.56,-184.4,-24.06180333897703,-14.726484610989253,61.20876620423249,-0.5957864447540336,-0.3989067456982325,0.6970738271401347
,1201,0,-0.673095703125,-0.47565157750342935,0.673095703125,0.47565157750342935,1692,2114,3071,2172,1742,2144,3070,2173,-229,-105,21,0,5100,4800,4900,5000,-33.980000000000004,21.52,-236.21,30.346619550062485,18.397119108331246,53.85066214320838,0.7784790814350371,0.43701688091663304,0.4505403040372293
,1202,0,0.076904296875,0.024348422496570654,-0.076904296875,-0.024348422496570654,2181,2440,2582,1846,2181,2441,2582,1851,0,-16,0,-15,5000,5000,5000,5000,-49.39,43.33,-210.98000000000002,3.5405208001406834,-1.4687818248978886,69.22844318991879,0.1333493135463258,-0.03764866027223905,0.9903537443542226
,1203,0,-0.298095703125,0.5243484224965704,0.298095703125,-0.5243484224965704,1937,2766,2826,1520,1953,2766,2825,1557,-44,0,19,-139,5000,4900,5000,4800,-40.61,67.69,-220.93,11.702355606215377,-26.512768571373407,60.52880639056296,0.3387868574044154,-0.6673221266117922,0.6632530773274682
,1204,0,0.451904296875,-0.3089849108367626,-0.451904296875,0.3089849108367626,2426,2223,2337,2063,2427,2245,2357,2063,0,-69,-66,0,5000,5000,5000,5000,-45.53,28.59,-194.19,-12.111935421807857,14.454077870074805,65.28706610136211,-0.281440814573367,0.36490616559711897,0.8874877791843038
,1205,0,-0.485595703125,0.19101508916323717,0.485595703125,-0.19101508916323717,1814,2549,2949,1737,1849,2549,2948,1745,-136,0,20,-21,5000,5000,5000,5000,-42.4,48.45,-231.51,23.6598019425262,-8.096487434541167,62.3115475953943,0.655251189751745,-0.2077235525511209,0.7262897521268388
,1206,0,0.264404296875,0.691015089163237,-0.264404296875,-0.691015089163237,2303,2874,2460,1412,2303,2875,2464,1466,0,0,-21,-237,5000,5000,5100,5000,-36.46,77.43,-207.49,-2.4037832293503527,-35.25026585430759,56.357872636298595,0.028403028833544366,-0.8602672260339722,0.5090516356568319
,1207,0,-0.110595703125,-0.5867626886145405,0.110595703125,0.5867626886145405,2059,2041,2704,2245,2061,2088,2704,2245,-13,-201,0,0,4800,5000,5100,5000,-39.89,13.200000000000001,-209.75,4.551157700719841,28.648644827814223,59.662930925868636,0.16245309150693707,0.7502879238253445,0.6408408729331279
,1208,0,0.639404296875,-0.0867626886145404,-0.639404296875,0.0867626886145404,2548,2367,2215,1919,2548,2368,2251,1919,0,-16,-149,0,5000,5000,4900,5000,-43.81,40.29,-183.1,-24.025187560035107,3.5950343718606845,63.557297968080306,-0.6369284098070587,0.10308294701257005,0.764000069905661
,1209,0,-0.579345703125,0.41323731138545927,0.579345703125,-0.41323731138545927,1753,2693,3010,1593,1791,2694,3010,1615,-154,-1,20,-67,5000,4900,5000,5000,-38.21,58.75,-235.89000000000001,27.28463519818459,-18.699457902879665,58.15605711697722,0.6840103878402066,-0.451893188804202,0.5726450342394147
,1210,0,0.170654296875,-0.4200960219478738,-0.170654296875,0.4200960219478738,2242,2150,2521,2136,2242,2183,2523,2138,0,-120,-20,-11,5000,5000,5000,4800,-44.32,20.580000000000002,-209.11,3.358804485704127,21.345530169786535,64.10609535027865,0.1261058058312037,0.5656040058007823,0.8149781802955043
,1211,0,-0.204345703125,0.07990397805212601,0.204345703125,-0.07990397805212601,1998,2476,2765,1810,2010,2476,2764,1817,-36,0,21,-18,5000,5000,5000,5000,-47.9,44.77,-218.71,11.148355340783866,-3.4751891483499975,67.7649599291351,0.3469533326119856,-0.09009355790430709,0.9335451439612229
,1212,0,0.545654296875,0.579903978052126,-0.545654296875,-0.579903978052126,2487,2802,2276,1484,2488,2802,2301,1524,0,0,-92,-164,5000,5000,5000,4900,-38.54,70.8,-195.48000000000002,-13.901116161278736,-27.752620024897773,58.38766141080913,-0.33690422897142874,-0.7036764751966699,0.6255677091698046
,1213,0,-0.391845703125,-0.2534293552812071,0.391845703125,0.2534293552812071,1876,2259,2887,2027,1901,2277,2886,2029,-82,-54,20,-12,5000,5000,5000,5000,-43.71,31.2,-225.70000000000002,19.126890981416466,9.536085914815935,63.56843871963409,0.5543066205796082,0.24044117049302016,0.7968263386168662
,1214,0,0.358154296875,0.24657064471879275,-0.358154296875,-0.24657064471879275,2364,2585,2399,1701,2364,2586,2415,1717,0,-1,-51,-40,5000,5000,5000,4900,-47.26,55.33,-200.68,-7.605681758040902,-12.685884785230293,67.09170040958962,-0.17514048036008276,-0.3350879837946492,0.9257655509121496
,1215,0,-0.016845703125,0.7465706447187928,0.016845703125,-0.7465706447187928,2120,2911,2643,1375,2121,2912,2641,1431,0,0,18,-261,5000,5100,5000,5000,-34.410000000000004,80.64,-206.97,-3.151897089851616,-38.41813086036681,54.31288927325838,0.020033346188362874,-0.9040587489622691,0.42693845395475266
,1216,0,0.733154296875,-0.74519890260631,-0.733154296875,0.74519890260631,2609,1938,2154,2348,2610,1995,2191,2348,0,-266,-149,0,4800,4700,4800,4800,-31.21,12.27,-183.67000000000002,-21.365210939381143,31.46910220410478,50.90162070998663,-0.5046518417650983,0.7708968543369467,0.38864451440422354
,1217,0,-0.731689453125,-0.24519890260630994,0.731689453125,0.24519890260630994,1654,2264,3109,2022,1710,2271,3109,2023,-267,-23,19,0,4800,5100,5000,4700,-33.88,33.21,-238.79,32.06254669968217,6.549188926027568,53.78251221690243,0.887029844091194,0.17015379918224868,0.42921526104671537
,1218,0,0.018310546875,0.25480109739369006,-0.018310546875,-0.25480109739369006,2143,2590,2620,1696,2144,2591,2620,1716,0,0,0,-55,5000,4900,5000,5000,-47.49,55.75,-211.99,3.642339866919201,-13.933688882154804,67.35701995302463,0.13116400079161972,-0.3797244782710142,0.9157539655923647
,1219,0,-0.356689453125,-0.5785322359396434,0.356689453125,0.5785322359396434,1898,2047,2865,2239,1918,2090,2864,2239,-60,-182,21,0,5000,5000,4900,4700,-38.15,14.42,-220.61,15.297406821239576,26.63152753311998,57.958534358407206,0.44459332097625515,0.6607054109830398,0.604818269268578
,1220,0,0.393310546875,-0.07853223593964331,-0.393310546875,0.07853223593964331,2387,2373,2376,1913,2388,2375,2395,1913,0,-16,-63,0,5000,4900,5000,5000,-48.27,38.07,-196.09,-10.92028385167933,4.866507654562454,68.05229012448046,-0.2954621957722251,0.13082530262889455,0.9463544954516321
,1221,0,-0.544189453125,0.4214677640603566,0.544189453125,-0.4214677640603566,1776,2699,2987,1587,1812,2700,2986,1612,-143,0,20,-82,5100,5000,4900,5000,-38.47,60.22,-231.28,22.578502970178675,-19.826814924573277,58.40502618767144,0.6376462435849055,-0.48319946661806334,0.5999379497098674
,1222,0,0.205810546875,-0.4118655692729767,-0.205810546875,0.4118655692729767,2265,2156,2498,2130,2265,2188,2501,2132,0,-117,-21,-12,5000,4900,5000,5000,-44.54,21.12,-208.17000000000002,2.381098550057658,20.876423305202167,64.3243379973518,0.09768105964714953,0.5452705404571678,0.8325493668820835
,1223,0,-0.169189453125,0.08813443072702343,0.169189453125,-0.08813443072702343,2021,2481,2742,1805,2031,2482,2741,1813,-31,-1,20,-19,5000,5000,5000,4900,-48.25,45.38,-216.95000000000002,9.347351798816305,-3.9536746697528145,68.11084697374373,0.2913121721733152,-0.10311999053651137,0.9510538816993571
,1224,0,0.580810546875,0.5881344307270233,-0.580810546875,-0.5881344307270233,2510,2807,2253,1479,2510,2807,2279,1519,0,0,-94,-149,5000,5000,4900,4900,-38.61,70.27,-194.18,-15.15893871457493,-27.128549693213408,58.45261251188403,-0.37704573719546425,-0.6928522892143846,0.6146480435119888
,1225,0,-0.637939453125,-0.6896433470507545,0.637939453125,0.6896433470507545,1715,1974,3048,2312,1757,2025,3048,2312,-173,-227,20,0,4900,4700,5000,4800,-29.86,12.4,-231.84,26.669212309984403,27.803673161324536,49.69866059711802,0.6871433083924905,0.645382434725701,0.33363990570516155
,1226,0,0.112060546875,-0.18964334705075436,-0.112060546875,0.18964334705075436,2204,2300,2559,1986,2204,2307,2560,1987,0,-23,-21,1,5000,5000,5000,5000,-47.85,30.46,-211.07,4.578674652443681,11.356431134732091,67.66231767799849,0.16679198020272362,0.3063084062950389,0.9372062716249008
,1227,0,-0.262939453125,0.31035665294924564,0.262939453125,-0.31035665294924564,1960,2626,2803,1660,1976,2627,2802,1683,-48,0,21,-71,5000,5000,5000,4900,-45.33,56.53,-220.66,12.237981370425587,-15.352334297742694,65.2250508331663,0.36492163291035995,-0.3965331343355228,0.8423738334065721
,1228,0,0.487060546875,-0.5229766803840878,-0.487060546875,0.5229766803840878,2449,2083,2314,2203,2450,2120,2336,2204,0,-146,-75,0,4900,4900,4900,5000,-40.77,17.93,-194.41,-11.0969248671162,25.058404431539124,60.50589346782472,-0.25214116295048494,0.6356706452748736,0.7296215900600823
,1229,0,-0.450439453125,-0.022976680384087733,0.450439453125,0.022976680384087733,1837,2409,2926,1877,1871,2410,2925,1877,-127,-1,20,0,5000,5000,5000,4900,-43.47,38.51,-230.31,23.18899714518068,1.9071546169824316,63.35748666999909,0.663947407252845,0.03869629083493956,0.7467773680809047
,1230,0,0.299560546875,0.47702331961591193,-0.299560546875,-0.47702331961591193,2326,2735,2437,1551,2326,2736,2445,1587,0,0,-31,-133,5000,5000,5000,5000,-43.53,66.78,-206.29,-2.839841649393975,-24.52491759639407,63.40231426078387,-0.04614211316341076,-0.6446538368082754,0.7630808188397771
,1231,0,-0.075439453125,-0.3563100137174211,0.075439453125,0.3563100137174211,2082,2192,2681,2094,2083,2222,2680,2094,0,-102,21,0,5000,4900,5000,5000,-45.6,23.69,-209.78,3.79519771343422,18.19768191258462,65.39450999643189,0.13750064435879625,0.47256596598640493,0.870502717165347
,1232,0,0.674560546875,0.1436899862825789,-0.674560546875,-0.1436899862825789,2571,2518,2192,1768,2572,2518,2230,1774,0,0,-161,-17,5000,4800,5000,5000,-42.81,48.32,-182.41,-25.299397788745097,-4.364987397264088,62.57168053311348,-0.6429781110553252,-0.1282127082214239,0.7550765856217855
,1233,0,-0.684814453125,0.6436899862825789,0.684814453125,-0.6436899862825789,1685,2844,3078,1442,1735,2845,3077,1483,-227,0,19,-167,5100,4800,4800,5000,-30.05,70.81,-232.74,23.282159636966213,-30.514457416626293,50.011262713677866,0.6479484840948463,-0.6922640136179736,0.31770001165993994
,1234,0,0.065185546875,-0.6340877914951989,-0.065185546875,0.6340877914951989,2173,2011,2590,2275,2174,2063,2590,2275,0,-233,0,0,4900,4800,4800,5000,-38.47,11.13,-208.33,3.2909132593671018,30.8139824461574,58.23436628027943,0.12906822011887795,0.8006672724833797,0.5850412919866176
,1235,0,-0.309814453125,-0.1340877914951989,0.309814453125,0.1340877914951989,1929,2337,2834,1949,1951,2340,2833,1950,-67,-16,19,0,5000,5000,5000,5000,-45.92,34.18,-223.08,16.289008057363105,6.761281969621983,65.77655637390488,0.5168071205974671,0.19986349643541404,0.8324451831156012
,1236,0,0.440185546875,0.3659122085048012,-0.440185546875,-0.3659122085048012,2418,2663,2345,1623,2419,2664,2364,1646,0,0,-62,-67,5000,5000,5000,5000,-44.76,61.24,-197.31,-11.392839226967908,-18.338478815153344,64.59357730645226,-0.26595280218159456,-0.47879850806555935,0.8366726335227844
,1237,0,-0.497314453125,-0.46742112482853226,0.497314453125,0.46742112482853226,1807,2119,2956,2167,1839,2152,2955,2169,-121,-119,20,-11,5000,5000,4900,4900,-38.46,20.7,-228.72,22.924028381253407,19.774383687157048,58.30612874286204,0.6198800987245047,0.4843930559654855,0.6173427172468435
,1238,0,0.252685546875,0.032578875171467736,-0.252685546875,-0.032578875171467736,2296,2445,2467,1841,2296,2445,2475,1845,0,0,-31,-12,5000,5000,5000,4900,-49.32,43.64,-203.85,-3.5927804474700338,-1.2552017094233605,69.13735617048383,-0.06547335810926791,-0.03663452797136489,0.9971816036902259
,1239,0,-0.122314453125,0.5325788751714677,0.122314453125,-0.5325788751714677,2051,2771,2712,1515,2055,2771,2711,1554,-16,0,19,-152,5000,5000,5100,5000,-41.62,69.55,-212.89000000000001,3.5447053854464343,-27.775820845012824,61.51812020813678,0.1172625685720349,-0.7139601594803091,0.6902973132547604
,1240,0,0.627685546875,-0.3007544581618655,-0.627685546875,0.3007544581618655,2540,2228,2223,2058,2540,2249,2254,2059,0,-64,-123,-12,4900,5000,5000,5000,-42.78,31.73,-184.5,-21.998156975708156,12.026949114193421,62.51400472635244,-0.5379862052186688,0.2970996920074352,0.7888615949604234
,1241,0,-0.591064453125,0.19924554183813448,0.591064453125,-0.19924554183813448,1746,2554,3017,1732,1789,2555,3017,1739,-185,-8,20,-21,5000,5000,5000,5000,-39.4,48.65,-236.04,28.171577328034573,-8.634981686139973,59.325780221382075,0.7662475199714336,-0.20575836024775532,0.6087103049282007
,1242,0,0.158935546875,0.6992455418381345,-0.158935546875,-0.6992455418381345,2235,2880,2528,1406,2235,2881,2530,1459,0,0,-17,-239,4900,4700,5000,4900,-36.74,75.79,-215.45000000000002,5.65422128587457,-34.19782519808985,56.65875782661995,0.1029144415216513,-0.8710563287773374,0.48028063652747255
,1243,0,-0.216064453125,-0.7266803840877915,0.216064453125,0.7266803840877915,1990,1950,2773,2336,1996,2009,2772,2336,-17,-281,20,0,5100,5000,4900,4800,-34.75,7.72,-212.78,7.9897589917186735,33.87999020538845,54.520952055620924,0.2534637670266901,0.844391795839703,0.4719731072034103
,1244,0,0.533935546875,-0.22668038408779145,-0.533935546875,0.22668038408779145,2479,2276,2284,2010,2480,2282,2313,2011,0,-21,-108,0,5000,4900,5000,5000,-45.11,31.84,-189.36,-17.16606423026184,11.566109663845623,64.85902214641744,-0.45784443937047525,0.3192272345423164,0.8297423950022076
,1245,0,-0.403564453125,0.27331961591220844,0.403564453125,-0.27331961591220844,1868,2602,2895,1684,1895,2603,2894,1701,-91,0,20,-44,4900,5000,5000,5000,-43.49,53.45,-227.04,18.831987418288975,-12.752712714523732,63.398181416704546,0.5344960558167677,-0.3163738108751329,0.7837228962513888
,1246,0,0.346435546875,-0.5600137174211248,-0.346435546875,0.5600137174211248,2357,2059,2406,2227,2357,2100,2417,2228,0,-172,-34,0,5000,4800,5000,4800,-40.59,14.89,-201.65,-3.652966726427138,27.558830932784463,60.34171517589979,-0.062090919477050706,0.7112005172457879,0.7002417739522672
,1247,0,-0.028564453125,-0.060013717421124824,0.028564453125,0.060013717421124824,2112,2385,2651,1901,2114,2387,2650,1902,-16,-16,20,-11,5000,5000,5000,5000,-49.22,37.89,-210.1,3.062381921583608,4.020706754307312,69.0445999099549,0.11003771078192498,0.11762500884215701,0.9869427843095852
,1248,0,0.721435546875,0.4399862825788752,-0.721435546875,-0.4399862825788752,2601,2711,2162,1575,2602,2712,2202,1603,0,0,-165,-95,5000,5000,5100,4900,-39.480000000000004,61.86,-184.11,-24.58745636637289,-18.000725176485183,59.27466754748035,-0.6062294931324035,-0.4831889347864039,0.6316757514393038
,1249,0,-0.708251953125,-0.3933470507544582,0.708251953125,0.3933470507544582,1669,2168,3094,2118,1725,2190,3094,2120,-270,-69,19,-13,5100,4800,5100,5000,-34.160000000000004,25.77,-236.57,30.39341271399786,14.13258162615351,54.04047906265997,0.8267816954829046,0.32952692996831046,0.45589914503108586
,1250,0,0.041748046875,0.10665294924554203,-0.041748046875,-0.10665294924554203,2158,2494,2605,1792,2159,2494,2605,1801,0,0,0,-22,5000,5000,5000,4900,-49.02,48.050000000000004,-211.36,3.5743763524154133,-6.204767702537268,68.86928922797394,0.13104479409066846,-0.16459504129421818,0.9776173762383159
,1251,0,-0.333251953125,0.6066529492455419,0.333251953125,-0.6066529492455419,1914,2819,2849,1467,1933,2820,2847,1511,-52,0,19,-186,4800,4800,5000,4700,-38.17,71.26,-221.96,12.474782733987837,-30.154223161707087,58.09928693214758,0.34654535347092424,-0.7437371054895333,0.5716305064512948
,1252,0,0.416748046875,-0.671124828532236,-0.416748046875,0.671124828532236,2403,1986,2360,2300,2404,2041,2374,2300,0,-252,-41,0,4900,4800,5100,5000,-37.15,11.22,-198.07,-6.944198681030713,31.473681524761393,56.88329977813531,-0.14606372718576083,0.8008510138359446,0.5807779620806419
,1253,0,-0.520751953125,-0.17112482853223587,0.520751953125,0.17112482853223587,1792,2312,2971,1974,1832,2316,2970,1975,-166,-17,20,0,5000,5000,5000,4800,-41.43,33.59,-232.75,25.989163777046656,6.630316166110184,61.314838434343855,0.7209549640447552,0.16999029400787483,0.6718089309932865
,1254,0,0.229248046875,0.32887517146776424,-0.229248046875,-0.32887517146776424,2280,2638,2483,1648,2280,2639,2488,1671,-1,0,-27,-74,5000,5000,5000,5000,-46.480000000000004,59.52,-208.47,-0.14175811056935572,-17.43766815922624,66.34403835268779,0.02657834740341332,-0.46806364950035406,0.8832949742106048
,1255,0,-0.145751953125,-0.5044581618655692,0.145751953125,0.5044581618655692,2036,2095,2727,2191,2038,2135,2726,2192,-14,-163,19,0,5000,5000,5000,5000,-41.96,16.76,-211.93,6.458190836819597,24.943061717609204,61.74686432959844,0.21098193352848799,0.6449615418360899,0.7345142839162452
,1256,0,0.604248046875,-0.004458161865569243,-0.604248046875,0.004458161865569243,2525,2421,2238,1865,2525,2422,2272,1865,0,0,-138,0,5000,4900,4900,4900,-44.7,41.65,-185.09,-22.142875149922418,2.0947769279205346,64.4561458932812,-0.5872880138041268,0.0482205953695104,0.8079403214496806
,1257,0,-0.614501953125,0.49554183813443053,0.614501953125,-0.49554183813443053,1730,2747,3033,1539,1774,2748,3033,1569,-183,0,20,-102,5000,5000,5000,4800,-35.07,63.160000000000004,-233.58,24.666484067676294,-22.935286743454675,55.01808983047293,0.6739460363317811,-0.5453148440996521,0.49842598338896216
,1258,0,0.135498046875,-0.33779149519890256,-0.135498046875,0.33779149519890256,2219,2204,2544,2082,2219,2233,2545,2083,0,-99,-6,-13,5000,4900,5000,4900,-46.06,24.73,-209.64000000000001,3.577968145474955,17.171796795630385,65.8562144924204,0.13082538329095386,0.4501458232465643,0.8833195666917197
,1259,0,-0.239501953125,0.1622085048010975,0.239501953125,-0.1622085048010975,1975,2530,2788,1756,1990,2530,2787,1767,-43,0,20,-30,5000,5000,5000,4900,-47.07,49.13,-220.14000000000001,12.257111155240068,-7.930195009132895,66.94826945882231,0.37278542200432513,-0.20834558038227366,0.9042251645891255
,1260,0,0.510498046875,0.6622085048010975,-0.510498046875,-0.6622085048010975,2464,2856,2299,1430,2465,2857,2321,1477,0,0,-73,-200,4900,5000,5000,4700,-37.54,74.3,-199.04,-10.604538525104118,-31.506540873954158,57.405696977801014,-0.26488956033458055,-0.7925015899775363,0.5493402868066656
,1261,0,-0.427001953125,-0.6155692729766804,0.427001953125,0.6155692729766804,1853,2023,2910,2263,1877,2070,2909,2263,-72,-201,20,0,5100,4800,5100,4900,-36.26,13.68,-223.17000000000002,17.910234814443385,27.17749605383313,56.074828369586015,0.5068126274111561,0.664628189717398,0.5490084973200101
,1262,0,0.322998046875,-0.1155692729766804,-0.322998046875,0.1155692729766804,2342,2349,2421,1937,2342,2353,2436,1938,0,-17,-51,0,5000,5000,5000,4900,-48.57,35.730000000000004,-200.06,-6.790232450207242,6.909727443671265,68.35958202901524,-0.1678786808881281,0.18840069397636003,0.9676372910406502
,1263,0,-0.052001953125,0.3844307270233198,0.052001953125,-0.3844307270233198,2097,2675,2666,1611,2099,2676,2665,1639,-14,0,18,-90,5000,5000,5000,5000,-45.36,62.65,-210.49,1.646457934153858,-20.70991746317535,65.23662340326769,0.06385175439681051,-0.5519182064908698,0.8314500867787262
,1264,0,0.697998046875,-0.4489026063100138,-0.697998046875,0.4489026063100138,2586,2131,2177,2155,2587,2161,2214,2156,0,-102,-155,0,4800,4800,5000,4900,-39.14,24.78,-182.35,-23.622097503128458,19.107630507110393,58.85321680905905,-0.5719379432139139,0.478825650438103,0.6660427806040428
,1265,0,-0.661376953125,0.051097393689986226,0.661376953125,-0.051097393689986226,1700,2457,3063,1829,1753,2457,3063,1830,-249,0,22,0,5000,5000,4900,5000,-37.93,40.160000000000004,-238.17000000000002,30.922775316863095,-0.32741415614323444,57.844857751834894,0.838586335665228,-0.023678591783137484,0.5442538763543476
,1266,0,0.088623046875,0.5510973936899861,-0.088623046875,-0.5510973936899861,2189,2783,2574,1503,2189,2783,2575,1542,0,0,0,-153,5000,5000,4800,4900,-41.17,70.66,-213.07,3.644106615964745,-28.89705129388205,61.07094946233606,0.11211503858127782,-0.7519346040490473,0.6496341811800865
,1267,0,-0.286376953125,-0.28223593964334703,0.286376953125,0.28223593964334703,1944,2240,2819,2046,1960,2262,2818,2047,-47,-68,20,0,5000,4900,5000,5000,-45.08,28.990000000000002,-221.06,14.657543171554096,12.083529394540555,64.9197572875843,0.4352926792714728,0.30287516020371463,0.8478130222544572
,1268,0,0.463623046875,0.21776406035665297,-0.463623046875,-0.21776406035665297,2433,2566,2330,1720,2434,2567,2352,1731,0,0,-75,-30,5000,5000,5000,4900,-46.12,53.81,-194.39000000000001,-13.763937510499375,-10.711270619825733,65.92942463117222,-0.3296296062502762,-0.27993538034855725,0.90165431597281
,1269,0,-0.473876953125,0.7177640603566529,0.473876953125,-0.7177640603566529,1822,2892,2941,1394,1850,2893,2940,1443,-101,0,19,-211,4800,4900,5100,5000,-32.99,74.97,-227.01,17.2540107886374,-34.23634090368524,52.94232135709498,0.44355498976654933,-0.8026227180221924,0.39881793285641615
,1270,0,0.276123046875,-0.708161865569273,-0.276123046875,0.708161865569273,2311,1962,2452,2324,2311,2021,2456,2325,0,-278,-23,-13,5000,4800,5000,4700,-36.19,8.59,-205.03,0.19269606605359968,33.58397734852095,55.939114994703786,0.04458231892318596,0.8555353125868514,0.5158214281671031
,1271,0,-0.098876953125,-0.20816186556927296,0.098876953125,0.20816186556927296,2067,2288,2696,1998,2072,2294,2695,1998,-17,-22,20,5,5000,5000,5000,5000,-47.53,29.8,-212.79,6.343366699198782,11.88778352181108,67.3462059558736,0.21771365210868088,0.35659966544567134,0.9085358794728671
,1272,0,0.651123046875,0.29183813443072704,-0.651123046875,-0.29183813443072704,2555,2614,2208,1672,2555,2615,2241,1690,0,0,-130,-54,5000,5000,5000,4900,-42.69,55.83,-185.12,-23.147181838161117,-12.053764073216207,62.475349181068765,-0.5872480881002392,-0.3124811264419695,0.7466560310076998
,1273,0,-0.567626953125,-0.5414951989026063,0.567626953125,0.5414951989026063,1761,2071,3002,2215,1801,2104,3001,2217,-161,-125,21,-11,4900,5000,4900,4900,-35.52,17.0,-230.27,24.74971431676346,23.3440619721221,55.36327845670583,0.6483475112869949,0.5670056771961611,0.5080847041933887
,1274,0,0.182373046875,-0.04149519890260622,-0.182373046875,0.04149519890260622,2250,2397,2513,1889,2250,2399,2518,1890,0,-16,-25,-11,5000,5000,5000,5000,-49.370000000000005,39.01,-207.48000000000002,0.36686998307988006,3.0962130254029603,69.18891461676004,0.042375138503646215,0.085711298573709,0.9954184652364075
,1275,0,-0.192626953125,0.45850480109739356,0.192626953125,-0.45850480109739356,2005,2723,2758,1563,2013,2724,2756,1598,-25,0,19,-124,5000,5000,5000,4900,-43.26,65.11,-216.51,7.475855204044649,-23.609551286313895,63.160027351672525,0.22489538492617228,-0.6077648212681213,0.7616061894889236
,1276,0,0.557373046875,-0.3748285322359397,-0.557373046875,0.3748285322359397,2494,2180,2269,2106,2495,2205,2297,2106,0,-80,-110,0,5000,4900,5000,4900,-43.07,26.240000000000002,-189.02,-17.088523880201677,17.17131928520284,62.80650842057855,-0.40671009385635715,0.4306570019769552,0.8056807346608045
,1277,0,-0.380126953125,0.12517146776406052,0.380126953125,-0.12517146776406052,1883,2506,2880,1780,1912,2506,2879,1786,-100,0,18,-17,5000,4900,5000,4900,-45.06,45.88,-226.68,19.02364520458289,-5.17315171474344,64.95153982465887,0.5431755412367918,-0.13597913287311655,0.8285348555282355
,1278,0,0.369873046875,0.6251714677640603,-0.369873046875,-0.6251714677640603,2372,2832,2391,1454,2373,2833,2403,1500,0,0,-36,-193,5000,4800,4800,4700,-38.92,72.76,-204.97,-4.5815693740728705,-30.40245654096544,58.80059496381108,-0.10182010625985846,-0.7899147512002626,0.6047043507346862
,1279,0,-0.005126953125,-0.6526063100137174,0.005126953125,0.6526063100137174,2128,1999,2635,2287,2129,2051,2635,2287,0,-231,0,0,4800,5000,5100,4900,-37.85,10.34,-207.4,2.4231550686041885,31.66865041420912,57.60991581246775,0.10470669352002253,0.8181628131664458,0.5653725492838076
,1280,0,0.744873046875,-0.15260631001371738,-0.744873046875,0.15260631001371738,2617,2325,2146,1961,2618,2328,2194,1961,0,-15,-217,10,5000,5000,5100,5000,-40.58,38.82,-178.62,-28.375957020536788,5.382296350140692,60.3106535892546,-0.7302408873451866,0.1530060456654666,0.6658358629866158
,1281,0,-0.746337890625,0.3473936899862826,0.746337890625,-0.3473936899862826,1644,2650,3119,1636,1703,2651,3118,1654,-290,0,21,-50,5000,5000,4800,5000,-32.87,55.67,-239.64000000000001,31.26584409044861,-15.914901093584326,52.82119824986884,0.843770424512195,-0.3565985453883084,0.40110964603890187
,1282,0,0.003662109375,-0.48593964334705075,-0.003662109375,0.48593964334705075,2133,2107,2630,2179,2134,2146,2630,2181,0,-158,0,-12,5000,5000,5000,5000,-42.71,17.61,-209.49,3.960263614557249,24.276001281793626,62.491169352589836,0.1475309095731806,0.6497055694879481,0.7457327293989789
,1283,0,-0.371337890625,0.014060356652949357,0.371337890625,-0.014060356652949357,1889,2433,2874,1853,1916,2433,2873,1855,-89,-5,20,-12,5000,5000,4900,5000,-45.24,40.42,-226.39000000000001,19.13437084198307,0.2938077468302538,65.11945074965234,0.5922977502562752,0.02300684149036603,0.8053906258990058
,1284,0,0.378662109375,0.5140603566529491,-0.378662109375,-0.5140603566529491,2378,2759,2385,1527,2379,2759,2399,1561,0,0,-42,-127,4900,5000,5000,4900,-41.94,69.24,-202.9,-6.396533387814543,-26.73327855007978,61.80704444784085,-0.1429380000792276,-0.6785367901184719,0.7205251921959924
,1285,0,-0.558837890625,-0.319272976680384,0.558837890625,0.319272976680384,1767,2216,2996,2070,1804,2238,2995,2071,-144,-67,20,-11,5000,4900,5000,4900,-39.27,28.61,-233.32,26.929122086043662,11.550186558912415,59.14637038169114,0.7323337379868039,0.2750514861589533,0.6229237322241196
,1286,0,0.191162109375,0.18072702331961588,-0.191162109375,-0.18072702331961588,2256,2542,2507,1744,2256,2542,2512,1755,0,0,-24,-29,5000,5000,5000,5000,-48.46,52.120000000000005,-209.14000000000001,1.063468453288067,-10.10225687128598,68.31088104251607,0.059797980406627226,-0.2703084105553729,0.9609149622741424
,1287,0,-0.183837890625,0.6807270233196159,0.183837890625,-0.6807270233196159,2011,2868,2752,1418,2016,2869,2751,1471,-16,-2,19,-236,5000,5000,5000,4700,-37.56,74.67,-217.53,7.808388457460666,-33.231526786686764,57.48279130711731,0.1615352384005071,-0.8390708014550765,0.5194868207187041
,1288,0,0.566162109375,-0.5970507544581619,-0.566162109375,0.5970507544581619,2500,2035,2263,2251,2500,2078,2286,2251,0,-174,-84,0,5000,5000,5100,5000,-38.01,16.15,-189.93,-15.426314805583843,27.155897711781442,57.72860977687175,-0.36237222955478743,0.6854284511089263,0.6315648863402006
,1289,0,-0.652587890625,-0.0970507544581618,0.652587890625,0.0970507544581618,1706,2361,3057,1925,1757,2363,3057,1925,-237,-15,20,10,5000,4800,5000,5000,-37.83,38.59,-239.63,32.49427721448623,1.131052754267074,57.74608499746893,0.8444359157265963,0.023671914323297856,0.535133277514355
,1290,0,0.097412109375,0.4029492455418382,-0.097412109375,-0.4029492455418382,2195,2687,2568,1599,2195,2687,2568,1627,0,0,-2,-97,5000,5000,5000,5000,-44.800000000000004,63.550000000000004,-212.64000000000001,3.7262651178249087,-21.766440482840544,64.68502464722502,0.12510392759233874,-0.5881047552396318,0.7990505642107416
,1291,0,-0.277587890625,-0.43038408779149523,0.277587890625,0.43038408779149523,1950,2143,2813,2143,1963,2175,2813,2145,-34,-120,0,-9,5000,4900,5000,5000,-42.71,21.14,-219.04,13.225594513741868,20.055133754347935,62.52751002358967,0.3923407186629735,0.5058056746785674,0.7682638739013964
,1292,0,0.472412109375,0.06961591220850483,-0.472412109375,-0.06961591220850483,2439,2469,2324,1817,2440,2469,2348,1821,0,0,-82,-13,5000,5000,5000,4900,-47.19,45.19,-192.29,-15.229129795882557,-1.9580659008061332,66.97533032184745,-0.3826633792245143,-0.06369690133304931,0.9216894503904463
,1293,0,-0.465087890625,0.5696159122085047,0.465087890625,-0.5696159122085047,1828,2795,2935,1491,1858,2795,2934,1529,-106,0,18,-139,4900,5000,4800,5000,-37.160000000000004,68.37,-227.87,18.583723985776516,-27.707736249537625,57.101369815961036,0.4962455549734192,-0.6668042534622295,0.5559788096086064
,1294,0,0.284912109375,-0.2637174211248285,-0.284912109375,0.2637174211248285,2317,2252,2446,2034,2317,2273,2454,2035,-1,-64,-32,0,5000,5000,5000,4900,-47.34,29.310000000000002,-203.28,-3.1044918896512854,13.073480457381173,67.12622672487349,-0.05044615901492802,0.3321353363690859,0.9418817884297553
,1295,0,-0.090087890625,0.23628257887517157,0.090087890625,-0.23628257887517157,2072,2578,2691,1708,2077,2579,2690,1725,-16,0,19,-46,5000,5000,5000,5000,-47.68,54.58,-212.51,4.246201950251077,-12.804547303052935,67.5462020839393,0.13872436592794715,-0.3366642895942981,0.9313499376764114
,1296,0,0.659912109375,0.7362825788751715,-0.659912109375,-0.7362825788751715,2561,2904,2202,1382,2562,2905,2232,1431,0,0,-119,-214,4800,4700,4800,4900,-31.96,78.35000000000001,-191.75,-18.155804778838387,-35.023653214581564,51.811834381292215,-0.4208198223378764,-0.8094593957341194,0.40949501069643407
,1297,0,-0.699462890625,-0.7390260631001372,0.699462890625,0.7390260631001372,1675,1942,3088,2344,1724,1997,3088,2344,-220,-255,21,0,4700,4800,4700,4700,-27.34,10.83,-233.39000000000001,28.337460593379035,29.25004621007482,47.180178381814585,0.7137846977220602,0.6544128358365119,0.24951001100204712
,1298,0,0.050537109375,-0.2390260631001372,-0.050537109375,0.2390260631001372,2164,2268,2599,2018,2165,2276,2599,2019,0,-24,0,0,5000,5000,5000,5000,-47.160000000000004,27.84,-211.32,5.022156706237212,13.949468065946363,66.967707613774,0.18584474719220617,0.39298913183004736,0.9005671947192673
,1299,0,-0.324462890625,0.2609739368998629,0.324462890625,-0.2609739368998629,1919,2594,2844,1692,1942,2595,2843,1712,-69,0,21,-57,5000,5000,5000,5000,-45.21,53.2,-223.96,15.773664583875046,-12.273599642815277,65.10827267304744,0.46951267581669803,-0.31721401081622813,0.823973979315686
,1300,0,0.425537109375,-0.5723593964334706,-0.425537109375,0.5723593964334706,2408,2051,2355,2235,2409,2092,2373,2236,0,-171,-53,0,5100,5000,5000,4900,-39.83,14.85,-198.21,-7.078558424877997,27.84928231237434,59.57115725361302,-0.14640153107520298,0.7090484967301752,0.6897947672920658
,1301,0,-0.511962890625,-0.07235939643347056,0.511962890625,0.07235939643347056,1797,2377,2966,1909,1836,2378,2965,1909,-156,0,20,0,5000,4900,5000,4900,-41.94,37.35,-232.91,25.871482387874977,2.8698746978736693,61.83303825546484,0.7251896894494908,0.060661504628707244,0.6858717782299643
,1302,0,0.238037109375,0.42764060356652944,-0.238037109375,-0.42764060356652944,2286,2703,2477,1583,2286,2704,2482,1613,0,0,-26,-107,5000,4900,5000,4900,-44.68,64.3,-209.57,0.6098844746210546,-22.28954211816916,64.55721085383406,0.030601039396943388,-0.5987353140183836,0.8003621681058731
,1303,0,-0.136962890625,-0.4056927297668039,0.136962890625,0.4056927297668039,2042,2160,2721,2126,2046,2192,2720,2127,-15,-112,22,-1,5000,4900,5000,4900,-44.32,21.28,-212.22,6.409073678900029,20.41933430611541,64.11700732344872,0.21305048887835912,0.5289480542257565,0.8214763813521839
,1304,0,0.613037109375,0.09430727023319618,-0.613037109375,-0.09430727023319618,2531,2485,2232,1801,2531,2485,2265,1806,0,0,-132,-13,4900,4900,5000,4900,-44.480000000000004,46.12,-185.09,-22.470091515295735,-2.3636736935391554,64.2453201210484,-0.5813142828838492,-0.07127261680825799,0.810551613784427
,1305,0,-0.605712890625,0.5943072702331962,0.605712890625,-0.5943072702331962,1736,2811,3027,1475,1777,2811,3026,1513,-171,0,18,-141,5100,5000,5000,5000,-33.38,68.58,-232.77,23.46602053596436,-28.285109386128532,53.33675553861906,0.6170821105079022,-0.6571833175885481,0.4328045239763834
,1306,0,0.144287109375,-0.6834705075445816,-0.144287109375,0.6834705075445816,2225,1978,2538,2308,2225,2036,2539,2308,0,-274,-1,0,5000,5100,5000,5000,-36.97,9.08,-207.94,3.05665449345787,32.88365373169327,56.72898141240577,0.12841537941438896,0.8393368115565697,0.5282264733009034
,1307,0,-0.230712890625,-0.1834705075445816,0.230712890625,0.1834705075445816,1981,2304,2782,1982,1994,2309,2781,1983,-35,-18,19,0,5000,5000,5000,4900,-46.54,31.27,-219.43,12.86049717616973,9.932531013850792,66.37945987946492,0.40836853010997265,0.29006371223177074,0.8655045848879978
,1308,0,0.519287109375,0.3165294924554185,-0.519287109375,-0.3165294924554185,2470,2630,2293,1656,2471,2631,2317,1675,0,-1,-83,-56,4900,4900,4900,5000,-44.15,58.38,-192.13,-16.347337762914123,-15.10767920968987,63.961930121194555,-0.39353903595514816,-0.3790819028884125,0.8375105599823758
,1309,0,-0.418212890625,-0.516803840877915,0.418212890625,0.516803840877915,1858,2087,2905,2199,1884,2123,2904,2200,-84,-139,20,0,4900,4900,5000,5000,-38.68,17.38,-223.52,17.980925344159573,23.467294242584423,58.50347107052315,0.5068874168307351,0.5820122904878828,0.635866998970471
,1310,0,0.331787109375,-0.016803840877914977,-0.331787109375,0.016803840877914977,2347,2413,2416,1873,2347,2414,2431,1874,0,0,-51,-10,5000,5000,5000,4900,-48.86,40.71,-199.25,-7.964142629592459,2.003213389664488,68.65733146825872,-0.1886800123799982,0.04558198590781066,0.9809801911807311
,1311,0,-0.043212890625,0.4831961591220848,0.043212890625,-0.4831961591220848,2103,2739,2660,1547,2104,2740,2659,1585,0,0,18,-140,5000,5000,5000,5000,-43.34,67.17,-210.53,1.3606649739154477,-25.225252848673342,63.226034250718655,0.04090308667469352,-0.6661224900794005,0.7447199243412934
,1312,0,0.706787109375,-0.35013717421124824,-0.706787109375,0.35013717421124824,2592,2196,2171,2090,2593,2219,2209,2091,0,-67,-153,-12,4900,4900,5000,5000,-40.42,30.13,-181.16,-25.20497943499919,13.862229703711535,60.14056105263174,-0.6212906342171829,0.34400339569547483,0.7040309734549987
,1313,0,-0.722900390625,0.14986282578875176,0.722900390625,-0.14986282578875176,1660,2522,3103,1764,1719,2522,3103,1768,-285,0,20,-15,5000,4900,4900,4800,-34.95,46.08,-239.26,31.58423962101091,-6.318160486319236,54.88034710388287,0.8777185251782516,-0.14020181360552542,0.45820698600156406
,1314,0,0.027099609375,0.6498628257887515,-0.027099609375,-0.6498628257887515,2149,2848,2614,1438,2150,2849,2614,1488,0,0,0,-221,5100,5000,4700,4700,-37.75,74.89,-211.68,1.9574844898173183,-33.02147232865209,57.655417742158875,0.1068406424792745,-0.8363359805131833,0.5377055000775686
,1315,0,-0.347900390625,-0.6279149519890261,0.347900390625,0.6279149519890261,1904,2015,2859,2271,1923,2065,2859,2271,-51,-218,0,0,5000,4800,4800,5000,-37.15,12.36,-219.92000000000002,14.763246726095161,28.734308409763084,56.95221155851674,0.42697870525860643,0.7112845530002809,0.5583578332206636
,1316,0,0.402099609375,-0.12791495198902603,-0.402099609375,0.12791495198902603,2393,2341,2370,1945,2394,2345,2390,1946,0,-16,-67,0,5000,5000,5000,5000,-47.800000000000004,35.84,-195.88,-10.964800819594615,7.1048309256416005,67.57707735769786,-0.2931165793707616,0.19410460528368265,0.9361656226895159
,1317,0,-0.535400390625,0.37208504801097386,0.535400390625,-0.37208504801097386,1782,2667,2981,1619,1818,2668,2980,1641,-142,0,19,-64,5000,5000,5000,5000,-39.46,56.980000000000004,-233.61,25.136995988127666,-16.764179644682777,59.39546983547595,0.6637800673574851,-0.4092904923877792,0.6260010503344727
,1318,0,0.214599609375,-0.4612482853223594,-0.214599609375,0.4612482853223594,2271,2123,2492,2163,2271,2158,2495,2165,0,-130,-23,-11,5000,4900,5000,4900,-43.4,18.77,-207.85,2.2376147181356885,23.24096945341956,63.17854835569531,0.09643055893731353,0.6111905473090005,0.7855872085154909
,1319,0,-0.160400390625,0.0387517146776406,0.160400390625,-0.0387517146776406,2026,2449,2737,1837,2034,2449,2736,1842,-26,0,20,-15,5000,5000,5000,4900,-48.45,42.92,-216.74,9.317769143260733,-1.4844504588053908,68.30515771086691,0.3012152541629471,-0.03719566068298684,0.95283044319853
,1320,0,0.589599609375,0.5387517146776406,-0.589599609375,-0.5387517146776406,2515,2775,2248,1511,2515,2775,2276,1545,0,0,-108,-127,5000,5000,5100,4900,-39.300000000000004,68.76,-191.4,-17.82268150021065,-25.417172566816966,59.131039149937564,-0.4065154100780111,-0.6497069175541543,0.6423598233477755
,1321,0,-0.629150390625,-0.2945816186556927,0.629150390625,0.2945816186556927,1721,2232,3042,2054,1765,2251,3042,2055,-185,-56,20,-13,4800,4900,4800,4800,-37.46,30.8,-235.86,29.306872399526497,9.175701194391209,57.34861547614726,0.8033476826970557,0.21162682221377205,0.5566386519322677
,1322,0,0.120849609375,0.20541838134430734,-0.120849609375,-0.20541838134430734,2210,2558,2553,1728,2210,2558,2554,1742,0,0,-7,-39,5000,5000,5000,5000,-48.08,53.39,-211.83,3.654161490075154,-11.566976748343016,67.94168560525164,0.13198416012566064,-0.3139298885552326,0.9402277418517404
,1323,0,-0.254150390625,0.7054183813443071,0.254150390625,-0.7054183813443071,1965,2884,2798,1402,1976,2885,2797,1454,-29,0,17,-233,4800,5000,5000,5000,-35.45,77.10000000000001,-215.8,5.910920942760782,-35.532890893875226,55.372521116643284,0.22118668800991678,-0.8541773663170209,0.4705926857898687
,1324,0,0.495849609375,-0.7205075445816187,-0.495849609375,0.7205075445816187,2454,1954,2309,2332,2455,2013,2327,2332,0,-279,-59,0,4900,4800,4800,4800,-35.12,10.17,-194.63,-10.292044153644383,32.768527574627115,54.840677835962154,-0.2321983664961429,0.8237953645079413,0.5171509605635004
,1325,0,-0.441650390625,-0.2205075445816187,0.441650390625,0.2205075445816187,1843,2280,2920,2006,1875,2286,2919,2007,-119,-21,20,6,5000,5000,5000,5000,-42.84,30.96,-228.34,21.779884869897558,9.579850493632527,62.705995626251735,0.6312044126872628,0.2586350635509027,0.7312242428326265
,1326,0,0.308349609375,0.2794924554183813,-0.308349609375,-0.2794924554183813,2332,2606,2431,1680,2332,2607,2441,1700,0,-6,-35,-56,5000,5000,5000,5000,-47.11,56.800000000000004,-203.5,-4.900672643647141,-14.359077470682799,66.95330991716028,-0.09854514061158266,-0.37244591919918546,0.9228070722170032
,1327,0,-0.066650390625,-0.553840877914952,0.066650390625,0.553840877914952,2088,2063,2675,2223,2089,2105,2674,2224,0,-176,1,0,5000,5000,4900,5000,-40.85,14.35,-208.15,2.8683545686506307,27.621265404918095,60.620409458321305,0.11793134259672808,0.7285108580901413,0.6748067338713353
,1328,0,0.683349609375,-0.05384087791495196,-0.683349609375,0.05384087791495196,2576,2389,2187,1897,2577,2390,2227,1897,0,0,-173,0,5000,4900,4800,4800,-42.65,41.09,-181.09,-26.08509124015916,2.9419679142641044,62.392823395333565,-0.6842184084222236,0.08424945728302273,0.7243943667117207
,1329,0,-0.676025390625,0.44615912208504804,0.676025390625,-0.44615912208504804,1690,2715,3073,1571,1740,2716,3073,1598,-225,0,21,-83,5100,4800,5100,4900,-34.660000000000004,61.120000000000005,-236.47,27.699495887020987,-21.113664444054827,54.61271160949347,0.7452994429456302,-0.48568697779360204,0.456767884101598
,1330,0,0.073974609375,-0.3871742112482853,-0.073974609375,0.3871742112482853,2179,2172,2584,2114,2179,2203,2584,2115,0,-110,0,-3,5000,4900,5000,5000,-45.01,22.17,-209.6,3.7288715037672375,19.72544641719964,64.800846411268,0.13871717784521553,0.5197476931112505,0.842982728219382
,1331,0,-0.301025390625,0.11282578875171478,0.301025390625,-0.11282578875171478,1935,2498,2828,1788,1956,2498,2827,1796,-65,0,20,-21,5000,5000,5000,5000,-46.47,45.9,-222.91,15.258275858204797,-4.913411007628888,66.3500849438538,0.4729355436887961,-0.1294119785129958,0.8715414570364024
,1332,0,0.448974609375,0.6128257887517148,-0.448974609375,-0.6128257887517148,2424,2824,2339,1462,2425,2825,2357,1505,0,0,-58,-177,5000,5000,4900,4900,-38.980000000000004,72.24,-200.69,-8.812057806308559,-29.56983326095297,58.84648721044748,-0.20558417043852814,-0.7673880529860581,0.6073308200638012
,1333,0,-0.488525390625,-0.6649519890260631,0.488525390625,0.6649519890260631,1813,1991,2950,2295,1843,2043,2949,2295,-105,-232,19,0,5000,4800,5100,4700,-33.96,11.85,-225.42000000000002,20.295029112866132,28.832330737144293,53.777943887266346,0.5574490652352453,0.6881259335649718,0.46447092398091794
,1334,0,0.261474609375,-0.16495198902606312,-0.261474609375,0.16495198902606312,2301,2316,2462,1970,2301,2322,2471,1971,0,-20,-34,0,5000,5000,5000,5000,-48.370000000000005,32.6,-203.95000000000002,-2.6805787243970087,9.745549886115434,68.1650124299922,-0.037834246897908035,0.2567372510715017,0.96574041733476
,1335,0,-0.113525390625,0.3350480109739371,0.113525390625,-0.3350480109739371,2057,2642,2706,1644,2062,2643,2705,1668,-16,0,20,-75,5000,5000,5000,5000,-46.14,59.480000000000004,-213.33,4.709047557407217,-17.75497282852404,66.01876597702662,0.1526757439500457,-0.4664606334533512,0.8712660871671746
,1336,0,0.636474609375,-0.49828532235939643,-0.636474609375,0.49828532235939643,2546,2099,2217,2187,2546,2134,2247,2188,0,-134,-120,0,4900,5000,4900,4800,-39.37,21.54,-185.65,-20.09402616115031,22.097402254566354,59.08662097360394,-0.47969085556056235,0.5555333246232786,0.6791755357229693
,1337,0,-0.582275390625,0.0017146776406036235,0.582275390625,-0.0017146776406036235,1751,2425,3012,1861,1795,2426,3012,1861,-190,0,20,0,5000,5000,5100,5000,-40.09,39.81,-234.97,27.750839921707325,0.2612287860767992,59.9943752175775,0.7896013455846801,-0.001891990663544906,0.613617254827626
,1338,0,0.167724609375,0.5017146776406034,-0.167724609375,-0.5017146776406034,2240,2751,2523,1535,2240,2751,2525,1573,0,0,-17,-149,5000,4900,4900,4800,-42.5,68.56,-212.05,2.7770412702582234,-26.724887437476134,62.39352341762118,0.10707885044759693,-0.6979918802001184,0.7080546977187036
,1339,0,-0.207275390625,-0.33161865569272975,0.207275390625,0.33161865569272975,1996,2208,2767,2078,2005,2235,2766,2079,-26,-88,13,-12,5000,5000,4900,5000,-45.33,25.69,-216.5,10.35116016381781,15.709625327289523,65.14909040159469,0.3241361779052477,0.4028310364272616,0.8559572969861968
,1340,0,0.542724609375,0.16838134430727036,-0.542724609375,-0.16838134430727036,2485,2534,2278,1752,2486,2534,2308,1760,0,0,-113,-22,5000,4900,5000,5000,-45.730000000000004,50.32,-189.48,-18.403592469922017,-6.871471156230918,65.51730579287192,-0.45745089898982677,-0.19171161161226724,0.8683232882898086
,1341,0,-0.394775390625,0.6683813443072701,0.394775390625,-0.6683813443072701,1874,2860,2889,1426,1897,2861,2888,1473,-70,-1,20,-203,5100,5100,5000,4700,-35.79,73.63,-223.6,13.943404964171435,-32.64351260100212,55.729163131072056,0.37277057277311576,-0.7856927180117877,0.49368922708284085
,1342,0,0.355224609375,-0.6093964334705075,-0.355224609375,0.6093964334705075,2363,2027,2400,2259,2363,2074,2409,2259,0,-203,-31,0,4800,5000,5000,4900,-39.29,13.27,-200.55,-4.627426162031355,29.25218559919198,59.0350481249194,-0.08617463960510188,0.7562981646342825,0.6485268056601412
,1343,0,-0.019775390625,-0.10939643347050754,0.019775390625,0.10939643347050754,2118,2353,2645,1933,2120,2357,2644,1934,-15,-16,23,0,5000,5000,5000,4900,-48.99,35.13,-209.31,2.4776091923151853,6.830682545718403,68.80653078808577,0.10144875730018338,0.20015031207404263,0.9744988466996314
,1344,0,0.730224609375,0.39060356652949246,-0.730224609375,-0.39060356652949246,2607,2679,2156,1607,2608,2680,2198,1631,0,0,-179,-73,4900,5000,5100,4900,-39.31,60.59,-182.63,-25.969824988137475,-16.625993369122064,59.09755331489332,-0.6337964128176984,-0.42985676937852074,0.6430593012459105
,1345,0,-0.734619140625,-0.4427297668038409,0.734619140625,0.4427297668038409,1652,2135,3111,2151,1708,2160,3111,2153,-270,-80,21,-13,5000,5100,5000,5000,-32.93,23.51,-239.38,33.36514444655617,16.177616600583463,52.814411175851006,0.8323262654320749,0.3818084950571658,0.4018149586240881
,1346,0,0.015380859375,0.05727023319615898,-0.015380859375,-0.05727023319615898,2141,2461,2622,1825,2142,2461,2622,1831,0,-1,0,-16,5000,5000,5000,5000,-49.26,45.36,-211.25,3.661277747907093,-3.513406499915675,69.10343239888635,0.13895810976395526,-0.09098690674604917,0.9861095408379406
,1347,0,-0.359619140625,0.557270233196159,0.359619140625,-0.557270233196159,1897,2787,2866,1499,1918,2787,2865,1537,-64,0,19,-148,5000,4800,5000,4900,-39.160000000000004,68.79,-223.53,14.218850307400317,-27.803775114484402,59.088995109681775,0.3960565566039634,-0.6872534022643072,0.6089515293084877
,1348,0,0.390380859375,-0.27606310013717417,-0.390380859375,0.27606310013717417,2385,2244,2378,2042,2386,2264,2395,2044,0,-61,-55,-12,5000,5000,5000,4900,-46.59,29.580000000000002,-197.4,-8.98626737673112,13.233736044725717,66.35887070169274,-0.19891516237416942,0.3331647474312848,0.9216474430316105
,1349,0,-0.547119140625,0.22393689986282572,0.547119140625,-0.22393689986282572,1774,2570,2989,1716,1814,2571,2988,1727,-161,0,20,-27,5000,4900,5000,4800,-40.59,49.660000000000004,-232.88,24.942586396693173,-9.407808334985553,60.50821691573367,0.7144881597314945,-0.23712153526354435,0.6582401135738866
,1350,0,0.202880859375,0.7239368998628257,-0.202880859375,-0.7239368998628257,2263,2896,2500,1390,2263,2897,2502,1445,0,-7,-18,-253,4900,4900,4900,5000,-36.03,75.73,-218.22,8.42320031607494,-34.3427462371267,55.95707910900417,0.10295060541435819,-0.8865293254659823,0.4510730849137951
,1351,0,-0.172119140625,-0.7019890260631001,0.172119140625,0.7019890260631001,2019,1966,2744,2320,2022,2023,2744,2320,-15,-266,0,0,4900,5000,5100,4900,-36.14,8.49,-211.38,6.533045539364423,33.21789490360779,55.908257259637026,0.20874983681788695,0.8365565601815682,0.506553676569116
,1352,0,0.577880859375,-0.2019890260631001,-0.577880859375,0.2019890260631001,2508,2292,2255,1994,2508,2298,2286,1995,0,-18,-123,0,5000,4900,5000,5000,-44.53,33.8,-186.84,-19.821347345314024,9.794889186795594,64.27537019482516,-0.528897319260704,0.2668079007891331,0.8056557389824368
,1353,0,-0.640869140625,0.2980109739368999,0.640869140625,-0.2980109739368999,1713,2618,3050,1668,1760,2619,3050,1684,-208,0,20,-41,5100,4900,4900,5000,-37.04,53.61,-236.1,27.874440605623334,-13.591369631578068,56.976157208532825,0.7810274713180295,-0.3129717790253729,0.5404116528908851
,1354,0,0.109130859375,-0.5353223593964335,-0.109130859375,0.5353223593964335,2202,2075,2561,2211,2202,2117,2561,2213,0,-176,-13,-12,5000,5000,5100,5000,-41.34,15.26,-209.44,4.086715704495077,26.620223938525676,61.11620389680033,0.15007593442063696,0.7089077897011303,0.6891494464982401
,1355,0,-0.265869140625,-0.03532235939643347,0.265869140625,0.03532235939643347,1958,2401,2805,1885,1976,2402,2804,1886,-55,0,21,-10,5000,4900,5000,4900,-47.08,38.87,-221.63,14.49558169786556,2.1928977589035483,66.94175489618254,0.4749065828245641,0.07445030607772225,0.8768813428935696
,1356,0,0.484130859375,0.4646776406035664,-0.484130859375,-0.4646776406035664,2447,2727,2316,1559,2448,2728,2338,1591,0,0,-75,-110,4900,5000,4800,4800,-42.67,65.62,-195.35,-13.662766640499399,-22.56767349170395,62.50660775105996,-0.2993626724687329,-0.5885466407212535,0.7509959001406771
,1357,0,-0.453369140625,-0.3686556927297668,0.453369140625,0.3686556927297668,1835,2184,2928,2102,1865,2210,2927,2103,-101,-81,20,-12,4900,5000,5000,5000,-41.0,25.32,-227.95000000000002,21.80991627672165,15.229073220147704,60.85324612865941,0.6007699763981321,0.3797208911322727,0.7034823951573353
,1358,0,0.296630859375,0.13134430727023327,-0.296630859375,-0.13134430727023327,2324,2510,2439,1776,2324,2510,2450,1784,0,0,-39,-22,5000,5000,5000,5000,-48.730000000000004,49.2,-202.57,-5.275421312667476,-6.707680897203453,68.55486975382453,-0.11137400512644324,-0.17830505825712492,0.9776518486567792
,1359,0,-0.078369140625,0.6313443072702332,0.078369140625,-0.6313443072702332,2080,2836,2683,1450,2081,2837,2682,1499,-2,0,19,-212,5000,5000,5100,4700,-39.31,73.01,-212.96,3.367414647093625,-31.23687188958187,59.21544922404418,0.0564509921582756,-0.813851049119729,0.5783249565175819
,1360,0,0.671630859375,-0.6464334705075446,-0.671630859375,0.6464334705075446,2569,2003,2194,2283,2570,2051,2225,2283,0,-205,-126,0,5100,5000,4900,4900,-35.18,15.58,-185.21,-20.08360250700369,28.064094855280512,54.883078330068955,-0.4766743119165692,0.7001247117660154,0.5316079272672853
,1361,0,-0.687744140625,-0.14643347050754452,0.687744140625,0.14643347050754452,1683,2329,3080,1957,1738,2332,3080,1957,-260,-17,21,11,5000,5000,5000,4900,-36.39,37.49,-237.5,30.45486123111891,2.381029910799981,56.297347769766176,0.8607768719625911,0.05517718100712601,0.5059828607674417
,1362,0,0.062255859375,0.3535665294924555,-0.062255859375,-0.3535665294924555,2172,2654,2591,1632,2173,2655,2591,1658,0,0,0,-80,5000,4900,5000,5000,-45.86,60.9,-212.3,3.57848492324581,-19.096242209744922,65.73854360597576,0.12623156499872398,-0.5204065555255707,0.8445369198347604
,1363,0,-0.312744140625,-0.47976680384087794,0.312744140625,0.47976680384087794,1927,2111,2836,2175,1945,2148,2835,2176,-52,-144,20,-12,5000,4900,4900,4900,-41.32,18.92,-219.88,14.230168710576578,22.204390168880273,61.135523117169384,0.4167565837873636,0.5580389821614641,0.717569818385698
,1364,0,0.437255859375,0.020233196159122224,-0.437255859375,-0.020233196159122224,2416,2437,2347,1849,2417,2437,2369,1851,0,0,-73,-9,5000,5000,5000,4900,-47.83,42.74,-193.86,-13.485518291007821,0.3716415562631852,67.61508190218484,-0.3493383478115587,0.0003844383430365741,0.9369965693402782
,1365,0,-0.500244140625,0.520233196159122,0.500244140625,-0.520233196159122,1805,2763,2958,1523,1838,2763,2957,1555,-126,0,19,-113,4900,5000,5000,5000,-37.49,65.22,-230.6,21.5364430791044,-24.765691971292334,57.43322132001228,0.556424991881576,-0.5999725953399804,0.5748252893276331
,1366,0,0.249755859375,-0.31310013717421126,-0.249755859375,0.31310013717421126,2294,2220,2469,2066,2294,2246,2475,2066,0,-85,-27,0,5000,4900,5000,5000,-46.63,26.48,-205.56,-0.6210256631330537,15.727028808449923,66.41737085074703,0.015447604999029517,0.40361047509311204,0.9148005005983031
,1367,0,-0.125244140625,0.18689986282578874,0.125244140625,-0.18689986282578874,2049,2546,2714,1740,2057,2546,2713,1752,-24,-2,20,-31,5000,5000,5000,5000,-48.01,51.43,-214.47,6.430998154573956,-9.806032389224008,67.8757075575234,0.19952037457712543,-0.2565884921194981,0.9457028951211083
,1368,0,0.624755859375,0.6868998628257885,-0.624755859375,-0.6868998628257885,2538,2872,2225,1414,2538,2873,2253,1462,0,0,-109,-192,4900,5000,4800,4900,-34.22,75.09,-191.0,-18.671204286297524,-31.71230640305442,54.06284429719662,-0.397755347161813,-0.7811827350343201,0.4811904179100881
,1369,0,-0.593994140625,-0.590877914951989,0.593994140625,0.590877914951989,1744,2039,3019,2247,1782,2081,3019,2247,-152,-167,20,0,5100,4800,5000,5000,-33.62,15.93,-231.32,25.880848306429243,24.329859402253142,53.464294695803744,0.6871293521540297,0.570910008192105,0.44934954762909746
,1370,0,0.156005859375,-0.09087791495198905,-0.156005859375,0.09087791495198905,2233,2365,2530,1921,2233,2369,2534,1922,0,-16,-24,0,5000,5000,5000,5000,-49.06,36.21,-209.03,2.1189498375672144,5.774287336458507,68.87789344712056,0.09721635413475398,0.14748207029539606,0.9842753778440918
,1371,0,-0.218994140625,0.40912208504801084,0.218994140625,-0.40912208504801084,1988,2691,2775,1595,1998,2692,2774,1624,-29,0,19,-103,5000,5000,4800,5000,-43.980000000000004,62.59,-217.87,9.01493629060218,-21.194449830216364,63.878994921008186,0.27575527582081105,-0.5457595707030176,0.7912682976355409
,1372,0,0.531005859375,-0.42421124828532236,-0.531005859375,0.42421124828532236,2477,2147,2286,2139,2478,2175,2311,2140,0,-102,-87,0,5000,5000,5000,5000,-42.57,23.650000000000002,-190.78,-15.1418642053643,19.624127263991276,62.30655929361281,-0.35633528274212295,0.4970721206001287,0.7911665268419676
,1373,0,-0.406494140625,0.07578875171467758,0.406494140625,-0.07578875171467758,1866,2473,2897,1813,1896,2473,2896,1816,-104,0,20,-13,5000,5000,5000,5000,-44.6,42.980000000000004,-227.74,20.294814560598837,-2.3597515921551206,64.48882153180023,0.5943510021043574,-0.06747645418653636,0.8013699610217236
,1374,0,0.343505859375,0.5757887517146776,-0.343505859375,-0.5757887517146776,2355,2799,2408,1487,2355,2799,2419,1529,0,0,-36,-164,5000,5000,5100,4700,-40.82,71.84,-206.11,-3.3826546218577107,-29.564229256829456,60.70216758589284,-0.08134794607448544,-0.7483167735830318,0.6583346550529936
,1375,0,-0.031494140625,-0.2575445816186557,0.031494140625,0.2575445816186557,2110,2256,2653,2030,2111,2278,2652,2031,0,-69,0,0,5000,5000,5000,5000,-47.49,28.810000000000002,-208.95000000000002,2.58645226217655,13.156643993512006,67.29247499414284,0.10305833348739973,0.3399606462626444,0.9347757693112745
,1376,0,0.718505859375,0.24245541838134432,-0.718505859375,-0.24245541838134432,2599,2582,2164,1704,2600,2583,2206,1717,0,0,-179,-27,4900,5000,5000,5000,-41.67,52.88,-181.43,-26.607914562206474,-8.843412107004504,61.43805979726011,-0.6685419891628833,-0.24118304385416436,0.7034787474283605
,1377,0,-0.711181640625,0.7424554183813443,0.711181640625,-0.7424554183813443,1667,2908,3096,1378,1721,2909,3095,1425,-248,-4,19,-204,4700,4800,5100,4800,-27.52,74.10000000000001,-234.48000000000002,24.783468008740385,-33.92894136651271,47.49333250638282,0.6134161402641385,-0.7623275458340276,0.2063428014884824
,1378,0,0.038818359375,-0.7328532235939643,-0.038818359375,0.7328532235939643,2156,1946,2607,2340,2157,2003,2607,2340,0,-266,0,0,5100,4900,5100,4800,-34.68,7.0,-207.82,3.0961493241167943,34.96164946197787,54.434362946675535,0.12615271170232933,0.878562801246558,0.46066571133084167
,1379,0,-0.336181640625,-0.2328532235939642,0.336181640625,0.2328532235939642,1912,2272,2851,2014,1937,2278,2850,2015,-76,-22,19,0,5000,5000,5000,4900,-44.550000000000004,29.42,-223.35,16.911358163451325,11.485540212774815,64.39762040822177,0.5151512793934396,0.3314573250019747,0.7904145754234534
,1380,0,0.413818359375,0.26714677640603557,-0.413818359375,-0.26714677640603557,2401,2598,2362,1688,2402,2599,2380,1706,0,-2,-54,-51,4900,5000,4900,4800,-46.46,55.910000000000004,-197.31,-11.006820605063837,-13.018986704541838,66.28262831476586,-0.25770556931712996,-0.3299738389504247,0.9081327574486304
,1381,0,-0.523681640625,-0.5661865569272977,0.523681640625,0.5661865569272977,1790,2055,2973,2231,1823,2094,2972,2232,-130,-155,21,0,5000,4900,4800,4900,-35.64,16.12,-228.68,23.228200365999612,24.338570548565478,55.47662742675665,0.6157587492047671,0.5891089177708082,0.5232512262581789
,1382,0,0.226318359375,-0.06618655692729758,-0.226318359375,0.06618655692729758,2279,2381,2484,1905,2279,2384,2491,1905,-1,-15,-31,0,5000,5000,5000,4900,-49.27,37.78,-205.17000000000002,-1.8463956371810184,4.492082496596723,69.07935315656313,-0.02138414571276215,0.12461019533600941,0.9919753109480381
,1383,0,-0.148681640625,0.4338134430727023,0.148681640625,-0.4338134430727023,2034,2707,2729,1579,2039,2708,2728,1611,-19,0,19,-115,5000,5000,5000,4900,-44.03,64.38,-214.44,5.462757084286864,-22.72796041492125,63.92221728581289,0.17224069844525491,-0.588457405102422,0.7899690020369253
,1384,0,0.601318359375,-0.39951989026063106,-0.601318359375,0.39951989026063106,2523,2164,2240,2122,2523,2190,2268,2124,0,-86,-110,-11,4900,4900,5000,5000,-41.96,26.02,-186.55,-19.532519285699863,17.56935264627392,61.68853887654875,-0.4697546859625221,0.4432707105058811,0.7634406409301664
