DATE: 2026-5-14
TIME: 21-15-44
NUM_CABLES: 4
num_coils: 1
NUM_MEASUREMENTS: 536
---
,0,0,0.0,0.0,-0.0,-0.0,0.0,0.0,-0.0,-0.0,3059,2768,2764,2627,2111,2400,2519,1861,3060,2769,2764,2628,2111,2401,2520,1862,0,0,0,0,-2,0,0,-16,5000,4900,4900,4900,5000,5000,5000,5000,-44.97,42.14,-209.54,2.470769117701508,0.9901923273361106,65.86048950276927,0.08211741048881151,0.005095717404858835,0.9966096349919269
,1,0,0.0,0.0,-0.0,-0.0,0.0,0.0,-0.0,-0.0,3059,2768,2764,2627,2111,2400,2519,1861,3060,2769,2764,2628,2113,2401,2520,1862,0,0,0,0,-8,0,0,-11,5000,4900,4900,5000,5000,5000,5000,5000,-44.980000000000004,42.17,-209.51,2.4387659414174436,0.9623124673078749,65.8704147288391,0.08164241474184258,0.004019898597217165,0.9966535789984347
,2,0,0.0,-0.33333333333333337,-0.0,0.33333333333333337,0.0,-0.33333333333333337,-0.0,0.33333333333333337,3059,2551,2764,2844,2111,2183,2519,2078,3060,2552,2764,2844,2111,2211,2519,2078,0,0,0,4,0,-94,22,0,4900,4900,4900,4900,5000,5000,5000,4900,-41.97,26.46,-208.56,2.565141387249355,16.69194623408128,62.81601612848045,0.08754041372065599,0.4598841804981676,0.8836533350206658
,3,0,-0.5,0.33333333333333326,0.5,-0.33333333333333326,-0.5,0.33333333333333326,0.5,-0.33333333333333326,2733,2985,3090,2410,1785,2617,2845,1644,2733,2984,3091,2411,1818,2618,2843,1664,0,7,0,0,-124,-1,21,-68,5000,4900,4900,5000,5000,5000,5000,4900,-37.06,54.300000000000004,-230.6,22.700570364059928,-12.584927603327472,58.086908577549835,0.6433187879072376,-0.33454092599958274,0.6886387339940333
,4,0,0.5,-0.7777777777777778,-0.5,0.7777777777777778,0.5,-0.7777777777777778,-0.5,0.7777777777777778,3385,2261,2438,3134,2437,1893,2193,2368,3384,2261,2439,3134,2437,1951,2223,2369,20,-1,0,9,2,-274,-121,0,4900,4900,5000,4800,4900,4900,5000,4900,-28.46,12.11,-190.54,-14.38041142480185,32.18583412456421,49.179642786160656,-0.3511958345718811,0.8297206310024314,0.4338492367957872
,5,0,-0.75,-0.11111111111111116,0.75,0.11111111111111116,-0.75,-0.11111111111111116,0.75,0.11111111111111116,2570,2696,3253,2699,1622,2328,3008,1933,2572,2696,3253,2700,1680,2329,3006,1934,-21,11,5,0,-283,0,22,-4,5000,4900,4800,4800,5000,4900,5000,4900,-30.7,39.72,-240.68,33.77166223819961,1.2638674680088897,51.74071288355419,0.8861656372613316,0.025155720261664096,0.462685263516502
,6,0,0.25,0.5555555555555554,-0.25,-0.5555555555555554,0.25,0.5555555555555554,-0.25,-0.5555555555555554,3222,3130,2601,2265,2274,2762,2356,1499,3222,3129,2602,2265,2274,2762,2371,1535,16,10,0,0,2,0,-43,-145,5000,4900,4900,4900,5000,5000,5000,4900,-37.33,68.61,-203.56,-5.244062747744806,-25.037998743456825,58.2574941147535,-0.12766902633582256,-0.6883167272820897,0.7140873214517511
,7,0,-0.25,-0.5555555555555556,0.25,0.5555555555555556,-0.25,-0.5555555555555556,0.25,0.5555555555555556,2896,2406,2927,2989,1948,2038,2682,2223,2897,2407,2927,2989,1960,2079,2681,2224,0,0,0,14,-29,-167,22,0,4900,5000,4900,4900,5000,5000,5000,4900,-36.36,17.81,-215.71,10.309331270228768,24.82400228017795,57.22009908839646,0.3094468342039015,0.6615267538217792,0.6830995613958503
,8,0,0.75,0.11111111111111116,-0.75,-0.11111111111111116,0.75,0.11111111111111116,-0.75,-0.11111111111111116,3548,2840,2275,2555,2600,2472,2030,1789,3547,2840,2276,2555,2600,2472,2089,1791,20,9,0,0,4,0,-309,-18,5000,5000,5000,4800,4900,5000,4800,5000,-32.64,44.44,-175.18,-31.90614280394979,0.9773610878250167,53.36423958168013,-0.8224729639351758,0.019465001472118777,0.5684710523090658
,9,0,-0.875,0.7777777777777777,0.875,-0.7777777777777777,-0.875,0.7777777777777777,0.875,-0.7777777777777777,2489,3275,3334,2120,1541,2907,3089,1354,2491,3275,3334,2120,1605,2908,3087,1403,-20,4,25,0,-322,-1,19,-218,4800,4700,4900,5000,4900,5000,4900,4800,-22.14,70.91,-238.5,29.534207013805087,-29.732452863134384,43.2487049260446,0.6784717140764265,-0.7099445767221846,0.1888248690743749
,10,0,0.125,-0.9259259259259259,-0.125,0.9259259259259259,0.125,-0.9259259259259259,-0.125,0.9259259259259259,3140,2164,2683,3231,2192,1796,2438,2465,3139,2165,2684,3231,2192,1877,2439,2466,20,-3,-3,13,0,-448,-21,0,5000,4800,5000,4800,4800,5000,5000,4700,-27.580000000000002,6.5,-207.43,2.853578117653228,36.64149797848469,48.37015895592317,0.0904170007670779,0.9123828324460054,0.39922716970428146
,11,0,-0.375,-0.2592592592592593,0.375,0.2592592592592593,-0.375,-0.2592592592592593,0.375,0.2592592592592593,2815,2599,3008,2796,1867,2231,2763,2030,2815,2600,3008,2797,1893,2237,2761,2031,-5,1,8,-3,-83,-21,20,0,5000,4900,4900,4900,5000,5000,5000,5000,-39.56,30.29,-224.51,18.23193557686423,11.788157509571896,60.49568943475297,0.5327035524125677,0.3067088219984385,0.7887690560331087
,12,0,0.625,0.40740740740740744,-0.625,-0.40740740740740744,0.625,0.40740740740740744,-0.625,-0.40740740740740744,3466,3034,2357,2361,2518,2666,2112,1595,3465,3035,2358,2361,2517,2667,2153,1616,22,0,0,0,7,0,-177,-70,5000,4900,5000,4900,5000,5000,4900,4900,-34.44,59.39,-182.74,-25.380540416158425,-14.44322923514126,55.239874825455104,-0.651296717203362,-0.41214246597850845,0.6371429775939441
,13,0,-0.625,-0.7037037037037037,0.625,0.7037037037037037,-0.625,-0.7037037037037037,0.625,0.7037037037037037,2652,2309,3171,3086,1704,1941,2926,2320,2652,2310,3172,3086,1748,1988,2925,2320,-9,0,12,15,-182,-202,20,0,4900,4800,4900,4900,4900,5000,4800,5000,-27.37,14.74,-229.09,23.909212525532723,26.958984672185075,48.289562708791294,0.6316072393832376,0.6705718994393846,0.3891087545159351
,14,0,0.375,-0.03703703703703709,-0.375,0.03703703703703709,0.375,-0.03703703703703709,-0.375,0.03703703703703709,3303,2744,2520,2651,2355,2376,2275,1885,3302,2744,2521,2652,2355,2377,2303,1885,20,11,0,0,0,-6,-113,0,5000,4900,4900,5000,5000,5000,5000,4900,-41.93,40.69,-190.89000000000001,-16.024046966476106,3.6859132271191655,62.72337827698891,-0.43968582571930925,0.07196223169403279,0.8952641017438053
,15,0,-0.125,0.6296296296296293,0.125,-0.6296296296296293,-0.125,0.6296296296296293,0.125,-0.6296296296296293,2978,3178,2845,2217,2030,2810,2600,1451,2979,3179,2845,2218,2034,2810,2599,1498,0,6,5,-2,-11,0,21,-211,5000,4800,4900,4900,5000,5000,5000,5000,-35.45,71.60000000000001,-211.26,2.2457150446251717,-28.54582540521224,56.42367822105012,0.05588570132705234,-0.7622169195904853,0.644904764967026
,16,0,0.875,-0.4814814814814815,-0.875,0.4814814814814815,0.875,-0.4814814814814815,-0.875,0.4814814814814815,3629,2454,2194,2941,2681,2086,1949,2175,3628,2455,2195,2941,2681,2114,2013,2175,20,-3,-9,14,2,-101,-336,0,4900,5000,5000,4900,5000,5000,4800,4900,-26.38,30.93,-172.35,-33.78815426901258,14.629505827115402,47.05602455182911,-0.8480404168081503,0.3707255558312249,0.3786687387592056
,17,0,-0.9375,0.18518518518518512,0.9375,-0.18518518518518512,-0.9375,0.18518518518518512,0.9375,-0.18518518518518512,2448,2889,3375,2506,1500,2521,3130,1740,2450,2889,3375,2506,1574,2521,3128,1743,-11,3,16,-8,-401,0,21,-18,5000,4800,4900,4900,5000,4800,4900,4900,-25.490000000000002,44.42,-245.81,38.59807021127094,-3.7862622296821726,46.56838496336465,0.945718481747699,-0.10235900368464182,0.30844640968167353
,18,0,0.0625,0.8518518518518516,-0.0625,-0.8518518518518516,0.0625,0.8518518518518516,-0.0625,-0.8518518518518516,3100,3323,2723,2072,2152,2955,2478,1306,3100,3323,2723,2073,2153,2956,2479,1374,19,7,-3,0,0,0,-17,-358,4900,5000,4800,4800,5000,5000,5000,4900,-27.990000000000002,80.15,-213.34,3.780288488003066,-37.23792036959381,48.995820557022626,0.09839673170011627,-0.922280970089212,0.37378589513522037
,19,0,-0.4375,-0.8518518518518519,0.4375,0.8518518518518519,-0.4375,-0.8518518518518519,0.4375,0.8518518518518519,2774,2213,3049,3182,1826,1845,2804,2416,2776,2214,3048,3182,1847,1915,2803,2416,-18,0,14,12,-63,-360,21,16,5000,5000,4900,5000,5000,5000,5000,4800,-27.400000000000002,9.26,-221.08,16.28703596886635,32.96675036309229,48.2655639137444,0.45791202715417967,0.804213439488447,0.37888958699562036
,20,0,0.5625,-0.18518518518518523,-0.5625,0.18518518518518523,0.5625,-0.18518518518518523,-0.5625,0.18518518518518523,3426,2647,2397,2748,2478,2279,2152,1982,3426,2648,2398,2749,2479,2283,2196,1983,20,5,-12,-1,1,-15,-197,0,5000,4900,4900,4900,4900,4800,5000,4900,-37.9,37.95,-182.65,-24.040897668827114,6.96383357996887,58.64521165746635,-0.6425753328484847,0.15744085108023714,0.7498728692423728
,21,0,-0.6875,0.4814814814814814,0.6875,-0.4814814814814814,-0.6875,0.4814814814814814,0.6875,-0.4814814814814814,2611,3082,3212,2313,1663,2714,2967,1547,2612,3082,3212,2313,1711,2715,2965,1574,0,7,0,0,-213,0,21,-93,5000,4800,4900,4900,5000,4900,4900,5000,-31.01,59.980000000000004,-236.72,28.45266834344551,-18.68198686059327,52.08203245485275,0.7355512983991793,-0.4820213982240816,0.4760458581663996
,22,0,0.3125,-0.6296296296296297,-0.3125,0.6296296296296297,0.3125,-0.6296296296296297,-0.3125,0.6296296296296297,3263,2358,2560,3037,2315,1990,2315,2271,3262,2359,2561,3037,2315,2037,2333,2271,21,0,-12,16,0,-204,-61,0,5000,4900,4900,4900,4900,5000,5000,4900,-34.9,15.98,-198.45000000000002,-6.780668905006252,27.80963405071017,55.66897145301143,-0.1679256552094148,0.746673575796412,0.6436455123201658
,23,0,-0.1875,0.03703703703703698,0.1875,-0.03703703703703698,-0.1875,0.03703703703703698,0.1875,-0.03703703703703698,2937,2792,2886,2603,1989,2424,2641,1837,2939,2793,2885,2604,2002,2425,2640,1841,-17,0,9,-1,-34,-4,20,-20,5000,4900,4900,4900,5000,5000,5000,4900,-43.79,41.77,-217.63,10.572908143125574,0.8104028411515145,64.72013036926883,0.3239010524453697,-0.0048736074081771625,0.94607840910551
,24,0,0.8125,0.7037037037037035,-0.8125,-0.7037037037037035,0.8125,0.7037037037037035,-0.8125,-0.7037037037037035,3589,3227,2234,2168,2641,2859,1989,1402,3588,3227,2235,2169,2640,2860,2043,1445,20,6,0,-6,7,0,-252,-185,5000,4900,4800,4800,4800,5000,4600,4800,-24.6,70.11,-179.38,-29.408384416294126,-24.940315867175315,45.410264204980734,-0.6987566426346546,-0.6514337416256711,0.29558963893466167
,25,0,-0.8125,-0.40740740740740744,0.8125,0.40740740740740744,-0.8125,-0.40740740740740744,0.8125,0.40740740740740744,2529,2502,3294,2893,1581,2134,3049,2127,2529,2503,3294,2893,1644,2156,3048,2127,-2,0,5,13,-320,-68,21,9,4800,4900,4900,5000,5000,4900,5000,4800,-32.07,27.5,-234.54,28.46335191343593,13.873983061320793,53.04904243657957,0.7567787724564378,0.353027124784029,0.5501433801528918
,26,0,0.1875,0.2592592592592593,-0.1875,-0.2592592592592593,0.1875,0.2592592592592593,-0.1875,-0.2592592592592593,3181,2937,2642,2458,2233,2569,2397,1692,3180,2937,2643,2458,2232,2570,2410,1709,10,9,0,0,7,0,-42,-52,5000,4900,4900,4900,5000,5000,5000,5000,-43.31,54.64,-205.12,-2.774232638180763,-11.187969167686859,64.20993226900491,-0.07619765373738267,-0.3349580148766219,0.9391469777595145
,27,0,-0.3125,0.9259259259259258,0.3125,-0.9259259259259258,-0.3125,0.9259259259259258,0.3125,-0.9259259259259258,2855,3372,2968,2023,1907,3004,2723,1257,2855,3373,2967,2023,1922,3005,2722,1329,-7,0,7,0,-28,0,16,-386,5000,4800,4800,5000,4900,5000,5000,4900,-25.150000000000002,81.23,-217.64000000000001,8.011319242168014,-38.61355811846906,46.18015020323832,0.19092607242909676,-0.9405896268162399,0.2807817458320362
,28,0,0.6875,-0.9753086419753086,-0.6875,0.9753086419753086,0.6875,-0.9753086419753086,-0.6875,0.9753086419753086,3507,2132,2316,3263,2559,1764,2071,2497,3506,2138,2317,3262,2558,1846,2110,2498,23,-17,0,16,4,-456,-166,0,4900,4900,5000,4700,5000,5000,4800,4700,-28.91,20.91,-181.09,-24.404523816469066,24.044478223384225,49.604489640386205,-0.6374914695689109,0.6281080415040065,0.44618932576303466
,29,0,-0.5625,-0.308641975308642,0.5625,0.308641975308642,-0.5625,-0.308641975308642,0.5625,0.308641975308642,2692,2567,3131,2828,1744,2199,2886,2062,2692,2568,3132,2828,1784,2209,2885,2062,-3,6,2,0,-161,-27,20,0,5000,5000,4900,4900,5000,4900,5000,5000,-35.64,30.44,-231.73000000000002,25.444229643767812,11.140393016271396,56.61232549948669,0.7089016592813668,0.28460601095241267,0.6453354600499496
,30,0,0.4375,0.3580246913580245,-0.4375,-0.3580246913580245,0.4375,0.3580246913580245,-0.4375,-0.3580246913580245,3344,3001,2479,2394,2396,2633,2234,1628,3343,3001,2480,2395,2397,2634,2260,1647,19,7,0,-1,0,-1,-102,-59,5000,4900,4900,4900,5000,5000,5000,4900,-38.980000000000004,58.25,-190.95000000000002,-17.134374459188507,-13.84651749856664,59.81808212892496,-0.45293741166880974,-0.40805851445886177,0.7926764471639014
,31,0,-0.0625,-0.7530864197530864,0.0625,0.7530864197530864,-0.0625,-0.7530864197530864,0.0625,0.7530864197530864,3018,2277,2805,3118,2070,1909,2560,2352,3019,2277,2805,3118,2071,1967,2559,2352,0,0,0,16,-1,-277,20,0,5000,4900,5000,4800,4800,4900,5000,4900,-30.67,9.51,-205.73000000000002,0.9395124256411691,33.76183946863436,51.45919106862594,0.04993482976064417,0.8665204460659427,0.4966375230753869
,32,0,0.9375,-0.0864197530864198,-0.9375,0.0864197530864198,0.9375,-0.0864197530864198,-0.9375,0.0864197530864198,3670,2712,2153,2683,2722,2344,1908,1917,3670,2712,2154,2684,2721,2345,1987,1917,20,6,0,0,4,0,-457,0,4900,5000,5000,4800,5000,5000,4600,4900,-25.87,42.46,-168.86,-38.04541340269972,3.359701982186351,46.55766126519994,-0.9344752394980872,0.07391462738995058,0.3482709500127688
,33,0,-0.96875,0.5802469135802468,0.96875,-0.5802469135802468,-0.96875,0.5802469135802468,0.96875,-0.5802469135802468,2427,3146,3396,2249,1479,2778,3151,1483,2431,3146,3394,2249,1556,2779,3149,1513,-22,13,26,0,-423,-5,21,-105,4900,4800,4800,4900,5000,4900,5000,4900,-31.55,65.14,-231.54,22.933868894340833,-23.479346898703355,52.60908966740774,0.5981429221032748,-0.6147026185993462,0.5141650857699915
,34,0,0.03125,-0.5308641975308642,-0.03125,0.5308641975308642,0.03125,-0.5308641975308642,-0.03125,0.5308641975308642,3079,2422,2744,2973,2131,2054,2499,2207,3079,2423,2745,2973,2131,2094,2500,2208,20,0,-16,15,3,-164,-9,0,5000,5000,4900,4900,5000,5000,5000,4900,-37.51,18.04,-209.37,3.962774389201968,25.025370365783978,58.33887817739963,0.12433947663844291,0.6746410062520009,0.7275982457596816
,35,0,-0.46875,0.13580246913580263,0.46875,-0.13580246913580263,-0.46875,0.13580246913580263,0.46875,-0.13580246913580263,2753,2857,3070,2538,1805,2489,2825,1772,2754,2858,3070,2538,1839,2490,2824,1778,0,1,1,0,-130,-6,21,-23,5000,4900,4900,4900,4900,5000,5000,5000,-38.96,44.300000000000004,-230.02,22.787230219399646,-2.563188937519733,59.958710966619456,0.6509812905223394,-0.07639483718562215,0.7552398216733889
,36,0,0.53125,0.8024691358024691,-0.53125,-0.8024691358024691,0.53125,0.8024691358024691,-0.53125,-0.8024691358024691,3405,3291,2418,2104,2457,2923,2173,1338,3405,3292,2419,2105,2457,2924,2204,1394,18,1,0,-3,5,0,-113,-266,4900,4900,5000,4900,4900,4800,4700,4800,-28.11,76.66,-192.9,-16.37809696584449,-32.37710562408938,49.00453284687622,-0.384623530033585,-0.834273707774414,0.3950343284587249
,37,0,-0.71875,-0.9012345679012346,0.71875,0.9012345679012346,-0.71875,-0.9012345679012346,0.71875,0.9012345679012346,2590,2180,3233,3215,1642,1812,2988,2449,2591,2182,3232,3215,1686,1882,2987,2450,0,-12,19,12,-184,-353,21,0,4800,5000,4900,4900,4900,4900,4700,4800,-28.490000000000002,22.07,-234.53,28.836931282919295,19.28204071139639,49.45533252784247,0.7851229512014098,0.4530442257496572,0.42229477975897634
,38,0,0.28125,-0.23456790123456794,-0.28125,0.23456790123456794,0.28125,-0.23456790123456794,-0.28125,0.23456790123456794,3242,2615,2581,2780,2294,2247,2336,2014,3242,2615,2582,2781,2294,2255,2356,2015,19,11,0,0,0,-24,-67,-3,5000,4900,4900,4900,5000,5000,5000,4900,-42.2,32.03,-196.96,-9.3851191368243,11.917586613203511,63.00192905782691,-0.25939929881713136,0.3062555266131957,0.9159255189108197
,39,0,-0.21875,0.4320987654320989,0.21875,-0.4320987654320989,-0.21875,0.4320987654320989,0.21875,-0.4320987654320989,2916,3050,2907,2345,1968,2682,2662,1579,2917,3051,2906,2345,1979,2683,2661,1608,0,3,11,0,-25,0,20,-110,5000,4900,4900,5000,5000,4800,5000,5000,-39.7,61.99,-217.43,9.029263493191621,-19.36168610651265,60.68026791093498,0.2506843344934729,-0.5497810263150756,0.7968049871477383
,40,0,0.78125,-0.6790123456790124,-0.78125,0.6790123456790124,0.78125,-0.6790123456790124,-0.78125,0.6790123456790124,3568,2325,2255,3070,2620,1957,2010,2304,3567,2326,2256,3070,2621,2001,2061,2304,20,0,0,15,0,-180,-244,0,4800,5000,4900,5000,4800,4800,4800,4900,-26.52,20.31,-177.39000000000001,-28.044036227455024,24.88579866485336,47.194462809613306,-0.7023171631724157,0.6142122693008553,0.3598525955912279
,41,0,-0.84375,-0.012345679012345734,0.84375,0.012345679012345734,-0.84375,-0.012345679012345734,0.84375,0.012345679012345734,2509,2760,3314,2635,1561,2392,3069,1869,2509,2760,3314,2636,1629,2394,3068,1870,0,9,0,0,-357,-13,23,-15,4800,4900,4800,4800,4900,4900,5000,4800,-28.12,40.39,-244.03,37.081266474072976,0.3621038644202983,49.17924022019588,0.9205330020002883,-0.0012627744075324394,0.3906627671395537
,42,0,0.15625,0.6543209876543208,-0.15625,-0.6543209876543208,0.15625,0.6543209876543208,-0.15625,-0.6543209876543208,3161,3195,2662,2200,2213,2827,2417,1434,3160,3196,2664,2202,2213,2828,2423,1482,20,3,-16,-4,0,0,-23,-220,5000,4900,4900,4900,5000,4900,5000,5000,-34.67,72.74,-209.77,0.6859999994818224,-29.58497251815494,55.63910046479125,0.02293481400076807,-0.7870857905515096,0.6164170281705847
,43,0,-0.34375,-0.45679012345679015,0.34375,0.45679012345679015,-0.34375,-0.45679012345679015,0.34375,0.45679012345679015,2835,2470,2988,2925,1887,2102,2743,2159,2835,2471,2988,2925,1906,2135,2742,2160,0,0,11,9,-50,-127,22,0,5000,4900,4800,4900,5000,5000,5000,4900,-37.730000000000004,23.29,-221.37,15.58012326126348,18.978717416753526,58.632294773372784,0.45804668161833606,0.5059317589978131,0.7309078551334701
,44,0,0.65625,0.2098765432098766,-0.65625,-0.2098765432098766,0.65625,0.2098765432098766,-0.65625,-0.2098765432098766,3487,2905,2336,2490,2539,2537,2091,1724,3487,2905,2337,2490,2539,2537,2138,1731,3,9,-2,0,0,0,-211,-25,5000,5000,4900,5000,5000,5000,5000,4900,-34.96,49.57,-179.27,-28.182738834174643,-4.410129009271479,55.71766545294733,-0.732672788519718,-0.12695016893515196,0.6686361039983378
,45,0,-0.59375,0.8765432098765431,0.59375,-0.8765432098765431,-0.59375,0.8765432098765431,0.59375,-0.8765432098765431,2672,3339,3151,2056,1724,2971,2906,1290,2672,3340,3152,2057,1762,2972,2904,1350,0,0,3,0,-147,0,19,-297,5000,4900,4800,5000,5000,5000,4900,4800,-24.240000000000002,77.11,-228.62,19.24848017267803,-35.24602377264543,45.31480249767846,0.4641692946395229,-0.8513767859615627,0.2443449083562163
,46,0,0.40625,-0.8271604938271605,-0.40625,0.8271604938271605,0.40625,-0.8271604938271605,-0.40625,0.8271604938271605,3324,2229,2499,3166,2376,1861,2254,2400,3323,2231,2500,3166,2377,1929,2271,2401,20,-14,-9,15,0,-352,-61,-1,5000,4900,4800,5000,4900,5000,4900,5000,-34.44,18.12,-192.57,-12.789331947514938,26.06973471220349,55.184906650061826,-0.3329058667126342,0.6969079463597835,0.6352109871600923
,47,0,-0.09375,-0.16049382716049387,0.09375,0.16049382716049387,-0.09375,-0.16049382716049387,0.09375,0.16049382716049387,2998,2663,2825,2732,2050,2295,2580,1966,2999,2663,2825,2733,2058,2301,2579,1967,-1,6,0,-2,-17,-19,21,0,5000,4900,4900,4900,5000,5000,5000,4900,-43.76,33.660000000000004,-211.71,5.213633831203055,9.301053737526082,64.6399667524515,0.16681608653144894,0.23537099921841714,0.9574825773878373
,48,0,0.90625,0.5061728395061729,-0.90625,-0.5061728395061729,0.90625,0.5061728395061729,-0.90625,-0.5061728395061729,3650,3098,2173,2297,2702,2730,1928,1531,3650,3097,2175,2297,2701,2731,1997,1557,9,4,-9,0,5,-2,-379,-93,5000,4900,4900,4800,5000,5000,4800,5000,-25.3,61.58,-172.91,-35.29159715660637,-15.991445368362264,46.05627089821306,-0.8487503298057395,-0.41126496798573614,0.33239134128665165
,49,0,-0.90625,-0.6049382716049383,0.90625,0.6049382716049383,-0.90625,-0.6049382716049383,0.90625,0.6049382716049383,2468,2374,3355,3021,1520,2006,3110,2255,2469,2375,3355,3021,1589,2044,3109,2255,-5,-1,6,14,-361,-146,23,0,4900,4800,4800,5000,4900,5000,4900,4900,-29.3,18.82,-229.36,23.894068950631578,22.875598018722997,50.23119195003872,0.6550576925213756,0.5877153149573218,0.47485800828583197
,50,0,0.09375,0.061728395061728225,-0.09375,-0.061728395061728225,0.09375,0.061728395061728225,-0.09375,-0.061728395061728225,3120,2808,2703,2587,2172,2440,2458,1821,3120,2809,2703,2587,2173,2440,2465,1827,19,0,0,0,0,-1,-30,-22,5000,4900,4900,4900,5000,5000,5000,5000,-44.82,44.74,-205.76,-1.4752263731920152,-1.3493914664395916,65.69810952324588,-0.047849615612931995,-0.06114087459214423,0.9969815483447034
,51,0,-0.40625,0.7283950617283947,0.40625,-0.7283950617283947,-0.40625,0.7283950617283947,0.40625,-0.7283950617283947,2794,3243,3029,2152,1846,2875,2784,1386,2796,3244,3029,2152,1868,2876,2783,1435,-18,0,0,-2,-62,0,19,-222,5000,5000,4900,4900,5000,4800,5000,5000,-30.6,73.7,-223.49,14.329504020201,-31.479664951392778,51.640370839016214,0.36504778593840925,-0.8025547659477695,0.47185375026165316
,52,0,0.59375,-0.3827160493827161,-0.59375,0.3827160493827161,0.59375,-0.3827160493827161,-0.59375,0.3827160493827161,3446,2519,2377,2876,2498,2151,2132,2110,3446,2520,2378,2875,2498,2175,2170,2110,14,0,0,14,0,-74,-156,0,4900,4900,4900,4900,4900,4900,5000,4900,-35.6,31.1,-182.32,-23.896989324949544,13.81389158939605,56.326290430678974,-0.6364627713867479,0.3628497046966115,0.6806285568798016
,53,0,-0.65625,0.28395061728395055,0.65625,-0.28395061728395055,-0.65625,0.28395061728395055,0.65625,-0.28395061728395055,2631,2953,3192,2442,1683,2585,2947,1676,2631,2952,3193,2443,1732,2586,2946,1688,0,12,0,-4,-221,-3,22,-35,4900,4900,4800,4900,4900,5000,4900,4800,-35.230000000000004,50.620000000000005,-236.13,28.474973408097014,-9.291482808527505,56.27536479706309,0.7413375101198588,-0.2606259045322504,0.6184600504285097
,54,0,0.34375,0.9506172839506171,-0.34375,-0.9506172839506171,0.34375,0.9506172839506171,-0.34375,-0.9506172839506171,3283,3388,2540,2007,2335,3020,2295,1241,3282,3389,2541,2007,2334,3020,2312,1316,17,5,0,0,4,0,-52,-407,5000,4900,4900,4900,5000,4700,4900,4500,-24.91,82.59,-203.55,-6.1370010900047305,-39.0209421671437,45.8729531734471,-0.12813717091334245,-0.9543214092154706,0.26991019495995944
,55,0,-0.15625,-0.9506172839506173,0.15625,0.9506172839506173,-0.15625,-0.9506172839506173,0.15625,0.9506172839506173,2957,2148,2866,3247,2009,1780,2621,2481,2958,2149,2866,3247,2010,1860,2621,2482,-14,-13,0,15,-4,-439,0,0,4900,5000,4800,4900,5000,5000,4700,4700,-29.44,8.59,-210.08,5.3475524956088805,34.38287054793821,50.24869400539221,0.14486461675766257,0.8743108862432724,0.4632436907375639
,56,0,0.84375,-0.28395061728395066,-0.84375,0.28395061728395066,0.84375,-0.28395061728395066,-0.84375,0.28395061728395066,3609,2583,2214,2812,2661,2215,1969,2046,3608,2584,2215,2813,2660,2222,2033,2047,20,0,0,0,3,-18,-341,0,5000,5000,4900,4800,4900,4900,5000,4900,-28.38,37.2,-171.68,-34.88920237130978,8.424705468377468,49.06847221192696,-0.8577505221135284,0.2106247845269705,0.46893628773740254
,57,0,-0.78125,0.382716049382716,0.78125,-0.382716049382716,-0.78125,0.382716049382716,0.78125,-0.382716049382716,2550,3017,3273,2378,1602,2649,3028,1612,2550,3018,3273,2379,1658,2650,3027,1632,0,0,0,0,-266,0,22,-63,5000,4900,4900,4900,4900,4900,4900,5000,-29.64,53.870000000000005,-240.27,32.41328777997117,-12.829242045470977,50.71441708199592,0.8306697092880415,-0.3334429111204239,0.44587403949418075
,58,0,0.21875,-0.7283950617283951,-0.21875,0.7283950617283951,0.21875,-0.7283950617283951,-0.21875,0.7283950617283951,3202,2293,2621,3102,2254,1925,2376,2336,3202,2293,2622,3102,2254,1980,2386,2336,20,-1,-5,14,0,-254,-33,0,4900,5000,5000,4900,4900,5000,5000,4800,-31.94,11.13,-203.4,-1.500560761571876,32.306294558368705,52.72158239275795,-0.014554135671490718,0.842000180817979,0.5392808847320173
,59,0,-0.28125,-0.06172839506172845,0.28125,0.06172839506172845,-0.28125,-0.06172839506172845,0.28125,0.06172839506172845,2876,2728,2947,2667,1928,2360,2702,1901,2876,2728,2947,2668,1949,2362,2701,1901,0,5,0,0,-61,-11,20,0,5000,4900,4900,4900,5000,5000,5000,5000,-42.34,38.0,-221.9,15.094430144858194,4.279700339933839,63.282036612662324,0.4499060248648703,0.09351507355853715,0.8881663694419151
,60,0,0.71875,0.6049382716049381,-0.71875,-0.6049382716049381,0.71875,0.6049382716049381,-0.71875,-0.6049382716049381,3528,3162,2295,2233,2580,2794,2050,1467,3527,3163,2296,2234,2581,2794,2098,1503,20,2,0,0,0,0,-220,-142,4900,4900,5000,5000,4900,5000,4800,4700,-29.060000000000002,67.31,-181.51,-27.115945105299375,-22.27759607081144,49.87379927165803,-0.6691381376280636,-0.5920339303205813,0.44916586927415936
,61,0,-0.53125,-0.5061728395061729,0.53125,0.5061728395061729,-0.53125,-0.5061728395061729,0.53125,0.5061728395061729,2713,2438,3110,2957,1765,2070,2865,2191,2713,2439,3111,2957,1801,2100,2864,2192,-2,0,0,14,-136,-111,22,0,5000,5000,4900,4900,5000,5000,5000,4900,-35.0,22.39,-226.42000000000002,20.692459068902878,19.528300014769584,55.92538111426102,0.5640761748094179,0.4955640076049375,0.6604804186188332
,62,0,0.46875,0.16049382716049387,-0.46875,-0.16049382716049387,0.46875,0.16049382716049387,-0.46875,-0.16049382716049387,3365,2873,2458,2522,2417,2505,2213,1756,3364,2873,2459,2522,2418,2505,2245,1763,19,11,0,0,0,0,-129,-23,5000,4900,4900,4900,5000,4900,5000,4900,-40.1,47.910000000000004,-187.18,-20.20371038134803,-3.272656800406452,60.893045818006804,-0.5452078030051823,-0.12331320305760987,0.8291817083691211
,63,0,-0.03125,0.8271604938271604,0.03125,-0.8271604938271604,-0.03125,0.8271604938271604,0.03125,-0.8271604938271604,3039,3307,2784,2088,2091,2939,2539,1322,3040,3308,2784,2089,2092,2940,2539,1389,-4,4,0,0,-1,0,18,-347,5000,4800,4800,5000,4800,4900,4800,4800,-29.23,79.07000000000001,-208.01,-1.4706541790882568,-35.79739494699311,50.20635251189255,-0.04221100398405209,-0.9043024800634661,0.4248002538767169
,64,0,0.96875,-0.8765432098765432,-0.96875,0.8765432098765432,0.96875,-0.8765432098765432,-0.96875,0.8765432098765432,3691,2197,2132,3198,2743,1829,1887,2432,3691,2198,2133,3198,2742,1893,1953,2434,20,0,0,17,3,-308,-341,-11,5000,4800,4800,4800,5000,4900,4800,5000,-18.11,18.580000000000002,-172.56,-32.705656868469106,26.913539491939538,38.75601152176199,-0.7875316238137778,0.6097512181614444,0.08942814682117042
,65,0,-0.984375,-0.2098765432098766,0.984375,0.2098765432098766,-0.984375,-0.2098765432098766,0.984375,0.2098765432098766,2417,2631,3406,2764,1469,2263,3161,1998,2418,2631,3406,2765,1549,2267,3158,1999,0,8,0,0,-430,-17,23,-3,4800,4800,4900,5000,5000,5000,4900,4900,-25.48,37.75,-245.51,38.748704689167255,2.8887288118818546,46.54003273049219,0.9480073779193676,0.06198167632569299,0.3121542618807286
,66,0,0.015625,0.45679012345679015,-0.015625,-0.45679012345679015,0.015625,0.45679012345679015,-0.015625,-0.45679012345679015,3069,3066,2754,2329,2121,2698,2509,1563,3069,3066,2754,2329,2122,2699,2510,1596,19,4,0,0,0,0,0,-122,5000,4900,4900,4900,5000,5000,5000,4900,-39.44,64.44,-213.03,4.475336394183699,-21.510114902609317,60.404402572365605,0.11629537606528693,-0.5979227005712012,0.7930723987426845
,67,0,-0.484375,-0.654320987654321,0.484375,0.654320987654321,-0.484375,-0.654320987654321,0.484375,0.654320987654321,2743,2341,3080,3054,1795,1973,2835,2288,2743,2342,3081,3054,1821,2021,2834,2288,-2,0,0,8,-83,-209,20,0,4900,4900,4900,4900,5000,5000,4900,5000,-31.44,16.12,-225.12,19.835553776457118,25.86149402799402,52.34308200466161,0.5589728279054603,0.6546110608248619,0.5089535702882164
,68,0,0.515625,0.012345679012345734,-0.515625,-0.012345679012345734,0.515625,0.012345679012345734,-0.515625,-0.012345679012345734,3395,2776,2428,2619,2447,2408,2183,1853,3395,2777,2429,2619,2448,2409,2221,1854,19,5,0,0,0,0,-163,0,5000,4900,4900,5000,5000,5000,5000,4900,-38.87,41.68,-184.36,-22.591091490295184,3.129794070645879,59.63319095160209,-0.6067632945242333,0.05504618742705917,0.792974288150532
,69,0,-0.734375,0.679012345679012,0.734375,-0.679012345679012,-0.734375,0.679012345679012,0.734375,-0.679012345679012,2580,3211,3243,2184,1632,2843,2998,1418,2581,3212,3243,2185,1681,2844,2996,1460,-1,2,0,0,-214,0,19,-174,4900,4900,4900,4800,4900,4800,4900,4800,-26.14,68.22,-236.17000000000002,27.371658640376126,-26.880023917092146,47.23016617040703,0.68434471256839,-0.657761293606766,0.3146782404495764
,70,0,0.265625,-0.4320987654320988,-0.265625,0.4320987654320988,0.265625,-0.4320987654320988,-0.265625,0.4320987654320988,3232,2486,2591,2909,2284,2118,2346,2143,3232,2488,2592,2910,2283,2149,2360,2144,21,-8,-7,7,5,-109,-45,0,4900,4900,4900,4900,5000,5000,5000,4900,-39.67,23.89,-198.62,-7.16764288502543,19.919843732022542,60.45972920789021,-0.1831861608234798,0.5458897413545954,0.8175862161060244
,71,0,-0.234375,0.23456790123456783,0.234375,-0.23456790123456783,-0.234375,0.23456790123456783,0.234375,-0.23456790123456783,2906,2921,2917,2474,1958,2553,2672,1708,2907,2922,2917,2474,1974,2554,2671,1723,0,0,0,-2,-39,-8,20,-45,5000,4900,4900,4900,5000,5000,5000,4900,-42.42,51.84,-219.27,11.536539575658935,-9.351145443897309,63.38381045515579,0.33833214084334684,-0.28361405145913154,0.8972705457593574
,72,0,0.765625,0.9012345679012344,-0.765625,-0.9012345679012344,0.765625,0.9012345679012344,-0.765625,-0.9012345679012344,3558,3356,2265,2039,2610,2988,2020,1273,3558,3356,2266,2039,2611,2989,2068,1337,1,4,0,0,0,0,-222,-322,4900,4800,4900,5000,5000,4800,4900,4900,-20.91,77.7,-184.57,-24.724391501158095,-32.87355612544165,41.76551327033813,-0.570372249063698,-0.8045358614637235,0.1655220381606123
,73,0,-0.859375,-0.8024691358024691,0.859375,0.8024691358024691,-0.859375,-0.8024691358024691,0.859375,0.8024691358024691,2499,2245,3324,3150,1551,1877,3079,2384,2499,2245,3324,3150,1611,1937,3079,2385,-3,-1,0,15,-289,-285,21,0,4900,4900,5000,5000,4900,4900,5000,4900,-21.93,17.02,-238.51,33.18014326695712,24.033369761359992,42.902632174500944,0.8114618973757322,0.5433650230663825,0.21513726040703982
,74,0,0.140625,-0.13580246913580252,-0.140625,0.13580246913580252,0.140625,-0.13580246913580252,-0.140625,0.13580246913580252,3151,2679,2672,2716,2203,2311,2427,1950,3151,2680,2673,2717,2203,2317,2438,1951,2,2,0,-1,0,-20,-38,0,4900,4900,4900,4900,5000,5000,5000,5000,-44.160000000000004,35.68,-203.53,-3.0858251173999633,7.8384461381985915,65.00405488854315,-0.08527845104593246,0.1885309467984923,0.9783576380273576
,75,0,-0.359375,0.5308641975308641,0.359375,-0.5308641975308641,-0.359375,0.5308641975308641,0.359375,-0.5308641975308641,2825,3114,2998,2281,1877,2746,2753,1515,2825,3113,2998,2281,1897,2747,2752,1549,-7,11,0,-5,-52,-1,19,-133,5000,4900,4900,4900,5000,5000,5000,4900,-36.37,65.35,-223.25,14.62539347257433,-23.11603027619074,57.38798464404283,0.3931302511979038,-0.6253510270821787,0.6740806320614303
,76,0,0.640625,-0.5802469135802469,-0.640625,0.5802469135802469,0.640625,-0.5802469135802469,-0.640625,0.5802469135802469,3477,2390,2346,3005,2529,2022,2101,2239,3476,2391,2347,3005,2529,2060,2140,2239,21,-7,0,16,0,-147,-162,0,4900,4900,4800,4900,4900,5000,5000,4800,-31.29,22.43,-181.95000000000002,-23.660517075710374,22.47675106764794,51.99260302439306,-0.6145234497553016,0.5836303136763588,0.5307886459400558
,77,0,-0.609375,0.08641975308641969,0.609375,-0.08641975308641969,-0.609375,0.08641975308641969,0.609375,-0.08641975308641969,2662,2824,3161,2571,1714,2456,2916,1805,2662,2824,3162,2571,1760,2456,2915,1807,0,11,0,0,-199,0,21,-16,4900,4900,4900,4900,4900,4900,5000,5000,-35.51,41.49,-235.54,28.500800539947505,-0.14171617469067854,56.529340200570466,0.7759386938312655,-0.012164615681020228,0.6306910222452536
,78,0,0.390625,0.7530864197530862,-0.390625,-0.7530864197530862,0.390625,0.7530864197530862,-0.390625,-0.7530864197530862,3314,3259,2509,2136,2366,2891,2264,1370,3313,3259,2510,2136,2366,2892,2284,1421,19,9,0,-1,0,0,-68,-234,4900,4900,4900,4900,5000,4900,4800,4800,-30.490000000000002,76.17,-199.51,-9.761675792565512,-32.32718487890962,51.41639494429933,-0.22562841750395113,-0.837278679476873,0.4980524371069045
,79,0,-0.109375,-0.3580246913580247,0.109375,0.3580246913580247,-0.109375,-0.3580246913580247,0.109375,0.3580246913580247,2988,2535,2835,2860,2040,2167,2590,2094,2989,2536,2835,2859,2044,2194,2590,2094,0,-1,0,16,-11,-91,0,0,5000,4900,4900,4900,5000,5000,5000,4900,-41.69,26.94,-211.32,5.287799638685726,16.026111927287104,62.551069488982385,0.16476465199923132,0.4463127329020071,0.8795780544676599
,80,0,0.890625,0.308641975308642,-0.890625,-0.308641975308642,0.890625,0.308641975308642,-0.890625,-0.308641975308642,3640,2969,2183,2426,2692,2601,1938,1660,3639,2969,2184,2427,2691,2602,2006,1671,19,7,0,0,3,0,-365,-35,5000,4900,4900,4900,5000,4900,4800,4900,-27.2,52.71,-171.29,-36.318776456447495,-7.026994161008474,47.92571392675151,-0.897339669976368,-0.1844079012544353,0.4009678823068458
,81,0,-0.921875,0.9753086419753085,0.921875,-0.9753086419753085,-0.921875,0.9753086419753085,0.921875,-0.9753086419753085,2458,3404,3365,1991,1510,3036,3120,1225,2459,3405,3366,1991,1575,3036,3118,1292,-7,0,0,0,-324,0,19,-338,4800,4800,4900,4900,5000,4700,4900,4700,-14.51,76.22,-238.43,29.14306526508028,-35.04743143514588,35.63188728929741,0.6381770025914407,-0.7673726359536853,-0.06220410720280002
,82,0,0.078125,-0.9917695473251029,-0.078125,0.9917695473251029,0.078125,-0.9917695473251029,-0.078125,0.9917695473251029,3110,2121,2713,3274,2162,1753,2468,2508,3111,2122,2713,3274,2163,1840,2468,2508,3,-12,-5,15,0,-505,0,17,4900,4900,5000,4900,4900,4900,5000,4700,-27.6,6.79,-207.72,3.123256798763549,36.3326595290787,48.39234501287531,0.09996964066476625,0.9079844955045124,0.4069032156038756
,83,0,-0.421875,-0.3251028806584363,0.421875,0.3251028806584363,-0.421875,-0.3251028806584363,0.421875,0.3251028806584363,2784,2556,3039,2839,1836,2188,2794,2073,2786,2557,3039,2839,1865,2197,2793,2073,-18,4,0,0,-97,-28,22,0,4900,4900,4900,5000,5000,4900,5000,4900,-38.09,27.91,-225.88,19.766435511499083,14.066137878226954,59.026568816618486,0.5674383111254236,0.36859133004841943,0.7363112076291275
,84,0,0.578125,0.34156378600823034,-0.578125,-0.34156378600823034,0.578125,0.34156378600823034,-0.578125,-0.34156378600823034,3436,2991,2387,2404,2488,2623,2142,1638,3437,2990,2388,2405,2489,2623,2181,1655,1,7,-1,0,0,0,-165,-51,5000,5000,4900,4900,4900,5000,5000,5000,-36.33,56.47,-184.14000000000001,-23.795919123665556,-11.618899431015947,57.12948762095259,-0.6199587639538102,-0.3455568830575172,0.7044441578779942
,85,0,-0.671875,-0.7695473251028807,0.671875,0.7695473251028807,-0.671875,-0.7695473251028807,0.671875,0.7695473251028807,2621,2266,3202,3129,1673,1898,2957,2363,2622,2266,3202,3129,1720,1951,2956,2363,-2,0,0,15,-193,-238,20,-5,4900,4900,5000,5000,4900,5000,5000,4700,-24.61,12.870000000000001,-230.26,25.21600272541272,28.737928450608962,45.53074803456897,0.6617472205430657,0.6887880006475285,0.2960771964665772
,86,0,0.328125,-0.10288065843621408,-0.328125,0.10288065843621408,0.328125,-0.10288065843621408,-0.328125,0.10288065843621408,3273,2701,2550,2694,2325,2333,2305,1928,3272,2701,2551,2696,2325,2335,2329,1929,8,10,0,-3,0,-14,-84,0,4900,4900,4900,4900,5000,5000,5000,5000,-42.52,39.32,-193.39000000000001,-13.44021219003642,4.885880406782455,63.32244139202085,-0.3702453601847075,0.10084416650610231,0.923444003360997
,87,0,-0.171875,0.5637860082304524,0.171875,-0.5637860082304524,-0.171875,0.5637860082304524,0.171875,-0.5637860082304524,2947,3136,2876,2259,1999,2768,2631,1493,2948,3137,2876,2259,2006,2768,2630,1532,0,1,0,-4,-16,0,19,-157,5000,4900,4900,5000,4900,5000,5000,4900,-37.01,68.65,-213.79,4.961367536418237,-25.7687121316784,57.988885367015264,0.13453358631014586,-0.701321549555497,0.7000348550490952
,88,0,0.828125,-0.5473251028806585,-0.828125,0.5473251028806585,0.828125,-0.5473251028806585,-0.828125,0.5473251028806585,3599,2411,2224,2984,2651,2043,1979,2218,3598,2412,2225,2984,2650,2076,2035,2220,20,0,0,14,5,-119,-279,-6,5000,4900,4900,4900,4900,5000,5000,4900,-26.8,27.12,-174.47,-31.418047382793986,18.289048776143765,47.4770218821246,-0.7953552623395167,0.4652372727806129,0.38854122906648614
,89,0,-0.796875,0.11934156378600824,0.796875,-0.11934156378600824,-0.796875,0.11934156378600824,0.796875,-0.11934156378600824,2540,2846,3283,2549,1592,2478,3038,1783,2540,2846,3283,2549,1653,2479,3037,1784,-5,8,0,0,-298,-14,21,-17,4900,5000,5000,4900,5000,5000,4900,4800,-30.14,41.94,-241.86,34.80192503669258,-1.0322469824639953,51.19224502089398,0.8850227127827247,-0.04982757999891307,0.46287364380590934
,90,0,0.203125,0.7860082304526748,-0.203125,-0.7860082304526748,0.203125,0.7860082304526748,-0.203125,-0.7860082304526748,3191,3280,2632,2115,2243,2912,2387,1349,3190,3281,2633,2115,2243,2913,2395,1407,19,1,0,0,4,0,-29,-282,5000,5000,4900,5000,4800,5000,5000,4900,-30.61,77.68,-208.63,-0.7649836589550034,-34.44843197851516,51.585927818532255,-0.005001012784447926,-0.8817763447895991,0.47164124887527004
,91,0,-0.296875,-0.9176954732510288,0.296875,0.9176954732510288,-0.296875,-0.9176954732510288,0.296875,0.9176954732510288,2865,2170,2958,3225,1917,1802,2713,2459,2865,2170,2958,3225,1930,1877,2713,2460,0,-1,0,16,-23,-397,0,0,4900,4800,4900,5000,5000,4700,5000,4900,-25.400000000000002,5.54,-213.55,9.034854347799438,37.18035726445419,46.218449208639946,0.26817242990906676,0.9086253270545646,0.3201305403607307
,92,0,0.703125,-0.2510288065843622,-0.703125,0.2510288065843622,0.703125,-0.2510288065843622,-0.703125,0.2510288065843622,3517,2604,2306,2791,2569,2236,2061,2025,3516,2604,2307,2793,2569,2242,2111,2026,21,9,0,-7,5,-18,-242,0,5000,4900,4900,4900,5000,4800,5000,5000,-33.49,37.160000000000004,-177.04,-29.56346263758641,8.117753234107411,54.20516147783713,-0.7690704818332251,0.2043237092138251,0.6056256400004167
,93,0,-0.546875,0.4156378600823045,0.546875,-0.4156378600823045,-0.546875,0.4156378600823045,0.546875,-0.4156378600823045,2702,3039,3121,2356,1754,2671,2876,1590,2702,3039,3122,2356,1790,2672,2875,1612,0,7,0,0,-136,-6,22,-74,4900,5000,4900,4900,4900,5000,5000,5000,-35.33,58.32,-231.21,23.04637859839059,-16.64184160635311,56.37014842041561,0.6141817183420929,-0.4553571674013189,0.6445391120410007
,94,0,0.453125,-0.6954732510288066,-0.453125,0.6954732510288066,0.453125,-0.6954732510288066,-0.453125,0.6954732510288066,3354,2315,2469,3080,2406,1947,2224,2314,3353,2316,2470,3081,2407,1995,2249,2315,20,0,0,0,0,-210,-94,-11,4900,4900,4900,4900,5000,4900,5000,4900,-31.490000000000002,14.5,-191.66,-13.438822820442567,29.734415188511818,52.22124698462312,-0.33504392550827816,0.7751793581825231,0.5355768204727822
,95,0,-0.046875,-0.02880658436214001,0.046875,0.02880658436214001,-0.046875,-0.02880658436214001,0.046875,0.02880658436214001,3028,2749,2795,2646,2080,2381,2550,1880,3029,2750,2795,2647,2086,2382,2550,1881,0,1,0,0,-13,-1,22,-17,5000,4900,4900,4900,5000,5000,5000,4900,-44.69,39.550000000000004,-210.45000000000002,3.554737394786173,3.5121166644822424,65.57851359602506,0.12292491603743448,0.06334208536995889,0.9903924703056737
,96,0,0.953125,0.6378600823045264,-0.953125,-0.6378600823045264,0.953125,0.6378600823045264,-0.953125,-0.6378600823045264,3680,3184,2143,2211,2732,2816,1898,1445,3680,3185,2144,2212,2731,2817,1970,1483,20,0,0,0,4,0,-392,-156,4900,5000,4800,5000,5000,4900,4700,4700,-22.12,66.44,-173.4,-35.115167649975945,-20.882495728483264,42.89105384342038,-0.8262286101677914,-0.520230057498349,0.2161179562541341
,97,0,-0.953125,-0.47325102880658443,0.953125,0.47325102880658443,-0.953125,-0.47325102880658443,0.953125,0.47325102880658443,2438,2459,3385,2936,1490,2091,3140,2170,2439,2460,3386,2936,1564,2114,3138,2171,0,0,-9,15,-397,-75,21,0,4800,5000,5000,4900,4800,4900,4900,4900,-22.650000000000002,27.47,-244.17000000000002,38.118843282109,13.227561653319555,43.67739232612634,0.9207506961251646,0.323531375656433,0.21804954609189345
,98,0,0.046875,0.1934156378600822,-0.046875,-0.1934156378600822,0.046875,0.1934156378600822,-0.046875,-0.1934156378600822,3090,2894,2733,2501,2142,2526,2488,1735,3090,2895,2733,2501,2143,2526,2491,1747,19,0,0,0,0,0,-24,-38,5000,4900,4900,4900,5000,5000,5000,5000,-43.74,51.61,-210.3,2.596209290938134,-8.51297878907475,64.65824015460862,0.06016347931505252,-0.25776042990289944,0.9643339237696554
,99,0,-0.453125,0.8600823045267487,0.453125,-0.8600823045267487,-0.453125,0.8600823045267487,0.453125,-0.8600823045267487,2764,3329,3059,2066,1816,2961,2814,1300,2766,3329,3059,2067,1840,2962,2813,1364,-14,11,0,0,-70,-1,17,-325,4900,4800,5000,4800,5000,4700,5000,4800,-26.26,77.95,-223.96,14.532728994886583,-35.764073437094495,47.313530937042586,0.36515165284303824,-0.8734573926160284,0.322081439562119
,100,0,0.546875,-0.8436213991769548,-0.546875,0.8436213991769548,0.546875,-0.8436213991769548,-0.546875,0.8436213991769548,3416,2218,2407,3177,2468,1850,2162,2411,3416,2219,2408,3177,2469,1917,2193,2412,19,0,0,13,0,-331,-118,0,4900,5000,4800,4900,4800,4900,5000,4900,-27.22,11.17,-187.87,-16.974904374576482,33.3002052160785,47.92390260444835,-0.4230489768594448,0.821204372298106,0.38295292412599613
,101,0,-0.703125,-0.17695473251028815,0.703125,0.17695473251028815,-0.703125,-0.17695473251028815,0.703125,0.17695473251028815,2601,2653,3222,2742,1653,2285,2977,1976,2602,2653,3222,2743,1706,2288,2976,1977,0,8,-3,0,-240,-16,21,0,4900,4800,4900,4900,5000,4800,5000,4900,-32.33,37.84,-238.76,31.974990354709178,3.273719843371609,53.35631294926472,0.842977383144312,0.07343109217527605,0.5329136948973202
,102,0,0.296875,0.4897119341563785,-0.296875,-0.4897119341563785,0.296875,0.4897119341563785,-0.296875,-0.4897119341563785,3253,3087,2570,2308,2305,2719,2325,1542,3253,3086,2571,2309,2305,2720,2342,1575,20,5,0,-8,0,0,-55,-122,4900,4900,4900,5000,5000,4900,5000,5000,-38.51,65.12,-200.39000000000001,-8.177102670140926,-21.33880703296647,59.41276789298521,-0.21006142398281027,-0.6003249679307426,0.771676182756256
,103,0,-0.203125,-0.6213991769547325,0.203125,0.6213991769547325,-0.203125,-0.6213991769547325,0.203125,0.6213991769547325,2927,2363,2896,3032,1979,1995,2651,2266,2928,2364,2896,3032,1987,2044,2651,2266,-1,0,0,15,-16,-215,0,0,4900,4900,4900,4900,5000,5000,5000,5000,-35.1,15.09,-212.42000000000002,7.216417320613232,27.75606820783453,55.936754747952705,0.2249957477227469,0.7307052402412887,0.644551600254474
,104,0,0.796875,0.04526748971193406,-0.796875,-0.04526748971193406,0.796875,0.04526748971193406,-0.796875,-0.04526748971193406,3578,2798,2245,2597,2630,2430,2000,1831,3578,2799,2246,2597,2630,2431,2060,1832,2,0,0,0,0,0,-312,0,5000,5000,4800,5000,4900,4900,5000,4700,-30.44,43.01,-173.01,-33.96409105846547,2.544151682474528,51.14978339239711,-0.8562705230097937,0.05884733723335833,0.5131644788224113
,105,0,-0.828125,0.7119341563786006,0.828125,-0.7119341563786006,-0.828125,0.7119341563786006,0.828125,-0.7119341563786006,2519,3232,3304,2163,1571,2864,3059,1397,2519,3233,3304,2163,1632,2865,3058,1437,0,0,0,0,-294,0,20,-167,4900,5000,4900,5000,5000,4900,4800,4900,-25.42,69.55,-235.44,26.557098250196532,-28.159819030108437,46.509877450899296,0.6421736131068669,-0.698679634598595,0.3153725080384239
,106,0,0.171875,-0.39917695473251036,-0.171875,0.39917695473251036,0.171875,-0.39917695473251036,-0.171875,0.39917695473251036,3171,2508,2652,2887,2223,2140,2407,2121,3171,2509,2653,2887,2223,2169,2416,2122,9,-1,0,16,0,-103,-32,0,5000,4900,4900,4900,5000,5000,5000,5000,-40.800000000000004,24.77,-203.56,-2.3037677152628646,18.711937301318216,61.616699556529376,-0.052570198856494665,0.5182900274049514,0.8535876180479443
,107,0,-0.328125,0.2674897119341564,0.328125,-0.2674897119341564,-0.328125,0.2674897119341564,0.328125,-0.2674897119341564,2845,2942,2978,2453,1897,2574,2733,1687,2845,2943,2978,2453,1919,2575,2732,1703,-2,0,0,0,-64,0,24,-48,5000,4900,4900,4900,5000,5000,5000,5000,-40.92,52.78,-223.29,15.491180332236382,-10.564389651695265,61.906361647697054,0.45348667235947315,-0.3017548727665694,0.8386261591161844
,108,0,0.671875,0.9341563786008229,-0.671875,-0.9341563786008229,0.671875,0.9341563786008229,-0.671875,-0.9341563786008229,3497,3377,2326,2018,2549,3009,2081,1252,3496,3378,2327,2019,2548,3009,2121,1318,20,6,0,-2,2,0,-158,-339,4800,4900,4900,4900,5000,4900,5000,4900,-21.330000000000002,80.09,-188.67000000000002,-20.79701444629623,-35.533400402122155,42.21209796863697,-0.47392552471462424,-0.8599704044655974,0.1893290798246403
,109,0,-0.578125,-0.9670781893004116,0.578125,0.9670781893004116,-0.578125,-0.9670781893004116,0.578125,0.9670781893004116,2682,2138,3141,3257,1734,1770,2896,2491,2683,2140,3142,3257,1765,1849,2895,2491,-17,-13,0,15,-106,-430,23,16,5000,4700,4900,4900,4900,5000,5000,4900,-26.98,13.040000000000001,-227.96,22.898350512949946,28.73019770267985,47.88960972140073,0.613043567621468,0.6980657743594519,0.36997534899758017
,110,0,0.421875,-0.30041152263374493,-0.421875,0.30041152263374493,0.421875,-0.30041152263374493,-0.421875,0.30041152263374493,3334,2572,2489,2823,2386,2204,2244,2057,3333,2573,2490,2823,2387,2216,2272,2057,7,1,0,0,0,-30,-110,0,4900,4900,4900,5000,5000,5000,5000,5000,-39.74,30.7,-189.99,-16.23756854844339,13.707564117754153,60.50366614243873,-0.4404404870925819,0.3516110022027524,0.8260640898015266
,111,0,-0.078125,0.3662551440329216,0.078125,-0.3662551440329216,-0.078125,0.3662551440329216,0.078125,-0.3662551440329216,3008,3007,2815,2388,2060,2639,2570,1622,3010,3007,2815,2389,2064,2640,2569,1646,-13,4,0,0,-10,0,19,-79,5000,4900,4900,5000,4900,5000,5000,4900,-41.6,59.980000000000004,-210.36,2.101844760167211,-16.874053158008905,62.53971729472059,0.062274451777095306,-0.49764318767893645,0.8651434276538249
,112,0,0.921875,-0.7448559670781894,-0.921875,0.7448559670781894,0.921875,-0.7448559670781894,-0.921875,0.7448559670781894,3660,2282,2163,3113,2712,1914,1918,2347,3661,2282,2164,3114,2711,1962,1985,2347,13,0,0,3,3,-202,-358,8,5000,4800,4900,4800,4900,4900,4800,4500,-20.52,20.1,-173.66,-31.72234446013468,25.329712986039173,41.17532760421649,-0.7703619280841346,0.6108347456796385,0.18282071334776498
,113,0,-0.890625,-0.07818930041152272,0.890625,0.07818930041152272,-0.890625,-0.07818930041152272,0.890625,0.07818930041152272,2478,2717,3345,2678,1530,2349,3100,1912,2481,2717,3346,2679,1600,2351,3099,1912,-19,9,0,0,-368,-7,20,0,5000,4800,4800,4900,4900,5000,5000,4900,-28.900000000000002,40.25,-242.53,35.590374808022204,0.6051709847555884,49.95135447023421,0.8977658392037545,-0.0014466068805464546,0.4404706633673934
,114,0,0.109375,0.5884773662551439,-0.109375,-0.5884773662551439,0.109375,0.5884773662551439,-0.109375,-0.5884773662551439,3130,3152,2693,2243,2182,2784,2448,1477,3130,3153,2693,2243,2182,2784,2451,1518,20,5,0,0,0,0,-21,-168,4900,4900,4800,4900,4900,5000,5000,4900,-36.47,70.14,-211.04,2.1197693264923885,-27.071403238012707,57.43887128099225,0.061168335529471984,-0.7343876520129415,0.6759683508119833
,115,0,-0.390625,-0.522633744855967,0.390625,0.522633744855967,-0.390625,-0.522633744855967,0.390625,0.522633744855967,2804,2427,3019,2968,1856,2059,2774,2202,2805,2428,3019,2968,1879,2096,2773,2203,-2,-2,0,14,-67,-147,21,0,4900,4900,4900,4900,5000,4900,5000,4900,-35.74,20.52,-222.5,16.903990893292644,21.660507093591598,56.640994037152794,0.49331495168656614,0.5648838412284873,0.6614730564138126
,116,0,0.609375,0.1440329218106997,-0.609375,-0.1440329218106997,0.609375,0.1440329218106997,-0.609375,-0.1440329218106997,3456,2862,2367,2533,2508,2494,2122,1767,3455,2863,2367,2533,2508,2494,2166,1771,19,0,0,0,0,0,-190,-19,4900,4900,4900,4800,5000,5000,5000,4900,-36.46,46.37,-180.77,-26.47757586287989,-1.3142963342248208,57.217078434563405,-0.6956963212832491,-0.055334977135895795,0.716201556028974
,117,0,-0.640625,0.8106995884773662,0.640625,-0.8106995884773662,-0.640625,0.8106995884773662,0.640625,-0.8106995884773662,2641,3296,3182,2099,1693,2928,2937,1333,2641,3297,3183,2100,1736,2929,2935,1391,0,0,0,0,-171,0,19,-282,4900,4800,4800,4900,5000,5000,5000,4900,-25.55,73.94,-231.39000000000001,22.219630394348542,-32.266311928629534,46.63066103372955,0.5320944869798104,-0.7933847848066358,0.2956620370676984
,118,0,0.359375,-0.8930041152263375,-0.359375,0.8930041152263375,0.359375,-0.8930041152263375,-0.359375,0.8930041152263375,3293,2186,2530,3209,2345,1818,2285,2443,3292,2187,2531,3209,2345,1889,2300,2444,9,0,0,15,0,-366,-54,0,4900,4900,4800,5000,5000,5000,5000,5000,-25.89,6.84,-197.20000000000002,-7.367772440576289,36.987332687886344,46.62975925483311,-0.1730797612278995,0.922225319885968,0.34575114694606246
,119,0,-0.140625,-0.22633744855967086,0.140625,0.22633744855967086,-0.140625,-0.22633744855967086,0.140625,0.22633744855967086,2967,2620,2856,2775,2019,2252,2611,2009,2968,2621,2856,2776,2029,2260,2611,2010,-8,1,-1,0,-24,-24,10,0,5000,4900,4900,4900,5000,5000,5000,5000,-42.76,30.82,-213.33,7.0263182589494875,12.02246897147878,63.640930071535394,0.21694414030431441,0.31457777520422964,0.9241082530392093
,120,0,0.859375,0.440329218106996,-0.859375,-0.440329218106996,0.859375,0.440329218106996,-0.859375,-0.440329218106996,3619,3055,2204,2340,2671,2687,1959,1574,3618,3056,2205,2340,2671,2688,2021,1598,21,0,0,0,1,-5,-319,-78,5000,4900,4900,4900,5000,5000,4900,4900,-27.19,58.42,-173.38,-34.61865869467411,-12.864945646691865,47.94061516528507,-0.8369515350000398,-0.3563641117511468,0.415351354779171
,121,0,-0.765625,-0.6707818930041152,0.765625,0.6707818930041152,-0.765625,-0.6707818930041152,0.765625,0.6707818930041152,2560,2331,3263,3064,1612,1963,3018,2298,2561,2332,3264,3065,1668,2004,3018,2298,0,0,-4,1,-263,-164,22,0,4900,4800,4900,4900,4900,4900,4900,4900,-26.46,15.84,-232.02,26.762705691185204,25.661299134146084,47.39704436279551,0.6860762209390453,0.6268388957675305,0.3692863628878576
,122,0,0.234375,-0.004115226337448652,-0.234375,0.004115226337448652,0.234375,-0.004115226337448652,-0.234375,0.004115226337448652,3212,2765,2611,2630,2264,2397,2366,1864,3212,2766,2612,2632,2264,2399,2384,1865,20,0,0,-6,0,-14,-55,0,5000,4900,4900,4900,5000,5000,5000,4900,-43.84,40.57,-197.73000000000002,-9.200838458303252,3.349823648710064,64.66733543939819,-0.2569744407305546,0.0592085611261591,0.9646027592229807
,123,0,-0.265625,0.6625514403292179,0.265625,-0.6625514403292179,-0.265625,0.6625514403292179,0.265625,-0.6625514403292179,2886,3200,2937,2195,1938,2832,2692,1429,2887,3201,2937,2196,1952,2833,2690,1476,-2,3,0,0,-31,0,19,-210,4900,5000,4900,4900,5000,5000,5000,4900,-34.04,71.99,-217.56,8.51179992596471,-29.363825163209,55.04626882084787,0.2158689177379526,-0.774501565025073,0.5945989708436755
,124,0,0.734375,-0.44855967078189307,-0.734375,0.44855967078189307,0.734375,-0.44855967078189307,-0.734375,0.44855967078189307,3538,2476,2285,2919,2590,2108,2040,2153,3537,2477,2286,2919,2591,2135,2090,2154,21,0,0,15,0,-94,-236,0,4900,4800,4900,4900,5000,4900,4900,4900,-31.16,30.05,-177.03,-29.082604561073765,15.205552395891694,51.857188191689566,-0.7527310764340749,0.38880670081019436,0.5312487891520227
,125,0,-0.515625,0.21810699588477367,0.515625,-0.21810699588477367,-0.515625,0.21810699588477367,0.515625,-0.21810699588477367,2723,2910,3100,2485,1775,2542,2855,1719,2723,2911,3101,2485,1812,2542,2854,1727,0,11,0,0,-143,0,21,-28,4900,4900,4900,4900,5000,5000,5000,5000,-37.92,49.15,-231.24,23.68232391461737,-7.487374883617406,58.937094578225285,0.6591855209157137,-0.2083589290656605,0.7225378922199794
,126,0,0.484375,0.8847736625514402,-0.484375,-0.8847736625514402,0.484375,0.8847736625514402,-0.484375,-0.8847736625514402,3375,3345,2448,2050,2427,2977,2203,1284,3374,3346,2449,2051,2428,2978,2228,1346,21,2,0,0,0,0,-89,-309,5000,5000,4800,5000,4900,4900,4900,4800,-25.66,79.83,-196.21,-13.277657222207637,-35.77009856734087,46.57917260907179,-0.30630560691958514,-0.8989320965193616,0.31320594026443677
,127,0,-0.015625,-0.8189300411522634,0.015625,0.8189300411522634,-0.015625,-0.8189300411522634,0.015625,0.8189300411522634,3049,2234,2774,3161,2101,1866,2529,2395,3050,2236,2774,3161,2102,1935,2529,2396,0,-15,0,15,0,-356,21,0,5000,4900,4900,4800,5000,5000,4800,4800,-37.82,18.57,-207.76,2.319213003277895,24.60604024252136,58.64214080025969,0.06719977252475975,0.6756286167458502,0.7341731150121948
,128,0,0.984375,-0.1522633744855968,-0.984375,0.1522633744855968,0.984375,-0.1522633744855968,-0.984375,0.1522633744855968,3701,2669,2122,2726,2753,2301,1877,1960,3701,2670,2123,2727,2753,2303,1956,1961,18,0,0,0,0,-8,-456,0,4900,4900,4800,5000,4900,4900,4600,4900,-23.54,43.410000000000004,-167.14000000000001,-39.81429750480413,2.52120180588048,44.2214749524977,-0.9565459309473681,0.06443441668955097,0.28437314910854294
,129,0,-0.9921875,0.51440329218107,0.9921875,-0.51440329218107,-0.9921875,0.51440329218107,0.9921875,-0.51440329218107,2412,3103,3411,2292,1464,2735,3166,1526,2417,3103,3410,2292,1543,2736,3163,1550,-22,0,12,0,-432,0,21,-82,4900,5000,5000,4900,5000,4800,5000,4900,-32.230000000000004,61.44,-233.86,25.494842153052304,-19.942297490380867,53.2913634037118,0.6720548138731599,-0.5272460368325613,0.5199557133009216
,130,0,0.0078125,-0.5967078189300412,-0.0078125,0.5967078189300412,0.0078125,-0.5967078189300412,-0.0078125,0.5967078189300412,3064,2379,2759,3016,2116,2011,2514,2250,3065,2380,2759,3016,2117,2058,2515,2250,0,0,0,15,0,-199,0,0,4900,4900,4900,5000,4900,5000,5000,4800,-35.83,15.38,-209.13,3.9108607449658166,27.690686956825424,56.6509823147762,0.13222868820808287,0.7297150183963849,0.6708439207010327
,131,0,-0.4921875,0.06995884773662531,0.4921875,-0.06995884773662531,-0.4921875,0.06995884773662531,0.4921875,-0.06995884773662531,2738,2814,3085,2581,1790,2446,2840,1815,2738,2815,3086,2581,1826,2447,2839,1818,-6,0,0,0,-137,-5,20,-17,4900,4900,4900,5000,5000,5000,4900,4900,-38.47,40.9,-231.12,24.116413626403755,0.7534746336146156,59.46564481846554,0.6792503809881091,0.015066501019242085,0.7337519475098836
,132,0,0.5078125,0.7366255144032918,-0.5078125,-0.7366255144032918,0.5078125,0.7366255144032918,-0.5078125,-0.7366255144032918,3390,3248,2433,2147,2442,2880,2188,1381,3389,3249,2434,2147,2443,2881,2217,1428,20,5,0,-4,0,-1,-113,-207,5000,4800,4900,4800,4900,5000,4900,4900,-30.01,74.72,-192.77,-16.386123794405904,-30.42733220662292,50.898950749706636,-0.3938091527791031,-0.7906616650058158,0.4687947127236357
,133,0,-0.7421875,-0.374485596707819,0.7421875,0.374485596707819,-0.7421875,-0.374485596707819,0.7421875,0.374485596707819,2575,2524,3248,2871,1627,2156,3003,2105,2576,2525,3248,2870,1678,2178,3002,2105,0,0,0,17,-233,-68,20,0,5000,4900,4900,4900,5000,5000,5000,5000,-30.48,31.42,-239.12,32.776141048600834,9.649512619266723,51.491929929464135,0.8501157375826855,0.2412096954163007,0.46810374443217434
,134,0,0.2578125,0.29218106995884763,-0.2578125,-0.29218106995884763,0.2578125,0.29218106995884763,-0.2578125,-0.29218106995884763,3227,2958,2596,2437,2279,2590,2351,1671,3227,2958,2597,2437,2279,2591,2367,1688,20,0,6,0,0,-2,-55,-51,5000,4900,4900,5000,5000,5000,5000,4900,-42.0,56.09,-200.04,-7.934078942069078,-12.295822083714484,62.87814848899432,-0.21898651100977526,-0.36593580654646024,0.9045086475445974
,135,0,-0.2421875,0.9588477366255141,0.2421875,-0.9588477366255141,-0.2421875,0.9588477366255141,0.2421875,-0.9588477366255141,2901,3393,2922,2002,1953,3025,2677,1236,2903,3394,2922,2002,1962,3025,2676,1312,-12,3,0,0,-15,-8,15,-414,5000,5000,4800,4800,4800,4900,5000,4500,-24.28,82.71000000000001,-214.16,4.443660976213067,-39.85798560912011,45.29645641131973,0.10155342952747098,-0.9617031708955228,0.2545857655893312
,136,0,0.7578125,-0.9423868312757202,-0.7578125,0.9423868312757202,0.7578125,-0.9423868312757202,-0.7578125,0.9423868312757202,3553,2154,2270,3241,2605,1786,2025,2475,3552,2155,2271,3241,2605,1859,2067,2476,21,-14,0,9,4,-366,-186,0,4900,4800,5000,4900,4800,4700,5000,4700,-22.82,13.66,-179.81,-25.16314920475571,31.34685680270653,43.489855178335205,-0.6248402826747613,0.7436048561770604,0.23796310431833273
,137,0,-0.8671875,-0.2757201646090536,0.8671875,0.2757201646090536,-0.8671875,-0.2757201646090536,0.8671875,0.2757201646090536,2494,2588,3329,2807,1546,2220,3084,2041,2495,2589,3331,2808,1617,2229,3083,2042,-3,6,-10,-1,-374,-26,20,0,5000,5000,4800,5000,5000,5000,4900,4900,-35.660000000000004,32.36,-231.96,25.544100235128923,9.209318256611667,56.638328145242184,0.7151704848038725,0.22662134309342163,0.6611913070510893
,138,0,0.1328125,0.39094650205761305,-0.1328125,-0.39094650205761305,0.1328125,0.39094650205761305,-0.1328125,-0.39094650205761305,3146,3023,2677,2372,2198,2655,2432,1606,3145,3024,2678,2374,2198,2656,2438,1633,21,0,8,-8,0,0,-29,-90,5000,4900,4900,4900,5000,4900,5000,4900,-41.27,61.11,-207.65,-0.676577187479154,-17.81966254842807,62.19899106798113,-0.02238297382093174,-0.5109301114795854,0.8593307999055952
,139,0,-0.3671875,-0.7201646090534979,0.3671875,0.7201646090534979,-0.3671875,-0.7201646090534979,0.3671875,0.7201646090534979,2820,2299,3003,3096,1872,1931,2758,2330,2820,2299,3003,3096,1891,1985,2757,2330,0,0,0,15,-51,-251,21,0,5000,4900,4900,4900,4900,4900,5000,4900,-30.98,12.22,-218.70000000000002,13.695532038302616,30.18423620794118,51.841053020741725,0.3963688290352997,0.7666759917093963,0.5050739303365398
,140,0,0.6328125,-0.053497942386831365,-0.6328125,0.053497942386831365,0.6328125,-0.053497942386831365,-0.6328125,0.053497942386831365,3472,2733,2351,2662,2524,2365,2106,1896,3471,2734,2352,2663,2524,2366,2151,1896,19,1,0,-7,0,0,-199,0,4900,4900,4900,5000,4900,4900,5000,4700,-35.7,41.64,-179.13,-27.79110569223056,3.513342155054758,56.43692075548023,-0.7286624119214397,0.0667437746165598,0.6816130559215859
,141,0,-0.6171875,0.6131687242798352,0.6171875,-0.6131687242798352,-0.6171875,0.6131687242798352,0.6171875,-0.6131687242798352,2657,3168,3166,2227,1709,2800,2921,1461,2657,3168,3167,2228,1751,2800,2920,1500,-5,5,0,0,-172,0,19,-160,4900,5000,4900,5000,4900,4900,4700,4900,-30.6,66.57000000000001,-232.27,23.570332495277057,-24.95803073888618,51.66637646315871,0.6138802798482997,-0.6368188246319069,0.46648985691846556
,142,0,0.3828125,-0.4979423868312758,-0.3828125,0.4979423868312758,0.3828125,-0.4979423868312758,-0.3828125,0.4979423868312758,3309,2443,2514,2952,2361,2075,2269,2186,3308,2444,2514,2953,2361,2107,2290,2187,20,-4,6,0,0,-120,-77,0,5000,4900,4900,5000,4900,5000,5000,4900,-37.31,22.240000000000002,-193.1,-12.552310287596384,21.931592287949975,58.06792555553622,-0.3253254795434953,0.5956640866567016,0.7344029059223771
,143,0,-0.1171875,0.16872427983539096,0.1171875,-0.16872427983539096,-0.1171875,0.16872427983539096,0.1171875,-0.16872427983539096,2983,2878,2840,2517,2035,2510,2595,1751,2984,2879,2840,2517,2043,2510,2594,1761,0,0,0,0,-19,0,17,-32,5000,4900,4900,4900,5000,5000,5000,5000,-43.92,49.51,-213.53,5.959593262224558,-6.635078076362696,64.84912539471124,0.18355896684994036,-0.21580552616496645,0.9590276745567067
,144,0,0.8828125,0.8353909465020575,-0.8828125,-0.8353909465020575,0.8828125,0.8353909465020575,-0.8828125,-0.8353909465020575,3635,3313,2188,2082,2687,2945,1943,1316,3634,3313,2189,2083,2687,2946,2004,1372,20,5,0,0,0,0,-312,-264,5000,4800,5000,5000,4800,4800,4600,4800,-19.73,73.87,-179.17000000000002,-29.847991097017143,-28.691499005167714,40.54878592862227,-0.6866884169551413,-0.7130141474085395,0.1416680754966185
,145,0,-0.9296875,-0.8683127572016461,0.9296875,0.8683127572016461,-0.9296875,-0.8683127572016461,0.9296875,0.8683127572016461,2453,2202,3370,3193,1505,1834,3125,2427,2456,2205,3371,3193,1571,1897,3124,2428,-21,-13,0,14,-330,-289,22,-1,4700,5000,4800,5000,5000,4900,5000,4900,-34.92,23.75,-227.92000000000002,22.0976782829606,18.07001610980616,55.85633755578048,0.6112768729268163,0.47156728759080085,0.6355823140231864
,146,0,0.0703125,-0.2016460905349795,-0.0703125,0.2016460905349795,0.0703125,-0.2016460905349795,-0.0703125,0.2016460905349795,3105,2637,2718,2758,2157,2269,2473,1992,3106,2638,2718,2759,2158,2277,2478,1993,6,0,0,0,0,-24,-27,0,5000,4900,4900,4900,5000,5000,5000,5000,-43.49,31.91,-207.88,1.5117452378532334,11.304578128616022,64.34634989882376,0.042196261875984464,0.29369548752795316,0.9549672434640942
,147,0,-0.4296875,0.46502057613168724,0.4296875,-0.46502057613168724,-0.4296875,0.46502057613168724,0.4296875,-0.46502057613168724,2779,3071,3044,2324,1831,2703,2799,1558,2780,3071,3044,2324,1857,2704,2798,1589,0,10,0,-2,-79,0,20,-112,5000,4900,5000,4900,5000,5000,5000,5000,-36.61,61.18,-226.83,18.477310324999763,-19.196282222327127,57.63539474131748,0.5082509756195688,-0.5207786752969397,0.6859085340901665
,148,0,0.5703125,-0.6460905349794239,-0.5703125,0.6460905349794239,0.5703125,-0.6460905349794239,-0.5703125,0.6460905349794239,3431,2347,2392,3048,2483,1979,2147,2282,3431,2348,2393,3048,2484,2023,2182,2282,11,-1,0,15,0,-176,-139,0,4900,5000,4900,4900,5000,5000,4800,4900,-33.59,19.91,-185.34,-20.119412499948396,24.768963587100544,54.30319605415449,-0.49048954897508545,0.6357752044388836,0.5959948756213534
,149,0,-0.6796875,0.020576131687242816,0.6796875,-0.020576131687242816,-0.6796875,0.020576131687242816,0.6796875,-0.020576131687242816,2616,2781,3207,2614,1668,2413,2962,1848,2617,2781,3207,2614,1722,2414,2961,1849,0,5,0,0,-251,0,21,0,5000,4800,4900,4800,4900,4900,5000,4900,-33.24,40.43,-237.81,30.848069840624333,0.7562937935554643,54.268078400815575,0.832100953047147,0.011101860737097298,0.5545130770560817
,150,0,0.3203125,0.6872427983539091,-0.3203125,-0.6872427983539091,0.3203125,0.6872427983539091,-0.3203125,-0.6872427983539091,3268,3216,2555,2179,2320,2848,2310,1413,3267,3217,2556,2180,2320,2849,2327,1461,20,0,0,0,0,0,-54,-210,4900,4900,4900,4900,4900,4900,5000,4900,-33.63,73.26,-201.61,-7.4853706874382056,-29.556465856260772,54.55952255321108,-0.1817926373504735,-0.7920982678083702,0.5826935482225101
,151,0,-0.1796875,-0.4238683127572017,0.1796875,0.4238683127572017,-0.1796875,-0.4238683127572017,0.1796875,0.4238683127572017,2942,2492,2881,2903,1994,2124,2636,2137,2943,2493,2881,2903,2002,2156,2636,2138,-2,0,0,7,-19,-115,0,0,4900,4900,4900,4900,4900,5000,5000,4900,-40.0,23.7,-213.99,8.178394650650432,19.07383282238567,60.866297153506615,0.24571329651926913,0.5216388154651946,0.8170177000002523
,152,0,0.8203125,0.24279835390946491,-0.8203125,-0.24279835390946491,0.8203125,0.24279835390946491,-0.8203125,-0.24279835390946491,3594,2926,2229,2469,2646,2558,1984,1703,3593,2926,2230,2469,2646,2558,2043,1712,17,6,0,-5,0,-1,-293,-28,5000,4900,4800,4800,5000,5000,5000,4900,-29.68,49.74,-172.92000000000002,-34.50415964743024,-4.166602674086278,50.406344164811,-0.8650670623755562,-0.11919216940936356,0.48729067746511856
,153,0,-0.8046875,0.9094650205761314,0.8046875,-0.9094650205761314,-0.8046875,0.9094650205761314,0.8046875,-0.9094650205761314,2534,3361,3289,2034,1586,2993,3044,1268,2534,3361,3289,2034,1644,2994,3043,1327,0,11,0,-1,-270,0,18,-287,4900,4800,4900,4800,5000,4800,5000,4700,-19.63,75.76,-235.36,26.0863834889671,-34.366811269644785,40.735254090722776,0.5964839587929351,-0.7961569697228167,0.10169054265019241
,154,0,0.1953125,-0.7942386831275721,-0.1953125,0.7942386831275721,0.1953125,-0.7942386831275721,-0.1953125,0.7942386831275721,3186,2250,2637,3145,2238,1882,2392,2379,3185,2250,2638,3145,2238,1945,2397,2381,21,0,0,13,0,-308,-25,-16,4900,5000,4900,4800,4800,4900,5000,4900,-34.980000000000004,14.780000000000001,-203.47,-1.6916053899754218,28.668587607642785,55.77110532111878,-0.03507402090533985,0.759477141502764,0.649587780513398
,155,0,-0.3046875,-0.12757201646090544,0.3046875,0.12757201646090544,-0.3046875,-0.12757201646090544,0.3046875,0.12757201646090544,2860,2685,2963,2710,1912,2317,2718,1944,2860,2686,2963,2711,1935,2320,2717,1945,0,6,0,-2,-65,-16,21,0,4900,4900,4900,4900,5000,5000,5000,4900,-41.84,36.81,-222.67000000000002,15.945350150308371,5.413630016911561,62.78289872390425,0.4672235999510035,0.12473546088580055,0.8752960484581384
,156,0,0.6953125,0.5390946502057612,-0.6953125,-0.5390946502057612,0.6953125,0.5390946502057612,-0.6953125,-0.5390946502057612,3512,3119,2311,2276,2564,2751,2066,1510,3511,3119,2312,2276,2565,2751,2111,1538,20,4,0,-2,0,0,-206,-104,4800,4900,4900,4900,4900,4800,5000,4900,-30.71,64.76,-181.65,-26.812236914185547,-19.738136663229213,51.518033820587235,-0.6653249700810889,-0.5409013603691893,0.5145565105383063
,157,0,-0.5546875,-0.5720164609053497,0.5546875,0.5720164609053497,-0.5546875,-0.5720164609053497,0.5546875,0.5720164609053497,2697,2395,3126,3000,1749,2027,2881,2234,2697,2396,3127,3000,1784,2065,2880,2235,0,0,0,14,-131,-145,22,0,4900,4900,4900,4900,4900,5000,5000,4900,-32.0,19.81,-228.58,23.036032924555656,21.948175001313615,52.92973984191225,0.6376162972331729,0.5556987499638926,0.5335207182399068
,158,0,0.4453125,0.09465020576131677,-0.4453125,-0.09465020576131677,0.4453125,0.09465020576131677,-0.4453125,-0.09465020576131677,3349,2830,2474,2565,2401,2462,2229,1799,3349,2831,2475,2565,2402,2462,2259,1802,7,0,0,-1,0,0,-117,-18,4900,4900,4900,5000,5000,5000,5000,4800,-40.5,44.7,-187.77,-19.40047522163738,-0.10862262551206925,61.2878888479631,-0.5257865698512498,-0.03583053465835344,0.8498615509305928
,159,0,-0.0546875,0.7613168724279833,0.0546875,-0.7613168724279833,-0.0546875,0.7613168724279833,0.0546875,-0.7613168724279833,3023,3264,2800,2131,2075,2896,2555,1365,3024,3265,2800,2131,2076,2897,2555,1420,0,0,0,0,-2,0,19,-260,4900,4900,4900,4800,4800,4800,5000,5000,-31.3,77.05,-208.25,-1.1049532313918746,-33.792270088047545,52.2724205448703,-0.029315835571730557,-0.869480602946904,0.4930964032355337
,160,0,0.9453125,-0.34979423868312765,-0.9453125,0.34979423868312765,0.9453125,-0.34979423868312765,-0.9453125,0.34979423868312765,3675,2540,2148,2855,2727,2172,1903,2089,3675,2541,2149,None,2727,2190,1977,2089,19,-7,0,0,0,-51,-412,0,5000,4800,4900,4800,5000,4900,5000,4900,-25.52,38.32,-169.44,-37.18580217282812,7.450145783118465,46.20011679958111,-0.9224113431586468,0.18096416496226653,0.34118804933902686
,161,0,-0.9609375,0.3168724279835391,0.9609375,-0.3168724279835391,-0.9609375,0.3168724279835391,0.9609375,-0.3168724279835391,2433,2975,3390,2420,1485,2607,3145,1654,2435,2974,3392,2421,1561,2608,3143,1664,-20,7,-25,0,-416,0,21,-32,5000,4900,4800,4900,5000,4900,5000,4700,-33.86,52.69,-234.64000000000001,26.855379302375297,-11.260195378507262,54.90314551811563,0.7322571661712517,-0.30672307941249066,0.6080463758189563
,162,0,0.0390625,0.9835390946502056,-0.0390625,-0.9835390946502056,0.0390625,0.9835390946502056,-0.0390625,-0.9835390946502056,3084,3409,2739,1986,2136,3041,2494,1220,3084,3410,2739,1986,2137,3041,2495,1299,19,3,0,0,0,0,-16,-434,4900,4900,4800,5000,5000,4800,4800,4900,-23.41,83.66,-212.86,3.086761552378306,-40.72063649830609,44.42235264346182,0.08218191836086579,-0.9737609322969526,0.21221634957443447
,163,0,-0.4609375,-0.9835390946502057,0.4609375,0.9835390946502057,-0.4609375,-0.9835390946502057,0.4609375,0.9835390946502057,2759,2127,3064,3268,1811,1759,2819,2502,2761,2128,3065,3268,1833,1842,2818,2502,-17,-13,-17,16,-62,-462,20,15,4800,4900,4900,5000,5000,5000,4800,4900,-32.44,16.91,-223.71,18.370663569172166,25.171241554688173,53.33799315833104,0.5415498257052402,0.6329559894913975,0.5532544637376089
,164,0,0.5390625,-0.3168724279835391,-0.5390625,0.3168724279835391,0.5390625,-0.3168724279835391,-0.5390625,0.3168724279835391,3410,2561,2413,2834,2462,2193,2168,2068,3410,2562,2414,2834,2463,2204,2206,2068,20,1,0,-2,0,-28,-155,0,4900,4900,4900,4900,5000,4800,5000,4800,-37.4,31.42,-184.6,-21.652489482158785,13.346007986229168,58.13850051496826,-0.57987640715794,0.33477039180428153,0.742746347815192
,165,0,-0.7109375,0.3497942386831274,0.7109375,-0.3497942386831274,-0.7109375,0.3497942386831274,0.7109375,-0.3497942386831274,2596,2996,3227,2399,1648,2628,2982,1633,2597,2996,3227,2400,1699,2629,2981,1649,0,0,0,0,-234,-1,22,-49,4900,4800,4900,5000,5000,4900,5000,5000,-31.68,53.39,-238.32,30.490272019423543,-12.213001731158542,52.74339669246558,0.8020195709160138,-0.3155376073438233,0.5071495107159514
,166,0,0.2890625,-0.7613168724279835,-0.2890625,0.7613168724279835,0.2890625,-0.7613168724279835,-0.2890625,0.7613168724279835,3247,2272,2576,3123,2299,1904,2331,2357,3247,2272,2577,3123,2299,1961,2345,2357,20,0,0,8,0,-268,-47,0,4900,4900,4800,4800,5000,4900,5000,4700,-30.650000000000002,10.450000000000001,-201.02,-3.8230132943711794,33.14155869619776,51.41795359093173,-0.07905635283337747,0.8592120235464464,0.5054748180373639
,167,0,-0.2109375,-0.09465020576131689,0.2109375,0.09465020576131689,-0.2109375,-0.09465020576131689,0.2109375,0.09465020576131689,2921,2706,2902,2689,1973,2338,2657,1923,2922,2707,2902,2690,1986,2340,2657,1924,0,1,0,0,-30,-16,0,0,5000,4900,4900,4900,5000,5000,5000,5000,-43.09,37.22,-218.75,12.000629234989503,5.272494681308736,64.01426289314506,0.3619633155931542,0.11573958058309113,0.9249794093120457
,168,0,0.7890625,0.5720164609053495,-0.7890625,-0.5720164609053495,0.7890625,0.5720164609053495,-0.7890625,-0.5720164609053495,3573,3141,2250,2254,2625,2773,2005,1488,3572,3141,2251,2254,2625,2773,2059,1521,21,8,0,0,0,0,-255,-119,4800,4900,5000,4800,5000,5000,5000,4900,-27.88,65.21000000000001,-178.24,-30.231111088717796,-19.965236246447844,48.672120055551794,-0.7323133085174109,-0.5346163743828867,0.42178495754350964
,169,0,-0.8359375,-0.5390946502057614,0.8359375,0.5390946502057614,-0.8359375,-0.5390946502057614,0.8359375,0.5390946502057614,2514,2417,3309,2978,1566,2049,3064,2212,2514,2418,3309,2978,1630,2078,3064,2213,0,-3,0,15,-314,-106,21,0,4900,4900,4900,5000,5000,4900,5000,4800,-25.400000000000002,23.54,-239.34,33.5516964788674,17.482184473866937,46.39320799227853,0.8488804496316562,0.42991353969727236,0.3075326496782401
,170,0,0.1640625,0.12757201646090532,-0.1640625,-0.12757201646090532,0.1640625,0.12757201646090532,-0.1640625,-0.12757201646090532,3166,2851,2657,2544,2218,2483,2412,1778,3166,2852,2658,2544,2219,2483,2424,1785,0,2,3,0,-4,0,-40,-26,5000,4900,4900,4900,5000,5000,5000,5000,-44.27,47.69,-202.61,-4.814339354762552,-4.081806279208415,65.13977827096952,-0.1353408913140737,-0.14651260653754447,0.979906576804078
,171,0,-0.3359375,0.7942386831275718,0.3359375,-0.7942386831275718,-0.3359375,0.7942386831275718,0.3359375,-0.7942386831275718,2840,3286,2983,2109,1892,2918,2738,1343,2840,3286,2983,2110,1908,2919,2737,1399,-15,4,0,0,-38,0,17,-269,4800,5000,4900,5000,5000,5000,5000,4900,-29.38,76.84,-219.42000000000002,10.062918364999973,-34.34151866331865,50.40791792779858,0.25270659758874786,-0.865804397087977,0.4318820689936589
,172,0,0.6640625,-0.9094650205761317,-0.6640625,0.9094650205761317,0.6640625,-0.9094650205761317,-0.6640625,0.9094650205761317,3492,2175,2331,3220,2544,1807,2086,2454,3491,2177,2332,3220,2544,1879,2123,2455,20,-13,0,14,0,-367,-150,-2,5000,4700,4800,4900,4800,4900,4800,4900,-33.01,26.830000000000002,-180.72,-25.192796746042006,18.174650838638293,53.71752407517876,-0.6460549510237559,0.46534441198193255,0.6050351878154536
,173,0,-0.5859375,-0.24279835390946503,0.5859375,0.24279835390946503,-0.5859375,-0.24279835390946503,0.5859375,0.24279835390946503,2677,2610,3146,2785,1729,2242,2901,2019,2677,2611,3147,2786,1772,2250,2900,2020,-6,3,0,0,-176,-24,21,0,5000,4900,4900,4900,4900,5000,5000,4900,-35.7,33.97,-233.48000000000002,26.95183109783335,7.500598752711959,56.69001446047358,0.7370880412650369,0.1853020293123645,0.6498956665163959
,174,0,0.4140625,0.4238683127572016,-0.4140625,-0.4238683127572016,0.4140625,0.4238683127572016,-0.4140625,-0.4238683127572016,3329,3044,2494,2351,2381,2676,2249,1585,3329,3045,2495,2351,2382,2677,2274,1609,3,0,0,0,0,-1,-93,-84,5000,4900,4900,4900,5000,5000,5000,4900,-38.57,61.160000000000004,-193.23000000000002,-15.053895730542166,-16.904811278284072,59.42686937786506,-0.3961818483659505,-0.4931827970903281,0.7744744486937569
,175,0,-0.0859375,-0.6872427983539096,0.0859375,0.6872427983539096,-0.0859375,-0.6872427983539096,0.0859375,0.6872427983539096,3003,2320,2820,3075,2055,1952,2575,2309,3004,2321,2820,3075,2057,2007,2575,2309,0,0,0,14,-6,-255,0,0,4900,4900,4900,4900,4900,5000,4800,4900,-33.14,12.09,-206.70000000000002,1.7213342743242492,31.12936885417865,53.940532049013136,0.07176856905889044,0.8092064609090095,0.5831244945278459
,176,0,0.9140625,-0.020576131687242816,-0.9140625,0.020576131687242816,0.9140625,-0.020576131687242816,-0.9140625,0.020576131687242816,3655,2755,2168,2640,2707,2387,1923,1874,3655,2756,2169,2642,2707,2389,1997,1874,20,1,0,-6,0,-3,-415,0,4800,5000,4900,5000,4900,4900,4700,4800,-25.77,42.93,-169.06,-37.87709014265786,2.8770004538341993,46.45985270394192,-0.9144951215975277,0.07569072322712148,0.39745388033289814
,177,0,-0.8984375,0.6460905349794235,0.8984375,-0.6460905349794235,-0.8984375,0.6460905349794235,0.8984375,-0.6460905349794235,2473,3189,3350,2206,1525,2821,3105,1440,2475,3190,3351,2207,1592,2822,3104,1476,-20,1,0,0,-337,0,21,-142,4800,4900,5000,4900,5000,5000,4900,4900,-35.06,71.3,-217.18,8.174283052402217,-28.64685684935931,56.06260478744363,0.22496116576786887,-0.7491568929398815,0.6230220089667977
,178,0,0.1015625,-0.46502057613168724,-0.1015625,0.46502057613168724,0.1015625,-0.46502057613168724,-0.1015625,0.46502057613168724,3125,2465,2698,2930,2177,2097,2453,2164,3125,2466,2698,2931,2177,2132,2455,2165,20,0,13,2,0,-135,-22,0,5000,4900,4900,5000,4900,5000,5000,4900,-39.32,21.18,-207.08,1.4574748576156082,22.052138002211443,60.1453010429652,0.06479658345967186,0.5980476602928259,0.7988369037483375
,179,0,-0.3984375,0.20164609053497928,0.3984375,-0.20164609053497928,-0.3984375,0.20164609053497928,0.3984375,-0.20164609053497928,2799,2899,3024,2496,1851,2531,2779,1730,2801,2900,3024,2496,1878,2531,2778,1740,-19,2,0,-1,-83,0,22,-32,5000,4900,4900,5000,5000,5000,5000,5000,-40.19,48.13,-226.74,19.250457829727253,-6.15974198164114,61.181922830718236,0.5604819916602126,-0.1817475194182363,0.8079775839773775
,180,0,0.6015625,0.8683127572016458,-0.6015625,-0.8683127572016458,0.6015625,0.8683127572016458,-0.6015625,-0.8683127572016458,3451,3334,2372,2061,2503,2966,2127,1295,3451,3335,2373,2062,2503,2967,2162,1355,22,4,3,-1,0,-3,-136,-295,5000,4700,4900,4900,4800,5000,4800,4800,-24.68,78.5,-190.65,-18.7304848157778,-34.07097815055218,45.5679550043735,-0.4332612456943259,-0.8513414696970759,0.2958080373374325
,181,0,-0.6484375,-0.8353909465020576,0.6484375,0.8353909465020576,-0.6484375,-0.8353909465020576,0.6484375,0.8353909465020576,2636,2223,3187,3172,1688,1855,2942,2406,2636,2224,3188,3172,1729,1920,2941,2407,-6,-3,0,15,-157,-325,21,0,5000,4900,4800,4800,5000,5000,4900,4900,-23.8,10.93,-228.97,24.06372445897577,30.758183685512197,44.70939331062618,0.6407588410128636,0.7198923743595396,0.2668015685914087
,182,0,0.3515625,-0.16872427983539096,-0.3515625,0.16872427983539096,0.3515625,-0.16872427983539096,-0.3515625,0.16872427983539096,3288,2658,2535,2737,2340,2290,2290,1971,3287,2658,2536,2738,2340,2296,2315,1972,19,12,0,0,0,-21,-90,0,4900,4900,4900,4900,5000,5000,5000,4800,-41.83,36.64,-192.83,-13.814827408494608,7.595561302401151,62.62287518213176,-0.3793015782060901,0.17562045509459795,0.9084535037759142
,183,0,-0.1484375,0.49794238683127556,0.1484375,-0.49794238683127556,-0.1484375,0.49794238683127556,0.1484375,-0.49794238683127556,2962,3093,2861,2302,2014,2725,2616,1536,2964,3093,2861,2302,2020,2726,2615,1570,-19,0,0,0,-14,0,18,-125,5000,4900,4900,4900,5000,4900,5000,4900,-38.81,65.74,-212.94,4.300899672209198,-22.802881451075947,59.777245111122795,0.12022846849204463,-0.6342350678004088,0.763734897812237
,184,0,0.8515625,-0.6131687242798354,-0.8515625,0.6131687242798354,0.8515625,-0.6131687242798354,-0.8515625,0.6131687242798354,3614,2368,2209,3027,2666,2000,1964,2261,3613,2369,2210,3028,2666,2041,2023,2261,20,0,0,6,0,-160,-299,0,4800,4800,4900,4900,4900,4900,4900,5000,-25.23,24.73,-174.31,-31.40888743520466,20.679900521753247,45.900207363585324,-0.7865480152219098,0.5167926592148782,0.33803486082368595
,185,0,-0.7734375,0.05349794238683114,0.7734375,-0.05349794238683114,-0.7734375,0.05349794238683114,0.7734375,-0.05349794238683114,2555,2803,3268,2592,1607,2435,3023,1826,2555,2803,3268,2592,1668,2435,3022,1827,0,3,-11,0,-309,0,21,-8,5000,5000,4900,5000,5000,4800,4900,5000,-30.12,41.44,-241.33,34.30696049462563,-0.49770236261647227,51.168325332590854,0.8925292982016814,-0.02410645572511597,0.4503446798220084
,186,0,0.2265625,0.7201646090534977,-0.2265625,-0.7201646090534977,0.2265625,0.7201646090534977,-0.2265625,-0.7201646090534977,3207,3237,2616,2158,2259,2869,2371,1392,3208,3238,2616,2159,2259,2870,2381,1442,7,0,9,-12,0,0,-32,-225,5000,5000,4900,5000,4900,4800,5000,4900,-32.7,75.10000000000001,-207.0,-2.227326014710542,-31.758418187738187,53.66120626731759,-0.05489261211854822,-0.8344262997330355,0.5483790217072834
,187,0,-0.2734375,-0.39094650205761317,0.2734375,0.39094650205761317,-0.2734375,-0.39094650205761317,0.2734375,0.39094650205761317,2881,2513,2942,2882,1933,2145,2697,2116,2883,2515,2942,2882,1949,2173,2697,2117,-13,-8,0,15,-38,-94,0,0,5000,4900,4900,4900,5000,5000,5000,4900,-39.9,25.93,-218.51,12.538114808511864,16.54381336890077,60.79459143459622,0.374070653632431,0.4530075196710481,0.809231322436602
,188,0,0.7265625,0.27572016460905346,-0.7265625,-0.27572016460905346,0.7265625,0.27572016460905346,-0.7265625,-0.27572016460905346,3533,2948,2290,2447,2585,2580,2045,1681,3532,2948,2291,2448,2586,2581,2097,1693,19,0,0,-11,0,0,-251,-35,5000,4900,4900,4900,4900,5000,5000,4900,-32.910000000000004,52.01,-177.12,-30.482493685058017,-6.7054324096074325,53.66308278820869,-0.7849385520503398,-0.19552546018995196,0.5879126328993302
,189,0,-0.5234375,0.94238683127572,0.5234375,-0.94238683127572,-0.5234375,0.94238683127572,0.5234375,-0.94238683127572,2718,3382,3105,2013,1770,3014,2860,1247,2719,3383,3106,2013,1802,3014,2859,1315,-8,0,0,-2,-112,-5,17,-345,5000,4800,4900,4900,4900,5000,4600,4900,-23.22,80.10000000000001,-224.75,15.190588084854483,-37.97113548904299,44.282970177612825,0.35888509232509275,-0.9078421998651235,0.2168502493677681
,190,0,0.4765625,-0.9588477366255144,-0.4765625,0.9588477366255144,0.4765625,-0.9588477366255144,-0.4765625,0.9588477366255144,3370,2143,2453,3252,2422,1775,2208,2486,3369,2145,2454,3252,2423,1853,2229,2487,20,-14,0,16,0,-416,-75,0,5000,4800,4900,4900,5000,4700,5000,4800,-35.02,21.69,-189.11,-16.48501455554708,22.742869594330294,55.75656961734874,-0.4411147451145123,0.6170533360247729,0.6516616930150624
,191,0,-0.0234375,-0.29218106995884774,0.0234375,0.29218106995884774,-0.0234375,-0.29218106995884774,0.0234375,0.29218106995884774,3044,2578,2779,2817,2096,2210,2534,2051,3045,2579,2779,2817,2099,2222,2535,2051,-1,1,0,-5,-7,-35,0,0,4900,4900,4900,4900,5000,5000,5000,4900,-42.08,27.400000000000002,-206.19,0.13663103373696117,15.914232313097315,62.91650752110105,0.025796408865325752,0.4260383411557602,0.9043372585241091
,192,0,0.9765625,0.37448559670781867,-0.9765625,-0.37448559670781867,0.9765625,0.37448559670781867,-0.9765625,-0.37448559670781867,3696,3012,2127,2383,2748,2644,1882,1617,3696,3012,2128,2384,2748,2645,1956,1635,19,9,0,0,0,0,-413,-55,5000,4900,4900,5000,5000,4800,4700,4900,-23.77,54.58,-168.86,-38.85277579992626,-8.73865944294593,44.488309485918435,-0.9286136742759268,-0.22978934875653395,0.29133056678936103
,193,0,-0.9765625,-0.7366255144032923,0.9765625,0.7366255144032923,-0.9765625,-0.7366255144032923,0.9765625,0.7366255144032923,2422,2288,3401,3107,1474,1920,3156,2341,2423,2288,3401,3107,1548,1966,3154,2341,0,0,-2,16,-386,-193,21,0,4900,4900,4700,5000,4800,4900,5000,4800,-20.66,15.48,-236.31,31.095190085456494,25.71459090541404,41.61773307506316,0.7597159554387766,0.6213969831149216,0.1915658018212567
,194,0,0.0234375,-0.06995884773662553,-0.0234375,0.06995884773662553,0.0234375,-0.06995884773662553,-0.0234375,0.06995884773662553,3074,2722,2749,2673,2126,2354,2504,1907,3075,2723,2749,2674,2127,2357,2507,1907,2,0,0,-5,0,-17,-22,0,5000,4900,4900,4900,5000,5000,5000,4900,-44.75,37.88,-208.93,2.1505704602259073,5.280985167622909,65.6266741450734,0.057138564191624275,0.12068599235395493,0.9910449413279201
,195,0,-0.4765625,0.596707818930041,0.4765625,-0.596707818930041,-0.4765625,0.596707818930041,0.4765625,-0.596707818930041,2748,3157,3075,2238,1800,2789,2830,1472,2748,3157,3076,2239,1829,2789,2829,1512,-10,5,0,0,-99,0,18,-160,5000,4800,4900,4900,5000,4900,5000,4800,-33.36,67.13,-227.4,18.660373106643874,-25.180441823387042,54.40333318759993,0.5036402227465554,-0.6520753248315115,0.5666959473806735
,196,0,0.5234375,-0.51440329218107,-0.5234375,0.51440329218107,0.5234375,-0.51440329218107,-0.5234375,0.51440329218107,3400,2433,2423,2962,2452,2065,2178,2196,3400,2434,2424,2962,2453,2096,2211,2198,20,0,0,14,0,-114,-136,-18,4900,4900,4900,4800,5000,5000,5000,4900,-35.050000000000004,23.21,-187.0,-18.692855255744547,21.368715905486646,55.77983078647282,-0.49193911384622213,0.5701601401086903,0.6579614904380287
,197,0,-0.7265625,0.1522633744855968,0.7265625,-0.1522633744855968,-0.7265625,0.1522633744855968,0.7265625,-0.1522633744855968,2585,2867,3238,2528,1637,2499,2993,1762,2586,2868,3238,2528,1693,2499,2992,1765,0,3,0,0,-262,0,22,-18,4900,4900,4900,4900,5000,5000,4900,5000,-31.720000000000002,43.44,-240.27,33.106754297406695,-2.4170835358516385,52.76803811805821,0.8505479634277934,-0.06990095474439016,0.5212312523579682
,198,0,0.2734375,0.8189300411522633,-0.2734375,-0.8189300411522633,0.2734375,0.8189300411522633,-0.2734375,-0.8189300411522633,3237,3302,2586,2093,2289,2934,2341,1327,3237,3303,2587,2094,2289,2935,2353,1390,20,8,2,0,0,0,-37,-315,4900,5000,4900,4800,4900,4900,5000,4900,-29.75,78.18,-205.85,-3.568190460549914,-34.76227244041836,50.713267637267904,-0.07978227952835527,-0.8929124166251363,0.44310518402510074
,199,0,-0.2265625,-0.8847736625514403,0.2265625,0.8847736625514403,-0.2265625,-0.8847736625514403,0.2265625,0.8847736625514403,2911,2191,2912,3204,1963,1823,2667,2438,2912,2192,2912,3204,1970,1895,2667,2439,0,0,0,17,-11,-361,0,0,5000,4900,4900,5000,5000,5000,4800,4700,-31.03,10.73,-213.32,8.428108218215982,32.03379701610242,51.86031740493103,0.23262242938228261,0.8239150666455282,0.5167695504794962
,200,0,0.7734375,-0.21810699588477367,-0.7734375,0.21810699588477367,0.7734375,-0.21810699588477367,-0.7734375,0.21810699588477367,3563,2626,2260,2769,2615,2258,2015,2003,3562,2627,2261,2770,2616,2262,2074,2004,7,0,1,0,0,-14,-302,0,5000,4800,4900,5000,4900,4900,5000,4800,-31.310000000000002,39.61,-174.26,-32.49182176687043,5.854586942927035,52.01744779720984,-0.8282252714566833,0.14003087535446088,0.5426179629057316
,201,0,-0.8515625,0.44855967078189307,0.8515625,-0.44855967078189307,-0.8515625,0.44855967078189307,0.8515625,-0.44855967078189307,2504,3060,3319,2335,1556,2692,3074,1569,2504,3060,3319,2335,1622,2693,3073,1593,0,6,0,0,-332,-3,21,-78,4900,5000,4800,4900,5000,4900,5000,4900,-26.73,56.47,-242.06,34.03787662622614,-15.552344151207947,47.82000418775384,0.8619678826040336,-0.38122521871376774,0.33418363511063714
,202,0,0.1484375,-0.6625514403292181,-0.1484375,0.6625514403292181,0.1484375,-0.6625514403292181,-0.1484375,0.6625514403292181,3156,2336,2667,3059,2208,1968,2422,2293,3155,2337,2668,3059,2208,2020,2427,2293,19,0,1,15,0,-235,-24,-1,5000,4900,4800,4900,5000,5000,5000,4800,-34.05,13.26,-206.12,1.0593474723480085,30.003752289675834,54.85056546802926,0.05671435942641189,0.7864993413488591,0.6149815180090071
,203,0,-0.3515625,0.00411522633744843,0.3515625,-0.00411522633744843,-0.3515625,0.00411522633744843,0.3515625,-0.00411522633744843,2830,2771,2993,2624,1882,2403,2748,1858,2830,2772,2993,2625,1907,2404,2747,1858,-1,1,0,0,-75,0,20,0,5000,4900,4900,4900,5000,5000,5000,4900,-41.13,38.81,-225.06,18.198407086385828,3.2549851897336666,62.08994349238397,0.5335141919363922,0.0658264971730985,0.843225639596175
,204,0,0.6484375,0.670781893004115,-0.6484375,-0.670781893004115,0.6484375,0.670781893004115,-0.6484375,-0.670781893004115,3482,3205,2341,2190,2534,2837,2096,1424,3481,3206,2342,2191,2534,2838,2138,1467,19,0,0,0,0,0,-177,-180,4900,4900,4800,4800,5000,4900,5000,4900,-29.41,70.56,-185.56,-23.296123416121958,-25.792307201792127,50.25230677310347,-0.56747880563072,-0.6828684116858769,0.4600636232974078
,205,0,-0.6015625,-0.4403292181069959,0.6015625,0.4403292181069959,-0.6015625,-0.4403292181069959,0.6015625,0.4403292181069959,2667,2481,3156,2914,1719,2113,2911,2148,2667,2482,3157,2915,1759,2141,2910,2149,-1,0,0,0,-158,-96,20,0,5000,4900,4900,5000,5000,5000,5000,4900,-33.14,26.23,-232.35,26.358858469872587,15.291834170244705,54.10483861905142,0.7220210964898407,0.3874510102902385,0.5732078600723147
,206,0,0.3984375,0.22633744855967075,-0.3984375,-0.22633744855967075,0.3984375,0.22633744855967075,-0.3984375,-0.22633744855967075,3319,2916,2504,2479,2371,2548,2259,1713,3318,2916,2504,2479,2372,2548,2285,1723,20,1,6,-1,0,-1,-97,-29,4900,4900,4900,4900,5000,4900,5000,4900,-40.97,51.92,-191.45000000000002,-16.21816754682257,-7.558984650865341,61.79456779363646,-0.4384534440541218,-0.23998672497429097,0.8661206320329705
,207,0,-0.1015625,0.8930041152263373,0.1015625,-0.8930041152263373,-0.1015625,0.8930041152263373,0.1015625,-0.8930041152263373,2993,3350,2830,2045,2045,2982,2585,1279,2994,3351,2830,2045,2045,2983,2584,1347,0,5,0,0,0,0,16,-353,5000,5000,5000,5000,5000,5000,5000,4900,-26.71,81.37,-209.15,-0.4762263048046407,-38.17623182784857,47.69791708375618,-0.01948498123811772,-0.9417889830509306,0.3356394597034809
,208,0,0.8984375,-0.8106995884773662,-0.8984375,0.8106995884773662,0.8984375,-0.8106995884773662,-0.8984375,0.8106995884773662,3645,2240,2178,3155,2697,1872,1933,2389,3644,2241,2179,3155,2697,1932,1994,2390,18,-4,0,16,0,-278,-312,-1,5000,4800,4900,4900,4900,4700,5000,4700,-20.73,18.73,-174.26,-31.03232440633232,26.656726037370564,41.384871601855934,-0.7571082263412996,0.6259675541803953,0.18695388393864712
,209,0,-0.9140625,-0.1440329218106996,0.9140625,0.1440329218106996,-0.9140625,-0.1440329218106996,0.9140625,0.1440329218106996,2463,2674,3360,2721,1515,2306,3115,1955,2464,2675,3361,2722,1587,2308,3114,1956,-5,0,-11,0,-384,-15,24,0,5000,5000,4900,4800,5000,5000,4800,4800,-25.18,40.5,-245.70000000000002,38.754228417170225,0.1313298085790251,46.24793647065049,0.9533401806447865,-0.0032663096501467756,0.3018804915681625
,210,0,0.0859375,0.522633744855967,-0.0859375,-0.522633744855967,0.0859375,0.522633744855967,-0.0859375,-0.522633744855967,3115,3109,2708,2286,2167,2741,2463,1520,3115,3109,2708,2286,2168,2742,2465,1554,21,2,0,-3,0,-3,-21,-133,5000,4900,4900,4900,5000,4900,5000,4900,-38.050000000000004,67.39,-211.83,3.0858180256711307,-24.37643468943061,59.01586032121046,0.0842190921904718,-0.6707982937843171,0.7368424482660195
,211,0,-0.4140625,-0.5884773662551441,0.4140625,0.5884773662551441,-0.4140625,-0.5884773662551441,0.4140625,0.5884773662551441,2789,2384,3034,3011,1841,2016,2789,2245,2791,2385,3034,3011,1866,2059,2788,2246,-12,0,-4,14,-70,-174,21,-16,4900,4900,4800,4900,5000,4900,4900,4900,-33.95,17.92,-222.59,17.177806224698884,24.243391587667645,54.84490582814177,0.49702643760113646,0.6246437716305213,0.602316261517752
,212,0,0.5859375,0.07818930041152239,-0.5859375,-0.07818930041152239,0.5859375,0.07818930041152239,-0.5859375,-0.07818930041152239,3441,2819,2382,2576,2493,2451,2137,1810,3441,2819,2382,2576,2494,2451,2180,1812,20,10,4,0,0,0,-185,-17,4900,4800,4800,4800,5000,5000,5000,4700,-37.6,42.46,-182.68,-24.313721772785783,2.46123853946154,58.35675904524391,-0.6276995772162891,0.02242948542240096,0.7781324816161944
,213,0,-0.6640625,0.7448559670781889,0.6640625,-0.7448559670781889,-0.6640625,0.7448559670781889,0.6640625,-0.7448559670781889,2626,3254,3197,2141,1678,2886,2952,1375,2626,3255,3198,2141,1723,2887,2951,1420,-1,0,0,0,-184,0,20,-198,5000,4900,4900,4800,4800,5000,4900,4800,-26.25,71.88,-232.41,23.37286293508717,-30.27779583446889,47.330559919459205,0.5890285511436779,-0.7397899732385371,0.325201724216377
,214,0,0.3359375,-0.3662551440329218,-0.3359375,0.3662551440329218,0.3359375,-0.3662551440329218,-0.3359375,0.3662551440329218,3278,2529,2545,2866,2330,2161,2300,2100,3277,2530,2546,2866,2330,2184,2320,2100,22,-7,9,2,0,-71,-67,0,4900,4900,4900,4900,5000,5000,5000,5000,-40.35,27.990000000000002,-194.62,-11.438321639757874,16.100889658150813,61.130022244953466,-0.3019032206720849,0.4402893705835246,0.845576558035395
,215,0,-0.1640625,0.3004115226337447,0.1640625,-0.3004115226337447,-0.1640625,0.3004115226337447,0.1640625,-0.3004115226337447,2952,2964,2871,2431,2004,2596,2626,1665,2954,2964,2871,2431,2012,2598,2626,1684,-11,0,0,-4,-18,-10,0,-60,5000,4900,4900,4900,4900,5000,5000,5000,-42.22,55.910000000000004,-215.16,7.162387819903671,-13.135265127015941,63.17349012457114,0.21625926400332224,-0.3895352675794976,0.8952620879075082
,216,0,0.8359375,0.9670781893004112,-0.8359375,-0.9670781893004112,0.8359375,0.9670781893004112,-0.8359375,-0.9670781893004112,3604,3398,2219,1997,2656,3030,1974,1231,3603,3399,2220,1997,2656,3030,2029,1300,19,2,0,0,0,0,-264,-353,4900,5000,4800,5000,4900,5000,4800,4900,-17.05,78.83,-183.29,-26.05903194085684,-33.92569177486391,37.90201155920412,-0.586341451311536,-0.807844513302621,0.059924492494581
,217,0,-0.7890625,-0.934156378600823,0.7890625,0.934156378600823,-0.7890625,-0.934156378600823,0.7890625,0.934156378600823,2545,2159,3278,3236,1597,1791,3033,2470,2546,2159,3278,3236,1648,1862,3033,2471,-4,-2,0,17,-223,-360,22,0,4800,4900,4700,5000,4900,5000,4900,4800,-17.52,9.36,-233.12,28.340464355596623,32.02678519711254,38.4463312750547,0.6969165892916024,0.7131997457684418,0.07518902982477224
,218,0,0.2109375,-0.2674897119341564,-0.2109375,0.2674897119341564,0.2109375,-0.2674897119341564,-0.2109375,0.2674897119341564,3197,2594,2626,2801,2249,2226,2381,2035,3196,2595,2627,2802,2249,2237,2395,2036,20,2,0,-4,0,-31,-44,0,5000,4900,4900,4900,5000,5000,5000,4900,-42.06,29.95,-202.06,-4.155818790858916,13.64850934825558,62.88224456858047,-0.12036385409870991,0.3623676457063634,0.9242306162272116
,219,0,-0.2890625,0.39917695473251014,0.2890625,-0.39917695473251014,-0.2890625,0.39917695473251014,0.2890625,-0.39917695473251014,2871,3028,2952,2367,1923,2660,2707,1601,2872,3028,2952,2367,1940,2662,2706,1627,-11,10,0,0,-44,-6,19,-87,4900,5000,4900,4900,5000,5000,4900,5000,-39.81,59.39,-220.73000000000002,12.496551020301496,-16.989846445092155,60.80024217843074,0.3503043725094174,-0.48793083501097345,0.7995063144505349
,220,0,0.7109375,-0.7119341563786008,-0.7109375,0.7119341563786008,0.7109375,-0.7119341563786008,-0.7109375,0.7119341563786008,3522,2304,2301,3091,2574,1936,2056,2325,3521,2305,2301,3091,2575,1983,2101,2325,20,0,11,13,0,-204,-204,0,4900,5000,5000,4700,4900,4900,5000,5000,-28.150000000000002,18.57,-179.91,-25.420314982629833,26.45654595627601,48.832675181664385,-0.6242742675953765,0.6629051238586132,0.4133260644820897
,221,0,-0.5390625,-0.04526748971193417,0.5390625,0.04526748971193417,-0.5390625,-0.04526748971193417,0.5390625,0.04526748971193417,2708,2738,3115,2657,1760,2370,2870,1891,2709,2739,3116,2658,1800,2371,2869,1891,-7,0,0,0,-157,-1,20,0,5000,4900,5000,4900,5000,4900,5000,4900,-37.15,39.65,-232.35,25.434289480581583,1.9139021694190674,58.14867436810538,0.7126059077582245,0.0276576724624553,0.7010191676281304
,222,0,0.4609375,0.6213991769547322,-0.4609375,-0.6213991769547322,0.4609375,0.6213991769547322,-0.4609375,-0.6213991769547322,3359,3173,2464,2222,2411,2805,2219,1456,3358,3174,2465,2224,2412,2805,2245,1497,20,2,0,-7,0,0,-96,-173,5000,5000,5000,4900,5000,5000,5100,4900,-33.86,69.87,-193.38,-15.468982907196079,-25.61852564872534,54.73969704199529,-0.3839611722879108,-0.6959812000798519,0.6067816636243238
,223,0,-0.0390625,-0.4897119341563786,0.0390625,0.4897119341563786,-0.0390625,-0.4897119341563786,0.0390625,0.4897119341563786,3034,2449,2789,2946,2086,2081,2544,2180,3036,2450,2789,2946,2087,2118,2545,2181,-11,0,0,16,-2,-149,0,-5,5000,4900,4900,5000,5000,5000,5000,4900,-38.85,20.25,-206.98000000000002,1.422704147979914,22.98541738360897,59.672457946357376,0.05994323740601269,0.6272942234951433,0.776471999146725
,224,0,0.9609375,0.17695473251028804,-0.9609375,-0.17695473251028804,0.9609375,0.17695473251028804,-0.9609375,-0.17695473251028804,3685,2883,2138,2512,2737,2515,1893,1746,3685,2884,2139,2512,2737,2516,1973,1749,19,0,0,-4,1,-9,-457,-19,4900,4800,4900,4800,5000,5000,4600,4800,-24.900000000000002,46.61,-168.05,-39.12879515648538,-0.7289813334939907,45.59409875054848,-0.9416456261615047,-0.009083021565148628,0.3364833033750028
,225,0,-0.9453125,0.8436213991769546,0.9453125,-0.8436213991769546,-0.9453125,0.8436213991769546,0.9453125,-0.8436213991769546,2443,3318,3380,2077,1495,2950,3135,1311,2445,3319,3381,2078,1565,2951,3133,1363,-3,3,-4,0,-359,0,19,-239,5000,4800,4800,4900,4900,5000,4800,5000,-21.75,73.09,-236.36,27.253946404212826,-31.764278717221103,42.853489477198494,0.6161829094555763,-0.7662141554781757,0.1823032913573644
,226,0,0.0546875,-0.8600823045267489,-0.0546875,0.8600823045267489,0.0546875,-0.8600823045267489,-0.0546875,0.8600823045267489,3095,2207,2728,3188,2147,1839,2483,2422,3095,2208,2728,3188,2148,1912,2483,2423,10,0,0,14,0,-378,0,0,5000,5000,4800,4800,4900,4900,5000,5000,-27.16,6.13,-207.36,2.810724497239619,37.01417428905805,47.94888002842397,0.10121941774907955,0.9163664104394069,0.3873334884681856
,227,0,-0.4453125,-0.1934156378600823,0.4453125,0.1934156378600823,-0.4453125,-0.1934156378600823,0.4453125,0.1934156378600823,2769,2642,3054,2753,1821,2274,2809,1987,2770,2642,3054,2754,1852,2278,2808,1988,-2,6,0,0,-110,-17,21,0,5000,4900,4900,4900,5000,5000,5000,5000,-38.82,34.53,-228.42000000000002,21.85056732715654,7.292029884978604,59.786013002041805,0.6242973781973661,0.17785301607094559,0.7606714719577456
,228,0,0.5546875,0.4732510288065843,-0.5546875,-0.4732510288065843,0.5546875,0.4732510288065843,-0.5546875,-0.4732510288065843,3421,3077,2402,2318,2473,2709,2157,1552,3421,3077,2403,2318,2474,2710,2195,1579,6,0,0,0,0,0,-152,-92,4900,4800,4900,4900,4900,5000,4900,4900,-35.33,62.65,-187.06,-21.294620275093905,-17.984582281130926,56.15975264587632,-0.5446729936072964,-0.5136996408162504,0.6629057316542986
,229,0,-0.6953125,-0.6378600823045268,0.6953125,0.6378600823045268,-0.6953125,-0.6378600823045268,0.6953125,0.6378600823045268,2606,2352,3217,3043,1658,1984,2972,2277,2607,2353,3218,3044,1704,2028,2971,2277,0,0,-11,8,-196,-181,22,0,5000,4900,4900,4900,5000,5000,5000,4900,-27.67,18.64,-234.32,28.862731348896318,22.716036280185904,48.62562849017026,0.74064949844082,0.5492779006048738,0.3869523334552527
,230,0,0.3046875,0.028806584362139898,-0.3046875,-0.028806584362139898,0.3046875,0.028806584362139898,-0.3046875,-0.028806584362139898,3258,2787,2565,2608,2310,2419,2320,1842,3259,2788,2566,2608,2310,2420,2342,1843,5,0,0,-3,-1,0,-76,-1,5000,4900,4900,4900,5000,5000,5000,5000,-43.09,42.02,-194.46,-12.557533676190133,2.1215087797910215,63.90461675140914,-0.34540107172366136,0.0235998033808698,0.9381583815819852
,231,0,-0.1953125,0.6954732510288062,0.1953125,-0.6954732510288062,-0.1953125,0.6954732510288062,0.1953125,-0.6954732510288062,2932,3221,2891,2174,1984,2853,2646,1408,2933,3221,2891,2174,1991,2855,2645,1457,-8,9,0,0,-13,-4,19,-212,4900,4900,4900,4800,5000,4800,4900,4900,-33.39,73.96000000000001,-213.84,4.670577052208216,-31.08032120727742,54.382606131805225,0.1205244499538441,-0.8123212327850492,0.5706207775133165
,232,0,0.8046875,-0.4156378600823045,-0.8046875,0.4156378600823045,0.8046875,-0.4156378600823045,-0.8046875,0.4156378600823045,3584,2497,2239,2898,2636,2129,1994,2132,3583,2498,2239,2898,2636,2153,2050,2133,18,0,0,15,0,-73,-274,-8,4900,4900,4900,4800,5000,4900,5000,4700,-29.47,33.11,-174.16,-32.1442702957259,12.3412472965407,50.16055646173491,-0.8204664749276387,0.3156246716552377,0.47667161669469793
,233,0,-0.8203125,0.251028806584362,0.8203125,-0.251028806584362,-0.8203125,0.251028806584362,0.8203125,-0.251028806584362,2524,2932,3299,2463,1576,2564,3054,1697,2524,2933,3299,2464,1641,2565,3054,1705,0,0,-3,-16,-331,0,22,-24,4900,4900,4900,5000,5000,4800,4900,5000,-28.830000000000002,47.08,-241.88,34.48150932118378,-6.165617801153942,49.89534957133857,0.8866281581786624,-0.1733445443168361,0.42876821020255457
,234,0,0.1796875,0.9176954732510285,-0.1796875,-0.9176954732510285,0.1796875,0.9176954732510285,-0.1796875,-0.9176954732510285,3176,3366,2647,2029,2228,2998,2402,1263,3175,3366,2648,2030,2228,2999,2407,1334,16,12,0,-15,0,-3,-20,-376,5000,4900,4800,5000,5000,4800,5000,4700,-26.17,81.66,-210.94,1.2927242937810206,-38.58782784423872,47.1676317840776,0.03952716579955157,-0.9508948726043381,0.30697971336659213
,235,0,-0.3203125,-0.7860082304526749,0.3203125,0.7860082304526749,-0.3203125,-0.7860082304526749,0.3203125,0.7860082304526749,2850,2256,2973,3139,1902,1888,2728,2373,2850,2258,2973,3136,1916,1951,2728,2374,-1,-14,0,18,-30,-303,0,0,5000,5000,4900,5000,5000,5000,5000,4800,-39.38,26.13,-219.75,13.764298402972003,16.259160120590927,60.28132121248754,0.4327349524234957,0.4422415326878383,0.7855971535825133
,236,0,0.6796875,-0.11934156378600824,-0.6796875,0.11934156378600824,0.6796875,-0.11934156378600824,-0.6796875,0.11934156378600824,3502,2690,2321,2705,2554,2322,2076,1939,3501,2691,2322,2707,2554,2324,2126,1940,21,1,0,-7,0,-4,-233,0,4900,4900,4900,5000,4800,5000,5000,4700,-34.35,42.24,-177.41,-29.54111668136497,3.0268449594340296,55.07983490095152,-0.7666728236525427,0.056877316888969694,0.6395136842133623
,237,0,-0.5703125,0.5473251028806583,0.5703125,-0.5473251028806583,-0.5703125,0.5473251028806583,0.5703125,-0.5473251028806583,2687,3125,3136,2270,1739,2757,2891,1504,2687,3124,3137,2270,1777,2757,2890,1535,0,7,0,-1,-144,0,20,-110,4900,5000,5000,4900,4900,5000,4900,5000,-32.33,64.45,-230.84,22.278244083665555,-22.741484457801093,53.3838251873968,0.5797057162485739,-0.5993872990534094,0.5519747714182123
,238,0,0.4296875,-0.5637860082304527,-0.4296875,0.5637860082304527,0.4296875,-0.5637860082304527,-0.4296875,0.5637860082304527,3339,2400,2484,2995,2391,2032,2239,2229,3338,2401,2485,2995,2392,2070,2262,2230,20,0,0,15,0,-147,-84,-3,5000,4900,4900,5000,5000,4900,5000,4900,-35.35,19.91,-191.58,-13.902199945954266,24.353181681348623,56.09445077230802,-0.3531002455979977,0.6538706605261696,0.6691587075288674
,239,0,-0.0703125,0.10288065843621386,0.0703125,-0.10288065843621386,-0.0703125,0.10288065843621386,0.0703125,-0.10288065843621386,3013,2835,2810,2560,2065,2467,2565,1794,3014,2836,2810,2560,2071,2467,2565,1801,0,3,0,-7,-12,-1,5,-22,5000,4900,4900,4900,5000,5000,5000,4900,-44.45,46.27,-211.23000000000002,3.8808394364189667,-3.2458451396990995,65.35940241039296,0.13327456156377238,-0.12608555768733692,0.9830261051379343
,240,0,0.9296875,0.7695473251028804,-0.9296875,-0.7695473251028804,0.9296875,0.7695473251028804,-0.9296875,-0.7695473251028804,3665,3270,2158,2125,2717,2902,1913,1359,3665,3271,2159,2125,2717,2903,1982,1407,20,5,0,0,0,0,-368,-210,4800,4800,4800,5000,5000,4900,4800,4900,-20.04,71.46000000000001,-176.58,-32.27100264863756,-26.111444995210988,40.839709159767814,-0.7475611261735176,-0.6458709895700568,0.15492910464460005
,241,0,-0.8828125,-0.34156378600823045,0.8828125,0.34156378600823045,-0.8828125,-0.34156378600823045,0.8828125,0.34156378600823045,2483,2545,3340,2850,1535,2177,3095,2084,2484,2546,3341,2850,1602,2193,3095,2084,0,0,0,4,-329,-45,21,-2,5000,4900,4900,5000,5000,5000,5000,4900,-33.61,31.01,-234.89000000000001,28.568356644433692,10.352786656721307,54.59963905940053,0.7571691281978332,0.2751846805329195,0.592425778392643
,242,0,0.1171875,0.3251028806584362,-0.1171875,-0.3251028806584362,0.1171875,0.3251028806584362,-0.1171875,-0.3251028806584362,3135,2980,2688,2415,2187,2612,2443,1649,3134,2980,2687,2417,2187,2613,2449,1668,20,0,11,-7,0,0,-28,-61,5000,4900,4900,5000,5000,5000,5000,4900,-42.24,58.160000000000004,-208.01,-0.12310675452530973,-14.89789542126924,63.16332883790403,-0.011343033916185425,-0.4294294723933414,0.9030291600062272
,243,0,-0.3828125,0.9917695473251027,0.3828125,-0.9917695473251027,-0.3828125,0.9917695473251027,0.3828125,-0.9917695473251027,2809,3415,3014,1980,1861,3047,2769,1214,2810,3415,3013,1980,1879,3047,2768,1292,-1,10,27,0,-41,0,17,-432,4800,4800,5000,5000,5000,4800,4800,4600,-22.41,82.68,-219.53,9.812426699446462,-40.19554080988041,43.453331050560465,0.23515321245798826,-0.952249210266505,0.1947419015453707
,244,0,0.6171875,-0.9972565157750343,-0.6171875,0.9972565157750343,0.6171875,-0.9972565157750343,-0.6171875,0.9972565157750343,3461,2118,2362,3277,2513,1750,2117,2511,3460,2121,2363,3277,2513,1833,2147,2512,20,-15,0,16,0,-458,-111,-1,5000,5000,4900,5000,5000,5000,4800,4900,-35.56,32.04,-181.54,-24.738414668999326,12.928522618491492,56.284755195635526,-0.6552651296159586,0.3449838760472606,0.6720221240233006
,245,0,-0.6328125,-0.33058984910836764,0.6328125,0.33058984910836764,-0.6328125,-0.33058984910836764,0.6328125,0.33058984910836764,2646,2552,3177,2843,1698,2184,2932,2077,2645,2553,3178,2843,1745,2196,2931,2077,20,0,0,0,-203,-30,20,0,4900,4900,4900,4900,4900,5000,5000,4900,-33.7,30.3,-234.22,27.947345871651578,11.106608075110486,54.68448532782939,0.7645432938646709,0.2799602330687692,0.5805995347110092
,246,0,0.3671875,0.3360768175582989,-0.3671875,-0.3360768175582989,0.3671875,0.3360768175582989,-0.3671875,-0.3360768175582989,3298,2987,2525,2408,2350,2619,2280,1642,3297,2986,2525,2409,2351,2620,2303,1661,20,10,11,-1,-4,-2,-85,-58,5000,4900,4900,4900,5000,5000,5000,4900,-40.13,57.6,-195.6,-12.456731754164679,-13.50829911696934,60.98973354913779,-0.32553409166343583,-0.3989980008446278,0.857221179443702
,247,0,-0.1328125,-0.7750342935528121,0.1328125,0.7750342935528121,-0.1328125,-0.7750342935528121,0.1328125,0.7750342935528121,2972,2263,2851,3132,2024,1895,2606,2366,2973,2264,2851,3133,2026,1957,2606,2366,0,-5,0,0,-7,-301,0,-2,5000,5000,5000,4900,4900,4900,5000,4900,-30.27,8.91,-207.35,2.598207332370862,34.25007831619224,51.065803175924266,0.09765143587372982,0.869835729817681,0.4835803968362875
,248,0,0.8671875,-0.10836762688614543,-0.8671875,0.10836762688614543,0.8671875,-0.10836762688614543,-0.8671875,0.10836762688614543,3624,2697,2199,2698,2676,2329,1954,1932,3623,2698,2200,2699,2676,2331,2021,1933,16,7,0,0,0,-9,-353,0,5000,4800,4900,5000,5000,5000,4800,4900,-28.080000000000002,42.5,-170.75,-36.173115356213145,3.1986525240977173,48.777202455890446,-0.900491986668851,0.07165720578801674,0.42892823036475347
,249,0,-0.7578125,0.558299039780521,0.7578125,-0.558299039780521,-0.7578125,0.558299039780521,0.7578125,-0.558299039780521,2565,3132,3258,2263,1617,2764,3013,1497,2566,3131,3259,2263,1671,2764,3013,1529,-3,10,-25,0,-246,0,20,-114,4900,4900,4800,5000,5000,5000,4900,5000,-35.19,66.29,-223.46,14.777209728968927,-24.07142132634098,56.21143045252117,0.3986066358681764,-0.6459612093814464,0.6510352262484069
,250,0,0.2421875,-0.5528120713305898,-0.2421875,0.5528120713305898,0.2421875,-0.5528120713305898,-0.2421875,0.5528120713305898,3217,2408,2606,2987,2269,2040,2361,2221,3217,2409,2607,2987,2269,2079,2373,2223,20,0,0,16,0,-151,-36,-16,4900,4900,4900,4900,5000,4900,4800,5000,-37.07,18.330000000000002,-201.07,-4.335660906152725,25.29450881302959,57.85800798178939,-0.09941217748156092,0.6827235428288341,0.7238824373029226
,251,0,-0.2578125,0.11385459533607678,0.2578125,-0.11385459533607678,-0.2578125,0.11385459533607678,0.2578125,-0.11385459533607678,2891,2842,2932,2553,1943,2474,2687,1787,2892,2842,2932,2553,1962,2474,2686,1793,0,5,0,0,-53,-3,20,-23,4900,4900,4900,4900,5000,5000,5000,5000,-42.800000000000004,44.94,-220.22,12.94794216504306,-2.5298615845697796,63.751137613364456,0.3928412109852681,-0.09182014582215334,0.915010843527456
,252,0,0.7421875,0.7805212620027433,-0.7421875,-0.7805212620027433,0.7421875,0.7805212620027433,-0.7421875,-0.7805212620027433,3543,3277,2280,2118,2595,2909,2035,1352,3542,3277,2281,2118,2596,2910,2084,1402,19,9,0,0,0,-1,-223,-218,5000,4800,4900,4900,5000,4900,5000,4700,-23.12,73.61,-185.65,-23.38166585703155,-28.85939983757021,43.970561374381944,-0.5834041707190616,-0.7505459649314837,0.310355164469148
,253,0,-0.5078125,-0.9231824417009602,0.5078125,0.9231824417009602,-0.5078125,-0.9231824417009602,0.5078125,0.9231824417009602,2728,2166,3095,3229,1780,1798,2850,2463,2728,2167,3096,3229,1808,1872,2850,2464,-3,-13,0,16,-92,-382,0,-9,5000,5000,4900,4900,4900,4900,4800,5000,-26.43,9.36,-224.15,19.347949731637016,32.657171391736654,47.31122236200552,0.5051698850983265,0.785943200544742,0.35650620290148055
,254,0,0.4921875,-0.25651577503429357,-0.4921875,0.25651577503429357,0.4921875,-0.25651577503429357,-0.4921875,0.25651577503429357,3380,2601,2443,2794,2432,2233,2198,2028,3379,2602,2444,2795,2433,2242,2231,2029,20,0,3,0,0,-25,-133,0,5000,4900,4900,4900,5000,4900,5000,4900,-38.88,34.05,-186.13,-20.310538984382134,10.623056384728272,59.632790793796545,-0.5477182798035878,0.26234317394057566,0.794468844609896
,255,0,-0.0078125,0.41015089163237306,0.0078125,-0.41015089163237306,-0.0078125,0.41015089163237306,0.0078125,-0.41015089163237306,3054,3035,2769,2360,2106,2667,2524,1594,3056,3036,2769,2360,2107,2668,2525,1621,-12,2,0,0,0,-6,0,-98,4900,4900,4900,4900,5000,5000,4900,4900,-40.85,62.02,-206.66,-1.7236623360739998,-18.662024153522808,61.77633326567015,-0.03537162040819248,-0.5415997122735614,0.8398920169491397
,256,0,0.9921875,-0.700960219478738,-0.9921875,0.700960219478738,0.9921875,-0.700960219478738,-0.9921875,0.700960219478738,3706,2311,2117,3084,2758,1943,1872,2318,3706,2312,2118,3084,2758,1988,1943,2318,20,0,10,4,0,-178,-381,0,4900,4800,4900,4700,4900,4900,4900,4600,-19.490000000000002,23.09,-170.61,-34.962065314351804,22.54927359042501,40.13760627646643,-0.8369373552268108,0.5266003307401547,0.1490904258841275
,257,0,-0.99609375,-0.03429355281207136,0.99609375,0.03429355281207136,-0.99609375,-0.03429355281207136,0.99609375,0.03429355281207136,2410,2746,3413,2649,1462,2378,3168,1883,2411,2747,3414,2650,1545,2379,3166,1883,0,0,-26,0,-453,0,22,0,4900,4900,4900,5000,5000,5000,4900,5000,-26.04,40.97,-245.89000000000001,38.907936394096794,-0.34795330936132274,47.110062650908645,0.9434903473810797,-0.012252507121827974,0.331173429592351
,258,0,0.00390625,0.6323731138545949,-0.00390625,-0.6323731138545949,0.00390625,0.6323731138545949,-0.00390625,-0.6323731138545949,3062,3180,2761,2215,2114,2812,2516,1449,3062,3180,2761,2216,2115,2813,2517,1494,21,1,11,0,0,-9,0,-196,5000,4900,4900,5000,5000,5000,5000,4900,-35.34,71.73,-212.97,3.9435634475914014,-28.79116219016113,56.322580928821246,0.11197951270253204,-0.768270715207729,0.630254469947741
,259,0,-0.49609375,-0.4787379972565158,0.49609375,0.4787379972565158,-0.49609375,-0.4787379972565158,0.49609375,0.4787379972565158,2736,2456,3087,2939,1788,2088,2842,2173,2736,2457,3088,2939,1818,2121,2841,2174,-6,-1,0,11,-103,-124,20,-6,4900,4900,4900,4900,5000,5000,5000,4900,-34.82,23.54,-227.75,21.942715326567566,18.29071578916571,55.75495642500885,0.6226357500039194,0.4679756205598581,0.6271551174778635
,260,0,0.50390625,0.18792866941015074,-0.50390625,-0.18792866941015074,0.50390625,0.18792866941015074,-0.50390625,-0.18792866941015074,3387,2891,2436,2504,2439,2523,2191,1738,3386,2892,2437,2504,2440,2523,2226,1744,23,3,0,-4,0,0,-145,-22,4900,4900,4900,4900,4900,5000,5000,4900,-39.19,49.25,-186.06,-21.407134553507802,-4.5366714073560175,59.980830199153615,-0.5720944943317016,-0.15546861080010518,0.8053181983608958
,261,0,-0.74609375,0.8545953360768173,0.74609375,-0.8545953360768173,-0.74609375,0.8545953360768173,0.74609375,-0.8545953360768173,2573,3325,3250,2070,1625,2957,3005,1304,2575,3325,3250,2071,1675,2958,3003,1363,-6,2,0,0,-214,-1,19,-285,4900,4900,4800,5000,4800,4800,4900,4700,-21.95,74.3,-234.71,25.52514123255534,-32.85967492065768,43.04827098542538,0.60300089493231,-0.7779359471388747,0.17665101998000254
,262,0,0.25390625,-0.8491083676268861,-0.25390625,0.8491083676268861,0.25390625,-0.8491083676268861,-0.25390625,0.8491083676268861,3225,2214,2598,3181,2277,1846,2353,2415,3225,2215,2599,3181,2277,1917,2360,2416,21,0,1,15,0,-356,-30,-9,5000,4900,4800,5000,4900,4900,5000,5000,-35.82,16.92,-200.67000000000002,-4.633599791849605,26.72469534676563,56.60246073094227,-0.11852952087910293,0.7226090043063246,0.6810190743111328
,263,0,-0.24609375,-0.1824417009602195,0.24609375,0.1824417009602195,-0.24609375,-0.1824417009602195,0.24609375,0.1824417009602195,2899,2649,2924,2746,1951,2281,2679,1980,2901,2650,2924,2747,1967,2287,2679,1981,-3,2,0,0,-38,-22,0,0,5000,4900,4900,4900,5000,5000,5000,5000,-42.12,33.57,-219.35,12.850139087677718,8.870935041958248,63.038066201369155,0.3801397547828271,0.21855314757526267,0.8987370519337666
,264,0,0.75390625,0.484224965706447,-0.75390625,-0.484224965706447,0.75390625,0.484224965706447,-0.75390625,-0.484224965706447,3550,3084,2273,2311,2602,2716,2028,1545,3549,3084,2274,2311,2603,2717,2081,1571,21,1,0,0,0,0,-254,-87,4900,4900,4800,4900,4900,5000,5000,4900,-29.95,61.92,-178.23,-30.02917485102887,-16.676148297557816,50.73372676401354,-0.7377206920732452,-0.45067557520798307,0.5026526697411692
,265,0,-0.87109375,-0.6268861454046639,0.87109375,0.6268861454046639,-0.87109375,-0.6268861454046639,0.87109375,0.6268861454046639,2491,2359,3332,3036,1543,1991,3087,2270,2492,2360,3333,3037,1610,2031,3087,2270,0,0,0,3,-329,-157,21,-6,4900,5000,4900,4800,5000,4800,5000,4900,-22.62,20.79,-239.41,33.820458388284095,20.213245850843272,43.60665621791029,0.8438533079331115,0.48738436220875025,0.22442833636757062
,266,0,0.12890625,0.0397805212620026,-0.12890625,-0.0397805212620026,0.12890625,0.0397805212620026,-0.12890625,-0.0397805212620026,3143,2794,2680,2601,2195,2426,2435,1835,3142,2795,2681,2601,2195,2427,2444,1838,20,0,0,-2,0,-6,-33,-19,5000,4900,4900,4900,5000,5000,5000,4900,-44.730000000000004,42.99,-204.09,-3.0229291295152905,0.5089815202487884,65.59531837374244,-0.093040498284089,-0.011637699744004894,0.9955943097586067
,267,0,-0.37109375,0.7064471879286691,0.37109375,-0.7064471879286691,-0.37109375,0.7064471879286691,0.37109375,-0.7064471879286691,2817,3229,3006,2166,1869,2861,2761,1400,2817,3230,3006,2166,1888,2862,2760,1448,0,0,0,0,-50,-1,18,-215,5000,4900,4800,4900,4900,5000,5000,4900,-31.77,73.01,-222.09,12.97359733717036,-30.693481202827655,52.80159096474817,0.3289654394976583,-0.7918692709597522,0.5145141371486152
,268,0,0.62890625,-0.4046639231824417,-0.62890625,0.4046639231824417,0.62890625,-0.4046639231824417,-0.62890625,0.4046639231824417,3469,2504,2354,2891,2521,2136,2109,2125,3468,2505,2355,2891,2521,2160,2149,2127,20,0,1,13,0,-74,-163,-17,5000,4900,4900,5000,5000,4900,5000,4900,-34.550000000000004,30.44,-181.01,-25.154399786516905,14.55772877156047,55.26807250531072,-0.664415015770085,0.3756529744204287,0.6460940563326069
,269,0,-0.62109375,0.2620027434842249,0.62109375,-0.2620027434842249,-0.62109375,0.2620027434842249,0.62109375,-0.2620027434842249,2654,2939,3169,2456,1706,2571,2924,1690,2654,2940,3170,2456,1752,2572,2923,1701,0,0,0,0,-193,0,21,-31,4900,5000,4900,4900,4900,5000,4900,4800,-34.93,50.24,-235.29,27.663977152343477,-8.856559100790463,55.97019854466609,0.7535217230803326,-0.23331497769235074,0.6146292655174048
,270,0,0.37890625,0.9286694101508914,-0.37890625,-0.9286694101508914,0.37890625,0.9286694101508914,-0.37890625,-0.9286694101508914,3306,3373,2517,2022,2358,3005,2272,1256,3305,3374,2518,2022,2358,3006,2290,1326,19,0,0,0,0,-2,-61,-370,4900,4800,4800,4800,5000,5000,4900,4900,-24.85,81.99,-202.91,-6.734775452455949,-38.379321772810925,45.808230061869146,-0.153852732732352,-0.9415205768059265,0.2997804864927397
,271,0,-0.12109375,-0.9725651577503429,0.12109375,0.9725651577503429,-0.12109375,-0.9725651577503429,0.12109375,0.9725651577503429,2980,2134,2843,3261,2032,1766,2598,2495,2981,2135,2844,3261,2033,1850,2599,2495,0,-13,0,15,-3,-471,-21,0,5000,5000,4900,4900,4800,5000,5000,4700,-24.47,4.3,-207.5,3.0868362458716376,38.822870437039796,45.25500168177515,0.10543934931703242,0.9420137294772232,0.31857915357413785
,272,0,0.87890625,-0.3058984910836763,-0.87890625,0.3058984910836763,0.87890625,-0.3058984910836763,-0.87890625,0.3058984910836763,3632,2569,2191,2826,2684,2201,1946,2060,3631,2569,2192,2826,2684,2210,2013,2060,20,9,0,0,0,-21,-352,0,5000,5000,4900,5000,5000,4900,5000,4900,-27.53,37.31,-170.86,-35.71063820445923,8.367825821440064,48.2146526304097,-0.8887191337331165,0.21120826160997513,0.4069021646100579
,273,0,-0.93359375,0.3607681755829901,0.93359375,-0.3607681755829901,-0.93359375,0.3607681755829901,0.93359375,-0.3607681755829901,2450,3003,3373,2392,1502,2635,3128,1626,2451,3003,3374,2393,1572,2637,3127,1640,0,6,0,0,-364,-4,23,-39,4900,5000,4800,5000,4900,5000,5000,4900,-26.32,51.83,-244.1,36.38816121688987,-11.061671528672534,47.4085169581835,0.8929656941930297,-0.2826832906281681,0.35028906091111656
,274,0,0.06640625,-0.7503429355281207,-0.06640625,0.7503429355281207,0.06640625,-0.7503429355281207,-0.06640625,0.7503429355281207,3102,2279,2721,3116,2154,1911,2476,2350,3102,2279,2720,3117,2155,1969,2476,2351,20,0,8,7,0,-272,0,-16,5000,5000,4900,4900,5000,5000,4800,5000,-31.18,9.88,-209.69,4.863026529453094,33.127086896690955,51.98996997702362,0.13960745312114137,0.8483727070634949,0.5106598759867337
,275,0,-0.43359375,-0.08367626886145407,0.43359375,0.08367626886145407,-0.43359375,-0.08367626886145407,0.43359375,0.08367626886145407,2776,2713,3047,2682,1828,2345,2802,1916,2777,2714,3047,2683,1859,2346,2801,1916,-4,4,0,-1,-106,-1,22,0,4900,4900,4900,5000,5000,5000,5000,4800,-39.27,37.34,-228.62,21.858397518920498,4.476237114176982,60.244106616926636,0.6249244048287439,0.09966476822123176,0.7742973732519367
,276,0,0.56640625,0.5829903978052124,-0.56640625,-0.5829903978052124,0.56640625,0.5829903978052124,-0.56640625,-0.5829903978052124,3428,3148,2395,2247,2480,2780,2150,1481,3428,3149,2396,2247,2481,2780,2187,1517,20,0,0,-2,0,0,-145,-136,4900,4900,4900,5000,4900,5000,5000,4900,-33.08,67.53,-188.1,-20.575292041176226,-22.930019605358694,53.927328724658885,-0.515405201425228,-0.6284064496924529,0.5826343727662712
,277,0,-0.68359375,-0.5281207133058985,0.68359375,0.5281207133058985,-0.68359375,-0.5281207133058985,0.68359375,0.5281207133058985,2613,2424,3210,2971,1665,2056,2965,2205,2615,2425,3210,2972,1711,2087,2964,2207,-17,0,0,9,-193,-116,21,-11,5000,4900,4900,4900,5000,4900,4900,4800,-29.6,22.86,-234.6,28.84812171638879,18.492294534641367,50.567661503685315,0.7675333684860177,0.45806662450979757,0.4484055037248177
,278,0,0.31640625,0.13854595336076825,-0.31640625,-0.13854595336076825,0.31640625,0.13854595336076825,-0.31640625,-0.13854595336076825,3265,2858,2558,2537,2317,2490,2313,1771,3264,2859,2559,2537,2317,2490,2335,1777,19,8,0,0,0,0,-76,-23,5000,4900,4900,4900,5000,4900,5000,4900,-42.730000000000004,47.62,-194.9,-12.494528229980716,-3.496421432063059,63.560973843021635,-0.3444235107897195,-0.13195470734579662,0.9294947016656784
,279,0,-0.18359375,0.8052126200274348,0.18359375,-0.8052126200274348,-0.18359375,0.8052126200274348,0.18359375,-0.8052126200274348,2939,3293,2884,2102,1991,2925,2639,1336,2940,3294,2884,2103,1996,2926,2638,1396,-8,0,0,0,-10,0,20,-291,4900,5000,4800,5000,5000,4800,5000,4900,-29.88,78.23,-212.6,3.1623573149075526,-35.26699279127661,50.877231077442225,0.07554300031473994,-0.8918870372213434,0.44590443812545916
,280,0,0.81640625,-0.8984910836762688,-0.81640625,0.8984910836762688,0.81640625,-0.8984910836762688,-0.81640625,0.8984910836762688,3591,2182,2232,3213,2643,1814,1987,2447,3590,2184,2233,3213,2643,1883,2037,2448,20,-15,0,16,0,-340,-226,-1,4900,4800,4900,4700,5000,4800,4900,5000,-25.23,23.18,-175.74,-29.87761153878759,22.129929329461298,45.90346095681934,-0.7472475797081246,0.5660121596411083,0.3482115589103242
,281,0,-0.80859375,-0.2318244170096022,0.80859375,0.2318244170096022,-0.80859375,-0.2318244170096022,0.80859375,0.2318244170096022,2532,2617,3291,2778,1584,2249,3046,2012,2532,2618,3291,2779,1647,2255,3046,2013,0,3,0,0,-315,-21,22,0,4900,4900,4800,5000,5000,5000,5000,4900,-28.59,36.79,-241.93,35.226627137430285,4.096856690798695,49.62961146354532,0.9074112574130205,0.09795587747554056,0.40866790427940086
,282,0,0.19140625,0.43484224965706453,-0.19140625,-0.43484224965706453,0.19140625,0.43484224965706453,-0.19140625,-0.43484224965706453,3184,3051,2639,2344,2236,2683,2394,1578,3183,3052,2640,2344,2236,2684,2405,1607,20,0,0,0,0,0,-36,-108,4900,4900,4900,4900,5000,4900,5000,4900,-40.31,62.76,-205.26,-3.1677624704903167,-19.307466920540847,61.23119251661276,-0.08274030109356442,-0.5541114788540499,0.8283202952826426
,283,0,-0.30859375,-0.6762688614540466,0.30859375,0.6762688614540466,-0.30859375,-0.6762688614540466,0.30859375,0.6762688614540466,2858,2327,2965,3068,1910,1959,2720,2302,2858,2328,2965,3068,1926,2012,2720,2303,-1,0,0,8,-34,-239,0,-11,4900,4900,4800,4800,5000,5000,5000,4900,-32.83,13.43,-216.52,11.42996823958515,29.12929840647428,53.68315152760206,0.33887987108863865,0.7492693853802916,0.5689954491055157
,284,0,0.69140625,-0.009602194787380003,-0.69140625,0.009602194787380003,0.69140625,-0.009602194787380003,-0.69140625,0.009602194787380003,3510,2762,2313,2633,2562,2394,2068,1867,3509,2762,2314,2634,2563,2395,2119,1867,22,11,0,-4,0,0,-238,0,4900,4900,4800,5000,4900,4800,5000,4900,-33.94,42.04,-176.9,-30.03447810408605,3.2596102448899416,54.66677942228399,-0.7756773574855845,0.06575565859675193,0.627694854564451
,285,0,-0.55859375,0.6570644718792864,0.55859375,-0.6570644718792864,-0.55859375,0.6570644718792864,0.55859375,-0.6570644718792864,2695,3196,3128,2199,1747,2828,2883,1433,2695,3196,3129,2200,1783,2829,2882,1477,-6,9,0,0,-133,-6,19,-185,5000,4900,4800,4800,5000,5000,4900,4900,-30.96,69.08,-229.49,20.625654458404313,-27.27379994351388,52.01877432078164,0.5329200540582612,-0.6956290306881199,0.4817639127689488
,286,0,0.44140625,-0.4540466392318244,-0.44140625,0.4540466392318244,0.44140625,-0.4540466392318244,-0.44140625,0.4540466392318244,3347,2472,2476,2923,2399,2104,2231,2157,3346,2473,2477,2924,2400,2134,2255,2158,21,0,0,7,-2,-108,-88,0,5000,4900,4900,4900,5000,5000,5000,4900,-37.4,25.19,-189.42000000000002,-16.423302150303044,19.2367489276616,58.146927216076925,-0.4307470428415091,0.506357910719407,0.7470332330861673
,287,0,-0.05859375,0.2126200274348422,0.05859375,-0.2126200274348422,-0.05859375,0.2126200274348422,0.05859375,-0.2126200274348422,3021,2907,2802,2488,2073,2539,2557,1722,3022,2908,2802,2488,2078,2539,2558,1735,-13,2,0,-4,-12,-3,0,-39,5000,4900,4900,4900,5000,5000,5000,5000,-43.74,52.42,-209.81,2.0526954985012935,-9.288086903463679,64.65782974097527,0.07434214702648752,-0.289313999346612,0.9543430488862799
,288,0,0.94140625,0.8792866941015087,-0.94140625,-0.8792866941015087,0.94140625,0.8792866941015087,-0.94140625,-0.8792866941015087,3673,3341,2150,2054,2725,2973,1905,1288,3673,3342,2151,2055,2725,2975,1973,1346,19,2,0,-5,0,-2,-352,-276,4900,5000,5000,4900,4900,5000,4800,5000,-17.400000000000002,75.34,-177.61,-31.49231607674858,-30.0596033252677,38.21471525052469,-0.6999582613140041,-0.7120319088416459,0.0553984946510145
,289,0,-0.96484375,-0.8244170096021948,0.96484375,0.8244170096021948,-0.96484375,-0.8244170096021948,0.96484375,0.8244170096021948,2430,2231,3393,3164,1482,1863,3148,2398,2431,2233,3393,3164,1553,1923,3147,2399,0,-5,-12,12,-360,-282,21,-1,5000,4900,4900,5000,4900,4800,5000,4900,-22.69,18.51,-239.37,33.9340004625729,22.490943634306547,43.670695304198794,0.8217639986028127,0.510120705865196,0.25393069142565367
,290,0,0.03515625,-0.15775034293552814,-0.03515625,0.15775034293552814,0.03515625,-0.15775034293552814,-0.03515625,0.15775034293552814,3082,2665,2741,2730,2134,2297,2496,1964,3082,2666,2741,2731,2135,2305,2500,1965,20,0,0,-1,0,-24,-23,0,5000,4900,4900,5000,5000,5000,5000,5000,-43.92,34.03,-209.29,2.7734435396482695,9.09555467615396,64.78876687602981,0.08310118758664428,0.22345203952059714,0.9711659892396225
,291,0,-0.46484375,0.5089163237311385,0.46484375,-0.5089163237311385,-0.46484375,0.5089163237311385,0.46484375,-0.5089163237311385,2756,3100,3067,2295,1808,2732,2822,1529,2757,3099,3067,2296,1837,2734,2821,1561,-1,9,0,-4,-101,-9,22,-120,4900,4900,4900,5000,5000,4800,5000,4900,-35.300000000000004,63.27,-227.62,19.130858109591145,-21.338536138730277,56.33465516288103,0.525865940589932,-0.5625380216537601,0.6379780456421215
,292,0,0.53515625,-0.6021947873799726,-0.53515625,0.6021947873799726,0.53515625,-0.6021947873799726,-0.53515625,0.6021947873799726,3408,2375,2415,3020,2460,2007,2170,2254,3408,2376,2416,3020,2461,2048,2203,2255,21,0,1,9,0,-162,-131,-5,4900,4900,4900,5000,5000,4900,5000,4900,-32.96,19.75,-187.16,-18.2897427114153,24.804060900077168,53.68192586852581,-0.4757764391648228,0.6541763638834519,0.5879541350070316
,293,0,-0.71484375,0.06447187928669385,0.71484375,-0.06447187928669385,-0.71484375,0.06447187928669385,0.71484375,-0.06447187928669385,2593,2810,3230,2585,1645,2442,2985,1819,2594,2811,3230,2585,1700,2442,2984,1820,0,0,-1,0,-258,0,20,0,5000,4900,4900,5000,4900,4900,5000,5000,-32.03,40.85,-239.25,32.26229003687894,0.23668242546096963,53.066377413609324,0.8580607404776247,4.094281669962993e-05,0.513548209980988
,294,0,0.28515625,0.7311385459533604,-0.28515625,-0.7311385459533604,0.28515625,0.7311385459533604,-0.28515625,-0.7311385459533604,3245,3245,2578,2150,2297,2877,2333,1384,3245,3246,2579,2150,2297,2878,2347,1434,19,5,0,0,0,0,-44,-224,5000,5000,4900,4900,5000,5000,5000,4900,-32.33,75.32000000000001,-204.08,-5.1536934078424395,-31.78205531564977,53.277129235202324,-0.11871290827640563,-0.8376267001227466,0.5331873560485435
,295,0,-0.21484375,-0.37997256515775035,0.21484375,0.37997256515775035,-0.21484375,-0.37997256515775035,0.21484375,0.37997256515775035,2919,2520,2904,2875,1971,2152,2659,2109,2920,2521,2904,2874,1982,2179,2659,2109,0,-5,0,4,-23,-89,0,0,5000,4900,4900,4900,5000,5000,5000,5000,-40.51,25.89,-215.97,10.003680054722167,16.756758067550756,61.39174722172369,0.30107689567677054,0.46023785294957764,0.8351849026425239
,296,0,0.78515625,0.28669410150891617,-0.78515625,-0.28669410150891617,0.78515625,0.28669410150891617,-0.78515625,-0.28669410150891617,3571,2955,2252,2440,2623,2587,2007,1674,3570,2955,2253,2440,2623,2588,2064,1686,20,1,0,0,0,0,-283,-35,4900,4900,4900,4900,4900,5000,4800,4900,-30.93,52.29,-174.82,-32.78654880075271,-6.835346180440453,51.67229087643361,-0.8310450387237349,-0.18928720114488426,0.5230052572349548
,297,0,-0.83984375,0.9533607681755827,0.83984375,-0.9533607681755827,-0.83984375,0.9533607681755827,0.83984375,-0.9533607681755827,2512,3389,3311,2006,1564,3021,3066,1240,2513,3389,3312,2006,1625,3021,3065,1310,-8,8,-3,0,-288,0,19,-359,4900,4800,4900,5000,4900,5000,4700,4800,-21.68,78.65,-229.28,19.815462986374172,-36.834338058856574,42.762041596773166,0.44893242080204,-0.8770831892955415,0.17083547818875872
,298,0,0.16015625,-0.9478737997256516,-0.16015625,0.9478737997256516,0.16015625,-0.9478737997256516,-0.16015625,0.9478737997256516,3163,2150,2660,3245,2215,1782,2415,2479,3162,2151,2661,3245,2215,1861,2417,2480,21,-14,22,16,0,-414,-22,-4,4800,4900,5000,5000,4800,4900,4800,5000,-36.78,17.2,-204.84,-0.496669941095206,26.166861819936294,57.58405798352722,0.002964692422839008,0.7041659028501093,0.7100292894396176
,299,0,-0.33984375,-0.2812071330589849,0.33984375,0.2812071330589849,-0.33984375,-0.2812071330589849,0.33984375,0.2812071330589849,2837,2585,2986,2810,1889,2217,2741,2044,2837,2586,2986,2811,1911,2226,2741,2045,-2,0,0,0,-62,-26,0,0,5000,4900,4900,4900,5000,5000,5000,4900,-39.9,29.400000000000002,-222.62,16.404650889931446,12.804557271515698,60.823960963858895,0.478162894595941,0.33186246881114323,0.8131589930795847
,300,0,0.66015625,0.3854595336076816,-0.66015625,-0.3854595336076816,0.66015625,0.3854595336076816,-0.66015625,-0.3854595336076816,3489,3019,2334,2376,2541,2651,2089,1610,3488,3019,2335,2377,2541,2652,2134,1630,20,10,1,-5,0,0,-196,-62,4900,4900,4900,4900,5000,4800,5000,4900,-33.97,57.7,-180.91,-27.09008804012504,-12.63501552270047,54.75643910942739,-0.6905796987111479,-0.36620281185759473,0.6236947813759632
,301,0,-0.58984375,-0.7256515775034293,0.58984375,0.7256515775034293,-0.58984375,-0.7256515775034293,0.58984375,0.7256515775034293,2674,2295,3149,3100,1726,1927,2904,2334,2674,2295,3150,3101,1764,1976,2903,2335,0,0,0,5,-144,-213,24,-16,4900,4900,4800,4900,4900,4900,5000,4800,-27.41,13.24,-227.82,22.7431032368697,28.541324233458713,48.31940629641505,0.6060591169384165,0.6825819516867694,0.40838000196790725
,302,0,0.41015625,-0.058984910836762716,-0.41015625,0.058984910836762716,0.41015625,-0.058984910836762716,-0.41015625,0.058984910836762716,3326,2730,2497,2665,2378,2362,2252,1899,3325,2730,2498,2666,2379,2364,2281,1899,20,2,0,0,0,-15,-112,0,5000,4900,4900,4900,5000,5000,5000,5000,-41.24,40.83,-189.25,-17.666402283625615,3.6548584329440885,62.02552111969273,-0.4788635883016242,0.060426552646918416,0.8758072250981384
,303,0,-0.08984375,0.6076817558299037,0.08984375,-0.6076817558299037,-0.08984375,0.6076817558299037,0.08984375,-0.6076817558299037,3000,3164,2823,2231,2052,2796,2578,1465,3002,3164,2824,2232,2055,2796,2578,1508,-7,5,-1,0,-8,0,5,-182,5000,4900,4900,4900,5000,5000,4900,4900,-36.17,70.81,-209.14000000000001,0.18037579308770546,-27.612600680090893,57.13104332372389,0.007032272632687987,-0.7439329978316418,0.6682172116002745
,304,0,0.91015625,-0.5034293552812071,-0.91015625,0.5034293552812071,0.91015625,-0.5034293552812071,-0.91015625,0.5034293552812071,3652,2440,2171,2955,2704,2072,1926,2189,3652,2441,2172,2955,2704,2100,1991,2191,20,-1,0,16,0,-95,-342,-9,4900,4900,4900,4800,5000,5000,4900,4900,-24.96,30.36,-171.18,-34.91016818503681,15.27304936093784,45.628741646332344,-0.8653210864058433,0.37117411038841397,0.3368222041356239
,305,0,-0.90234375,0.1632373113854595,0.90234375,-0.1632373113854595,-0.90234375,0.1632373113854595,0.90234375,-0.1632373113854595,2471,2874,3352,2521,1523,2506,3107,1755,2472,2875,3354,2522,1595,2506,3107,1756,0,0,-21,-7,-377,0,20,-16,4900,5000,4800,5000,4800,4900,5000,5000,-36.11,44.980000000000004,-234.43,27.155037959737257,-3.5471856903562795,57.13258182345316,0.7345555055132962,-0.11931190523961048,0.6679767051239138
,306,0,0.09765625,0.829903978052126,-0.09765625,-0.829903978052126,0.09765625,0.829903978052126,-0.09765625,-0.829903978052126,3123,3309,2700,2086,2175,2941,2455,1320,3123,3309,2700,2087,2175,2942,2456,1384,20,11,3,0,0,-1,-18,-321,5000,4800,4900,5000,4900,5000,5000,4900,-28.95,78.9,-213.55,4.069483583388177,-36.00218907985405,49.95370070420352,0.10188854885319916,-0.9077313530068649,0.4069920323309978
,307,0,-0.40234375,-0.8737997256515775,0.40234375,0.8737997256515775,-0.40234375,-0.8737997256515775,0.40234375,0.8737997256515775,2797,2198,3026,3197,1849,1830,2781,2431,2798,2200,3026,3197,1869,1902,2781,2431,0,-12,0,17,-52,-366,0,0,5000,4800,4900,5000,4800,4800,5000,5000,-31.25,13.24,-221.56,16.47888044832834,28.974461746292036,52.1279630769417,0.4536553112196347,0.7281851288221843,0.5137541014575316
,308,0,0.59765625,-0.20713305898491086,-0.59765625,0.20713305898491086,0.59765625,-0.20713305898491086,-0.59765625,0.20713305898491086,3449,2633,2374,2762,2501,2265,2129,1996,3449,2634,2375,2764,2501,2270,2172,1997,19,0,0,-10,0,-17,-182,0,4900,4900,4900,4900,5000,5000,5000,4900,-36.550000000000004,37.97,-181.11,-25.572199010787187,7.043874797519841,57.287563100731525,-0.6768676542684705,0.16114523271680922,0.7182495336425514
,309,0,-0.65234375,0.4595336076817558,0.65234375,-0.4595336076817558,-0.65234375,0.4595336076817558,0.65234375,-0.4595336076817558,2634,3068,3189,2327,1686,2700,2944,1561,2635,3069,3190,2327,1733,2702,2943,1587,-16,0,0,0,-202,-6,22,-88,5000,4900,5000,4800,5000,5000,5000,5000,-32.38,59.1,-235.12,26.90906892445571,-17.692177172829574,53.44176684645409,0.70872113469795,-0.4640654925968081,0.5313732885771849
,310,0,0.34765625,-0.6515775034293553,-0.34765625,0.6515775034293553,0.34765625,-0.6515775034293553,-0.34765625,0.6515775034293553,3286,2343,2537,3052,2338,1975,2292,2286,3285,2344,2538,3052,2338,2023,2311,2287,21,0,0,16,0,-202,-64,-16,5000,4900,4900,4900,4900,5000,5000,4900,-33.9,15.34,-196.70000000000002,-8.478662747882964,28.56333244903504,54.65859744606384,-0.21002404290439025,0.7587926258329346,0.6165416874661883
,311,0,-0.15234375,0.015089163237311354,0.15234375,-0.015089163237311354,-0.15234375,0.015089163237311354,0.15234375,-0.015089163237311354,2960,2778,2863,2617,2012,2410,2618,1851,2962,2779,2863,2617,2022,2411,2618,1853,-12,0,0,0,-24,-9,0,-17,5000,4900,4900,4900,5000,5000,5000,4900,-44.06,40.660000000000004,-215.67000000000002,8.690961156454051,2.0508214350648544,64.97749635620576,0.2673613769355858,0.02452353904124289,0.9632842208590362
,312,0,0.84765625,0.6817558299039777,-0.84765625,-0.6817558299039777,0.84765625,0.6817558299039777,-0.84765625,-0.6817558299039777,3612,3212,2211,2183,2664,2844,1966,1417,3611,3213,2212,2184,2664,2845,2025,1458,19,9,0,-8,0,-2,-298,-162,5000,4900,4900,4900,4900,4900,5000,4900,-24.12,68.75,-177.77,-30.92064622514161,-23.476214475721832,44.91876513372505,-0.7371177750266031,-0.6110138385190419,0.2886511300481188
,313,0,-0.77734375,-0.42935528120713307,0.77734375,0.42935528120713307,-0.77734375,-0.42935528120713307,0.77734375,0.42935528120713307,2552,2488,3271,2907,1604,2120,3026,2141,2552,2489,3272,2907,1662,2145,3026,2143,-2,0,-27,17,-272,-82,22,-11,5000,4900,5000,5000,5000,4900,5000,5000,-32.04,25.73,-232.88,26.926685403756352,15.751807558297521,53.00624995379068,0.7201549506827416,0.39228161359920816,0.5722691522694019
,314,0,0.22265625,0.23731138545953345,-0.22265625,-0.23731138545953345,0.22265625,0.23731138545953345,-0.22265625,-0.23731138545953345,3204,2923,2619,2472,2256,2555,2374,1706,3204,2924,2619,2472,2256,2555,2387,1719,20,1,13,-2,0,0,-43,-38,5000,4900,4900,4900,5000,5000,5000,4900,-42.980000000000004,53.15,-200.65,-7.131903616019599,-9.400863047026789,63.85376466463805,-0.19799933996899685,-0.29208480537260845,0.9356723400006471
,315,0,-0.27734375,0.9039780521262,0.27734375,-0.9039780521262,-0.27734375,0.9039780521262,0.27734375,-0.9039780521262,2878,3357,2945,2038,1930,2989,2700,1272,2878,3358,2945,2038,1942,2990,2699,1340,-5,5,0,0,-23,0,18,-350,5000,5000,4900,5000,4900,4900,4900,4900,-26.13,80.99,-215.72,6.107167840220285,-38.241823460211194,47.149903152349836,0.1458594931479939,-0.9350873666741677,0.32301180310474886
,316,0,0.72265625,-0.7997256515775034,-0.72265625,0.7997256515775034,0.72265625,-0.7997256515775034,-0.72265625,0.7997256515775034,3530,2247,2293,3148,2582,1879,2048,2382,3529,2247,2294,3148,2583,1939,2093,2383,21,0,16,15,0,-278,-196,-2,5000,4900,4900,4900,4900,5000,4900,4700,-30.07,25.17,-178.42000000000002,-27.36135838186601,19.977568629211675,50.761846847864135,-0.7010929923924056,0.5211817542476105,0.48666024602143654
,317,0,-0.52734375,-0.1330589849108368,0.52734375,0.1330589849108368,-0.52734375,-0.1330589849108368,0.52734375,0.1330589849108368,2715,2681,3108,2714,1767,2313,2863,1948,2715,2682,3109,2715,1806,2316,2862,1949,-1,0,0,0,-154,-17,20,0,5000,4900,4900,5000,5000,5000,5000,4900,-37.62,38.83,-231.74,24.87872504714531,2.7745126230786497,58.61353758169886,0.6973451225341607,0.058943803369228484,0.7143076424917955
,318,0,0.47265625,0.5336076817558297,-0.47265625,-0.5336076817558297,0.47265625,0.5336076817558297,-0.47265625,-0.5336076817558297,3367,3116,2456,2279,2419,2748,2211,1513,3366,3116,2457,2279,2420,2750,2238,1543,20,1,3,0,0,-2,-103,-110,5000,4900,4900,5000,4900,5000,5000,4900,-35.54,66.34,-191.58,-17.034876596118323,-21.970385932549476,56.401730003838615,-0.4318545953105133,-0.6075858430474391,0.6665891177010955
,319,0,-0.02734375,-0.5775034293552812,0.02734375,0.5775034293552812,-0.02734375,-0.5775034293552812,0.02734375,0.5775034293552812,3041,2392,2782,3003,2093,2024,2537,2237,3042,2393,2782,3003,2094,2069,2538,2238,0,0,0,4,0,-189,0,-12,5000,4900,4900,5000,5000,4900,4900,4900,-36.39,16.32,-205.69,0.41262560864376496,26.986417876376816,57.196102478892314,0.04220253994909856,0.7109990243186509,0.701925446924224
,320,0,0.97265625,0.08916323731138531,-0.97265625,-0.08916323731138531,0.97265625,0.08916323731138531,-0.97265625,-0.08916323731138531,3693,2826,2130,2569,2745,2458,1885,1803,3693,2827,2131,2569,2745,2458,1962,1804,19,0,1,0,0,0,-435,0,4900,5000,4900,4900,4900,5000,5000,4900,-24.09,43.88,-167.19,-39.798771306884845,2.0504739035303032,44.77290416747201,-0.9379616563093689,0.04903962110633961,0.34325361885219985
,321,0,-0.98046875,0.7558299039780518,0.98046875,-0.7558299039780518,-0.98046875,0.7558299039780518,0.98046875,-0.7558299039780518,2420,3261,3403,2134,1472,2893,3158,1368,2421,3262,3404,2134,1547,2895,3156,1412,0,1,-25,0,-393,-15,18,-183,4900,4800,4800,4800,4900,4800,5000,4800,-25.11,70.72,-234.4,25.442058791277503,-29.2579013570752,46.19762401495855,0.6175245096135632,-0.728053598786708,0.2976599356988649
,322,0,0.01953125,-0.355281207133059,-0.01953125,0.355281207133059,0.01953125,-0.355281207133059,-0.01953125,0.355281207133059,3072,2536,2751,2859,2124,2168,2506,2093,3071,2537,2751,2858,2125,2194,2507,2093,19,0,0,15,0,-84,0,-1,5000,4900,4900,5000,4900,5000,5000,4900,-41.69,26.23,-209.67000000000002,3.68946703510872,16.845765255735806,62.541004226659986,0.11665098309565812,0.4688259714940771,0.8755539712635945
,323,0,-0.48046875,0.31138545953360763,0.48046875,-0.31138545953360763,-0.48046875,0.31138545953360763,0.48046875,-0.31138545953360763,2746,2971,3077,2424,1798,2603,2832,1658,2747,2971,3078,2425,1830,2604,2831,1673,-14,6,0,0,-112,-2,21,-49,4900,4900,4900,4900,5000,5000,5000,5000,-37.63,53.46,-229.6,21.7567645691297,-11.677776136181265,58.649764542349544,0.6205320936985904,-0.3158696143927625,0.7177508672188501
,324,0,0.51953125,0.9780521262002742,-0.51953125,-0.9780521262002742,0.51953125,0.9780521262002742,-0.51953125,-0.9780521262002742,3398,3406,2425,1989,2450,3038,2180,1223,3398,3406,2426,1989,2451,3038,2209,1297,20,6,0,-5,0,0,-108,-392,5000,4900,4800,4900,5000,5000,4900,4600,-22.66,82.06,-196.65,-12.974586291591493,-38.033260562372234,43.58705867486721,-0.29720501912424957,-0.9326202413117761,0.2046671984049209
,325,0,-0.73046875,-0.9890260631001372,0.73046875,0.9890260631001372,-0.73046875,-0.9890260631001372,0.73046875,0.9890260631001372,2583,2123,3240,3272,1635,1755,2995,2506,2584,2125,3240,3272,1678,1836,2995,2507,-5,-12,0,17,-167,-432,0,0,5000,4800,4800,4800,4900,4700,5000,4900,-19.95,9.76,-231.97,27.154375992662466,31.712196884653725,40.87153819178913,0.6892682682511833,0.7085057960973035,0.15142255868443702
,326,0,0.26953125,-0.32235939643347056,-0.26953125,0.32235939643347056,0.26953125,-0.32235939643347056,-0.26953125,0.32235939643347056,3235,2558,2588,2837,2287,2190,2343,2071,3235,2558,2589,2837,2287,2203,2360,2070,20,4,0,0,0,-35,-56,10,5000,4900,4900,4900,5000,5000,5000,5000,-41.15,27.84,-198.39000000000001,-7.670699099800629,15.998593293734864,61.948530552934166,-0.20783766430557324,0.41860804013903585,0.8840649376753719
,327,0,-0.23046875,0.34430727023319596,0.23046875,-0.34430727023319596,-0.23046875,0.34430727023319596,0.23046875,-0.34430727023319596,2909,2992,2914,2403,1961,2624,2669,1637,2910,2992,2914,2404,1974,2625,2669,1659,0,2,-1,0,-30,-3,0,-69,4900,4900,4900,5000,4900,5000,5000,5000,-41.19,57.18,-218.29,10.204536230754996,-14.616393547434413,62.162405732157055,0.29221310522083493,-0.435162544006038,0.8516132111653686
,328,0,0.76953125,-0.766803840877915,-0.76953125,0.766803840877915,0.76953125,-0.766803840877915,-0.76953125,0.766803840877915,3561,2268,2262,3127,2613,1900,2017,2361,3560,2268,2263,3127,2614,1953,2066,2361,21,-4,0,15,0,-226,-224,0,5000,4900,5000,5000,5000,4800,4900,4700,-24.22,16.41,-178.89000000000001,-26.273297984159456,28.669173114084195,44.892167465692864,-0.6521553989182836,0.6973576735639876,0.2972971758748427
,329,0,-0.85546875,-0.10013717421124835,0.85546875,0.10013717421124835,-0.85546875,-0.10013717421124835,0.85546875,0.10013717421124835,2501,2703,3322,2692,1553,2335,3077,1926,2501,2704,3322,2694,1622,2336,3076,1927,0,0,0,-11,-358,0,22,0,4800,5000,5000,4900,4900,5000,5000,4900,-26.86,39.53,-243.51,36.62655244380127,1.251608707370508,47.914480841878316,0.92811201997868,0.009702777657586948,0.3721746021383279
,330,0,0.14453125,0.5665294924554181,-0.14453125,-0.5665294924554181,0.14453125,0.5665294924554181,-0.14453125,-0.5665294924554181,3153,3137,2670,2258,2205,2769,2425,1492,3152,3138,2671,2258,2205,2769,2431,1530,8,6,7,0,0,0,-25,-147,5000,4900,4900,5000,5000,5000,5000,5000,-37.410000000000004,68.89,-209.98000000000002,1.141968236486889,-25.750082955395627,58.37038496265706,0.04042717640179554,-0.7044826894064724,0.7085688278034834
,331,0,-0.35546875,-0.5445816186556927,0.35546875,0.5445816186556927,-0.35546875,-0.5445816186556927,0.35546875,0.5445816186556927,2827,2413,2996,2982,1879,2045,2751,2216,2828,2414,2996,2982,1897,2084,2751,2217,-21,-3,0,13,-46,-149,0,-17,5000,4900,4900,5000,5000,5000,5000,4900,-35.99,19.66,-221.26,15.723629569721197,22.60288337236353,56.882601352904416,0.44765941183956953,0.5896183849884523,0.6722731670050953
,332,0,0.64453125,0.12208504801097386,-0.64453125,-0.12208504801097386,0.64453125,0.12208504801097386,-0.64453125,-0.12208504801097386,3479,2848,2344,2547,2531,2480,2099,1781,3478,2849,2344,2547,2531,2480,2146,1783,19,2,15,-2,0,0,-210,-16,5000,4900,4900,5000,4900,4800,5000,4900,-35.2,44.62,-179.03,-28.089465605624895,0.5454530189402647,55.94395479538475,-0.7263134176249959,-0.015281246263688226,0.6871937884545567
,333,0,-0.60546875,0.7887517146776404,0.60546875,-0.7887517146776404,-0.60546875,0.7887517146776404,0.60546875,-0.7887517146776404,2664,3282,3159,2113,1716,2914,2914,1347,2664,3283,3160,2113,1755,2915,2913,1398,-2,4,0,0,-146,0,19,-225,4900,5000,4900,4900,4900,5000,4900,4800,-26.37,74.10000000000001,-229.63,20.448905286440976,-32.304912427383044,47.44222901838746,0.5170225060044857,-0.7900989561415828,0.32928918565422555
,334,0,0.39453125,-0.9149519890260631,-0.39453125,0.9149519890260631,0.39453125,-0.9149519890260631,-0.39453125,0.9149519890260631,3316,2172,2507,3223,2368,1804,2262,2457,3315,2173,2508,3224,2369,1879,2278,2459,19,-13,0,6,0,-389,-56,-14,5000,4900,4900,5000,5000,5000,4900,4800,-33.2,15.65,-194.04,-11.150101547474122,28.431423456845195,53.946056389128465,-0.29142052314337885,0.7494323744133993,0.5944957484052632
,335,0,-0.10546875,-0.2482853223593965,0.10546875,0.2482853223593965,-0.10546875,-0.2482853223593965,0.10546875,0.2482853223593965,2990,2606,2833,2789,2042,2238,2588,2023,2991,2606,2833,2790,2047,2248,2588,2024,0,6,0,0,-14,-29,0,0,4900,4900,4900,4900,5000,5000,5000,5000,-42.59,29.66,-211.19,4.9702817037131695,13.323654679162324,63.45727431297562,0.15771208936747894,0.34816505026194394,0.9240714229124513
,336,0,0.89453125,0.41838134430727014,-0.89453125,-0.41838134430727014,0.89453125,0.41838134430727014,-0.89453125,-0.41838134430727014,3642,3041,2181,2354,2694,2673,1936,1588,3641,3041,2182,2354,2694,2674,2002,1608,20,5,0,-3,0,0,-345,-66,5000,4900,5000,5000,5000,4900,4800,4700,-26.34,57.33,-171.84,-36.07750493329627,-11.676006737055062,47.08015486915882,-0.8710615095758277,-0.3108875801455177,0.38026406489010234
,337,0,-0.91796875,-0.6927297668038408,0.91796875,0.6927297668038408,-0.91796875,-0.6927297668038408,0.91796875,0.6927297668038408,2461,2316,3362,3079,1513,1948,3117,2313,2462,2317,3363,3080,1581,1991,3117,2313,-2,0,-1,0,-344,-171,22,-1,5000,4900,4700,5000,5000,4900,4900,4900,-29.18,14.530000000000001,-225.53,20.362781661117424,27.41375838387024,50.08115669044082,0.541799279518086,0.6991955647788745,0.4664537521633134
,338,0,0.08203125,-0.026063100137174278,-0.08203125,0.026063100137174278,0.08203125,-0.026063100137174278,-0.08203125,0.026063100137174278,3112,2751,2711,2644,2164,2383,2466,1878,3112,2751,2711,2645,2165,2385,2472,1878,20,6,0,-5,0,-13,-28,0,5000,4900,4900,4900,5000,5000,5000,5000,-44.68,40.0,-206.27,-0.645998792311218,3.345004872394476,65.54869522323449,-0.0284040370360606,0.06777902232554005,0.9972959514670896
,339,0,-0.41796875,0.640603566529492,0.41796875,-0.640603566529492,-0.41796875,0.640603566529492,0.41796875,-0.640603566529492,2787,3186,3036,2209,1839,2818,2791,1443,2789,3187,3036,2210,1863,2819,2790,1487,-21,1,0,0,-67,0,19,-187,5000,4800,4900,4900,5000,5000,5000,4900,-33.1,69.71000000000001,-224.47,15.564312342601312,-27.557707883052203,54.135165652427595,0.4097754003827489,-0.7188951969251656,0.5614924906702549
,340,0,0.58203125,-0.4705075445816187,-0.58203125,0.4705075445816187,0.58203125,-0.4705075445816187,-0.58203125,0.4705075445816187,3438,2461,2385,2934,2490,2093,2140,2168,3438,2462,2386,2934,2491,2122,2177,2169,21,0,0,10,0,-103,-148,0,4900,4900,4900,4900,4900,4900,5000,5000,-34.64,26.52,-183.64000000000001,-22.266446349778448,18.291684251483638,55.36135391386827,-0.5896648748961502,0.47963914693176884,0.6498012188694879
,341,0,-0.66796875,0.19615912208504782,0.66796875,-0.19615912208504782,-0.66796875,0.19615912208504782,0.66796875,-0.19615912208504782,2624,2896,3199,2499,1676,2528,2954,1733,2624,2897,3199,2499,1727,2528,2953,1739,0,0,0,0,-224,0,20,-24,5000,4900,5000,5000,5000,5000,4900,4900,-33.55,45.84,-237.38,30.052645490306105,-4.611483639813102,54.58958349990422,0.7985551681858082,-0.1394100994342525,0.5855548373461427
,342,0,0.33203125,0.8628257887517143,-0.33203125,-0.8628257887517143,0.33203125,0.8628257887517143,-0.33203125,-0.8628257887517143,3275,3330,2548,2065,2327,2962,2303,1299,3274,3331,2549,2066,2327,2963,2318,1363,20,0,0,0,0,0,-44,-321,5000,5000,4800,4900,5000,5000,5000,4900,-27.990000000000002,79.58,-203.65,-5.849082734505998,-36.0157468658565,48.94580270144034,-0.14032492294415763,-0.9127769652598957,0.383597611686585
,343,0,-0.16796875,-0.840877914951989,0.16796875,0.840877914951989,-0.16796875,-0.840877914951989,0.16796875,0.840877914951989,2950,2220,2873,3175,2002,1852,2628,2409,2951,2221,2873,3175,2004,1924,2629,2410,-13,0,0,16,-5,-366,-22,0,4900,5000,5000,5000,4900,4900,4800,4900,-28.18,7.34,-209.34,4.699648035839147,35.676322290875255,48.98184657981026,0.14132388806563767,0.8945074834484562,0.4241272459023608
,344,0,0.83203125,-0.17421124828532242,-0.83203125,0.17421124828532242,0.83203125,-0.17421124828532242,-0.83203125,0.17421124828532242,3601,2654,2222,2741,2653,2286,1977,1975,3600,2655,2223,2742,2653,2288,2040,1976,22,1,6,-4,0,-12,-327,0,5000,5000,4900,5000,5000,5000,5000,5000,-29.330000000000002,41.84,-171.82,-35.06708622278214,3.788561694711376,50.03087973750152,-0.8788606345563845,0.08000444939342208,0.470322520303253
,345,0,-0.79296875,0.4924554183813441,0.79296875,-0.4924554183813441,-0.79296875,0.4924554183813441,0.79296875,-0.4924554183813441,2542,3089,3281,2306,1594,2721,3036,1540,2542,3089,3282,2306,1652,2722,3036,1564,0,2,-25,0,-271,0,20,-77,4900,4800,5000,5000,5000,5000,5000,4900,-29.38,59.54,-239.01,30.774980008619053,-18.402082310774787,50.462426955729626,0.7676104735002214,-0.4671534586800502,0.4387958602995627
,346,0,0.20703125,-0.6186556927297668,-0.20703125,0.6186556927297668,0.20703125,-0.6186556927297668,-0.20703125,0.6186556927297668,3194,2365,2629,3030,2246,1997,2384,2264,3193,2366,2630,3030,2246,2045,2393,2265,11,0,0,16,0,-205,-32,-9,4900,4900,4900,4900,5000,5000,5000,4900,-35.35,15.31,-203.16,-2.0384325214576506,28.161759688493703,56.140884175623505,-0.028677410746441562,0.7419956309864496,0.6697910791507308
,347,0,-0.29296875,0.04801097393689968,0.29296875,-0.04801097393689968,-0.29296875,0.04801097393689968,0.29296875,-0.04801097393689968,2868,2799,2955,2596,1920,2431,2710,1830,2869,2800,2955,2597,1941,2431,2710,1833,-15,6,0,-12,-59,0,0,-17,4900,4900,4900,4900,5000,4900,5000,4900,-42.39,41.06,-222.17000000000002,15.1571698735641,1.2086137238932224,63.34111895535561,0.4518577196921553,0.008908700386707782,0.8920455348310565
,348,0,0.70703125,0.7146776406035662,-0.70703125,-0.7146776406035662,0.70703125,0.7146776406035662,-0.70703125,-0.7146776406035662,3520,3234,2303,2161,2572,2866,2058,1395,3519,3235,2303,2161,2573,2867,2103,1438,21,0,0,0,0,0,-200,-180,4900,4900,4900,4900,5000,4800,5000,4900,-27.14,72.12,-183.62,-25.325939022036977,-27.22440835379227,47.9765574687152,-0.6039949299960106,-0.7025351863088162,0.37634350869538197
,349,0,-0.54296875,-0.3964334705075446,0.54296875,0.3964334705075446,-0.54296875,-0.3964334705075446,0.54296875,0.3964334705075446,2705,2510,3118,2885,1757,2142,2873,2119,2705,2511,3119,2885,1791,2166,2873,2121,0,0,0,14,-125,-75,1,-15,5000,4900,4900,4800,5000,5000,4900,4800,-35.28,27.900000000000002,-230.39000000000001,24.28036240229784,13.763938038447755,56.23919742382537,0.6806653430304822,0.34919417095019956,0.6440171750594852
,350,0,0.45703125,0.270233196159122,-0.45703125,-0.270233196159122,0.45703125,0.270233196159122,-0.45703125,-0.270233196159122,3357,2944,2466,2451,2409,2576,2221,1685,3356,2943,2467,2451,2410,2577,2250,1697,20,6,1,0,-1,0,-112,-35,5000,4900,4900,4900,5000,5000,5000,5000,-39.58,53.83,-189.01,-18.774698167089724,-9.304053262398838,60.397182117211734,-0.4996498228849013,-0.2856728110170701,0.8177659197696437
,351,0,-0.04296875,0.9368998628257885,0.04296875,-0.9368998628257885,-0.04296875,0.9368998628257885,0.04296875,-0.9368998628257885,3031,3379,2792,2016,2083,3011,2547,1250,3032,3380,2792,2016,2084,3011,2547,1324,0,0,0,0,0,0,18,-392,4900,4900,4900,5000,5000,4800,4900,4600,-25.01,82.79,-208.05,-1.6612755235238694,-39.52367085244329,45.99601625697099,-0.04325806980694492,-0.9580969160927182,0.2831590344138802
,352,0,0.95703125,-0.9643347050754458,-0.95703125,0.9643347050754458,0.95703125,-0.9643347050754458,-0.95703125,0.9643347050754458,3683,2139,2140,3256,2735,1771,1895,2490,3683,2141,2141,3256,2735,1847,1955,2491,20,-15,0,14,0,-391,-307,-2,5000,4700,4900,4900,4800,4700,5000,4700,-23.86,37.76,-168.86,-37.7186816396125,8.043237741731765,44.5358207314166,-0.9145341207383844,0.21960155865084666,0.3397094309014521
,353,0,-0.94921875,-0.2976680384087792,0.94921875,0.2976680384087792,-0.94921875,-0.2976680384087792,0.94921875,0.2976680384087792,2440,2574,3383,2821,1492,2206,3138,2055,2441,2574,3384,2821,1567,2216,3136,2055,0,0,0,0,-396,-27,21,0,5000,4900,5000,4800,5000,5000,5000,4900,-24.27,34.27,-245.22,38.69994470271749,6.376890620591858,45.31980748080328,0.9470239459594242,0.14498170207414285,0.2865762583382059
,354,0,0.05078125,0.3689986282578872,-0.05078125,-0.3689986282578872,0.05078125,0.3689986282578872,-0.05078125,-0.3689986282578872,3092,3009,2731,2386,2144,2641,2486,1620,3092,3009,2731,2387,2145,2642,2487,1643,20,14,2,0,0,0,-20,-74,5000,4900,4900,4900,5000,5000,5000,5000,-41.37,60.230000000000004,-212.02,3.7422932484572584,-17.23608737610259,62.3186743527474,0.09513966507788868,-0.49511899885223226,0.8636003827607017
,355,0,-0.44921875,-0.7421124828532235,0.44921875,0.7421124828532235,-0.44921875,-0.7421124828532235,0.44921875,0.7421124828532235,2766,2284,3057,3111,1818,1916,2812,2345,2768,2284,3057,3111,1844,1971,2812,2345,-10,0,0,5,-80,-250,0,0,5000,4900,5000,4900,4900,4900,4900,4900,-29.48,11.76,-222.07,17.09609238849339,30.41163377774474,50.35680922339655,0.47906755614916746,0.7528267081597083,0.45138256958668915
,356,0,0.55078125,-0.07544581618655699,-0.55078125,0.07544581618655699,0.55078125,-0.07544581618655699,-0.55078125,0.07544581618655699,3418,2719,2405,2676,2470,2351,2160,1910,3418,2720,2406,2677,2471,2353,2202,1909,20,1,9,0,0,-5,-178,7,5000,5000,4900,5000,5000,5000,5000,4800,-37.99,41.31,-182.96,-23.958678118823002,3.5908479684156944,58.74525169871192,-0.6389736615444405,0.06582731268715461,0.7664068271857171
,357,0,-0.69921875,0.5912208504801095,0.69921875,-0.5912208504801095,-0.69921875,0.5912208504801095,0.69921875,-0.5912208504801095,2603,3153,3220,2242,1655,2785,2975,1476,2604,3153,3220,2242,1703,2785,2974,1510,0,9,0,0,-207,-3,21,-126,5000,4900,4900,4900,5000,5000,4800,4900,-28.86,64.5,-235.63,27.070671693631766,-23.12431659968206,49.938019453700235,0.6983343647880341,-0.5839633174115253,0.41390332068469715
,358,0,0.30078125,-0.5198902606310014,-0.30078125,0.5198902606310014,0.30078125,-0.5198902606310014,-0.30078125,0.5198902606310014,3255,2429,2568,2966,2307,2061,2323,2200,3255,2430,2568,2966,2307,2096,2339,2201,20,-1,8,16,0,-133,-54,-3,5000,4900,4900,4900,5000,5000,5000,4900,-38.300000000000004,21.54,-198.18,-7.441506316905645,22.290240993688492,59.081608878395954,-0.17346338321477653,0.5980774686326324,0.7824409218577885
,359,0,-0.19921875,0.14677640603566533,0.19921875,-0.14677640603566533,-0.19921875,0.14677640603566533,0.19921875,-0.14677640603566533,2929,2864,2894,2531,1981,2496,2649,1765,2930,2865,2894,2531,1994,2496,2649,1773,0,0,0,0,-31,0,0,-27,5000,4900,4900,4900,5000,5000,5000,5000,-43.33,47.31,-217.75,10.321176323102065,-4.726369909775791,64.27473324828966,0.30515418686717216,-0.15918706827006185,0.9389038286922778
,360,0,0.80078125,0.8134430727023318,-0.80078125,-0.8134430727023318,0.80078125,0.8134430727023318,-0.80078125,-0.8134430727023318,3581,3298,2242,2097,2633,2930,1997,1331,3580,3299,2243,2098,2633,2931,2047,1386,20,0,3,0,0,-6,-229,-256,5000,4900,4900,4700,4900,4900,4900,4900,-22.43,74.2,-181.68,-27.379040552805378,-29.18229799478796,43.26216013098069,-0.640241773981507,-0.733148653630257,0.2293109734163502
,361,0,-0.82421875,-0.8902606310013718,0.82421875,0.8902606310013718,-0.82421875,-0.8902606310013718,0.82421875,0.8902606310013718,2522,2188,3301,3207,1574,1820,3056,2441,2522,2190,3302,3207,1631,1886,3056,2443,0,-14,-8,15,-259,-317,22,-14,4900,4800,4900,5000,4900,5000,4900,4900,-36.410000000000004,27.63,-227.5,21.409730270393595,14.231447816679342,57.35400941269927,0.6190263061093869,0.36168936888891634,0.6971278453607384
,362,0,0.17578125,-0.22359396433470513,-0.17578125,0.22359396433470513,0.17578125,-0.22359396433470513,-0.17578125,0.22359396433470513,3174,2622,2649,2773,2226,2254,2404,2007,3173,2622,2649,2774,2227,2264,2416,2008,20,12,23,0,-6,-29,-42,0,4900,4900,4900,4900,5000,5000,5000,4900,-43.01,31.8,-202.72,-3.6267041705150973,11.760934919045368,63.840211422250334,-0.10295564454823705,0.30187202983213823,0.947772869869507
,363,0,-0.32421875,0.4430727023319616,0.32421875,-0.4430727023319616,-0.32421875,0.4430727023319616,0.32421875,-0.4430727023319616,2848,3057,2975,2338,1900,2689,2730,1572,2848,3058,2975,2339,1918,2690,2729,1601,0,2,0,-5,-48,-1,20,-108,5000,4900,4900,4900,4900,5000,5000,5000,-38.59,61.18,-221.94,13.588937900989976,-18.860851222274505,59.59084893111189,0.3772061694718318,-0.5295707912111735,0.7597830498295945
,364,0,0.67578125,-0.6680384087791496,-0.67578125,0.6680384087791496,0.67578125,-0.6680384087791496,-0.67578125,0.6680384087791496,3500,2333,2323,3062,2552,1965,2078,2296,3499,2334,2324,3063,2552,2010,2120,2297,20,0,0,7,0,-184,-176,-18,4900,5000,4900,4900,5000,4900,5000,4900,-28.69,19.27,-181.52,-23.86382527532416,25.651110856008817,49.382506146879265,-0.6094504544861219,0.6556166728430611,0.4457991945000055
,365,0,-0.57421875,-0.001371742112482921,0.57421875,0.001371742112482921,-0.57421875,-0.001371742112482921,0.57421875,0.001371742112482921,2685,2767,3138,2628,1737,2399,2893,1862,2685,2768,3139,2630,1779,2400,2892,1862,-3,5,0,-14,-171,0,20,0,4900,5000,4900,4900,5000,5000,5000,4900,-36.35,40.12,-233.95000000000002,27.002789970805566,1.3347866950076863,57.35789533483219,0.7444626868008325,0.02082375612719323,0.6673392534101686
,366,0,0.42578125,0.6652949245541835,-0.42578125,-0.6652949245541835,0.42578125,0.6652949245541835,-0.42578125,-0.6652949245541835,3337,3202,2486,2193,2389,2834,2241,1427,3336,3203,2487,2194,2390,2835,2263,1472,20,3,0,-3,0,0,-77,-194,5000,4900,5000,4800,4900,4900,5000,4900,-33.25,71.84,-195.74,-13.244316904942394,-27.744929920348838,54.14651405839074,-0.3260944295079841,-0.7463304339553164,0.5802183264909263
,367,0,-0.07421875,-0.44581618655692734,0.07421875,0.44581618655692734,-0.07421875,-0.44581618655692734,0.07421875,0.44581618655692734,3011,2477,2812,2918,2063,2109,2567,2152,3012,2478,2812,2918,2065,2144,2567,2154,-4,0,0,16,-8,-133,0,-15,4900,4900,4900,4900,5000,5000,5000,4900,-39.7,21.95,-208.1,2.4213665932512356,21.216193580610543,60.532353553572825,0.09316959316816834,0.572775991072153,0.814399834823283
,368,0,0.92578125,0.2208504801097393,-0.92578125,-0.2208504801097393,0.92578125,0.2208504801097393,-0.92578125,-0.2208504801097393,3663,2912,2160,2483,2715,2544,1915,1717,3663,2913,2161,2483,2715,2544,1989,1724,8,1,0,0,0,0,-407,-23,4900,5000,4800,5000,5000,4900,5000,4900,-26.09,48.31,-169.33,-37.97214165761136,-2.508023359535919,46.79479111461144,-0.9270660118904226,-0.06371091402622284,0.36944489309168865
,369,0,-0.88671875,0.8875171467764058,0.88671875,-0.8875171467764058,-0.88671875,0.8875171467764058,0.88671875,-0.8875171467764058,2481,3347,3342,2048,1533,2979,3097,1282,2482,3348,3344,2049,1597,2980,3096,1340,-3,0,-25,0,-310,0,17,-273,4900,5000,5000,4900,4900,4800,5000,4800,-21.990000000000002,76.10000000000001,-232.01,22.70971646774717,-34.47337307794629,43.07928148152209,0.5238316355105543,-0.8285767713414864,0.1976384366252082
,370,0,0.11328125,-0.8161865569272977,-0.11328125,0.8161865569272977,0.11328125,-0.8161865569272977,-0.11328125,0.8161865569272977,3133,2236,2690,3159,2185,1868,2445,2393,3133,2237,2690,3159,2185,1936,2446,2395,20,0,0,15,0,-339,-21,-16,5000,5000,4800,5000,5000,5000,4800,5000,-37.08,17.38,-206.72,1.3654358646121523,25.861346549456393,57.893932777362494,0.06495787924220942,0.6805151110347264,0.7298490649290087
,371,0,-0.38671875,-0.14951989026063106,0.38671875,0.14951989026063106,-0.38671875,-0.14951989026063106,0.38671875,0.14951989026063106,2807,2671,3016,2724,1859,2303,2771,1958,2808,2671,3016,2726,1885,2306,2771,1959,-8,10,0,-5,-80,-15,0,0,4900,4900,4900,4900,5000,5000,5000,4900,-40.32,36.37,-226.11,19.414497866765856,5.616295377347008,61.27905668662857,0.5660781549771633,0.12912322812297572,0.8141760954589323
,372,0,0.61328125,0.5171467764060356,-0.61328125,-0.5171467764060356,0.61328125,0.5171467764060356,-0.61328125,-0.5171467764060356,3459,3105,2364,2290,2511,2737,2119,1524,3458,3104,2365,2290,2511,2738,2159,1552,20,9,6,0,-1,0,-161,-102,4800,5000,4900,4900,5000,5000,4900,4900,-33.2,64.28,-184.97,-23.47949049620064,-19.47600793013703,54.02342597366354,-0.5948589247511368,-0.5464148738419786,0.589553767936543
,373,0,-0.63671875,-0.5939643347050754,0.63671875,0.5939643347050754,-0.63671875,-0.5939643347050754,0.63671875,0.5939643347050754,2644,2381,3179,3014,1696,2013,2934,2248,2644,2382,3180,3015,1739,2051,2933,2248,0,0,-1,0,-174,-141,19,-1,4900,4900,4900,5000,5000,5000,4900,4900,-29.580000000000002,19.42,-231.52,26.007300931447674,22.132100824325953,50.52353167908654,0.6986044658589019,0.5503719739868819,0.4572116474148288
,374,0,0.36328125,0.07270233196159093,-0.36328125,-0.07270233196159093,0.36328125,0.07270233196159093,-0.36328125,-0.07270233196159093,3296,2815,2527,2580,2348,2447,2282,1814,3295,2815,2528,2580,2348,2447,2309,1817,20,7,0,-3,0,0,-94,-18,5000,4900,4900,4900,5000,5000,5000,4900,-42.15,43.65,-191.9,-15.217077413186274,0.6651804091876201,62.95591511866036,-0.4143535488884,-0.017245470271929523,0.9099525978196268
,375,0,-0.13671875,0.7393689986282574,0.13671875,-0.7393689986282574,-0.13671875,0.7393689986282574,0.13671875,-0.7393689986282574,2970,3250,2853,2145,2022,2882,2608,1379,2972,3250,2853,2145,2025,2883,2608,1431,-16,10,0,-4,-9,0,0,-240,5000,5000,4900,5000,5000,4900,5000,4900,-32.05,76.06,-210.58,1.282866215271298,-32.959514486710944,53.03158877298556,0.03194889126272389,-0.852436622287564,0.5218534979570916
,376,0,0.86328125,-0.37174211248285327,-0.86328125,0.37174211248285327,0.86328125,-0.37174211248285327,-0.86328125,0.37174211248285327,3622,2526,2201,2869,2674,2158,1956,2103,3621,2527,2202,2868,2674,2178,2018,2104,22,0,1,13,0,-57,-316,-17,5000,4800,4900,4900,4900,4900,5000,4700,-28.01,36.03,-171.79,-34.69874865467793,9.583561373492877,48.69607407417619,-0.8733905324149378,0.23358200437618667,0.42735047106508955
,377,0,-0.76171875,0.29492455418381325,0.76171875,-0.29492455418381325,-0.76171875,0.29492455418381325,0.76171875,-0.29492455418381325,2562,2960,3261,2435,1614,2592,3016,1669,2563,2960,3261,2435,1672,2593,3016,1681,0,7,0,-6,-269,-11,20,-34,5000,4900,4900,5000,5000,5000,4900,4900,-30.39,50.11,-240.33,32.72314332734081,-9.079719686490094,51.455208293651864,0.8526062502386009,-0.23219289131725948,0.46813357418134804
,378,0,0.23828125,0.9615912208504798,-0.23828125,-0.9615912208504798,0.23828125,0.9615912208504798,-0.23828125,-0.9615912208504798,3214,3395,2609,2000,2266,3027,2364,1234,3214,3396,2610,2000,2266,3027,2372,1311,21,0,7,0,0,0,-25,-417,5000,4800,4900,4900,4900,4900,4900,4900,-24.41,82.89,-208.81,-0.9068615167414862,-39.67641062997849,45.400088353001834,-0.01841622700617973,-0.9656435763113507,0.259216755074749
,379,0,-0.26171875,-0.9396433470507545,0.26171875,0.9396433470507545,-0.26171875,-0.9396433470507545,0.26171875,0.9396433470507545,2888,2155,2935,3240,1940,1787,2690,2474,2889,2157,2935,3240,1950,1865,2691,2475,0,-14,0,14,-17,-409,-7,0,5000,4800,5000,4800,4800,4700,5000,4900,-39.95,25.34,-216.86,10.931446490744548,17.2438832903253,60.83482850456,0.3529433414404854,0.4717182947132837,0.8080302272598571
,380,0,0.73828125,-0.27297668038408784,-0.73828125,0.27297668038408784,0.73828125,-0.27297668038408784,-0.73828125,0.27297668038408784,3540,2590,2283,2805,2592,2222,2038,2039,3539,2590,2283,2806,2593,2230,2093,2040,20,0,15,0,0,-21,-270,0,5000,4900,4900,4900,4900,4900,4800,4700,-32.28,36.660000000000004,-175.83,-30.731121172524723,8.69475418517667,52.987851554994634,-0.7915348527836347,0.20991469861624576,0.5739411085935905
,381,0,-0.51171875,0.3936899862825787,0.51171875,-0.3936899862825787,-0.51171875,0.3936899862825787,0.51171875,-0.3936899862825787,2725,3025,3098,2370,1777,2657,2853,1604,2725,3026,3099,2371,1812,2658,2852,1625,0,0,0,-4,-128,0,17,-63,5000,4800,4900,4900,5000,5000,4900,4900,-36.53,57.620000000000005,-229.70000000000002,21.58125328780571,-15.83817674168138,57.560791359997296,0.5956364955562845,-0.4297064457479313,0.678652735678645
,382,0,0.48828125,-0.7174211248285323,-0.48828125,0.7174211248285323,0.48828125,-0.7174211248285323,-0.48828125,0.7174211248285323,3377,2300,2446,3095,2429,1932,2201,2329,3376,2300,2447,3095,2430,1983,2228,2329,19,-2,0,15,0,-223,-102,0,4900,5000,4800,4900,4900,5000,5000,5000,-30.43,14.31,-190.4,-14.678001482390215,30.005923783460744,51.154467097934926,-0.3667711071799053,0.7813913352397233,0.5048826954355919
,383,0,-0.01171875,-0.050754458161865634,0.01171875,0.050754458161865634,-0.01171875,-0.050754458161865634,0.01171875,0.050754458161865634,3051,2735,2772,2660,2103,2367,2527,1894,3052,2736,2772,2661,2106,2368,2529,1894,0,1,0,0,-10,-15,-23,0,5000,4900,4900,5000,5000,5000,5000,5000,-44.59,38.71,-208.04,1.2073963222046586,4.512440495713427,65.46431148727476,0.06261604234053199,0.0870635755526977,0.9942329531118891
,384,0,0.98828125,0.6159122085048008,-0.98828125,-0.6159122085048008,0.98828125,0.6159122085048008,-0.98828125,-0.6159122085048008,3703,3170,2120,2225,2755,2802,1875,1459,3703,3171,2121,2226,2755,2803,1948,1495,19,3,15,0,0,-7,-400,-139,4900,4800,4800,4800,4900,4900,4800,5000,-21.46,65.27,-171.65,-36.77905504973876,-19.599034215631463,42.2193356987059,-0.8416401148896847,-0.4937477151023799,0.21875811034029605
,385,0,-0.98828125,-0.49519890260631005,0.98828125,0.49519890260631005,-0.98828125,-0.49519890260631005,0.98828125,0.49519890260631005,2415,2445,3408,2950,1467,2077,3163,2184,2416,2446,3408,2950,1546,2101,3161,2186,0,0,0,11,-419,-80,20,-16,5000,4700,4900,4800,4800,4800,4800,4800,-20.88,27.26,-244.24,38.21139942702496,13.427302760602451,41.907240680052,0.9276600595066158,0.33067152419762813,0.17350261404658798
,386,0,0.01171875,0.17146776406035658,-0.01171875,-0.17146776406035658,0.01171875,0.17146776406035658,-0.01171875,-0.17146776406035658,3067,2880,2756,2515,2119,2512,2511,1749,3067,2881,2756,2515,2121,2512,2512,1759,19,7,6,0,-3,0,0,-31,5000,4900,4900,4900,5000,5000,5000,4900,-44.050000000000004,50.56,-212.24,4.601094396712199,-7.595316916694998,64.97530860246452,0.11057120489016345,-0.22501115567135901,0.9680619755328562
,387,0,-0.48828125,0.8381344307270231,0.48828125,-0.8381344307270231,-0.48828125,0.8381344307270231,0.48828125,-0.8381344307270231,2741,3314,3082,2081,1793,2946,2837,1315,2742,3315,3083,2082,1819,2947,2836,1375,-21,7,0,-6,-81,0,18,-292,5000,4900,5000,4800,5000,5000,4900,4800,-26.61,76.86,-225.45000000000002,16.09114899620053,-34.77604139034062,47.66824176869572,0.40812718192055514,-0.8487178469149823,0.3363186282464641
,388,0,0.51171875,-0.8655692729766804,-0.51171875,0.8655692729766804,0.51171875,-0.8655692729766804,-0.51171875,0.8655692729766804,3393,2204,2430,3191,2445,1836,2185,2425,3393,2208,2431,3191,2446,1906,2211,2426,19,-15,8,16,0,-347,-95,-1,4800,4900,4900,4900,4900,5000,5000,4700,-32.49,18.68,-188.37,-17.008069005562618,25.788677317292585,53.21529644095423,-0.4465411195437036,0.6839497934251552,0.5769000854830437
,389,0,-0.73828125,-0.19890260631001377,0.73828125,0.19890260631001377,-0.73828125,-0.19890260631001377,0.73828125,0.19890260631001377,2578,2638,3245,2757,1630,2270,3000,1991,2579,2638,3245,2758,1685,2274,2999,1992,0,12,-2,-1,-254,-18,21,0,4900,4800,4900,4900,5000,4900,5000,5000,-30.6,37.01,-239.88,33.15676940022129,4.021351481935767,51.62985842608539,0.8694114769563865,0.08921866215896448,0.4859667828762367
,390,0,0.26171875,0.46776406035665286,-0.26171875,-0.46776406035665286,0.26171875,0.46776406035665286,-0.26171875,-0.46776406035665286,3230,3073,2593,2322,2282,2705,2348,1556,3230,3073,2593,2322,2282,2706,2362,1587,19,0,23,0,0,0,-42,-112,5000,4900,4900,4900,5000,5000,5000,4900,-39.39,64.02,-201.86,-6.6405230332386225,-20.337934100117636,60.29734484935917,-0.17606817548976506,-0.576978234414788,0.7975563394464991
,391,0,-0.23828125,-0.6433470507544581,0.23828125,0.6433470507544581,-0.23828125,-0.6433470507544581,0.23828125,0.6433470507544581,2904,2349,2919,3046,1956,1981,2674,2280,2906,2350,2919,3046,1967,2032,2674,2281,-6,-2,0,15,-21,-224,0,-16,5000,4900,4900,4900,5000,4900,4800,4900,-35.51,16.29,-215.51,10.216421618051129,26.351593707503252,56.36527031741688,0.27532547386716827,0.6909613127065164,0.6684073217602475
,392,0,0.76171875,0.023319615912208436,-0.76171875,-0.023319615912208436,0.76171875,0.023319615912208436,-0.76171875,-0.023319615912208436,3556,2783,2267,2612,2608,2415,2022,1846,3555,2782,2268,2612,2609,2416,2082,1846,20,6,0,0,0,0,-303,16,4900,4900,4900,4900,4900,4900,4900,4900,-32.05,42.89,-174.57,-32.40734655233811,2.563276819374437,52.76727551657604,-0.8288491665184141,0.051874853679781605,0.5570619882180354
,393,0,-0.86328125,0.6899862825788747,0.86328125,-0.6899862825788747,-0.86328125,0.6899862825788747,0.86328125,-0.6899862825788747,2496,3218,3327,2177,1548,2850,3082,1411,2497,3219,3327,2178,1613,2851,3081,1452,-14,0,-3,0,-320,0,20,-159,4900,4900,4900,4900,4900,4900,4800,4900,-22.78,66.88,-239.82,31.119921544774883,-25.798832473414365,43.88513249918246,0.7629041143250611,-0.6122130231961321,0.20777999560820803
,394,0,0.13671875,-0.421124828532236,-0.13671875,0.421124828532236,0.13671875,-0.421124828532236,-0.13671875,0.421124828532236,3148,2493,2675,2902,2200,2125,2430,2136,3147,2494,2676,2902,2200,2156,2436,2137,22,0,0,15,0,-108,-25,0,4900,4900,4900,4900,5000,5000,5000,5000,-40.46,23.63,-205.63,-0.15996915795244604,19.708769050111016,61.284202623803,0.011958063281252242,0.5417834149062896,0.8404330645893465
,395,0,-0.36328125,0.24554183813443053,0.36328125,-0.24554183813443053,-0.36328125,0.24554183813443053,0.36328125,-0.24554183813443053,2822,2928,3001,2467,1874,2560,2756,1701,2822,2929,3001,2467,1898,2561,2756,1715,0,2,0,0,-71,0,0,-39,4900,4900,4900,5000,5000,5000,4900,4900,-40.61,50.870000000000005,-224.88,17.207870140630945,-8.766858028873656,61.59951287922876,0.5020799828376206,-0.2559810589696525,0.8260686341234307
,396,0,0.63671875,0.912208504801097,-0.63671875,-0.912208504801097,0.63671875,0.912208504801097,-0.63671875,-0.912208504801097,3474,3363,2349,2032,2526,2995,2104,1266,3473,3364,2350,2032,2526,2997,2141,1330,19,0,0,0,0,-8,-144,-316,4900,4900,4900,4800,4800,4900,4700,4800,-23.01,79.47,-189.84,-19.595989788274863,-34.9889147014477,43.896370836252466,-0.4484059403216674,-0.8632653860996563,0.23174336203320461
,397,0,-0.61328125,-0.7914951989026063,0.61328125,0.7914951989026063,-0.61328125,-0.7914951989026063,0.61328125,0.7914951989026063,2659,2252,3164,3143,1711,1884,2919,2377,2659,2253,3165,3143,1750,1944,2918,2378,0,-10,-7,10,-146,-283,20,0,5000,4900,4800,5000,5000,4900,5000,4700,-28.68,16.11,-231.12,25.83582830267858,25.458954603601665,49.61317951157004,0.6703401785568681,0.6119623795420012,0.41969761857513405
,398,0,0.38671875,-0.1248285322359397,-0.38671875,0.1248285322359397,0.38671875,-0.1248285322359397,-0.38671875,0.1248285322359397,3311,2687,2512,2708,2363,2319,2267,1942,3310,2687,2513,2709,2363,2322,2295,1943,20,4,0,0,0,-14,-108,0,4900,4900,4900,5000,5000,5000,5000,4900,-41.6,39.59,-190.87,-15.968210504331523,4.783810040217283,62.39050461133755,-0.4376827221965113,0.09760375795809405,0.8938161674097803
,399,0,-0.11328125,0.5418381344307268,0.11328125,-0.5418381344307268,-0.11328125,0.5418381344307268,0.11328125,-0.5418381344307268,2985,3121,2838,2274,2037,2753,2593,1508,2986,3121,2838,2274,2040,2753,2593,1543,-1,0,-3,0,-8,0,0,-137,4900,4900,4900,4900,5000,5000,4900,4900,-37.79,68.04,-210.5,1.7162754587648976,-24.936003024528077,58.750838745130025,0.05118501615664749,-0.6834393573015135,0.7282106419246686
,400,0,0.88671875,-0.5692729766803841,-0.88671875,0.5692729766803841,0.88671875,-0.5692729766803841,-0.88671875,0.5692729766803841,3637,2397,2186,2998,2689,2029,1941,2232,3636,2398,2187,2999,2689,2064,2004,2234,20,0,1,0,0,-124,-327,-11,4900,5000,4900,5000,4900,4900,5000,4900,-25.09,27.150000000000002,-172.73,-33.14782609669609,18.371571372501805,45.75840161516001,-0.8263682161553372,0.45723919138806896,0.3287063935901314
,401,0,-0.92578125,0.0973936899862824,0.92578125,-0.0973936899862824,-0.92578125,0.0973936899862824,0.92578125,-0.0973936899862824,2455,2831,3368,2564,1507,2463,3123,1798,2457,2831,3370,2564,1579,2464,3123,1800,-21,3,-25,0,-374,-12,22,-8,5000,4900,4900,4900,5000,5000,5000,4800,-28.39,42.11,-243.24,36.175754350488404,-1.2999257484146938,49.44962024923075,0.9069100089712903,-0.04608655618739212,0.41879620935065864
,402,0,0.07421875,0.7640603566529489,-0.07421875,-0.7640603566529489,0.07421875,0.7640603566529489,-0.07421875,-0.7640603566529489,3107,3266,2716,2129,2159,2898,2471,1363,3108,3267,2716,2129,2160,2899,2471,1417,6,0,6,0,0,-6,0,-252,5000,4800,4900,4800,5000,5000,5000,4800,-31.150000000000002,76.78,-213.45000000000002,4.1020798655748365,-33.8739918023071,52.147809596266406,0.10609928971749148,-0.8721065856567275,0.47767462144812467
,403,0,-0.42578125,-0.3470507544581619,0.42578125,0.3470507544581619,-0.42578125,-0.3470507544581619,0.42578125,0.3470507544581619,2781,2542,3042,2853,1833,2174,2797,2087,2782,2543,3042,2852,1861,2198,2797,2088,-15,-1,0,15,-90,-75,0,0,4900,4900,4900,4900,5000,5000,5000,4900,-38.33,29.580000000000002,-226.06,19.83222044115135,12.38849369952839,59.27168583501884,0.5744616627991966,0.3306269910064506,0.748785410376032
,404,0,0.57421875,0.3196159122085047,-0.57421875,-0.3196159122085047,0.57421875,0.3196159122085047,-0.57421875,-0.3196159122085047,3433,2976,2390,2419,2485,2608,2145,1653,3433,2976,2391,2421,2486,2609,2186,1666,19,0,0,-14,0,0,-170,-45,5000,4900,4900,4900,5000,5000,5000,4900,-36.6,55.51,-184.48,-23.393248771077907,-10.68324596299614,57.39876289818656,-0.6097850684211388,-0.3181875498358236,0.7258917642872811
,405,0,-0.67578125,0.9862825788751712,0.67578125,-0.9862825788751712,-0.67578125,0.9862825788751712,0.67578125,-0.9862825788751712,2618,3411,3205,1984,1670,3043,2960,1218,2619,3411,3205,1984,1713,3043,2959,1291,0,3,0,0,-166,0,16,-386,4900,5000,5000,5000,5000,4700,4900,4900,-19.54,79.61,-230.35,20.828599747721512,-37.87042414017189,40.62986441489751,0.4800172545829695,-0.8719006400281588,0.09681275340117418
,406,0,0.32421875,-0.9807956104252401,-0.32421875,0.9807956104252401,0.32421875,-0.9807956104252401,-0.32421875,0.9807956104252401,3270,2129,2553,3266,2322,1761,2308,2500,3269,2132,2553,3266,2322,1844,2319,2501,19,-14,14,15,0,-453,-37,-9,5000,4800,4900,4900,4900,4900,4900,5000,-39.13,24.54,-196.52,-9.304070026512619,19.411402253980086,59.910851869568724,-0.25430447058051847,0.5418916239143645,0.8010509997336092
,407,0,-0.17578125,-0.31412894375857336,0.17578125,0.31412894375857336,-0.17578125,-0.31412894375857336,0.17578125,0.31412894375857336,2944,2563,2879,2832,1996,2195,2634,2066,2945,2564,2879,2832,2005,2207,2634,2065,-1,3,0,0,-22,-34,0,16,5000,4900,4900,4900,5000,5000,5000,5000,-41.230000000000004,26.94,-214.05,8.013772791935764,15.840691553548602,62.10476280881401,0.24408790222262475,0.42076808026481394,0.8737135220533223
,408,0,0.82421875,0.35253772290809304,-0.82421875,-0.35253772290809304,0.82421875,0.35253772290809304,-0.82421875,-0.35253772290809304,3596,2998,2227,2397,2648,2630,1982,1631,3595,2998,2228,2398,2648,2631,2040,1647,20,0,1,-1,0,0,-293,-45,4900,5000,4900,5000,5000,5000,5000,4700,-29.22,54.54,-173.94,-33.80803779856089,-9.025757214837967,49.96358969490815,-0.8456541693985946,-0.26075002429608307,0.4657021050074438
,409,0,-0.80078125,-0.7585733882030179,0.80078125,0.7585733882030179,-0.80078125,-0.7585733882030179,0.80078125,0.7585733882030179,2537,2273,3286,3122,1589,1905,3041,2356,2537,2273,3286,3122,1647,1956,3041,2356,0,0,-12,15,-273,-222,20,0,4900,4900,4900,4900,5000,4900,5000,4800,-21.97,13.85,-234.39000000000001,29.283201462976592,27.474098759303132,42.9139696831351,0.7227606198247523,0.6552944007039957,0.21955941072186244
,410,0,0.19921875,-0.09190672153635115,-0.19921875,0.09190672153635115,0.19921875,-0.09190672153635115,-0.19921875,0.09190672153635115,3189,2708,2634,2687,2241,2340,2389,1921,3188,2709,2634,2687,2241,2343,2403,1922,4,6,23,0,0,-17,-46,3,5000,4900,4900,4900,5000,5000,5000,4900,-43.92,38.42,-199.81,-6.9809662931960474,5.3548781033450155,64.7523307600384,-0.19561032322363947,0.11895937222001308,0.9734399155620049
,411,0,-0.30078125,0.5747599451303151,0.30078125,-0.5747599451303151,-0.30078125,0.5747599451303151,0.30078125,-0.5747599451303151,2863,3143,2960,2252,1915,2775,2715,1486,2864,3144,2960,2252,1932,2775,2714,1525,-17,3,0,0,-38,-3,18,-154,5000,4900,4900,5000,5000,5000,5000,5000,-36.1,67.84,-219.77,10.986710647354528,-25.366439318750523,57.10683265913894,0.2929609108526845,-0.6831514387738518,0.6689379765072261
,412,0,0.69921875,-0.5363511659807956,-0.69921875,0.5363511659807956,0.69921875,-0.5363511659807956,-0.69921875,0.5363511659807956,3515,2418,2308,2977,2567,2050,2063,2211,3514,2419,2309,2977,2568,2081,2109,2213,21,0,7,14,0,-112,-209,-17,4800,5000,4900,4900,4900,4900,5000,4900,-30.810000000000002,24.93,-179.25,-26.520645327973796,20.16316299578557,51.505389914613616,-0.6834379616749603,0.5134449938162933,0.5189285026538447
,413,0,-0.55078125,0.13031550068587094,0.55078125,-0.13031550068587094,-0.55078125,0.13031550068587094,0.55078125,-0.13031550068587094,2700,2853,3123,2542,1752,2485,2878,1776,2700,2854,3124,2542,1791,2485,2877,1779,0,0,0,-3,-153,0,19,-17,4900,4900,4900,4900,5000,5000,5000,5000,-37.03,43.95,-233.04,25.833249647441846,-2.4231663240684753,58.04299718013893,0.716251579839714,-0.07932683148575399,0.6933187781847145
,414,0,0.44921875,0.7969821673525375,-0.44921875,-0.7969821673525375,0.44921875,0.7969821673525375,-0.44921875,-0.7969821673525375,3352,3288,2471,2107,2404,2920,2226,1341,3351,3288,2472,2108,2406,2921,2249,1395,19,10,5,0,-2,0,-81,-247,4900,4900,5000,4900,5000,5000,4900,4800,-29.150000000000002,76.75,-196.68,-12.617845145921137,-32.71884301055147,50.06369374563393,-0.30203889369991793,-0.8511852294975268,0.42925075629260395
,415,0,-0.05078125,-0.906721536351166,0.05078125,0.906721536351166,-0.05078125,-0.906721536351166,0.05078125,0.906721536351166,3026,2177,2797,3218,2078,1809,2552,2452,3027,2179,2797,3218,2080,1885,2554,2453,0,-13,0,15,-2,-394,-21,0,5000,4900,4900,5000,4900,4700,4900,4900,-32.11,11.39,-208.17000000000002,3.240161470230987,31.725694557238025,52.91614950091657,0.08421966474007687,0.8252112212125169,0.5585100611949765
,416,0,0.94921875,-0.2400548696844993,-0.94921875,0.2400548696844993,0.94921875,-0.2400548696844993,-0.94921875,0.2400548696844993,3678,2612,2145,2783,2730,2244,1900,2017,3678,2612,2146,2784,2730,2248,1978,2018,19,10,3,-1,0,-14,-440,0,5000,5000,4900,4900,5000,5000,4700,4900,-25.19,40.95,-168.52,-38.27949843294047,4.887243446924359,45.87215322576988,-0.9331113143437567,0.12095349094465052,0.3386348004443262
,417,0,-0.95703125,0.4266117969821672,0.95703125,-0.4266117969821672,-0.95703125,0.4266117969821672,0.95703125,-0.4266117969821672,2435,3046,3388,2349,1487,2678,3143,1583,2436,3046,3390,2349,1562,2679,3141,1602,0,8,-27,0,-402,0,20,-62,4900,5000,4900,4900,5000,4800,4900,5000,-23.55,53.85,-245.63,37.7917905239334,-13.188162364599947,44.6513333420409,0.9067023546336248,-0.32841665150468524,0.26463813617143445
,418,0,0.04296875,-0.6844993141289437,-0.04296875,0.6844993141289437,0.04296875,-0.6844993141289437,-0.04296875,0.6844993141289437,3087,2322,2736,3073,2139,1954,2491,2307,3087,2323,2735,3073,2140,2009,2491,2307,19,-2,11,15,0,-251,0,0,5000,4800,4900,5000,5000,5000,5000,4900,-32.89,11.88,-208.98000000000002,4.011487681771513,31.1844168712028,53.701435653851206,0.13841225004299998,0.8018707119746522,0.5812447077740138
,419,0,-0.45703125,-0.017832647462277085,0.45703125,0.017832647462277085,-0.45703125,-0.017832647462277085,0.45703125,0.017832647462277085,2761,2756,3062,2639,1813,2388,2817,1873,2763,2757,3062,2640,1845,2389,2816,1873,-3,0,0,-2,-110,0,7,0,4900,4900,4900,4900,5000,5000,5000,4900,-38.88,37.87,-229.69,22.892083285973143,3.874172505447085,59.86081568055105,0.6479125440928821,0.08552181954822335,0.7568985094371969
,420,0,0.54296875,0.6488340192043891,-0.54296875,-0.6488340192043891,0.54296875,0.6488340192043891,-0.54296875,-0.6488340192043891,3413,3191,2410,2204,2465,2823,2165,1438,3414,3192,2411,2205,2466,2824,2200,1479,14,0,0,0,0,0,-136,-171,4900,5000,4900,4900,4900,5000,5000,4800,-32.14,70.55,-190.15,-18.729145786255685,-26.08406672858102,53.005249145698464,-0.46118372452817635,-0.7005686584129847,0.5445301893189668
,421,0,-0.70703125,-0.4622770919067215,0.70703125,0.4622770919067215,-0.70703125,-0.4622770919067215,0.70703125,0.4622770919067215,2598,2467,3225,2928,1650,2099,2980,2162,2599,2468,3226,2929,1699,2126,2980,2163,0,0,0,6,-207,-94,0,-11,4900,5000,4900,4900,4900,4900,5000,5000,-29.96,25.87,-235.83,29.870538702813064,15.407239576333836,50.94142534636308,0.7988283745342746,0.3657859264808287,0.47757081572002597
,422,0,0.29296875,0.2043895747599449,-0.29296875,-0.2043895747599449,0.29296875,0.2043895747599449,-0.29296875,-0.2043895747599449,3250,2901,2573,2494,2302,2533,2328,1728,3250,2902,2574,2494,2302,2533,2347,1737,20,0,0,0,-1,0,-63,-29,5000,4900,4900,4900,5000,5000,5000,4900,-42.69,51.22,-196.88,-10.761691714191386,-7.221852610564653,63.53999423875361,-0.2959891057855619,-0.23465867822761052,0.9259188700899955
,423,0,-0.20703125,0.8710562414266114,0.20703125,-0.8710562414266114,-0.20703125,0.8710562414266114,0.20703125,-0.8710562414266114,2924,3336,2899,2059,1976,2968,2654,1293,2925,3337,2899,2060,1983,2969,2653,1360,-1,1,0,0,-11,-1,18,-342,5000,5000,5000,4800,5000,4900,4800,4900,-27.62,80.13,-213.0,3.444203443223927,-37.19609468411835,48.624071374494505,0.07997204925689007,-0.9241391942686601,0.3735923191851324
,424,0,0.79296875,-0.8326474622770919,-0.79296875,0.8326474622770919,0.79296875,-0.8326474622770919,-0.79296875,0.8326474622770919,3576,2225,2247,3170,2628,1857,2002,2404,3575,2227,2247,3170,2628,1921,2049,2405,20,-13,0,17,0,-303,-216,-3,4800,4800,4800,4900,5000,5000,4700,4700,-26.95,23.5,-176.4,-29.24901680250514,21.77106648971629,47.62755089640142,-0.7440384722092906,0.5400793236868301,0.3933460003590227
,425,0,-0.83203125,-0.16598079561042522,0.83203125,0.16598079561042522,-0.83203125,-0.16598079561042522,0.83203125,0.16598079561042522,2517,2660,3306,2735,1569,2292,3061,1969,2517,2661,3306,2736,1636,2294,3061,1970,0,0,0,0,-337,-18,21,0,5000,4900,4900,4800,5000,4900,4900,4900,-28.35,39.660000000000004,-242.95000000000002,36.051866864988966,1.163929389357584,49.4019783453041,0.920985279806996,0.022738523798724118,0.388933251232502
,426,0,0.16796875,0.5006858710562412,-0.16796875,-0.5006858710562412,0.16796875,0.5006858710562412,-0.16796875,-0.5006858710562412,3168,3094,2655,2301,2220,2726,2410,1535,3167,3093,2655,2301,2220,2727,2418,1567,21,4,14,0,0,0,-29,-121,4900,4900,4900,4900,5000,5000,5000,4900,-38.94,66.11,-207.48000000000002,-1.1721867430345583,-22.80345498232883,59.880805539548234,-0.03156602354929948,-0.6327377958618882,0.7737224746930419
,427,0,-0.33203125,-0.6104252400548698,0.33203125,0.6104252400548698,-0.33203125,-0.6104252400548698,0.33203125,0.6104252400548698,2843,2370,2980,3025,1895,2002,2735,2259,2843,2371,2980,3025,1913,2048,2735,2260,-15,0,0,15,-43,-193,0,-10,4900,5000,4900,4900,5000,5000,4900,5000,-34.550000000000004,16.3,-218.34,13.043907062939212,26.14802316493173,55.41949809687787,0.3844334919292665,0.6788394875311285,0.6256099747059229
,428,0,0.66796875,0.05624142661179676,-0.66796875,-0.05624142661179676,0.66796875,0.05624142661179676,-0.66796875,-0.05624142661179676,3494,2805,2329,2590,2546,2437,2084,1824,3494,2806,2329,2590,2546,2437,2134,1824,2,3,7,-4,0,0,-228,11,5000,5000,4900,4800,5000,4800,4900,4900,-34.87,42.63,-177.95000000000002,-29.03117111560428,2.6028042748272426,55.60351898296972,-0.7542810380625042,0.04745190397615709,0.6548346603749587
,429,0,-0.58203125,0.7229080932784633,0.58203125,-0.7229080932784633,-0.58203125,0.7229080932784633,0.58203125,-0.7229080932784633,2680,3239,3143,2156,1732,2871,2898,1390,2680,3240,3144,2156,1770,2872,2897,1436,0,0,0,0,-136,0,18,-196,4900,4800,5000,5000,4900,4900,4900,4900,-28.78,71.56,-229.32,20.299297182916206,-29.74291079090996,49.84422090639812,0.522364954059793,-0.7491599077371637,0.4073012244142598
,430,0,0.41796875,-0.38820301783264743,-0.41796875,0.38820301783264743,0.41796875,-0.38820301783264743,-0.41796875,0.38820301783264743,3331,2515,2492,2880,2383,2147,2247,2114,3330,2516,2493,2880,2384,2172,2271,2116,23,-1,22,14,0,-80,-86,-5,5000,4900,4900,4900,5000,5000,5000,4800,-38.82,27.76,-190.52,-15.506030372513806,16.602487293076102,59.57891119860687,-0.4016624685150675,0.4369730138149978,0.8048116839260098
,431,0,-0.08203125,0.2784636488340191,0.08203125,-0.2784636488340191,-0.08203125,0.2784636488340191,0.08203125,-0.2784636488340191,3006,2950,2817,2445,2058,2582,2572,1679,3007,2950,2817,2445,2063,2583,2572,1696,0,0,0,-1,-11,0,0,-50,5000,4900,4900,4900,4900,5000,5000,4900,-42.980000000000004,55.49,-210.58,2.6175296135169788,-12.40518495030993,63.90945671309295,0.08997212161326945,-0.3730270014302101,0.923447818523815
,432,0,0.91796875,0.9451303155006856,-0.91796875,-0.9451303155006856,0.91796875,0.9451303155006856,-0.91796875,-0.9451303155006856,3657,3384,2166,2011,2709,3016,1921,1245,3657,3384,2167,2011,2709,3016,1985,1311,19,6,0,0,0,-2,-322,-337,4800,5000,4900,4900,4900,4900,4800,4700,-16.31,77.56,-179.36,-29.890797419509028,-32.39567232483613,37.139113270343856,-0.655470786359117,-0.7549609775773123,0.0197982465200802
,433,0,-0.89453125,-0.9561042524005487,0.89453125,0.9561042524005487,-0.89453125,-0.9561042524005487,0.89453125,0.9561042524005487,2476,2145,3347,3250,1528,1777,3102,2484,2477,2145,3349,3251,1589,1850,3102,2486,0,0,-26,0,-284,-379,20,-13,4900,4800,4700,5000,4900,5000,5100,4900,-19.19,14.08,-237.25,32.13457217825476,27.043804590198146,40.14893225624769,0.7789546817971891,0.6080050535904853,0.15349090694458678
,434,0,0.10546875,-0.289437585733882,-0.10546875,0.289437585733882,0.10546875,-0.289437585733882,-0.10546875,0.289437585733882,3128,2579,2695,2816,2180,2211,2450,2050,3128,2580,2695,2816,2180,2223,2456,2050,19,1,9,0,0,-33,-29,0,5000,4900,4900,4900,5000,5000,5000,5000,-42.230000000000004,27.810000000000002,-206.71,0.627060987880526,15.470528404008725,63.07014768882504,0.025409597614717915,0.405361622256231,0.9138032105168238
,435,0,-0.39453125,0.3772290809327843,0.39453125,-0.3772290809327843,-0.39453125,0.3772290809327843,0.39453125,-0.3772290809327843,2802,3014,3021,2381,1854,2646,2776,1615,2804,3015,3021,2382,1877,2647,2775,1638,-18,0,0,0,-66,0,17,-73,5000,4900,4900,4900,5000,5000,5000,4900,-38.63,57.160000000000004,-225.9,17.8108334948042,-15.116959158358497,59.64054610083776,0.4942221583301793,-0.42463125046318717,0.7585728437965134
,436,0,0.60546875,-0.7338820301783264,-0.60546875,0.7338820301783264,0.60546875,-0.7338820301783264,-0.60546875,0.7338820301783264,3454,2290,2369,3105,2506,1922,2124,2339,3454,2290,2370,3106,2506,1970,2161,2340,21,0,0,2,0,-202,-151,-12,4900,4900,4900,5000,5000,5000,4900,4800,-28.150000000000002,15.16,-185.79,-19.323766472293187,29.4622340560918,48.853539211419246,-0.4910136759715421,0.7544768363848867,0.4355115077326502
,437,0,-0.64453125,-0.0672153635116598,0.64453125,0.0672153635116598,-0.64453125,-0.0672153635116598,0.64453125,0.0672153635116598,2639,2724,3184,2671,1691,2356,2939,1905,2639,2725,3185,2672,1740,2358,2938,1905,0,0,0,0,-213,-7,14,0,4900,4900,4900,5000,4900,5000,5000,4900,-34.19,39.31,-236.75,29.861451781808626,1.947939140738832,55.20992030504101,0.802953082098094,0.033687186377869695,0.595089507068571
,438,0,0.35546875,0.5994513031550066,-0.35546875,-0.5994513031550066,0.35546875,0.5994513031550066,-0.35546875,-0.5994513031550066,3291,3159,2532,2236,2343,2791,2287,1470,3290,3159,2533,2237,2343,2791,2308,1509,20,8,0,0,0,0,-69,-157,4900,4900,4900,5000,5000,5000,5000,4900,-35.65,69.93,-200.26,-8.617427406057857,-26.137245235864228,56.56431130389859,-0.21196668157019996,-0.7104053785353422,0.6711142406864679
,439,0,-0.14453125,-0.5116598079561043,0.14453125,0.5116598079561043,-0.14453125,-0.5116598079561043,0.14453125,0.5116598079561043,2965,2434,2858,2961,2017,2066,2613,2195,2966,2435,2858,2962,2022,2103,2614,2197,-10,0,0,6,-12,-145,-12,-18,4900,5000,4900,4800,5000,5000,5000,4900,-37.980000000000004,19.13,-210.77,5.283777049029396,23.844786586129175,58.81864261120524,0.17141080705633016,0.6364501116683083,0.7520303122758387
,440,0,0.85546875,0.1550068587105624,-0.85546875,-0.1550068587105624,0.85546875,0.1550068587105624,-0.85546875,-0.1550068587105624,3617,2869,2206,2526,2669,2501,1961,1760,3616,2869,2206,2526,2669,2501,2027,1762,23,4,2,0,0,0,-343,-16,4800,5000,4800,4800,5000,5000,4800,4600,-28.73,45.74,-171.43,-35.71635424074165,-0.07795810819706617,49.43878544216354,-0.8936320317943771,-0.010407139163436347,0.4486797111587344
,441,0,-0.76953125,0.8216735253772289,0.76953125,-0.8216735253772289,-0.76953125,0.8216735253772289,0.76953125,-0.8216735253772289,2557,3304,3266,2091,1609,2936,3021,1325,2557,3304,3267,2092,1663,2937,3021,1380,0,6,-27,0,-242,0,18,-256,5000,4900,4800,4900,5000,4900,4900,4800,-25.03,73.96000000000001,-232.09,22.919191329044594,-32.33495921140302,46.114228996366435,0.5288075716263747,-0.7969549695473362,0.29193377451816294
,442,0,0.23046875,-0.8820301783264747,-0.23046875,0.8820301783264747,0.23046875,-0.8820301783264747,-0.23046875,0.8820301783264747,3209,2193,2614,3202,2261,1825,2369,2436,3209,2194,2615,3202,2261,1898,2375,2437,21,-5,0,15,0,-374,-26,-4,4900,5000,4800,4800,4800,5000,5000,5000,-26.87,6.23,-203.14000000000001,-1.4049594081492671,37.198161453564964,47.63798143862054,-0.017612719274005685,0.924446870673067,0.3809038926324452
,443,0,-0.26953125,-0.21536351165980794,0.26953125,0.21536351165980794,-0.26953125,-0.21536351165980794,0.26953125,0.21536351165980794,2883,2628,2940,2767,1935,2260,2695,2001,2884,2628,2940,2768,1952,2267,2695,2002,0,8,0,0,-43,-21,0,0,5000,4900,4900,4900,5000,5000,5000,5000,-41.69,32.22,-219.82,13.412199819906931,10.184931281388863,62.60701908555909,0.4011786121987287,0.2559535854795694,0.8795132080841396
,444,0,0.73046875,0.4513031550068587,-0.73046875,-0.4513031550068587,0.73046875,0.4513031550068587,-0.73046875,-0.4513031550068587,3535,3062,2288,2333,2587,2694,2043,1567,3534,3063,2289,2334,2588,2695,2093,1592,19,0,10,-9,0,-2,-238,-81,4900,5000,4900,4800,5000,4800,4900,5000,-31.310000000000002,60.38,-178.85,-29.31329002400105,-15.177584589751845,52.09292348563929,-0.7347916449248382,-0.4184856123813617,0.5338080467531814
,445,0,-0.51953125,-0.6598079561042525,0.51953125,0.6598079561042525,-0.51953125,-0.6598079561042525,0.51953125,0.6598079561042525,2720,2338,3103,3057,1772,1970,2858,2291,2720,2339,3104,3058,1806,2014,2858,2291,0,0,0,4,-120,-178,0,-4,4900,4900,4900,5000,5000,5000,5000,4900,-30.64,15.24,-225.21,19.988569946496,26.73113097471741,51.54132291827702,0.5481867100101326,0.6750988129478859,0.49369314733407244
,446,0,0.48046875,0.00685871056241405,-0.48046875,-0.00685871056241405,0.48046875,0.00685871056241405,-0.48046875,-0.00685871056241405,3372,2772,2451,2623,2424,2404,2206,1857,3371,2773,2452,2623,2425,2405,2240,1857,20,0,1,0,0,-1,-141,0,5000,4900,4900,5000,5000,4900,5000,5000,-39.730000000000004,41.44,-185.87,-21.072514811711244,3.2698736545589426,60.5001411124716,-0.5668657596897276,0.05300649125830052,0.8221031093335379
,447,0,-0.01953125,0.6735253772290806,0.01953125,-0.6735253772290806,-0.01953125,0.6735253772290806,0.01953125,-0.6735253772290806,3046,3207,2777,2188,2098,2839,2532,1422,3047,3208,2777,2189,2099,2840,2533,1472,0,0,0,0,0,0,0,-222,5000,4900,4900,4800,4800,5000,5000,4900,-34.19,73.74,-206.96,-2.1826996666476077,-30.39456335221547,55.1475469001067,-0.04674511247819285,-0.7980902485068844,0.60072194041638
,448,0,0.98046875,-0.43758573388203015,-0.98046875,0.43758573388203015,0.98046875,-0.43758573388203015,-0.98046875,0.43758573388203015,3698,2483,2125,2912,2750,2115,1880,2146,3698,2484,2126,2912,2750,2139,1953,2148,20,0,0,16,0,-72,-395,-12,4900,4900,4900,4800,5000,4700,4900,4900,-23.29,34.660000000000004,-168.62,-37.74627965003023,11.150723645003161,43.956795938518624,-0.9208044801967162,0.2720425235188377,0.2794851957566935
,449,0,-0.97265625,0.22908093278463637,0.97265625,-0.22908093278463637,-0.97265625,0.22908093278463637,0.97265625,-0.22908093278463637,2425,2917,3398,2478,1477,2549,3153,1712,2426,2918,3398,2479,1556,2549,3151,1717,0,0,0,-12,-422,0,21,-19,4900,4900,4800,5000,5000,4900,4800,4900,-23.34,45.480000000000004,-247.22,39.94373186633507,-4.945077725699186,44.428165031609765,0.9627650369759905,-0.128595658503787,0.23779537461985634
,450,0,0.02734375,0.8957475994513029,-0.02734375,-0.8957475994513029,0.02734375,0.8957475994513029,-0.02734375,-0.8957475994513029,3077,3352,2746,2043,2129,2984,2501,1277,3077,3353,2746,2043,2130,2986,2502,1344,21,0,0,0,0,-4,0,-338,5000,4900,4900,5000,5000,5000,5000,4900,-26.310000000000002,81.23,-213.56,3.9350544025950853,-38.335095694741966,47.31967801607733,0.09231555226388084,-0.943927784667219,0.316982927211311
,451,0,-0.47265625,-0.8079561042524006,0.47265625,0.8079561042524006,-0.47265625,-0.8079561042524006,0.47265625,0.8079561042524006,2751,2241,3072,3154,1803,1873,2827,2388,2752,2242,3073,3154,1829,1937,2827,2390,-21,-13,0,12,-77,-305,0,-8,5000,4900,5000,5000,5000,4800,4900,4900,-36.300000000000004,25.47,-226.09,20.14918395802073,16.481294721312544,57.231486353336614,0.6054041389411559,0.4251900680903023,0.6728292759313328
,452,0,0.52734375,-0.14128943758573387,-0.52734375,0.14128943758573387,0.52734375,-0.14128943758573387,-0.52734375,0.14128943758573387,3403,2676,2420,2719,2455,2308,2175,1953,3403,2677,2421,2720,2456,2311,2213,1953,20,0,1,-2,-1,-16,-159,14,5000,4900,4900,5000,5000,5000,5000,4900,-38.64,40.18,-183.99,-22.857956502959098,4.650667743873861,59.39755068531066,-0.6093737846014392,0.08893531825626898,0.7878794957397826
,453,0,-0.72265625,0.5253772290809327,0.72265625,-0.5253772290809327,-0.72265625,0.5253772290809327,0.72265625,-0.5253772290809327,2588,3110,3235,2285,1640,2742,2990,1519,2589,3110,3235,2285,1691,2743,2989,1546,0,0,0,-2,-220,-1,20,-93,4900,4900,4900,5000,5000,4900,4900,4800,-29.44,61.45,-237.27,28.909841426548923,-20.19021283684225,50.51852768138592,0.7435976395555711,-0.5121236734124801,0.42987427647847276
,454,0,0.27734375,-0.5857338820301783,-0.27734375,0.5857338820301783,0.27734375,-0.5857338820301783,-0.27734375,0.5857338820301783,3240,2386,2583,3009,2292,2018,2338,2243,3240,2387,2583,3010,2292,2060,2352,2243,19,0,18,1,0,-169,-48,-4,5000,5000,4900,4900,5000,5000,4900,5000,-36.11,17.330000000000002,-199.98000000000002,-5.351076399522924,26.362991493802564,56.89003270487791,-0.13139312741936637,0.7063961007920352,0.6955144821301473
,455,0,-0.22265625,0.08093278463648801,0.22265625,-0.08093278463648801,-0.22265625,0.08093278463648801,0.22265625,-0.08093278463648801,2914,2821,2909,2574,1966,2453,2664,1808,2915,2821,2909,2574,1981,2453,2664,1813,0,3,0,0,-36,-3,0,-19,5000,4900,4900,4900,5000,5000,5000,5000,-43.300000000000004,43.42,-218.87,11.701142571434161,-0.9208577537483009,64.24052237587597,0.35045929370452,-0.05279399398358666,0.9350888073629103
,456,0,0.77734375,0.7475994513031545,-0.77734375,-0.7475994513031545,0.77734375,0.7475994513031545,-0.77734375,-0.7475994513031545,3566,3255,2257,2140,2618,2887,2012,1374,3565,3256,2258,2140,2619,2888,2063,1420,21,0,0,0,0,0,-235,-198,4900,4900,4900,5000,4900,4700,4900,4800,-24.55,72.17,-181.69,-27.24238016655741,-27.151542301849673,45.37704907710274,-0.6496141093779754,-0.6989913373614892,0.2990194294534328
,457,0,-0.84765625,-0.3635116598079561,0.84765625,0.3635116598079561,-0.84765625,-0.3635116598079561,0.84765625,0.3635116598079561,2506,2531,3317,2864,1558,2163,3072,2098,2506,2532,3317,2863,1624,2181,3071,2098,0,0,0,16,-327,-53,20,0,5000,4900,4800,4900,5000,4900,5000,4900,-26.75,32.17,-242.0,35.616981223473715,8.696340167826001,47.77832125613268,0.9077531881705503,0.21615621969038404,0.3595283550088433
,458,0,0.15234375,0.30315500685871033,-0.15234375,-0.30315500685871033,0.15234375,0.30315500685871033,-0.15234375,-0.30315500685871033,3158,2966,2665,2429,2210,2598,2420,1663,3157,2966,2666,2430,2210,2599,2429,1681,21,0,1,0,-2,0,-31,-55,4900,4900,4900,4900,5000,4900,5000,5000,-42.86,56.83,-207.81,-0.23593433696538568,-13.555668877922358,63.77895684488212,-0.01862182318222857,-0.39287391139023714,0.9194037836828309
,459,0,-0.34765625,0.9698216735253768,0.34765625,-0.9698216735253768,-0.34765625,0.9698216735253768,0.34765625,-0.9698216735253768,2832,3400,2991,1995,1884,3032,2746,1229,2833,3401,2991,1995,1898,3032,2745,1305,-20,9,0,0,-29,0,17,-410,5000,4800,4900,5000,4800,4900,4700,4900,-23.650000000000002,82.3,-218.29,8.594905688143626,-39.729240050198726,44.68613524772901,0.20649221703524068,-0.9501753497393652,0.23351181779847133
,460,0,0.65234375,-0.9314128943758574,-0.65234375,0.9314128943758574,0.65234375,-0.9314128943758574,-0.65234375,0.9314128943758574,3484,2161,2339,3234,2536,1793,2094,2468,3483,2162,2340,3234,2536,1867,2128,2470,20,-12,1,17,0,-378,-131,-16,4900,4900,4900,4800,4800,4800,4700,4700,-36.43,40.76,-179.92000000000002,-26.947083998523254,4.3401458565106665,57.16864681064726,-0.7109888271184084,0.057355566195135335,0.7008603475295379
,461,0,-0.59765625,-0.26474622770919065,0.59765625,0.26474622770919065,-0.59765625,-0.26474622770919065,0.59765625,0.26474622770919065,2669,2595,3154,2800,1721,2227,2909,2034,2669,2596,3155,2801,1764,2237,2908,2035,-1,0,0,0,-176,-30,20,0,4900,4900,4900,4900,5000,5000,5000,4900,-35.19,33.22,-233.62,27.14456304207104,8.237989210363658,56.17882984545217,0.7477357372074277,0.2049557294422395,0.6315729698709912
,462,0,0.40234375,0.40192043895747576,-0.40234375,-0.40192043895747576,0.40234375,0.40192043895747576,-0.40234375,-0.40192043895747576,3321,3030,2502,2365,2373,2662,2257,1599,3320,3030,2502,2365,2374,2663,2281,1621,19,4,17,0,0,0,-90,-73,4900,4900,4900,4900,5000,4900,5000,4900,-38.97,60.410000000000004,-193.55,-14.685972431174577,-16.17695853358049,59.82657280268141,-0.3857130636180064,-0.47070065879640477,0.7935151683257491
,463,0,-0.09765625,-0.7091906721536352,0.09765625,0.7091906721536352,-0.09765625,-0.7091906721536352,0.09765625,0.7091906721536352,2995,2306,2828,3089,2047,1938,2583,2323,2996,2307,2828,3089,2049,1994,2584,2324,0,0,-7,7,-6,-257,-21,-15,5000,4900,4900,5000,5000,5000,5000,4900,-32.46,11.27,-206.75,1.829815166177866,31.942183159000393,53.25872210336861,0.0776969662739228,0.8244752819647314,0.5605387505436228
,464,0,0.90234375,-0.04252400548696844,-0.90234375,0.04252400548696844,0.90234375,-0.04252400548696844,-0.90234375,0.04252400548696844,3647,2740,2176,2655,2699,2372,1931,1889,3646,2741,2177,2656,2699,2373,2003,1889,20,0,1,0,0,0,-391,0,4900,4800,5000,5000,5000,5000,5000,4700,-27.05,42.93,-169.75,-37.194853869859344,2.834126996323114,47.74329165251682,-0.9204836284682981,0.05592372842346897,0.38675887361643474
,465,0,-0.91015625,0.6241426611796979,0.91015625,-0.6241426611796979,-0.91015625,0.6241426611796979,0.91015625,-0.6241426611796979,2466,3175,3357,2220,1518,2807,3112,1454,2467,3176,3358,2221,1587,2807,3112,1490,0,0,0,-1,-351,0,18,-141,5000,4900,5000,4900,5000,4800,4800,4900,-22.39,63.440000000000005,-242.12,33.64857290877484,-22.522899796286765,43.49797959105861,0.8221320223752874,-0.5329085981897373,0.20026822953371684
,466,0,0.08984375,-0.48696844993141286,-0.08984375,0.48696844993141286,0.08984375,-0.48696844993141286,-0.08984375,0.48696844993141286,3118,2451,2705,2944,2170,2083,2460,2178,3118,2452,2705,2945,2171,2119,2461,2179,20,0,18,7,0,-140,-22,-2,5000,4900,4900,4900,5000,4900,5000,4900,-38.86,20.46,-208.58,3.004828487589748,22.668024223704684,59.691009389970446,0.09001791566368673,0.6176564631377086,0.7812792512308145
,467,0,-0.41015625,0.17969821673525366,0.41015625,-0.17969821673525366,-0.41015625,0.17969821673525366,0.41015625,-0.17969821673525366,2792,2885,3031,2510,1844,2517,2786,1744,2794,2885,3031,2510,1873,2517,2785,1751,-15,8,-1,0,-95,0,13,-26,4900,5000,4900,5000,5000,4900,5000,5000,-40.15,46.84,-227.05,19.646953491975125,-4.893704074768316,61.14021901578846,0.5715506557761991,-0.14901192918487968,0.8069233500416242
,468,0,0.58984375,0.8463648834019202,-0.58984375,-0.8463648834019202,0.58984375,0.8463648834019202,-0.58984375,-0.8463648834019202,3444,3320,2379,2075,2496,2952,2134,1309,3444,3321,2379,2076,2496,2953,2169,1368,20,0,10,0,0,-3,-134,-286,5000,5000,4900,4900,4800,4900,4900,4900,-25.67,77.94,-190.73,-18.617678397381866,-33.514820550619234,46.556925901824734,-0.43325382336277085,-0.8390748874608482,0.3290052549338776
,469,0,-0.66015625,-0.8573388203017833,0.66015625,0.8573388203017833,-0.66015625,-0.8573388203017833,0.66015625,0.8573388203017833,2629,2209,3194,3186,1681,1841,2949,2420,2629,2210,3195,3186,1725,1909,2949,2421,0,0,0,15,-172,-331,0,0,5000,4900,4900,4700,5000,5000,5000,4900,-25.95,13.26,-230.62,25.542398559362027,28.328370451837795,46.873516817801246,0.6750157562705218,0.6617981226427426,0.32615483079831536
,470,0,0.33984375,-0.19067215363511658,-0.33984375,0.19067215363511658,0.33984375,-0.19067215363511658,-0.33984375,0.19067215363511658,3281,2644,2542,2751,2333,2276,2297,1985,3280,2644,2543,2751,2333,2283,2321,1986,21,10,6,-4,0,-21,-82,0,4900,4900,4900,4900,5000,5000,5000,4900,-42.0,35.59,-193.46,-13.116267151405566,8.601166680615016,62.7933785267413,-0.36074035374524466,0.2051003688464532,0.9098352795307533
,471,0,-0.16015625,0.47599451303154994,0.16015625,-0.47599451303154994,-0.16015625,0.47599451303154994,0.16015625,-0.47599451303154994,2955,3078,2868,2317,2007,2710,2623,1551,2956,3078,2868,2318,2013,2712,2623,1583,-7,4,-4,-5,-13,-9,0,-115,4900,4900,4900,4900,5000,5000,5000,5000,-39.36,64.36,-213.65,5.099699747639278,-21.47233753294111,60.32730994494455,0.139007173542145,-0.6032150064753407,0.7853716710365728
,472,0,0.83984375,-0.635116598079561,-0.83984375,0.635116598079561,0.83984375,-0.635116598079561,-0.83984375,0.635116598079561,3606,2354,2217,3041,2658,1986,1972,2275,3605,2355,2218,3042,2658,2028,2029,2275,19,0,0,3,0,-163,-276,0,4800,4900,4900,5000,4900,4700,5000,4600,-25.400000000000002,23.400000000000002,-174.75,-30.881005912023937,21.97768053077217,46.06905091743104,-0.7716067917369237,0.5382988694467359,0.3389060136642862
,473,0,-0.78515625,0.03155006858710552,0.78515625,-0.03155006858710552,-0.78515625,0.03155006858710552,0.78515625,-0.03155006858710552,2547,2789,3276,2606,1599,2421,3031,1840,2547,2789,3278,2606,1659,2422,3031,1841,0,13,-26,0,-288,-1,22,0,5000,4800,4900,4800,5000,4900,4900,4900,-29.990000000000002,40.550000000000004,-241.86,34.89640690333209,0.3541541975684055,51.03873624303079,0.8850167127787207,-0.010826465914060251,0.465433352627591
,474,0,0.21484375,0.6982167352537718,-0.21484375,-0.6982167352537718,0.21484375,0.6982167352537718,-0.21484375,-0.6982167352537718,3199,3223,2624,2172,2251,2855,2379,1406,3198,3224,2623,2172,2251,2856,2387,1455,22,4,21,-2,0,0,-27,-219,5000,5000,5000,4900,5000,4900,5000,4900,-33.38,74.42,-206.92000000000002,-2.26456145025557,-31.07263028847109,54.339076815105734,-0.0435074702944299,-0.8146797081521376,0.5782768136054973
,475,0,-0.28515625,-0.4128943758573388,0.28515625,0.4128943758573388,-0.28515625,-0.4128943758573388,0.28515625,0.4128943758573388,2873,2499,2950,2896,1925,2131,2705,2130,2874,2500,2950,2897,1943,2160,2705,2132,-21,0,-1,9,-48,-98,0,-15,4900,4900,4900,4900,5000,5000,5000,4900,-39.410000000000004,24.92,-218.6,12.698401889246412,17.544039928123766,60.30249908353343,0.37905959217877244,0.4743842475381819,0.7945271620686707
,476,0,0.71484375,0.2537722908093276,-0.71484375,-0.2537722908093276,0.71484375,0.2537722908093276,-0.71484375,-0.2537722908093276,3525,2933,2298,2462,2577,2565,2053,1696,3524,2934,2298,2462,2578,2566,2104,1705,21,2,18,0,0,0,-244,-29,5000,4900,4900,4800,5000,4900,5000,4900,-33.43,50.83,-177.32,-30.205871451726438,-5.540124778053318,54.181096556238444,-0.7778329448813981,-0.16378173599174503,0.6067548539671204
,477,0,-0.53515625,0.9204389574759941,0.53515625,-0.9204389574759941,-0.53515625,0.9204389574759941,0.53515625,-0.9204389574759941,2710,3368,3113,2027,1762,3000,2868,1261,2710,3369,3114,2027,1792,3001,2867,1327,0,5,-2,-2,-100,0,18,-333,4800,4900,4900,5000,5000,5000,4900,4900,-23.76,79.28,-225.72,16.21106863715528,-37.21687686560708,44.82575316495533,0.37805436833088607,-0.8934269972794616,0.24261717811841055
,478,0,0.46484375,-0.7832647462277091,-0.46484375,0.7832647462277091,0.46484375,-0.7832647462277091,-0.46484375,0.7832647462277091,3362,2257,2461,3138,2414,1889,2216,2372,3361,2258,2461,3138,2415,1951,2238,2373,19,-15,2,16,0,-298,-81,-16,4900,4800,4800,4900,5000,5000,5000,4900,-38.230000000000004,30.45,-188.9,-17.300915145741413,14.026185164096887,58.98759403239839,-0.4749830417957356,0.38724607959574664,0.7902098353248931
,479,0,-0.03515625,-0.11659807956104251,0.03515625,0.11659807956104251,-0.03515625,-0.11659807956104251,0.03515625,0.11659807956104251,3036,2692,2787,2703,2088,2324,2542,1937,3037,2693,2787,2704,2092,2330,2544,1938,0,10,0,-1,-11,-19,-21,0,5000,4900,4900,4900,5000,5000,5000,5000,-44.34,36.15,-208.49,1.8302491171842803,7.035540446355334,65.21010480983114,0.07771952286684504,0.16496127204428168,0.98323316384817
,480,0,0.96484375,0.5500685871056239,-0.96484375,-0.5500685871056239,0.96484375,0.5500685871056239,-0.96484375,-0.5500685871056239,3688,3127,2135,2268,2740,2759,1890,1502,3688,3127,2136,2268,2740,2759,1960,1531,21,0,0,-12,0,0,-370,-99,4800,5000,4900,5000,4900,5000,4900,4900,-22.66,62.49,-171.47,-36.776926421764415,-16.809805480966006,43.41139212969373,-0.8621437230832303,-0.4363632027546656,0.2574788457910213
,481,0,-0.94140625,-0.561042524005487,0.94140625,0.561042524005487,-0.94140625,-0.561042524005487,0.94140625,0.561042524005487,2445,2402,3378,2993,1497,2034,3133,2227,2447,2403,3381,2993,1569,2066,3133,2228,-19,0,-26,16,-375,-113,21,0,5000,4800,4800,4800,4900,4800,4900,4900,-31.09,20.31,-228.20000000000002,22.62757379978106,21.47234060972876,52.0191121599404,0.6274923308143899,0.5593827536124971,0.5416126934720276
,482,0,0.05859375,0.10562414266117948,-0.05859375,-0.10562414266117948,0.05859375,0.10562414266117948,-0.05859375,-0.10562414266117948,3097,2837,2726,2558,2149,2469,2481,1792,3097,2837,2726,2558,2150,2469,2484,1799,20,13,0,0,0,0,-23,-23,5000,4900,4900,4900,5000,5000,5000,5000,-44.61,46.83,-208.31,0.9289779804734337,-3.607191922114822,65.5061758676021,0.018083281376768914,-0.12860448541472835,0.9915310793242242
,483,0,-0.44140625,0.772290809327846,0.44140625,-0.772290809327846,-0.44140625,0.772290809327846,0.44140625,-0.772290809327846,2771,3271,3052,2124,1823,2903,2807,1358,2773,3272,3052,2124,1846,2904,2806,1410,-19,0,0,0,-65,-6,18,-237,4900,4900,4900,4900,5000,4900,5000,4900,-29.19,74.9,-224.46,15.223154463536474,-32.746373284141725,50.23828707373303,0.3798278124937196,-0.8230502833892704,0.42227841984770864
,484,0,0.55859375,-0.3388203017832647,-0.55859375,0.3388203017832647,0.55859375,-0.3388203017832647,-0.55859375,0.3388203017832647,3423,2547,2400,2848,2475,2179,2155,2082,3423,2548,2399,2847,2476,2199,2193,2083,20,0,20,9,0,-57,-154,-17,4900,4900,4900,4900,5000,4800,5000,4900,-37.58,32.97,-183.21,-23.144726601177894,11.893796167514182,58.31544461406747,-0.5996401949584796,0.2723992108453828,0.7524827616105025
,485,0,-0.69140625,0.3278463648834018,0.69140625,-0.3278463648834018,-0.69140625,0.3278463648834018,0.69140625,-0.3278463648834018,2608,2982,3215,2413,1660,2614,2970,1647,2609,2982,3215,2414,1710,2615,2970,1661,0,1,0,0,-218,-5,0,-38,5000,4900,4900,4900,4900,4900,4900,4800,-32.18,52.71,-237.76,29.975005020519944,-11.495358135463007,53.238863734152545,0.7938153426970399,-0.2954598404652042,0.5315643746255548
,486,0,0.30859375,0.9945130315500683,-0.30859375,-0.9945130315500683,0.30859375,0.9945130315500683,-0.30859375,-0.9945130315500683,3260,3416,2563,1979,2312,3048,2318,1213,3260,3416,2563,1980,2312,3048,2330,1292,19,0,23,-10,0,0,-36,-434,5000,5000,5000,5000,4900,5000,5000,4900,-23.1,83.51,-206.22,-3.5264232500580306,-40.12407688688967,44.07869089282309,-0.08055963863913344,-0.9716951871072202,0.22207793221073815
,487,0,-0.19140625,-0.9945130315500685,0.19140625,0.9945130315500685,-0.19140625,-0.9945130315500685,0.19140625,0.9945130315500685,2934,2120,2889,3275,1986,1752,2644,2509,2936,2125,2889,3275,1989,1838,2644,2510,-9,-16,0,14,-4,-482,-8,0,5000,4900,4800,5000,5000,4700,4900,4900,-34.87,14.71,-211.41,6.235472015526,28.202656447819866,55.70073514636396,0.21040581758354218,0.7341557894360873,0.6455576417055857
,488,0,0.80859375,-0.3278463648834019,-0.80859375,0.3278463648834019,0.80859375,-0.3278463648834019,-0.80859375,0.3278463648834019,3586,2554,2237,2841,2638,2186,1992,2075,3585,2555,2238,2841,2638,2196,2052,2074,20,5,0,0,0,-24,-299,16,5000,4800,4900,4800,5000,4800,5000,4900,-29.61,34.78,-173.32,-33.09566731763982,10.732103961099853,50.300561578425814,-0.8248241512451789,0.2603407292353567,0.5018842737363586
,489,0,-0.81640625,0.3388203017832647,0.81640625,-0.3388203017832647,-0.81640625,0.3388203017832647,0.81640625,-0.3388203017832647,2527,2989,3296,2406,1579,2621,3051,1640,2527,2988,3296,2408,1642,2622,3051,1655,0,12,0,-7,-308,-2,24,-41,4900,5000,4800,4900,5000,4900,5000,5000,-29.240000000000002,51.57,-241.17000000000002,33.468297875436235,-10.596324952523403,50.31312547419758,0.8523655363662441,-0.2772005749747389,0.4434330092006675
,490,0,0.18359375,-0.7722908093278464,-0.18359375,0.7722908093278464,0.18359375,-0.7722908093278464,-0.18359375,0.7722908093278464,3179,2265,2644,3130,2231,1897,2399,2364,3178,2265,2644,3131,2231,1958,2405,2365,19,-1,24,1,0,-288,-26,-16,4900,4900,4900,5000,4900,5000,4800,4900,-30.240000000000002,9.02,-205.19,0.4358771498773706,34.28590934392902,51.02525296841462,0.041032735473763945,0.8667995525127501,0.49696564306120505
,491,0,-0.31640625,-0.1056241426611797,0.31640625,0.1056241426611797,-0.31640625,-0.1056241426611797,0.31640625,0.1056241426611797,2853,2699,2970,2696,1905,2331,2725,1930,2853,2700,2970,2697,1927,2333,2725,1931,-5,0,0,-9,-58,-16,0,0,4900,4900,4900,5000,5000,5000,5000,4900,-41.56,37.02,-223.20000000000002,16.461324966498324,5.167566506827747,62.50609059890975,0.48966439628216296,0.10709024022405988,0.8653094587847623
,492,0,0.68359375,0.5610425240054868,-0.68359375,-0.5610425240054868,0.68359375,0.5610425240054868,-0.68359375,-0.5610425240054868,3505,3134,2318,2261,2557,2766,2073,1495,3505,3134,2319,2261,2557,2766,2118,1527,0,0,7,-5,0,0,-197,-113,4900,4900,4900,4900,4800,4800,5000,4900,-30.900000000000002,65.5,-182.46,-26.054922955100437,-20.530530629512427,51.713960770170026,-0.6476864803250464,-0.565662257811195,0.5104198598135598
,493,0,-0.56640625,-0.5500685871056241,0.56640625,0.5500685871056241,-0.56640625,-0.5500685871056241,0.56640625,0.5500685871056241,2690,2409,3133,2986,1742,2041,2888,2220,2690,2410,3134,2986,1779,2074,2888,2221,0,-1,0,5,-140,-119,0,0,4900,4900,4800,5000,4900,4900,5000,5000,-32.1,20.12,-228.94,23.373815828771882,21.614890179122582,53.03232608327213,0.6421345697312151,0.544386478027181,0.539728225032997
,494,0,0.43359375,0.11659807956104262,-0.43359375,-0.11659807956104262,0.43359375,0.11659807956104262,-0.43359375,-0.11659807956104262,3342,2844,2481,2551,2394,2476,2236,1785,3341,2845,2482,2551,2395,2476,2265,1788,21,0,0,0,0,0,-111,-16,4900,5000,4900,4900,5000,5000,5000,4900,-40.75,45.65,-188.53,-18.70750144187528,-1.106994263077297,61.544094651698224,-0.5054810403168754,-0.0634140334473665,0.8605042581196823
,495,0,-0.06640625,0.7832647462277091,0.06640625,-0.7832647462277091,-0.06640625,0.7832647462277091,0.06640625,-0.7832647462277091,3016,3279,2807,2116,2068,2911,2562,1350,3017,3280,2807,2116,2069,2912,2562,1408,0,0,0,0,0,0,0,-275,5000,4900,4800,4800,5000,4900,5000,4800,-30.45,77.82000000000001,-208.19,-1.2126465822366583,-34.55889734449494,51.42407816595964,-0.037008940146971515,-0.8797179492759754,0.4740534443191726
,496,0,0.93359375,-0.9204389574759946,-0.93359375,0.9204389574759946,0.93359375,-0.9204389574759946,-0.93359375,0.9204389574759946,3668,2168,2155,3227,2720,1800,1910,2461,3668,2168,2156,3227,2720,1870,1969,2462,20,0,0,6,0,-339,-291,-4,5000,5000,5000,5000,4900,4900,4800,4700,-16.61,14.36,-175.23,-29.74987766386218,30.939568466624337,37.25876071157301,-0.7185243290938993,0.6929354136100934,0.05969339213992523
,497,0,-0.87890625,-0.25377229080932784,0.87890625,0.25377229080932784,-0.87890625,-0.25377229080932784,0.87890625,0.25377229080932784,2486,2603,3337,2792,1538,2235,3092,2026,2487,2604,3339,2793,1609,2242,3092,2027,0,0,-26,0,-365,-21,21,0,4900,4900,4900,4900,4800,4900,4900,5000,-34.64,33.910000000000004,-234.51,27.98864169014135,7.4879709885341015,55.63504321193181,0.7636251472450503,0.1758648891560331,0.621247273842801
,498,0,0.12109375,0.4128943758573389,-0.12109375,-0.4128943758573389,0.12109375,0.4128943758573389,-0.12109375,-0.4128943758573389,3138,3037,2685,2358,2190,2669,2440,1592,3137,3038,2686,2358,2190,2670,2444,1618,20,1,8,-1,-2,0,-25,-89,5000,4900,4900,4900,5000,5000,5000,5000,-40.75,62.050000000000004,-208.77,0.3799672222910715,-18.834535585615328,61.68698850102117,0.008312195714131472,-0.539451553554924,0.8419756105550732
,499,0,-0.37890625,-0.6982167352537723,0.37890625,0.6982167352537723,-0.37890625,-0.6982167352537723,0.37890625,0.6982167352537723,2812,2313,3011,3082,1864,1945,2766,2316,2814,2314,3011,3083,1885,1997,2766,2317,-7,0,0,0,-55,-225,-7,-7,4900,4800,4900,4800,5000,5000,5000,4900,-31.470000000000002,12.97,-219.44,14.380882294618374,29.387443212129817,52.3366495784314,0.41372891229574255,0.7429636931743437,0.5261495393472481
,500,0,0.62109375,-0.03155006858710563,-0.62109375,0.03155006858710563,0.62109375,-0.03155006858710563,-0.62109375,0.03155006858710563,3464,2747,2359,2648,2516,2379,2114,1882,3464,2747,2360,2649,2516,2380,2159,1882,0,4,0,0,0,0,-196,0,4900,5000,4900,5000,5000,4800,5000,4900,-36.33,41.33,-179.73,-27.174613099424505,3.7839731797463116,57.06913569637427,-0.7142004192748465,0.06458776891831279,0.6969549348514485
,501,0,-0.62890625,0.6351165980795608,0.62890625,-0.6351165980795608,-0.62890625,0.6351165980795608,0.62890625,-0.6351165980795608,2649,3182,3174,2213,1701,2814,2929,1447,2649,3183,3175,2214,1744,2814,2928,1489,0,0,0,0,-171,0,19,-172,4900,5000,4900,4900,5000,5000,5000,4900,-30.09,67.1,-232.17000000000002,23.437276307818166,-25.481535983463104,51.15722195823966,0.6135290327290572,-0.6486001714380136,0.45044416258747016
,502,0,0.37109375,-0.47599451303155005,-0.37109375,0.47599451303155005,0.37109375,-0.47599451303155005,-0.37109375,0.47599451303155005,3301,2458,2522,2937,2353,2090,2277,2171,3301,2459,2523,2937,2353,2121,2297,2172,17,0,0,10,0,-115,-73,-2,5000,4900,4900,4900,5000,4900,5000,4900,-37.92,23.25,-193.69,-12.034733743639208,20.885850946066157,58.68342500071906,-0.31473634135708756,0.5647628898992828,0.7628787017749054
,503,0,-0.12890625,0.19067215363511658,0.12890625,-0.19067215363511658,-0.12890625,0.19067215363511658,0.12890625,-0.19067215363511658,2975,2892,2848,2503,2027,2524,2603,1737,2976,2892,2848,2504,2034,2524,2603,1747,0,6,0,-7,-18,0,0,-32,5000,4900,4900,4900,5000,5000,5000,5000,-43.77,50.35,-213.67000000000002,6.043338501501893,-7.483032417445116,64.70195144885845,0.1881903488168434,-0.23887099437403372,0.9526410870096645
,504,0,0.87109375,0.8573388203017831,-0.87109375,-0.8573388203017831,0.87109375,0.8573388203017831,-0.87109375,-0.8573388203017831,3627,3327,2196,2068,2679,2959,1951,1302,3626,3327,2197,2069,2679,2960,2010,1361,20,7,0,0,0,0,-284,-281,4700,4800,4900,4900,5000,4700,4900,4800,-19.75,75.11,-179.25,-29.85191032911058,-29.934008899826495,40.57231891174814,-0.6728686930697658,-0.727734326998516,0.1328550759083084
,505,0,-0.75390625,-0.8463648834019204,0.75390625,0.8463648834019204,-0.75390625,-0.8463648834019204,0.75390625,0.8463648834019204,2568,2216,3255,3179,1620,1848,3010,2413,2569,2218,3255,3179,1670,1911,3011,2415,0,-16,0,15,-209,-292,0,-9,4900,4900,4900,4800,5000,4800,4900,4700,-36.550000000000004,25.96,-226.49,20.51400936866824,15.966151649166072,57.484725439903805,0.591278464225089,0.4141138857286252,0.6920256262526411
,506,0,0.24609375,-0.17969821673525377,-0.24609375,0.17969821673525377,0.24609375,-0.17969821673525377,-0.24609375,0.17969821673525377,3219,2651,2604,2744,2271,2283,2359,1978,3219,2651,2605,2745,2271,2290,2376,1978,20,6,13,-4,-1,-20,-52,15,5000,4900,4900,4900,5000,5000,5000,4900,-43.08,34.85,-198.19,-8.352398769037052,9.023584686877946,63.89520476687829,-0.23136654139533977,0.220456133280903,0.9475592946204424
,507,0,-0.25390625,0.48696844993141286,0.25390625,-0.48696844993141286,-0.25390625,0.48696844993141286,0.25390625,-0.48696844993141286,2893,3085,2930,2310,1945,2717,2685,1544,2894,3084,2930,2310,1958,2718,2685,1577,-3,12,0,-2,-29,0,0,-118,5000,4900,4900,4900,5000,5000,5000,5000,-38.51,64.06,-218.07,9.533923898180916,-21.4735269432516,59.49872393971857,0.26222147351531105,-0.5960707964209451,0.7589067824717075
,508,0,0.74609375,-0.6241426611796983,-0.74609375,0.6241426611796983,0.74609375,-0.6241426611796983,-0.74609375,0.6241426611796983,3545,2361,2278,3034,2597,1993,2033,2268,3544,2362,2279,3034,2598,2035,2082,2268,20,0,0,11,0,-166,-234,0,5000,4800,5000,5000,5000,5000,4900,4700,-28.18,22.38,-178.39000000000001,-27.193969486761944,22.75782651902402,48.864678688756456,-0.6933326523414584,0.5799221840764159,0.4277617252784516
,509,0,-0.50390625,0.04252400548696844,0.50390625,-0.04252400548696844,-0.50390625,0.04252400548696844,0.50390625,-0.04252400548696844,2731,2796,3092,2599,1783,2428,2847,1833,2731,2797,3093,2599,1820,2429,2847,1834,0,1,0,0,-138,0,0,0,4900,4900,4900,4900,5000,4900,5000,5000,-38.32,40.88,-230.9,23.898990971932903,0.7878366090033495,59.31449375505467,0.6741963328921527,0.0030876947542548766,0.7385457134503445
,510,0,0.49609375,0.709190672153635,-0.49609375,-0.709190672153635,0.49609375,0.709190672153635,-0.49609375,-0.709190672153635,3382,3230,2441,2165,2434,2862,2196,1399,3381,3231,2441,2165,2435,2863,2223,1445,21,3,13,0,-1,0,-99,-202,5000,4900,4900,4900,5000,4900,5000,5000,-31.080000000000002,73.39,-192.88,-16.19183514914269,-29.104725154290037,51.966125762270686,-0.39290070601166804,-0.7665106271829605,0.5080260757393434
,511,0,-0.00390625,-0.401920438957476,0.00390625,0.401920438957476,-0.00390625,-0.401920438957476,0.00390625,0.401920438957476,3056,2506,2767,2889,2108,2138,2522,2123,3057,2507,2767,2889,2109,2168,2523,2125,0,0,0,17,0,-105,0,-13,5000,4900,4900,4900,5000,5000,4900,5000,-40.77,24.060000000000002,-206.32,0.497949592486691,19.234103645362623,61.59874303671623,0.04336652159639968,0.528204389290914,0.8480091201976788
,512,0,0.99609375,0.26474622770919076,-0.99609375,-0.26474622770919076,0.99609375,0.26474622770919076,-0.99609375,-0.26474622770919076,3708,2941,2115,2454,2760,2573,1870,1688,3708,2942,2115,2454,2760,2574,1949,1697,20,1,24,-3,0,-1,-448,-28,4900,4900,4700,5000,4900,5000,5000,4600,-23.68,49.64,-167.76,-39.616614065207784,-3.736001256819918,44.3803179247756,-0.9548325846775713,-0.10254322444768305,0.27888998253400993
,513,0,-0.998046875,0.9314128943758573,0.998046875,-0.9314128943758573,-0.998046875,0.9314128943758573,0.998046875,-0.9314128943758573,2408,3375,3415,2020,1460,3007,3170,1254,2415,3376,3417,2020,1539,3008,3168,1314,-25,1,-26,0,-419,-5,19,-284,5000,4800,4900,4600,4900,4800,4700,4900,-23.93,79.43,-224.98000000000002,15.461823566403922,-37.31614478821517,44.992419608776004,0.35086639964765337,-0.9016377246905528,0.2528679161402978
,514,0,0.001953125,-0.9698216735253772,-0.001953125,0.9698216735253772,0.001953125,-0.9698216735253772,-0.001953125,0.9698216735253772,3060,2136,2763,3259,2112,1768,2518,2493,3060,2137,2763,3259,2113,1851,2518,2494,21,-13,0,15,0,-458,23,-1,4900,4800,4800,4800,5000,5000,4700,4800,-35.06,14.5,-207.9,2.7467536141745086,28.649427710788313,55.87260531438919,0.10966166699353244,0.7461147181246444,0.6567245588448647
,515,0,-0.498046875,-0.30315500685871055,0.498046875,0.30315500685871055,-0.498046875,-0.30315500685871055,0.498046875,0.30315500685871055,2734,2570,3089,2825,1786,2202,2844,2059,2734,2571,3090,2825,1819,2212,2844,2058,-17,2,0,0,-119,-25,0,10,5000,4900,4900,5000,5000,5000,5000,4900,-36.730000000000004,29.88,-229.42000000000002,23.17202392253489,11.858013084963446,57.68931324194565,0.6552804600766622,0.3048850256270449,0.6911241855051191
,516,0,0.501953125,0.36351165980795597,-0.501953125,-0.36351165980795597,0.501953125,0.36351165980795597,-0.501953125,-0.36351165980795597,3386,3005,2437,2390,2438,2637,2192,1624,3386,3005,2437,2392,2439,2638,2224,1642,7,1,9,-11,0,-1,-128,-54,5000,4900,4900,5000,5000,5000,5000,5000,-37.62,57.730000000000004,-188.27,-19.766594245076817,-13.150857170342945,58.443354626285306,-0.5119226781375303,-0.3965018602896912,0.7620508161502828
,517,0,-0.748046875,-0.747599451303155,0.748046875,0.747599451303155,-0.748046875,-0.747599451303155,0.748046875,0.747599451303155,2571,2281,3252,3114,1623,1913,3007,2348,2572,2281,3252,3115,1674,1962,3007,2348,0,0,0,1,-220,-214,0,0,5000,4800,4900,5000,4900,5000,5000,4900,-24.12,14.030000000000001,-233.21,28.083373836028642,27.380231505132848,45.05847489511456,0.7080921207238656,0.63701774121881,0.3046538132721534
,518,0,0.251953125,-0.08093278463648834,-0.251953125,0.08093278463648834,0.251953125,-0.08093278463648834,-0.251953125,0.08093278463648834,3223,2715,2600,2680,2275,2347,2355,1914,3223,2715,2601,2681,2275,2349,2373,1914,20,8,0,0,-3,-16,-57,0,5000,4900,4900,4900,5000,5000,5000,4900,-43.62,39.53,-197.32,-9.538687767041978,4.4144725087426195,64.4426564474649,-0.26630623866167286,0.0865375787484929,0.9599959555718036
,519,0,-0.248046875,0.5857338820301783,0.248046875,-0.5857338820301783,-0.248046875,0.5857338820301783,0.248046875,-0.5857338820301783,2897,3150,2926,2245,1949,2782,2681,1479,2898,3151,2926,2245,1961,2782,2681,1519,0,0,0,0,-26,0,0,-159,5000,4900,4900,4800,5000,5000,5000,5000,-36.22,68.79,-217.24,8.397843727292553,-26.14331178242648,57.21654704010568,0.22268451560110053,-0.7052356305444858,0.6730930930577321
,520,0,0.751953125,-0.5253772290809329,-0.751953125,0.5253772290809329,0.751953125,-0.5253772290809329,-0.751953125,0.5253772290809329,3549,2426,2274,2969,2601,2058,2029,2203,3548,2427,2275,2970,2602,2088,2081,2204,19,0,8,7,0,-105,-241,0,5000,4900,4900,4800,5000,5000,5000,5000,-30.66,27.91,-176.34,-29.62426380731594,17.385774846881176,51.34833131086571,-0.7345435633294933,0.4303935443907586,0.5246018971734379
,521,0,-0.873046875,0.1412894375857341,0.873046875,-0.1412894375857341,-0.873046875,0.1412894375857341,0.873046875,-0.1412894375857341,2490,2860,3333,2535,1542,2492,3088,1769,2491,2861,3335,2535,1614,2492,3088,1770,0,3,-25,0,-370,-9,22,-16,4900,4900,4900,5000,5000,4800,4800,5000,-35.85,43.67,-234.98000000000002,27.793396171231166,-2.2780073375526513,56.872034126105866,0.7486088504839936,-0.08708172838355874,0.6572682569231275
,522,0,0.126953125,0.8079561042524006,-0.126953125,-0.8079561042524006,0.126953125,0.8079561042524006,-0.126953125,-0.8079561042524006,3142,3295,2681,2100,2194,2927,2436,1334,3141,3295,2681,2101,2194,2928,2437,1394,20,8,20,0,0,0,-18,-289,5000,5000,4900,4800,5000,4900,4900,4800,-29.6,78.5,-212.26,2.806276596643073,-35.514248472389355,50.596213017101405,0.07995999150065797,-0.8966968583374595,0.43536323226352674
,523,0,-0.373046875,-0.8957475994513031,0.373046875,0.8957475994513031,-0.373046875,-0.8957475994513031,0.373046875,0.8957475994513031,2816,2184,3007,3211,1868,1816,2762,2445,2817,2186,3007,3211,1885,1888,2762,2446,-10,-13,0,14,-38,-365,0,0,4800,5000,5000,4900,5000,5000,4700,4900,-32.04,13.63,-219.97,14.862397359154471,28.694835593068344,52.910964760751,0.4211892396939635,0.7301170212000606,0.5380787672078986
,524,0,0.626953125,-0.22908093278463648,-0.626953125,0.22908093278463648,0.626953125,-0.22908093278463648,-0.626953125,0.22908093278463648,3468,2619,2355,2776,2520,2251,2110,2010,3467,2620,2356,2777,2520,2258,2154,2011,18,2,2,-1,0,-20,-191,0,5000,4900,4900,5000,5000,5000,5000,4900,-35.81,37.35,-179.97,-26.664194414568442,7.737224851346475,56.54029357707941,-0.7026661346200758,0.1804613689059047,0.6882543117123842
,525,0,-0.623046875,0.43758573388203037,0.623046875,-0.43758573388203037,-0.623046875,0.43758573388203037,0.623046875,-0.43758573388203037,2653,3053,3170,2342,1705,2685,2925,1576,2653,3054,3171,2342,1749,2686,2925,1599,0,0,0,0,-179,0,0,-77,5000,4900,4900,4900,5000,4900,5000,5000,-33.35,58.38,-233.9,25.735740021292116,-16.88877234195597,54.403816721839895,0.6923432520415203,-0.4463181313955906,0.5669752613122728
,526,0,0.376953125,-0.673525377229081,-0.376953125,0.673525377229081,0.376953125,-0.673525377229081,-0.376953125,0.673525377229081,3305,2329,2518,3066,2357,1961,2273,2300,3304,2330,2519,3066,2357,2009,2293,2300,20,-3,6,16,0,-204,-71,-12,5000,4900,4900,4900,5000,5000,4900,4900,-33.09,14.84,-195.73000000000002,-9.40880324494043,29.12529164529766,53.84248439172054,-0.23493751145246547,0.7718643996063707,0.5907873681222537
,527,0,-0.123046875,-0.006858710562414272,0.123046875,0.006858710562414272,-0.123046875,-0.006858710562414272,0.123046875,0.006858710562414272,2979,2764,2844,2631,2031,2396,2599,1865,2980,2765,2844,2632,2039,2398,2599,1865,0,0,0,-1,-18,-9,0,0,5000,4900,4900,4900,5000,5000,5000,5000,-44.29,39.96,-214.13,7.200591008213223,2.8537368225229827,65.19800418331309,0.22462671008347207,0.04810683137150274,0.9732566844838362
,528,0,0.876953125,0.6598079561042522,-0.876953125,-0.6598079561042522,0.876953125,0.6598079561042522,-0.876953125,-0.6598079561042522,3631,3198,2192,2197,2683,2830,1947,1431,3630,3199,2193,2198,2683,2831,2009,1471,20,1,0,0,0,0,-313,-159,4800,4900,4900,5000,5000,4900,5000,4900,-23.72,68.11,-175.73,-32.91087508136616,-22.701244060688765,44.506927841005385,-0.7687175839199782,-0.5739810735295626,0.2821683954699424
,529,0,-0.935546875,-0.4513031550068587,0.935546875,0.4513031550068587,-0.935546875,-0.4513031550068587,0.935546875,0.4513031550068587,2449,2474,3374,2921,1501,2106,3129,2155,2451,2475,3377,2921,1572,2129,3129,2157,-16,-1,-25,16,-371,-74,22,-11,4900,4800,4900,5000,4900,4900,5000,4900,-29.48,26.71,-236.5,30.484665079428083,14.522599876178568,50.466913603141826,0.7992690376758722,0.37665063597850085,0.4682983064561263
,530,0,0.064453125,0.21536351165980805,-0.064453125,-0.21536351165980805,0.064453125,0.21536351165980805,-0.064453125,-0.21536351165980805,3101,2908,2722,2487,2153,2540,2477,1721,3101,2909,2722,2488,2154,2540,2480,1733,20,2,7,-13,0,0,-22,-36,5000,4900,4900,4900,5000,5000,5000,4900,-43.800000000000004,52.49,-209.73000000000002,1.9678671592410524,-9.352360724234998,64.7176045585978,0.04511334076745026,-0.27934874221056616,0.9591293274163678
,531,0,-0.435546875,0.8820301783264746,0.435546875,-0.8820301783264746,-0.435546875,0.8820301783264746,0.435546875,-0.8820301783264746,2775,3343,3048,2052,1827,2975,2803,1286,2776,3344,3048,2053,1848,2976,2802,1349,0,2,-9,0,-60,0,18,-311,4800,5000,4800,4800,4800,5000,4800,4900,-25.69,78.99,-222.81,13.317966166189507,-36.72577724872987,46.74040176425358,0.32796378207293175,-0.894020449794458,0.3052330142657155
,532,0,0.564453125,-0.8216735253772292,-0.564453125,0.8216735253772292,0.564453125,-0.8216735253772292,-0.564453125,0.8216735253772292,3427,2232,2396,3163,2479,1864,2151,2397,3428,2234,2396,3163,2480,1929,2181,2399,3,-14,26,16,0,-317,-110,-9,5000,4800,4900,5000,4800,4900,5000,5000,-36.93,31.970000000000002,-184.19,-22.096378322577124,12.82356844437075,57.66784180374023,-0.5905632547620087,0.3279174614412856,0.7373636691665824
,533,0,-0.685546875,-0.1550068587105624,0.685546875,0.1550068587105624,-0.685546875,-0.1550068587105624,0.685546875,0.1550068587105624,2612,2667,3211,2728,1664,2299,2966,1962,2613,2668,3211,2730,1715,2301,2966,1963,0,0,0,-9,-229,-16,0,3,5000,4900,4800,4900,4900,4900,5000,4900,-33.03,38.9,-238.13,31.271552240237213,2.2606240496543393,54.05582115640776,0.8347532443274206,0.04842466436598716,0.548490722771031
,534,0,0.314453125,0.5116598079561043,-0.314453125,-0.5116598079561043,0.314453125,0.5116598079561043,-0.314453125,-0.5116598079561043,3264,3102,2559,2293,2316,2734,2314,1527,3263,3102,2558,2293,2316,2735,2331,1558,20,0,21,0,0,0,-54,-116,5000,4900,4900,4900,5000,5000,5000,4800,-38.050000000000004,65.93,-199.82,-8.798210874212884,-22.10983496192462,58.951963670347176,-0.22634632896048343,-0.6248793747749682,0.7471901406917498
,535,0,-0.185546875,-0.5994513031550068,0.185546875,0.5994513031550068,-0.185546875,-0.5994513031550068,0.185546875,0.5994513031550068,2938,2377,2885,3018,1990,2009,2640,2252,2940,2378,2885,3019,1996,2055,2640,2252,-18,0,0,0,-13,-192,-13,-2,4900,5000,4900,4900,4900,5000,5000,5000,-35.76,15.98,-211.83,6.564547600523639,26.90977285682478,56.596034693718984,0.2046373190685893,0.7104318120528755,0.6733574148011503
