DATE: 2026-5-13
TIME: 23-46-01
NUM_CABLES: 4
num_coils: 1
NUM_MEASUREMENTS: 748
---
,0,0,0.0,0.0,-0.0,-0.0,2125,2416,2494,1843,2127,2418,2495,1845,-15,-10,-22,-12,5000,5000,5000,5000,-49.31,43.550000000000004,-206.24,-0.9377513658478449,-0.1816415467559338,70.18743917716517,0.002964329419042409,-0.04913051461342808,0.9987879681318326
,1,0,0.0,0.0,-0.0,-0.0,2125,2416,2494,1843,2127,2418,2497,1845,-15,-15,-21,-11,5000,5000,5000,4900,-49.28,43.45,-206.31,-0.8610215426551804,-0.08667601446664008,70.15753797468378,0.0044710928323454255,-0.047167018930125024,0.9988770102741027
,2,0,0.0,-0.23333333333333334,-0.0,0.23333333333333334,2125,2264,2494,1995,2126,2287,2495,1996,0,-71,-21,0,5000,4900,5000,4900,-47.74,29.97,-206.32,0.06563799064139175,13.357504933405103,68.58356187885731,0.029398169653114828,0.31131043203902187,0.9498534426556152
,3,0,-0.35,0.23333333333333328,0.35,-0.23333333333333328,1897,2568,2722,1691,1923,2569,2721,1709,-87,0,22,-51,5000,5000,5000,5000,-44.730000000000004,53.4,-224.79,16.927519156767687,-11.273242174129493,65.72538755525288,0.48425645844072635,-0.31595401007044216,0.815885252948509
,4,0,0.34999999999999987,-0.5444444444444444,-0.34999999999999987,0.5444444444444444,2353,2061,2266,2198,2353,2099,2290,2199,0,-153,-91,0,4900,4900,5100,4800,-38.96,17.400000000000002,-190.28,-15.047363071472319,26.955445317688298,59.691536451429094,-0.3529029715153848,0.6572547795300672,0.6659396725533733
,5,0,-0.5249999999999999,-0.07777777777777783,0.5249999999999999,0.07777777777777783,1783,2365,2836,1894,1823,2367,2835,1894,-169,-15,21,0,5000,5000,5000,5000,-41.63,38.54,-233.04,26.17593599137703,2.9876439917373077,62.62925903442179,0.732378882127487,0.04273846857413171,0.679554704433448
,6,0,0.17500000000000004,0.3888888888888886,-0.17500000000000004,-0.3888888888888886,2239,2670,2380,1589,2239,2671,2395,1615,0,0,-51,-88,5000,5000,5000,4900,-44.24,63.97,-200.92000000000002,-7.598431141667902,-20.21079341082833,65.14242970939335,-0.17192184752108985,-0.5597398883274202,0.8106381040637934
,7,0,-0.17500000000000004,-0.3888888888888889,0.17500000000000004,0.3888888888888889,2011,2162,2608,2097,2018,2192,2607,2097,-23,-106,23,-2,5000,5000,5000,5000,-44.27,22.13,-214.17000000000002,8.443250761391425,20.640318641510063,65.1331664295784,0.25242998831403407,0.5030563759652382,0.826567228724015
,8,0,0.5249999999999999,0.07777777777777783,-0.5249999999999999,-0.07777777777777783,2467,2467,2152,1792,2468,2467,2198,1798,0,0,-211,-16,5100,4900,4800,4800,-41.410000000000004,46.04,-179.49,-27.756302479955764,-0.8845794893354793,62.15974994620567,-0.7129983713277539,-0.06376132125219165,0.6982605648295945
,9,0,-0.6124999999999999,0.5444444444444443,0.6124999999999999,-0.5444444444444443,1726,2771,2893,1488,1766,2771,2891,1522,-161,0,21,-124,5000,5000,5100,4900,-33.87,66.86,-234.39000000000001,25.650119928907543,-25.380990895526665,54.947685491093644,0.6518255254155432,-0.6187815989704997,0.43844363057554275
,10,0,0.08750000000000002,-0.6481481481481481,-0.08750000000000002,0.6481481481481481,2182,1993,2437,2266,2182,2044,2442,2266,0,-226,-26,0,5000,4800,5000,5000,-37.72,10.68,-203.8,-1.0990490506043216,32.74481446424034,58.50235990431383,0.0038578348590542597,0.8213795968708382,0.5703688937472834
,11,0,-0.26249999999999996,-0.18148148148148147,0.26249999999999996,0.18148148148148147,1954,2298,2665,1961,1974,2302,2664,1962,-62,-17,22,0,5000,5000,5000,5000,-46.21,31.43,-220.5,14.122091584373095,10.940191616712553,67.12836130979184,0.43335860856696795,0.2909513515744692,0.852964024679758
,12,0,0.4375,0.2851851851851852,-0.4375,-0.2851851851851852,2410,2602,2209,1657,2411,2603,2240,1675,0,0,-124,-55,4900,4900,5000,5000,-42.31,57.01,-185.55,-22.45446238959633,-12.235662336459484,63.11782606739073,-0.5803488469449055,-0.3439289886441847,0.7381788852438862
,13,0,-0.4375,-0.4925925925925926,0.4375,0.4925925925925926,1840,2095,2779,2164,1868,2129,2778,2165,-99,-133,21,0,5000,4900,4900,5000,-38.83,18.6,-225.21,19.7223645285502,23.40220388203258,59.73968123485756,0.5372118648639125,0.5582886868233763,0.6322318834213189
,14,0,0.26249999999999996,-0.025925925925925908,-0.26249999999999996,0.025925925925925908,2296,2399,2323,1860,2296,2400,2346,1861,0,0,-81,-10,5000,5000,5000,4900,-47.11,41.56,-191.82,-15.179885200345979,2.769986436670713,67.91015656675056,-0.4072539425719275,0.03682366145875871,0.9125723227319523
,15,0,-0.08750000000000002,0.44074074074074043,0.08750000000000002,-0.44074074074074043,2068,2703,2551,1556,2072,2704,2551,1591,-15,0,19,-128,4900,5000,5100,4900,-43.54,66.26,-211.05,2.357298824851597,-23.180717785594084,64.4990091300535,0.07685955664373247,-0.6359451537719811,0.7678973694097799
,16,0,0.6125,-0.337037037037037,-0.6125,0.337037037037037,2524,2196,2095,2063,2524,2218,2141,2063,1,-63,-205,0,5100,4900,4800,4700,-37.21,32.09,-175.96,-30.31698578525581,13.259656554713011,57.906881768117245,-0.7538869685491298,0.30590609980491545,0.5814429436788682
,17,0,-0.65625,0.12962962962962954,0.65625,-0.12962962962962954,1697,2501,2922,1758,1747,2501,2921,1763,-235,0,21,-17,5000,5000,5000,4900,-37.57,45.65,-238.64000000000001,31.303154566292847,-4.495398108402732,58.61535686663415,0.8332029646291134,-0.1337425388297027,0.5365498607218554
,18,0,0.043749999999999956,0.5962962962962961,-0.043749999999999956,-0.5962962962962961,2154,2805,2465,1454,2155,2805,2469,1499,0,0,-23,-189,5000,4800,4900,4900,-39.12,73.85000000000001,-210.03,0.849034137752966,-30.697255158944998,60.09313764433469,0.04095085563593594,-0.8101898164539463,0.5847354006189514
,19,0,-0.30624999999999997,-0.5962962962962963,0.30624999999999997,0.5962962962962963,1925,2027,2694,2232,1942,2072,2693,2233,-50,-191,22,0,5000,4800,5000,4900,-38.08,13.21,-218.1,12.995825671045424,29.257251174333586,58.940433961858155,0.38180610226283096,0.7087040455717849,0.5932644233940301
,20,0,0.39375000000000004,-0.12962962962962965,-0.39375000000000004,0.12962962962962965,2382,2331,2237,1928,2383,2334,2269,1929,0,-14,-131,0,5000,5000,4900,4900,-44.39,37.410000000000004,-185.17000000000002,-21.52159860771502,7.351209276172625,65.14637865352717,-0.5793521268526509,0.16873856973711818,0.7974198443695647
,21,0,-0.48124999999999996,0.337037037037037,0.48124999999999996,-0.337037037037037,1811,2636,2808,1623,1844,2637,2807,1644,-127,0,22,-61,5000,5000,5000,4900,-40.83,57.52,-230.57,22.435231713883297,-15.78478482247425,61.86483250184961,0.6061252099212727,-0.4110756471196551,0.6809031078230224
,22,0,0.21875,-0.4407407407407407,-0.21875,0.4407407407407407,2268,2129,2351,2130,2268,2159,2369,2131,0,-107,-57,-1,5000,5000,5000,5000,-42.94,20.82,-196.75,-8.842085858278324,23.118297990658213,63.71254815224286,-0.2042610802575959,0.5645009755611876,0.7997600013019327
,23,0,-0.13124999999999998,0.025925925925925908,0.13124999999999998,-0.025925925925925908,2039,2433,2580,1826,2051,2433,2579,1832,-33,-2,22,-12,5000,5000,5000,5000,-48.61,43.59,-214.75,7.553452153570873,-0.7974478891636565,69.53021369039406,0.22153081193994775,-0.051061363762306876,0.973815607028333
,24,0,0.5687499999999999,0.49259259259259247,-0.5687499999999999,-0.49259259259259247,2496,2737,2123,1522,2496,2738,2165,1552,0,0,-179,-107,5000,5000,5000,4900,-35.68,67.05,-181.84,-26.801147284084237,-22.021521164892846,56.49469256292296,-0.6381450034595977,-0.5573306938344889,0.5311811859144835
,25,0,-0.56875,-0.2851851851851852,0.56875,0.2851851851851852,1754,2230,2865,2029,1791,2248,2864,2031,-152,-53,22,-11,5000,5000,5100,5000,-39.13,30.3,-233.94,27.641752152409964,11.141011619567898,60.11299606972619,0.7453355456970602,0.24592047830164593,0.6196757560792224
,26,0,0.13124999999999998,0.18148148148148147,-0.13124999999999998,-0.18148148148148147,2211,2534,2408,1725,2211,2534,2421,1737,0,0,-41,-31,5000,5000,5000,4900,-47.71,53.2,-200.81,-6.998495106595897,-9.448019012954106,68.58461854998377,-0.16180790619950586,-0.27429626220119063,0.9479344713817445
,27,0,-0.21875,0.6481481481481481,0.21875,-0.6481481481481481,1982,2839,2637,1420,1993,2840,2636,1470,-28,0,18,-215,4900,4900,4900,4900,-37.12,75.17,-216.16,6.885629109392966,-32.43335592733868,58.12723447521532,0.18689562870984874,-0.829230108805346,0.5267328076167509
,28,0,0.48124999999999996,-0.682716049382716,-0.48124999999999996,0.682716049382716,2439,1971,2180,2288,2440,2022,2211,2288,0,-223,-128,0,4900,4700,4900,4800,-33.3,13.92,-184.77,-20.282673966164282,30.782913348224245,53.99521234625875,-0.4874372302897198,0.7397727560165605,0.46383317688922265
,29,0,-0.39375,-0.2160493827160494,0.39375,0.2160493827160494,1868,2275,2751,1984,1896,2280,2750,1985,-100,-17,22,0,5000,5000,4900,5000,-43.87,30.82,-225.9,19.562181096058964,11.177947085395296,64.81392867047029,0.5543883118796382,0.2639925861157526,0.7892791104084551
,30,0,0.3062499999999999,0.2506172839506171,-0.3062499999999999,-0.2506172839506171,2325,2579,2294,1680,2325,2580,2318,1697,0,0,-84,-45,5000,5000,5000,5000,-45.07,55.89,-191.82,-16.136604609868527,-11.533163311076166,65.90638630422765,-0.39928652650535634,-0.32500201540291546,0.8572887260050316
,31,0,-0.043749999999999956,-0.5271604938271605,0.043749999999999956,0.5271604938271605,2096,2072,2523,2187,2098,2112,2523,2188,-13,-166,22,0,4900,4800,4900,5000,-41.4,15.39,-206.39000000000001,1.1495473555440583,27.88141076539774,62.20718360650813,0.06392231494131392,0.7200091314876758,0.691014318395
,32,0,0.65625,-0.060493827160493896,-0.65625,0.060493827160493896,2553,2377,2066,1882,2553,2378,2121,1882,0,0,-265,0,5100,5000,5000,5000,-36.7,42.410000000000004,-172.98,-33.98379643359604,3.162699816797037,57.40801875899344,-0.8482699231679337,0.07308932632688332,0.5244960322307016
,33,0,-0.678125,0.4061728395061728,0.678125,-0.4061728395061728,1683,2681,2936,1578,1734,2682,2935,1601,-237,0,20,-71,5100,5000,5000,4800,-34.97,59.38,-237.89000000000001,29.641328313632812,-18.15093847337694,56.04631991739999,0.7627120044083384,-0.449379039734644,0.46511168226414706
,34,0,0.021874999999999978,-0.37160493827160496,-0.021874999999999978,0.37160493827160496,2139,2174,2480,2085,2140,2203,2484,2085,0,-101,-24,0,5000,5000,5000,4800,-45.18,22.84,-206.73000000000002,0.9679948886091552,20.436277131607618,66.00764724621803,0.055053830828825326,0.5080179060179951,0.8595852970334951
,35,0,-0.328125,0.09506172839506188,0.328125,-0.09506172839506188,1911,2478,2708,1781,1936,2478,2707,1789,-79,0,22,-22,5000,4900,5000,5000,-46.02,45.78,-224.41,17.056134532394537,-3.641306814522842,66.9942140808024,0.4970696756626212,-0.11979286076693463,0.8594017733551232
,36,0,0.37187499999999996,0.5617283950617284,-0.37187499999999996,-0.5617283950617284,2367,2782,2252,1477,2367,2782,2278,1515,0,0,-96,-143,5100,4900,4900,5000,-38.12,71.51,-192.71,-16.268651042560435,-27.197425382253996,59.00041370762163,-0.3762827243832044,-0.695101595778079,0.6125725123424343
,37,0,-0.5031249999999999,-0.6308641975308642,0.5031249999999999,0.6308641975308642,1797,2005,2822,2254,1829,2051,2821,2254,-119,-196,23,0,5000,4700,4900,4800,-34.35,13.23,-226.27,21.163795753761747,28.675667264291064,55.25150120516132,0.5725099381256233,0.6665822037859457,0.4773892922377576
,38,0,0.19687500000000002,-0.16419753086419753,-0.19687500000000002,0.16419753086419753,2253,2309,2366,1950,2253,2314,2387,1951,0,-18,-68,0,5000,4900,5000,4900,-47.33,33.64,-196.19,-10.286738169753278,10.377849031417938,68.13205491385591,-0.25790713501878043,0.24169412594509895,0.9354506182530635
,39,0,-0.15312499999999996,0.30246913580246915,0.15312499999999996,-0.30246913580246915,2025,2613,2594,1646,2032,2614,2593,1668,-25,0,21,-67,5000,5000,5000,5000,-46.03,58.68,-215.0,6.797506533216136,-15.877267361811917,66.98962500046312,0.1960404809809741,-0.4384932381704302,0.8770928171496782
,40,0,0.546875,-0.47530864197530864,-0.546875,0.47530864197530864,2482,2106,2137,2153,2483,2137,2177,2154,0,-114,-165,0,4900,5000,5000,4800,-36.95,23.88,-179.86,-25.870882935126872,21.187181576438277,57.645698927954875,-0.6295043106713387,0.5036275464221692,0.5916786436326632
,41,0,-0.590625,-0.00864197530864197,0.590625,0.00864197530864197,1740,2410,2879,1849,1785,2411,2878,1850,-195,0,19,0,4800,5000,5100,4900,-39.660000000000004,39.77,-236.17000000000002,29.225323995476344,1.5437374825430012,60.678088413189094,0.7955354223594941,0.009737626651744725,0.6058288292896711
,42,0,0.109375,0.4580246913580246,-0.109375,-0.4580246913580246,2196,2715,2423,1544,2196,2716,2434,1579,0,0,-35,-129,5000,5000,5000,4800,-43.09,67.21000000000001,-205.54,-3.2019925932002025,-23.758254511984234,64.02379311722734,-0.060930422890646145,-0.6543669234332218,0.7537183911003548
,43,0,-0.24062499999999998,-0.3197530864197531,0.24062499999999998,0.3197530864197531,1968,2208,2651,2051,1981,2234,2650,2051,-36,-87,21,0,5000,5000,5000,5000,-45.0,26.29,-218.27,12.249741468958405,16.215397159830324,65.89421726505228,0.3533054078106516,0.38910495908997134,0.8507482704204232
,44,0,0.45937499999999987,0.1469135802469136,-0.45937499999999987,-0.1469135802469136,2424,2512,2195,1747,2425,2512,2231,1755,0,0,-150,-20,5000,4900,5000,5000,-42.79,49.74,-183.03,-24.480642747485092,-4.810926883523848,63.56682118008849,-0.6268420140170677,-0.16389034534995728,0.7617145424396841
,45,0,-0.41562499999999997,0.61358024691358,0.41562499999999997,-0.61358024691358,1854,2816,2765,1443,1880,2817,2764,1484,-83,0,19,-167,4800,5000,5000,4700,-36.19,72.26,-224.86,15.766489930573755,-30.119360734944536,57.2335134200795,0.4115664272937825,-0.7507105656857889,0.5167656359437567
,46,0,0.28437499999999993,-0.5790123456790123,-0.28437499999999993,0.5790123456790123,2310,2039,2309,2220,2310,2082,2327,2221,0,-177,-60,0,4800,5000,5000,5000,-38.9,15.610000000000001,-193.56,-11.653843881149811,28.5199951194647,59.64345919407773,-0.2758686983006812,0.7024321516436396,0.6561139639080809
,47,0,-0.06562500000000004,-0.11234567901234571,0.06562500000000004,0.11234567901234571,2082,2343,2537,1916,2089,2347,2538,1917,-24,-17,-1,-12,5000,5000,5000,5000,-48.51,34.910000000000004,-210.29,3.689621099945697,8.163243601590068,69.38593064712313,0.11806113334573898,0.198161686305324,0.9730331519911076
,48,0,0.6343749999999999,0.35432098765432096,-0.6343749999999999,-0.35432098765432096,2539,2647,2080,1612,2539,2648,2127,1634,0,0,-210,-65,5100,5000,4800,4900,-35.86,59.39,-176.98,-31.134215701617336,-14.050727928325031,56.63097634355045,-0.761080877564198,-0.36487297415463865,0.5363055197717606
,49,0,-0.6343749999999999,-0.42345679012345677,0.6343749999999999,0.42345679012345677,1711,2140,2908,2119,1757,2164,2907,2120,-206,-76,22,0,4800,4900,5000,4800,-35.64,23.35,-234.52,28.706071916979226,18.026071602933953,56.60840301714522,0.7604967673448648,0.4064848777617528,0.5063740820865774
,50,0,0.06562500000000004,0.043209876543209735,-0.06562500000000004,-0.043209876543209735,2168,2444,2451,1815,2169,2444,2460,1821,0,0,-35,-17,5000,5000,5000,4900,-49.04,45.27,-202.86,-4.42472568826895,-1.6705504606811132,69.90484349282112,-0.09367023842590322,-0.07693841884106774,0.9926259950955699
,51,0,-0.284375,0.5098765432098762,0.284375,-0.5098765432098762,1940,2748,2679,1511,1955,2749,2678,1547,-44,0,20,-140,5000,4900,4800,5000,-40.57,68.24,-220.34,11.506828872695763,-25.79118978974384,61.58063015892128,0.31244423435257024,-0.6755235079982577,0.6678671953027518
,52,0,0.4156249999999999,-0.2679012345679012,-0.4156249999999999,0.2679012345679012,2396,2241,2223,2018,2397,2260,2252,2020,0,-57,-113,0,4900,5000,5000,5000,-43.01,32.9,-184.5,-21.87919266005258,11.892162531788053,63.751649280477125,-0.545767075045622,0.2701021011534691,0.7932106622761868
,53,0,-0.459375,0.1987654320987654,0.459375,-0.1987654320987654,1826,2546,2793,1713,1861,2546,2792,1725,-137,0,20,-29,5000,5000,5000,5000,-42.89,50.58,-229.92000000000002,22.24487814220973,-8.810889459185447,63.90401100792755,0.6171508583328844,-0.2473867544280389,0.746943513120333
,54,0,0.24062499999999998,0.6654320987654319,-0.24062499999999998,-0.6654320987654319,2282,2850,2337,1409,2282,2851,2354,1455,0,0,-55,-188,5000,4800,4900,4900,-36.37,76.48,-201.21,-8.114885987616645,-32.73431516129075,57.30560781797647,-0.17412807208045275,-0.84203605553813,0.5105435296694419
,55,0,-0.109375,-0.6654320987654321,0.109375,0.6654320987654321,2054,1982,2565,2277,2057,2038,2564,2277,-12,-262,22,0,5000,5000,4900,4900,-37.19,9.82,-208.46,3.6108523178598375,33.28707748133009,57.99355746757021,0.13266152305430973,0.8292424935434207,0.5429160222380632
,56,0,0.590625,-0.1987654320987654,-0.590625,0.1987654320987654,2510,2286,2109,1973,2510,2290,2156,1974,0,-16,-212,0,4900,5000,4800,4900,-38.72,36.85,-176.08,-30.525623598582087,8.506735899024775,59.429483325840906,-0.7768599522332267,0.2093517061608038,0.5938522356140024
,57,0,-0.546875,0.26790123456790116,0.546875,-0.26790123456790116,1768,2591,2851,1668,1807,2591,2850,1683,-159,0,20,-37,4900,4900,5000,5000,-40.19,53.44,-233.46,25.596909113909646,-11.91081470875396,61.22902468799017,0.6917790592439973,-0.31673290665120774,0.6489391335370125
,58,0,0.15312499999999996,-0.5098765432098765,-0.15312499999999996,0.5098765432098765,2225,2084,2394,2175,2225,2122,2406,2175,0,-152,-40,0,5000,4800,5000,4900,-41.62,17.03,-200.68,-4.659064617128706,26.630850357831434,62.40269733479951,-0.09443966487886975,0.66288414561072,0.7427420542796215
,59,0,-0.19687500000000002,-0.04320987654320996,0.19687500000000002,0.04320987654320996,1997,2388,2622,1871,2010,2390,2621,1873,-40,-15,23,-11,5000,5000,5000,5000,-48.02,39.07,-217.98000000000002,11.083788203162243,3.4927327757255426,68.94499814073163,0.33881636590056996,0.07012729315133698,0.9382353824884228
,60,0,0.503125,0.4234567901234567,-0.503125,-0.4234567901234567,2453,2692,2166,1567,2454,2693,2205,1594,0,0,-160,-86,5000,5000,4900,4900,-38.74,63.75,-184.20000000000002,-24.238744872878385,-18.879454113801657,59.55813972739204,-0.5907188628577626,-0.4979004179206648,0.6349381063524686
,61,0,-0.37187499999999996,-0.35432098765432096,0.37187499999999996,0.35432098765432096,1883,2185,2736,2074,1907,2210,2735,2074,-76,-75,23,0,5000,5000,5000,4900,-42.800000000000004,25.060000000000002,-223.65,17.71102009949348,17.073487572288848,63.71811603493737,0.49121663560914514,0.40942155029010824,0.7688174107412479
,62,0,0.328125,0.11234567901234571,-0.328125,-0.11234567901234571,2339,2489,2280,1770,2339,2489,2308,1777,-1,0,-105,-18,4900,5000,5000,4900,-45.74,48.44,-189.33,-18.121630399532336,-3.930318418301461,66.54507413938579,-0.46136117756525236,-0.13878506886378528,0.8762902307432608
,63,0,-0.021874999999999978,0.5790123456790122,0.021874999999999978,-0.5790123456790122,2111,2793,2508,1466,2111,2793,2508,1510,0,0,18,-186,4900,4800,4900,5000,-39.7,73.07000000000001,-208.16,-0.9668755059477689,-29.791267279169432,60.66178351622191,-0.010096967351748079,-0.7940682428451055,0.6077447465467589
,64,0,0.6781249999999999,-0.6135802469135803,-0.6781249999999999,0.6135802469135803,2567,2016,2052,2243,2568,2060,2100,2243,0,-175,-225,0,4800,4600,5000,4900,-30.8,20.23,-175.63,-29.815289803505692,25.096540762506272,51.46537003614078,-0.7167686487729856,0.5918528942710233,0.36871785375699
,65,0,-0.6890624999999999,-0.1469135802469136,0.6890624999999999,0.1469135802469136,1676,2320,2943,1939,1731,2323,2942,1940,-263,-17,22,0,5000,5000,5100,5000,-36.59,36.83,-239.20000000000002,32.461526942320944,4.263920367797091,57.61590037885724,0.8598823067571463,0.0786394023098085,0.5043989124991902
,66,0,0.010937500000000044,0.3197530864197531,-0.010937500000000044,-0.3197530864197531,2132,2624,2487,1635,2133,2625,2491,1659,0,0,-24,-75,5000,5000,5000,5000,-46.13,60.52,-209.04,0.7265563753572621,-17.310855168450985,67.06439251646643,0.04182371198171556,-0.4915115757277315,0.8698661667415932
,67,0,-0.3390625,-0.4580246913580247,0.3390625,0.4580246913580247,1904,2117,2715,2142,1924,2152,2714,2143,-56,-131,22,0,5000,5000,4900,4900,-41.21,19.84,-221.16,15.586497195095347,22.44495834616861,62.10247246222607,0.4442885673829747,0.5411382127838065,0.7139867670748054
,68,0,0.3609374999999999,0.00864197530864197,-0.3609374999999999,-0.00864197530864197,2360,2422,2259,1837,2360,2423,2289,1839,0,-1,-120,-11,5000,5000,4900,5000,-45.300000000000004,43.22,-186.99,-20.102052818701907,1.4343237880719713,66.08016442853078,-0.5316354137195981,-0.002102972353922189,0.8469706986587372
,69,0,-0.5140625,0.4753086419753083,0.5140625,-0.4753086419753083,1790,2726,2829,1533,1825,2727,2828,1562,-137,0,21,-101,5000,5000,5100,5000,-37.71,64.53,-230.57,21.97747294970287,-22.787715761059815,58.76258892933358,0.5788484307567853,-0.5742587331185548,0.578931258136473
,70,0,0.18593749999999998,-0.30246913580246915,-0.18593749999999998,0.30246913580246915,2246,2219,2373,2040,2246,2242,2389,2041,0,-75,-52,0,5000,4900,5000,5000,-45.87,27.63,-197.4,-8.667072475833464,16.288369391957737,66.66296264051711,-0.19851329025475645,0.3881334941255175,0.8999693685510342
,71,0,-0.1640625,0.16419753086419753,0.1640625,-0.16419753086419753,2018,2523,2601,1736,2029,2523,2600,1748,-32,0,21,-33,5000,5000,5000,4900,-47.67,51.19,-216.01,8.302480372570926,-8.467773804019913,68.61574275754487,0.24082072659026701,-0.2485695008401395,0.9381996487404048
,72,0,0.5359375,0.630864197530864,-0.5359375,-0.630864197530864,2474,2827,2145,1432,2475,2828,2184,1474,0,0,-160,-173,4800,5000,4900,5000,-33.25,73.35000000000001,-185.66,-23.4030938414584,-28.571711932733066,54.09979513172478,-0.5405303612043647,-0.7076577864522682,0.45502459921388305
,73,0,-0.6015625,-0.5617283950617283,0.6015625,0.5617283950617283,1733,2050,2886,2209,1772,2087,2885,2210,-160,-146,22,0,4900,4900,5000,5000,-33.81,17.11,-231.65,26.272378635021738,24.440156544334663,54.74828168404577,0.6908172697208621,0.5589475840552676,0.4586383086204138
,74,0,0.09843749999999996,-0.09506172839506177,-0.09843749999999996,0.09506172839506177,2189,2354,2430,1905,2190,2357,2443,1905,-4,-16,-43,0,5000,5000,5000,4900,-48.660000000000004,36.57,-201.25,-5.442378917303245,7.117096999166797,69.49480199874424,-0.12156638346306055,0.1495729084949698,0.9812489793401404
,75,0,-0.25156249999999997,0.3716049382716049,0.25156249999999997,-0.3716049382716049,1961,2658,2658,1601,1976,2659,2657,1629,-44,0,21,-92,5000,4900,4800,5000,-44.07,61.370000000000005,-219.49,11.105254280881184,-18.869531151810193,65.05896015291658,0.3110973463396506,-0.5083108847898578,0.8030183593820128
,76,0,0.44843750000000004,-0.40617283950617283,-0.44843750000000004,0.40617283950617283,2417,2151,2202,2108,2418,2178,2233,2108,0,-88,-126,0,5000,5000,5000,4900,-40.47,25.98,-183.98,-21.918968256064858,18.824188094918355,61.191602504718944,-0.5355223175133622,0.4498756279470703,0.7147221605801419
,77,0,-0.42656249999999996,0.060493827160493785,0.42656249999999996,-0.060493827160493785,1847,2455,2772,1804,1879,2455,2771,1808,-118,0,22,-13,5000,5000,5000,4900,-44.2,43.21,-228.84,21.658136478072066,-1.3811202316811375,65.18995946941226,0.6181455269756685,-0.06641668898397465,0.7832527886349206
,78,0,0.2734375,0.5271604938271603,-0.2734375,-0.5271604938271603,2303,2760,2316,1499,2303,2760,2335,1534,-4,0,-63,-127,5000,5000,4900,4900,-40.07,70.38,-197.34,-11.582451129926739,-26.376666248300836,60.97073977781014,-0.26462299660815064,-0.6909133117352005,0.6727655351853427
,79,0,-0.07656249999999998,-0.2506172839506173,0.07656249999999998,0.2506172839506173,2075,2253,2544,2006,2078,2274,2544,2007,-16,-65,16,0,5000,5000,5000,4900,-47.230000000000004,28.96,-210.20000000000002,4.007345924532842,14.102084603157898,68.09046992061002,0.13228807306021276,0.3342396669778048,0.9331579237967076
,80,0,0.6234374999999999,0.21604938271604934,-0.6234374999999999,-0.21604938271604934,2531,2557,2088,1702,2531,2557,2138,1714,0,0,-231,-29,5000,4900,4800,5000,-37.64,52.68,-176.19,-31.478409768582083,-7.297667055326258,58.39003839187035,-0.7814478134009095,-0.2114088801326048,0.5870652436757046
,81,0,-0.6453125,0.682716049382716,0.6453125,-0.682716049382716,1704,2861,2915,1398,1750,2862,2914,1441,-202,0,21,-179,5000,4800,4800,4600,-30.26,72.59,-233.65,24.542760038271865,-31.05833756815646,51.34850658037099,0.603769702322701,-0.7387648495657916,0.29948062308468504
,82,0,0.0546875,-0.694238683127572,-0.0546875,0.694238683127572,2161,1963,2458,2296,2162,2019,2461,2296,0,-262,-25,0,5000,4900,5100,5000,-36.17,8.700000000000001,-205.37,0.608399098629377,34.60999082829402,56.955253589720705,0.054020518668078644,0.8583192673655633,0.5102644596989632
,83,0,-0.2953125,-0.2275720164609054,0.2953125,0.2275720164609054,1932,2268,2687,1991,1954,2273,2686,1992,-71,-18,22,0,5000,5000,5000,5000,-45.230000000000004,29.2,-221.65,15.424610046277365,13.084751020690874,66.14850896417714,0.4614587155059114,0.34826446626293645,0.8159459022644988
,84,0,0.40468749999999987,0.23909465020576126,-0.40468749999999987,-0.23909465020576126,2389,2572,2230,1687,2390,2573,2259,1704,0,0,-112,-42,4900,5000,5000,4800,-43.24,54.870000000000005,-186.39000000000001,-21.47653294094718,-10.154532442093,64.04661687066073,-0.5488302223885715,-0.2851864092207077,0.7857824756182269
,85,0,-0.47031249999999997,-0.5386831275720164,0.47031249999999997,0.5386831275720164,1818,2065,2801,2194,1848,2100,2800,2195,-112,-136,21,0,4900,5000,5000,5000,-37.160000000000004,16.51,-225.97,20.62966626978411,25.43141109007013,58.06823824833294,0.5557618186263235,0.6012700597216742,0.5741107177535153
,86,0,0.22968749999999993,-0.07201646090534986,-0.22968749999999993,0.07201646090534986,2275,2369,2344,1890,2275,2371,2364,1890,0,-16,-68,0,5000,5000,5000,5000,-47.47,38.93,-193.63,-13.198371202488687,5.27295477378258,68.27258142753027,-0.345189782813507,0.10461087854163227,0.9326846079634374
,87,0,-0.12031250000000004,0.3946502057613166,0.12031250000000004,-0.3946502057613166,2047,2673,2572,1586,2054,2675,2571,1615,-20,-1,21,-103,5000,5000,4900,5000,-44.52,63.79,-212.45000000000002,3.915963685320321,-20.807962814308837,65.4797729645118,0.11819028870880287,-0.5704218381174865,0.8128037784444645
,88,0,0.5796874999999999,-0.38312757201646086,-0.5796874999999999,0.38312757201646086,2503,2166,2116,2093,2503,2190,2159,2093,0,-72,-186,0,4900,4900,5000,4900,-37.6,29.25,-177.61,-28.48108572112872,15.983021779528315,58.29797358189617,-0.7023935204527922,0.3747930261026783,0.605122739624557
,89,0,-0.5578124999999999,0.08353909465020581,0.5578124999999999,-0.08353909465020581,1761,2470,2858,1789,1803,2470,2857,1792,-182,0,22,-12,5000,5000,5000,4900,-40.800000000000004,43.77,-234.55,27.3337197887422,-2.3346320582452975,61.82005304931023,0.7537461940744369,-0.08451482509539722,0.6517084618580584
,90,0,0.14218750000000002,0.5502057613168723,-0.14218750000000002,-0.5502057613168723,2218,2775,2401,1484,2219,2775,2413,1524,0,0,-37,-155,4800,5000,4800,4900,-40.480000000000004,71.62,-204.77,-4.25507967304992,-28.113730102667844,61.421113732206436,-0.08397466671101027,-0.7524589031056367,0.653264000606062
,91,0,-0.2078125,-0.6423868312757202,0.2078125,0.6423868312757202,1990,1997,2629,2262,1998,2048,2629,2262,-23,-227,0,0,4900,4900,5000,4900,-37.61,10.99,-212.74,7.8001077804822785,31.8323120195051,58.43796282303867,0.2503663259715354,0.7844396971164922,0.5674249416507008
,92,0,0.4921875,-0.1757201646090535,-0.4921875,0.1757201646090535,2446,2301,2173,1958,2447,2305,2214,1960,0,-15,-170,-7,5000,5000,4800,4800,-41.82,36.38,-180.65,-25.949360269282977,8.676333639731801,62.551157643776584,-0.6800006796367998,0.20726673455958072,0.7033061754588096
,93,0,-0.3828125,0.2909465020576132,0.3828125,-0.2909465020576132,1875,2606,2744,1653,1900,2607,2743,1670,-82,0,20,-51,5000,5000,5000,4900,-43.5,56.120000000000005,-226.02,17.977178964089006,-14.073503314595214,64.5084439106695,0.494179039793386,-0.3748915374070712,0.7843745354162448
,94,0,0.31718749999999996,-0.4868312757201646,-0.31718749999999996,0.4868312757201646,2332,2099,2287,2160,2332,2133,2311,2161,0,-132,-81,0,4900,5000,5000,5000,-40.95,19.830000000000002,-191.70000000000002,-13.804134562622579,24.440913529642742,61.69476204074542,-0.3285191849225926,0.5964030970079942,0.7323786527589866
,95,0,-0.03281250000000002,-0.02016460905349804,0.03281250000000002,0.02016460905349804,2104,2403,2515,1856,2110,2405,2517,1859,-19,-15,-5,-12,5000,5000,5000,5000,-49.04,40.88,-208.34,1.338840635842132,2.339877797778044,69.92122675637648,0.05000350491298314,0.03444424765323358,0.9981549194889638
,96,0,0.6671875,0.4465020576131684,-0.6671875,-0.4465020576131684,2560,2707,2059,1552,2561,2708,2110,1581,0,0,-241,-93,5000,4900,4800,4800,-34.07,63.35,-177.11,-31.262971731133206,-18.015580068364656,54.85165922946243,-0.7501684607922349,-0.4656068203617513,0.46952909309778523
,97,0,-0.6671874999999999,-0.3312757201646091,0.6671874999999999,0.3312757201646091,1690,2200,2929,2059,1739,2218,2928,2060,-225,-49,22,-12,5100,5000,5000,4900,-36.01,28.29,-236.88,30.725673086661487,12.939241978260775,57.00270681495252,0.8128062653910408,0.2890420175132446,0.5057674238747913
,98,0,0.03281250000000002,0.13539094650205752,-0.03281250000000002,-0.13539094650205752,2146,2504,2473,1755,2147,2504,2479,1765,0,0,-27,-25,5000,5000,5000,4900,-48.63,50.83,-206.04,-1.6250528194602794,-7.433494720391906,69.52483653614415,-0.023652012279454623,-0.22259302727900188,0.9746245053977975
,99,0,-0.31718749999999996,0.6020576131687241,0.31718749999999996,-0.6020576131687241,1918,2808,2701,1451,1937,2808,2700,1496,-52,0,18,-190,5000,4900,4800,5000,-37.86,72.23,-220.98000000000002,11.889326771970019,-29.82299654759727,58.88396005963615,0.31618092752007027,-0.762212610703626,0.5648553417972704
,100,0,0.3828125,-0.5905349794238683,-0.3828125,0.5905349794238683,2375,2031,2244,2228,2376,2074,2268,2229,0,-176,-91,0,5000,5000,5000,4800,-37.43,16.34,-188.63,-16.61469566874382,28.119927128586536,58.15061119638998,-0.39725496351297523,0.6841891662188535,0.611615629945029
,101,0,-0.4921875,-0.12386831275720167,0.4921875,0.12386831275720167,1804,2335,2815,1924,1842,2338,2814,1925,-154,-15,23,0,4900,5000,5000,4900,-42.46,36.19,-231.20000000000002,24.494648181903102,5.458742748208849,63.444085542016545,0.6875821756610538,0.10814712952502775,0.7180076253694724
,102,0,0.20781249999999996,0.342798353909465,-0.20781249999999996,-0.342798353909465,2260,2639,2359,1620,2260,2640,2376,1643,0,0,-54,-68,5000,5000,5000,4900,-44.89,61.43,-198.66,-9.685072136070403,-17.522318551463187,65.77467356348814,-0.22849281936022625,-0.4794540480131923,0.8472985585639682
,103,0,-0.14218750000000002,-0.43497942386831273,0.14218750000000002,0.43497942386831273,2032,2132,2587,2127,2037,2166,2586,2128,-19,-124,22,0,4900,5000,5000,5000,-43.5,19.75,-211.64000000000001,6.083296272885946,23.183307759755728,64.34448325068658,0.1896113379629287,0.5703834871328037,0.7991934797795407
,104,0,0.5578125,0.03168724279835389,-0.5578125,-0.03168724279835389,2489,2437,2130,1822,2490,2437,2176,1825,0,0,-208,-12,5000,5000,5000,5000,-40.17,43.87,-177.55,-29.539501527634826,1.4077567540337412,60.904562428863194,-0.7568498419154539,-0.00033266458796931363,0.6535887132798603
,105,0,-0.5796874999999999,0.49835390946502045,0.5796874999999999,-0.49835390946502045,1747,2741,2872,1518,1786,2742,2871,1547,-159,0,20,-99,5000,5000,5000,4900,-35.86,65.01,-233.23000000000002,24.607945461045176,-23.451293910067278,56.92716570641401,0.6329198632771781,-0.5840916369778817,0.5081824537326106
,106,0,0.12031250000000004,-0.27942386831275723,-0.12031250000000004,0.27942386831275723,2203,2234,2416,2025,2203,2257,2427,2027,-2,-71,-36,-12,5000,4900,5000,4900,-46.730000000000004,28.3,-200.76,-5.364111255919056,15.395764187613395,67.5414859065259,-0.11085706720001991,0.3612784655394711,0.9258447931425953
,107,0,-0.2296875,0.18724279835390945,0.2296875,-0.18724279835390945,1975,2538,2644,1721,1990,2538,2643,1734,-46,0,20,-34,5000,5000,5000,5000,-46.88,51.84,-219.26,11.505014281916374,-9.337722753077273,67.84369004851094,0.32769572281738196,-0.26785634734370084,0.9060179305261481
,108,0,0.4703124999999999,0.6539094650205759,-0.4703124999999999,-0.6539094650205759,2432,2842,2187,1417,2433,2843,2220,1461,0,0,-128,-177,5100,4900,5000,4700,-33.93,74.92,-189.35,-19.83072444395856,-30.38503359686098,54.80224899512855,-0.4563585499962139,-0.7571489036155469,0.46739962729887596
,109,0,-0.4046875,-0.676954732510288,0.4046875,0.676954732510288,1861,1975,2758,2284,1884,2029,2758,2284,-69,-247,0,0,4900,4800,5100,5000,-34.86,10.8,-221.16,16.22693552908615,31.446190896926247,55.72973746792916,0.45426955720076284,0.741387284878842,0.4939474296123037
,110,0,0.2953125,-0.21028806584362142,-0.2953125,0.21028806584362142,2318,2279,2301,1980,2318,2285,2327,1981,0,-19,-95,0,5000,5000,5000,5000,-45.660000000000004,32.230000000000004,-190.93,-15.431522717285787,12.13458334957,66.43215006507833,-0.4078440482718172,0.2986838632417628,0.8628158448523247
,111,0,-0.0546875,0.2563786008230451,0.0546875,-0.2563786008230451,2089,2583,2530,1676,2093,2584,2530,1697,-15,0,21,-59,5000,5000,5000,5000,-47.230000000000004,56.74,-209.78,1.7145133419171543,-13.586235780437192,68.15853667820089,0.059964219556803665,-0.3903331935450499,0.9187188309759771
,112,0,0.6453125,-0.5213991769547325,-0.6453125,0.5213991769547325,2546,2076,2073,2183,2546,2108,2121,2184,0,-117,-213,0,4900,4900,5000,4700,-33.5,23.41,-176.05,-29.62379087959286,21.903186802389996,54.17546572588127,-0.7167668327404535,0.5186125146382087,0.4661398579223321
,113,0,-0.6234375,-0.054732510288065916,0.6234375,0.054732510288065916,1719,2380,2900,1879,1765,2381,2899,1879,-205,0,22,0,4800,5000,4900,5000,-38.62,39.71,-237.21,30.27201506792403,1.5304925064676453,59.64316698164606,0.8218225998211325,0.007534343207643468,0.569693644071675
,114,0,0.07656249999999998,0.41193415637860076,-0.07656249999999998,-0.41193415637860076,2175,2685,2444,1574,2175,2686,2451,1605,0,0,-29,-109,4900,4900,5000,4900,-44.230000000000004,65.02,-206.6,-2.002208792787542,-21.641474734622463,65.16355721844288,-0.029233514075631222,-0.604230638626598,0.7962730291801197
,115,0,-0.2734375,-0.3658436213991769,0.2734375,0.3658436213991769,1947,2178,2672,2081,1962,2206,2671,2081,-41,-96,21,-1,5000,4900,5000,4900,-43.910000000000004,24.01,-219.19,13.326690446008172,18.42503883437368,64.80308731360165,0.3809244996393565,0.4439585570429719,0.8110470548635438
,116,0,0.42656249999999996,0.10082304526748975,-0.42656249999999996,-0.10082304526748975,2403,2482,2216,1777,2404,2482,2250,1783,0,0,-138,-16,5000,4900,5000,5000,-43.71,47.49,-184.26,-23.106138111692644,-2.6463772306271522,64.48728943392987,-0.5973027065104084,-0.10806978375127023,0.7947014525186763
,117,0,-0.4484375,0.5674897119341564,0.4484375,-0.5674897119341564,1833,2786,2786,1473,1863,2786,2785,1511,-107,0,21,-141,4900,5000,5000,4900,-37.03,69.61,-226.83,17.906667605376953,-27.60585606210722,58.07668231176079,0.46461750145479763,-0.6928925007880883,0.5513896623020152
,118,0,0.2515625,-0.6251028806584362,-0.2515625,0.6251028806584362,2289,2008,2330,2251,2289,2056,2344,2251,0,-209,-47,0,5000,5000,5000,4800,-37.77,13.15,-195.47,-9.576826664509355,30.84234840514997,58.51683827369415,-0.2209022733313828,0.761633172709533,0.6091938081312364
,119,0,-0.09843749999999996,-0.15843621399176955,0.09843749999999996,0.15843621399176955,2061,2313,2558,1946,2070,2318,2559,1947,-26,-18,1,0,5000,5000,5000,5000,-48.1,32.32,-211.8,5.372843989449336,10.644333598330654,68.9769647166046,0.1727088422612659,0.27334476226495086,0.9462844692517628
,120,0,0.6015625,0.3082304526748971,-0.6015625,-0.3082304526748971,2517,2617,2102,1642,2517,2618,2147,1661,0,0,-205,-52,5000,5000,5000,4900,-37.84,56.92,-178.02,-29.939558188542378,-11.650836939500365,58.609919664672056,-0.7427825128413865,-0.32692992700231666,0.5842867116812556
,121,0,-0.5359375,-0.46954732510288066,0.5359375,0.46954732510288066,1776,2110,2843,2149,1814,2139,2842,2150,-152,-108,22,0,5000,5000,5100,5000,-37.480000000000004,20.150000000000002,-229.27,23.675043780540022,21.578082091897862,58.41397145302555,0.6384049938530649,0.5067421020393016,0.5793543870933043
,122,0,0.1640625,-0.0028806584362141008,-0.1640625,0.0028806584362141008,2232,2414,2387,1845,2233,2415,2403,1848,-1,0,-54,-11,5000,5000,5000,5000,-48.370000000000005,42.49,-197.23000000000002,-9.851086563837043,1.4808698015789403,69.19960737723946,-0.2500610676557508,0.005988101235446067,0.9682115497588631
,123,0,-0.18593749999999998,0.4637860082304526,0.18593749999999998,-0.4637860082304526,2004,2718,2615,1541,2012,2719,2614,1577,-25,0,20,-131,4900,5000,4900,4900,-42.7,66.56,-215.56,6.840797926974005,-23.786579651751964,63.68238975702641,0.19541839252742035,-0.6384738964209978,0.7444210740239617
,124,0,0.5140624999999999,-0.3139917695473251,-0.5140624999999999,0.3139917695473251,2460,2211,2159,2048,2461,2232,2199,2048,0,-63,-167,0,4900,4900,4900,5000,-40.38,31.68,-180.32,-25.954627011682703,13.383753181866993,61.09765376839534,-0.6473451366584917,0.30816639853228533,0.6971210403224385
,125,0,-0.36093749999999997,0.15267489711934157,0.36093749999999997,-0.15267489711934157,1890,2516,2729,1743,1917,2516,2728,1751,-92,0,22,-22,5000,4900,5000,4900,-45.28,49.01,-225.28,17.709850916349836,-6.924726586614675,66.26674621925469,0.5008879092373771,-0.2030431303704463,0.8413588946396059
,126,0,0.33906250000000004,0.619341563786008,-0.33906250000000004,-0.619341563786008,2346,2820,2273,1439,2346,2821,2296,1482,0,0,-84,-177,5000,4900,5000,4700,-36.980000000000004,74.16,-195.1,-14.05735986336208,-30.005816902199328,57.87910715208087,-0.3169459448689191,-0.7634685594165549,0.5627264227078361
,127,0,-0.010937500000000044,-0.5732510288065844,0.010937500000000044,0.5732510288065844,2118,2042,2501,2217,2119,2087,2502,2218,0,-189,23,0,5000,4800,5000,5000,-40.1,13.530000000000001,-205.70000000000002,0.5928669218316145,29.779985097985808,60.89904661125134,0.0507553068569273,0.7643814761415794,0.6427634539684716
,128,0,0.6890624999999999,-0.10658436213991773,-0.6890624999999999,0.10658436213991773,2574,2347,2045,1912,2575,2348,2103,1912,0,-1,-294,0,4900,4900,5100,5000,-35.660000000000004,42.42,-171.91,-35.04699689519424,3.2219084984680038,56.36269626785869,-0.8675009967973875,0.07825999455508689,0.49124066790909726
,129,0,-0.6945312499999999,0.36008230452674894,0.6945312499999999,-0.36008230452674894,1672,2651,2947,1608,1726,2652,2946,1628,-256,0,20,-56,5100,4700,5000,4900,-35.300000000000004,56.69,-238.65,30.579437904700796,-15.517382907098963,56.373329817055264,0.7894516978810863,-0.39383609967558697,0.47080690660289976
,130,0,0.005468750000000022,-0.4176954732510288,-0.005468750000000022,0.4176954732510288,2129,2144,2490,2115,2130,2177,2492,2116,0,-123,-23,0,5000,5000,4900,5000,-44.230000000000004,20.62,-207.46,1.8506553272640645,22.59926901977783,65.05571413840877,0.07969927797253594,0.570803789492376,0.8172093116159408
,131,0,-0.34453124999999996,0.048971193415637715,0.34453124999999996,-0.048971193415637715,1900,2448,2719,1811,1926,2448,2718,1818,-84,0,21,-15,5000,5000,5000,5000,-45.85,43.13,-225.18,18.003938900501623,-1.0497635854796954,66.82138303093649,0.5382912738957757,-0.05124817121547817,0.8411992209903267
,132,0,0.35546875,0.5156378600823042,-0.35546875,-0.5156378600823042,2357,2752,2262,1507,2357,2752,2287,1539,0,0,-91,-117,5000,5000,5000,5000,-39.44,69.46000000000001,-192.95000000000002,-15.897302985505746,-25.164512716352718,60.316417778033205,-0.3734447599935997,-0.6586422081384387,0.6532453236662654
,133,0,-0.51953125,-0.2621399176954733,0.51953125,0.2621399176954733,1786,2245,2833,2014,1821,2263,2832,2016,-135,-53,22,-5,5000,5000,4900,4800,-40.83,31.29,-231.74,25.371798112341565,10.30649208473342,61.80444095560236,0.6971645336852248,0.23277920196887195,0.6780674421487868
,134,0,0.18046874999999996,0.20452674897119327,-0.18046874999999996,-0.20452674897119327,2243,2549,2376,1710,2243,2549,2393,1723,0,0,-52,-31,5000,4900,5000,4900,-47.15,54.26,-198.37,-9.501702304943848,-10.342653709861608,68.01507269473748,-0.22639441627178036,-0.3007970899772928,0.926426834100865
,135,0,-0.16953125000000002,0.6711934156378598,0.16953125000000002,-0.6711934156378598,2014,2854,2605,1405,2020,2855,2604,1454,-19,0,20,-215,5000,5100,5000,4700,-36.53,76.45,-213.98000000000002,4.627132420609399,-33.565108497867186,57.52954824829048,0.12206931331227079,-0.8584710015679506,0.4981230994587488
,136,0,0.53046875,-0.6596707818930041,-0.53046875,0.6596707818930041,2471,1986,2148,2273,2472,2037,2182,2273,0,-225,-131,0,5100,5000,5100,5000,-33.24,15.88,-182.25,-22.928819820065257,28.997155428077324,53.92753095653288,-0.552970731768018,0.6963119135264977,0.4575730421353617
,137,0,-0.6070312499999999,-0.19300411522633754,0.6070312499999999,0.19300411522633754,1729,2290,2890,1969,1775,2294,2889,1970,-205,-18,22,0,4800,5000,5000,5000,-38.93,33.85,-235.59,29.0494896672069,7.48726358548106,59.93023832614222,0.7889773896944602,0.16399765924663795,0.5921312745604133
,138,0,0.09296875000000004,0.27366255144032914,-0.09296875000000004,-0.27366255144032914,2186,2594,2433,1665,2186,2595,2442,1685,0,0,-33,-56,5000,5000,5000,5000,-46.88,57.76,-204.07,-4.049524977921209,-14.219839442395909,67.78249326715945,-0.08549219083278284,-0.4043560897442729,0.9105971875606317
,139,0,-0.25703125,-0.5041152263374485,0.25703125,0.5041152263374485,1957,2087,2662,2172,1971,2126,2661,2173,-37,-160,22,0,5000,5000,5100,5000,-41.14,17.12,-216.42000000000002,11.04115306995081,25.478210715212196,62.00184021239948,0.3215711878084693,0.6223344272912232,0.7136468536885422
,140,0,0.4429687499999999,-0.03744855967078198,-0.4429687499999999,0.03744855967078198,2414,2392,2205,1867,2415,2393,2241,1867,0,-2,-149,0,4900,5000,5000,4800,-43.43,41.58,-182.62,-24.342394625884026,3.3599421398558107,64.18414351051936,-0.6444418086124579,0.050283155529682357,0.7629982697111973
,141,0,-0.43203125,0.4292181069958845,0.43203125,-0.4292181069958845,1843,2696,2776,1563,1872,2697,2775,1591,-103,0,20,-91,4900,5000,5000,5000,-40.39,62.99,-227.18,18.686159669503382,-21.014952945492695,61.421661867657185,0.5005110073751307,-0.5412411713389182,0.6756824150027939
,142,0,0.26796875,-0.34855967078189304,-0.26796875,0.34855967078189304,2300,2189,2319,2070,2300,2215,2338,2070,0,-80,-64,0,5000,4900,5000,4900,-44.300000000000004,26.38,-192.71,-13.254437156678847,17.84731483106679,65.06631790770598,-0.31677381956562883,0.42392823332496954,0.8484923100581244
,143,0,-0.08203125,0.11810699588477369,0.08203125,-0.11810699588477369,2072,2493,2547,1766,2079,2493,2547,1776,-25,-4,22,-26,5000,5000,5000,5000,-48.51,49.36,-211.45000000000002,3.8722960448659762,-6.332029394016018,69.42824668842414,0.11904926320344728,-0.19518635817995508,0.9735140258420332
,144,0,0.61796875,0.5847736625514401,-0.61796875,-0.5847736625514401,2528,2797,2091,1462,2528,2797,2137,1500,0,0,-205,-156,5000,5000,5000,5000,-32.58,70.41,-181.27,-27.581501039172593,-25.3442795926036,53.40037124024222,-0.6448413020504237,-0.634135022364957,0.426676069847032
,145,0,-0.65078125,-0.6078189300411523,0.65078125,0.6078189300411523,1701,2020,2918,2239,1745,2063,2917,2239,-188,-176,22,0,5000,4900,5100,4900,-31.68,15.68,-232.9,27.62626338026044,25.77650953336139,52.62096958063234,0.7163986295957817,0.5803251369670464,0.38729283354777627
,146,0,0.04921874999999998,-0.1411522633744856,-0.04921874999999998,0.1411522633744856,2157,2324,2462,1935,2159,2329,2470,1936,-1,-19,-31,0,5000,5000,5000,5000,-48.45,33.5,-204.18,-2.310996298081136,9.981902121930588,69.2917391990488,-0.03323577753245173,0.231498144346191,0.9722674489337197
,147,0,-0.30078125,0.32551440329218106,0.30078125,-0.32551440329218106,1929,2628,2690,1631,1949,2629,2689,1655,-60,0,21,-76,5000,5000,5000,4900,-44.32,58.44,-221.88,13.686207401506437,-16.10667541606972,65.31353661023482,0.39000371448718374,-0.43558559520588247,0.8112720209247555
,148,0,0.39921874999999996,-0.45226337448559667,-0.39921874999999996,0.45226337448559667,2385,2121,2234,2138,2386,2152,2261,2139,0,-111,-105,0,5000,5000,5000,5000,-40.53,22.85,-186.77,-18.924522574877557,21.759069448112122,61.257682040843044,-0.45633633214419295,0.5246146889614393,0.7187047934243077
,149,0,-0.47578124999999993,0.014403292181069949,0.47578124999999993,-0.014403292181069949,1815,2425,2804,1834,1851,2426,2803,1836,-141,0,22,-10,5000,5000,5000,4900,-43.08,40.57,-230.94,23.93681166097616,1.1080379205676323,64.07383622177765,0.6802770470124134,-0.0022541397840547795,0.732951606971364
,150,0,0.22421875000000002,0.4810699588477363,-0.22421875000000002,-0.4810699588477363,2271,2730,2348,1529,2271,2731,2364,1561,-1,0,-52,-117,4900,5000,5000,5000,-41.74,68.27,-199.5,-9.293142118437885,-24.412370800812965,62.64621214251638,-0.2127550988276273,-0.653219033431989,0.7266637202207253
,151,0,-0.12578124999999996,-0.29670781893004117,0.12578124999999996,0.29670781893004117,2043,2223,2576,2036,2049,2248,2575,2037,-19,-82,20,0,5000,4900,5000,5000,-46.36,26.73,-212.35,6.307043806143554,16.179520505965073,67.22562905487639,0.19030037276024442,0.3899911957026869,0.9009398622559115
,152,0,0.57421875,0.1699588477366254,-0.57421875,-0.1699588477366254,2499,2527,2120,1732,2499,2527,2166,1740,0,0,-206,-20,4900,5000,5100,4800,-39.49,50.49,-177.91,-29.62356710566999,-5.223366866356827,60.24310002653946,-0.7466666184071257,-0.16475700919822311,0.6444719457637574
,153,0,-0.56328125,0.636625514403292,0.56328125,-0.636625514403292,1758,2831,2861,1428,1792,2832,2860,1471,-128,0,19,-171,4900,5000,4900,4500,-33.19,71.43,-231.11,22.072661694178123,-29.72131575783206,54.262796691053545,0.558082161904753,-0.7212175863422842,0.4103528892481781
,154,0,0.13671875,-0.5559670781893004,-0.13671875,0.5559670781893004,2214,2054,2405,2205,2214,2097,2414,2206,0,-182,-33,0,5000,5000,4900,4800,-40.51,15.16,-200.89000000000001,-4.31804872149749,28.479250844432393,61.289043977573755,-0.08635696393304523,0.7175173263636256,0.6911666666935415
,155,0,-0.21328124999999998,-0.0893004115226338,0.21328124999999998,0.0893004115226338,1986,2358,2633,1901,2002,2361,2632,1901,-51,-15,22,0,5000,5000,5000,4900,-47.67,36.51,-218.36,11.637284379899768,6.020267544283229,68.59044211403213,0.3634586213575248,0.14701072222793418,0.9199378664403965
,156,0,0.48671874999999987,0.3773662551440329,-0.48671874999999987,-0.3773662551440329,2442,2662,2177,1597,2443,2663,2213,1619,0,-4,-148,-68,5000,5000,5100,5000,-39.74,61.79,-184.29,-24.02157799624416,-16.92713518074116,60.55362419804262,-0.5875268857147792,-0.45074815969176873,0.6720403671631459
,157,0,-0.38828124999999997,-0.40041152263374485,0.38828124999999997,0.40041152263374485,1872,2155,2747,2104,1896,2182,2747,2104,-75,-90,19,0,5000,5000,5000,4800,-41.7,22.86,-223.86,18.074246572985913,19.25116403716634,62.613628939823556,0.5006444175009648,0.4612484941897134,0.7325332714852222
,158,0,0.31171875000000004,0.06625514403292176,-0.31171875000000004,-0.06625514403292176,2328,2459,2291,1800,2329,2459,2317,1805,-1,0,-92,-14,4900,5000,5000,5000,-46.22,45.93,-189.81,-17.475745782731735,-1.4570409671269147,67.02113265605348,-0.45226168479096807,-0.07717534068827384,0.88854000205938
,159,0,-0.038281250000000044,0.5329218106995883,0.038281250000000044,-0.5329218106995883,2100,2763,2519,1496,2102,2763,2519,1535,-14,0,21,-152,4900,5000,5000,4900,-41.09,71.06,-208.20000000000002,-0.7981058720789349,-27.7845757184827,62.04688488108748,-0.004013890176115346,-0.7501370820545814,0.6612701768659255
,160,0,0.6617187499999999,-0.24485596707818935,-0.6617187499999999,0.24485596707818935,2556,2256,2063,2003,2556,2271,2115,2004,0,-39,-244,0,5000,5000,4700,4800,-36.49,37.61,-173.73,-32.910732970673735,7.900574131541795,57.189657173032934,-0.8202854754016501,0.1678817817429965,0.5467608674767105
,161,0,-0.67265625,0.22181069958847732,0.67265625,-0.22181069958847732,1686,2561,2933,1698,1737,2562,2932,1708,-235,0,22,-24,4800,5000,5100,4800,-36.92,50.410000000000004,-238.83,31.174792406642183,-9.259213488784638,57.97834338356911,0.8210528973438687,-0.24189304929134092,0.5170685568353351
,162,0,0.02734375,0.688477366255144,-0.02734375,-0.688477366255144,2143,2865,2476,1394,2144,2866,2478,1445,0,0,-19,-228,4800,5000,4800,4700,-35.9,77.81,-211.66,2.22375337121116,-34.76735164424166,56.891362881873114,0.07458734605612374,-0.884267720431849,0.46098516940414225
,163,0,-0.32265625,-0.688477366255144,0.32265625,0.688477366255144,1915,1967,2704,2292,1931,2022,2703,2292,-40,-253,20,0,4900,5100,4800,5000,-35.29,9.72,-217.57,12.715923247896114,32.767059059946064,56.139005176468885,0.37529027828687744,0.785852973834914,0.4915204070414371
,164,0,0.37734374999999987,-0.22181069958847738,-0.37734374999999987,0.22181069958847738,2371,2271,2248,1988,2372,2277,2279,1989,0,-21,-123,0,4900,4900,5000,4900,-44.17,32.52,-186.63,-19.73404150071906,12.130968827042935,64.92134926635244,-0.527837509928515,0.30348182156559894,0.7932757068583974
,165,0,-0.49765624999999997,0.24485596707818913,0.49765624999999997,-0.24485596707818913,1801,2576,2818,1683,1837,2577,2817,1698,-142,0,22,-38,5000,4900,5000,5000,-41.71,52.21,-231.41,23.627223001391826,-10.541027419309131,62.73561666985845,0.646357563537964,-0.2818350076212891,0.7090775194126342
,166,0,0.20234374999999993,-0.5329218106995884,-0.20234374999999993,0.5329218106995884,2257,2069,2362,2190,2257,2106,2378,2191,0,-145,-50,0,4900,5000,5000,5000,-40.67,16.28,-198.63,-6.64919366401503,27.514672182411026,61.440540715981065,-0.14896286781178059,0.6808297147396507,0.7171338532943594
,167,0,-0.14765625000000004,-0.06625514403292176,0.14765625000000004,0.06625514403292176,2029,2373,2590,1886,2040,2375,2589,1887,-34,-16,22,-11,5000,5000,5000,5000,-48.33,37.71,-215.28,8.480204707214767,5.032599610525146,69.23802221945937,0.25784245940901585,0.11439203417414859,0.9593913323787173
,168,0,0.5523437499999999,0.4004115226337446,-0.5523437499999999,-0.4004115226337446,2485,2677,2134,1582,2486,2678,2176,1607,0,0,-180,-80,5000,4900,5000,4900,-37.89,62.2,-181.47,-26.853839508677282,-17.15131316397367,58.690551747217384,-0.6549259173400215,-0.45211858941922467,0.6055252462927547
,169,0,-0.5851562499999999,-0.37736625514403294,0.5851562499999999,0.37736625514403294,1744,2170,2875,2089,1785,2192,2874,2089,-172,-68,21,0,5000,5000,5000,4900,-37.75,25.12,-232.95000000000002,27.01008291561257,16.372016993048085,58.71497004782774,0.7272018039580302,0.37457348405388496,0.5752149523125429
,170,0,0.11484375000000002,0.08930041152263368,-0.11484375000000002,-0.08930041152263368,2200,2474,2419,1785,2200,2474,2431,1792,0,0,-38,-19,5000,5000,5000,5000,-48.620000000000005,47.870000000000005,-200.67000000000002,-6.7830563979069325,-4.118132308277133,69.48043877642776,-0.15816655696132367,-0.13815024176720153,0.9777002868766398
,171,0,-0.23515625,0.5559670781893002,0.23515625,-0.5559670781893002,1972,2778,2647,1481,1984,2778,2646,1523,-32,0,19,-166,5000,4800,4900,5000,-39.910000000000004,70.74,-217.38,8.388165450054117,-28.087758507888523,60.91211644992463,0.22859709174393353,-0.7344658657077798,0.6389861201593805
,172,0,0.46484375,-0.6366255144032922,-0.46484375,0.6366255144032922,2428,2001,2191,2258,2429,2050,2222,2258,0,-211,-122,0,4900,4800,4900,5000,-35.02,15.64,-185.20000000000002,-19.977984395416513,29.042754101720757,55.72168564819133,-0.47903123222628363,0.7010888734007029,0.5282077906898963
,173,0,-0.41015625,-0.1699588477366255,0.41015625,0.1699588477366255,1858,2305,2761,1954,1889,2310,2760,1955,-112,-18,23,0,5000,4900,4900,5000,-44.050000000000004,33.47,-226.9,20.38027666625024,8.467067319110235,65.00563294997298,0.5839405964124468,0.197296012130322,0.787456451785715
,174,0,0.28984374999999996,0.29670781893004106,-0.28984374999999996,-0.29670781893004106,2314,2609,2305,1650,2314,2611,2328,1668,0,0,-80,-52,5000,4900,4900,5000,-44.72,58.44,-193.45000000000002,-14.68064540945798,-14.188271963978437,65.57100465889872,-0.3568589736049612,-0.39391689512979844,0.8470425920158398
,175,0,-0.06015625000000002,-0.4810699588477366,0.06015625000000002,0.4810699588477366,2086,2102,2533,2157,2088,2141,2534,2158,-12,-157,0,0,5000,5000,5000,4900,-42.75,17.7,-207.02,1.615770530257862,25.53805190645203,63.56615572158645,0.0756591588668459,0.6528275185156307,0.7537187292009433
,176,0,0.63984375,-0.014403292181069949,-0.63984375,0.014403292181069949,2542,2407,2077,1852,2542,2408,2130,1853,0,0,-249,0,4900,5100,4800,4900,-37.38,42.86,-173.81,-33.18933481381441,2.659696310855715,58.093305711812995,-0.8329791866296974,0.05236853813833369,0.5508204887755909
,177,0,-0.62890625,0.4522633744855964,0.62890625,-0.4522633744855964,1715,2711,2904,1548,1760,2712,2903,1576,-202,0,21,-89,4900,5000,5100,5000,-35.77,61.97,-235.6,27.178006681599157,-20.578312128741672,56.841369396612706,0.6984813594607999,-0.5138110334265762,0.49811847226830186
,178,0,0.07109374999999996,-0.32551440329218106,-0.07109374999999996,0.32551440329218106,2171,2204,2448,2055,2172,2232,2454,2055,-10,-91,-28,-10,5000,5000,5000,5000,-46.15,25.61,-203.93,-2.0171218480761866,17.86419325038098,66.97059198829575,-0.02886399044613315,0.43164632445844797,0.9015810116883772
,179,0,-0.27890624999999997,0.1411522633744855,0.27890624999999997,-0.1411522633744855,1943,2508,2676,1751,1962,2508,2675,1761,-59,0,20,-26,5000,5000,5000,4900,-46.63,48.67,-221.79,14.244250926371052,-6.3462848586185885,67.59836999373906,0.4127191630071274,-0.19069099910460793,0.8906738097346204
,180,0,0.42109375000000004,0.6078189300411521,-0.42109375000000004,-0.6078189300411521,2400,2812,2219,1447,2401,2812,2248,1489,0,0,-115,-170,5000,4900,5100,4800,-36.18,72.98,-191.02,-18.04456269465274,-28.555648009896302,57.055685166739075,-0.4212880798501185,-0.7266889903666728,0.5426227649629766
,181,0,-0.45390624999999996,-0.5847736625514403,0.45390624999999996,0.5847736625514403,1829,2035,2790,2224,1858,2077,2790,2225,-103,-171,0,0,5000,5000,5000,5000,-36.550000000000004,14.93,-224.62,19.392276636564816,27.097105297477153,57.447488940631274,0.5321807339574558,0.6391936220124191,0.5551713068802722
,182,0,0.24609375,-0.11810699588477369,-0.24609375,0.11810699588477369,2285,2339,2334,1920,2285,2343,2356,1921,0,-16,-76,0,5000,5000,5000,4900,-47.13,36.89,-193.13,-13.5579835299649,7.341049420473517,67.9249271362359,-0.35993379851068735,0.16514319653824094,0.9182458196620331
,183,0,-0.10390624999999998,0.348559670781893,0.10390624999999998,-0.348559670781893,2057,2643,2562,1616,2063,2644,2561,1642,-19,0,20,-81,5000,5000,5000,5000,-45.51,61.550000000000004,-211.84,3.453667594998791,-18.52910449418121,66.46104106327911,0.10417625976855692,-0.5120560000964769,0.8526112594059683
,184,0,0.5960937499999999,-0.42921810699588475,-0.5960937499999999,0.42921810699588475,2514,2136,2105,2123,2514,2164,2148,2124,0,-93,-187,0,5100,4900,5000,5000,-36.58,27.38,-177.28,-28.679268528021197,17.86809599661683,57.27161167149598,-0.7055611746897317,0.4244129720124299,0.5675007118568415
,185,0,-0.54140625,0.037448559670781756,0.54140625,-0.037448559670781756,1772,2440,2847,1819,1814,2440,2846,1821,-178,0,22,-11,5000,5000,5000,4800,-41.46,41.480000000000004,-233.97,26.90632195658756,-0.008854167602684981,62.47135044410581,0.7421462961672745,-0.029363421308828158,0.6695944030338341
,186,0,0.15859374999999998,0.5041152263374484,-0.15859374999999998,-0.5041152263374484,2228,2745,2391,1514,2228,2746,2403,1549,0,0,-38,-131,5000,5000,5000,4900,-41.67,69.53,-203.44,-5.44681155952739,-25.93540271260163,62.59914806635811,-0.1181641735653754,-0.696672244366738,0.7075909920389207
,187,0,-0.19140625,-0.2736625514403292,0.19140625,0.2736625514403292,2000,2238,2619,2021,2009,2261,2618,2022,-28,-73,21,-7,5000,5000,5000,4900,-46.29,28.560000000000002,-216.12,9.945316338535747,14.0992529955669,67.17915255304558,0.2926668033832526,0.33523285022744836,0.8955250294245324
,188,0,0.50859375,0.19300411522633742,-0.50859375,-0.19300411522633742,2457,2542,2162,1717,2458,2542,2204,1727,0,0,-177,-25,5000,5000,5100,4900,-41.31,51.96,-181.23,-26.419113445919237,-6.908706024751758,62.08342843845147,-0.6692228771210074,-0.21406562779042715,0.7115593072517362
,189,0,-0.36640625,0.6596707818930039,0.36640625,-0.6596707818930039,1886,2846,2733,1413,1907,2847,2732,1458,-65,0,19,-184,4800,5000,5000,4900,-35.61,74.56,-222.17000000000002,12.930312167926218,-32.23436514707792,56.6458468178978,0.33383784709778425,-0.8057031776001955,0.48927975785849254
,190,0,0.3335937499999999,-0.6711934156378601,-0.3335937499999999,0.6711934156378601,2342,1978,2277,2281,2342,2033,2297,2281,0,-257,-70,0,5100,5000,5100,4800,-35.87,12.5,-191.79,-13.195379700018691,31.733606656329556,56.596777686392116,-0.3125818566496639,0.7775862346498836,0.5455751374251442
,191,0,-0.016406249999999956,-0.20452674897119338,0.016406249999999956,0.20452674897119338,2114,2283,2505,1976,2118,2290,2506,1977,-16,-22,-6,0,5000,5000,5000,5000,-47.730000000000004,29.830000000000002,-206.63,0.38441984326254897,13.476251306977233,68.57476249235073,0.03248818143696359,0.3469739971859324,0.9373118815761032
,192,0,0.68359375,0.26213991769547307,-0.68359375,-0.26213991769547307,2571,2587,2048,1672,2572,2588,2101,1688,0,0,-253,-42,4800,4800,5000,5000,-35.53,54.17,-173.99,-33.76368164843288,-8.641936652792026,56.27280631094668,-0.8296104699740273,-0.2353727639269182,0.506306359935243
,193,0,-0.68359375,-0.5156378600823045,0.68359375,0.5156378600823045,1679,2080,2940,2179,1732,2110,2939,2180,-251,-111,21,0,5000,5000,5000,5000,-32.910000000000004,19.45,-234.96,29.421314146051856,21.879701151554805,53.87080044267473,0.7602423476339104,0.5033864779127195,0.4106502486529237
,194,0,0.016406249999999956,-0.048971193415637826,-0.016406249999999956,0.048971193415637826,2136,2384,2483,1875,2138,2386,2489,1877,-15,-16,-29,-12,5000,5000,5000,4900,-49.25,39.07,-205.93,-0.9445705277741467,4.30887551871885,70.11456954212862,-0.0026748925198198975,0.08896696532941922,0.9960309854768983
,195,0,-0.33359374999999997,0.41769547325102874,0.33359374999999997,-0.41769547325102874,1908,2688,2711,1571,1929,2689,2710,1602,-60,0,21,-111,5000,5000,5100,4800,-42.24,62.88,-222.99,14.504232576356713,-20.617350946447488,63.25034949488089,0.40440239465565764,-0.5442806938278799,0.7349947139422245
,196,0,0.36640625000000004,-0.360082304526749,-0.36640625000000004,0.360082304526749,2364,2181,2255,2078,2364,2205,2281,2078,0,-76,-97,0,5000,4900,4900,5000,-42.77,27.19,-187.75,-18.250326479765164,17.369280925670665,63.51352253910005,-0.44508692607880274,0.41326359841146587,0.7944248400331704
,197,0,-0.50859375,0.10658436213991773,0.50859375,-0.10658436213991773,1793,2485,2826,1774,1832,2485,2825,1779,-160,-1,21,-15,5000,5000,4900,5000,-42.26,45.07,-232.22,24.914313009816823,-3.4703636781611635,63.27163305937278,0.6948325187877703,-0.11526333777074461,0.7098747310624534
,198,0,0.19140625,0.5732510288065842,-0.19140625,-0.5732510288065842,2250,2790,2369,1469,2250,2790,2383,1509,-8,0,-44,-161,5000,4900,5000,4700,-39.59,72.57000000000001,-202.62,-6.459936713858383,-28.919115925969805,60.52274904833821,-0.1411619922978102,-0.7622852837639513,0.6316600652941623
,199,0,-0.15859374999999998,-0.6193415637860082,0.15859374999999998,0.6193415637860082,2022,2012,2597,2247,2027,2062,2597,2247,-18,-220,16,0,5000,4800,4900,4800,-38.53,11.82,-210.76,5.7642108401948065,31.1403617170327,59.35011874580437,0.19385040082949734,0.7773898089730346,0.5984037992886679
,200,0,0.5414062499999999,-0.15267489711934157,-0.5414062499999999,0.15267489711934157,2478,2316,2141,1943,2479,2320,2186,1944,0,-13,-195,0,5000,5000,4800,5000,-40.53,38.43,-178.29,-28.436000328914503,6.786475118200066,61.2545250888754,-0.7353867583977888,0.161253077730777,0.6581821636109135
,201,0,-0.59609375,0.3139917695473251,0.59609375,-0.3139917695473251,1736,2621,2883,1638,1778,2622,2882,1655,-177,0,20,-43,4800,5000,5000,4800,-38.42,55.44,-235.29,27.296369276268706,-14.034724167721592,59.47327875914333,0.7254385063796368,-0.36007512508810197,0.5865874851669352
,202,0,0.10390624999999998,-0.4637860082304527,-0.10390624999999998,0.4637860082304527,2193,2114,2426,2145,2193,2150,2435,2146,0,-134,-32,-6,5000,5000,5000,5000,-43.09,19.0,-202.99,-2.4943335364783934,24.51376338320688,63.88923091677523,-0.03821879698203298,0.6115005594109779,0.7903204346322493
,203,0,-0.24609375,0.0028806584362138787,0.24609375,-0.0028806584362138787,1965,2418,2654,1841,1983,2419,2653,1845,-55,0,22,-12,5000,5000,5000,5000,-47.51,41.2,-220.33,13.287201763336725,1.2076536194782932,68.45216760949032,0.39455301521424696,0.005742040178332497,0.9188552373251929
,204,0,0.45390624999999996,0.46954732510288033,-0.45390624999999996,-0.46954732510288033,2421,2722,2198,1537,2422,2724,2230,1567,0,-1,-128,-103,5000,4900,5100,4700,-38.93,66.33,-187.21,-21.410577170675595,-21.65601516203347,59.769743587609376,-0.5158437293951925,-0.5660604905025571,0.643024702430368
,205,0,-0.42109375,-0.30823045267489707,0.42109375,0.30823045267489707,1850,2215,2769,2044,1878,2237,2768,2046,-96,-68,23,-12,5000,5000,5000,5000,-42.6,28.04,-226.68,20.534045802200524,13.895375251902337,63.54083670488785,0.5673490260208678,0.3277396189682304,0.7554480953922196
,206,0,0.27890625,0.15843621399176955,-0.27890625,-0.15843621399176955,2307,2519,2312,1740,2307,2519,2335,1749,0,0,-79,-24,5000,5000,5000,4900,-46.37,51.17,-192.33,-15.31568331427124,-6.854605312998203,67.19699983470667,-0.38233907446792054,-0.21047375014505815,0.8997319782217862
,207,0,-0.07109374999999996,0.625102880658436,0.07109374999999996,-0.625102880658436,2079,2824,2540,1435,2081,2825,2540,1483,-13,0,19,-208,4900,4900,5100,4900,-38.34,74.8,-209.52,0.27989147804831305,-31.61292475312213,59.31299289673733,0.019051565540012062,-0.8299443873812081,0.5575207186328649
,208,0,0.62890625,-0.5674897119341563,-0.62890625,0.5674897119341563,2535,2046,2084,2213,2535,2086,2127,2214,0,-160,-184,0,4800,4900,5000,4900,-33.18,21.740000000000002,-177.11,-28.452027807009188,23.496979289270513,53.856566352265475,-0.6954673309760669,0.5641420728021825,0.4450493379834221
,209,0,-0.6398437499999999,-0.10082304526748975,0.6398437499999999,0.10082304526748975,1708,2350,2911,1909,1758,2352,2910,1909,-227,-17,21,0,5000,5000,5100,4700,-38.25,38.800000000000004,-237.74,30.86397004398472,2.40161744640573,59.27353115365467,0.8286944982966983,0.030357650127076464,0.5588773045772624
,210,0,0.06015625000000002,0.3658436213991769,-0.06015625000000002,-0.3658436213991769,2164,2654,2455,1605,2165,2655,2461,1632,0,0,-27,-84,5000,5000,5000,4900,-45.25,62.79,-207.0,-1.4576363519863094,-19.44062015792288,66.17991344976154,-0.015717846213941573,-0.5440246518745946,0.8389220032059722
,211,0,-0.28984374999999996,-0.4119341563786008,0.28984374999999996,0.4119341563786008,1936,2147,2683,2112,1953,2179,2683,2113,-50,-115,21,0,5000,5000,5000,5000,-42.86,21.84,-219.32,13.607834942093064,20.578321669926794,63.74827415363751,0.390144656934542,0.49634172454640796,0.7755204956284046
,212,0,0.41015625,0.054732510288065694,-0.41015625,-0.054732510288065694,2392,2452,2227,1807,2393,2452,2259,1811,0,0,-128,-13,4900,4800,5000,5000,-44.13,45.26,-184.71,-22.508781268067537,-0.45060956949675557,64.90390577987446,-0.5890695581873187,-0.050897547024553604,0.8064778331261683
,213,0,-0.46484375,0.5213991769547321,0.46484375,-0.5213991769547321,1822,2756,2797,1503,1853,2756,2796,1535,-119,0,22,-115,5000,5000,5000,5000,-37.86,67.45,-227.84,19.056040070076335,-25.516522063411344,58.90627641690154,0.5005741397384363,-0.6423003442026779,0.5804100261558608
,214,0,0.23515624999999996,-0.25637860082304526,-0.23515624999999996,0.25637860082304526,2278,2249,2341,2010,2278,2268,2359,2012,-1,-57,-58,-11,5000,4900,5000,5000,-46.06,30.93,-194.11,-12.173048155545075,13.218309296730716,66.84480197884997,-0.2899897393710866,0.30481809216850597,0.9071890000139117
,215,0,-0.11484375000000002,0.21028806584362125,0.11484375000000002,-0.21028806584362125,2050,2553,2569,1706,2058,2553,2568,1722,-24,-1,20,-41,5000,5000,5000,5000,-47.47,54.24,-212.92000000000002,5.014793923727069,-11.30300640179577,68.40795938333648,0.1510321665226342,-0.3201861223984587,0.9352380080487098
,216,0,0.58515625,0.6769547325102878,-0.58515625,-0.6769547325102878,2506,2857,2113,1402,2506,2858,2152,1446,0,-9,-154,-185,4900,4900,5000,4900,-30.990000000000002,74.84,-183.91,-25.238671111835544,-29.946757349709117,51.83482136019277,-0.5726512557611808,-0.7313743287174771,0.3703540610931684
,217,0,-0.5523437499999999,-0.6539094650205761,0.5523437499999999,0.6539094650205761,1765,1990,2854,2269,1798,2041,2854,2269,-125,-225,8,0,5100,4700,4800,4800,-32.85,13.11,-228.3,23.20449012446545,28.654207060392917,53.761398542581716,0.6166732979897499,0.658087251522209,0.4320129777337609
,218,0,0.14765625000000004,-0.18724279835390945,-0.14765625000000004,0.18724279835390945,2221,2294,2398,1965,2221,2301,2414,1966,0,-22,-54,0,5000,5000,5000,4900,-47.550000000000004,32.0,-199.02,-7.353659353275873,11.823888333618001,68.36209619889893,-0.18057878008894176,0.29220792879445295,0.9391516547029265
,219,0,-0.20234375,0.2794238683127571,0.20234375,-0.2794238683127571,1993,2598,2626,1661,2004,2600,2625,1682,-33,-1,22,-65,5000,5000,5000,5000,-46.11,56.75,-217.55,9.471463549147984,-14.123406993319676,67.07753225147917,0.2707721976822878,-0.39181531270935904,0.8792969792332802
,220,0,0.4976562499999999,-0.49835390946502056,-0.4976562499999999,0.49835390946502056,2449,2091,2170,2168,2450,2125,2206,2169,0,-131,-145,0,5000,4900,5000,4800,-37.81,22.11,-182.54,-23.08178421196186,22.774869440074042,58.51464976666956,-0.5604449407533664,0.5463131255003434,0.6224495459794323
,221,0,-0.37734375,-0.03168724279835389,0.37734375,0.03168724279835389,1879,2395,2740,1864,1908,2396,2739,1864,-103,-1,12,0,5000,4900,5000,5000,-45.32,39.54,-226.36,19.425948160743786,2.4509572990582953,66.28823862991067,0.5689522484839431,0.029033996726435925,0.821857874561749
,222,0,0.3226562500000001,0.43497942386831245,-0.3226562500000001,-0.43497942386831245,2335,2700,2284,1559,2336,2701,2308,1589,0,-1,-82,-101,5000,5000,5000,4800,-41.85,65.44,-193.53,-15.059120649481542,-21.18590615104297,62.71913294426729,-0.3592908183805119,-0.5660386035572648,0.7419638853141056
,223,0,-0.02734375,-0.342798353909465,0.02734375,0.342798353909465,2107,2193,2512,2066,2109,2222,2513,2066,-15,-93,-4,0,5000,5000,5000,5000,-45.75,24.35,-206.48000000000002,0.6139619587886216,18.948209620261615,66.5801992231417,0.04352821737188012,0.4701882408680878,0.8814920943728307
,224,0,0.67265625,0.12386831275720167,-0.67265625,-0.12386831275720167,2564,2497,2055,1762,2565,2497,2110,1768,0,0,-272,-15,4800,5000,4900,4600,-36.410000000000004,48.01,-173.36,-33.98099184023016,-2.4509840341641294,57.13407395485618,-0.8423708865112294,-0.08598691038342154,0.5319939292896096
,225,0,-0.6617187499999999,0.5905349794238681,0.6617187499999999,-0.5905349794238681,1694,2801,2925,1458,1742,2801,2924,1497,-213,0,20,-156,4800,5000,4800,5000,-32.31,68.17,-235.27,26.44728147731192,-26.751807701762516,53.39543076023056,0.6638808061900022,-0.6478105922151728,0.3736358009965591
,226,0,0.038281250000000044,-0.6020576131687242,-0.038281250000000044,0.6020576131687242,2150,2024,2469,2235,2151,2072,2471,2236,0,-206,-22,0,5100,4800,5000,5000,-39.35,12.540000000000001,-205.89000000000001,0.8528322387341802,30.752770302398897,60.14751019823948,0.05679362127916595,0.7815958908421629,0.6211942916677876
,227,0,-0.31171875,-0.13539094650205763,0.31171875,0.13539094650205763,1922,2328,2697,1931,1947,2332,2696,1932,-84,-17,20,0,5000,5000,5000,4900,-46.04,34.1,-222.76,16.19764483710972,8.12338525385423,66.97643827264748,0.5005074510691275,0.21175726122886707,0.8394350205591461
,228,0,0.3882812499999999,0.33127572016460904,-0.3882812499999999,-0.33127572016460904,2378,2632,2241,1627,2379,2633,2269,1648,0,0,-108,-60,5000,5000,5000,4900,-42.57,59.84,-188.57,-19.633518575938297,-15.262127522705,63.4001104570198,-0.4846276694089447,-0.4156879438382196,0.7696359888874785
,229,0,-0.48671875,-0.44650205761316875,0.48671875,0.44650205761316875,1808,2125,2811,2134,1841,2156,2810,2135,-125,-108,21,0,5100,4900,5000,4800,-39.050000000000004,21.43,-227.86,22.174348574914745,20.400576392076466,59.98011136590098,0.6037116995874903,0.482421838965772,0.6346663320754199
,230,0,0.21328124999999998,0.02016460905349793,-0.21328124999999998,-0.02016460905349793,2264,2429,2355,1830,2264,2431,2375,1834,0,-1,-64,-13,5000,5000,5000,4900,-47.83,43.87,-194.76,-12.405906097425799,0.2690452087885262,68.65071913077966,-0.3174872145447947,-0.02672099536369157,0.9478859936761174
,231,0,-0.13671875,0.48683127572016427,0.13671875,-0.48683127572016427,2036,2733,2583,1526,2042,2734,2582,1561,-19,0,20,-136,4900,5000,5000,4900,-42.25,68.32000000000001,-212.73000000000002,3.9007361971564762,-25.353002703408848,63.222655216122455,0.11836217750236555,-0.6811451786090835,0.7225175711320094
,232,0,0.56328125,-0.29094650205761313,-0.56328125,0.29094650205761313,2492,2226,2127,2033,2493,2245,2170,2034,0,-53,-186,0,5000,4800,5000,4800,-39.21,33.75,-177.93,-28.473127193190948,11.47630641432471,59.920919446326295,-0.7116140919449132,0.2622224348821785,0.651801180414609
,233,0,-0.57421875,0.17572016460905338,0.57421875,-0.17572016460905338,1751,2531,2868,1728,1791,2531,2867,1735,-166,0,23,-19,4900,5000,5000,4900,-40.01,48.77,-235.09,27.539044551310923,-7.36190353296935,61.04540263699386,0.7494327927815695,-0.20618893573887878,0.6291554751271625
,234,0,0.12578124999999996,0.6423868312757199,-0.12578124999999996,-0.6423868312757199,2207,2835,2412,1424,2207,2836,2421,1472,-1,0,-30,-209,4900,5000,5000,5000,-37.77,75.52,-206.69,-2.5894412440235897,-32.14206265594251,58.73063320561306,-0.042126191394500814,-0.83781967868902,0.5443193639767203
,235,0,-0.22421874999999997,-0.5502057613168724,0.22421874999999997,0.5502057613168724,1979,2057,2640,2202,1989,2100,2640,2203,-26,-183,0,0,5000,4900,5000,5000,-40.25,15.030000000000001,-214.4,9.171050055961047,27.697124870124767,61.09644820327021,0.28195326019176375,0.6859908062297161,0.6707599964484615
,236,0,0.47578125000000004,-0.08353909465020581,-0.47578125000000004,0.08353909465020581,2435,2362,2184,1897,2436,2364,2223,1897,0,-16,-166,0,5000,5000,4900,5000,-42.6,41.050000000000004,-181.19,-25.729361962161164,3.9827971939805096,63.34564891324898,-0.6789409955976587,0.07552964148459945,0.7302974720989159
,237,0,-0.39921874999999996,0.38312757201646086,0.39921874999999996,-0.38312757201646086,1865,2666,2754,1593,1892,2667,2753,1615,-93,0,19,-68,4900,4900,5000,5000,-41.77,61.26,-225.77,17.389410513016003,-19.189866408152753,62.79020151135398,0.47248524044504603,-0.5004662083245377,0.7254593523326083
,238,0,0.30078125,-0.3946502057613169,-0.30078125,0.3946502057613169,2321,2159,2298,2100,2321,2186,2320,2101,0,-89,-76,-10,5000,5000,5000,5000,-43.14,24.310000000000002,-191.69,-14.126873830719518,19.978064918239838,63.89599388599194,-0.33853964351582827,0.4824041900452784,0.8078843402337579
,239,0,-0.04921874999999998,0.07201646090534974,0.04921874999999998,-0.07201646090534974,2093,2463,2526,1796,2099,2463,2527,1804,-19,0,-17,-18,5000,5000,5000,5000,-48.83,47.06,-209.71,2.289870793809513,-3.919018165141047,69.73370885325346,0.07628458093444401,-0.13454386673914295,0.9879669076616563
,240,0,0.6507812499999999,0.5386831275720163,-0.6507812499999999,-0.5386831275720163,2549,2767,2070,1492,2549,2767,2118,1526,0,0,-220,-120,4800,4800,5000,4700,-32.660000000000004,68.19,-179.09,-29.607155627677145,-22.982099236316998,53.4638334529698,-0.6965320163165827,-0.5757595420723082,0.42818699181390535
,241,0,-0.61796875,-0.23909465020576132,0.61796875,0.23909465020576132,1722,2260,2897,1999,1766,2274,2896,2001,-186,-37,21,-11,4800,5000,5000,4900,-38.42,33.04,-235.98000000000002,29.49569640204541,8.26765772543748,59.42015545433954,0.7925559722407141,0.17657408238650135,0.5836751016575421
,242,0,0.08203125,0.2275720164609053,-0.08203125,-0.2275720164609053,2178,2564,2441,1695,2178,2566,2449,1711,0,-1,-31,-41,5000,5000,5000,5000,-47.47,55.75,-204.31,-3.677348023329472,-12.228922158656431,68.36860987994076,-0.07579504498083835,-0.3468031240723488,0.934870421122634
,243,0,-0.26796875,0.6942386831275718,0.26796875,-0.6942386831275718,1950,2869,2669,1390,1963,2870,2668,1441,-34,0,20,-226,5000,5100,5100,4700,-35.32,76.85000000000001,-218.02,8.636749921308933,-34.240104074081714,56.34083109514814,0.22592846191464186,-0.857630524662577,0.46198074988453575
,244,0,0.43203124999999987,-0.698079561042524,-0.43203124999999987,0.698079561042524,2407,1961,2212,2298,2408,2016,2238,2298,0,-253,-98,0,5000,5000,5000,5000,-33.77,12.76,-187.20000000000002,-17.78226392890184,31.777737109184194,54.47445688737199,-0.4225947659831555,0.768875246325426,0.4798380136584195
,245,0,-0.44296874999999997,-0.23141289437585733,0.44296874999999997,0.23141289437585733,1836,2265,2783,1994,1870,2271,2782,1995,-127,-20,21,0,5000,5000,5000,5000,-42.86,30.38,-227.69,21.382641835044012,11.493342782735226,63.811806795689854,0.6044657040606296,0.27150730056543204,0.7489359107120981
,246,0,0.25703124999999993,0.23525377229080924,-0.25703124999999993,-0.23525377229080924,2293,2569,2326,1690,2293,2570,2345,1706,0,0,-63,-41,5000,5000,5000,5000,-45.92,55.160000000000004,-194.26,-13.657057418864127,-10.96694708269591,66.76676117037675,-0.3345012989563018,-0.3075042516877048,0.8908142433698122
,247,0,-0.09296875000000004,-0.5425240054869684,0.09296875000000004,0.5425240054869684,2064,2062,2555,2197,2068,2103,2556,2198,-15,-171,0,0,5000,5000,5000,4900,-40.910000000000004,14.82,-207.84,2.6370427063448005,28.35092522534204,61.72302066570278,0.11028135277976206,0.7211692973479451,0.6839246068038035
,248,0,0.6070312499999999,-0.07585733882030177,-0.6070312499999999,0.07585733882030177,2521,2367,2098,1892,2521,2367,2147,1892,0,0,-225,0,4800,5000,5100,5000,-38.57,41.94,-174.99,-31.955730289008585,3.5014228463481842,59.286878632009504,-0.8101401554864038,0.07708600191785848,0.5811460029775517
,249,0,-0.5304687499999999,0.3908093278463647,0.5304687499999999,-0.3908093278463647,1779,2671,2840,1588,1817,2672,2839,1611,-156,0,21,-69,5000,5000,5000,4900,-39.12,60.120000000000005,-231.48000000000002,23.17603727028765,-18.445111518371064,60.16598907213068,0.6203923433485345,-0.4760693767957976,0.6232746495661248
,250,0,0.16953125000000002,-0.3869684499314129,-0.16953125000000002,0.3869684499314129,2236,2164,2383,2095,2236,2192,2395,2095,0,-96,-42,-4,5000,5000,4900,5000,-44.45,23.150000000000002,-198.75,-7.011120834648921,20.663052130357627,65.23843636824124,-0.15537507620836005,0.5041997343903986,0.8494946812864089
,251,0,-0.18046874999999996,0.07969821673525379,0.18046874999999996,-0.07969821673525379,2007,2468,2612,1791,2020,2468,2611,1798,-39,-4,20,-19,5000,5000,5000,5000,-48.19,46.09,-216.95000000000002,9.581817313609235,-3.4413102739976864,69.12756437945171,0.2781165580877721,-0.12008929198106925,0.9530108824504033
,252,0,0.51953125,0.5463648834019204,-0.51953125,-0.5463648834019204,2464,2772,2155,1487,2465,2772,2195,1523,0,0,-161,-130,5000,4900,5000,4900,-35.980000000000004,69.43,-185.46,-23.35141716659328,-24.639361049418724,56.818847549713794,-0.5537765963081606,-0.6328030114599785,0.5411948171116668
,253,0,-0.35546875,-0.6462277091906721,0.35546875,0.6462277091906721,1893,1995,2726,2264,1913,2046,2726,2264,-58,-225,0,0,5000,5000,4900,4700,-36.39,11.59,-219.04,14.05110994024892,30.805334281713705,57.25108088928395,0.39728092073998583,0.7378282709740169,0.5456897585327055
,254,0,0.34453124999999996,-0.1795610425240055,-0.34453124999999996,0.1795610425240055,2350,2299,2269,1960,2350,2303,2298,1961,0,-18,-117,0,5000,5000,5000,4900,-45.17,34.52,-188.08,-18.427094537243192,10.040603451563712,65.93365467069387,-0.48897321616766604,0.23929872201657254,0.8388333061531852
,255,0,-0.005468750000000022,0.28710562414266116,0.005468750000000022,-0.28710562414266116,2121,2603,2498,1656,2123,2604,2498,1679,-15,0,20,-73,5000,5000,4900,4900,-46.83,58.6,-207.19,-0.9930844677984112,-15.268472952704641,67.75025712070978,-0.013283707197190488,-0.44422711767690726,0.8958157238202322
,256,0,0.69453125,-0.49067215363511657,-0.69453125,0.49067215363511657,2578,2096,2041,2163,2579,2128,2094,2164,0,-119,-250,0,5100,5000,5100,5000,-32.8,25.82,-173.92000000000002,-31.908090409950574,19.640325018826452,53.47088627394199,-0.7706905229701874,0.46239706041074724,0.43843480282413516
,257,0,-0.697265625,-0.02400548696844995,0.697265625,0.02400548696844995,1670,2400,2949,1859,1728,2401,2948,1859,-283,0,22,0,5000,4900,5000,4800,-36.4,40.02,-240.07,33.115284086428574,1.0219814720174938,57.438322811130924,0.8708645842111097,-0.004263336750515436,0.4915045268627369
,258,0,0.0027343749999999556,0.4426611796982165,-0.0027343749999999556,-0.4426611796982165,2127,2705,2492,1554,2129,2706,2494,1588,-1,0,-22,-121,5000,5000,5000,5000,-43.52,66.54,-210.54,1.8296765733637415,-23.42574303872695,64.47715998677336,0.06874855830799019,-0.6561214652962383,0.7515173041973752
,259,0,-0.34726562499999997,-0.335116598079561,0.34726562499999997,0.335116598079561,1899,2198,2720,2061,1921,2225,2719,2061,-64,-86,12,0,4900,5000,4900,4900,-43.43,26.23,-223.16,17.140180077313914,15.941001252426247,64.3486050549862,0.48581435166755077,0.3808201531586283,0.7867403807242108
,260,0,0.35273437500000004,0.1315500685871055,-0.35273437500000004,-0.1315500685871055,2355,2502,2264,1757,2355,2502,2292,1765,0,0,-109,-22,5000,5000,5000,4800,-45.230000000000004,49.47,-188.34,-19.176374861892413,-4.8926636016367056,66.03272087528742,-0.48954503506736324,-0.1654656759213044,0.8561347842091215
,261,0,-0.522265625,0.598216735253772,0.522265625,-0.598216735253772,1785,2806,2834,1453,1818,2806,2833,1494,-126,0,18,-164,5100,5000,5100,4800,-35.01,70.09,-229.96,21.006885572368674,-28.301615956369844,56.07361797762741,0.5369375770149529,-0.6948606072955757,0.47840022451722986
,262,0,0.177734375,-0.5943758573388203,-0.177734375,0.5943758573388203,2241,2029,2378,2230,2241,2075,2389,2231,0,-190,-36,0,5000,5000,4900,4900,-39.21,13.8,-199.15,-5.956051170460455,29.949775305688163,59.97690610904021,-0.12697591540214126,0.750443379167608,0.6486230427384537
,263,0,-0.17226562499999998,-0.1277091906721537,0.17226562499999998,0.1277091906721537,2013,2333,2606,1926,2026,2337,2605,1927,-38,-18,21,0,5000,5000,5000,4900,-47.82,34.19,-216.03,9.468380078446813,8.49253561215297,68.7228986417326,0.29700084595023524,0.21752725493611316,0.9297700741929714
,264,0,0.5277343749999999,0.33895747599451287,-0.5277343749999999,-0.33895747599451287,2469,2637,2150,1622,2470,2638,2191,1643,0,0,-171,-60,4900,5000,5000,4800,-39.480000000000004,59.300000000000004,-181.95000000000002,-26.187011817479004,-14.28575236945072,60.27560763365933,-0.6475645854048528,-0.38796898547265246,0.6558507254252002
,265,0,-0.609765625,-0.4388203017832647,0.609765625,0.4388203017832647,1727,2130,2892,2129,1769,2158,2891,2130,-174,-89,22,0,5000,5000,5000,5000,-36.230000000000004,22.650000000000002,-233.33,27.56316126037376,18.806412729596815,57.190659796458434,0.7350960324967827,0.42723206846967937,0.5264091400029152
,266,0,0.09023437499999998,0.027846364883401864,-0.09023437499999998,-0.027846364883401864,2184,2434,2435,1825,2184,2434,2445,1830,0,-1,-38,-13,5000,5000,5000,4900,-48.97,44.33,-201.46,-5.757778599001938,-0.6384812413385887,69.82545165651484,-0.12979938003104546,-0.05119589836540865,0.9902177038076598
,267,0,-0.259765625,0.4945130315500683,0.259765625,-0.4945130315500683,1956,2738,2663,1521,1971,2739,2662,1556,-40,0,20,-131,5000,5000,4900,5000,-41.29,67.63,-218.92000000000002,10.12774602127169,-25.08476109758486,62.29195919094694,0.28200242841290296,-0.6626173972401436,0.6938391854341489
,268,0,0.44023437499999996,-0.2832647462277092,-0.44023437499999996,0.2832647462277092,2412,2231,2207,2028,2413,2251,2239,2030,0,-58,-130,-10,5000,5000,4900,4900,-42.38,32.35,-183.53,-22.806830255378628,12.504522202781779,63.11540708989391,-0.5670749128697845,0.28479703898279374,0.7728626590671581
,269,0,-0.434765625,0.18340192043895742,0.434765625,-0.18340192043895742,1842,2536,2777,1723,1873,2536,2776,1733,-110,0,21,-25,5000,5000,4900,5000,-43.58,49.910000000000004,-228.81,21.179277676965654,-8.065589110981435,64.58674304865698,0.5923645773751341,-0.2303976880399627,0.7720240364243972
,270,0,0.265234375,0.650068587105624,-0.265234375,-0.650068587105624,2298,2840,2321,1419,2299,2841,2338,1466,0,0,-56,-195,5000,5000,4800,4900,-36.79,75.49,-199.83,-9.426979522872955,-31.652308132237778,57.716182225141075,-0.20950869594815946,-0.8157352096422996,0.5391494913954157
,271,0,-0.08476562499999996,-0.6807956104252401,0.08476562499999996,0.6807956104252401,2070,1972,2549,2287,2072,2031,2550,2287,-13,-280,0,0,5100,4800,4900,5000,-36.800000000000004,9.33,-207.15,2.3387864094005977,33.86318889074565,57.59575856300027,0.10053554161059396,0.8430552953798747,0.5283468309784943
,272,0,0.615234375,-0.2141289437585734,-0.615234375,0.2141289437585734,2526,2276,2093,1983,2526,2281,2142,1983,0,-17,-222,0,5000,5000,5100,4800,-37.76,36.51,-175.20000000000002,-31.37603759209847,8.902561827064673,58.46422798432609,-0.7923812503611258,0.21836810923025116,0.569602776456842
,273,0,-0.6535156249999999,0.25253772290809307,0.6535156249999999,-0.25253772290809307,1699,2581,2920,1678,1749,2582,2919,1692,-228,0,21,-32,4800,5000,4800,5000,-37.480000000000004,51.6,-237.77,30.03424636091239,-10.37341466660287,58.536026495128525,0.7946592164336588,-0.2724828157335493,0.5424664458443125
,274,0,0.04648437500000002,-0.5252400548696845,-0.04648437500000002,0.5252400548696845,2155,2074,2464,2185,2156,2114,2468,2186,0,-161,-25,0,4900,4800,5000,5000,-41.5,15.8,-205.79,0.5227826988226809,27.513094409999667,62.3052097633809,0.04460223482457994,0.7051400243864725,0.7076638938485542
,275,0,-0.30351562499999996,-0.05857338820301783,0.30351562499999996,0.05857338820301783,1927,2378,2692,1881,1951,2380,2691,1882,-77,-15,21,-11,5000,5000,5000,5000,-46.56,38.15,-223.04,16.201314225199894,4.0652255066853655,67.50806408282733,0.504543959294282,0.09267597833893675,0.8583976678548068
,276,0,0.396484375,0.4080932784636486,-0.396484375,-0.4080932784636486,2383,2682,2236,1577,2384,2683,2263,1604,0,0,-102,-90,5000,4900,4900,5000,-41.24,63.58,-189.24,-19.21089392886327,-19.042583028946368,62.08293750975203,-0.4692476090742077,-0.509728865197577,0.721098582277437
,277,0,-0.478515625,-0.36968449931412894,0.478515625,0.36968449931412894,1813,2175,2806,2084,1845,2199,2805,2084,-121,-75,20,0,5000,4800,5000,4900,-40.49,25.18,-228.65,22.702640949814054,16.609968814840933,61.43352161838575,0.6215817497799088,0.3896394406489715,0.6795713609557893
,278,0,0.22148437499999996,0.09698216735253773,-0.22148437499999996,-0.09698216735253773,2269,2479,2350,1780,2269,2479,2370,1786,0,0,-64,-18,5000,4900,5000,5000,-47.480000000000004,48.0,-194.91,-12.533131872943983,-3.862651937080088,68.31190901159054,-0.31211663169025045,-0.13347526550560182,0.9406208384468958
,279,0,-0.12851562500000002,0.5636488340192043,0.12851562500000002,-0.5636488340192043,2041,2783,2578,1476,2046,2783,2577,1520,-18,0,21,-175,5000,5000,5100,5000,-40.24,71.87,-211.89000000000001,2.832918518977067,-28.84400395533241,61.21744309137462,0.09407133485473006,-0.7638444071393083,0.6385078743763838
,280,0,0.571484375,-0.6289437585733881,-0.571484375,0.6289437585733881,2498,2006,2121,2253,2498,2052,2161,2253,0,-192,-167,0,5000,4800,4900,4800,-33.11,17.56,-180.29,-24.997023049774555,27.452793612067882,53.79195078883816,-0.6050573616171665,0.6572569521352367,0.4493538561343079
,281,0,-0.5660156249999999,-0.16227709190672157,0.5660156249999999,0.16227709190672157,1756,2310,2863,1949,1797,2314,2862,1950,-171,-17,23,0,5000,5000,5000,5000,-40.25,35.01,-234.13,27.50821091823434,6.4321415155882775,61.24582839739951,0.7592691141608146,0.13360465029020135,0.6369146015772332
,282,0,0.13398437500000004,0.3043895747599452,-0.13398437500000004,-0.3043895747599452,2212,2614,2407,1645,2212,2615,2419,1665,0,0,-41,-59,5000,5000,5000,4900,-46.15,59.46,-202.21,-6.016407284715797,-15.792614457597779,67.0474743947656,-0.1338036602267193,-0.44213703573343377,0.8869111692513432
,283,0,-0.216015625,-0.4733882030178326,0.216015625,0.4733882030178326,1984,2107,2635,2152,1994,2145,2635,2153,-29,-149,0,-3,4900,5000,4900,4900,-42.27,18.41,-214.66,9.192710375334627,24.31307341314328,63.126257693608196,0.2740414013070595,0.5982107447347726,0.7530240469291348
,284,0,0.4839843749999999,-0.006721536351166013,-0.4839843749999999,0.006721536351166013,2441,2412,2178,1847,2442,2413,2218,1849,0,-3,-170,-9,5000,4800,4800,4900,-42.32,42.37,-180.86,-26.146289319490705,2.687261787141125,63.06733328606342,-0.6836353141619993,0.03231845550021144,0.7291078621608085
,285,0,-0.391015625,0.45994513031550044,0.391015625,-0.45994513031550044,1870,2716,2749,1543,1895,2717,2748,1575,-82,0,21,-109,5000,5000,4800,4900,-40.53,64.84,-225.03,16.415620184564432,-22.71534209185667,61.55555435535087,0.43826411402344423,-0.5866072775749196,0.6810407243736507
,286,0,0.3089843750000001,-0.3178326474622771,-0.3089843750000001,0.3178326474622771,2326,2209,2293,2050,2326,2233,2315,2050,0,-77,-76,0,5000,5000,5000,5000,-44.29,28.75,-190.24,-15.878594025551621,15.649262988312088,65.0499220512046,-0.3847525326681853,0.3686664414542826,0.8461976976752253
,287,0,-0.041015625,0.14883401920438954,0.041015625,-0.14883401920438954,2098,2513,2521,1746,2102,2513,2521,1757,-18,-1,22,-29,5000,5000,5000,5000,-48.34,51.370000000000005,-208.92000000000002,1.2133319802492224,-8.16731332407177,69.25064319984386,0.04983493688129153,-0.2401743624939955,0.9694497174514212
,288,0,0.658984375,0.6155006858710561,-0.658984375,-0.6155006858710561,2555,2817,2064,1442,2555,2818,2113,1482,0,0,-215,-158,4700,5100,4600,4700,-30.900000000000002,71.49,-179.92000000000002,-28.993141201758334,-26.335577381134044,51.71635795471579,-0.6702724881939193,-0.6445967660777269,0.3677360476380696
,289,0,-0.6753906249999999,-0.5770919067215363,0.6753906249999999,0.5770919067215363,1685,2040,2934,2219,1733,2078,2933,2220,-215,-146,22,0,4800,5000,4900,4900,-31.830000000000002,17.13,-234.15,28.77487303879508,24.245947788905433,52.780896434940324,0.7426355916936127,0.5449199619918276,0.3893001579407627
,290,0,0.024609375000000044,-0.11042524005486964,-0.024609375000000044,0.11042524005486964,2141,2344,2478,1915,2142,2349,2484,1915,0,-17,-29,0,5000,5000,5000,5000,-48.77,35.24,-205.48000000000002,-1.132883283701318,8.159115784082275,69.62264657567016,-0.0025370342035346337,0.18112908825906401,0.9834560574036291
,291,0,-0.325390625,0.3562414266117968,0.325390625,-0.3562414266117968,1913,2648,2706,1611,1935,2649,2705,1637,-64,0,19,-81,5000,5000,5000,4900,-43.49,59.79,-222.9,14.616823480106177,-17.524755699352013,64.4920732669153,0.4079091574995735,-0.46844345262868925,0.7836905326194147
,292,0,0.3746093749999999,-0.42153635116598076,-0.3746093749999999,0.42153635116598076,2369,2141,2250,2118,2370,2171,2276,2119,0,-106,-97,0,5000,4900,5000,5000,-41.6,24.16,-187.95000000000002,-17.840754428446644,20.37553876758782,62.33688983400879,-0.4305385593588787,0.49283791913981745,0.7561397584859002
,293,0,-0.500390625,0.04513031550068569,0.500390625,-0.04513031550068569,1799,2445,2820,1814,1838,2445,2819,1817,-159,0,21,-11,4900,5000,5100,5000,-42.56,41.86,-231.96,24.86997706708246,-0.2492931066492048,63.56221643384818,0.6991599292754906,-0.035420316954948065,0.7140873857185146
,294,0,0.19960937499999998,0.5117969821673523,-0.19960937499999998,-0.5117969821673523,2255,2750,2364,1509,2255,2751,2379,1543,0,0,-44,-127,5000,4900,5000,5000,-41.2,69.82000000000001,-201.18,-7.718928213746636,-26.07367506166277,62.11855815062481,-0.17151680649013915,-0.7000466762927153,0.6931930727459316
,295,0,-0.150390625,-0.2659807956104252,0.150390625,0.2659807956104252,2027,2243,2592,2016,2033,2265,2591,2018,-21,-68,21,-11,5000,5000,5000,5000,-46.69,28.53,-214.14000000000001,7.96993976472217,14.263855007625054,67.5691443084135,0.23420092743845014,0.3406880741304394,0.910539159911457
,296,0,0.549609375,0.20068587105624125,-0.549609375,-0.20068587105624125,2483,2547,2136,1712,2484,2547,2179,1723,0,0,-181,-26,5100,5000,5000,5000,-40.050000000000004,52.22,-179.28,-28.37609936158904,-7.0402106571282985,60.81432928648048,-0.7136105353829405,-0.2138203366977647,0.6671138339181153
,297,0,-0.587890625,0.6673525377229079,0.587890625,-0.6673525377229079,1742,2851,2877,1408,1782,2852,2876,1452,-163,0,20,-177,5000,5000,5000,5000,-31.970000000000002,72.62,-231.54,22.42730480371327,-30.94108732973403,53.04797753692442,0.5586380208555664,-0.746646561203282,0.361168207761827
,298,0,0.11210937499999996,-0.663511659807956,-0.11210937499999996,0.663511659807956,2198,1983,2421,2276,2198,2038,2427,2276,0,-251,-26,0,4800,5100,5000,4900,-37.44,10.59,-202.88,-2.0095196498053554,32.89585175349402,58.21752482001864,-0.019655713216647743,0.8251467252954744,0.5645764205774981
,299,0,-0.23789062499999997,-0.19684499314128945,0.23789062499999997,0.19684499314128945,1970,2288,2649,1971,1988,2294,2648,1972,-54,-20,23,0,5000,5000,5000,5000,-46.43,30.740000000000002,-218.79,12.461484389443001,11.744565673376187,67.33804230824657,0.38761348472406376,0.3149335727758716,0.8663559494795965
,300,0,0.46210937500000004,0.2698216735253771,-0.46210937500000004,-0.2698216735253771,2426,2592,2193,1667,2427,2593,2227,1685,0,0,-139,-50,5000,5000,5000,4900,-41.82,56.1,-184.11,-23.82741806979385,-11.232027695238372,62.61831610036869,-0.6048695253776591,-0.31232146043354025,0.7325217830358801
,301,0,-0.41289062499999996,-0.5079561042524006,0.41289062499999996,0.5079561042524006,1856,2085,2763,2174,1884,2119,2762,2175,-98,-131,22,0,4800,5000,4900,5000,-39.07,17.43,-223.25,17.84460955613187,24.702399887628843,59.96689613443449,0.48772368431274,0.592242289857449,0.6413849685366912
,302,0,0.287109375,-0.04128943758573389,-0.287109375,0.04128943758573389,2312,2389,2307,1870,2312,2390,2332,1870,0,-10,-87,1,5000,4900,5000,4800,-46.65,40.84,-190.62,-16.32635093876675,3.567955045977847,67.44232923836148,-0.43395608941111735,0.05645395033212913,0.8991635357124459
,303,0,-0.06289062499999998,0.42537722908093256,0.06289062499999998,-0.42537722908093256,2084,2693,2535,1566,2087,2694,2535,1599,-14,0,19,-120,4900,5000,5000,5000,-44.02,65.58,-209.24,0.5949898581010018,-22.378833955449437,64.96820997048655,0.034195742658749355,-0.6190640953792992,0.7845956264192573
,304,0,0.6371093749999999,-0.35240054869684495,-0.6371093749999999,0.35240054869684495,2540,2186,2079,2073,2540,2209,2127,2073,0,-64,-214,0,5000,4900,5100,4900,-36.35,31.720000000000002,-175.05,-31.195790712595965,13.687723038307304,57.04139867451815,-0.7702775192445711,0.31682615722868,0.5534380990157222
,305,0,-0.631640625,0.11426611796982167,0.631640625,-0.11426611796982167,1713,2490,2906,1769,1761,2490,2905,1773,-217,0,22,-14,5000,4800,5100,5000,-38.63,44.95,-237.5,30.20785868069086,-3.7170854458699694,59.66785690099262,0.8122642447886453,-0.1148547257084457,0.5718699053284491
,306,0,0.068359375,0.5809327846364882,-0.068359375,-0.5809327846364882,2170,2795,2449,1464,2171,2795,2454,1507,0,0,-25,-176,5000,5000,4800,4700,-39.67,73.09,-208.72,-0.4093614955452267,-29.84907265368801,60.63464190828099,0.009490234434547298,-0.793360205009984,0.608678503445697
,307,0,-0.281640625,-0.6116598079561042,0.281640625,0.6116598079561042,1941,2017,2678,2242,1955,2066,2678,2242,-35,-213,15,0,5000,5000,5000,4900,-38.13,12.73,-216.65,11.581279897988964,29.8340843799362,58.98195153455103,0.3460257737734664,0.7268018175079798,0.5933171849454318
,308,0,0.41835937499999987,-0.14499314128943763,-0.41835937499999987,0.14499314128943763,2398,2321,2221,1938,2399,2325,2254,1939,0,-16,-135,0,5000,4900,4900,5000,-43.84,37.14,-184.0,-22.668051225762866,7.697923774978669,64.58983984006585,-0.6046799322601736,0.17497153259695536,0.7770116744956305
,309,0,-0.45664062499999997,0.32167352537722893,0.45664062499999997,-0.32167352537722893,1827,2626,2792,1633,1861,2627,2791,1652,-122,0,21,-52,5000,5000,5000,5000,-41.68,57.21,-229.04,20.925537223335226,-15.36988218469115,62.706365832365634,0.5665365453149532,-0.40330525313977805,0.7185966988599781
,310,0,0.24335937499999993,-0.45610425240054864,-0.24335937499999993,0.45610425240054864,2284,2119,2335,2140,2284,2152,2353,2141,0,-119,-60,0,5000,5000,5000,5000,-42.49,20.53,-195.56,-10.007626813262277,23.48660147202822,63.255856978838125,-0.23354744131717706,0.5736793890791579,0.7850780542086011
,311,0,-0.10664062500000004,0.010562414266117925,0.10664062500000004,-0.010562414266117925,2055,2423,2564,1836,2064,2425,2563,1841,-26,-15,20,-14,5000,5000,5000,5000,-48.82,42.75,-213.23000000000002,6.0925760178841415,0.143742285417936,69.73046845675937,0.18153099382311658,-0.02367836899977191,0.9831001134793453
,312,0,0.5933593749999999,0.4772290809327844,-0.5933593749999999,-0.4772290809327844,2512,2727,2107,1532,2512,2728,2150,1561,0,0,-180,-103,5000,5000,5000,4900,-35.45,65.71000000000001,-180.63,-27.9168816237287,-20.603634738099274,56.25524535777603,-0.6690806094741654,-0.5305345001724637,0.5204462336807067
,313,0,-0.5441406249999999,-0.30054869684499314,0.5441406249999999,0.30054869684499314,1770,2220,2849,2039,1808,2239,2848,2040,-154,-60,21,0,5000,5000,4900,4800,-39.910000000000004,29.23,-232.17000000000002,25.94420815474669,12.330165999881373,60.88140757131796,0.7064926980869586,0.2803880783285875,0.6498081202024274
,314,0,0.15585937500000002,0.16611796982167337,-0.15585937500000002,-0.16611796982167337,2227,2524,2392,1735,2227,2524,2406,1745,0,0,-50,-26,5000,5000,5000,5000,-47.72,52.14,-199.24,-8.49345123836872,-8.284530352389254,68.58407008680253,-0.2013200235915136,-0.24696038580120164,0.947882279582245
,315,0,-0.19414062499999996,0.63278463648834,0.19414062499999996,-0.63278463648834,1998,2829,2621,1430,2006,2830,2620,1478,-24,0,20,-209,5000,5000,4800,4700,-37.87,74.53,-214.91,5.678035699794293,-31.708374349515978,58.869339500741724,0.15607064629193804,-0.8185446238080785,0.5528351039875352
,316,0,0.505859375,-0.5598079561042524,-0.505859375,0.5598079561042524,2455,2051,2164,2208,2456,2092,2200,2210,0,-166,-140,-11,5100,4900,4900,4800,-36.37,19.88,-182.66,-22.8046854950168,24.98757505482508,57.0696410595966,-0.5567335290035872,0.605315352524298,0.5688946314403013
,317,0,-0.369140625,-0.0931412894375857,0.369140625,0.0931412894375857,1884,2355,2735,1904,1913,2358,2734,1904,-104,-18,22,0,5000,5000,5000,5000,-45.39,37.47,-225.55,18.757088110034033,4.571061212706731,66.34894800231007,0.5427761186015824,0.09420462425946864,0.8345774822291419
,318,0,0.33085937499999996,0.37352537722908075,-0.33085937499999996,-0.37352537722908075,2341,2660,2278,1599,2341,2661,2303,1622,0,0,-91,-72,5000,4900,4900,4900,-42.82,62.480000000000004,-192.34,-16.051427564277645,-18.14963305191837,63.67567497386146,-0.3868946233871604,-0.4933437484348194,0.7790535901171296
,319,0,-0.019140625000000022,-0.4042524005486968,0.019140625000000022,0.4042524005486968,2113,2152,2506,2107,2114,2185,2507,2107,0,-120,0,-1,5000,4900,5000,4800,-44.58,21.34,-205.76,0.10429097933010212,21.9965559623257,65.39900488200965,0.034635307949361024,0.5610675803876047,0.8270450808034903
,320,0,0.680859375,0.06241426611796974,-0.680859375,-0.06241426611796974,2569,2457,2050,1802,2570,2457,2106,1805,0,-3,-274,-10,5000,4900,4800,5000,-36.08,45.45,-172.55,-34.61486823597289,0.1568590281911213,56.7935518894246,-0.857439770006828,-0.012853088169045868,0.5144237931269859
,321,0,-0.686328125,0.5290809327846362,0.686328125,-0.5290809327846362,1678,2761,2941,1498,1730,2761,2940,1530,-242,0,19,-108,4800,5000,4900,4700,-33.05,65.14,-237.04,28.414031571437306,-23.84596791772603,54.13663870458113,0.708974893704657,-0.5825583039774936,0.39746751133059477
,322,0,0.013671875,-0.24869684499314126,-0.013671875,0.24869684499314126,2134,2254,2485,2005,2135,2275,2488,2006,-8,-64,-22,0,5000,5000,5000,5000,-47.4,29.23,-206.5,0.29678251470895134,14.082706602615247,68.24260037374506,0.03815581728686513,0.33529120306615023,0.9413415654020726
,323,0,-0.336328125,0.2179698216735253,0.336328125,-0.2179698216735253,1906,2558,2713,1701,1930,2558,2712,1717,-71,0,21,-41,5000,5000,5000,4900,-45.160000000000004,52.52,-224.25,16.446034813303527,-10.357603546944162,66.15045076397016,0.46722863739502307,-0.29239597131342415,0.8343871981026972
,324,0,0.36367187499999987,0.6846364883401919,-0.36367187499999987,-0.6846364883401919,2362,2862,2257,1397,2362,2863,2281,1444,0,0,-84,-197,4800,5100,5000,5000,-34.63,77.02,-194.64000000000001,-14.69786340145808,-32.83499003807678,55.53406246489135,-0.3202843396952416,-0.8228865882207026,0.46933527959495563
,325,0,-0.5113281249999999,-0.692318244170096,0.5113281249999999,0.692318244170096,1792,1965,2827,2294,1822,2019,2827,2294,-106,-247,5,0,5000,5000,5100,4900,-32.69,11.17,-225.86,20.90170391872263,30.753873842710682,53.584268381762236,0.5733668675203057,0.7078443485878506,0.4125612844198959
,326,0,0.18867187499999993,-0.2256515775034294,-0.18867187499999993,0.2256515775034294,2248,2269,2371,1990,2248,2277,2389,1991,0,-24,-61,0,5000,5000,5000,5000,-46.78,30.39,-196.9,-9.356489797216597,13.570983983308672,67.57741345813285,-0.23301739621782178,0.3412036498370132,0.9106497473769851
,327,0,-0.16132812500000004,0.2410150891632371,0.16132812500000004,-0.2410150891632371,2020,2573,2599,1686,2029,2574,2598,1706,-28,0,20,-57,5000,5000,5000,5000,-47.0,55.01,-215.56,7.599083997266263,-12.250629867041283,67.95314669230552,0.21894456226761946,-0.3442562821187806,0.9129900825722013
,328,0,0.5386718749999999,-0.5367626886145405,-0.5386718749999999,0.5367626886145405,2476,2066,2143,2193,2477,2101,2181,2194,0,-136,-155,0,5000,5100,5000,4900,-35.97,20.81,-180.99,-24.53165969249676,24.17117401605487,56.66362447725866,-0.5922276712861205,0.5802410498126337,0.5590945443083405
,329,0,-0.5988281249999999,-0.07009602194787379,0.5988281249999999,0.07009602194787379,1735,2370,2884,1889,1780,2372,2883,1889,-193,-6,22,0,5000,5000,5000,4700,-39.37,39.17,-236.16,29.257218714920413,2.142214562244739,60.386527249891806,0.8003371174613696,0.024306637726840843,0.5990573309592683
,330,0,0.10117187500000002,0.39657064471879266,-0.10117187500000002,-0.39657064471879266,2191,2675,2428,1584,2191,2676,2438,1612,0,0,-32,-94,5000,5000,5000,5000,-44.51,64.31,-205.21,-3.3424893691471027,-20.838554923308365,65.43479097967594,-0.06388923240880708,-0.5816170707874726,0.8109499053275814
,331,0,-0.248828125,-0.38120713305898485,0.248828125,0.38120713305898485,1963,2167,2656,2092,1977,2197,2656,2092,-38,-105,0,0,5000,4900,5000,5000,-43.94,23.12,-217.68,11.880033636203478,19.41492609277313,64.82326874824042,0.34346145627490143,0.4711798826687494,0.8124184551213666
,332,0,0.451171875,0.08545953360768166,-0.451171875,-0.08545953360768166,2419,2472,2200,1787,2420,2472,2235,1791,0,0,-143,-14,5000,5000,5000,4900,-43.12,46.65,-182.94,-24.3636069266565,-1.7209613329928075,63.88855944821093,-0.6309829496628269,-0.08583754807892112,0.7710333537367864
,333,0,-0.423828125,0.5521262002743483,0.423828125,-0.5521262002743483,1849,2776,2770,1483,1876,2776,2769,1521,-89,0,20,-137,4900,5000,4900,5000,-37.81,69.10000000000001,-225.74,16.849794338685257,-27.021282319827634,58.84991735881291,0.44328723144503024,-0.6832163915246642,0.5802687246352483
,334,0,0.27617187499999996,-0.6404663923182441,-0.27617187499999996,0.6404663923182441,2305,1998,2314,2261,2305,2049,2331,2261,0,-226,-57,0,4900,5000,4800,5000,-37.27,12.950000000000001,-194.51,-10.51872315311823,31.10520350231676,58.01152826722314,-0.24132608475255055,0.7671280555324423,0.5943704797792525
,335,0,-0.07382812500000002,-0.17379972565157753,0.07382812500000002,0.17379972565157753,2077,2303,2542,1956,2084,2309,2543,1957,-22,-20,-3,0,5000,5000,5000,4900,-47.93,31.560000000000002,-210.16,3.7886823974382366,11.512712594255518,68.7968259649895,0.1259040924960172,0.2986093262208745,0.9460341588899787
,336,0,0.626171875,0.29286694101508903,-0.626171875,-0.29286694101508903,2533,2607,2086,1652,2533,2608,2134,1669,0,0,-218,-50,5000,4800,5100,5000,-37.02,56.24,-176.89000000000001,-31.017142897718173,-10.898526771496478,57.78254997362189,-0.7717718456940323,-0.2921298715413374,0.5648259522607543
,337,0,-0.642578125,-0.48491083676268854,0.642578125,0.48491083676268854,1706,2100,2913,2159,1754,2129,2912,2160,-218,-106,21,0,5100,5000,5000,5000,-34.6,20.44,-233.70000000000002,28.089256644851815,20.981761386934217,55.55695790643954,0.7376965401054428,0.48317636449736545,0.4715341085304101
,338,0,0.057421874999999956,-0.018244170096021972,-0.057421874999999956,0.018244170096021972,2162,2404,2457,1855,2163,2406,2465,1857,-5,-16,-32,-12,5000,5000,5000,4900,-49.15,41.32,-203.35,-3.6699466216824987,2.237710919710466,70.00732053016378,-0.07609031325125905,0.0290680299463124,0.9966771362203335
,339,0,-0.29257812499999997,0.4484224965706445,0.29257812499999997,-0.4484224965706445,1934,2708,2685,1551,1952,2709,2684,1585,-53,0,19,-118,5000,5000,5000,5000,-42.13,64.85,-220.96,12.346532111971783,-22.446273560154395,63.13515062741906,0.33649578038778555,-0.5925430708524317,0.7318902233026383
,340,0,0.40742187500000004,-0.3293552812071331,-0.40742187500000004,0.3293552812071331,2391,2201,2228,2058,2392,2224,2257,2058,0,-68,-109,0,5000,5000,5000,4900,-42.46,29.41,-185.34,-20.803053588262202,15.315983204526582,63.197053302224134,-0.5113912153722827,0.35959299223879265,0.7804946539040547
,341,0,-0.46757812499999996,0.13731138545953347,0.46757812499999996,-0.13731138545953347,1820,2506,2799,1753,1857,2506,2798,1760,-144,0,21,-18,5000,5000,5000,4800,-43.18,46.99,-230.32,22.88471114433051,-5.255223135964329,64.1869433802504,0.6407147127223511,-0.15970461451781173,0.7509854146405459
,342,0,0.232421875,0.6039780521261999,-0.232421875,-0.6039780521261999,2277,2810,2342,1449,2277,2810,2358,1494,0,0,-51,-186,5000,4900,4800,5000,-38.58,73.53,-200.77,-8.36557523160306,-29.755053323371527,59.50591547920654,-0.18643427301837892,-0.7835857818933637,0.5926513176047736
,343,0,-0.11757812499999998,-0.5886145404663923,0.11757812499999998,0.5886145404663923,2048,2032,2571,2227,2052,2078,2571,2228,-15,-192,0,0,5000,4800,5000,5000,-39.57,12.94,-209.28,4.207028722065417,30.12569683824075,60.385511924613354,0.1517739894732396,0.7617808461844975,0.6298052067947737
,344,0,0.5824218749999999,-0.12194787379972571,-0.5824218749999999,0.12194787379972571,2505,2337,2114,1922,2505,2339,2162,1923,0,-14,-219,0,5000,5000,5000,4900,-39.24,40.64,-176.27,-30.594210880450277,4.714052602967094,59.96000118658733,-0.7816470390483667,0.11115557552488922,0.6137363801964576
,345,0,-0.555078125,0.34471879286694085,0.555078125,-0.34471879286694085,1763,2641,2856,1618,1803,2642,2855,1637,-165,0,21,-54,5100,5000,5000,4800,-39.19,57.49,-233.1,24.969387316646305,-15.93015890228179,60.23746599183874,0.6672049506427437,-0.4124728233607119,0.6202448902060032
,346,0,0.14492187499999998,-0.4330589849108367,-0.14492187499999998,0.4330589849108367,2219,2134,2400,2125,2219,2167,2412,2127,0,-119,-40,-11,4900,4900,5000,4900,-43.67,20.78,-200.82,-4.782231485679318,22.885821032670925,64.46283938722678,-0.09755583247198461,0.5653420572123968,0.8190672853298151
,347,0,-0.205078125,0.03360768175582973,0.205078125,-0.03360768175582973,1991,2438,2628,1821,2006,2438,2627,1827,-49,-1,20,-16,5000,5000,5000,4900,-48.0,43.37,-218.37,11.182951963706728,-0.8238185047551454,68.93781541317074,0.3313164838452304,-0.04672987129119576,0.9423617705857668
,348,0,0.49492187499999996,0.5002743484224963,-0.49492187499999996,-0.5002743484224963,2448,2742,2171,1517,2449,2743,2207,1548,0,0,-142,-108,5000,4900,4800,5000,-37.32,67.59,-185.72,-22.974376270194455,-22.817261043931566,58.15548202946003,-0.5480970608052925,-0.59324260414025,0.5896209159871226
,349,0,-0.380078125,-0.2775034293552812,0.380078125,0.2775034293552812,1877,2235,2742,2024,1902,2255,2742,2026,-82,-61,0,0,5000,5000,5000,5000,-43.78,29.35,-224.94,18.703966729779324,12.709077722144094,64.71540418254736,0.521093193387843,0.3013678923848056,0.7985231851639627
,350,0,0.3199218749999999,0.1891632373113854,-0.3199218749999999,-0.1891632373113854,2334,2539,2285,1720,2334,2539,2311,1730,-4,0,-92,-25,4900,5000,5000,5000,-45.37,52.800000000000004,-190.54,-17.20669978993979,-8.36303238503912,66.19215932144888,-0.42998402371818045,-0.24887893545610487,0.8678554112485318
,351,0,-0.030078124999999956,0.655829903978052,0.030078124999999956,-0.655829903978052,2105,2844,2514,1415,2106,2845,2514,1467,0,0,18,-227,4800,5000,5000,5000,-37.2,76.61,-207.70000000000002,-1.6525211374255377,-33.29931834671059,58.168458873188285,-0.016958245382808875,-0.8559947593353223,0.5167062897856002
,352,0,0.669921875,-0.6750342935528121,-0.669921875,0.6750342935528121,2562,1976,2057,2283,2563,2025,2104,2283,0,-208,-218,0,4800,5100,4800,4700,-29.62,17.36,-176.86,-28.388819424518886,27.873673861289227,50.284305258274046,-0.6869322041411728,0.6531181260300668,0.31868614711769894
,353,0,-0.664453125,-0.2083676268861454,0.664453125,0.2083676268861454,1692,2280,2927,1979,1744,2286,2926,1980,-240,-21,20,0,5000,5000,5000,5000,-37.2,33.77,-237.83,31.29811650385227,7.411075218839912,58.21129310237653,0.8328273838242886,0.16346542332639835,0.5288455390084266
,354,0,0.03554687499999998,0.25829903978052104,-0.03554687499999998,-0.25829903978052104,2148,2584,2471,1675,2149,2585,2476,1695,-9,0,-26,-55,5000,5000,4900,4900,-47.25,57.08,-207.21,-0.8726336451375687,-13.752087743484836,68.16651124571001,-0.003385211457186462,-0.3956867293250796,0.9183793075736251
,355,0,-0.314453125,-0.5194787379972565,0.314453125,0.5194787379972565,1920,2077,2699,2182,1939,2116,2698,2183,-56,-162,20,0,5000,4800,4900,5000,-40.24,16.77,-218.94,13.583340684845325,25.654896406175574,61.11360359004849,0.38781909656931207,0.6227118314261206,0.6795780480107416
,356,0,0.38554687499999996,-0.05281207133058985,-0.38554687499999996,0.05281207133058985,2376,2382,2243,1877,2377,2383,2275,1877,0,0,-132,0,5000,4900,5000,4800,-44.87,40.9,-185.6,-21.330306665270058,3.8415423576319867,65.63734251539182,-0.574077123679054,0.06378767599275048,0.8163128006223027
,357,0,-0.48945312499999993,0.4138545953360766,0.48945312499999993,-0.4138545953360766,1806,2686,2813,1573,1840,2687,2812,1599,-132,0,21,-83,5000,5000,5000,4900,-39.63,61.52,-229.85,21.452872846576355,-19.7305370685782,60.671345900253655,0.5705001474587984,-0.5050494186559653,0.6476531992237521
,358,0,0.21054687500000002,-0.3639231824417009,-0.21054687500000002,0.3639231824417009,2262,2179,2357,2080,2262,2205,2373,2081,0,-86,-51,-10,5000,4900,5000,5000,-44.660000000000004,24.810000000000002,-196.61,-9.259205685229517,19.15175537213758,65.44189794491747,-0.21479538854831356,0.4636947395704713,0.8595639182475331
,359,0,-0.13945312499999996,0.10274348422496571,0.13945312499999996,-0.10274348422496571,2034,2483,2585,1776,2044,2483,2584,1784,-29,0,20,-22,5000,5000,5000,4900,-48.35,47.92,-214.72,7.232713353631766,-5.116292831779425,69.28100497494482,0.20954751019830886,-0.16201459648711736,0.9642826927280226
,360,0,0.560546875,0.5694101508916323,-0.560546875,-0.5694101508916323,2490,2787,2129,1472,2491,2787,2170,1510,0,0,-171,-140,5000,5000,4800,4900,-34.480000000000004,70.02,-183.86,-24.98030362384037,-25.124402356707293,55.312340384241026,-0.5911395584793118,-0.6410134826854219,0.48954646093745807
,361,0,-0.576953125,-0.6231824417009602,0.576953125,0.6231824417009602,1749,2010,2870,2249,1785,2054,2869,2249,-137,-182,20,0,5100,5000,5100,5000,-33.03,14.32,-229.54,24.35916601649987,27.36385809675744,53.950668551825984,0.6445629909785199,0.6278432882921023,0.43629274118117606
,362,0,0.123046875,-0.1565157750342936,-0.123046875,0.1565157750342936,2205,2314,2414,1945,2205,2320,2427,1946,0,-17,-45,0,5000,5000,5000,5000,-48.04,33.42,-200.1,-6.374279694956556,10.335694461513619,68.86108966969917,-0.1532989862126246,0.24964012336094962,0.9561272036891906
,363,0,-0.22695312499999998,0.3101508916323732,0.22695312499999998,-0.3101508916323732,1977,2618,2642,1641,1990,2619,2641,1663,-36,0,20,-68,5000,5000,5000,5000,-45.44,58.24,-218.55,10.37190921476855,-15.679361892509107,66.4163197629752,0.2916375000708874,-0.42908672824813304,0.8548872137268846
,364,0,0.47304687499999987,-0.4676268861454046,-0.47304687499999987,0.4676268861454046,2433,2111,2186,2148,2434,2143,2220,2149,0,-119,-137,0,5000,5000,5000,4900,-38.92,23.23,-183.42000000000002,-22.284706860151204,21.601251152356625,59.63187302545258,-0.5421242446621178,0.51990234023179,0.6601536639079083
,365,0,-0.40195312499999997,-0.0009602194787380336,0.40195312499999997,0.0009602194787380336,1863,2415,2756,1844,1894,2416,2756,1845,-111,0,0,0,5000,5000,5000,4900,-44.84,40.38,-227.47,20.47906732331947,1.5366449134814957,65.81593270045737,0.5948383625284761,0.010184080889050925,0.8037808202245726
,366,0,0.29804687499999993,0.4657064471879284,-0.29804687499999993,-0.4657064471879284,2319,2720,2300,1539,2319,2721,2322,1572,-3,0,-73,-115,4800,4900,5000,4900,-41.53,66.96000000000001,-195.31,-13.384175036373222,-22.823393782222297,62.411901027201516,-0.31663579431851335,-0.6125692492038218,0.7242241978048992
,367,0,-0.051953125000000044,-0.3120713305898491,0.051953125000000044,0.3120713305898491,2091,2213,2528,2046,2093,2240,2529,2047,-15,-90,0,0,4900,5000,5000,5000,-46.36,25.77,-207.91,1.9419606523291293,17.43675547956255,67.200945427736,0.07496061972317504,0.42766537826134765,0.9008236396361363
,368,0,0.6480468749999999,0.15459533607681752,-0.6480468749999999,-0.15459533607681752,2547,2517,2072,1742,2547,2517,2124,1749,0,0,-239,-20,5100,5000,4800,5000,-37.160000000000004,49.410000000000004,-174.56,-32.88179402509854,-3.926572894169368,57.893614394489475,-0.8167077716508254,-0.12945775196577206,0.5623425167823531
,369,0,-0.6207031249999999,0.6212620027434841,0.6207031249999999,-0.6212620027434841,1720,2821,2899,1438,1763,2822,2898,1478,-181,0,18,-151,5000,5100,4900,5000,-32.4,70.04,-233.39000000000001,24.445016477024552,-28.490502392752063,53.48072812331405,0.6155407559492311,-0.6895124867391748,0.38168325663593
,370,0,0.07929687500000004,-0.5713305898491083,-0.07929687500000004,0.5713305898491083,2177,2044,2442,2215,2177,2089,2446,2216,0,-187,-25,0,4900,5000,5100,5000,-40.230000000000004,14.1,-204.13,-1.0126144188523938,29.317534176911888,61.02261363886592,0.0024457554216350424,0.7455425232834627,0.6664535724688894
,371,0,-0.270703125,-0.10466392318244178,0.270703125,0.10466392318244178,1949,2348,2670,1911,1970,2351,2669,1911,-66,-17,21,0,5000,5000,5000,4900,-46.84,35.63,-221.05,14.384493773563463,6.714480144359051,67.7717178544295,0.44940859830283,0.16974915381422773,0.877050247449278
,372,0,0.4292968749999999,0.3620027434842248,-0.4292968749999999,-0.3620027434842248,2405,2652,2214,1607,2406,2653,2245,1631,0,0,-122,-70,5000,5000,5000,5000,-41.300000000000004,61.03,-186.93,-21.343895410592154,-16.34244551557454,62.1249147395859,-0.5264385814405723,-0.4434283846547204,0.7254196631284148
,373,0,-0.445703125,-0.4157750342935528,0.445703125,0.4157750342935528,1834,2145,2785,2114,1864,2173,2784,2116,-107,-95,21,-1,4900,5000,4900,5000,-40.36,22.51,-226.36,20.59860580024423,19.427940805592357,61.28529898612205,0.5639392274561336,0.46304680687625605,0.6837837394804606
,374,0,0.254296875,0.05089163237311367,-0.254296875,-0.05089163237311367,2291,2449,2328,1810,2291,2450,2350,1815,0,-1,-74,-15,5000,5000,5000,4900,-47.22,45.32,-192.75,-14.506162010486804,-1.0438412698940098,68.03431488538153,-0.3694175292934985,-0.06354430465899687,0.9270883509116544
,375,0,-0.095703125,0.5175582990397802,0.095703125,-0.5175582990397802,2063,2753,2556,1506,2067,2753,2556,1544,-14,0,20,-147,4900,5000,4900,4900,-41.54,69.94,-210.65,1.719656963822672,-26.831066658372848,62.50633104163425,0.05818590469296378,-0.7233210792455135,0.6880559692453566
,376,0,0.604296875,-0.2602194787379973,-0.604296875,0.2602194787379973,2519,2246,2100,2013,2519,2263,2145,2014,0,-48,-196,0,4800,5000,4800,5000,-38.24,36.02,-176.05,-30.49725135134051,9.335494104502011,58.947243911814425,-0.7665906231603191,0.2096087197808211,0.606962108433894
,377,0,-0.533203125,0.20644718792866923,0.533203125,-0.20644718792866923,1777,2551,2842,1708,1817,2551,2841,1718,-165,0,20,-23,4900,4900,4900,5000,-41.18,50.9,-232.92000000000002,25.224688141515827,-9.337361229835892,62.20988591138253,0.6918873097640094,-0.25392271392213955,0.6758810590199562
,378,0,0.16679687499999996,0.6731138545953359,-0.16679687499999996,-0.6731138545953359,2234,2855,2385,1404,2234,2856,2396,1452,0,0,-34,-209,5000,4800,4800,4700,-36.57,76.81,-205.28,-4.0774278959794685,-33.337463222891884,57.52684202432855,-0.08524040357765218,-0.8594530043647598,0.5040581383990416
,379,0,-0.18320312500000002,-0.657750342935528,0.18320312500000002,0.657750342935528,2006,1987,2613,2272,2012,2043,2612,2272,-17,-261,0,0,4900,5000,5100,4700,-37.43,10.61,-211.43,6.519607640659672,32.29927455420575,58.25043846968635,0.21646608361802314,0.8001160672086371,0.5594253423269798
,380,0,0.516796875,-0.19108367626886147,-0.516796875,0.19108367626886147,2462,2291,2157,1968,2463,2296,2200,1969,0,-17,-184,0,5000,4800,4800,4900,-41.11,36.09,-179.71,-26.8642173327531,9.027034465632639,61.835723870369634,-0.6995237483440232,0.21827602450795847,0.6804572746526616
,381,0,-0.35820312499999996,0.2755829903978051,0.35820312499999996,-0.2755829903978051,1891,2596,2728,1663,1917,2597,2727,1679,-88,0,21,-44,5000,4900,5000,5000,-44.25,55.77,-224.46,16.440734337922834,-13.616954600647603,65.24972738041498,0.4536963188873184,-0.364050907955324,0.8134043192933026
,382,0,0.341796875,-0.5021947873799725,-0.341796875,0.5021947873799725,2348,2089,2271,2170,2348,2125,2295,2171,0,-134,-90,0,5000,4900,4800,4900,-40.33,19.55,-190.55,-14.929620251030059,24.79605637818868,61.06829933449975,-0.35655846808326924,0.606793738703605,0.7103994774126832
,383,0,-0.008203124999999978,-0.03552812071330591,0.008203124999999978,0.03552812071330591,2120,2393,2499,1866,2124,2396,2501,1868,-17,-16,-21,-12,5000,5000,5000,5000,-48.97,39.93,-206.52,-0.4125763314236508,3.41024813789015,69.83970411055466,0.0010760881307581272,0.06471960640236507,0.9979029083941269
,384,0,0.6917968749999999,0.43113854595336054,-0.6917968749999999,-0.43113854595336054,2576,2697,2043,1562,2577,2698,2095,1589,0,0,-245,-83,5000,5000,5000,4900,-33.46,62.57,-175.76,-32.554322315085415,-17.14806136306241,54.23293072254109,-0.7783658630601875,-0.4369224309025571,0.45082743106067646
,385,0,-0.691796875,-0.346639231824417,0.691796875,0.346639231824417,1674,2190,2945,2069,1728,2210,2944,2069,-258,-57,19,0,5000,5000,5100,4800,-35.32,27.72,-237.49,31.376057586949855,13.46483261902543,56.314335926459066,0.8226601621971583,0.2998146937206844,0.48305424846793166
,386,0,0.008203124999999978,0.12002743484224965,-0.008203124999999978,-0.12002743484224965,2130,2494,2489,1765,2131,2495,2493,1775,0,0,-25,-26,5000,5000,5000,4900,-48.800000000000004,50.0,-207.33,-0.28284264488178223,-6.691896633389142,69.69920432162023,0.01351866489427575,-0.20536998343569282,0.9785910359302803
,387,0,-0.341796875,0.5866941015089162,0.341796875,-0.5866941015089162,1902,2798,2717,1461,1923,2798,2716,1504,-59,0,19,-178,5000,5000,5100,4900,-38.01,71.35000000000001,-222.11,13.075372394252128,-29.020779591603556,59.03739974609837,0.3480580293021843,-0.7417677766886357,0.5732679772189254
,388,0,0.35820312499999996,-0.6058984910836762,-0.35820312499999996,0.6058984910836762,2359,2021,2260,2238,2359,2068,2283,2239,0,-200,-84,0,5000,5000,4900,5000,-37.47,15.46,-190.20000000000002,-14.989125803024166,28.892156978917313,58.19625842984808,-0.35873166085380653,0.7073167277704046,0.6091097127096538
,389,0,-0.5167968749999999,-0.13923182441700965,0.5167968749999999,0.13923182441700965,1788,2325,2831,1934,1829,2329,2830,1935,-170,-17,23,0,5000,5000,5000,4900,-41.85,35.67,-232.03,25.360770001222335,5.919839746647675,62.836942599926445,0.7088080364655934,0.12311592718586799,0.6945744279160835
,390,0,0.18320312500000002,0.3274348422496569,-0.18320312500000002,-0.3274348422496569,2244,2629,2375,1630,2244,2630,2390,1652,0,0,-51,-65,5000,4900,5000,4900,-45.42,60.53,-199.84,-8.44962789017174,-16.702432924971745,66.30830740307167,-0.196882204147285,-0.4636571565328871,0.8638630903597772
,391,0,-0.16679687499999996,-0.45034293552812066,0.16679687499999996,0.45034293552812066,2016,2122,2603,2137,2023,2157,2602,2139,-23,-129,20,-12,5000,5000,4900,5000,-43.07,19.29,-212.56,7.034295342157321,23.578986688459125,63.91794022164367,0.21439641947345278,0.5837820768985299,0.7830917328187055
,392,0,0.533203125,0.016323731138545905,-0.533203125,-0.016323731138545905,2473,2427,2146,1832,2474,2428,2192,1834,0,-2,-203,-11,5000,5000,5000,5000,-41.11,43.38,-178.88,-28.18403652436848,1.8096336774752828,61.84997745059984,-0.727295792328049,0.015240669420847607,0.68615490412699
,393,0,-0.604296875,0.48299039780521236,0.604296875,-0.48299039780521236,1731,2731,2888,1528,1773,2732,2887,1556,-176,0,20,-94,5100,4900,5100,4900,-35.63,63.97,-234.18,25.627031259591803,-22.478389206814114,56.699304841875154,0.6613095717314681,-0.5574864140215496,0.5018750327698482
,394,0,0.095703125,-0.29478737997256516,-0.095703125,0.29478737997256516,2187,2224,2432,2035,2187,2248,2440,2037,0,-76,-31,-11,5000,4900,5000,5000,-46.53,27.38,-202.41,-3.654866928902237,16.20182177153699,67.3474369385819,-0.0664503449442603,0.3879791131229793,0.9192695793058175
,395,0,-0.254296875,0.17187928669410135,0.254296875,-0.17187928669410135,1959,2528,2660,1731,1978,2528,2659,1743,-57,0,20,-32,5000,4900,5000,5000,-46.76,50.85,-220.35,12.659875586371044,-8.423830907462005,67.72665560062819,0.3643355534032422,-0.24457530592132182,0.8985780568541862
,396,0,0.44570312499999987,0.6385459533607678,-0.44570312499999987,-0.6385459533607678,2416,2832,2203,1427,2417,2833,2233,1471,0,0,-116,-181,5100,5100,5000,4900,-34.94,73.98,-190.36,-18.764512086816154,-29.51240273302531,55.81492198526816,-0.43545689566051743,-0.7465627601842433,0.5030122633970163
,397,0,-0.42929687499999997,-0.5540466392318244,0.42929687499999997,0.5540466392318244,1845,2055,2774,2204,1871,2096,2774,2205,-83,-171,0,0,5000,5000,5100,4800,-37.77,16.16,-223.87,18.555134170364084,25.923976110364197,58.66681678892599,0.513686570589838,0.6160182795090587,0.5971997877648243
,398,0,0.27070312499999993,-0.08737997256515784,-0.27070312499999993,0.08737997256515784,2301,2359,2318,1900,2301,2362,2341,1899,0,-15,-81,11,4900,5000,5000,4800,-46.94,38.83,-191.73000000000002,-15.084716091543214,5.499343828339143,67.73281207353287,-0.4049499083345077,0.11571604787991946,0.9069869723446558
,399,0,-0.07929687500000004,0.3792866941015087,0.07929687500000004,-0.3792866941015087,2073,2663,2546,1596,2077,2664,2546,1624,-15,0,20,-95,5000,5000,5000,5000,-44.93,63.29,-210.48000000000002,1.9822179645180427,-20.175078490319947,65.87862747398619,0.067042959248921,-0.5622957291524661,0.8242140223218991
,400,0,0.6207031249999999,-0.39849108367626884,-0.6207031249999999,0.39849108367626884,2530,2156,2089,2103,2530,2182,2135,2103,0,-84,-205,0,4900,4900,5000,4900,-36.34,29.25,-176.07,-30.011472868165214,16.08327463755669,57.03027308704627,-0.7399341330938852,0.3758689374665871,0.5578709712203517
,401,0,-0.6480468749999999,0.06817558299039772,0.6480468749999999,-0.06817558299039772,1703,2460,2916,1799,1754,2460,2915,1801,-238,0,21,-11,4800,4900,4800,5000,-38.1,42.44,-238.38,31.257707394288644,-1.273670112749663,59.13593661708752,0.8321558950125973,-0.05602293069685598,0.551704628974525
,402,0,0.051953125000000044,0.5348422496570642,-0.051953125000000044,-0.5348422496570642,2159,2765,2460,1494,2160,2765,2464,1533,0,0,-22,-146,4900,5000,5000,4800,-40.980000000000004,71.03,-209.02,0.022572040340719468,-27.810257652953467,61.94092166903552,0.024107942169275504,-0.7523094964031908,0.6583686116044266
,403,0,-0.298046875,-0.24293552812071334,0.298046875,0.24293552812071334,1931,2258,2688,2001,1950,2278,2687,2003,-57,-60,20,-10,5000,5000,5000,4900,-45.47,30.94,-221.77,15.42581074010954,11.341312760842904,66.39350200985925,0.44130254073560227,0.26766365129802033,0.8565093328820849
,404,0,0.4019531249999999,0.22373113854595328,-0.4019531249999999,-0.22373113854595328,2387,2562,2232,1697,2388,2563,2262,1710,0,0,-119,-32,5000,5000,5000,5000,-43.37,54.42,-186.65,-21.1874031642013,-9.722720994168299,64.17678155726986,-0.5300254513301106,-0.2832496868659995,0.7992763200749943
,405,0,-0.473046875,0.6903978052126198,0.473046875,-0.6903978052126198,1817,2866,2802,1393,1846,2867,2801,1439,-106,0,19,-195,5000,4900,5100,4900,-33.230000000000004,74.94,-226.56,17.296130274389327,-32.916353896256396,54.28885220456652,0.43810014138904835,-0.8013901339977727,0.40723717812342275
,406,0,0.22695312499999998,-0.686556927297668,-0.22695312499999998,0.686556927297668,2273,1968,2346,2291,2273,2023,2358,2291,0,-252,-37,0,4900,5000,5000,4800,-36.18,10.58,-197.09,-7.779503512986707,33.29269297130206,56.92849290944568,-0.17135523275933784,0.8259551007329505,0.537061966424001
,407,0,-0.123046875,-0.21989026063100137,0.123046875,0.21989026063100137,2045,2273,2574,1986,2056,2280,2573,1987,-30,-22,20,10,5000,5000,5000,5000,-47.22,29.26,-212.48000000000002,6.261939682302028,13.64898174538967,68.09265800435733,0.1983885439039042,0.3671209175631682,0.9087707178024971
,408,0,0.576953125,0.24677640603566509,-0.576953125,-0.24677640603566509,2501,2577,2118,1682,2501,2578,2162,1698,0,-9,-191,-42,5000,4800,4700,5000,-38.96,54.160000000000004,-178.5,-29.279902890866737,-8.926300289786283,59.725336596860735,-0.7408383720682867,-0.24246130962029308,0.6263952584498246
,409,0,-0.560546875,-0.5310013717421125,0.560546875,0.5310013717421125,1760,2070,2859,2189,1798,2103,2858,2190,-152,-125,22,0,5000,4900,5000,5000,-35.67,17.53,-229.44,24.03012163452138,24.175468772496906,56.59823409617609,0.6426494048252707,0.5651055725393792,0.5173561967954642
,410,0,0.13945312499999996,-0.06433470507544581,-0.13945312499999996,0.06433470507544581,2216,2374,2403,1885,2216,2376,2418,1885,0,-16,-51,0,5000,5000,5000,4900,-48.5,38.56,-198.6,-8.219767577729755,5.309888590891482,69.32654624700521,-0.20349801481684274,0.10822397794637618,0.9730756026964532
,411,0,-0.21054687499999997,0.40233196159122064,0.21054687499999997,-0.40233196159122064,1988,2678,2631,1581,1999,2679,2630,1611,-33,0,20,-102,4900,5000,5000,5000,-43.85,63.39,-217.0,8.485765711047975,-20.717632710790298,64.83158324070129,0.23807380585119767,-0.5576071741596013,0.7952327346715996
,412,0,0.48945312500000004,-0.3754458161865569,-0.48945312500000004,0.3754458161865569,2444,2171,2175,2088,2445,2196,2210,2088,0,-81,-145,0,5000,5000,5100,4800,-40.160000000000004,28.3,-181.78,-24.268921199195006,16.656956472514537,60.87643864269347,-0.5994512926337214,0.3950100634526729,0.6961502693606282
,413,0,-0.38554687499999996,0.09122085048010964,0.38554687499999996,-0.09122085048010964,1874,2475,2745,1784,1902,2475,2744,1788,-97,0,2,-13,5000,5000,5000,5000,-45.12,45.39,-226.74,19.411455128160924,-3.4118991433858454,66.10492390792167,0.5523481193747217,-0.1131069301008898,0.8259045812842795
,414,0,0.314453125,0.5578875171467761,-0.314453125,-0.5578875171467761,2330,2780,2289,1479,2330,2780,2311,1518,0,-3,-76,-147,4900,4800,5100,4800,-39.09,71.27,-195.87,-13.104382874100878,-27.168303948430236,59.9856339368931,-0.30636497313682415,-0.7132112688460247,0.6304523687209974
,415,0,-0.03554687499999998,-0.6347050754458161,0.03554687499999998,0.6347050754458161,2102,2002,2517,2257,2103,2054,2518,2257,0,-235,0,0,5000,5000,4900,4700,-38.2,11.07,-205.71,0.777953674161779,32.22826949266512,58.99291271855608,0.060206768990554924,0.8138999257838249,0.5778771978342828
,416,0,0.6644531249999999,-0.16803840877914955,-0.6644531249999999,0.16803840877914955,2558,2306,2061,1953,2558,2309,2116,1954,0,-14,-262,0,4800,4900,4800,4800,-36.31,39.59,-173.06,-33.71188295376098,5.969758665329309,57.01130263837233,-0.8399431776956028,0.1491699000787843,0.5217698718334528
,417,0,-0.669921875,0.298628257887517,0.669921875,-0.298628257887517,1688,2611,2931,1648,1739,2612,2930,1663,-238,-6,21,-42,5000,5000,4900,4700,-36.56,53.99,-238.23000000000002,30.33642994118145,-12.791615119555118,57.62438421157792,0.7939096248481191,-0.32697686137566623,0.5126340212065891
,418,0,0.030078124999999956,-0.4791495198902606,-0.030078124999999956,0.4791495198902606,2145,2104,2474,2155,2146,2142,2477,2156,0,-152,-22,0,5000,5000,5000,4900,-42.79,17.97,-206.51,1.0885329047577272,25.303175349045308,63.60428037289952,0.058934102094139726,0.6472806254222595,0.7599701070195629
,419,0,-0.31992187499999997,-0.012482853223593993,0.31992187499999997,0.012482853223593993,1916,2408,2703,1851,1942,2409,2702,1854,-82,-4,20,-12,4900,5000,5000,4900,-46.410000000000004,40.57,-223.76,16.757158895546127,1.6017605545267344,67.3677888821189,0.5184112383147976,0.026710550039820584,0.8547141829322177
,420,0,0.38007812500000004,0.45418381344307224,-0.38007812500000004,-0.45418381344307224,2373,2712,2246,1547,2374,2713,2273,1578,0,0,-102,-105,5000,4900,4900,5000,-40.49,66.17,-190.68,-17.945265270011106,-21.725930598217857,61.34671069661837,-0.429873028888148,-0.5700525233560443,0.7001780485347533
,421,0,-0.49492187499999996,-0.32359396433470505,0.49492187499999996,0.32359396433470505,1802,2205,2817,2054,1836,2229,2816,2054,-134,-70,21,0,5000,5000,4900,5000,-40.86,27.92,-229.87,23.733244334022743,13.7950010513662,61.81655315110289,0.6491026574621696,0.3226367520275607,0.6888913312828492
,422,0,0.205078125,0.14307270233196145,-0.205078125,-0.14307270233196145,2259,2509,2360,1750,2259,2509,2379,1758,0,0,-56,-21,5000,5000,5000,5000,-47.410000000000004,50.79,-196.31,-11.324187260355671,-6.740902176256235,68.25597615562775,-0.27538340793288923,-0.20575788999178135,0.9390567977185391
,423,0,-0.14492187499999998,0.6097393689986279,0.14492187499999998,-0.6097393689986279,2031,2813,2588,1446,2036,2813,2587,1494,-17,0,17,-210,4900,5000,4900,4900,-38.9,73.62,-212.71,3.539475976893641,-30.649142171958317,59.88599554169833,0.10276123710781826,-0.8025272713646249,0.5876989934176515
,424,0,0.5550781249999999,-0.5828532235939643,-0.5550781249999999,0.5828532235939643,2487,2036,2132,2223,2488,2078,2171,2224,0,-166,-149,0,4900,4900,5000,4800,-34.68,19.55,-180.63,-24.799614564104445,25.448890791656524,55.3686572853469,-0.6065339701553462,0.6170842552159962,0.5013218178097901
,425,0,-0.582421875,-0.11618655692729762,0.582421875,0.11618655692729762,1745,2340,2874,1919,1788,2343,2873,1919,-189,-16,23,0,4800,4900,4900,4900,-40.03,37.550000000000004,-235.20000000000002,28.405498453197367,3.825146880011367,61.0376120443595,0.7795796219336623,0.06994912595373146,0.6223847145006681
,426,0,0.11757812499999998,0.35048010973936883,-0.11757812499999998,-0.35048010973936883,2202,2644,2417,1615,2202,2645,2428,1639,0,0,-35,-71,5000,4900,5000,5000,-45.4,61.93,-203.77,-4.622959177991703,-18.36432825212306,66.31154604708797,-0.09864294913588487,-0.5148059372368141,0.8516128319673798
,427,0,-0.232421875,-0.42729766803840874,0.232421875,0.42729766803840874,1973,2137,2646,2122,1985,2170,2645,2124,-32,-120,16,-10,5000,5000,5000,5000,-43.21,20.79,-216.19,10.55413264328348,21.83800813850143,64.07992498076604,0.3063387588596933,0.5362307423739638,0.7865196474045454
,428,0,0.46757812499999996,0.03936899862825771,-0.46757812499999996,-0.03936899862825771,2430,2442,2189,1817,2431,2442,2227,1820,0,0,-164,-10,5000,5000,5100,4800,-42.81,44.37,-181.96,-25.18607713290905,0.6190419175825213,63.56789210169159,-0.658019087202577,-0.021462782090804537,0.7526953101102791
,429,0,-0.407421875,0.5060356652949243,0.407421875,-0.5060356652949243,1859,2746,2760,1513,1886,2747,2759,1545,-89,-3,19,-118,5000,5000,5000,4900,-39.21,67.14,-225.28,16.516287660225544,-25.030729183657854,60.242638259606565,0.4360403786478731,-0.6412868030591626,0.6313636229707716
,430,0,0.292578125,-0.2717421124828532,-0.292578125,0.2717421124828532,2316,2239,2303,2020,2316,2259,2323,2022,0,-62,-69,-12,5000,4900,5000,4900,-45.12,31.18,-190.8,-15.487792410414528,13.189412108317462,65.8888545549234,-0.37653262639879564,0.30188808984121035,0.8758348945259317
,431,0,-0.057421874999999956,0.19492455418381338,0.057421874999999956,-0.19492455418381338,2088,2543,2531,1716,2093,2543,2531,1730,-18,0,20,-38,5000,5000,5000,5000,-47.85,53.83,-209.58,1.7082586371744526,-10.667612620433388,68.77017360363786,0.06137088614691872,-0.30787669045631766,0.9494448682294333
,432,0,0.642578125,0.6615912208504799,-0.642578125,-0.6615912208504799,2544,2847,2075,1412,2544,2849,2121,1455,0,0,-203,-170,5100,4900,4900,4700,-30.0,73.60000000000001,-181.39000000000001,-27.6644799314098,-28.542471541659694,50.82907142099983,-0.6318945330818049,-0.6954761312757863,0.3420851500533059
,433,0,-0.6261718749999999,-0.6692729766803841,0.6261718749999999,0.6692729766803841,1717,1980,2902,2279,1758,2031,2902,2279,-168,-229,0,0,4900,5000,5100,5000,-31.01,13.3,-231.08,25.97420047139431,28.271903563987237,51.935844207386175,0.6777851877982161,0.6389098993667759,0.363870003837186
,434,0,0.07382812500000002,-0.20260631001371737,-0.07382812500000002,0.20260631001371737,2173,2284,2446,1975,2174,2292,2455,1976,0,-24,-35,0,5000,5000,5000,4900,-47.64,30.6,-203.25,-3.039345507852687,12.935690307651036,68.4697642708889,-0.05114962285743456,0.31368262521680657,0.948149211210258
,435,0,-0.27617187499999996,0.264060356652949,0.27617187499999996,-0.264060356652949,1945,2588,2674,1671,1962,2589,2673,1692,-51,0,19,-59,5000,5000,4900,4900,-45.56,54.980000000000004,-221.32,13.35487944700975,-12.6132567598452,66.54196970931326,0.37356598543344094,-0.34822508281995085,0.8597602841619174
,436,0,0.423828125,-0.5137174211248285,-0.423828125,0.5137174211248285,2401,2081,2218,2178,2402,2116,2247,2180,0,-134,-112,-10,5000,4900,5000,4800,-38.79,20.04,-186.49,-19.005937090042153,24.57656996070486,59.50920769494598,-0.4553916922705015,0.595584570112319,0.6617381857314362
,437,0,-0.451171875,-0.04705075445816187,0.451171875,0.04705075445816187,1831,2385,2788,1874,1866,2386,2787,1874,-132,-3,21,0,5000,5000,5000,5000,-43.65,38.94,-229.56,22.667162171564996,2.8290141061790663,64.63279162482537,0.6562887360120336,0.04220751423598576,0.7533283618222181
,438,0,0.24882812499999996,0.4196159122085046,-0.24882812499999996,-0.4196159122085046,2287,2690,2332,1569,2287,2691,2351,1599,0,0,-59,-100,5000,4900,5000,5000,-43.14,64.84,-197.3,-11.26351247622489,-20.83782819626782,64.02649683106651,-0.2649289388967787,-0.5723894716687844,0.7760044781170768
,439,0,-0.10117187500000002,-0.358161865569273,0.10117187500000002,0.358161865569273,2059,2183,2560,2076,2063,2213,2560,2076,-16,-102,19,0,4900,5000,5000,5000,-45.37,23.56,-210.17000000000002,4.350637478454672,19.486475819562003,66.216708426258,0.14241521912148106,0.4778416027456491,0.8668248427727773
,440,0,0.598828125,0.10850480109739369,-0.598828125,-0.10850480109739369,2515,2487,2104,1772,2515,2487,2151,1777,0,0,-208,-16,5000,5000,4800,5000,-38.78,47.35,-176.33,-30.98472324355157,-1.9860055445037048,59.51725869396284,-0.7824838752403906,-0.08463824928755982,0.6168916855869567
,441,0,-0.5386718749999999,0.5751714677640603,0.5386718749999999,-0.5751714677640603,1774,2791,2845,1468,1811,2791,2844,1505,-147,0,21,-139,5000,4900,4800,4900,-35.31,69.03,-230.13,21.24654525172855,-27.254640352971876,56.371787935836785,0.5506258738962111,-0.6766157572941701,0.4888785779488305
,442,0,0.16132812500000004,-0.6174211248285322,-0.16132812500000004,0.6174211248285322,2230,2014,2389,2245,2230,2063,2398,2245,0,-214,-31,0,5000,4800,4900,4900,-38.77,12.9,-199.84,-5.2047987657220744,30.79993289881577,59.53809875811924,-0.10406855056432646,0.7756256395939672,0.6225549003805928
,443,0,-0.18867187499999993,-0.1507544581618655,0.18867187499999993,0.1507544581618655,2002,2318,2617,1941,2016,2323,2616,1942,-44,-18,21,0,5000,5000,5000,4900,-47.52,33.1,-216.62,10.132000720840807,9.539403850388041,68.42310782338896,0.318061854906645,0.25261193806249743,0.9137964024888986
,444,0,0.5113281249999999,0.3159122085048012,-0.5113281249999999,-0.3159122085048012,2458,2622,2161,1637,2459,2623,2200,1657,0,0,-158,-56,5000,4900,4900,4800,-40.25,58.15,-182.51,-25.554445061915885,-13.173939379476309,61.04549799928322,-0.643637999535422,-0.36053041762764,0.6750910631309521
,445,0,-0.363671875,-0.4618655692729767,0.363671875,0.4618655692729767,1888,2115,2731,2144,1912,2148,2731,2145,-77,-120,0,-2,5000,5000,4900,4800,-41.0,19.59,-221.62,16.063321596341325,22.66276648990209,61.894150348902016,0.4430131965761661,0.5459953522100097,0.7110755114785174
,446,0,0.3363281250000001,0.004801097393689835,-0.3363281250000001,-0.004801097393689835,2344,2419,2275,1840,2344,2420,2303,1842,0,0,-108,-11,4900,4900,4900,5000,-45.79,42.910000000000004,-188.3,-18.776509102670616,1.656673717344276,66.57594095665866,-0.49591728700671545,0.00632995002169884,0.8683466912360643
,447,0,-0.013671875,0.4714677640603564,0.013671875,-0.4714677640603564,2116,2723,2503,1536,2118,2724,2503,1574,-13,0,18,-143,5000,5000,4900,4800,-42.92,68.01,-207.32,-1.4792068391734574,-24.676955436394607,63.86474011596666,-0.020995840502574293,-0.6799796663743354,0.7329303022791721
,448,0,0.686328125,-0.30631001371742106,-0.686328125,0.30631001371742106,2572,2216,2047,2043,2573,2236,2099,2044,0,-59,-245,-2,4900,4900,5000,4800,-35.300000000000004,34.86,-172.96,-33.48773017434738,10.692828164175836,55.98886924663139,-0.8251806596781359,0.24255360235868373,0.5101417733101076
,449,0,-0.6808593749999999,0.1603566529492455,0.6808593749999999,-0.1603566529492455,1681,2521,2938,1738,1735,2521,2937,1744,-254,0,22,-16,4800,4800,5000,4900,-37.08,47.14,-239.17000000000002,31.733806461947836,-6.019142678678691,58.13178533177782,0.8376752657424072,-0.16922485057494904,0.5192909580488321
,450,0,0.019140625000000022,0.6270233196159121,-0.019140625000000022,-0.6270233196159121,2137,2825,2482,1434,2138,2826,2484,1482,0,0,-21,-209,4900,5000,4800,4900,-38.18,74.92,-211.72,2.467534294298872,-31.881471844078405,59.164327606752984,0.07769034840935145,-0.8359898793196043,0.5432173887489496
,451,0,-0.33085937499999996,-0.5655692729766804,0.33085937499999996,0.5655692729766804,1909,2047,2710,2212,1927,2091,2710,2214,-48,-187,0,-9,4900,4900,5000,5000,-38.89,15.05,-219.42000000000002,14.184780382639502,27.334744739551073,59.761686482096664,0.4188647916241306,0.6613631589631527,0.6222146400591634
,452,0,0.369140625,-0.09890260631001369,-0.369140625,0.09890260631001369,2366,2352,2253,1907,2367,2355,2284,1907,0,-14,-124,0,5000,4900,5000,4900,-45.17,39.14,-186.54,-20.275193778587806,5.5349943258839644,65.93760444701235,-0.548122481150059,0.11570010209012047,0.828356947236056
,453,0,-0.505859375,0.36776406035665277,0.505859375,-0.36776406035665277,1795,2656,2824,1603,1832,2657,2823,1625,-147,0,21,-64,5000,4900,4800,5000,-40.1,59.0,-230.92000000000002,22.688129707115365,-17.287099380919045,61.140337110212094,0.6049636164833364,-0.4465662914058595,0.6592401460101012
,454,0,0.19414062499999996,-0.4100137174211248,-0.19414062499999996,0.4100137174211248,2252,2149,2367,2110,2252,2179,2382,2110,0,-105,-51,0,5000,4900,4900,4900,-43.910000000000004,22.37,-197.88,-7.823908397765649,21.498400718990013,64.69211310064901,-0.1791861916554248,0.5231329387413622,0.8332011984652035
,455,0,-0.15585937500000002,0.05665294924554165,0.15585937500000002,-0.05665294924554165,2023,2453,2596,1806,2035,2453,2595,1813,-33,-1,20,-18,5000,5000,5000,5000,-48.38,45.06,-215.85,8.552892100770663,-2.338934511976099,69.30944507026983,0.25012227149986527,-0.09310233154902044,0.9637275575388952
,456,0,0.544140625,0.5233196159122082,-0.544140625,-0.5233196159122082,2480,2757,2139,1502,2481,2757,2178,1535,0,0,-155,-113,5000,5000,4900,4900,-35.76,68.31,-183.67000000000002,-25.060711390771644,-23.40183030762637,56.58704824361205,-0.593099418881532,-0.6026632516767038,0.5338820884810154
,457,0,-0.5933593749999999,-0.25445816186556924,0.5933593749999999,0.25445816186556924,1738,2250,2881,2009,1781,2265,2880,2010,-181,-42,21,-1,5000,5000,5000,4800,-39.03,32.1,-234.73000000000002,28.309014749396624,9.29155494533314,60.021504885499766,0.765594625631478,0.20360274122660796,0.610254695163592
,458,0,0.10664062500000004,0.2122085048010972,-0.10664062500000004,-0.2122085048010972,2195,2554,2424,1705,2195,2554,2435,1720,0,0,-36,-38,5000,5000,5000,4900,-47.550000000000004,54.870000000000005,-202.81,-5.114943807826904,-11.249543554955878,68.43886591888952,-0.11325281006118583,-0.32084295806829116,0.9403369594306256
,459,0,-0.243359375,0.6788751714677637,0.243359375,-0.6788751714677637,1966,2859,2653,1400,1979,2860,2652,1450,-31,-1,19,-218,5000,4900,5100,4900,-35.99,76.4,-216.79,7.436681517983459,-33.70626660570362,57.003517585651444,0.19981219886833376,-0.8505178670474303,0.48651253120191196
,460,0,0.4566406249999999,-0.6519890260631,-0.4566406249999999,0.6519890260631,2423,1991,2196,2268,2424,2043,2226,2268,0,-232,-119,0,5000,5100,5000,4800,-34.97,15.19,-185.75,-19.39864880659809,29.454494046586245,55.673307002793216,-0.4667203323682499,0.7145820926899983,0.5210993803113309
,461,0,-0.418359375,-0.1853223593964335,0.418359375,0.1853223593964335,1852,2295,2767,1964,1885,2300,2766,1965,-121,-17,21,0,5000,5000,5000,5000,-43.9,32.87,-227.01,20.531220290531223,9.0578520194588,64.85467116632235,0.5843225449516823,0.21089289052199894,0.7836398102371175
,462,0,0.281640625,0.28134430727023296,-0.281640625,-0.28134430727023296,2309,2599,2310,1660,2309,2600,2332,1678,0,0,-76,-53,5000,5000,5000,4800,-45.07,57.58,-193.63,-14.444740430589917,-13.341371697029231,65.91972916160339,-0.3519790341906062,-0.3693781407298196,0.8600410156738045
,463,0,-0.068359375,-0.49643347050754455,0.068359375,0.49643347050754455,2080,2092,2539,2167,2083,2132,2540,2168,-14,-162,0,0,5000,4800,5000,5000,-42.32,17.14,-207.06,1.6955291464495588,26.092848143761575,63.13494846491008,0.08435592924024266,0.6671811103712492,0.7401036705528502
,464,0,0.631640625,-0.02976680384087793,-0.631640625,0.02976680384087793,2537,2397,2082,1862,2537,2398,2135,1862,0,-7,-247,0,5100,5000,5100,5000,-37.660000000000004,42.68,-174.19,-32.79941626742004,2.8144597311251687,58.374751640765965,-0.8257352435713669,0.057329999676202725,0.5611368626825912
,465,0,-0.637109375,0.4368998628257885,0.637109375,-0.4368998628257885,1710,2701,2909,1558,1757,2702,2908,1585,-210,0,21,-87,5000,5000,4800,4800,-35.92,61.06,-235.86,27.498067376384313,-19.68749259979012,56.99037180764082,0.710500107457961,-0.4956260775485983,0.49954418078486057
,466,0,0.06289062499999998,-0.340877914951989,-0.06289062499999998,0.340877914951989,2166,2194,2453,2065,2167,2222,2458,2065,0,-89,-25,0,5000,5000,4900,5000,-45.82,24.7,-204.37,-1.5151541082263407,18.741501937879434,66.64050434085985,-0.005437315870972461,0.45572964644984665,0.8901016374228378
,467,0,-0.287109375,0.12578875171467752,0.287109375,-0.12578875171467752,1938,2498,2681,1761,1959,2498,2680,1770,-66,0,21,-25,5000,4900,5000,5000,-46.65,47.800000000000004,-222.12,14.632081421131375,-5.500466346829178,67.61782641808409,0.4260929286661298,-0.16901410497424255,0.8887513985701944
,468,0,0.41289062499999996,0.5924554183813442,-0.41289062499999996,-0.5924554183813442,2394,2802,2225,1457,2395,2802,2252,1498,0,0,-100,-165,4900,5000,4900,4700,-36.74,72.25,-191.25,-17.76855542705721,-27.84122290128525,57.61498540133635,-0.4147209327080205,-0.7122595503042674,0.5662975198375426
,469,0,-0.46210937499999993,-0.6001371742112482,0.46210937499999993,0.6001371742112482,1824,2025,2795,2234,1851,2070,2795,2235,-94,-190,0,0,5000,5000,4900,4900,-36.13,14.52,-224.84,19.641457218071025,27.490133385946105,57.027562804894664,0.5404332789700755,0.647709578105352,0.5370327489196909
,470,0,0.23789062500000002,-0.13347050754458156,-0.23789062500000002,0.13347050754458156,2280,2329,2339,1930,2280,2334,2360,1931,0,-18,-70,0,5000,5000,5000,5000,-47.19,36.13,-193.65,-12.98820085652983,8.064419930288373,67.98561330091422,-0.33249451315913686,0.1804234106380579,0.9256861193799975
,471,0,-0.11210937499999996,0.3331961591220849,0.11210937499999996,-0.3331961591220849,2052,2633,2567,1626,2059,2634,2566,1651,-20,0,20,-77,5000,4900,5000,5000,-45.78,60.57,-212.26,3.937503841529434,-17.578891672321774,66.7306668775423,0.11949063975570655,-0.48869197153311983,0.8642350050592978
,472,0,0.587890625,-0.44458161865569273,-0.587890625,0.44458161865569273,2508,2126,2111,2133,2508,2155,2153,2134,0,-96,-178,0,5000,4900,5100,4800,-36.63,26.45,-177.77,-28.127902164554826,18.763073354613027,57.3217181771814,-0.6883376304809427,0.4463543714891928,0.5718033591335123
,473,0,-0.549609375,0.022085048010973884,0.549609375,-0.022085048010973884,1767,2430,2852,1829,1809,2431,2851,1830,-180,-5,23,0,5000,4900,5100,4900,-41.18,40.88,-234.07,27.047916558205713,0.582233324401983,62.19034057668436,0.7498802026881204,-0.01314876224506302,0.6614429617645402
,474,0,0.150390625,0.48875171467764034,-0.150390625,-0.48875171467764034,2223,2735,2396,1524,2223,2736,2408,1557,0,0,-37,-120,4900,5000,5000,5000,-42.06,68.83,-203.71,-5.13209804912367,-25.254092624367274,62.988727288133965,-0.10779308558227099,-0.6834885242001707,0.721958508494308
,475,0,-0.19960937499999998,-0.2890260631001371,0.19960937499999998,0.2890260631001371,1995,2228,2624,2031,2004,2253,2623,2032,-27,-81,22,0,5000,5000,5000,5000,-46.04,27.94,-216.39000000000001,10.257725870095157,14.698916179458976,66.92894393913463,0.29803432092076226,0.354532340929253,0.8862744285990226
,476,0,0.5003906249999999,0.17764060356652933,-0.5003906249999999,-0.17764060356652933,2451,2532,2168,1727,2452,2532,2207,1736,0,0,-159,-22,5000,5000,5000,5000,-41.58,51.21,-181.45000000000002,-26.15033314816094,-6.174481075464946,62.35263259031719,-0.6633111427093544,-0.19398361074774054,0.7227646136321828
,477,0,-0.37460937499999997,0.6443072702331958,0.37460937499999997,-0.6443072702331958,1881,2836,2738,1423,1903,2837,2737,1469,-67,0,20,-189,5000,5000,4800,4700,-36.08,73.83,-222.4,13.206754264366424,-31.520197291391668,57.11514847059063,0.34690927631031593,-0.7875367997175106,0.5093522779968253
,478,0,0.32539062500000004,-0.5482853223593964,-0.32539062500000004,0.5482853223593964,2337,2059,2282,2200,2337,2101,2303,2202,0,-173,-76,-11,4900,5000,4800,5000,-39.550000000000004,17.79,-191.26,-14.098762919963548,26.50193203326816,60.28742524425205,-0.33781244057522175,0.6516143982967284,0.679177024732878
,479,0,-0.024609375000000044,-0.08161865569272975,0.024609375000000044,0.08161865569272975,2109,2363,2510,1896,2115,2367,2512,1897,-19,-16,-8,-10,5000,5000,5000,4900,-48.89,37.11,-207.47,0.7258478677624396,6.1595220882010935,69.757344600787,0.03498622582338965,0.13970037808078617,0.9895755496002921
,480,0,0.6753906249999999,0.3850480109739367,-0.6753906249999999,-0.3850480109739367,2565,2667,2054,1592,2566,2668,2105,1614,0,0,-239,-67,5100,5100,5000,4800,-34.62,60.56,-175.89000000000001,-32.29464747300025,-15.14809663944392,55.38848690060847,-0.778745755707899,-0.39529740144380343,0.4871293589784025
,481,0,-0.658984375,-0.39272976680384086,0.658984375,0.39272976680384086,1695,2160,2924,2099,1745,2182,2923,2099,-228,-69,22,0,5100,5000,5000,4900,-35.79,25.21,-235.75,29.807072370719595,16.087793672077545,56.76926526759093,0.7827818404829969,0.3676147848538348,0.5021075185325563
,482,0,0.041015625,0.07393689986282559,-0.041015625,-0.07393689986282559,2152,2464,2467,1795,2153,2464,2473,1802,0,-1,-28,-16,5000,5000,5000,4900,-49.04,47.29,-204.77,-2.655349313449335,-3.8147500333936577,69.91952125182964,-0.04740437506379982,-0.1282231058297366,0.9906117606591327
,483,0,-0.308984375,0.5406035665294922,0.308984375,-0.5406035665294922,1924,2768,2695,1491,1944,2768,2694,1530,-59,0,20,-148,5000,5000,4900,5000,-39.69,69.49,-220.89000000000001,11.97550752944133,-27.077945230490684,60.70655879317384,0.3178461451895769,-0.7027335004079794,0.6365056601417421
,484,0,0.39101562499999987,-0.2371742112482853,-0.39101562499999987,0.2371742112482853,2380,2261,2239,1998,2381,2277,2267,2000,0,-45,-108,-10,4900,5000,4900,4900,-43.86,34.29,-185.74,-20.73989504111023,10.42413918528571,64.61136341296329,-0.5158193142996275,0.23150633486054473,0.8248243764068194
,485,0,-0.48398437499999997,0.22949245541838126,0.48398437499999997,-0.22949245541838126,1809,2566,2810,1693,1844,2567,2809,1706,-136,0,21,-30,5000,4900,4900,4900,-42.09,52.1,-230.76,22.98429461793748,-10.386357459835807,63.112074233715674,0.6315062657893098,-0.28302782368988527,0.7218691621659766
,486,0,0.21601562499999993,0.6961591220850478,-0.21601562499999993,-0.6961591220850478,2266,2870,2353,1389,2267,2871,2367,1438,0,0,-42,-215,5100,5000,5100,4900,-35.550000000000004,77.7,-202.84,-6.566945933757097,-34.063800473884356,56.49687399696046,-0.13441454187579088,-0.8693836030651355,0.4755048702734858
,487,0,-0.13398437500000004,-0.6961591220850479,0.13398437500000004,0.6961591220850479,2038,1962,2581,2297,2041,2019,2581,2297,-13,-268,9,0,4800,5000,5100,4900,-36.19,8.77,-208.97,4.195340044667972,34.29743112209128,56.99347766184907,0.1499572459308889,0.8468525226614406,0.5102485955441499
,488,0,0.5660156249999999,-0.2294924554183813,-0.5660156249999999,0.2294924554183813,2494,2266,2125,1993,2495,2272,2171,1994,0,-17,-206,0,4800,5000,5000,5000,-39.42,34.99,-177.54,-28.946888509566037,10.266035432237693,60.13209322553361,-0.7410310185183653,0.25355551166158263,0.6217576956497334
,489,0,-0.5714843749999999,0.2371742112482853,0.5714843749999999,-0.2371742112482853,1752,2571,2867,1688,1791,2572,2866,1701,-159,0,20,-31,5000,4800,5000,5000,-39.77,51.550000000000004,-234.74,27.003490984085943,-10.11264613808848,60.81067407670552,0.7301063886117569,-0.2697049571385059,0.6278565898381693
,490,0,0.12851562500000002,-0.5406035665294924,-0.12851562500000002,0.5406035665294924,2209,2064,2410,2195,2209,2104,2419,2197,0,-163,-33,-6,5000,4800,5000,4900,-40.94,15.6,-202.08,-3.1625288161437766,27.961232289101122,61.72611436625716,-0.05372560027221156,0.7043898934684588,0.7077771102931232
,491,0,-0.221484375,-0.07393689986282581,0.221484375,0.07393689986282581,1981,2368,2638,1891,1998,2370,2637,1891,-51,-16,22,0,5000,5000,5000,5000,-47.68,37.22,-218.77,11.998407181453445,5.284265822044404,68.60429083453319,0.35747990834963544,0.11875746723371365,0.9263394513365873
,492,0,0.478515625,0.39272976680384075,-0.478515625,-0.39272976680384075,2437,2672,2182,1587,2438,2673,2217,1611,0,0,-140,-73,5000,5000,5100,4900,-39.71,62.57,-184.93,-23.43551001886314,-17.748602315972292,60.52880340789172,-0.571354358405451,-0.46915143672655424,0.6733877980395137
,493,0,-0.396484375,-0.38504801097393687,0.396484375,0.38504801097393687,1867,2165,2752,2094,1893,2190,2752,2094,-84,-82,0,-1,5000,5000,5000,5000,-41.9,23.53,-224.34,18.506989211473552,18.550893525041744,62.817724551445906,0.508584013788586,0.4435111077064289,0.7379974242907009
,494,0,0.30351562499999996,0.08161865569272986,-0.30351562499999996,-0.08161865569272986,2323,2469,2296,1790,2323,2469,2322,1795,0,0,-92,-14,5000,5000,5000,5000,-46.33,46.85,-190.43,-16.91975158969774,-2.416439885581788,67.13656303585051,-0.43305245572177214,-0.09721578675624713,0.8961108532981318
,495,0,-0.04648437500000002,0.5482853223593964,0.04648437500000002,-0.5482853223593964,2095,2773,2524,1486,2097,2773,2524,1528,-13,0,18,-166,5000,5000,5000,4900,-40.72,71.59,-208.24,-0.7921589371572395,-28.31712210084106,61.67843002007725,-0.0037088985839384184,-0.7613479948787513,0.6483328425780999
,496,0,0.653515625,-0.6443072702331961,-0.653515625,0.6443072702331961,2551,1996,2068,2263,2551,2045,2115,2263,0,-208,-207,0,4900,4800,5100,5000,-30.970000000000002,18.56,-177.07,-28.26676399908021,26.666107438507172,51.63836796276388,-0.6814770881179918,0.6307452458229862,0.37114608073092104
,497,0,-0.615234375,-0.17764060356652944,0.615234375,0.17764060356652944,1724,2300,2895,1959,1771,2305,2894,1960,-211,-18,22,0,5000,5000,5000,4900,-38.87,34.74,-235.96,29.358901019970887,6.574169806516991,59.8743423012577,0.7965756452330645,0.14078669729598026,0.587916956113716
,498,0,0.08476562499999996,0.28902606310013723,-0.08476562499999996,-0.28902606310013723,2180,2604,2439,1655,2180,2605,2446,1675,0,-2,-29,-59,5000,5000,5000,4900,-46.61,58.800000000000004,-204.76,-3.429949222083337,-15.30477151968114,67.51858367950581,-0.06848770236713511,-0.4314175100098984,0.8995489795899552
,499,0,-0.26523437499999997,-0.48875171467764056,0.26523437499999997,0.48875171467764056,1952,2097,2667,2162,1967,2135,2667,2163,-42,-154,0,-3,4900,5000,5000,4900,-41.51,17.95,-216.77,11.332579760884727,24.62755795464154,62.375685587848764,0.33041086801146824,0.6030296320392189,0.7260743220790505
,500,0,0.43476562500000004,-0.022085048010973884,-0.43476562500000004,0.022085048010973884,2408,2402,2211,1857,2409,2403,2246,1857,0,0,-142,0,5000,5000,5000,5000,-43.67,41.86,-183.23,-23.7538368671446,3.040129589856903,64.42790506920078,-0.6293244455957643,0.04009366799319928,0.7761077502270121
,501,0,-0.44023437499999996,0.44458161865569257,0.44023437499999996,-0.44458161865569257,1838,2706,2781,1553,1868,2707,2780,1582,-107,0,23,-97,5000,4900,4900,4900,-40.06,63.63,-227.38,18.84412745678432,-21.667924192183236,61.094286350587,0.500576987807441,-0.5562202452782384,0.6633564034666778
,502,0,0.259765625,-0.333196159122085,-0.259765625,0.333196159122085,2294,2199,2325,2060,2294,2225,2343,2060,0,-81,-61,0,5000,5000,5000,4900,-44.71,27.310000000000002,-193.09,-12.940017515535345,16.89498132972389,65.48056564938139,-0.3060462014632223,0.4018933692348618,0.8630280657863817
,503,0,-0.09023437499999998,0.13347050754458156,0.09023437499999998,-0.13347050754458156,2066,2503,2553,1756,2074,2503,2553,1766,-23,0,21,-25,5000,5000,5000,4900,-48.39,50.2,-211.69,4.055667428913381,-7.18664177626475,69.31157359118373,0.1258667974178747,-0.213418585641653,0.9688188977360446
,504,0,0.6097656249999999,0.6001371742112482,-0.6097656249999999,-0.6001371742112482,2523,2807,2096,1452,2523,2807,2140,1492,0,0,-190,-154,4900,4800,5100,4900,-32.5,71.07000000000001,-181.74,-27.156708196722434,-26.03469887417043,53.32439587157663,-0.6315245027636208,-0.6486836907266795,0.42471905042554287
,505,0,-0.527734375,-0.5924554183813443,0.527734375,0.5924554183813443,1781,2030,2838,2229,1814,2072,2838,2230,-123,-171,18,0,5000,4700,5000,4800,-34.99,15.18,-227.69,22.44592326572169,26.636181983636632,55.903535585442995,0.6031191548249917,0.6210222880465223,0.500578268438264
,506,0,0.17226562499999998,-0.12578875171467763,-0.17226562499999998,0.12578875171467763,2237,2334,2382,1925,2237,2339,2398,1926,-2,-19,-56,8,5000,5000,5000,4800,-47.88,35.58,-197.1,-9.512333864427973,8.382477031535444,68.69150871353781,-0.24353086786198214,0.1937313677512555,0.9503477645302363
,507,0,-0.177734375,0.34087791495198894,0.177734375,-0.34087791495198894,2009,2638,2610,1621,2019,2639,2609,1646,-28,0,22,-76,5000,5000,5000,5000,-45.28,60.51,-215.58,7.256366740886875,-17.74435159166906,66.24716706331442,0.2075662210819323,-0.4843540984000185,0.8498925645214642
,508,0,0.522265625,-0.43689986282578874,-0.522265625,0.43689986282578874,2465,2131,2154,2128,2466,2160,2194,2129,0,-98,-164,0,5000,5000,5000,4800,-38.53,25.54,-180.96,-24.89300360493624,19.46130191402991,59.23538172853839,-0.610785893483658,0.465133640833011,0.6407739761310509
,509,0,-0.352734375,0.02976680384087793,0.352734375,-0.02976680384087793,1895,2435,2724,1824,1924,2436,2723,1827,-95,-1,8,-11,5000,5000,4900,5000,-45.980000000000004,42.38,-224.95000000000002,17.824425703952528,-0.2855917427735619,66.94833344282958,0.5188866421709575,-0.035496331072319136,0.8541057680738103
,510,0,0.3472656249999999,0.4964334705075444,-0.3472656249999999,-0.4964334705075444,2351,2740,2268,1519,2351,2741,2291,1552,0,0,-81,-120,4900,4900,5000,4900,-40.07,68.35000000000001,-193.1,-15.675819336699305,-24.065359124920747,60.94435597224788,-0.3707966164851238,-0.6367774083291945,0.6760357989372591
,511,0,-0.0027343749999999556,-0.2813443072702332,0.0027343749999999556,0.2813443072702332,2123,2233,2496,2026,2124,2259,2498,2027,-2,-85,-22,0,5000,5000,4900,4800,-46.85,27.59,-205.67000000000002,-0.41804027696653634,15.77336775549545,67.68430543140451,0.018108257196179197,0.3802537354539599,0.9247049192551248
,512,0,0.697265625,0.1853223593964335,-0.697265625,-0.1853223593964335,2580,2537,2039,1722,2581,2537,2095,1730,0,0,-274,-21,5000,4800,5100,4700,-35.32,50.71,-172.9,-34.61679079200542,-5.116920528673681,56.04860525417262,-0.8495515148630585,-0.15273872645402428,0.5049090066884173
,513,0,-0.6986328125,0.6519890260631,0.6986328125,-0.6519890260631,1670,2841,2949,1418,1722,2842,2948,1460,-241,0,20,-164,4900,4900,5100,4900,-30.1,70.54,-235.81,26.836863498297987,-29.15913609279704,51.19415933974567,0.659320566186257,-0.6897775231946427,0.2991711207641849
,514,0,0.0013671874999999778,-0.678875171467764,-0.0013671874999999778,0.678875171467764,2126,1973,2493,2286,2127,2031,2493,2286,0,-270,0,0,5000,4800,5100,4900,-36.83,9.35,-206.9,2.087864723388236,33.8601797345211,57.62455530704399,0.09320409775677178,0.8448460975933819,0.5268283093594914
,515,0,-0.3486328125,-0.21220850480109738,0.3486328125,0.21220850480109738,1898,2278,2721,1981,1925,2284,2720,1982,-88,-18,22,0,5000,5000,5000,5000,-44.7,30.42,-223.92000000000002,17.609683946367994,11.712934364484205,65.63297903013182,0.5252488759395417,0.3120409609408649,0.7916716851191218
,516,0,0.35136718749999996,0.25445816186556913,-0.35136718749999996,-0.25445816186556913,2354,2582,2265,1677,2354,2584,2291,1694,0,0,-96,-44,5000,4900,4900,5000,-44.28,55.84,-189.6,-18.344333366824486,-11.335823265665184,65.10514311880465,-0.45993578941374025,-0.315541415528601,0.8299955931826177
,517,0,-0.5236328124999999,-0.5233196159122084,0.5236328124999999,0.5233196159122084,1784,2075,2835,2184,1819,2109,2834,2185,-135,-130,20,0,5000,5000,5000,4900,-36.58,17.7,-228.23000000000002,22.80702816833579,24.09005747611497,57.50258318995814,0.6127537572463961,0.5669145377744911,0.550582182639758
,518,0,0.17636718750000002,-0.05665294924554187,-0.17636718750000002,0.05665294924554187,2240,2379,2379,1880,2240,2381,2396,1880,0,-15,-54,0,5000,4900,5000,5000,-48.08,39.45,-196.77,-10.103580839390219,4.544129227335908,68.89962682566315,-0.26438543515815954,0.08971177722302898,0.960235460032442
,519,0,-0.17363281249999996,0.4100137174211247,0.17363281249999996,-0.4100137174211247,2012,2683,2607,1576,2021,2684,2606,1607,-26,0,21,-110,5000,4800,5000,5000,-43.99,64.01,-215.04,6.487756254525635,-21.20364022773657,64.96332125768595,0.18454698155499502,-0.5753797414475869,0.7967939286482102
,520,0,0.5263671875,-0.36776406035665293,-0.5263671875,0.36776406035665293,2468,2176,2151,2083,2469,2200,2192,2083,0,-73,-172,0,5000,4900,5100,4900,-39.45,29.23,-180.20000000000002,-25.90460367393004,15.833599927409615,60.160878134086744,-0.6418190394153238,0.37287345250526194,0.670099775451982
,521,0,-0.6111328125,0.09890260631001391,0.6111328125,-0.09890260631001391,1727,2480,2892,1779,1773,2480,2891,1782,-205,0,21,-13,4800,5000,5100,4800,-39.27,44.300000000000004,-236.51,29.260876068520844,-2.999974954079626,60.30124183514552,0.7969912930918384,-0.0970218854900699,0.5961473244691717
,522,0,0.0888671875,0.5655692729766804,-0.0888671875,-0.5655692729766804,2183,2785,2436,1474,2183,2785,2442,1516,0,0,-27,-169,5000,5000,5000,4700,-40.15,72.46000000000001,-207.45000000000002,-1.6362791480376018,-29.133491269987715,61.10667618384168,-0.015547186483079366,-0.7740685046729483,0.6329109219043751
,523,0,-0.2611328125,-0.6270233196159122,0.2611328125,0.6270233196159122,1955,2007,2664,2252,1968,2056,2664,2252,-33,-212,0,0,5100,4800,4900,5000,-37.78,11.84,-215.24,10.236230119913557,30.816141667178645,58.62264027801532,0.3116051117930512,0.7539706847772151,0.5782996289130907
,524,0,0.43886718749999987,-0.1603566529492455,-0.43886718749999987,0.1603566529492455,2411,2311,2208,1948,2412,2316,2243,1949,0,-17,-141,0,4900,5000,5000,5000,-43.34,36.59,-183.23,-23.396774731761298,8.297167449247915,64.08459824374415,-0.6220333485378549,0.19515479135886116,0.7582803707840934
,525,0,-0.43613281249999997,0.3063100137174213,0.43613281249999997,-0.3063100137174213,1841,2616,2778,1643,1871,2617,2777,1662,-106,0,20,-53,5000,5000,5000,4900,-42.35,56.27,-228.29,20.237421123381637,-14.379532423551908,63.370220924683316,0.5510591334686904,-0.38002084511826567,0.742911831038068
,526,0,0.26386718749999993,-0.4714677640603566,-0.26386718749999993,0.4714677640603566,2297,2109,2322,2150,2297,2143,2341,2151,0,-130,-64,0,4900,5000,5000,4900,-41.94,20.03,-194.51,-11.01884035271243,24.054698877119883,62.69933877072555,-0.25770590509503505,0.5874356699183793,0.7671420990837967
,527,0,-0.08613281250000004,-0.004801097393689946,0.08613281250000004,0.004801097393689946,2069,2413,2550,1846,2077,2415,2551,1850,-26,-15,0,-12,5000,5000,5000,5000,-48.9,41.85,-211.88,4.805985888732522,1.1329595884592294,69.80142595765494,0.14554835708832903,0.0012085747944624076,0.989350400563852
,528,0,0.6138671874999999,0.4618655692729765,-0.6138671874999999,-0.4618655692729765,2525,2717,2094,1542,2525,2718,2140,1571,0,0,-207,-95,4900,5000,4700,5000,-35.230000000000004,64.87,-179.53,-28.9566416754071,-19.691997587818236,56.02761244899261,-0.6942403230667029,-0.5021495276635427,0.5156318703256426
,529,0,-0.6548828124999999,-0.31591220850480106,0.6548828124999999,0.31591220850480106,1698,2210,2921,2049,1747,2228,2920,2050,-225,-54,22,-10,4800,4900,5100,4900,-36.71,28.990000000000002,-236.47,30.266013792999644,12.270488817779878,57.70240856862839,0.803334840032468,0.27298215157432654,0.5292767515316172
,530,0,0.045117187500000044,0.1507544581618656,-0.045117187500000044,-0.1507544581618656,2154,2514,2465,1745,2155,2514,2471,1755,0,0,-27,-29,5000,5000,5000,5000,-48.47,51.69,-205.61,-2.1113034896296767,-8.262992417480092,69.3648557364049,-0.03516960469582457,-0.24515192836181612,0.9688465466347196
,531,0,-0.3048828125,0.6174211248285322,0.3048828125,-0.6174211248285322,1926,2818,2693,1441,1944,2819,2692,1488,-52,0,19,-204,4800,4800,5100,4600,-37.65,72.96000000000001,-220.02,10.883299562967949,-30.487191545536305,58.67099466465322,0.29416032256456814,-0.7790368778472908,0.553688764183142
,532,0,0.3951171874999999,-0.5751714677640604,-0.3951171874999999,0.5751714677640604,2383,2041,2236,2218,2384,2084,2259,2219,0,-174,-81,0,5000,5000,4900,4800,-37.82,17.42,-187.9,-17.41775615090401,27.092734646050307,58.53967348679304,-0.42153737331370805,0.6619937461221123,0.6197342357777178
,533,0,-0.4798828125,-0.10850480109739369,0.4798828125,0.10850480109739369,1812,2345,2807,1914,1849,2348,2806,1914,-147,-17,21,0,5000,4900,4900,4900,-42.89,37.07,-230.68,23.91440396437028,4.6170465123354205,63.87369477671272,0.6775263133499227,0.0887292396439415,0.7301268497669913
,534,0,0.22011718749999998,0.3581618655692731,-0.22011718749999998,-0.3581618655692731,2268,2649,2351,1610,2268,2650,2367,1634,0,0,-53,-69,5000,4900,5000,4900,-44.63,61.800000000000004,-198.23000000000002,-10.137788580755114,-17.863219590095298,65.51345659893269,-0.23962888501441998,-0.4993156954212088,0.8326234645821483
,535,0,-0.1298828125,-0.4196159122085048,0.1298828125,0.4196159122085048,2040,2142,2579,2117,2044,2175,2579,2118,-17,-126,0,0,5000,5000,5000,5000,-44.02,20.67,-211.05,5.4300794175689475,22.30668065620072,64.86384118240855,0.17203470918993585,0.5492110487400162,0.8177843742551123
,536,0,0.5701171875,0.04705075445816176,-0.5701171875,-0.04705075445816176,2497,2447,2122,1812,2497,2447,2169,1815,0,0,-213,-10,5000,4800,5000,5000,-40.0,44.58,-177.19,-29.945746443822912,0.7231677254330151,60.734553811461446,-0.7636226173132614,-0.014662999516018377,0.6454963166222072
,537,0,-0.5673828125,0.5137174211248283,0.5673828125,-0.5137174211248283,1755,2751,2864,1508,1791,2751,2863,1538,-141,0,22,-105,5000,5000,4800,5000,-35.99,65.72,-232.65,23.98075472239441,-24.120189086207958,57.05604945514305,0.6146594529919424,-0.6035595440370812,0.5078480418879225
,538,0,0.13261718749999996,-0.2640603566529492,-0.13261718749999996,0.2640603566529492,2211,2244,2408,2015,2211,2265,2419,2016,0,-63,-37,0,5000,4900,5000,4900,-46.86,29.32,-200.18,-6.0122118629787735,14.41757600440711,67.67115271555733,-0.13239230968513685,0.3381860455969217,0.9317201698470152
,539,0,-0.21738281249999997,0.20260631001371743,0.21738281249999997,-0.20260631001371743,1983,2548,2636,1711,1997,2548,2635,1726,-44,0,20,-37,5000,5000,5000,4900,-46.88,52.81,-218.47,10.651395036177973,-10.252234591463392,67.84217983110096,0.30453289363212926,-0.29352702862403746,0.9061465666012237
,540,0,0.48261718750000004,0.669272976680384,-0.48261718750000004,-0.669272976680384,2440,2852,2179,1407,2441,2853,2212,1451,0,-1,-132,-186,4900,4900,5100,5000,-33.36,75.05,-189.29,-19.8966018350672,-30.512320109191876,54.23228556374075,-0.4600651948303517,-0.7694226485111162,0.443090063603157
,541,0,-0.39238281249999996,-0.66159122085048,0.39238281249999996,0.66159122085048,1869,1985,2750,2274,1890,2038,2750,2274,-62,-238,0,0,4900,5100,5100,4800,-35.54,11.48,-220.71,15.728813452737455,30.80003247353786,56.409188488193514,0.4467754820160608,0.7303892211235976,0.5166461597029259
,542,0,0.3076171875,-0.19492455418381338,-0.3076171875,0.19492455418381338,2326,2289,2293,1970,2326,2295,2319,1971,0,-20,-94,0,5000,4900,5000,4800,-45.660000000000004,33.32,-190.12,-16.313190323177793,11.101693944296422,66.43084270352323,-0.4377545384659385,0.27602587448584276,0.8556755697498899
,543,0,-0.04238281249999998,0.2717421124828532,0.04238281249999998,-0.2717421124828532,2097,2593,2522,1666,2101,2594,2522,1688,-16,0,19,-65,5000,5000,5000,5000,-47.06,57.64,-208.84,0.7167803911636952,-14.421277496368518,67.98610033738125,0.03300200999316182,-0.41345515425695434,0.9099262073128616
,544,0,0.6576171874999999,-0.5060356652949245,-0.6576171874999999,0.5060356652949245,2554,2086,2065,2173,2554,2119,2114,2174,0,-121,-222,0,5000,5000,5000,4900,-33.57,24.490000000000002,-175.55,-30.195831801886413,20.859568920862984,54.24568609741697,-0.7316903859789038,0.49574590529995927,0.4678302859417784
,545,0,-0.6767578125,-0.039368998628257934,0.6767578125,0.039368998628257934,1684,2390,2935,1869,1737,2391,2934,1869,-251,0,20,0,5000,4900,5100,5000,-37.02,40.03,-239.32,32.36333092906011,1.0643549061157742,58.05457839220611,0.8579424617165919,-0.0018802182044878506,0.5137423451139468
,546,0,0.023242187499999956,0.42729766803840863,-0.023242187499999956,-0.42729766803840863,2140,2695,2479,1564,2141,2696,2482,1598,0,0,-22,-118,5000,5000,4900,5000,-43.92,65.79,-209.57,0.9105528411649004,-22.610895375401185,64.8703963666791,0.047657710328580724,-0.6328610037962112,0.7727973165845552
,547,0,-0.32675781249999997,-0.350480109739369,0.32675781249999997,0.350480109739369,1912,2188,2707,2071,1933,2215,2706,2072,-60,-84,21,-10,5000,5000,5000,4900,-43.52,25.07,-221.75,15.811216290203419,17.193700452594655,64.42860484527546,0.4557456816268669,0.4124405058767679,0.7887893906427613
,548,0,0.37324218750000004,0.11618655692729773,-0.37324218750000004,-0.11618655692729773,2368,2492,2251,1767,2369,2492,2281,1773,0,0,-117,-16,5000,5000,5000,4900,-44.93,48.64,-187.3,-20.15656025829537,-3.995278589683217,65.72541527982969,-0.5199250616471084,-0.14255618612174809,0.8422325475007905
,549,0,-0.5017578125,0.5828532235939643,0.5017578125,-0.5828532235939643,1798,2796,2821,1463,1832,2796,2820,1502,-132,-7,19,-150,5000,5000,5000,4900,-35.800000000000004,69.74,-228.91,19.979080236301684,-27.87934624770938,56.85745755579378,0.5147671598970648,-0.6901392376467193,0.5086478189788249
,550,0,0.1982421875,-0.6097393689986282,-0.1982421875,0.6097393689986282,2254,2019,2365,2240,2254,2067,2377,2240,0,-206,-36,0,5000,5000,5100,4900,-38.81,13.46,-198.4,-6.679468351643351,30.338434988809738,59.57229366152379,-0.1428273223491536,0.7583766522800832,0.6359757929882434
,551,0,-0.15175781249999998,-0.14307270233196157,0.15175781249999998,0.14307270233196157,2026,2323,2593,1936,2037,2328,2592,1937,-33,-18,21,0,5000,5000,5000,5000,-47.86,33.35,-214.95000000000002,8.447318072094049,9.403567179121787,68.75536190049084,0.2622630737165656,0.242838021120882,0.9339420622623402
,552,0,0.5482421874999999,0.3235939643347052,-0.5482421874999999,-0.3235939643347052,2482,2627,2137,1632,2483,2628,2178,1651,0,0,-168,-55,5000,5000,5000,4900,-39.1,58.39,-180.74,-27.331025453401224,-13.297314029913082,59.88724897242443,-0.6774756833833848,-0.3617465193338298,0.6404421552131573
,553,0,-0.5892578125,-0.4541838134430727,0.5892578125,0.4541838134430727,1741,2120,2878,2139,1782,2149,2877,2140,-172,-101,23,0,4900,5000,4900,4800,-36.56,21.57,-232.1,26.407229792497077,19.96784156149991,57.511760263597154,0.7044874928998888,0.45970750494304713,0.5407091475522376
,554,0,0.11074218749999998,0.012482853223593993,-0.11074218749999998,-0.012482853223593993,2197,2424,2422,1835,2198,2425,2434,1839,-6,0,-39,-13,5000,5000,5000,4900,-48.89,43.410000000000004,-200.37,-6.782841847260329,0.3526992511551086,69.73766459385806,-0.15854985771083618,-0.024184898221408395,0.9870547266073414
,555,0,-0.2392578125,0.47914951989026044,0.2392578125,-0.47914951989026044,1969,2728,2650,1531,1982,2729,2649,1565,-34,0,19,-126,5000,5000,4900,4900,-41.800000000000004,67.12,-217.95000000000002,9.191902546376127,-24.509051664649135,62.79580007785886,0.25699709363172263,-0.6516168019782439,0.7136862316484004
,556,0,0.46074218749999996,-0.2986282578875171,-0.46074218749999996,0.2986282578875171,2425,2221,2194,2038,2426,2242,2227,2039,0,-61,-134,0,5000,4900,5000,4900,-41.81,31.900000000000002,-182.75,-23.551937788777934,13.004468232893878,62.54036906450188,-0.5881566065055933,0.2989180305604726,0.7514784210006781
,557,0,-0.4142578125,0.16803840877914955,0.4142578125,-0.16803840877914955,1855,2526,2764,1733,1886,2527,2763,1742,-110,-2,20,-22,5000,5000,5000,4900,-44.17,49.42,-227.77,20.171858902370303,-7.504884741832967,65.1702822701414,0.5650371958995479,-0.21863139940610846,0.7955710392188137
,558,0,0.2857421875,0.6347050754458161,-0.2857421875,-0.6347050754458161,2311,2830,2308,1429,2311,2831,2327,1475,0,0,-63,-196,4900,5000,5000,5000,-37.21,74.64,-198.67000000000002,-10.529019831527165,-30.724818158763895,58.12821317932621,-0.2400572369889382,-0.7946741300274134,0.5575531813508111
,559,0,-0.06425781249999996,-0.5578875171467764,0.06425781249999996,0.5578875171467764,2083,2052,2536,2207,2085,2097,2537,2208,-14,-193,0,0,5000,5000,5000,5000,-40.67,14.34,-207.31,2.1417920554632417,28.864886617154138,61.47915496387498,0.09175377385838512,0.7415746399976846,0.6645662482364335
,560,0,0.6357421875,-0.09122085048010975,-0.6357421875,0.09122085048010975,2539,2357,2080,1902,2539,2358,2132,1902,0,0,-244,0,5000,5000,5000,5000,-37.53,42.52,-174.01,-32.967583949057456,2.9858620698423692,58.24344715061054,-0.8297235131159367,0.0693265409127897,0.5538526180380613
,561,0,-0.6330078124999999,0.3754458161865568,0.6330078124999999,-0.3754458161865568,1712,2661,2907,1598,1758,2662,2906,1618,-205,0,20,-56,4800,5000,5100,5000,-36.74,58.4,-236.14000000000001,27.95288480926402,-17.050097813305896,57.80504342429047,0.7309809683972053,-0.4329068198988598,0.5275021413474454
,562,0,0.06699218750000002,-0.40233196159122087,-0.06699218750000002,0.40233196159122087,2169,2154,2450,2105,2170,2185,2455,2105,0,-110,-28,-1,4900,5000,4900,4800,-44.59,21.64,-204.49,-1.183085505533569,21.782914892888662,65.40339574408766,-0.0027656607192270482,0.5412420882703805,0.8408622675596186
,563,0,-0.28300781249999996,0.06433470507544581,0.28300781249999996,-0.06433470507544581,1941,2458,2678,1801,1962,2459,2677,1808,-64,0,21,-17,5000,4900,5000,5000,-46.94,44.5,-221.96,14.69363548738886,-2.1963734071299967,67.89868393134876,0.43627940364270057,-0.08569550392065539,0.8957212527147914
,564,0,0.4169921875,0.5310013717421123,-0.4169921875,-0.5310013717421123,2397,2762,2222,1497,2398,2762,2251,1532,0,0,-110,-127,5000,4900,4900,5000,-38.17,69.65,-190.04,-18.80732144576635,-25.161465171397325,59.03232927897547,-0.4431443900367168,-0.6518492532974186,0.6153987329809705
,565,0,-0.4580078125,-0.24677640603566525,0.4580078125,0.24677640603566525,1826,2255,2793,2004,1858,2272,2792,2006,-116,-50,21,-11,5000,4900,5000,4900,-42.57,31.76,-228.94,22.538098906675202,10.031363713747815,63.53156376284124,0.6250232311421977,0.2296272962910331,0.7460678691182443
,566,0,0.24199218749999996,0.21989026063100137,-0.24199218749999996,-0.21989026063100137,2283,2559,2336,1700,2283,2559,2356,1714,0,0,-67,-33,5000,5000,5000,4900,-46.29,54.980000000000004,-195.34,-12.569176087286138,-10.859132954490462,67.14171493041047,-0.3074604849225619,-0.31190690573219426,0.8989895062611968
,567,0,-0.10800781250000002,0.6865569272976679,0.10800781250000002,-0.6865569272976679,2055,2864,2564,1395,2059,2865,2563,1447,-14,0,19,-234,4800,5100,5100,4700,-36.13,77.48,-210.72,1.3070528095663576,-34.37405517935453,57.11581325720676,0.04362743331498953,-0.8761845834591088,0.4799971070443389
,568,0,0.5919921875,-0.69039780521262,-0.5919921875,0.69039780521262,2511,1966,2108,2293,2511,2019,2146,2293,0,-238,-158,0,5000,5000,5000,4700,-31.11,15.65,-180.06,-25.08800191843642,29.368231613606085,51.786004601194946,-0.6099104161510585,0.70000675247689,0.3714832846269135
,569,0,-0.5455078124999999,-0.2237311385459534,0.5455078124999999,0.2237311385459534,1769,2270,2850,1989,1811,2276,2849,1990,-177,-22,22,0,4800,5000,5000,5000,-40.67,31.86,-232.24,25.83297940259328,9.703615740244551,61.64838990377164,0.7196780821306233,0.22457916120041696,0.6569837581366111
,570,0,0.15449218750000004,0.24293552812071328,-0.15449218750000004,-0.24293552812071328,2226,2574,2393,1685,2226,2575,2407,1702,-1,0,-45,-47,5000,5000,5000,4900,-46.99,55.95,-200.29,-7.69931690011785,-12.158737605702996,67.86896952661401,-0.18251022174565945,-0.3478523673724527,0.919613369559039
,571,0,-0.19550781249999993,-0.5348422496570644,0.19550781249999993,0.5348422496570644,1998,2067,2621,2192,2006,2107,2621,2193,-25,-163,0,0,5000,4800,5000,4900,-40.81,15.43,-212.92000000000002,7.664751880662976,27.399445927628275,61.65003022455328,0.23393784824261538,0.679134750397214,0.6957363537738482
,572,0,0.5044921874999999,-0.06817558299039783,-0.5044921874999999,0.06817558299039783,2454,2372,2165,1887,2455,2373,2207,1887,-1,0,-178,0,5000,5000,4800,4900,-41.81,41.31,-179.8,-27.129900559463977,3.8148707575534857,62.54934975500884,-0.7100965125690976,0.06918036827611765,0.7006975235309351
,573,0,-0.3705078125,0.39849108367626873,0.3705078125,-0.39849108367626873,1883,2676,2736,1583,1907,2677,2735,1608,-77,0,20,-81,5000,5000,5000,5000,-42.03,62.07,-224.35,15.91676943258065,-19.901514080511973,63.04512471280873,0.4308281916946922,-0.5218441039314925,0.736251180259169
,574,0,0.3294921875000001,-0.3792866941015089,-0.3294921875000001,0.3792866941015089,2340,2169,2279,2090,2340,2195,2302,2090,0,-85,-82,0,5000,5000,5000,5000,-42.980000000000004,25.62,-189.70000000000002,-16.199906504082094,18.8047966586213,63.72932917424158,-0.3928752432034646,0.4480753166009892,0.8030426849992105
,575,0,-0.0205078125,0.08737997256515784,0.0205078125,-0.08737997256515784,2112,2473,2507,1786,2116,2473,2509,1794,-16,0,-22,-21,5000,5000,5000,4900,-48.79,48.04,-207.71,0.22854013205946444,-4.762021647027524,69.68615853825604,0.02166376259643512,-0.15212037980086757,0.9881245222336125
,576,0,0.6794921875,0.5540466392318244,-0.6794921875,-0.5540466392318244,2568,2777,2051,1482,2569,2777,2101,1518,0,0,-234,-133,4900,4900,4800,4900,-31.69,68.26,-178.35,-30.34549677132236,-23.00480814576187,52.49031577925632,-0.7146691614818677,-0.5778315457078982,0.39415567281421304
,577,0,-0.6876953124999999,-0.6385459533607681,0.6876953124999999,0.6385459533607681,1677,2000,2942,2259,1728,2044,2941,2259,-234,-177,20,0,5000,5100,5100,4900,-30.29,14.47,-233.33,28.14361068536755,26.95077854558249,51.23009070278722,0.7229304065983647,0.6007403889914964,0.3412954911068543
,578,0,0.012304687500000022,-0.17187928669410157,-0.012304687500000022,0.17187928669410157,2133,2304,2486,1955,2134,2311,2491,1956,0,-23,-26,0,5000,5000,5000,4900,-48.1,31.71,-206.32,-0.053466392581384525,11.622502228026342,68.94795144817223,0.02850913773827493,0.2784366107582253,0.9600313968068401
,579,0,-0.33769531249999996,0.2947873799725652,0.33769531249999996,-0.2947873799725652,1905,2608,2714,1651,1928,2609,2713,1672,-68,0,20,-65,5000,5000,4900,4900,-44.300000000000004,56.300000000000004,-223.88,15.826071327715596,-14.106488958081172,65.29815770949784,0.4468441133016612,-0.38284552174556546,0.8085540457427801
,580,0,0.3623046875,-0.4829903978052126,-0.3623046875,0.4829903978052126,2361,2101,2258,2158,2361,2134,2284,2159,0,-123,-97,0,5000,4800,5000,4900,-40.47,20.5,-189.55,-15.992086157633707,23.916061062068145,61.20568361639093,-0.38064179040137763,0.5799022149989638,0.7202952508793383
,581,0,-0.5126953125,-0.016323731138546016,0.5126953125,0.016323731138546016,1791,2405,2828,1854,1832,2406,2827,1855,-175,0,21,0,5000,5000,4900,5000,-42.18,39.13,-232.23000000000002,25.32533669230881,2.4551863764862034,63.17668000623939,0.7149584390126605,0.02962685029826404,0.6985389611367314
,582,0,0.18730468749999996,0.45034293552812055,-0.18730468749999996,-0.45034293552812055,2247,2710,2372,1549,2247,2711,2386,1583,0,0,-44,-120,5000,5000,5000,5000,-42.97,66.61,-201.0,-7.690549490769797,-22.853797726092353,63.87951941992129,-0.17260870159881267,-0.6249447837685739,0.7613476560499957
,583,0,-0.16269531250000002,-0.3274348422496571,0.16269531250000002,0.3274348422496571,2019,2203,2600,2056,2026,2231,2600,2057,-23,-87,12,-10,5000,4900,5000,4900,-45.660000000000004,25.39,-213.88,7.927308042837012,17.41128359614772,66.52992545925835,0.23535596219180796,0.42002943058937786,0.8764604089743767
,584,0,0.5373046875,0.13923182441700954,-0.5373046875,-0.13923182441700954,2475,2507,2144,1752,2476,2507,2188,1758,0,0,-188,-17,5000,4900,4800,5000,-40.85,49.15,-179.53,-27.92346163914209,-3.9917849554896137,61.6078151614693,-0.7105383059417132,-0.13742007107536092,0.6901094404912328
,585,0,-0.6001953124999999,0.605898491083676,0.6001953124999999,-0.605898491083676,1734,2811,2885,1448,1776,2811,2884,1488,-178,0,20,-155,5100,4700,5000,5000,-33.43,69.62,-232.75,23.829834640205945,-28.025355867637174,54.50644251719866,0.6009672309346783,-0.6807036852104064,0.41890438083610126
,586,0,0.09980468750000004,-0.5866941015089163,-0.09980468750000004,0.5866941015089163,2190,2034,2429,2225,2190,2079,2435,2226,0,-187,-27,0,4900,4800,5000,4800,-39.77,13.540000000000001,-203.36,-1.7408566702309258,29.926869379590674,60.55734615226977,-0.01484484069480361,0.7590545190601151,0.6508577938376119
,587,0,-0.2501953125,-0.12002743484224965,0.2501953125,0.12002743484224965,1962,2338,2657,1921,1981,2342,2656,1922,-57,-18,19,0,5000,5000,5000,4900,-47.03,34.87,-219.87,13.257539869677913,7.55286670813328,67.95387950846225,0.40447383120383673,0.18814059606813305,0.8949882881817045
,588,0,0.4498046874999999,0.3466392318244169,-0.4498046874999999,-0.3466392318244169,2418,2642,2201,1617,2419,2643,2233,1638,0,0,-127,-60,5000,5000,4800,4900,-41.160000000000004,60.230000000000004,-185.72,-22.496488220826024,-15.463070299776902,61.976830156870115,-0.5572213443726749,-0.4170610640682132,0.7180281625492123
,589,0,-0.4251953125,-0.43113854595336076,0.4251953125,0.43113854595336076,1848,2135,2771,2124,1875,2164,2771,2126,-90,-102,0,-9,5000,4900,5000,4900,-40.53,21.580000000000002,-225.28,19.582986314739884,20.429138704105974,61.44753285643224,0.5348495140179557,0.48725856461223876,0.6903007232842636
,590,0,0.2748046875,0.03552812071330591,-0.2748046875,-0.03552812071330591,2304,2439,2315,1820,2304,2439,2338,1824,0,0,-79,-12,5000,5000,5000,5000,-46.99,44.47,-191.66,-15.535222127193151,-0.12292988870910904,67.79670700628563,-0.4004796525049452,-0.039794298635924014,0.9154411295793915
,591,0,-0.0751953125,0.5021947873799724,0.0751953125,-0.5021947873799724,2076,2743,2543,1516,2079,2744,2543,1554,-14,0,20,-146,4900,5000,4800,4800,-42.01,69.34,-209.64000000000001,0.7501689180615188,-26.16297929922706,62.96974469019871,0.0376478446159634,-0.7103642681946604,0.7028266118097956
,592,0,0.6248046875,-0.2755829903978052,-0.6248046875,0.2755829903978052,2532,2236,2087,2023,2532,2254,2134,2024,0,-53,-209,-3,5100,5000,4800,4800,-37.56,35.57,-175.3,-31.211896100947456,9.83310257673034,58.2623580160436,-0.7790361674229525,0.2204039668579922,0.5869622996753863
,593,0,-0.6439453125,0.19108367626886147,0.6439453125,-0.19108367626886147,1705,2541,2914,1718,1755,2541,2913,1726,-228,0,21,-18,4800,5000,5000,5000,-38.15,49.15,-237.58,30.006699646689725,-7.9142738812318925,59.19887472531439,0.8009818452062526,-0.21462800156628423,0.5588943590640812
,594,0,0.05605468749999998,0.657750342935528,-0.05605468749999998,-0.657750342935528,2162,2845,2457,1414,2163,2846,2460,1465,0,0,-21,-218,5000,5000,5000,4700,-37.22,76.28,-210.19,0.8539412103060329,-33.13793420909302,58.20010787837548,0.04339836276761914,-0.8576155917103719,0.5124569044947674
,595,0,-0.2939453125,-0.673113854595336,0.2939453125,0.673113854595336,1933,1977,2686,2282,1948,2032,2685,2282,-40,-253,20,0,5000,4900,5100,4800,-36.27,10.370000000000001,-216.31,11.41022946719906,32.20631444398005,57.11431498710045,0.34427051684311333,0.7797774118080273,0.522900563459775
,596,0,0.40605468749999996,-0.2064471879286694,-0.40605468749999996,0.2064471879286694,2390,2281,2229,1978,2391,2287,2260,1979,0,-19,-121,0,5000,5000,5000,5000,-43.72,33.82,-184.91,-21.535616610191738,10.94864059632836,64.46601743155081,-0.5753163484005318,0.26853955737879087,0.7725914867417839
,597,0,-0.46894531249999993,0.2602194787379971,0.46894531249999993,-0.2602194787379971,1819,2586,2800,1673,1852,2587,2799,1689,-125,0,20,-41,5000,5000,5000,5000,-42.21,53.42,-230.03,22.1663503370915,-11.653774351777813,63.23174701863954,0.6052306871299487,-0.31143574681130537,0.7326005671334792
,598,0,0.23105468750000002,-0.5175582990397805,-0.23105468750000002,0.5175582990397805,2276,2079,2343,2180,2276,2116,2359,2182,0,-143,-53,-11,5000,5000,5000,4900,-41.050000000000004,17.42,-196.91,-8.443986671575601,26.494351495757066,61.8147916430309,-0.19440985762684151,0.6526374337334667,0.7323040265813824
,599,0,-0.11894531249999996,-0.05089163237311389,0.11894531249999996,0.05089163237311389,2047,2383,2572,1876,2058,2385,2571,1877,-30,-17,18,-11,5000,5000,5000,4900,-48.58,38.7,-213.53,6.666226137710112,4.163588380600181,69.48174589832988,0.20009017761517006,0.08400693070481936,0.9761694301787396
,600,0,0.5810546875,0.41577503429355267,-0.5810546875,-0.41577503429355267,2504,2687,2115,1572,2504,2687,2158,1599,0,0,-181,-82,5000,5000,4700,4900,-36.97,62.54,-180.34,-27.999741286876713,-17.416962597736443,57.76576015282389,-0.6821688034096752,-0.4579721055207883,0.5700063808585543
,601,0,-0.5564453125,-0.36200274348422495,0.5564453125,0.36200274348422495,1762,2180,2857,2079,1803,2201,2856,2079,-173,-65,20,0,5000,4900,5000,5000,-38.89,25.73,-231.62,25.636474391992067,15.856359145219145,59.849825372443874,0.6964635242667352,0.36668204402420096,0.6168329092681368
,602,0,0.1435546875,0.10466392318244178,-0.1435546875,-0.10466392318244178,2219,2484,2400,1775,2219,2484,2414,1782,0,-2,-44,-18,5000,5000,5000,5000,-48.300000000000004,48.77,-199.28,-8.22903452865171,-4.92325571444745,69.15574885320167,-0.1957327804545681,-0.15823414699030108,0.967807126126779
,603,0,-0.20644531249999998,0.5713305898491083,0.20644531249999998,-0.5713305898491083,1990,2788,2629,1471,2000,2788,2628,1513,-26,0,21,-171,5000,5000,4900,5000,-39.62,71.76,-215.72,6.664566296911687,-28.99431424961824,60.61637560657764,0.1850490975127147,-0.7590910802241481,0.6241294444535253
,604,0,0.49355468749999987,-0.6212620027434842,-0.49355468749999987,0.6212620027434842,2447,2011,2172,2248,2448,2058,2206,2248,0,-197,-135,0,4900,4800,5100,5000,-35.09,16.89,-183.84,-21.419523374118455,27.887520538411284,55.7880240766191,-0.5204855381503398,0.6746068487817561,0.523450479179358
,605,0,-0.38144531249999997,-0.15459533607681752,0.38144531249999997,0.15459533607681752,1876,2315,2743,1944,1904,2319,2742,1945,-94,-17,13,0,5000,5000,5000,5000,-44.79,34.18,-225.63,19.061718249062267,7.846447911901073,65.74104797012018,0.5457284095739572,0.178749395867804,0.8186752448075943
,606,0,0.31855468750000004,0.31207133058984926,-0.31855468750000004,-0.31207133058984926,2333,2619,2286,1640,2334,2620,2310,1661,-5,0,-83,-59,4900,5000,5000,5000,-44.08,59.11,-192.16,-16.00979262103425,-14.771578382500778,64.92624011887676,-0.3913169373916714,-0.40612466798197305,0.8257928363499735
,607,0,-0.031445312500000044,-0.46570644718792864,0.031445312500000044,0.46570644718792864,2105,2112,2514,2147,2106,2151,2515,2148,0,-152,0,0,5000,5000,5000,4900,-43.27,18.66,-205.81,0.34127488355059654,24.663327539067566,64.08250650121987,0.04260433060020365,0.6377317898606104,0.769079342600808
,608,0,0.6685546874999999,0.0009602194787379226,-0.6685546874999999,-0.0009602194787379226,2561,2417,2058,1842,2562,2418,2114,1843,0,0,-267,0,5100,5000,5100,5000,-36.45,43.29,-172.74,-34.28139623202421,2.300177274163069,57.15904240785999,-0.8535532492048847,0.04716278542140932,0.5188665747984517
,609,0,-0.6658203125,0.4676268861454045,0.6658203125,-0.4676268861454045,1691,2721,2928,1538,1739,2722,2927,1565,-215,0,21,-85,5000,4900,5100,5000,-34.5,62.52,-236.75,28.294411954873,-21.20824152066841,55.57854390312869,0.7214884208635641,-0.5247782307795751,0.4517325171599451
,610,0,0.0341796875,-0.3101508916323731,-0.0341796875,0.3101508916323731,2147,2214,2472,2045,2148,2240,2476,2046,0,-86,-25,-1,5000,5000,5000,4900,-46.480000000000004,26.21,-205.87,-0.12362783182081216,17.135675316986237,67.31182802262872,0.023408987077561262,0.4165769835374861,0.9087990075428182
,611,0,-0.3158203125,0.1565157750342936,0.3158203125,-0.1565157750342936,1919,2518,2700,1741,1944,2518,2699,1751,-81,0,21,-26,5000,4900,5000,5000,-46.1,49.39,-223.1,15.50524797857372,-7.154501421453716,67.0767643746214,0.451456109997516,-0.21117005286226523,0.8669455516467338
,612,0,0.38417968749999987,0.6231824417009602,-0.38417968749999987,-0.6231824417009602,2375,2822,2244,1437,2376,2823,2269,1480,0,-1,-90,-174,5000,4900,5100,5000,-36.35,73.82000000000001,-193.3,-15.827262236317637,-29.547004825735684,57.239234454822,-0.3652328490310342,-0.7527011802754511,0.5477644559485553
,613,0,-0.49082031249999997,-0.5694101508916324,0.49082031249999997,0.5694101508916324,1805,2045,2814,2214,1837,2086,2814,2215,-123,-164,0,0,5000,5000,5000,4900,-36.42,16.04,-226.34,21.03409661228727,25.873271975919163,57.32891757662173,0.5756605244216344,0.6063669012905173,0.5485746454603473
,614,0,0.20917968749999993,-0.10274348422496571,-0.20917968749999993,0.10274348422496571,2261,2349,2358,1910,2261,2353,2378,1910,-2,-16,-63,0,5000,4900,5000,4900,-47.75,37.300000000000004,-195.21,-11.51339538027105,6.793485785921874,68.55638051079974,-0.30495528889848883,0.14976087820502024,0.9405179164333339
,615,0,-0.14082031250000004,0.36392318244170085,0.14082031250000004,-0.36392318244170085,2033,2653,2586,1606,2040,2654,2585,1633,-25,0,20,-83,5000,5000,4900,5000,-45.07,62.01,-213.65,5.2306225659366135,-19.111375726613772,66.03128387236679,0.1518164294820247,-0.5248066962377766,0.8375737002337879
,616,0,0.5591796874999999,-0.4138545953360768,-0.5591796874999999,0.4138545953360768,2490,2146,2129,2113,2491,2173,2170,2115,0,-88,-173,-1,5100,4800,5000,4800,-37.89,27.47,-178.89000000000001,-27.085353798119712,17.673470658394336,58.58988964352043,-0.6665465651071012,0.41741124393680423,0.6176435298609173
,617,0,-0.5783203124999999,0.05281207133058974,0.5783203124999999,-0.05281207133058974,1748,2450,2871,1809,1790,2450,2870,1811,-178,0,19,-12,4800,4900,5000,4800,-40.19,42.050000000000004,-235.4,28.30073725170442,-0.6776205650775609,61.20997917031182,0.7779405181388985,-0.04391764862457885,0.6268012367386259
,618,0,0.12167968750000002,0.5194787379972563,-0.12167968750000002,-0.5194787379972563,2204,2755,2415,1504,2204,2755,2425,1540,0,0,-34,-137,4900,5000,5000,5000,-41.4,70.25,-205.64000000000001,-3.299107998849564,-26.80289585037788,62.34200011018692,-0.060883316485295415,-0.7266411948014454,0.6843141060881902
,619,0,-0.2283203125,-0.25829903978052127,0.2283203125,0.25829903978052127,1976,2248,2643,2011,1988,2269,2642,2013,-32,-65,20,-1,5000,5000,4900,4800,-46.14,29.62,-218.11,11.859987439150643,12.907040236792447,67.04180877165905,0.3438997272510682,0.30502846238477416,0.888082549503041
,620,0,0.4716796875,0.2083676268861453,-0.4716796875,-0.2083676268861453,2432,2552,2187,1707,2433,2552,2224,1719,0,0,-152,-28,4900,5000,5000,4900,-42.2,53.050000000000004,-183.20000000000002,-24.53144478737255,-8.126528905962743,62.98604378594989,-0.6169303178465191,-0.2474741258017418,0.7470967407106363
,621,0,-0.4033203125,0.675034293552812,0.4033203125,-0.675034293552812,1862,2856,2757,1403,1887,2857,2756,1449,-81,0,19,-193,5000,4900,5100,4900,-34.75,74.91,-223.55,14.287700293676238,-32.67908945541268,55.79366270302062,0.3649022941509686,-0.8106092060930014,0.4579945749903974
,622,0,0.29667968749999996,-0.6558299039780521,-0.29667968749999996,0.6558299039780521,2318,1988,2301,2271,2318,2043,2318,2271,0,-246,-56,0,5000,4900,5000,4900,-36.84,12.85,-193.43,-11.587428266043219,31.276579297898117,57.57586817231337,-0.27125089723400936,0.7716919160617643,0.5752517165855899
,623,0,-0.05332031250000002,-0.1891632373113855,0.05332031250000002,0.1891632373113855,2090,2293,2529,1966,2096,2300,2531,1967,-18,-22,-21,0,5000,5000,5000,5000,-47.910000000000004,30.82,-208.9,2.5815772002473523,12.33593954736564,68.76864039088268,0.09273932287672712,0.31945977072592396,0.9430508326066555
,624,0,0.6466796875,0.27750342935528116,-0.6466796875,-0.27750342935528116,2547,2597,2072,1662,2547,2598,2121,1678,0,0,-221,-43,5000,4900,5000,5000,-36.54,55.43,-175.69,-32.1574414005494,-10.01082058551917,57.29449562027738,-0.7934154346973457,-0.27104524749728615,0.54500130439583
,625,0,-0.6220703125,-0.5002743484224965,0.6220703125,0.5002743484224965,1719,2090,2900,2169,1763,2120,2899,2170,-190,-111,22,0,5100,5000,5000,5000,-34.84,19.650000000000002,-232.72,27.163626880474993,21.836734866046406,55.790045635233966,0.717315549868495,0.5066341543039098,0.478309769510953
,626,0,0.07792968749999996,-0.033607681755829955,-0.07792968749999996,0.033607681755829955,2176,2394,2443,1865,2176,2396,2451,1866,0,-14,-33,-11,5000,5000,5000,5000,-49.06,40.45,-202.08,-4.877922072938588,3.191115685518568,69.9087575467623,-0.11210052447469204,0.05391571235386182,0.9922331219899254
,627,0,-0.27207031249999997,0.4330589849108366,0.27207031249999997,-0.4330589849108366,1948,2698,2671,1561,1963,2699,2670,1594,-41,0,19,-117,4900,5000,4900,5000,-42.68,64.28,-219.95000000000002,11.374634016029546,-21.80788911307107,63.67863879548339,0.3122745473610499,-0.5804026314826567,0.7520753901295132
,628,0,0.42792968750000004,-0.344718792866941,-0.42792968750000004,0.344718792866941,2404,2191,2215,2068,2405,2215,2245,2068,0,-67,-116,0,5000,4900,5000,4900,-41.92,28.79,-184.57,-21.526862253807167,15.984952900596753,62.651635516098864,-0.5298938683330356,0.37473104943666913,0.7607819194034144
,629,0,-0.44707031249999996,0.12194787379972571,0.44707031249999996,-0.12194787379972571,1834,2495,2785,1764,1868,2495,2784,1770,-128,0,20,-16,5000,5000,5000,5000,-43.72,46.44,-229.3,21.9015352301642,-4.636147280877786,64.72043209376932,0.6173863843676045,-0.14208894957725446,0.7737213857749631
,630,0,0.2529296875,0.5886145404663923,-0.2529296875,-0.5886145404663923,2290,2800,2329,1459,2291,2800,2345,1501,-1,0,-51,-169,5000,5000,4900,4900,-38.75,73.01,-199.44,-9.658277423653828,-29.14606088933347,59.667931706639386,-0.2170259288021036,-0.7574253233087448,0.6157975526406614
,631,0,-0.09707031249999998,-0.6039780521262003,0.09707031249999998,0.6039780521262003,2062,2022,2557,2237,2065,2072,2558,2238,-14,-219,0,0,4900,5000,5000,5000,-39.26,12.44,-208.1,3.064953224995577,30.703247180915465,60.06833821720842,0.11875922559703977,0.7775844921249493,0.6174614189909977
,632,0,0.6029296874999999,-0.13731138545953359,-0.6029296874999999,0.13731138545953359,2518,2326,2101,1933,2518,2329,2149,1934,0,-14,-217,0,4800,5000,5100,5000,-38.480000000000004,40.2,-175.39000000000001,-31.438846041446567,5.2102221419362635,59.194490093651474,-0.7982415273974005,0.1261208487455583,0.5889855647212114
,633,0,-0.5345703125,0.329355281207133,0.5345703125,-0.329355281207133,1777,2631,2842,1628,1816,2632,2841,1646,-154,0,21,-45,4900,4800,4900,4800,-39.980000000000004,57.02,-232.15,24.0494472109076,-15.394906660446878,61.02150377119897,0.6450509480129241,-0.4005029834953659,0.6507738736911147
,634,0,0.16542968749999998,-0.4484224965706447,-0.16542968749999998,0.4484224965706447,2233,2124,2386,2135,2233,2158,2398,2136,0,-122,-39,-10,5000,5000,4900,4800,-43.22,20.2,-199.54,-6.0180055749691235,23.549532546481046,64.00496448435936,-0.1325758015640196,0.5772554470006427,0.8057293625950006
,635,0,-0.1845703125,0.018244170096021972,0.1845703125,-0.018244170096021972,2005,2428,2614,1831,2018,2429,2613,1835,-39,-3,21,-11,5000,5000,5000,5000,-48.27,42.78,-217.18,10.034167734489984,-0.15414118669759347,69.20035509470881,0.29734627095173793,-0.028279794901016394,0.9543507994188783
,636,0,0.5154296875,0.4849108367626884,-0.5154296875,-0.4849108367626884,2461,2732,2158,1527,2462,2733,2197,1557,0,0,-160,-104,4900,5100,5000,4900,-37.35,66.78,-184.69,-23.94752795402448,-21.939561538020627,58.178271886469155,-0.573754349177933,-0.5682080488972446,0.5898691040966567
,637,0,-0.3595703125,-0.29286694101508914,0.3595703125,0.29286694101508914,1891,2225,2728,2034,1916,2246,2728,2035,-82,-64,0,0,4900,4900,5000,4900,-44.01,28.25,-223.6,17.440119232341573,13.897593276372099,64.93590425188634,0.48223304121643445,0.32722351785312603,0.8126352584788414
,638,0,0.3404296874999999,0.17379972565157742,-0.3404296874999999,-0.17379972565157742,2347,2529,2272,1730,2347,2529,2299,1740,0,0,-104,-25,5000,4900,5000,4900,-45.22,51.77,-189.36,-18.313799186206353,-7.2562334336870435,66.0336443124682,-0.45979661199497346,-0.22187493209321543,0.8598596339557836
,639,0,-0.009570312499999956,0.6404663923182441,0.009570312499999956,-0.6404663923182441,2119,2834,2500,1425,2120,2835,2500,1475,0,0,18,-220,5100,5000,5000,5000,-37.800000000000004,75.78,-207.6,-1.6992065977232187,-32.46275245163707,58.76585151709734,-0.02401659894809902,-0.8423373325564021,0.5384152868898986
,640,0,0.6904296875,-0.5521262002743484,-0.6904296875,0.5521262002743484,2575,2056,2044,2203,2576,2095,2094,2204,0,-157,-230,0,4800,4900,5000,5000,-31.98,23.3,-174.73,-30.926005830705236,22.097609274130974,52.648594374528585,-0.7538945462145467,0.5227615392789258,0.39794897441593
,641,0,-0.6931640625,-0.08545953360768177,0.6931640625,0.08545953360768177,1673,2360,2946,1899,1730,2362,2945,1899,-274,-16,21,0,4800,4900,4800,4800,-36.660000000000004,39.83,-239.71,32.76766772422363,1.2365689805919402,57.69603401750582,0.8654475384551333,0.004846736270464651,0.5009761145299001
,642,0,0.0068359375,0.3812071330589848,-0.0068359375,-0.3812071330589848,2129,2665,2490,1594,2130,2666,2493,1621,0,0,-22,-91,5000,5000,5000,4900,-44.85,63.78,-210.01,1.4806292844466213,-20.632493831561703,65.7975102648323,0.06034287978833784,-0.583056869309116,0.8101872771219645
,643,0,-0.3431640625,-0.39657064471879283,0.3431640625,0.39657064471879283,1901,2157,2718,2102,1922,2186,2718,2102,-60,-100,2,0,5000,5000,5000,4900,-42.47,23.01,-222.07,16.274506222227387,19.22442095153997,63.37502205590931,0.46170018272419305,0.4608458351861459,0.7579274750687107
,644,0,0.35683593749999987,0.07009602194787379,-0.35683593749999987,-0.07009602194787379,2358,2462,2261,1797,2358,2462,2290,1801,0,0,-112,-12,5000,5000,5000,5000,-45.44,46.19,-187.70000000000002,-19.594684525922617,-1.576383516478586,66.23122382680867,-0.508827217838242,-0.08239306046792794,0.8569167088893307
,645,0,-0.5181640624999999,0.5367626886145402,0.5181640624999999,-0.5367626886145402,1787,2766,2832,1493,1821,2766,2831,1528,-131,0,20,-124,5000,5000,5000,4900,-36.52,67.35,-230.18,21.403902759881305,-25.57838507196705,57.57777584934646,0.5543852839109912,-0.6359721091536806,0.5368392993825514
,646,0,0.18183593749999993,-0.24101508916323733,-0.18183593749999993,0.24101508916323733,2244,2259,2375,2000,2244,2277,2389,2001,0,-53,-44,0,5000,5000,5000,4900,-46.85,31.14,-196.88,-9.427370606284882,12.824243294121864,67.649206591639,-0.21888721820943396,0.29290292946535706,0.9307503744910057
,647,0,-0.16816406250000004,0.22565157750342935,0.16816406250000004,-0.22565157750342935,2015,2563,2604,1696,2025,2564,2603,1713,-30,0,20,-44,5000,5000,5000,5000,-47.06,54.57,-215.70000000000002,7.768152157078532,-11.82090314793156,68.01273615631456,0.22259536909344074,-0.33066079435432755,0.9171230782916326
,648,0,0.5318359374999999,0.6923182441700959,-0.5318359374999999,-0.6923182441700959,2472,2867,2147,1392,2473,2868,2185,1438,0,0,-150,-192,5100,5000,4800,4900,-31.84,75.64,-187.17000000000002,-22.044201319817432,-30.962350864662525,52.703171842583636,-0.502666172950705,-0.7676037899486281,0.3976319155042693
,649,0,-0.6056640624999999,-0.684636488340192,0.6056640624999999,0.684636488340192,1730,1970,2889,2289,1766,2022,2888,2289,-140,-233,21,0,5000,4800,4900,5000,-30.89,12.370000000000001,-230.22,25.179478494036545,29.257436193699125,51.80918555399939,0.6625369608053482,0.6580611484182847,0.3577712963741241
,650,0,0.09433593750000002,-0.21796982167352535,-0.09433593750000002,0.21796982167352535,2186,2274,2433,1985,2187,2282,2444,1986,0,-24,-39,0,5000,5000,5000,4900,-47.47,29.98,-202.21,-4.034323739932034,13.623925837860043,68.29298708727575,-0.084366010808209,0.3476756237974486,0.9338115638807243
,651,0,-0.2556640625,0.24869684499314115,0.2556640625,-0.24869684499314115,1958,2578,2661,1681,1975,2579,2660,1701,-50,0,19,-55,5000,4900,5000,4900,-46.01,54.44,-220.26,12.331555414716632,-12.001717834603241,66.98528457241315,0.347301078162544,-0.33381902200634866,0.8763257508791237
,652,0,0.4443359375,-0.5290809327846364,-0.4443359375,0.5290809327846364,2415,2071,2204,2188,2416,2106,2234,2189,0,-133,-114,0,5100,5000,4900,5000,-38.04,19.57,-185.61,-19.848597029702063,25.102699664661277,58.75362066441468,-0.47618206869021673,0.6080140449299059,0.6352712480711525
,653,0,-0.4306640625,-0.06241426611796974,0.4306640625,0.06241426611796974,1844,2375,2775,1884,1877,2377,2774,1884,-122,-6,22,0,5000,5000,5000,4900,-44.13,38.550000000000004,-228.68,21.813163475954212,3.2788420498970297,65.10738729373267,0.6318218843148933,0.05494854279278085,0.7731634782798057
,654,0,0.26933593749999996,0.4042524005486967,-0.26933593749999996,-0.4042524005486967,2301,2680,2318,1579,2301,2681,2338,1606,-12,0,-67,-91,5000,5000,5000,5000,-43.19,64.06,-196.06,-12.44830360854803,-19.97584114087256,64.06830937821967,-0.29640388796898487,-0.5465214554085819,0.7832362568056681
,655,0,-0.08066406250000002,-0.37352537722908097,0.08066406250000002,0.37352537722908097,2072,2172,2547,2087,2076,2203,2548,2088,-16,-105,0,-9,5000,5000,5000,5000,-45.17,22.77,-208.76,2.9981178667964343,20.36918992391599,66.00764740632722,0.10619742279049169,0.5010710619836867,0.8588654715583796
,656,0,0.6193359375,0.0931412894375857,-0.6193359375,-0.0931412894375857,2529,2477,2090,1782,2529,2477,2140,1786,0,0,-232,-15,5100,4900,4800,5000,-38.22,46.72,-175.31,-31.957188487876067,-1.2902563416206974,58.95056265968291,-0.80248588039744,-0.05998275517359665,0.5936484488689658
,657,0,-0.6494140625,0.5598079561042524,0.6494140625,-0.5598079561042524,1702,2781,2917,1478,1749,2781,2916,1513,-209,0,19,-125,5000,5000,4900,5000,-33.28,66.95,-235.06,26.315366154311477,-25.517655482700107,54.36128098036877,0.663655825125948,-0.6244508214786537,0.411852057577757
,658,0,0.050585937499999956,-0.6327846364883402,-0.050585937499999956,0.6327846364883402,2158,2003,2461,2256,2159,2054,2464,2256,0,-229,-20,0,4900,4800,5000,5000,-38.36,11.31,-205.62,0.671198380938165,31.995343593493768,59.15306524855157,0.04994824434334042,0.8086735577699605,0.5861333038231942
,659,0,-0.29941406249999997,-0.16611796982167348,0.29941406249999997,0.16611796982167348,1930,2308,2689,1951,1953,2313,2688,1952,-71,-18,20,0,5000,5000,5000,4900,-45.97,32.58,-221.91,15.452454598108915,9.697040855445813,66.89833862298543,0.4729893846353895,0.2505449166803639,0.844694197178994
,660,0,0.40058593750000004,0.3005486968449931,-0.40058593750000004,-0.3005486968449931,2386,2612,2233,1647,2387,2613,2261,1665,0,0,-110,-52,4900,5000,4900,4900,-42.84,58.03,-187.56,-20.520424397394436,-13.387371389791923,63.66047079572752,-0.5107069204040021,-0.36921215392725687,0.7764411290264415
,661,0,-0.47441406249999996,-0.4772290809327846,0.47441406249999996,0.4772290809327846,1816,2105,2803,2154,1848,2137,2802,2155,-118,-120,17,0,4900,4900,5000,4800,-38.65,19.53,-226.68,21.12713957047211,22.37467661050976,59.56940267522606,0.5738928219442438,0.5296953767183822,0.6245557115294391
,662,0,0.2255859375,-0.010562414266117925,-0.2255859375,0.010562414266117925,2272,2409,2347,1850,2272,2410,2366,1852,0,0,-64,-11,5000,5000,5000,4900,-47.61,42.21,-194.1,-12.951363388642392,1.9691395633054185,68.4232207149644,-0.33957783234563044,0.018906185928040484,0.9403879262905795
,663,0,-0.12441406249999998,0.4561042524005485,0.12441406249999998,-0.4561042524005485,2044,2713,2575,1546,2051,2714,2574,1582,-21,0,20,-132,5000,5000,5000,5000,-43.24,66.6,-212.07,3.353479944999407,-23.589586563578678,64.20498617474155,0.10277741024206201,-0.6401026339206535,0.7613838860862349
,664,0,0.5755859374999999,-0.32167352537722904,-0.5755859374999999,0.32167352537722904,2500,2206,2119,2053,2500,2228,2162,2053,0,-62,-185,-5,5000,5000,5000,4700,-38.6,32.38,-177.59,-28.716993590022497,12.864367251802548,59.30576394406957,-0.7154417960203703,0.29455399405036364,0.6335463527604941
,665,0,-0.5619140625,0.14499314128943752,0.5619140625,-0.14499314128943752,1759,2511,2860,1748,1802,2511,2859,1753,-178,0,21,-16,5000,4900,4900,5000,-40.69,47.19,-234.33,26.88407178885575,-5.73231040727385,61.71759079899003,0.7386260597701882,-0.16433465152089513,0.6537779945347445
,666,0,0.13808593749999998,0.611659807956104,-0.13808593749999998,-0.611659807956104,2215,2815,2404,1444,2215,2815,2414,1490,0,0,-32,-194,5000,5000,5100,5000,-38.800000000000004,74.13,-205.76,-3.428531582461744,-30.689571337315954,59.752443546749916,-0.06400308977189069,-0.8074286500076383,0.5864832304904329
,667,0,-0.2119140625,-0.5809327846364883,0.2119140625,0.5809327846364883,1987,2037,2632,2222,1996,2082,2632,2224,-25,-190,0,-11,5000,4800,4900,5000,-39.53,13.69,-213.4,8.267202402012884,29.09944873416456,60.36806149361872,0.26067068173396296,0.7223840645173385,0.6404779926084586
,668,0,0.48808593749999996,-0.11426611796982167,-0.48808593749999996,0.11426611796982167,2443,2342,2176,1917,2444,2345,2216,1917,0,-14,-170,0,5000,5000,5000,5000,-42.26,39.660000000000004,-180.75,-26.072954909476834,5.3983279699265765,62.99993731537513,-0.6863216961797369,0.11661608618074938,0.7178880259461443
,669,0,-0.3869140625,0.3524005486968449,0.3869140625,-0.3524005486968449,1873,2646,2746,1613,1899,2647,2745,1634,-86,0,20,-61,5000,5000,5000,5000,-42.6,59.480000000000004,-225.4,17.13631051560435,-17.386601441407308,63.61383726277496,0.46659899232779406,-0.4562295124749564,0.7577202731256112
,670,0,0.3130859374999999,-0.4253772290809328,-0.3130859374999999,0.4253772290809328,2329,2139,2290,2120,2329,2169,2312,2121,0,-105,-77,0,5000,5000,4900,4900,-42.44,23.12,-191.17000000000002,-14.562034570514214,21.19841784067357,63.19039210364672,-0.349653540918438,0.5112789310180504,0.7850708605089335
,671,0,-0.036914062499999956,0.04128943758573378,0.036914062499999956,-0.04128943758573378,2101,2443,2518,1816,2106,2443,2520,1822,-18,0,-21,-14,5000,5000,5000,4900,-48.93,45.15,-208.82,1.5302567398302926,-1.9530685672256283,69.82442085606169,0.054518997848583,-0.08041648029534225,0.995269244260313
,672,0,0.6630859375,0.5079561042524003,-0.6630859375,-0.5079561042524003,2557,2747,2062,1512,2557,2748,2111,1541,0,0,-230,-103,4800,4900,4800,4800,-33.15,66.49,-178.5,-30.08350542639576,-21.244787321453785,53.94657373483475,-0.7169763774443024,-0.5410649426328985,0.439537941525533
,673,0,-0.6712890625,-0.26982167352537717,0.6712890625,0.26982167352537717,1687,2240,2932,2019,1737,2256,2931,2020,-227,-46,22,-2,4800,4900,4800,4800,-36.72,31.95,-237.79,31.383288318853914,9.22824998738595,57.7265028152533,0.8281121842144619,0.19542393988966417,0.5253947982932026
,674,0,0.028710937499999978,0.19684499314128945,-0.028710937499999978,-0.19684499314128945,2144,2544,2475,1715,2145,2544,2480,1729,-1,-6,-25,-39,5000,5000,5000,5000,-48.0,54.050000000000004,-207.0,-0.8813994021511746,-10.712692291393182,68.90779287053857,-0.002775209675645389,-0.3116200813211707,0.9502027273843423
,675,0,-0.3212890625,0.663511659807956,0.3212890625,-0.663511659807956,1916,2849,2703,1410,1934,2850,2702,1460,-50,0,19,-215,4900,4800,5000,4700,-36.04,74.94,-220.52,11.256380253384293,-32.500996842939685,57.06852812129309,0.2942155923322134,-0.8177236436014836,0.49473753437931006
,676,0,0.37871093749999996,-0.667352537722908,-0.37871093749999996,0.667352537722908,2372,1981,2247,2278,2373,2036,2270,2278,0,-249,-81,0,5000,4900,4800,4700,-35.65,13.38,-189.62,-15.418706434358882,31.00132505299674,56.36812536125975,-0.3665224252031978,0.756142547130703,0.5421344484921233
,677,0,-0.49628906249999993,-0.20068587105624136,0.49628906249999993,0.20068587105624136,1801,2285,2818,1974,1839,2290,2817,1975,-156,-18,21,0,4900,4900,4900,4800,-42.02,32.55,-230.53,24.07383004993224,9.13436700916639,62.99153897859472,0.6733702856686913,0.2087892588601947,0.7092104791689666
,678,0,0.20371093750000002,0.2659807956104251,-0.20371093750000002,-0.2659807956104251,2258,2589,2361,1670,2258,2590,2378,1689,0,0,-53,-52,5000,5000,5000,4900,-46.300000000000004,56.89,-197.92000000000002,-10.123962108343989,-12.938738219351691,67.16947352452857,-0.2430908104841418,-0.3677208871521001,0.897601363083989
,679,0,-0.14628906249999996,-0.5117969821673525,0.14628906249999996,0.5117969821673525,2030,2082,2589,2177,2035,2123,2589,2178,-18,-169,0,0,5000,5000,5000,4900,-41.77,16.47,-210.8,5.474817410738183,26.507530199484364,62.60201412742386,0.17668778323761497,0.6628857865788527,0.7275739558328854
,680,0,0.5537109375,-0.0451303155006858,-0.5537109375,0.0451303155006858,2486,2387,2133,1872,2487,2388,2178,1872,0,0,-195,0,5000,5000,5000,4900,-40.28,42.03,-177.56,-29.40594568965426,3.2432004499020053,61.00996298597162,-0.7571824102052346,0.05733695835800085,0.6506821581095057
,681,0,-0.5837890625,0.42153635116598065,0.5837890625,-0.42153635116598065,1744,2691,2875,1568,1785,2692,2874,1594,-170,0,20,-83,5000,5000,5000,5000,-37.36,60.85,-233.92000000000002,25.569715762700866,-19.343025916150722,58.42009302447539,0.6683374964569639,-0.49090156547007746,0.5588744437247651
,682,0,0.1162109375,-0.356241426611797,-0.1162109375,0.356241426611797,2201,2184,2418,2075,2201,2212,2428,2076,0,-89,-29,-11,4900,4900,5000,4900,-45.4,24.3,-201.84,-4.01035295085839,19.310007116456596,66.20681712908322,-0.08079622418632551,0.46805867965410763,0.8799960468988971
,683,0,-0.23378906249999998,0.11042524005486976,0.23378906249999998,-0.11042524005486976,1973,2488,2646,1771,1989,2488,2645,1779,-48,0,19,-20,5000,5000,5000,4900,-47.45,47.44,-219.39000000000001,11.928748008964533,-4.9548951527610114,68.4032183806514,0.3474769595918553,-0.1537845051276867,0.9249919397137645
,684,0,0.46621093749999987,0.5770919067215363,-0.46621093749999987,-0.5770919067215363,2429,2792,2190,1467,2430,2792,2223,1506,0,0,-128,-150,4900,4800,5100,4800,-36.25,71.24,-188.47,-20.471698563838743,-26.647449507608215,57.108505128650684,-0.481249494335944,-0.682987850175716,0.5494784078685455
,685,0,-0.40878906249999997,-0.6155006858710562,0.40878906249999997,0.6155006858710562,1859,2015,2760,2244,1884,2063,2760,2244,-80,-207,0,0,5100,5100,5000,4900,-36.68,13.42,-221.82,16.69990938885084,28.792859325213094,57.55963563409292,0.46816878528927164,0.6841754283884887,0.5592154966291586
,686,0,0.29121093749999993,-0.14883401920438954,-0.29121093749999993,0.14883401920438954,2315,2319,2304,1940,2315,2324,2329,1941,0,-17,-89,0,5000,5000,5000,4800,-46.31,35.75,-190.91,-15.692045548599111,8.62581783652734,67.09093108244824,-0.4115536794537037,0.19717032228922807,0.8898019065704902
,687,0,-0.058789062500000044,0.31783264746227724,0.058789062500000044,-0.31783264746227724,2087,2623,2532,1636,2090,2623,2532,1661,-15,0,21,-77,4900,5000,5000,5000,-46.25,60.08,-209.43,1.1447623685689052,-16.89781642774453,67.18523433835566,0.04382080174346675,-0.47603517521990313,0.8783337914983776
,688,0,0.6412109374999999,-0.45994513031550066,-0.6412109374999999,0.45994513031550066,2543,2116,2076,2143,2543,2147,2123,2144,0,-106,-208,0,5000,5000,4800,5000,-34.980000000000004,26.69,-175.74,-30.161471668303932,18.65580338082806,55.66217359322299,-0.7370578373379922,0.4404385632405725,0.5126008353770225
,689,0,-0.6275390624999999,0.006721536351165902,0.6275390624999999,-0.006721536351165902,1716,2420,2903,1839,1763,2421,2902,1840,-211,0,22,0,5100,5000,5000,4800,-38.63,40.31,-237.49,30.51085508616964,0.9130068455518554,59.65608612433566,0.8224574379927707,-0.00386098214021248,0.568813550741613
,690,0,0.07246093750000004,0.47338820301783247,-0.07246093750000004,-0.47338820301783247,2172,2725,2447,1534,2173,2726,2453,1568,0,0,-27,-126,5000,4800,5000,4900,-42.71,68.09,-207.49,-1.3139774844879355,-24.768837690069716,63.655797751162886,-0.010195134344325564,-0.6823786125717761,0.7309278270392494
,691,0,-0.2775390625,-0.30438957475994505,0.2775390625,0.30438957475994505,1944,2218,2675,2041,1961,2243,2674,2042,-51,-79,19,0,5000,5000,5000,5000,-44.99,27.46,-219.98000000000002,13.87695749281113,14.932718058728305,65.89574543817608,0.3976754769383827,0.35583189274677895,0.8457173754547528
,692,0,0.4224609374999999,0.16227709190672157,-0.4224609374999999,-0.16227709190672157,2400,2522,2219,1737,2401,2522,2251,1745,0,0,-129,-20,4900,5000,4900,5000,-43.6,50.910000000000004,-185.11,-22.488235472992926,-6.116214155567157,64.39019132163632,-0.5696273098820479,-0.19730646917139186,0.7978689648430118
,693,0,-0.4525390625,0.6289437585733881,0.4525390625,-0.6289437585733881,1830,2826,2789,1433,1860,2827,2788,1476,-106,0,17,-175,5000,5000,5100,4600,-35.47,72.23,-226.28,17.188741542584125,-30.187249025419703,56.52056774742958,0.441812473753978,-0.7495263184479071,0.4929625097198748
,694,0,0.24746093749999998,-0.5636488340192043,-0.24746093749999998,0.5636488340192043,2286,2049,2333,2210,2286,2093,2347,2211,0,-189,-45,0,5000,5000,4900,4900,-39.82,16.11,-195.39000000000001,-9.86620348719157,27.900353731028687,60.573881878466864,-0.2284831195113888,0.6897375084385093,0.6870645046510419
,695,0,-0.1025390625,-0.09698216735253773,0.1025390625,0.09698216735253773,2058,2353,2561,1906,2067,2357,2561,1906,-26,-16,15,0,5000,5000,5000,4900,-48.43,35.99,-212.17000000000002,5.492856780089568,6.958694712226546,69.31808482935091,0.16851050125881684,0.16027772659510814,0.9725817504575158
,696,0,0.5974609375,0.36968449931412883,-0.5974609375,-0.36968449931412883,2514,2657,2105,1602,2514,2658,2148,1625,0,0,-186,-67,5000,5000,5100,4900,-37.13,60.230000000000004,-178.96,-29.221543081205766,-15.01870916532664,57.913004335421476,-0.7142532685166514,-0.4005624862154347,0.5739267924136225
,697,0,-0.5400390625,-0.40809327846364885,0.5400390625,0.40809327846364885,1773,2150,2846,2109,1812,2175,2845,2110,-159,-82,20,-10,5100,4900,5000,4900,-38.7,23.29,-230.06,24.245544295326823,18.39545449453442,59.64584431137116,0.6587972505831997,0.4320651265687866,0.6158781608622885
,698,0,0.15996093749999996,0.05857338820301772,-0.15996093749999996,-0.05857338820301772,2229,2454,2390,1805,2229,2454,2405,1811,0,0,-50,-16,5000,5000,5000,5000,-48.370000000000005,45.87,-197.89000000000001,-9.420582401742394,-1.9359307229460114,69.21145398118827,-0.2285179625931951,-0.08585720434670198,0.9697464004748989
,699,0,-0.19003906250000002,0.5252400548696843,0.19003906250000002,-0.5252400548696843,2001,2758,2618,1501,2009,2758,2617,1539,-24,0,19,-146,5000,5000,5100,5000,-41.050000000000004,69.71000000000001,-215.08,6.1573973245682225,-26.901741792632507,62.037966316225365,0.17280787889715257,-0.7125470126131249,0.6800104350722703
,700,0,0.5099609375,-0.25253772290809323,-0.5099609375,0.25253772290809323,2457,2251,2162,2008,2458,2268,2201,2010,0,-45,-158,-12,5000,5000,5100,5000,-41.160000000000004,35.02,-180.37,-26.13379695378731,10.050228089857029,61.886328982147035,-0.6578981455736946,0.22126456749069992,0.719869447347119
,701,0,-0.36503906249999996,0.21412894375857328,0.36503906249999996,-0.21412894375857328,1887,2556,2732,1703,1914,2556,2731,1715,-91,0,19,-29,4900,5000,5000,4900,-44.75,52.61,-225.02,17.210182468736434,-10.500497420409289,65.74454473836502,0.4802368070795103,-0.28625255465910615,0.8291152417349552
,702,0,0.3349609375,0.68079561042524,-0.3349609375,-0.68079561042524,2343,2860,2276,1399,2343,2861,2297,1446,0,0,-73,-218,4900,5000,5000,4900,-35.21,76.37,-196.93,-12.372064450570377,-32.339247430469484,56.123891683438856,-0.2849348581226879,-0.8240690254068418,0.48961450958036534
,703,0,-0.015039062499999978,-0.6500685871056241,0.015039062499999978,0.6500685871056241,2115,1992,2504,2267,2116,2046,2505,2267,0,-243,0,0,4900,5100,5000,4800,-37.87,10.65,-205.47,0.5684269352030924,32.662553471684944,58.66065382668399,0.05116867173527957,0.8246968349907052,0.5632556234864959
,704,0,0.6849609374999999,-0.18340192043895742,-0.6849609374999999,0.18340192043895742,2572,2296,2047,1963,2573,2300,2103,1964,0,-14,-279,0,5100,5000,4900,4800,-35.79,39.29,-172.32,-34.42744130191576,6.3174921902318175,56.486843253820105,-0.8525433140082749,0.15932530481781032,0.49778041844220733
,705,0,-0.6822265624999999,0.28326474622770914,0.6822265624999999,-0.28326474622770914,1680,2601,2939,1658,1733,2602,2938,1671,-249,0,21,-34,5000,5000,5100,5000,-36.480000000000004,53.18,-238.62,30.780559160428567,-12.009991882291402,57.54429456442975,0.8054062366517963,-0.30679018464421365,0.5071494617648333
,706,0,0.017773437500000044,-0.4945130315500686,-0.017773437500000044,0.4945130315500686,2137,2094,2482,2165,2138,2133,2484,2167,0,-156,-23,-9,4900,5000,5000,4800,-42.46,17.26,-207.0,1.6268959507835348,25.97756826494694,63.27494858631415,0.0740529655018006,0.6699686861354343,0.7386867522152738
,707,0,-0.3322265625,-0.027846364883401864,0.3322265625,0.027846364883401864,1908,2398,2711,1861,1934,2399,2710,1862,-83,0,20,-11,5000,5000,5000,5000,-46.14,39.800000000000004,-224.49,17.53872973750444,2.3200030338970663,67.09950776122412,0.5394093273530892,0.04935568972768908,0.8405959751604762
,708,0,0.3677734374999999,0.4388203017832646,-0.3677734374999999,-0.4388203017832646,2365,2702,2254,1557,2365,2703,2280,1586,0,0,-94,-94,4900,4900,5000,4900,-41.14,65.29,-191.31,-17.260490802124536,-20.888565498602404,61.99763589821736,-0.41656988939397793,-0.562036991115799,0.7145515711743886
,709,0,-0.5072265625,-0.338957475994513,0.5072265625,0.338957475994513,1794,2195,2825,2064,1829,2217,2824,2064,-138,-64,22,-10,5000,5000,5000,4800,-40.42,27.03,-230.12,24.04482944091629,14.66485413613902,61.375565246423704,0.6548015869687089,0.34005961532041235,0.6749772883078319
,710,0,0.19277343749999998,0.1277091906721537,-0.19277343749999998,-0.1277091906721537,2251,2499,2368,1760,2251,2499,2385,1768,0,0,-57,-21,5000,5000,5000,4900,-47.72,49.96,-196.84,-10.740913752861587,-5.947651097763604,68.56653169321453,-0.26091234896998844,-0.18760401872305374,0.946958012962519
,711,0,-0.1572265625,0.5943758573388203,0.1572265625,-0.5943758573388203,2023,2803,2596,1456,2029,2803,2595,1501,-20,-3,20,-189,4900,5000,5000,5000,-39.29,72.97,-213.17000000000002,4.040381994541406,-30.0305312576739,60.27665357401366,0.11729018253980263,-0.787912312479045,0.6045140204525481
,712,0,0.5427734375,-0.5982167352537723,-0.5427734375,0.5982167352537723,2479,2026,2140,2233,2480,2071,2177,2234,0,-183,-149,0,5100,5000,5100,4900,-34.69,18.740000000000002,-181.31,-24.06658401931884,26.211214284635382,55.38002005190477,-0.5869751656976459,0.6335741042902768,0.5040277861655985
,713,0,-0.5947265625,-0.1315500685871056,0.5947265625,0.1315500685871056,1737,2330,2882,1929,1781,2333,2881,1930,-196,-16,22,0,4800,5000,5000,5000,-39.660000000000004,36.9,-235.54,28.790351053605008,4.449677986833798,60.66768046613101,0.7869284950600648,0.08685902697362247,0.6109001989651812
,714,0,0.10527343749999996,0.33511659807956096,-0.10527343749999996,-0.33511659807956096,2194,2634,2425,1625,2194,2635,2435,1648,0,0,-34,-67,5000,5000,5000,4900,-45.7,61.22,-204.32,-4.027777281247836,-17.692180841032695,66.61250512662018,-0.08341532656595281,-0.49348120738004786,0.8657471809117401
,715,0,-0.24472656249999997,-0.4426611796982167,0.24472656249999997,0.4426611796982167,1965,2127,2654,2132,1977,2161,2654,2134,-32,-123,0,-11,5000,5000,5000,4900,-42.76,20.18,-216.53,10.936673710683124,22.422401800952137,63.63009570310595,0.320477699943787,0.5447093485891967,0.7749746895210666
,716,0,0.45527343750000004,0.02400548696844995,-0.45527343750000004,-0.02400548696844995,2422,2432,2197,1827,2423,2432,2233,1829,0,0,-151,-11,5000,5000,4900,4900,-43.18,43.7,-182.44,-24.66377124531718,1.2562012936746783,63.93860019338194,-0.647596104527845,-0.006328586551789969,0.7619575016971852
,717,0,-0.41972656249999996,0.4906721536351164,0.41972656249999996,-0.4906721536351164,1851,2736,2768,1523,1879,2737,2767,1554,-91,0,19,-109,5000,5000,4900,4800,-39.37,66.29,-225.9,17.19142888517564,-24.224021885414388,60.403596829846265,0.4578807551515187,-0.6178282419653137,0.6392444583192924
,718,0,0.2802734375,-0.2871056241426611,-0.2802734375,0.2871056241426611,2308,2229,2311,2030,2308,2251,2331,2031,-5,-66,-66,0,5000,4900,5000,4900,-45.160000000000004,30.22,-191.67000000000002,-14.555224063649916,14.088666053847511,65.93079045912717,-0.3522650156168229,0.32595148135460583,0.8773055286359578
,719,0,-0.06972656249999998,0.1795610425240054,0.06972656249999998,-0.1795610425240054,2080,2533,2539,1726,2086,2533,2539,1739,-19,0,20,-33,5000,5000,4900,5000,-48.01,52.910000000000004,-210.31,2.497869641803817,-9.798483137111106,68.93150680725127,0.08278111641769034,-0.2824230824692949,0.9557115094280189
,720,0,0.6302734374999999,0.6462277091906719,-0.6302734374999999,-0.6462277091906719,2536,2837,2083,1422,2536,2839,2127,1466,0,0,-182,-173,4900,5000,4800,4700,-30.87,72.78,-181.6,-27.403854018198928,-27.736016837226018,51.69803916669572,-0.6304789326255907,-0.6832375556480645,0.36835140568125097
,721,0,-0.6384765625,-0.5463648834019204,0.6384765625,0.5463648834019204,1709,2060,2910,2199,1753,2097,2909,2200,-189,-142,19,0,4900,4800,5000,4800,-33.65,18.36,-233.13,27.665449776790155,23.092741860072415,54.59886126172514,0.7226731834588555,0.5247785484689619,0.4498343528191825
,722,0,0.0615234375,-0.07969821673525379,-0.0615234375,0.07969821673525379,2165,2364,2454,1895,2166,2368,2462,1895,0,-16,-33,0,5000,5000,5000,5000,-48.86,37.42,-203.34,-3.4154629804653496,6.128661945594409,69.70742356364767,-0.0666701149254827,0.1265366202750158,0.9897189396516562
,723,0,-0.2884765625,0.3869684499314128,0.2884765625,-0.3869684499314128,1937,2668,2682,1591,1954,2669,2681,1618,-51,0,20,-89,5000,5000,5000,4900,-43.39,61.88,-221.0,12.580682972829067,-19.482142984499973,64.3878290797085,0.3460267644861927,-0.5201232758717892,0.7808567449638991
,724,0,0.41152343749999987,-0.3908093278463649,-0.41152343749999987,0.3908093278463649,2393,2161,2226,2098,2394,2186,2254,2099,0,-79,-110,-11,5000,4900,5000,4900,-41.53,26.14,-185.84,-20.079139532154727,18.54214832845082,62.26131453924329,-0.48964355076146854,0.4400804080308044,0.7527140410973755
,725,0,-0.46347656249999997,0.07585733882030177,0.46347656249999997,-0.07585733882030177,1823,2465,2796,1794,1859,2465,2795,1798,-139,0,20,-12,5000,4900,5000,5000,-43.480000000000004,43.83,-230.05,22.827025533403514,-2.083364154119792,64.47760292264346,0.6493670998124523,-0.07970636152542523,0.7562864970456256
,726,0,0.23652343749999993,0.5425240054869682,-0.23652343749999993,-0.5425240054869682,2279,2770,2340,1489,2279,2770,2356,1527,0,0,-52,-139,5000,4900,5000,4900,-40.19,70.96000000000001,-199.72,-9.247600703304755,-27.115502736388976,61.10413441478122,-0.21025929451892392,-0.7197113433308523,0.6616695635657608
,727,0,-0.11347656250000004,-0.2352537722908093,0.11347656250000004,0.2352537722908093,2051,2263,2568,1996,2057,2284,2568,1998,-18,-64,8,-12,5000,4900,5000,4900,-47.39,30.17,-212.21,5.930355820630581,12.759751272718134,68.26360041908056,0.18152309942239106,0.2985408130082397,0.9369753184286491
,728,0,0.5865234374999999,0.23141289437585733,-0.5865234374999999,-0.23141289437585733,2507,2567,2112,1692,2507,2568,2156,1704,0,0,-187,-29,4900,4900,5100,5000,-38.77,53.67,-177.9,-29.844560362847346,-8.39749813140746,59.5310939222747,-0.7431830279054674,-0.24612909495064306,0.6221731717552903
,729,0,-0.5509765624999999,0.6980795610425239,0.5509765624999999,-0.6980795610425239,1766,2871,2853,1388,1803,2872,2852,1433,-146,0,19,-184,4900,5000,5100,4900,-31.87,74.39,-229.42000000000002,20.19325228374902,-32.564368071329326,52.94182212252153,0.5035679216820412,-0.7854694155560067,0.359801536237598
,730,0,0.14902343750000002,-0.6993598536808413,-0.14902343750000002,0.6993598536808413,2222,1960,2397,2299,2222,2018,2405,2299,0,-270,-30,0,5100,4800,5000,5000,-36.24,9.52,-200.82,-3.9868335672684054,34.09890356667192,57.00451368791133,-0.06899023298493917,0.8500342696368358,0.5221897051796933
,731,0,-0.2009765625,-0.23269318701417463,0.2009765625,0.23269318701417463,1994,2264,2625,1995,2008,2271,2624,1996,-40,-20,21,0,5000,5000,5000,4900,-46.44,28.85,-216.41,10.214366933537065,13.79078613371891,67.33133656163744,0.31554405262258844,0.37038299133864727,0.8736408819312134
,732,0,0.4990234375,0.23397347965249193,-0.4990234375,-0.23397347965249193,2450,2569,2169,1690,2451,2570,2207,1705,0,-5,-153,-38,4900,5000,5100,4900,-41.300000000000004,54.03,-182.01,-25.780474607421468,-9.026615298807968,62.08256772426176,-0.6555508472112307,-0.25557375844849145,0.7105878838772505
,733,0,-0.3759765625,-0.5438042981252857,0.3759765625,0.5438042981252857,1880,2061,2739,2198,1904,2097,2739,2199,-73,-139,0,0,4900,4900,5000,4900,-38.77,15.55,-220.79,15.518498461965493,26.74315209450068,59.64981947533781,0.4289380801506364,0.6456489293199831,0.6317828610089433
,734,0,0.32402343749999996,-0.07713763145861907,-0.32402343749999996,0.07713763145861907,2336,2366,2283,1893,2336,2368,2311,1893,-3,-12,-102,0,5000,5000,5000,5000,-46.02,39.410000000000004,-188.8,-18.042685733892483,5.1156300024875065,66.79960293577724,-0.49041824096844233,0.10430080610863333,0.8652232606503986
,735,0,-0.025976562500000022,0.3895290352080474,0.025976562500000022,-0.3895290352080474,2108,2670,2511,1589,2110,2671,2511,1618,-14,0,20,-101,5000,5000,5000,5000,-44.82,63.99,-207.58,-0.9578279537279286,-20.678226502806623,65.75585908988074,-0.011035982777244196,-0.5848462561286542,0.8110690869318328
,736,0,0.6740234375,-0.38824874256973024,-0.6740234375,0.38824874256973024,2564,2163,2055,2096,2565,2186,2105,2096,0,-72,-233,0,5000,5100,5000,5000,-34.93,30.560000000000002,-173.91,-32.248077101139245,14.91789786728964,55.61277582483916,-0.79121498767946,0.3458283696284631,0.5043625501873732
,737,0,-0.6603515624999999,0.07841792409693649,0.6603515624999999,-0.07841792409693649,1695,2467,2924,1792,1747,2467,2923,1795,-240,0,22,-11,4800,4900,4900,5000,-37.85,42.94,-238.51,31.354892072016384,-1.782011322806511,58.88785527443376,0.8371777397885897,-0.0671966746366049,0.5427872869921064
,738,0,0.03964843750000002,0.545084590763603,-0.03964843750000002,-0.545084590763603,2151,2771,2468,1488,2152,2771,2471,1529,0,0,-22,-156,4900,4900,5000,4700,-40.72,71.45,-209.56,0.5342625871029725,-28.2664594442373,61.684693821244586,0.03870785389050763,-0.7617074098744966,0.6467638856564866
,739,0,-0.31035156249999996,-0.6475080018289895,0.31035156249999996,0.6475080018289895,1923,1994,2696,2265,1940,2046,2696,2265,-48,-231,8,0,4900,5000,5100,4900,-36.85,11.42,-217.26,12.284428822353789,31.09630092430754,57.70172070174007,0.36392948283090304,0.7520043569120765,0.549586006655634
,740,0,0.3896484375,-0.1808413351623228,-0.3896484375,0.1808413351623228,2379,2298,2240,1961,2380,2303,2271,1962,0,-17,-120,0,4900,5000,5000,5000,-44.29,34.910000000000004,-185.77,-20.753860967204048,9.804759130819427,65.04307315461581,-0.5583794642557252,0.2366077397649572,0.7951283867280851
,741,0,-0.4853515625,0.28582533150434386,0.4853515625,-0.28582533150434386,1809,2602,2810,1657,1843,2603,2809,1673,-131,0,21,-44,5000,5000,5000,5000,-41.62,54.44,-230.54,22.609233216919193,-12.707527892722055,62.64688957472433,0.6167744619718343,-0.33722387502609336,0.7112449094171011
,742,0,0.21464843749999996,-0.49195244627343393,-0.21464843749999996,0.49195244627343393,2265,2095,2354,2164,2265,2131,2370,2165,0,-140,-50,0,5000,4900,4900,4900,-41.81,18.490000000000002,-197.63,-7.801479499630744,25.380408816306385,62.581092002483814,-0.17826386934964322,0.6250619398984665,0.7599470798515242
,743,0,-0.13535156250000002,-0.025285779606767256,0.13535156250000002,0.025285779606767256,2037,2400,2582,1859,2049,2402,2581,1861,-33,-15,21,-12,5000,5000,5000,5000,-48.61,40.43,-214.48000000000002,7.497215972126213,2.3735535829315992,69.52087795977235,0.22718749855985476,0.039115705888421295,0.9730651581733704
,744,0,0.5646484375,0.4413808870598992,-0.5646484375,-0.4413808870598992,2493,2704,2126,1555,2494,2705,2168,1583,0,0,-177,-88,4900,4900,4800,4900,-36.980000000000004,64.15,-181.63,-26.821338982976215,-19.110257130686207,57.78629390173873,-0.6499587251120408,-0.49727333159632625,0.5746937352484542
,745,0,-0.5728515624999999,-0.3363968907178783,0.5728515624999999,0.3363968907178783,1752,2197,2867,2062,1790,2218,2866,2062,-155,-60,21,0,5000,5000,4800,5000,-38.75,27.76,-233.11,26.986814086935652,13.730106134507231,59.72242504788281,0.7273497408948837,0.3146476488960897,0.6098845886430551
,746,0,0.12714843750000004,0.1302697759487883,-0.12714843750000004,-0.1302697759487883,2208,2501,2411,1758,2208,2501,2423,1767,0,0,-39,-24,5000,5000,5000,4900,-48.25,50.31,-200.57,-7.045620755665624,-6.54688139291288,69.1161067274453,-0.16367355012536292,-0.19878086310971088,0.9662800512536303
,747,0,-0.2228515625,0.5969364426154549,0.2228515625,-0.5969364426154549,1980,2805,2639,1454,1991,2805,2638,1499,-28,0,19,-190,5000,5000,4900,5000,-38.89,72.68,-216.19,7.074962260918738,-29.945998507159203,59.89106723996697,0.19542644593806016,-0.7780739042108445,0.597000421954719
